time,S6,HB1,HB3
2021-08-03 16:00:00,10000.0,9985.022466300548,9985.02246630055
2021-08-03 20:00:00,10000.0,9940.665268019064,9901.901366017395
2021-08-04 00:00:00,10000.0,9984.09189570723,9917.477806478066
2021-08-04 04:00:00,10000.0,9924.225187537115,9814.580318598717
2021-08-04 08:00:00,10000.0,9879.557799057857,9798.924308321435
2021-08-04 12:00:00,10000.0,9982.540944718367,9939.786129480039
2021-08-04 16:00:00,9995.0,10301.106277830844,10378.411225268857
2021-08-04 20:00:00,10022.156667404619,10419.288743182211,10530.075169785592
2021-08-05 00:00:00,10060.825400339458,10410.293227446806,10525.807887202667
2021-08-05 04:00:00,10044.738026713894,10337.708721168014,10617.703294891664
2021-08-05 08:00:00,10000.75603276511,10172.68753595298,10451.150846886183
2021-08-05 12:00:00,9928.141465574496,9952.14230533665,10319.08076121666
2021-08-05 16:00:00,10095.361596930115,10161.520688833167,10568.924305860659
2021-08-05 20:00:00,10144.747611061914,10664.028809224807,10816.860761402768
2021-08-06 00:00:00,10195.373419102812,10704.043344737474,10915.059603829377
2021-08-06 04:00:00,10067.7474801448,10538.091588929125,10638.817414387398
2021-08-06 08:00:00,10120.83934164488,10689.154215244389,10809.05224907109
2021-08-06 12:00:00,10071.492148919362,10640.144163996314,10749.756409105576
2021-08-06 16:00:00,10365.618220954246,11127.142774499323,11323.913606970575
2021-08-06 20:00:00,10529.060064709418,11303.640997031944,11530.971175625491
2021-08-07 00:00:00,10473.613779598447,11278.205400814588,11416.569200751808
2021-08-07 04:00:00,10597.915212123044,11512.399000132915,11604.213695364891
2021-08-07 08:00:00,10564.292297426806,11400.110148539226,11565.741666089543
2021-08-07 12:00:00,10852.305829917193,11567.61285533644,11877.435733335711
2021-08-07 16:00:00,10640.756703971989,11427.71707614099,11638.77250469559
2021-08-07 20:00:00,10699.45007147127,11571.335137709711,11703.059492240882
2021-08-08 00:00:00,10909.669356036786,11730.772899364836,11932.741568679761
2021-08-08 04:00:00,10781.483853414516,11672.457142183584,11789.702293354367
2021-08-08 08:00:00,10857.464624400724,11808.320448807992,11871.290522301442
2021-08-08 12:00:00,10728.779179210893,11702.545591367529,11729.205562105766
2021-08-08 16:00:00,10539.519835995266,11571.645327907485,11527.434719546593
2021-08-08 20:00:00,10454.306257897968,11489.134735299967,11411.325277812863
2021-08-09 00:00:00,10533.074561443405,11562.960002369851,11526.007512412933
2021-08-09 04:00:00,10416.620802983765,11477.347507784609,11366.875325134752
2021-08-09 08:00:00,10441.96167951933,11557.686769007716,11438.650064710888
2021-08-09 12:00:00,10854.361152023053,12118.82083677838,12014.118815385023
2021-08-09 16:00:00,10903.31235855919,12124.714450536061,12136.478368251002
2021-08-09 20:00:00,10895.344340565905,12158.214991895504,12075.244533997567
2021-08-10 00:00:00,10933.377434834676,12228.317976592116,12047.452006786982
2021-08-10 04:00:00,10822.28247393234,12077.25535027685,12039.074855488845
2021-08-10 08:00:00,10883.699614677793,12156.043660511095,12135.342590963872
2021-08-10 12:00:00,10894.358048104035,12009.323696964648,12161.143519813038
2021-08-10 16:00:00,10814.715898551038,11959.383075123256,12065.456877953577
2021-08-10 20:00:00,10909.748248177722,12051.19937366395,12173.383486302555
2021-08-11 00:00:00,10921.347007393279,12066.708883552581,12187.968393145937
2021-08-11 04:00:00,11018.469693570067,12067.329263948126,12305.276741903137
2021-08-11 08:00:00,11243.994708258877,12281.05031021346,12556.68904091616
2021-08-11 12:00:00,11192.855509601723,12162.55765466432,12504.280319469217
2021-08-11 16:00:00,11241.912788017657,12279.809549422369,12552.842985331517
2021-08-11 20:00:00,11312.596441458765,12273.91593566469,12641.048533758123
2021-08-12 00:00:00,10992.079503003257,12036.620434368637,12274.721956480502
2021-08-12 04:00:00,11190.813754357667,12131.538634887058,12506.427183990694
2021-08-12 08:00:00,10934.854595743258,11967.758210463116,12211.855438682473
2021-08-12 12:00:00,10752.186969822353,11834.686615618664,12017.891409748081
2021-08-12 16:00:00,10685.78498271334,11686.10551088558,11809.073459561285
2021-08-12 20:00:00,10685.78498271334,11740.078605298015,11981.868290340339
2021-08-13 00:00:00,10685.78498271334,11742.249936682423,11971.68802854684
2021-08-13 04:00:00,10685.78498271334,11946.97546721235,12281.262818431533
2021-08-13 08:00:00,10680.442090221983,12199.780478397035,12582.723938777348
2021-08-13 12:00:00,10703.846048354091,12174.965262575224,12577.54782201087
2021-08-13 16:00:00,10687.85815925973,12194.817435232673,12555.787595888338
2021-08-13 20:00:00,10673.796521863484,12219.942841252254,12561.429482450596
2021-08-14 00:00:00,10752.80176043377,12560.221488208816,12905.573915557496
2021-08-14 04:00:00,10660.478723141801,12495.391736874339,12795.196725025846
2021-08-14 08:00:00,10726.719582679223,12530.443229222645,12874.043677341302
2021-08-14 12:00:00,10537.812643624864,12272.364984675827,12647.306644437107
2021-08-14 16:00:00,10606.782218004228,12361.389571436568,12730.30375756224
2021-08-14 20:00:00,10566.867957039263,12378.760222511833,12682.702004844814
2021-08-15 00:00:00,10606.341614650564,12384.033455873969,12729.115830357026
2021-08-15 04:00:00,10603.792304530194,12342.467969372437,12724.406981240103
2021-08-15 08:00:00,10342.63405951082,12046.546520697362,12422.680427440668
2021-08-15 12:00:00,10609.323607114973,12106.723419065249,12756.259175328549
2021-08-15 16:00:00,10769.780373568034,12167.520697828682,12963.165032124747
2021-08-15 20:00:00,11118.142993172303,12197.609147012627,13450.070526077674
2021-08-16 00:00:00,11158.97952917236,12358.287669458841,13680.593222220934
2021-08-16 04:00:00,11583.2364656824,12457.54853274608,14149.45849141672
2021-08-16 08:00:00,11840.968942890315,12457.85872294385,14472.019855333652
2021-08-16 12:00:00,11839.909504456351,12521.137523289466,14515.257799187428
2021-08-16 16:00:00,12279.961704890939,12212.808466703484,14838.961261239969
2021-08-16 20:00:00,11925.62770502251,12141.464721215782,14331.463304566445
2021-08-17 00:00:00,11853.971141852597,12097.727903329844,14193.553204572694
2021-08-17 04:00:00,12674.554365249993,12238.864443316384,15269.9895675859
2021-08-17 08:00:00,12855.91096262761,12119.7514073717,15412.97751855705
2021-08-17 12:00:00,12537.019994004513,12351.773675305616,15240.60869879758
2021-08-17 16:00:00,12525.84773415544,12110.755891636292,15032.453733362818
2021-08-17 20:00:00,12132.12188706054,12051.19937366395,14489.668713793362
2021-08-18 00:00:00,12054.590256211373,11841.820990167435,14186.630951472314
2021-08-18 04:00:00,12229.10866006068,11926.81310435713,14468.806495110242
2021-08-18 08:00:00,12333.896752438186,11897.03484537096,14552.937237774895
2021-08-18 12:00:00,12936.620908778666,11845.543272540704,15207.270072209336
2021-08-18 16:00:00,13166.904299288432,12152.941758533369,15733.86424105789
2021-08-18 20:00:00,12827.01718715587,11907.891502293001,15141.783421967139
2021-08-19 00:00:00,12764.22138179729,11858.261070649383,15037.260876690976
2021-08-19 04:00:00,12559.942389212094,11722.70795422275,14704.931153546204
2021-08-19 08:00:00,12673.302301646218,11865.705635395925,14907.898369960112
2021-08-19 12:00:00,12517.468539268637,11734.495181738108,14651.968215828816
2021-08-19 16:00:00,12844.257139854008,12147.358334973462,15296.960078293581
2021-08-19 20:00:00,12750.352369570855,12399.232775564828,15381.944688018128
2021-08-20 00:00:00,12777.862272257968,12407.607910904688,15472.350608090685
2021-08-20 04:00:00,12755.496694270416,12497.563068258747,15479.574241851646
2021-08-20 08:00:00,12646.160989109405,12420.94608940891,15353.886194280389
2021-08-20 12:00:00,12700.092772330707,12464.68290729485,15409.487135232663
2021-08-20 16:00:00,12993.94556513535,12918.180976438416,15823.952372360465
2021-08-20 20:00:00,13365.844818610007,12917.250405845098,16245.737044393933
2021-08-21 00:00:00,13492.379293634001,13087.234634224493,16397.7114551588
2021-08-21 04:00:00,13560.076655659403,13010.617655374655,16483.790225549732
2021-08-21 08:00:00,13542.325029266034,13039.46534376751,16470.217069976938
2021-08-21 12:00:00,13209.823376558314,12916.940215647324,16068.835138949951
2021-08-21 16:00:00,13255.263792768334,13103.054334310895,16118.9722063538
2021-08-21 20:00:00,12983.654114213336,13030.469828032103,15790.612458586093
2021-08-22 00:00:00,12961.008229363528,12966.880837488716,15832.224111594569
2021-08-22 04:00:00,12966.402073925234,12972.154070850851,15884.665417275417
2021-08-22 08:00:00,13035.808687786543,13086.614253828946,16100.76103885641
2021-08-22 12:00:00,13021.740100528512,13065.211130182635,16218.476007148085
2021-08-22 16:00:00,12904.451768389936,12897.39823318765,15816.74551384704
2021-08-22 20:00:00,12909.46446444055,12921.903258811688,15680.289434957209
2021-08-23 00:00:00,13007.726770328489,13072.655694929179,15786.475918508404
2021-08-23 04:00:00,13159.547169054938,13306.849294247504,16237.806669029564
2021-08-23 08:00:00,13133.664205965732,13270.867231305881,15966.704723050723
2021-08-23 12:00:00,13177.623466574398,13347.484210155717,15981.493922511057
2021-08-23 16:00:00,13075.043271704686,13103.054334310895,15787.228659874228
2021-08-23 20:00:00,13023.720831921006,13003.173090628114,15786.899863488165
2021-08-24 00:00:00,13054.151269417946,13080.100259675723,16108.17949020744
2021-08-24 04:00:00,13055.315660520859,13042.257055547463,16332.64071443796
2021-08-24 08:00:00,13076.901680197936,13160.43952089883,16333.018540849607
2021-08-24 12:00:00,13058.360991097708,13081.341020466813,16326.997352418024
2021-08-24 16:00:00,12965.120850866675,12748.506938256794,15476.12495171418
2021-08-24 20:00:00,12965.120850866675,12736.409520543662,15447.009179274297
2021-08-25 00:00:00,12965.120850866675,12595.272980557122,15253.967789401395
2021-08-25 04:00:00,12965.120850866675,12685.538328108953,15316.249421646156
2021-08-25 08:00:00,12965.120850866675,12732.377047972617,15391.598243650926
2021-08-25 12:00:00,12965.120850866675,12576.971758888536,14939.34115760367
2021-08-25 16:00:00,12965.120850866675,12889.02309784779,15482.279631464571
2021-08-25 20:00:00,12965.120850866675,12830.707340666537,15362.760338011507
2021-08-26 00:00:00,12965.120850866675,12912.287362680736,15554.579971374205
2021-08-26 04:00:00,12965.120850866675,12630.014282707654,15204.753802073326
2021-08-26 08:00:00,12965.120850866675,12366.35261460093,14795.857246954736
2021-08-26 12:00:00,12965.120850866675,12367.59337539202,14724.615451476278
2021-08-26 16:00:00,12965.120850866675,12351.153294910071,15452.372847543753
2021-08-26 20:00:00,12965.120850866675,12390.857640224966,15489.153994922188
2021-08-27 00:00:00,12965.120850866675,12367.59337539202,15489.573717306408
2021-08-27 04:00:00,12958.638290441242,12372.24622835861,16124.124479829276
2021-08-27 08:00:00,12972.711860625179,12524.859805662738,16237.009361953198
2021-08-27 12:00:00,13001.606270206361,12525.480186058283,16334.628874316924
2021-08-27 16:00:00,13003.100808632975,12690.811561471088,16491.526027897995
2021-08-27 20:00:00,13165.19595548603,12711.594304721853,16779.17125951835
2021-08-28 00:00:00,13274.008724417403,12901.430705758694,17102.30011113304
2021-08-28 04:00:00,13181.87476529102,12874.444158552476,16949.517889018483
2021-08-28 08:00:00,13175.248620113083,12872.893207563613,16959.953510070744
2021-08-28 12:00:00,13450.84746320614,12809.304217020226,17444.245833646073
2021-08-28 16:00:00,13606.331982188514,12838.772285808625,17713.08574778911
2021-08-28 20:00:00,13527.204838881162,12799.688320889276,17575.912095439693
2021-08-29 00:00:00,13679.124486941777,12858.314268268301,17850.63364008317
2021-08-29 04:00:00,13445.178814142273,12701.668218393128,17461.22548153385
2021-08-29 08:00:00,13479.802287692139,12776.42405605633,17592.36182030277
2021-08-29 12:00:00,13352.268341954506,12677.783573164637,17291.163962058163
2021-08-29 16:00:00,13369.268716557228,12759.053404981063,17357.761841438816
2021-08-29 20:00:00,13462.428278482763,12841.874187786352,17599.11822041039
2021-08-30 00:00:00,13465.479627770432,12829.466579875447,17600.03953902625
2021-08-30 04:00:00,13648.871947202719,12605.509257083617,17773.286266241237
2021-08-30 08:00:00,13792.036273985344,12609.851919852434,18062.061944378485
2021-08-30 12:00:00,13819.747507312124,12605.199066885845,18120.698867557556
2021-08-30 16:00:00,14076.994933992864,12639.319988640833,18641.8452093955
2021-08-30 20:00:00,14265.580836846986,12784.489001198417,19200.83071864527
2021-08-31 00:00:00,14143.239559373156,12359.838620447705,18983.732662571976
2021-08-31 04:00:00,14395.007011822983,12380.000983302925,19449.681770713025
2021-08-31 08:00:00,14634.098325393326,12534.475701793688,20105.235729137785
2021-08-31 12:00:00,14988.079581325761,12570.457764735313,20673.550379637185
2021-08-31 16:00:00,14521.61629518493,12462.201385712668,19830.427003965946
2021-08-31 20:00:00,14465.938219813357,12434.284267913134,19686.268060906477
2021-09-01 00:00:00,14131.932042193348,12376.278700929653,19059.645604007106
2021-09-01 04:00:00,14153.929314825818,12367.59337539202,19360.87636012336
2021-09-01 08:00:00,14262.712702141082,12398.30220497151,19375.865422835792
2021-09-01 12:00:00,14280.929193539845,12534.165511595915,20009.653054084945
2021-09-01 16:00:00,14340.390571124492,12441.418642461904,20097.52905129615
2021-09-01 20:00:00,14530.460754964432,12611.402870841297,20118.432890368484
2021-09-02 00:00:00,14689.769127857402,12786.03995218728,19931.990376293375
2021-09-02 04:00:00,14600.662786870274,13001.932329837022,20223.925525392428
2021-09-02 08:00:00,14570.375126247298,13060.558277216047,20234.82592105517
2021-09-02 12:00:00,14625.41717866066,13103.364524508668,20350.323812588496
2021-09-02 16:00:00,14564.534237343905,12960.987223731037,20919.362009762004
2021-09-02 20:00:00,14562.482149705389,12890.884239034425,21420.804663368508
2021-09-03 00:00:00,14600.35227438447,12876.615489936885,21529.810944709712
2021-09-03 04:00:00,14885.174307062454,12928.10706276714,22245.98561349218
2021-09-03 08:00:00,15166.85575069124,12879.097011519067,23115.30429704439
2021-09-03 12:00:00,15305.509873554696,13114.841561826255,22895.24345709396
2021-09-03 16:00:00,15365.918631777244,13198.28272502709,22975.816902946448
2021-09-03 20:00:00,15421.241270359656,13191.45854067609,23206.10627294903
2021-09-04 00:00:00,15480.076012466394,13055.595234051685,23481.495620094836
2021-09-04 04:00:00,15546.98807066835,13127.249169737159,23678.83863505289
2021-09-04 08:00:00,15461.49023759467,13114.22118143071,23446.97005271853
2021-09-04 12:00:00,15259.626732199304,13048.150669305141,22998.028838394624
2021-09-04 16:00:00,15324.208488633358,13032.33096921874,23099.560183104048
2021-09-04 20:00:00,15127.624246655869,13063.039798798229,22687.9858750372
2021-09-05 00:00:00,15158.663392884213,13041.636675151918,22719.81480447953
2021-09-05 04:00:00,15139.088725947953,12997.279476870433,22803.806842057755
2021-09-05 08:00:00,15147.623580043859,13035.432871196464,22724.995590522274
2021-09-05 12:00:00,15290.7695822639,13113.290610837392,22936.65530810495
2021-09-05 16:00:00,15119.906570011157,13108.637757870803,22507.14689295937
2021-09-05 20:00:00,15242.257723098133,13222.787750651125,22716.075570948975
2021-09-06 00:00:00,15509.256572293969,13498.546836470983,23220.30719727395
2021-09-06 04:00:00,15418.99489137749,13479.935424604626,23084.858492446696
2021-09-06 08:00:00,15681.05004824363,13546.316126927966,23658.590740794123
2021-09-06 12:00:00,15460.89873391973,13441.161649883048,23229.13393064824
2021-09-06 16:00:00,15819.746904092703,13492.653222713303,24141.587988401356
2021-09-06 20:00:00,16213.593100567323,13531.116807237107,25203.13138392044
2021-09-07 00:00:00,16352.689585381504,13767.481737939841,25448.24196845475
2021-09-07 04:00:00,16631.110404966585,13758.796412402207,26295.03869973346
2021-09-07 08:00:00,17038.87868114002,13676.906200190237,27612.763630171503
2021-09-07 12:00:00,16731.31181143066,13330.113559080452,26835.310167373147
2021-09-07 16:00:00,16430.27687222691,12360.45900084325,25313.407377826232
2021-09-07 20:00:00,16452.148631350035,12251.892431622833,25254.9220952819
2021-09-08 00:00:00,16435.84422909462,12302.143243661998,25249.567346502277
2021-09-08 04:00:00,16428.288530488448,12210.947325516849,25197.404993395503
2021-09-08 08:00:00,15706.408734619597,11821.038246916669,22795.769019646374
2021-09-08 12:00:00,15706.408734619597,12209.086184330212,24011.724236666465
2021-09-08 16:00:00,15706.408734619597,12107.033609263022,24501.1865052157
2021-09-08 20:00:00,15698.555530252288,12197.298956814853,27383.507219835352
2021-09-09 00:00:00,15605.768621000267,12094.626001352117,26982.53165491084
2021-09-09 04:00:00,16138.022295647992,12080.047062056805,28823.576843697017
2021-09-09 08:00:00,16048.095256886616,12154.802899720005,28573.441112102082
2021-09-09 12:00:00,16017.589971653075,12146.427764380143,28430.520498875874
2021-09-09 16:00:00,15873.325393569452,12339.366067394712,28043.34175776814
2021-09-09 20:00:00,15444.662583360627,12222.734553032207,26400.93213514791
2021-09-10 00:00:00,15516.15934562674,12171.242980201954,26587.030030996808
2021-09-10 04:00:00,15678.854200205626,12249.10071984288,27239.45270269498
2021-09-10 08:00:00,15357.277651702045,12093.075050363253,25959.743222836438
2021-09-10 12:00:00,15417.652695393428,12147.358334973462,26186.941796580162
2021-09-10 16:00:00,15294.411184168228,11921.850061192768,25574.600663576697
2021-09-10 20:00:00,15294.411184168228,11986.990002725019,25759.49515103164
2021-09-11 00:00:00,15294.411184168228,11785.67656437059,25390.48949759058
2021-09-11 04:00:00,15294.411184168228,11877.803053109057,25708.794779472246
2021-09-11 08:00:00,15294.411184168228,11834.996805816436,25382.970301393987
2021-09-11 12:00:00,15294.411184168228,11983.888100747292,25753.518936260174
2021-09-11 16:00:00,15294.411184168228,11993.814187076016,26470.039114145482
2021-09-11 20:00:00,15294.411184168228,11919.67872980836,25794.607158834122
2021-09-12 00:00:00,15294.411184168228,11873.150200142469,25430.882516768383
2021-09-12 04:00:00,15294.411184168228,11914.715686643998,25561.516680613324
2021-09-12 08:00:00,15294.411184168228,11926.192723961585,25459.188264233773
2021-09-12 12:00:00,15294.411184168228,12120.371787767244,25796.599089455904
2021-09-12 16:00:00,15294.411184168228,12054.301275641677,25711.590060003116
2021-09-12 20:00:00,15294.411184168228,12044.685379510725,25528.814213336587
2021-09-13 00:00:00,15294.411184168228,12087.181436605575,25234.47157875585
2021-09-13 04:00:00,15294.411184168228,11728.60156798043,23056.260045105337
2021-09-13 08:00:00,15294.411184168228,11709.369775718527,22852.740576182474
2021-09-13 12:00:00,15294.411184168228,11825.691099883257,23697.44236541306
2021-09-13 16:00:00,15294.411184168228,11667.494099019223,23177.746442998265
2021-09-13 20:00:00,15294.411184168228,11762.412299537644,23988.7868964549
2021-09-14 00:00:00,15294.411184168228,11811.73254098349,24457.837021003885
2021-09-14 04:00:00,15294.411184168228,11874.080770735785,24442.563735574935
2021-09-14 08:00:00,15294.411184168228,12006.842175382466,24293.943890079085
2021-09-14 12:00:00,15294.411184168228,12078.185920870168,24283.247578575778
2021-09-14 16:00:00,15286.763978576144,12271.434414082509,23846.54760771092
2021-09-14 20:00:00,15262.150238308572,12212.188086307939,23300.47813758342
2021-09-15 00:00:00,15335.733723611102,12389.306689236104,23906.64710975233
2021-09-15 04:00:00,15325.16656810356,12363.871093018748,23673.222347447732
2021-09-15 08:00:00,15337.924475362666,12394.579922598237,24160.77007099059
2021-09-15 12:00:00,15378.388948891552,12491.97964469884,23801.126653173575
2021-09-15 16:00:00,15456.353959701377,12698.25612621763,24398.930162491248
2021-09-15 20:00:00,15474.39469719722,12624.430859147747,24385.830954290945
2021-09-16 00:00:00,15595.593027457262,12635.597706267561,24207.5751394419
2021-09-16 04:00:00,15443.878514968621,12504.077062411972,23725.624894599772
2021-09-16 08:00:00,15688.744303727486,12737.960471532526,24508.929125993847
2021-09-16 12:00:00,15626.958893210101,12625.671619938837,24248.919266615037
2021-09-16 16:00:00,15634.729730668203,12661.963873078234,23927.020632547203
2021-09-16 20:00:00,15489.052429328336,12506.868774191926,23570.1185432689
2021-09-17 00:00:00,15536.920176229858,12594.03221976603,23599.600829637246
2021-09-17 04:00:00,15543.731021031776,12639.319988640833,23264.017128804386
2021-09-17 08:00:00,15448.260392230268,12573.249476515266,22680.13892252942
2021-09-17 12:00:00,15287.463697944671,12469.645950459211,22070.343419589815
2021-09-17 16:00:00,15325.608551971902,12561.462248999906,22758.621796719075
2021-09-17 20:00:00,15330.763261975582,12573.869856910811,22728.42314520146
2021-09-18 00:00:00,15308.598008959758,12520.517142893921,22985.8041616407
2021-09-18 04:00:00,15375.093768007227,12680.57528494459,22868.13172614439
2021-09-18 08:00:00,15454.991773064265,12872.893207563613,24219.678140535638
2021-09-18 12:00:00,15421.615025790437,12792.553946340506,24434.01731568965
2021-09-18 16:00:00,15423.306860361381,12815.197830777906,24729.35016174885
2021-09-18 20:00:00,15364.653550486766,12766.187779529833,24546.155918832657
2021-09-19 00:00:00,15577.414593885553,12794.41508752714,25165.582794229653
2021-09-19 04:00:00,15377.875713451787,12667.237106440369,24671.392020690582
2021-09-19 08:00:00,15293.191028520847,12763.39606774988,24481.26558614934
2021-09-19 12:00:00,15107.252915955078,12539.748935155823,23683.38204987016
2021-09-19 16:00:00,15227.652446269942,12620.708576774476,24127.05793427873
2021-09-19 20:00:00,15063.80599064268,12538.508174364732,23559.248202449788
2021-09-20 00:00:00,15010.202794247089,12505.317823203062,23395.207540011896
2021-09-20 04:00:00,15010.202794247089,12076.324779683533,22322.91317939121
2021-09-20 08:00:00,15010.202794247089,11869.427917769197,21585.782457639114
2021-09-20 12:00:00,15010.202794247089,11599.252255509247,21221.251550393383
2021-09-20 16:00:00,15010.202794247089,11602.664347684746,21870.75718432508
2021-09-20 20:00:00,15010.202794247089,11605.4560594647,21363.132349761447
2021-09-21 00:00:00,15010.202794247089,11388.012730826094,20590.138624859937
2021-09-21 04:00:00,15010.202794247089,11281.307302792315,20920.05810585034
2021-09-21 08:00:00,15010.202794247089,11468.351992049204,21807.768894037723
2021-09-21 12:00:00,15010.202794247089,11446.948868402893,21705.16101311305
2021-09-21 16:00:00,15010.202794247089,11411.587185856813,21239.498737125847
2021-09-21 20:00:00,15010.202794247089,11116.596307775055,19819.585345642736
2021-09-22 00:00:00,15010.202794247089,10785.623366751672,19307.348354632813
2021-09-22 04:00:00,15010.202794247089,11138.309621619139,20008.295030168978
2021-09-22 08:00:00,15010.202794247089,11259.59398894823,20531.781918086
2021-09-22 12:00:00,15010.202794247089,11098.915466502016,20024.486113886196
2021-09-22 16:00:00,15010.202794247089,11429.578217327626,21503.54962554051
2021-09-22 20:00:00,15010.202794247089,11526.04736883491,22078.734687108583
2021-09-23 00:00:00,15010.202794247089,11575.057420082983,22319.250205815035
2021-09-23 04:00:00,15010.202794247089,11694.48064622544,22483.85306550991
2021-09-23 08:00:00,15010.202794247089,11733.254420947018,22777.038889915355
2021-09-23 12:00:00,15010.202794247089,11550.242204261174,21918.871905296284
2021-09-23 16:00:00,15010.202794247089,11567.302665138668,22104.127558575456
2021-09-23 20:00:00,15002.697692849966,11830.343952849847,22573.117047925574
2021-09-24 00:00:00,15018.440321439333,11867.566776582562,22609.117357776464
2021-09-24 04:00:00,14946.680172786135,11697.89273840094,21976.98231406499
2021-09-24 08:00:00,15011.487327145696,11851.126696100613,22025.95895315034
2021-09-24 12:00:00,14649.50526101893,11011.75202092791,20516.551439941937
2021-09-24 16:00:00,14649.50526101893,11126.522394103778,20863.219429352997
2021-09-24 20:00:00,14649.50526101893,11234.778773126422,21015.57044490341
2021-09-25 00:00:00,14649.50526101893,11347.06762472011,21171.500571637538
2021-09-25 04:00:00,14649.50526101893,11306.432708811897,21203.109461353
2021-09-25 08:00:00,14649.50526101893,11227.33420837988,21150.71737238598
2021-09-25 12:00:00,14649.50526101893,11270.450645870273,21224.912961357404
2021-09-25 16:00:00,14649.50526101893,11309.534610789622,21091.48616870879
2021-09-25 20:00:00,14649.50526101893,11315.428224547302,20962.688566847457
2021-09-26 00:00:00,14649.50526101893,11310.46518138294,20837.33665518596
2021-09-26 04:00:00,14649.50526101893,11189.180814053847,20235.14547419446
2021-09-26 08:00:00,14649.50526101893,10947.542649988978,19670.91115302647
2021-09-26 12:00:00,14649.50526101893,11414.068707438995,20865.31574640852
2021-09-26 16:00:00,14649.50526101893,11472.384464620247,21456.132099429873
2021-09-26 20:00:00,14649.50526101893,11451.911911567255,21096.390765173404
2021-09-27 00:00:00,14649.50526101893,11422.443842778855,20988.90329367173
2021-09-27 04:00:00,14649.50526101893,11672.146951985813,21575.37995895638
2021-09-27 08:00:00,14649.50526101893,11596.770733927066,21375.99111219516
2021-09-27 12:00:00,14642.180508388421,11618.48404777115,22280.418733938684
2021-09-27 16:00:00,14566.238192242537,11493.477398068784,21967.72434514748
2021-09-27 20:00:00,14511.993680709764,11416.860419218949,21699.926048949506
2021-09-28 00:00:00,14256.487501610523,11195.074427811527,20809.799034397467
2021-09-28 04:00:00,14256.487501610523,11308.914230394077,21083.37245459998
2021-09-28 08:00:00,14256.487501610523,11095.81356452429,20524.447081716502
2021-09-28 12:00:00,14256.487501610523,11192.903096427119,20827.92569328963
2021-09-28 16:00:00,14256.487501610523,11022.298487652179,20146.829212084973
2021-09-28 20:00:00,14256.487501610523,11046.803513276216,20246.929996594612
2021-09-29 00:00:00,14256.487501610523,10900.703930125313,20198.89005046291
2021-09-29 04:00:00,14256.487501610523,11204.380133744706,21089.715321604785
2021-09-29 08:00:00,14256.487501610523,11298.988144065353,21255.621760731636
2021-09-29 12:00:00,14256.487501610523,11301.159475449762,21279.41707663527
2021-09-29 16:00:00,14256.487501610523,11130.554866674824,20768.206630021577
2021-09-29 20:00:00,14256.487501610523,11027.881911212087,20355.26791994139
2021-09-30 00:00:00,14256.487501610523,11106.049841050786,20790.043368371724
2021-09-30 04:00:00,14256.487501610523,11657.568012690499,21646.884744036895
2021-09-30 08:00:00,14256.487501610523,11560.788670985443,21232.45429194149
2021-09-30 12:00:00,14256.487501610523,11546.209731690129,21290.22560096885
2021-09-30 16:00:00,14256.487501610523,11567.61285533644,21408.704265528693
2021-09-30 20:00:00,14249.359257859718,11671.216381392494,21608.452347504768
2021-10-01 00:00:00,14280.050149467395,11746.59259945124,21791.703196939816
2021-10-01 04:00:00,14259.589555062277,11696.341787412077,21617.77387806512
2021-10-01 08:00:00,14369.896862561163,12002.189322415878,22154.08175153929
2021-10-01 12:00:00,15203.673975601414,12696.394985030995,23581.973135130815
2021-10-01 16:00:00,15318.486889193533,12664.755584858187,23954.16646865233
2021-10-01 20:00:00,15672.009271012395,12845.596470159624,24632.672059131837
2021-10-02 00:00:00,15647.754113961968,12872.272827168068,24511.183592279696
2021-10-02 04:00:00,15365.904817672965,12709.422973337445,23937.691297376838
2021-10-02 08:00:00,15470.470933973415,12771.461012891968,24157.222862320905
2021-10-02 12:00:00,15499.432447697704,12758.74321478329,24218.792470685272
2021-10-02 16:00:00,16043.838492650855,12800.618891482594,25478.84674300178
2021-10-02 20:00:00,16311.452962558913,12875.374729145795,25980.90935187508
2021-10-03 00:00:00,15949.92930451525,12728.964955797119,25284.036309307652
2021-10-03 04:00:00,16055.435294655206,12788.521473769462,25485.604054866242
2021-10-03 08:00:00,16086.647890569315,12800.929081680366,25595.625090994756
2021-10-03 12:00:00,16091.195599885994,12823.572966117767,25521.93960807456
2021-10-03 16:00:00,16117.764518929125,12780.1463384296,25671.935512531778
2021-10-03 20:00:00,16424.280476431635,13035.743061394238,26152.213774605112
2021-10-04 00:00:00,16178.4819331531,12883.749864485655,25748.935855727377
2021-10-04 04:00:00,15799.878306690665,12705.700690964173,25029.912058655642
2021-10-04 08:00:00,15995.859524996955,12801.549462075911,25366.862818028916
2021-10-04 12:00:00,15679.472947855123,12672.20014960473,24796.21293490915
2021-10-04 16:00:00,15772.98121394439,12760.294165772153,24952.432965750795
2021-10-04 20:00:00,16182.089503181436,13180.60188375405,25483.094447501262
2021-10-05 00:00:00,16052.935075819223,13157.337618921103,25227.92872800505
2021-10-05 04:00:00,16075.8616685572,13186.495497511729,25244.352024363936
2021-10-05 08:00:00,16074.48076095301,13231.162885990987,25202.483861876877
2021-10-05 12:00:00,16277.163230255577,13336.937743431448,25526.238744628332
2021-10-05 16:00:00,16014.036077168168,13315.534619785138,24893.807638981867
2021-10-05 20:00:00,16280.351131353695,13676.906200190237,25079.815469953493
2021-10-06 00:00:00,16348.714940679769,13773.375351697521,25411.062541060703
2021-10-06 04:00:00,16314.630066560008,13781.130106641836,24747.19271881796
2021-10-06 08:00:00,16299.030185341426,13817.732549979006,24566.277084047444
2021-10-06 12:00:00,16179.254468233428,13794.468285146058,24186.110262984595
2021-10-06 16:00:00,16562.498968990287,14756.057898241172,25561.516878027614
2021-10-06 20:00:00,16523.261737912468,14759.159800218898,25422.512730107137
2021-10-07 00:00:00,16532.754802524032,14837.63792025537,24821.295864605592
2021-10-07 04:00:00,16395.778085512273,14701.464423433192,24540.507417610523
2021-10-07 08:00:00,16533.7529490463,14687.195674335651,25312.165708931898
2021-10-07 12:00:00,16431.84223865192,14576.7679639286,25128.52442467272
2021-10-07 16:00:00,16403.681226220346,14461.997590752731,24927.37637024421
2021-10-07 20:00:00,16453.855812600643,14488.363757563404,25005.26794106062
2021-10-08 00:00:00,16395.547656248935,14440.284276908647,24794.34226066257
2021-10-08 04:00:00,16382.611731500892,14441.52503769974,24821.126505422646
2021-10-08 08:00:00,16554.667816864847,14743.340100132495,25387.841220975926
2021-10-08 12:00:00,16587.127831766833,14812.202324038017,25717.27088287692
2021-10-08 16:00:00,16504.3283826934,14575.837393335281,26055.740181078996
2021-10-08 20:00:00,16539.99589940258,14658.65817614057,25791.590783395135
2021-10-09 00:00:00,16377.151028006005,14481.539573212407,25212.374861992168
2021-10-09 04:00:00,16472.00821424726,14645.009807438575,25427.606891068674
2021-10-09 08:00:00,16545.49755254548,14731.242682419363,25381.145132749767
2021-10-09 12:00:00,16514.24739378295,14696.191190071057,25268.500830946316
2021-10-09 16:00:00,16524.503061831936,14720.075835299549,25227.268129830714
2021-10-09 20:00:00,16458.82024383498,14639.116193680897,25007.3685448732
2021-10-10 00:00:00,16474.882240535175,14724.728688266137,25045.61496795302
2021-10-10 04:00:00,16491.55383597638,14765.673794372124,24885.700916508067
2021-10-10 08:00:00,16545.105021332987,14897.194438227712,24948.49819001859
2021-10-10 12:00:00,16496.100634733077,14776.840641491937,24875.9402423626
2021-10-10 16:00:00,16522.49732751499,14841.670392826414,24863.687121293555
2021-10-10 20:00:00,16529.822725511884,14859.661424297226,24735.5834822425
2021-10-11 00:00:00,16454.80054602645,14675.408446820293,23953.879073037388
2021-10-11 04:00:00,16649.55509277146,15153.721731785668,24646.264867892914
2021-10-11 08:00:00,16679.740784517282,15227.857189053324,24810.85249643967
2021-10-11 12:00:00,16633.13609726118,15113.397006075227,24408.00037945223
2021-10-11 16:00:00,16755.773363726425,15414.59168811244,24462.08979351905
2021-10-11 20:00:00,16763.603961585173,15433.823480374342,23780.96626309522
2021-10-12 00:00:00,16764.614361308883,15436.305001956522,24148.79348795775
2021-10-12 04:00:00,16675.95178555337,15218.551483120145,23793.46913553108
2021-10-12 08:00:00,16751.605464866123,15404.355411585942,23908.165218108094
2021-10-12 12:00:00,16737.0809688378,15368.683538842091,23779.015534693983
2021-10-12 16:00:00,16635.1568967086,15118.360049239589,23873.604983990634
2021-10-12 20:00:00,16529.448751314143,14881.064547943537,24388.88386809342
2021-10-13 00:00:00,16529.448751314143,15064.386954827154,24728.378188571343
2021-10-13 04:00:00,16529.448751314143,15110.295104097502,24436.097474204398
2021-10-13 08:00:00,16529.448751314143,14667.653691875976,23802.738026953015
2021-10-13 12:00:00,16529.448751314143,14805.378139687018,24022.050578005306
2021-10-13 16:00:00,16529.448751314143,15069.66018818929,24070.159087948316
2021-10-13 20:00:00,16529.448751314143,15336.113568075967,24025.229944169572
2021-10-14 00:00:00,16521.184026938485,15333.632046493785,24419.68296373794
2021-10-14 04:00:00,16571.256441416353,15524.088827926173,24701.093890070762
2021-10-14 08:00:00,16471.769597842424,15316.881775814065,24659.909339499456
2021-10-14 12:00:00,16667.76752451235,15409.00826455253,25173.513771279315
2021-10-14 16:00:00,16762.473564406846,15346.660034800236,25172.203247691643
2021-10-14 20:00:00,16776.782335549484,15466.083260942693,24914.83921939771
2021-10-15 00:00:00,16739.452426707892,15349.761936777963,24863.89631560121
2021-10-15 04:00:00,16957.87132480419,15858.16367092728,25142.33671736888
2021-10-15 08:00:00,16908.630369948587,15823.112178578976,26110.995098377625
2021-10-15 12:00:00,16785.109234747164,15900.039347626585,25775.100847668393
2021-10-15 16:00:00,16927.163153191505,16054.514066117348,26026.256569814766
2021-10-15 20:00:00,17152.593195870613,16386.41757773405,26294.670923944344
2021-10-16 00:00:00,17293.19109794829,16466.446648759385,26579.10010133422
2021-10-16 04:00:00,17100.631879334644,16459.93265460616,26125.13237174254
2021-10-16 08:00:00,17115.938779188025,16480.715397856926,26109.54896792167
2021-10-16 12:00:00,17390.54902656788,16443.802764321983,26610.235367883655
2021-10-16 16:00:00,17163.773921925836,16258.61921625173,26241.11337749917
2021-10-16 20:00:00,16986.52834177427,16212.090686585838,25974.360214107193
2021-10-17 00:00:00,16950.36048225718,16233.493810232148,25883.378448205378
2021-10-17 04:00:00,17233.913391665006,16292.119757611174,26504.80260228343
2021-10-17 08:00:00,17145.686760952438,16102.903736969876,26378.809729702894
2021-10-17 12:00:00,17219.20175537234,16275.679677129225,26551.320049875212
2021-10-17 16:00:00,17017.122109741744,16230.391908254422,26180.020720228786
2021-10-17 20:00:00,16892.462411742697,16188.826421752892,25943.767745765206
2021-10-18 00:00:00,17044.166736431573,16473.270833110382,26303.798193855186
2021-10-18 04:00:00,17090.595537055127,16612.546231910288,26351.621938038796
2021-10-18 08:00:00,17046.154772362323,16599.518243603838,26194.23740350848
2021-10-18 12:00:00,16884.559680418424,16288.397475237902,25830.506745910883
2021-10-18 16:00:00,16951.059831918174,16562.915800266666,25873.110229939215
2021-10-18 20:00:00,16900.26363861534,16420.228309291262,25824.082747016735
2021-10-19 00:00:00,16952.826656033052,16567.87884343103,25888.200426109936
2021-10-19 04:00:00,16989.81953593838,16671.792559684854,26124.775110241048
2021-10-19 08:00:00,16957.68542234898,16581.527212133024,25964.986971701182
2021-10-19 12:00:00,16939.244195649902,16529.725449104997,25861.592848552635
2021-10-19 16:00:00,16971.157456224944,16619.370416261285,25769.879144630664
2021-10-19 20:00:00,17145.189631540743,17108.23016795093,25852.951311460158
2021-10-20 00:00:00,17149.717118335127,17120.947966059604,26089.98976042454
2021-10-20 04:00:00,17103.337985319497,16990.668082995107,25984.663611784814
2021-10-20 08:00:00,17132.380156707855,17072.248105009305,26165.26111153242
2021-10-20 12:00:00,17116.699592688285,17028.201096925593,26485.343080045313
2021-10-20 16:00:00,17373.779224278514,17796.85240700614,27812.829731701233
2021-10-20 20:00:00,17492.765910732443,17662.85024156837,28202.621256893864
2021-10-21 00:00:00,17650.152527331804,17555.834623336814,28593.659395543284
2021-10-21 04:00:00,17805.41763818568,17292.17295523009,29203.609623293258
2021-10-21 08:00:00,17932.84210776723,17341.183006478164,29567.693386518087
2021-10-21 12:00:00,17963.95738298624,17269.52907079269,29586.35850212157
2021-10-21 16:00:00,17468.64052887185,16762.678287632232,28825.492373747013
2021-10-21 20:00:00,17554.520417296608,16766.710760203277,29086.19566179122
2021-10-22 00:00:00,17690.353256221537,16601.37938479047,29521.2710874301
2021-10-22 04:00:00,18205.5015937068,16888.305317730144,30862.939831358723
2021-10-22 08:00:00,18224.02661704118,16896.990643267778,30960.59073149589
2021-10-22 12:00:00,18239.121825657356,16897.30083346555,31054.253862582966
2021-10-22 16:00:00,18076.697773708744,16157.187021580085,30782.084345874617
2021-10-22 20:00:00,17798.152434238593,16260.170167240592,30017.471957928716
2021-10-23 00:00:00,17751.664703164228,16158.427782371175,29830.513385423106
2021-10-23 04:00:00,17946.76075488614,16310.731169477529,30521.34085233352
2021-10-23 08:00:00,17912.466527044402,16229.151147463332,30386.548554341698
2021-10-23 12:00:00,17942.56923814993,16413.404124940265,30578.38619006218
2021-10-23 16:00:00,17847.688541121108,16383.625865954094,30353.434329159896
2021-10-23 20:00:00,17670.501697272106,16268.235112382681,29783.114262749663
2021-10-24 00:00:00,17804.63023283092,16361.912552110012,30324.511625566585
2021-10-24 04:00:00,17757.38040780452,16309.490408686439,30123.766232727037
2021-10-24 08:00:00,17677.360542840455,16178.279955028622,29789.565935418865
2021-10-24 12:00:00,17503.0791821836,16096.07955261888,29176.99332816311
2021-10-24 16:00:00,17503.0791821836,15964.558908763289,28872.94008897297
2021-10-24 20:00:00,17503.0791821836,16179.21052562194,29517.497401909182
2021-10-25 00:00:00,17503.0791821836,16238.45685339651,30561.71747662281
2021-10-25 04:00:00,17503.0791821836,16534.378302071585,30631.56648820117
2021-10-25 08:00:00,17494.327642592507,16690.40397155121,31324.47448825148
2021-10-25 12:00:00,17516.574962811363,16781.59988969636,31425.154481808167
2021-10-25 16:00:00,17801.7401948441,16999.35340853274,32649.670735147774
2021-10-25 20:00:00,17436.673295307824,16717.700708955203,31731.455122547162
2021-10-26 00:00:00,17519.59834099821,16854.49458617293,31767.40710147628
2021-10-26 04:00:00,17469.41418567475,16783.461030882998,31631.952010282977
2021-10-26 08:00:00,17431.78254902873,16691.02435194676,31673.50150337998
2021-10-26 12:00:00,17397.312282027262,16757.094864072325,31456.189673641777
2021-10-26 16:00:00,17369.545457250548,16733.83059923938,31441.845255436725
2021-10-26 20:00:00,17348.247966540737,16583.38835331966,31427.90759975103
2021-10-27 00:00:00,16872.725344380204,16148.501696042451,30483.36508472363
2021-10-27 04:00:00,16977.19783442104,16222.94734350788,30867.293554999284
2021-10-27 08:00:00,16879.305025012574,16032.490562075493,29861.92675488849
2021-10-27 12:00:00,16678.11355663609,15680.114497405799,29159.441205178344
2021-10-27 16:00:00,16678.11355663609,15735.018162411552,29086.985059901675
2021-10-27 20:00:00,16678.11355663609,15798.91734315271,29135.30935717032
2021-10-28 00:00:00,16678.11355663609,15648.16490703522,28583.080396502195
2021-10-28 04:00:00,16678.11355663609,15735.328352609326,28925.508448253888
2021-10-28 08:00:00,16678.11355663609,15780.616121484127,28912.9014768125
2021-10-28 12:00:00,16678.11355663609,16322.208206795116,30175.389169199567
2021-10-28 16:00:00,16678.11355663609,16230.08171805665,30098.290172473742
2021-10-28 20:00:00,16669.774499857773,16280.332530095813,30339.254381393264
2021-10-29 00:00:00,16710.169152161507,16100.112025189923,30063.6836225437
2021-10-29 04:00:00,16830.5909458217,16382.074914965231,30881.91189157913
2021-10-29 08:00:00,16739.588653650644,16099.491644794378,30338.929421310047
2021-10-29 12:00:00,16761.53895527984,16235.044761221012,30299.63005303773
2021-10-29 16:00:00,16964.27438004953,16711.807095197524,31351.65444501312
2021-10-29 20:00:00,16900.182144494156,16755.23372288569,31224.920226578823
2021-10-30 00:00:00,16903.029442261126,16697.538346099984,31164.416084622502
2021-10-30 04:00:00,16753.069473159943,16550.818382553534,30681.600378542964
2021-10-30 08:00:00,16762.309811073996,16538.41077464263,30835.859738800104
2021-10-30 12:00:00,16743.536100556914,16535.61906286268,30683.23965711089
2021-10-30 16:00:00,16653.021132773378,16469.54855073711,30229.199891945966
2021-10-30 20:00:00,16755.88764430667,16565.087131651075,30473.212094861592
2021-10-31 00:00:00,16764.48006033562,16617.81946527242,30571.61444590195
2021-10-31 04:00:00,16795.62267710865,16553.61009433349,30199.63746385143
2021-10-31 08:00:00,16715.096580245416,16490.95167438342,30044.879354795958
2021-10-31 12:00:00,16499.859244698662,16264.823020207183,29406.438255531688
2021-10-31 16:00:00,16495.812756774598,16251.795031900732,30269.980526110136
2021-10-31 20:00:00,16534.48667310652,16335.236195101566,30431.28380483882
2021-11-01 00:00:00,16526.219429769964,16474.821784099244,31152.37140477741
2021-11-01 04:00:00,16466.509989927144,16103.21392716765,30689.190840829102
2021-11-01 08:00:00,16721.689280202783,16695.677204913347,31952.927976999516
2021-11-01 12:00:00,16579.957925628507,16582.457782726342,31417.939424623044
2021-11-01 16:00:00,16539.10409836763,16501.498141107688,31277.547488782544
2021-11-01 20:00:00,16540.675399416123,16453.10847025516,31281.28337687383
2021-11-02 00:00:00,16542.560960674316,16306.698696906486,31180.786274669106
2021-11-02 04:00:00,16533.761674802743,16353.227226572379,31162.318406142593
2021-11-02 08:00:00,16524.96238893117,16459.00208401284,31196.941188556986
2021-11-02 12:00:00,16536.74846800568,16821.30423501126,31511.11150174126
2021-11-02 16:00:00,16909.92826520979,17166.23573493441,32223.266249818018
2021-11-02 20:00:00,17114.553686166422,17047.122698989722,33049.77672548524
2021-11-03 00:00:00,17256.916248315345,16958.408302426753,33398.327826288165
2021-11-03 04:00:00,17494.723590677342,16947.24145530694,34269.51308994181
2021-11-03 08:00:00,17628.39084235576,17002.145120312693,34623.97465494719
2021-11-03 12:00:00,17542.38158030742,16921.805859089585,34490.27769786953
2021-11-03 16:00:00,17246.58200605143,16675.8250322559,33735.44138160212
2021-11-03 20:00:00,17615.105433834753,16794.31768780504,34750.301624006766
2021-11-04 00:00:00,17815.162745059177,16817.271762440214,35515.013931234396
2021-11-04 04:00:00,17610.406897677574,16711.807095197524,34987.47119075084
2021-11-04 08:00:00,17535.315378571893,16596.10615142834,34942.203635938175
2021-11-04 12:00:00,17567.364100820214,16510.80384704087,35024.190983301
2021-11-04 16:00:00,17547.225027222434,16424.881162257854,34999.45944182236
2021-11-04 20:00:00,17586.023628562896,16463.34474678166,35151.28414294396
2021-11-05 00:00:00,17719.429776406378,16578.115119957525,35641.634102328964
2021-11-05 04:00:00,17714.89226663787,16723.28413251511,35542.909077307835
2021-11-05 08:00:00,17696.970030442404,16689.16321076012,35498.59781218236
2021-11-05 12:00:00,17481.511962588786,16493.743386163373,34799.019628416856
2021-11-05 16:00:00,17366.626124592964,16342.68075984811,34385.14091518863
2021-11-05 20:00:00,17455.200558217934,16402.547468018223,34665.0607045854
2021-11-06 00:00:00,17473.11339017078,16379.903583580823,34693.728505120525
2021-11-06 04:00:00,17578.704820629664,16434.807248586578,35116.439882105784
2021-11-06 08:00:00,17744.31995114107,16350.745704990197,35654.86689220913
2021-11-06 12:00:00,17655.07005158654,16249.003320120779,35175.53192574464
2021-11-06 16:00:00,17939.16128115449,16312.902500861937,36253.79178989687
2021-11-06 20:00:00,17999.49924141671,16454.659421244025,36643.40311703037
2021-11-07 00:00:00,18079.635594889973,16537.17001385154,36990.044685946195
2021-11-07 04:00:00,17988.185873867544,16696.917965704437,36758.26094805111
2021-11-07 08:00:00,17952.98873038125,16605.722047559288,36588.63440934369
2021-11-07 12:00:00,17930.505803593507,16634.879926149915,36616.181935994224
2021-11-07 16:00:00,17900.567867876576,16641.39392030314,36488.6728446336
2021-11-07 20:00:00,17763.768734173467,16709.325573615344,36014.58828976992
2021-11-08 00:00:00,17856.805862092464,16990.97827319288,36437.00430664859
2021-11-08 04:00:00,18084.456513954865,17499.69019753997,36538.67198870663
2021-11-08 08:00:00,18073.154890703274,17683.943175016906,36398.34599080014
2021-11-08 12:00:00,18086.003894418813,17705.96667905876,36168.49770746374
2021-11-08 16:00:00,18140.23360954128,17766.14357742665,36629.78768040351
2021-11-08 20:00:00,18082.162260876157,17628.72931981338,36352.46287104469
2021-11-09 00:00:00,18285.352690758136,18070.75035163936,36783.19783114456
2021-11-09 04:00:00,18356.32818863335,18312.388515704228,36680.0841269974
2021-11-09 08:00:00,18276.744733743384,18156.673036422373,36572.78003831562
2021-11-09 12:00:00,18257.34450371865,18105.491653789893,36540.006812167965
2021-11-09 16:00:00,18212.034060268656,17897.66422128224,35940.474827191356
2021-11-09 20:00:00,18151.008631291304,17880.913950602517,35802.57692165942
2021-11-10 00:00:00,18138.91934587056,17923.720197895138,35693.69368150091
2021-11-10 04:00:00,18063.54859017708,17817.635150256905,35409.002117472905
2021-11-10 08:00:00,18110.41410044224,17833.76504054108,35915.798057295084
2021-11-10 12:00:00,18149.035935917123,17877.812048624794,35938.153488588796
2021-11-10 16:00:00,18459.348375743706,18384.0424513897,36814.76491509866
2021-11-10 20:00:00,18167.06952007752,17975.521960923168,35715.36189602899
2021-11-11 00:00:00,17952.366670740048,17547.14929779918,35154.82436560262
2021-11-11 04:00:00,17933.245425409128,17508.99590347315,35736.95114724561
2021-11-11 08:00:00,17933.245425409128,17681.771843632498,36464.51452007766
2021-11-11 12:00:00,17933.245425409128,17665.64195334832,36056.95582844816
2021-11-11 16:00:00,17933.245425409128,17527.297125141733,35915.65900454724
2021-11-11 20:00:00,17933.245425409128,17680.84127303918,35962.8595141417
2021-11-12 00:00:00,17933.245425409128,17579.098888169763,35406.14734626407
2021-11-12 04:00:00,17933.245425409128,17598.95106082721,35387.899313442176
2021-11-12 08:00:00,17933.245425409128,17468.360987564938,34845.21277441258
2021-11-12 12:00:00,17933.245425409128,17285.96915127464,34393.61035444874
2021-11-12 16:00:00,17933.245425409128,17128.392530806148,33991.94255350587
2021-11-12 20:00:00,17933.245425409128,17323.191975007354,34871.96535131316
2021-11-13 00:00:00,17933.245425409128,17390.813438121782,34924.91516971837
2021-11-13 04:00:00,17933.245425409128,17293.41371602118,34409.00055892233
2021-11-13 08:00:00,17933.245425409128,17372.202026255425,34637.230521626465
2021-11-13 12:00:00,17933.245425409128,17250.917658926333,34533.25546241669
2021-11-13 16:00:00,17933.245425409128,17560.797666501177,35428.588748304894
2021-11-13 20:00:00,17933.245425409128,17345.52566924698,35624.18825325086
2021-11-14 00:00:00,17933.245425409128,17473.634220927073,36131.89895742206
2021-11-14 04:00:00,17933.245425409128,17552.112340963544,35673.54612861086
2021-11-14 08:00:00,17933.245425409128,17548.700248788045,35446.12858278073
2021-11-14 12:00:00,17933.245425409128,17521.403511384055,35619.603424688816
2021-11-14 16:00:00,17933.245425409128,17410.66561077923,35334.376252027105
2021-11-14 20:00:00,17933.245425409128,17417.489795130226,35331.75841322233
2021-11-15 00:00:00,17924.278802696426,17765.83338722888,35845.70412774102
2021-11-15 04:00:00,17929.50403113602,17808.019254125953,36476.432176682785
2021-11-15 08:00:00,17860.805193653563,17780.722516721962,36196.73470568325
2021-11-15 12:00:00,17917.252721200413,17821.667622827947,36439.48317520745
2021-11-15 16:00:00,17732.935766454437,17478.28707389366,35958.23235508587
2021-11-15 20:00:00,17782.955419773305,17509.306093670923,36074.95823423866
2021-11-16 00:00:00,17667.722540928884,17375.614118430924,35750.945798035405
2021-11-16 04:00:00,17392.06308898673,16623.402888832326,34067.02355134373
2021-11-16 08:00:00,17392.06308898673,16610.68509072365,34065.220935462945
2021-11-16 12:00:00,17392.06308898673,16570.36036501321,33910.65609800514
2021-11-16 16:00:00,17392.06308898673,16620.921367250146,33945.16500165238
2021-11-16 20:00:00,17392.06308898673,16520.729933369592,34015.16926562549
2021-11-17 00:00:00,17392.06308898673,16486.298821416833,33271.18409620877
2021-11-17 04:00:00,17392.06308898673,16232.873429836603,32475.920869177557
2021-11-17 08:00:00,17392.06308898673,16409.681842566995,32821.48093734699
2021-11-17 12:00:00,17392.06308898673,16686.061308782395,33522.169189679684
2021-11-17 16:00:00,17392.06308898673,16398.51499544718,32665.188265852936
2021-11-17 20:00:00,17392.06308898673,16530.03563930277,32898.932309409516
2021-11-18 00:00:00,17392.06308898673,16566.327892442165,33400.02938824077
2021-11-18 04:00:00,17392.06308898673,16403.16784841377,33043.77492122157
2021-11-18 08:00:00,17392.06308898673,16374.63035021869,32606.058725555922
2021-11-18 12:00:00,17392.06308898673,16214.262017970246,31955.71151367262
2021-11-18 16:00:00,17392.06308898673,15883.909457342408,30548.16415048518
2021-11-18 20:00:00,17392.06308898673,15833.658645303245,30893.632274181025
2021-11-19 00:00:00,17392.06308898673,15536.80662603485,30125.185978377165
2021-11-19 04:00:00,17392.06308898673,15297.33979335439,29800.63133110728
2021-11-19 08:00:00,17392.06308898673,15328.979193527197,30342.755918724994
2021-11-19 12:00:00,17392.06308898673,15690.350773932296,31372.918086834554
2021-11-19 16:00:00,17392.06308898673,15907.7941025709,32604.827611216246
2021-11-19 20:00:00,17383.367057442236,16007.054965858139,33210.892640685306
2021-11-20 00:00:00,17384.88679801502,16006.744775660365,32960.641429187184
2021-11-20 04:00:00,17369.385444172633,16128.029142989459,32947.70044993462
2021-11-20 08:00:00,17371.969003146365,16122.135529231778,32750.87783084502
2021-11-20 12:00:00,17423.64018262099,16166.802917711035,33102.82830579546
2021-11-20 16:00:00,17272.881917800907,15883.289076946863,31972.21471732542
2021-11-20 20:00:00,17532.757555746815,16392.6213816895,33283.65653746018
2021-11-21 00:00:00,17546.891143073695,16466.446648759385,33529.535661977745
2021-11-21 04:00:00,17447.500109613684,16162.150064744446,32702.776823736403
2021-11-21 08:00:00,17455.70670870671,16279.091769304723,32979.441879948965
2021-11-21 12:00:00,17420.7526755327,16195.030225708344,32687.05447025516
2021-11-21 16:00:00,17481.694272501303,16323.138777388434,33124.99726605296
2021-11-21 20:00:00,17437.409276926628,16329.032391146115,34455.86388361416
2021-11-22 00:00:00,17372.434934587163,16168.043678502127,34460.957282746334
2021-11-22 04:00:00,16993.122928296627,15807.912858888118,33252.244100581906
2021-11-22 08:00:00,17087.06716602542,15809.153619679208,33664.94520704445
2021-11-22 12:00:00,17074.464890232535,15751.768433091274,33563.28068697399
2021-11-22 16:00:00,17084.48942779506,16073.125477983705,33816.72899535659
2021-11-22 20:00:00,16800.523206600017,15498.032851313274,32303.94767844321
2021-11-23 00:00:00,16800.523206600017,15540.839098605895,32633.336774297146
2021-11-23 04:00:00,16800.523206600017,15739.671015378142,33376.804636933295
2021-11-23 08:00:00,16800.523206600017,15464.842500151603,32337.12937025739
2021-11-23 12:00:00,16800.523206600017,15507.958937641997,32358.92409181891
2021-11-23 16:00:00,16800.523206600017,15685.697920965706,32865.36970797455
2021-11-23 20:00:00,16800.523206600017,15943.465975314752,34005.442445223925
2021-11-24 00:00:00,16800.523206600017,15880.49736516691,33665.54012099146
2021-11-24 04:00:00,16800.523206600017,15581.163824316334,33060.06148927163
2021-11-24 08:00:00,16800.523206600017,15597.29371460051,33015.92526065694
2021-11-24 12:00:00,16800.523206600017,15672.669932659257,32884.680976917465
2021-11-24 16:00:00,16800.523206600017,15715.476179951878,32645.465973943014
2021-11-24 20:00:00,16800.523206600017,15756.421286057863,31599.582233436027
2021-11-25 00:00:00,16800.523206600017,15833.0382649077,32046.165273189028
2021-11-25 04:00:00,16800.523206600017,15993.716787353915,32683.297803529327
2021-11-25 08:00:00,16800.523206600017,15951.841110654612,32083.48244507228
2021-11-25 12:00:00,16792.122944996718,16061.028060270573,32529.71781701902
2021-11-25 16:00:00,16907.483466160367,16364.394073692192,33394.023640498664
2021-11-25 20:00:00,16921.98830285263,16310.110789081984,33017.5006862255
2021-11-26 00:00:00,16952.729765234017,16332.444483321613,33001.846728222736
2021-11-26 04:00:00,16722.945810337744,16031.559991482174,32317.580626669165
2021-11-26 08:00:00,16494.666857833978,15743.703487949186,31601.57932013949
2021-11-26 12:00:00,16016.276722601553,14785.836157227344,29072.71662520855
2021-11-26 16:00:00,16016.276722601553,14930.07459919161,29902.36145070297
2021-11-26 20:00:00,16016.276722601553,14930.07459919161,30469.006384410004
2021-11-27 00:00:00,16016.276722601553,14768.465506152077,29829.010958512346
2021-11-27 04:00:00,16016.276722601553,14917.977181478478,30267.49160572003
2021-11-27 08:00:00,16016.276722601553,14928.213458004975,30186.444369000503
2021-11-27 12:00:00,16016.276722601553,15008.24252903031,30418.680377869263
2021-11-27 16:00:00,16016.276722601553,15093.234643220007,30486.33667390497
2021-11-27 20:00:00,16016.276722601553,15092.924453022235,30434.445216611606
2021-11-28 00:00:00,16016.276722601553,15034.29850564321,29985.050407099916
2021-11-28 04:00:00,16016.276722601553,14867.416179241542,29287.38143208641
2021-11-28 08:00:00,16016.276722601553,14981.566172021865,29704.821572862882
2021-11-28 12:00:00,16016.276722601553,14958.922287584464,29733.866639899774
2021-11-28 16:00:00,16016.276722601553,14884.166449921264,29532.425221424193
2021-11-28 20:00:00,16016.276722601553,14980.325411230775,29570.819067223223
2021-11-29 00:00:00,16016.276722601553,15764.486231199951,31379.86158888499
2021-11-29 04:00:00,16016.276722601553,15794.264490186122,31437.918616829407
2021-11-29 08:00:00,16016.276722601553,15864.98785527828,31844.111671993156
2021-11-29 12:00:00,16016.276722601553,15649.40566782631,31579.75158789923
2021-11-29 16:00:00,16008.268584240253,15745.25443893805,32075.41532853282
2021-11-29 20:00:00,15969.627036640639,15928.887036019438,32118.105916638615
2021-11-30 00:00:00,15960.913282336347,15893.52535347336,31941.750453510067
2021-11-30 04:00:00,15876.625236360582,15703.999142634291,31836.17816252146
2021-11-30 08:00:00,15696.95371073679,15499.273612104364,31447.513152464366
2021-11-30 12:00:00,16116.71771295656,15751.768433091274,32292.639364871804
2021-11-30 16:00:00,16382.568962770507,15782.787452868535,33120.827377149944
2021-11-30 20:00:00,16457.46923004323,15811.945331459161,33284.33324050008
2021-12-01 00:00:00,16166.122652407146,15608.770751918097,32451.676069815014
2021-12-01 04:00:00,16510.771842502712,15716.096560347423,33286.73143516826
2021-12-01 08:00:00,16595.15105483858,15658.401183561717,33642.67468572757
2021-12-01 12:00:00,16576.169064115405,15682.906209185752,33820.134262524225
2021-12-01 16:00:00,16963.792704530635,16059.787299479483,34813.504901760985
2021-12-01 20:00:00,16812.140598015136,15755.180525266773,34718.70630021928
2021-12-02 00:00:00,16704.928998980817,15703.688952436518,34592.03485817597
2021-12-02 04:00:00,16346.082327549255,15448.092229471882,33791.49144792051
2021-12-02 08:00:00,16415.03928182761,15607.529991127007,33860.83573808538
2021-12-02 12:00:00,16432.76487716381,15425.758535232253,34045.1617673509
2021-12-02 16:00:00,16518.18037122209,15513.852551399676,34438.7947851035
2021-12-02 20:00:00,16650.08048789712,15553.556896714572,34895.146102309125
2021-12-03 00:00:00,16630.615052176356,15509.509888630859,34837.226249072075
2021-12-03 04:00:00,16544.037442552657,15504.85703566427,34482.6934884669
2021-12-03 08:00:00,16612.31173202101,15613.733795082459,34890.28996420027
2021-12-03 12:00:00,16741.306559782493,15654.678901188445,35457.91481343508
2021-12-03 16:00:00,16408.941508072727,15415.83244890353,33892.718838625995
2021-12-03 20:00:00,16082.606383503022,14792.35015138057,32106.560137539673
2021-12-04 00:00:00,16082.606383503022,14732.483443210454,31983.657948033793
2021-12-04 04:00:00,16082.606383503022,14308.763633053059,30108.18081825473
2021-12-04 08:00:00,16082.606383503022,13071.104743940316,29252.249706539555
2021-12-04 12:00:00,16082.606383503022,12805.892124844728,28628.154614366944
2021-12-04 16:00:00,16082.606383503022,13942.73919968137,31389.48854108531
2021-12-04 20:00:00,16082.606383503022,14185.61812453733,31465.039141987527
2021-12-05 00:00:00,16082.606383503022,13749.800896666802,30564.19134924656
2021-12-05 04:00:00,16082.606383503022,13641.854707841932,30185.9911346351
2021-12-05 08:00:00,16082.606383503022,14098.14448876545,30928.201591356235
2021-12-05 12:00:00,16082.606383503022,13854.95537371172,30279.45643787759
2021-12-05 16:00:00,16082.606383503022,13180.912073951822,28658.988267326913
2021-12-05 20:00:00,16082.606383503022,13517.778628732885,29405.798429990806
2021-12-06 00:00:00,16082.606383503022,13688.073047310052,30121.72043300713
2021-12-06 04:00:00,16082.606383503022,13540.732703368058,29773.74326325469
2021-12-06 08:00:00,16082.606383503022,13369.197523999801,28749.742031165424
2021-12-06 12:00:00,16082.606383503022,13380.674561317388,28364.96367887896
2021-12-06 16:00:00,16082.606383503022,13486.449418757851,29177.337526307696
2021-12-06 20:00:00,16082.606383503022,13537.010420994788,29194.20360045275
2021-12-07 00:00:00,16082.606383503022,13901.483903377612,30142.671749130106
2021-12-07 04:00:00,16082.606383503022,14028.04150406884,30318.512051932077
2021-12-07 08:00:00,16074.56508031127,14030.833215848794,30741.10204863188
2021-12-07 12:00:00,16158.816623647162,14206.711057985867,31331.37163409994
2021-12-07 16:00:00,16130.205100344388,14294.805074153292,30872.273644873934
2021-12-07 20:00:00,15923.704316511852,14034.865688419837,30200.20933521781
2021-12-08 00:00:00,15882.38854035427,13940.567868296961,29770.437645744067
2021-12-08 04:00:00,15816.53195208012,13806.875893056964,29334.534487360983
2021-12-08 08:00:00,15934.291636550366,13897.761621004342,29748.93601262378
2021-12-08 12:00:00,15678.990162634995,13550.968979894555,29196.317012277268
2021-12-08 16:00:00,15817.928869190557,13888.766105268935,29980.707860214916
2021-12-08 20:00:00,15783.367692434978,13794.778475343832,29915.676202878647
2021-12-09 00:00:00,15851.934846319542,13820.52426175896,30185.188871006583
2021-12-09 04:00:00,15765.740104290566,13563.066397607687,29453.760002361792
2021-12-09 08:00:00,15789.613688234178,13728.707963218265,29711.120907621582
2021-12-09 12:00:00,15706.194944338182,13492.34303251553,29257.41493397869
2021-12-09 16:00:00,15583.370212945025,13340.66002580472,28847.834035942084
2021-12-09 20:00:00,15583.370212945025,13092.8180577844,28299.569427767583
2021-12-10 00:00:00,15583.370212945025,13074.516836115814,28228.293934573685
2021-12-10 04:00:00,15583.370212945025,13295.372256929919,28207.80795662468
2021-12-10 08:00:00,15583.370212945025,13112.360040244073,27623.700955380213
2021-12-10 12:00:00,15583.370212945025,13414.17510267683,28213.065809538046
2021-12-10 16:00:00,15583.370212945025,13162.300662085465,27371.48575784132
2021-12-10 20:00:00,15583.370212945025,13196.421583840453,27365.589146056067
2021-12-11 00:00:00,15583.370212945025,12951.371327600085,26509.458926257757
2021-12-11 04:00:00,15583.370212945025,13275.830274470243,27033.974061718167
2021-12-11 08:00:00,15583.370212945025,13199.52348581818,26891.099548904447
2021-12-11 12:00:00,15583.370212945025,13239.227831133074,27034.686217587685
2021-12-11 16:00:00,15583.370212945025,13397.114641799337,27249.29426842378
2021-12-11 20:00:00,15583.370212945025,13295.68244712769,26831.24021746832
2021-12-12 00:00:00,15583.370212945025,13572.061913343092,27442.77141060146
2021-12-12 04:00:00,15583.370212945025,13539.802132774741,27124.533223184404
2021-12-12 08:00:00,15583.370212945025,13549.418028905691,27222.73797317561
2021-12-12 12:00:00,15583.370212945025,13490.792081526666,27049.972546554694
2021-12-12 16:00:00,15583.370212945025,13622.002535184483,27198.10513381533
2021-12-12 20:00:00,15575.578527838552,13775.856873279703,27796.740314146224
2021-12-13 00:00:00,15563.063455650841,13742.666522118032,27627.190847998354
2021-12-13 04:00:00,15445.983200885446,13432.166134147643,26804.87409946805
2021-12-13 08:00:00,15437.678807190798,13410.142630105787,26476.406171857976
2021-12-13 12:00:00,15454.638484454517,13455.120208782815,26915.899882305923
2021-12-13 16:00:00,15279.671225326012,13010.617655374655,25531.541725612013
2021-12-13 20:00:00,15279.671225326012,12866.689403608161,24913.110715581337
2021-12-14 00:00:00,15279.671225326012,12847.147421148486,25122.80826345459
2021-12-14 04:00:00,15279.671225326012,12902.361276352012,25008.216645899935
2021-12-14 08:00:00,15279.671225326012,12935.861817711455,25126.913503205502
2021-12-14 12:00:00,15279.671225326012,13047.220098711825,25505.24728876827
2021-12-14 16:00:00,15279.671225326012,12895.847282198787,25412.93922805711
2021-12-14 20:00:00,15279.671225326012,12922.21344900946,25091.59328644116
2021-12-15 00:00:00,15279.671225326012,13334.76641204704,26039.07419822764
2021-12-15 04:00:00,15279.671225326012,13294.131496138827,26004.377461897537
2021-12-15 08:00:00,15279.671225326012,13286.997121590057,26558.371362060116
2021-12-15 12:00:00,15279.671225326012,13255.357721417251,26442.68871465991
2021-12-15 16:00:00,15279.671225326012,12855.522556488348,25240.12521218016
2021-12-15 20:00:00,15272.03138971335,13402.38787516147,27597.726807650222
2021-12-16 00:00:00,15352.548904042553,13431.545753752098,27946.448201966345
2021-12-16 04:00:00,15378.733461547985,13432.786514543188,28036.851760566908
2021-12-16 08:00:00,15346.984685572648,13382.845892701796,27909.286686149477
2021-12-16 12:00:00,15549.725783348647,13524.292622886109,28776.49704982481
2021-12-16 16:00:00,15523.870844106605,13338.17850422254,28833.954738066022
2021-12-16 20:00:00,15097.296662946996,13107.396997079712,27889.94644725247
2021-12-17 00:00:00,14952.84110574278,13045.669147722961,27495.66815793927
2021-12-17 04:00:00,15052.063391928445,13081.341020466813,27790.958543253702
2021-12-17 08:00:00,14895.32014649414,12893.986141012152,27464.262079204665
2021-12-17 12:00:00,14835.422971200464,12922.21344900946,27196.461978497726
2021-12-17 16:00:00,14880.264025928516,12795.34565812046,27330.944325354114
2021-12-17 20:00:00,14920.1954761243,12888.712907650017,27574.210054591636
2021-12-18 00:00:00,14859.970993861807,12748.196748059021,27320.457607232518
2021-12-18 04:00:00,14819.384929728387,12799.067940493731,27213.084176492594
2021-12-18 08:00:00,14880.591332897333,12810.544977811318,27441.90576635438
2021-12-18 12:00:00,15000.712990453503,13003.173090628114,28018.997410592383
2021-12-18 16:00:00,15044.89943124392,12945.167523644634,28128.508874387502
2021-12-18 20:00:00,15045.881352150373,12878.47663112352,28106.346666530364
2021-12-19 00:00:00,15077.957435094528,12936.792388304773,28249.683655208122
2021-12-19 04:00:00,15132.945005855934,13187.115877907274,28585.026671861364
2021-12-19 08:00:00,15206.91638080878,13128.48993052825,28794.21009617644
2021-12-19 12:00:00,15136.545382512932,13014.960318143472,28437.34662417521
2021-12-19 16:00:00,15110.688131976318,13041.016294756371,28357.328821512652
2021-12-19 20:00:00,14986.300682695544,12888.092527254472,27881.105776943685
2021-12-20 00:00:00,14986.300682695544,12888.092527254472,27889.45719625421
2021-12-20 04:00:00,14986.300682695544,12891.194429232199,27701.59581711908
2021-12-20 08:00:00,14986.300682695544,12804.030983658093,27242.539922176482
2021-12-20 12:00:00,14986.300682695544,12688.019849691134,26854.92983738096
2021-12-20 16:00:00,14986.300682695544,12640.250559234151,26532.75983376536
2021-12-20 20:00:00,14986.300682695544,12831.01753086431,27317.1366134237
2021-12-21 00:00:00,14986.300682695544,12911.977172482962,27272.04792152273
2021-12-21 04:00:00,14978.807532354196,13172.226748414188,27622.09793747967
2021-12-21 08:00:00,14956.8596846637,13361.752959253257,27952.332550852832
2021-12-21 12:00:00,15018.542294318051,13442.712600871911,28119.69594658541
2021-12-21 16:00:00,14923.65395010082,13336.007172838132,27812.22280196171
2021-12-21 20:00:00,14975.489016662326,13380.054180921843,27804.64038519573
2021-12-22 00:00:00,15005.10158334557,13443.953361663001,28107.852190695285
2021-12-22 04:00:00,15092.595714945632,13550.038409301236,28165.491032767994
2021-12-22 08:00:00,15101.556736194512,13562.756207409913,28872.08476464598
2021-12-22 12:00:00,15009.985029680196,13446.12469304741,28665.153976754846
2021-12-22 16:00:00,14967.729478597726,13412.313961490196,28527.97819927617
2021-12-22 20:00:00,14947.75950403699,13407.350918325834,28013.771736687937
2021-12-23 00:00:00,14898.482852916104,13320.4976629495,27773.95817991145
2021-12-23 04:00:00,14855.338065040627,13274.899703876925,27979.966617640242
2021-12-23 08:00:00,14754.739966633308,13192.699301467183,27606.656967090796
2021-12-23 12:00:00,14777.088977514302,13252.566009637298,27778.52558313733
2021-12-23 16:00:00,14828.387484355135,13389.980267250567,28043.455155406326
2021-12-23 20:00:00,15037.039275087438,13988.337158753944,29499.37583767926
2021-12-24 00:00:00,14962.800685416236,13917.613793661789,29347.140589682516
2021-12-24 04:00:00,14903.977134531018,13987.096397962854,29106.904511876426
2021-12-24 08:00:00,14919.811918037147,13975.92955084304,29199.133220913147
2021-12-24 12:00:00,14894.079030906369,13958.869089965547,29151.00412014513
2021-12-24 16:00:00,15113.469229147426,13978.41107242522,29913.872897810965
2021-12-24 20:00:00,15019.970960857529,14038.898160990882,29536.19464451459
2021-12-25 00:00:00,14909.717121055091,13944.910531065778,29313.376277042837
2021-12-25 04:00:00,14929.651618810054,13953.28566640564,29399.701904077752
2021-12-25 08:00:00,15007.062759151788,13981.82316460072,29617.59311690224
2021-12-25 12:00:00,14915.114540352963,13912.340560299654,29335.750584841313
2021-12-25 16:00:00,14992.764395585422,13915.44246227738,29548.728740853796
2021-12-25 20:00:00,14978.491980677354,13974.998980249722,29439.85031592578
2021-12-26 00:00:00,15007.103311150726,13844.098716789678,29630.58042467882
2021-12-26 04:00:00,14783.497022568028,13648.368701995156,29248.262719444843
2021-12-26 08:00:00,14884.30243304928,13716.610545505133,29478.4388888814
2021-12-26 12:00:00,14946.238679632435,13667.910684454831,29791.01060163517
2021-12-26 16:00:00,15046.179813757204,13746.07861429353,30038.81047801926
2021-12-26 20:00:00,15116.629009286427,13823.936353934458,30141.74498563081
2021-12-27 00:00:00,15107.256863204479,13924.748168210559,30068.136665236638
2021-12-27 04:00:00,15229.748742010399,13972.827648865314,30420.414288324886
2021-12-27 08:00:00,15093.473139526459,13896.831050411023,30101.16318696821
2021-12-27 12:00:00,15157.222038734077,13932.1927329571,30325.79989271454
2021-12-27 16:00:00,15246.36364324529,14099.385249556542,30528.99570998264
2021-12-27 20:00:00,15198.391253128275,14040.138921781972,30379.706120551633
2021-12-28 00:00:00,14998.698108024415,13884.113252302346,29755.479166930585
2021-12-28 04:00:00,14901.083360496432,13643.095468633022,29019.485239402697
2021-12-28 08:00:00,14901.083360496432,13503.509879635345,28948.01507707029
2021-12-28 12:00:00,14901.083360496432,13487.379989351168,29140.837610361003
2021-12-28 16:00:00,14901.083360496432,13443.332981267456,28502.752191161155
2021-12-28 20:00:00,14901.083360496432,13093.748628377716,27719.983034255896
2021-12-29 00:00:00,14901.083360496432,13049.391430096233,27329.09856000367
2021-12-29 04:00:00,14901.083360496432,13183.393595534004,27703.51391353488
2021-12-29 08:00:00,14901.083360496432,13066.762081171499,27287.61258694892
2021-12-29 12:00:00,14901.083360496432,13099.332051937625,27201.14233776063
2021-12-29 16:00:00,14901.083360496432,13115.772132419574,27204.547144262448
2021-12-29 20:00:00,14901.083360496432,12884.990625276745,26840.434633266384
2021-12-30 00:00:00,14901.083360496432,12699.807077206493,26257.317645389332
2021-12-30 04:00:00,14901.083360496432,12736.719710741434,26261.87381177379
2021-12-30 08:00:00,14901.083360496432,12885.300815474518,26805.47807706353
2021-12-30 12:00:00,14901.083360496432,13027.988306449923,26995.809537121964
2021-12-30 16:00:00,14901.083360496432,12912.287362680736,26809.98098892889
2021-12-30 20:00:00,14901.083360496432,13036.983822185328,26979.345656982445
2021-12-31 00:00:00,14901.083360496432,12913.8383136696,26654.0653380915
2021-12-31 04:00:00,14901.083360496432,12940.204480480272,26681.69935147341
2021-12-31 08:00:00,14901.083360496432,12943.926762853544,26748.144754663652
2021-12-31 12:00:00,14901.083360496432,13162.610852283238,27152.612116983255
2021-12-31 16:00:00,14901.083360496432,13092.8180577844,27080.178014144713
2021-12-31 20:00:00,14901.083360496432,12472.127472041391,25832.5965046414
2022-01-01 00:00:00,14901.083360496432,12618.227055192296,26224.562390545107
2022-01-01 04:00:00,14901.083360496432,12794.10489732937,26649.395724646605
2022-01-01 08:00:00,14901.083360496432,12884.680435078973,26695.549997882954
2022-01-01 12:00:00,14901.083360496432,12785.729761989509,26458.366008869907
2022-01-01 16:00:00,14901.083360496432,12901.740895956467,26789.035514316012
2022-01-01 20:00:00,14893.632818816182,12937.72295889809,27156.62870998327
2022-01-02 00:00:00,14940.074449099724,13034.81249080092,27371.024354400135
2022-01-02 04:00:00,14901.585152768845,12918.180976438416,27185.762206610343
2022-01-02 08:00:00,14846.555001816429,12896.467662594332,26971.860369883172
2022-01-02 12:00:00,14846.236908458322,12911.046601889646,26975.117136114925
2022-01-02 16:00:00,14861.187296289325,12938.343339293635,27083.4121910995
2022-01-02 20:00:00,14823.870877367006,12817.98954255786,26966.73413323993
2022-01-03 00:00:00,14897.823381601278,12919.421737229506,27160.088186073815
2022-01-03 04:00:00,14731.091813522951,12800.308701284821,26699.812991566112
2022-01-03 08:00:00,14768.46286822749,12880.337772310157,26851.12987779602
2022-01-03 12:00:00,14800.220879142416,12944.236953051315,27068.954368306186
2022-01-03 16:00:00,14751.328313501297,12822.64239552445,26654.403615388168
2022-01-03 20:00:00,14693.72075881841,12733.307618565936,26465.919235019825
2022-01-04 00:00:00,14728.285291628144,12758.433024585518,26534.97599497591
2022-01-04 04:00:00,14701.992612824159,12717.798108677305,26238.189280305025
2022-01-04 08:00:00,14730.500966808255,12797.827179702641,26463.558122404822
2022-01-04 12:00:00,14830.05863823458,12846.216850555169,26880.815743108047
2022-01-04 16:00:00,14829.615503198555,12859.865219257164,26814.903987736863
2022-01-04 20:00:00,14794.016988638105,12652.658167145055,26421.030967729297
2022-01-05 00:00:00,14758.123050720305,12604.5786864903,26312.422406441376
2022-01-05 04:00:00,14779.68895580672,12759.053404981063,26490.836570222596
2022-01-05 08:00:00,14796.084952139543,12737.650281334752,26575.744691119555
2022-01-05 12:00:00,14750.737466786602,12680.57528494459,26324.209562150878
2022-01-05 16:00:00,14787.960809812468,12755.641312805565,26352.92979605904
2022-01-05 20:00:00,14576.506741160982,12262.438898347104,25046.61065654552
2022-01-06 00:00:00,14576.506741160982,11926.81310435713,24365.216169230967
2022-01-06 04:00:00,14576.506741160982,11767.375342702006,23559.69976814374
2022-01-06 08:00:00,14576.506741160982,11880.59476488901,23889.916188030613
2022-01-06 12:00:00,14576.506741160982,11767.065152504234,23346.91777381671
2022-01-06 16:00:00,14576.506741160982,11803.667595841402,23666.715283270336
2022-01-06 20:00:00,14576.506741160982,11953.179271167803,24205.7774200274
2022-01-07 00:00:00,14576.506741160982,11842.751560760751,23748.374637482273
2022-01-07 04:00:00,14576.506741160982,11490.065305893286,22300.49562301635
2022-01-07 08:00:00,14576.506741160982,11433.300499700897,22157.544583610354
2022-01-07 12:00:00,14576.506741160982,11606.386630058018,22323.896223232507
2022-01-07 16:00:00,14576.506741160982,11303.951187229715,21674.73964721585
2022-01-07 20:00:00,14576.506741160982,11411.897376054587,22211.12053262115
2022-01-08 00:00:00,14576.506741160982,11347.06762472011,21832.19250541878
2022-01-08 04:00:00,14576.506741160982,11426.786505547672,22148.691945280567
2022-01-08 08:00:00,14576.506741160982,11457.805525324933,22686.64172866661
2022-01-08 12:00:00,14576.506741160982,11487.273594113332,22908.86339543344
2022-01-08 16:00:00,14576.506741160982,11386.15158963946,22560.06527028054
2022-01-08 20:00:00,14576.506741160982,11157.851604078813,21372.703360695356
2022-01-09 00:00:00,14576.506741160982,11385.221019046141,22218.975385908576
2022-01-09 04:00:00,14576.506741160982,11445.39791741403,22296.66566215809
2022-01-09 08:00:00,14576.506741160982,11437.953352667486,22137.38921876085
2022-01-09 12:00:00,14576.506741160982,11447.569248798438,22155.202011671066
2022-01-09 16:00:00,14576.506741160982,11379.327405288463,22049.40001524974
2022-01-09 20:00:00,14576.506741160982,11700.994640378665,22838.61905213762
2022-01-10 00:00:00,14576.506741160982,11449.120199787301,22189.10712093478
2022-01-10 04:00:00,14576.506741160982,11482.000360751197,22225.463595740046
2022-01-10 08:00:00,14576.506741160982,11531.320602197044,22516.093836503023
2022-01-10 12:00:00,14576.506741160982,11384.600638650596,22042.960928819186
2022-01-10 16:00:00,14576.506741160982,11235.088963324195,21242.67214010489
2022-01-10 20:00:00,14576.506741160982,11329.076593249298,21226.836070295616
2022-01-11 00:00:00,14576.506741160982,11458.115715522707,21673.73467326653
2022-01-11 04:00:00,14576.506741160982,11568.233235731986,21882.581625682957
2022-01-11 08:00:00,14576.506741160982,11553.964486634446,21897.91640488938
2022-01-11 12:00:00,14576.506741160982,11460.597237104888,21647.827187013296
2022-01-11 16:00:00,14576.506741160982,11428.95783693208,21847.825440240522
2022-01-11 20:00:00,14561.93023441982,11750.314881824512,22612.944985465016
2022-01-12 00:00:00,14533.317051608563,11674.938663765766,22344.10598202994
2022-01-12 04:00:00,14502.823514486194,11622.206330144421,22278.960722199146
2022-01-12 08:00:00,14488.284514736195,11638.956600824142,22189.00254973325
2022-01-12 12:00:00,14610.591247580545,11738.21746411138,22522.10046016523
2022-01-12 16:00:00,14762.714601161013,11849.265554913976,23225.382798712384
2022-01-12 20:00:00,14947.455924140733,11874.701151131332,23730.27201838637
2022-01-13 00:00:00,14909.630118659505,11931.46595732372,23579.689997269907
2022-01-13 04:00:00,14739.919032650247,11820.10767632335,23278.45333715775
2022-01-13 08:00:00,14809.458946976178,11842.131180365206,23486.568212981932
2022-01-13 12:00:00,14748.938690176674,11816.695584147852,23352.701023023852
2022-01-13 16:00:00,14814.385280549912,11709.990156114072,23743.404062132344
2022-01-13 20:00:00,14449.456998477417,11568.543425929758,22897.684196097693
2022-01-14 00:00:00,14380.718785384252,11535.66326496586,22764.29587033167
2022-01-14 04:00:00,14453.973458161101,11545.899541492357,22904.49492425358
2022-01-14 08:00:00,14449.873193311501,11546.209731690129,22908.617727245968
2022-01-14 12:00:00,14214.606682330883,11394.52672497932,22374.499492920524
2022-01-14 16:00:00,14214.606682330883,11703.476161960847,23010.343315520637
2022-01-14 20:00:00,14214.606682330883,11730.772899364836,23194.201562890485
2022-01-15 00:00:00,14214.606682330883,11709.679965916299,22979.986213948774
2022-01-15 04:00:00,14214.606682330883,11691.378744247715,22967.902947920928
2022-01-15 08:00:00,14214.606682330883,11742.249936682423,22945.507436786203
2022-01-15 12:00:00,14214.606682330883,11727.050616991566,23043.817993969707
2022-01-15 16:00:00,14214.606682330883,11825.380909685486,23293.72914141325
2022-01-15 20:00:00,14214.606682330883,11839.649658783026,23266.97078934176
2022-01-16 00:00:00,14214.606682330883,11725.18947580493,23133.593550689475
2022-01-16 04:00:00,14214.606682330883,11712.471677696252,23071.311006687865
2022-01-16 08:00:00,14214.606682330883,11774.509717250776,23397.741365842434
2022-01-16 12:00:00,14214.606682330883,11709.679965916299,23191.797653274618
2022-01-16 16:00:00,14214.606682330883,11778.231999624048,23419.0958520891
2022-01-16 20:00:00,14214.606682330883,11656.947632294954,23125.567246469218
2022-01-17 00:00:00,14214.606682330883,11714.33281888289,23222.580286819866
2022-01-17 04:00:00,14214.606682330883,11601.423586893656,22534.50638835148
2022-01-17 08:00:00,14214.606682330883,11584.363126016162,22565.595026459516
2022-01-17 12:00:00,14214.606682330883,11606.076439860244,22462.344974235195
2022-01-17 16:00:00,14214.606682330883,11566.682284743123,22431.47099670043
2022-01-17 20:00:00,14214.606682330883,11507.12576677078,22163.483284861653
2022-01-18 00:00:00,14214.606682330883,11484.171692135606,22116.753424939456
2022-01-18 04:00:00,14214.606682330883,11454.703623347208,22036.902473157068
2022-01-18 08:00:00,14214.606682330883,11458.42590572048,22105.081790938522
2022-01-18 12:00:00,14214.606682330883,11406.934332890225,21863.75750749747
2022-01-18 16:00:00,14214.606682330883,11382.739497463961,21743.787718473264
2022-01-18 20:00:00,14214.606682330883,11423.684603569945,21846.091249821213
2022-01-19 00:00:00,14214.606682330883,11605.4560594647,22374.439703161777
2022-01-19 04:00:00,14214.606682330883,11419.031750603357,21907.984900151245
2022-01-19 08:00:00,14214.606682330883,11307.053089207442,21438.7533288584
2022-01-19 12:00:00,14214.606682330883,11502.162723606418,21755.57738687586
2022-01-19 16:00:00,14214.606682330883,11485.102262728924,21808.58861455873
2022-01-19 20:00:00,14214.606682330883,11456.874954731617,21792.067827982966
2022-01-20 00:00:00,14214.606682330883,11402.281479923635,21609.992953750036
2022-01-20 04:00:00,14214.606682330883,11467.731611653657,21840.771628173847
2022-01-20 08:00:00,14214.606682330883,11492.546827475468,21860.262670696473
2022-01-20 12:00:00,14214.606682330883,11524.186227648273,21965.334533606612
2022-01-20 16:00:00,14193.31670726998,11848.33498432066,22736.73286231509
2022-01-20 20:00:00,14015.965535912579,11780.713521206228,22379.908127557886
2022-01-21 00:00:00,13041.25543149651,11159.092364869903,20669.63451416372
2022-01-21 04:00:00,13041.25543149651,10569.420798904159,19924.35786972046
2022-01-21 08:00:00,13041.25543149651,10729.168750757057,20223.933004582057
2022-01-21 12:00:00,13041.25543149651,10652.861962104993,19694.73137719691
2022-01-21 16:00:00,13041.25543149651,10628.046746283182,19637.62939134879
2022-01-21 20:00:00,13041.25543149651,10395.093907755947,19265.436044688795
2022-01-22 00:00:00,13041.25543149651,9980.679803531732,18089.302075520845
2022-01-22 04:00:00,13041.25543149651,9954.003446523286,17839.405539354546
2022-01-22 08:00:00,13041.25543149651,9679.795311692293,16636.57817881468
2022-01-22 12:00:00,13041.25543149651,9706.161478502965,16476.58888151546
2022-01-22 16:00:00,13041.25543149651,9545.793146254522,15807.433025275772
2022-01-22 20:00:00,13041.25543149651,9470.416928195775,15468.794611620608
2022-01-23 00:00:00,13041.25543149651,9609.382136797907,16009.192549218307
2022-01-23 04:00:00,13041.25543149651,9605.349664226864,16000.464692178928
2022-01-23 08:00:00,13041.25543149651,9762.305904299808,16828.84006574807
2022-01-23 12:00:00,13041.25543149651,9797.047206450341,16928.760397450482
2022-01-23 16:00:00,13041.25543149651,9677.623980307884,16481.434986003645
2022-01-23 20:00:00,13041.25543149651,9525.940973597075,15941.12893793569
2022-01-24 00:00:00,13041.25543149651,9928.567850305932,16798.530121478136
2022-01-24 04:00:00,13041.25543149651,9694.99463138315,15857.855354969051
2022-01-24 08:00:00,13041.25543149651,9569.367601285241,15181.90732478724
2022-01-24 12:00:00,13041.25543149651,9254.524550546033,14615.33717497754
2022-01-24 16:00:00,13041.25543149651,9399.383372905846,15061.86720099445
2022-01-24 20:00:00,13041.25543149651,9884.210652024447,15572.470713728031
2022-01-25 00:00:00,13041.25543149651,10062.259825545929,15926.59323415819
2022-01-25 04:00:00,13041.25543149651,10001.772736980269,15722.864299624747
2022-01-25 08:00:00,13041.25543149651,9906.544346264076,15643.33186683794
2022-01-25 12:00:00,13041.25543149651,10039.9261313063,15947.03099249912
2022-01-25 16:00:00,13034.73480378076,10070.634960885789,16061.187782826619
2022-01-25 20:00:00,13082.53586939858,10181.372861490614,16466.52040318802
2022-01-26 00:00:00,13071.422456383792,10155.627075075487,16315.978441009876
2022-01-26 04:00:00,13126.320038745991,10282.80505616226,16372.479014227316
2022-01-26 08:00:00,13125.248866407217,10280.323534580079,16334.514866387632
2022-01-26 12:00:00,13212.233128232896,10497.146482823138,16912.78279292747
2022-01-26 16:00:00,13290.295809343814,10464.26632185924,17040.05053267585
2022-01-26 20:00:00,13213.41589023632,10376.792686087363,16946.056387142646
2022-01-27 00:00:00,12936.664946919362,10173.928296744072,16093.714957036405
2022-01-27 04:00:00,12642.546546481295,9894.13673835317,15314.636855032379
2022-01-27 08:00:00,12705.34402484196,10039.615941108528,15710.665444522732
2022-01-27 12:00:00,12776.175295743433,10203.706555730243,16129.715102572674
2022-01-27 16:00:00,12778.451536963328,10208.979789092376,16275.484117948195
2022-01-27 20:00:00,12728.775919752654,10093.899225718736,15885.959731004583
2022-01-28 00:00:00,12840.713429154604,10353.218231056644,15970.385837639198
2022-01-28 04:00:00,12862.404669014792,10403.469043095807,16324.876806802717
2022-01-28 08:00:00,12797.464845976578,10253.02679717609,15896.265690934899
2022-01-28 12:00:00,12753.123934806086,10165.55316140421,15796.374327887963
2022-01-28 16:00:00,12753.123934806086,10349.1857584856,16149.67399250855
2022-01-28 20:00:00,12753.123934806086,10367.486980154184,16236.866005431457
2022-01-29 00:00:00,12746.747372838683,10506.452188756317,16365.91724506647
2022-01-29 04:00:00,12753.775754446835,10523.822839831584,16467.251201829284
2022-01-29 08:00:00,12769.589613065176,10562.906804750934,17046.042216836147
2022-01-29 12:00:00,12757.289945250912,10532.508165369216,16934.204253044954
2022-01-29 16:00:00,12737.083348127475,10482.567543527826,16753.31538428339
2022-01-29 20:00:00,12762.703042014546,10561.666043959844,16881.765187820267
2022-01-30 00:00:00,12813.986043447887,10643.24606597404,17006.938832636355
2022-01-30 04:00:00,12745.606698443382,10583.99973819947,16780.1451233279
2022-01-30 08:00:00,12855.61767408164,10671.163183773577,17102.529082746503
2022-01-30 12:00:00,12846.056622335607,10619.981801141095,17035.731541611178
2022-01-30 16:00:00,12816.120805614119,10592.06468334156,16901.150574793737
2022-01-30 20:00:00,12662.694352120274,10454.960615926062,16438.65102945413
2022-01-31 00:00:00,12774.389938653545,10555.772430202163,16691.827372889464
2022-01-31 04:00:00,12510.43544161387,10301.416468028618,16147.64733672297
2022-01-31 08:00:00,12540.223217671672,10324.060352466018,16150.586896373348
2022-01-31 12:00:00,12590.478668075933,10368.417550747503,16340.56156926402
2022-01-31 16:00:00,12667.597941059928,10445.654909992883,16791.73172408108
2022-01-31 20:00:00,12739.258134031068,10601.68057947251,17191.61427851407
2022-02-01 00:00:00,12794.563529280029,10637.35245221636,17291.640960206925
2022-02-01 04:00:00,13236.051514452793,10661.547287642625,18182.68616669957
2022-02-01 08:00:00,13123.099818794792,10598.268487297011,17951.499700347627
2022-02-01 12:00:00,13203.839655486583,10593.925824528194,18077.3571484527
2022-02-01 16:00:00,13330.668711004095,10665.889950411442,18365.172170290938
2022-02-01 20:00:00,13266.20966333511,10596.407346110376,18237.372130405052
2022-02-02 00:00:00,13403.22154497858,10663.098238631488,18500.579003617
2022-02-02 04:00:00,13408.692538588653,10606.953812834645,18528.328797201575
2022-02-02 08:00:00,13260.54471792189,10542.434251697941,18227.329382499396
2022-02-02 12:00:00,13325.239426924076,10565.078136135342,18364.419958202692
2022-02-02 16:00:00,12992.215213943917,10285.906958139985,17751.08023189955
2022-02-02 20:00:00,13158.351527230428,10318.476928906111,18213.211609373517
2022-02-03 00:00:00,12818.082257806687,10141.66851617572,17325.541159988246
2022-02-03 04:00:00,12608.515934875395,10123.367294507134,16802.759607570428
2022-02-03 08:00:00,12608.515934875395,10187.266475248294,17088.675119959178
2022-02-03 12:00:00,12608.515934875395,10128.330337671496,16808.233208528858
2022-02-03 16:00:00,12608.515934875395,10043.3382234818,16739.267029479266
2022-02-03 20:00:00,12608.515934875395,9930.73918169034,16495.50427149752
2022-02-04 00:00:00,12608.515934875395,10127.39976707818,17155.75350963742
2022-02-04 04:00:00,12608.515934875395,10111.580066991775,17192.63341824613
2022-02-04 08:00:00,12608.515934875395,10255.198128560498,17645.690832103082
2022-02-04 12:00:00,12608.515934875395,10229.142151947597,17612.981227182172
2022-02-04 16:00:00,12595.907418940522,10701.561823155293,18122.166368466384
2022-02-04 20:00:00,12851.230533970109,11035.326475958629,18675.208097256116
2022-02-05 00:00:00,12997.349733804644,11261.144939937094,18991.614655167417
2022-02-05 04:00:00,12983.808684236052,11231.987061346468,19135.415147841843
2022-02-05 08:00:00,13040.822401050966,11228.264778973196,19287.604072376667
2022-02-05 12:00:00,13048.267391132074,11248.427141828417,19260.909750420506
2022-02-05 16:00:00,13204.120738654769,11340.863820764656,19502.715482774824
2022-02-05 20:00:00,12992.998206512071,11259.283798750459,19103.58070114083
2022-02-06 00:00:00,13002.789988409011,11222.991545611063,19149.414193373435
2022-02-06 04:00:00,13039.558748717112,11245.945620246237,19233.735472764805
2022-02-06 08:00:00,13043.006017499338,11293.404720505447,19212.507355851063
2022-02-06 12:00:00,13033.18315617412,11272.001596859136,19207.698721162204
2022-02-06 16:00:00,12958.374601237745,11274.172928243544,19050.276759282257
2022-02-06 20:00:00,12988.637256792063,11312.016132371804,19074.78724514584
2022-02-07 00:00:00,13207.153171309044,11483.241121542289,19416.747970113585
2022-02-07 04:00:00,13458.53687761807,11633.99355765978,19922.363228074773
2022-02-07 08:00:00,13390.219059758874,11609.178341837971,19727.67561380753
2022-02-07 12:00:00,13369.615280260885,11600.80320649811,19718.068130751933
2022-02-07 16:00:00,13707.94289854688,11906.340551304138,20269.923285507153
2022-02-07 20:00:00,13775.769833115104,12019.870163688916,20258.633469882065
2022-02-08 00:00:00,13594.424328862455,11900.136747348686,19921.258078065293
2022-02-08 04:00:00,13662.340151853874,11998.77723024038,20006.581927084724
2022-02-08 08:00:00,13820.811460757788,12237.003302129748,20164.09965558122
2022-02-08 12:00:00,13449.122326723902,11957.211743738848,19590.149027754876
2022-02-08 16:00:00,13352.821735275918,11824.76052928994,19303.011572367475
2022-02-08 20:00:00,13294.281004897342,11693.23988543435,19088.835336588556
2022-02-09 00:00:00,13294.281004897342,11985.128861538384,19546.962394090468
2022-02-09 04:00:00,13294.281004897342,11780.403331008456,19193.992068631618
2022-02-09 08:00:00,13294.281004897342,11928.053865148222,19347.687237065657
2022-02-09 12:00:00,13294.281004897342,11879.974384493466,19537.89091630772
2022-02-09 16:00:00,13294.281004897342,11928.984435741539,19567.588927720673
2022-02-09 20:00:00,13287.633864394895,12073.843258101351,19892.247119570344
2022-02-10 00:00:00,13289.192579485163,12068.88021493699,19799.044884336225
2022-02-10 04:00:00,13200.969305375984,11897.03484537096,19340.43032337584
2022-02-10 08:00:00,13209.230495354404,11981.406579165112,19516.226225943137
2022-02-10 12:00:00,13290.907166084457,12186.442299892811,19802.041924475136
2022-02-10 16:00:00,13224.038288711952,12176.516213564088,19525.497181334613
2022-02-10 20:00:00,13097.02296040825,12036.620434368637,19068.8215211571
2022-02-11 00:00:00,13097.02296040825,11839.649658783026,18717.46376380044
2022-02-11 04:00:00,13097.02296040825,11820.417866521124,18602.097046479073
2022-02-11 08:00:00,13097.02296040825,11826.311480278802,18746.74224797089
2022-02-11 12:00:00,13097.02296040825,11815.144633158989,18695.95018817941
2022-02-11 16:00:00,13097.02296040825,11901.377508139776,18860.873779645568
2022-02-11 20:00:00,13097.02296040825,11708.74939532298,18013.99619375406
2022-02-12 00:00:00,13097.02296040825,11585.914077005025,17533.3165954047
2022-02-12 04:00:00,13097.02296040825,11585.914077005025,17620.550278753417
2022-02-12 08:00:00,13097.02296040825,11528.52889041709,17261.264229938144
2022-02-12 12:00:00,13097.02296040825,11601.113396695882,17529.103029657417
2022-02-12 16:00:00,13097.02296040825,11522.325086461638,17306.52362361405
2022-02-12 20:00:00,13097.02296040825,11679.281326534583,17691.337448591446
2022-02-13 00:00:00,13097.02296040825,11563.89057296317,17474.185737608906
2022-02-13 04:00:00,13097.02296040825,11571.955518105256,17520.265215058105
2022-02-13 08:00:00,13097.02296040825,11615.071955595651,17544.255328076157
2022-02-13 12:00:00,13097.02296040825,11639.266791021915,17559.926822306734
2022-02-13 16:00:00,13097.02296040825,11639.576981219687,17467.536622293977
2022-02-13 20:00:00,13097.02296040825,11488.514354904422,16993.002067944668
2022-02-14 00:00:00,13097.02296040825,11477.037317586835,17065.844509300434
2022-02-14 04:00:00,13097.02296040825,11463.078758687068,17131.608075078424
2022-02-14 08:00:00,13097.02296040825,11575.987990676302,17326.261228147632
2022-02-14 12:00:00,13097.02296040825,11567.61285533644,17191.17121406137
2022-02-14 16:00:00,13097.02296040825,11697.582548203167,17658.42675776592
2022-02-14 20:00:00,13097.02296040825,11572.886088698575,17304.43263886712
2022-02-15 00:00:00,13097.02296040825,11679.591516732355,17639.313708489375
2022-02-15 04:00:00,13077.406850133053,11940.771663256899,18347.05505522473
2022-02-15 08:00:00,13162.644837556678,11992.573426284926,18469.14116728618
2022-02-15 12:00:00,13262.018433185609,12099.589044516479,18574.456061106175
2022-02-15 16:00:00,13301.980285329826,12086.871246407802,18622.31934888815
2022-02-15 20:00:00,13197.125890024956,12026.384157842142,18445.86267454431
2022-02-16 00:00:00,13536.82276862488,12185.201539101721,19002.33632262968
2022-02-16 04:00:00,13298.5174577694,12033.828722588683,18610.731762224772
2022-02-16 08:00:00,13365.193122436885,12059.57450900381,18746.983381663227
2022-02-16 12:00:00,13261.379198590997,12043.134428521862,18544.50316416882
2022-02-16 16:00:00,12984.663090148877,11909.752643479636,18092.026947631737
2022-02-16 20:00:00,13350.600999619457,12062.366220783764,18682.055997571515
2022-02-17 00:00:00,13192.783234581928,11978.92505758293,18441.262021127834
2022-02-17 04:00:00,13035.994561559784,11930.22519653263,18156.93705909679
2022-02-17 08:00:00,13147.389572679576,11993.503996878244,18353.55998116436
2022-02-17 12:00:00,12918.351916455675,11783.505232986183,18046.83001775795
2022-02-17 16:00:00,12799.42882560219,11453.152672358345,17645.780965424798
2022-02-17 20:00:00,12799.42882560219,11249.667902619507,17216.71712599638
2022-02-18 00:00:00,12799.42882560219,11071.308538900254,17015.96019911762
2022-02-18 04:00:00,12799.42882560219,11113.494405797328,17134.25544683887
2022-02-18 08:00:00,12799.42882560219,11110.392503819603,17202.509330397967
2022-02-18 12:00:00,12799.42882560219,10985.385854117238,17018.047758565524
2022-02-18 16:00:00,12799.42882560219,10906.597543882994,16594.78928959326
2022-02-18 20:00:00,12799.42882560219,11009.580689543502,16660.655332115784
2022-02-19 00:00:00,12799.42882560219,10963.982730470927,16506.47786089735
2022-02-19 04:00:00,12799.42882560219,11009.27049934573,16703.96407936546
2022-02-19 08:00:00,12799.42882560219,11057.349980000485,16823.436174138267
2022-02-19 12:00:00,12799.42882560219,10925.829336144896,16373.006876454096
2022-02-19 16:00:00,12799.42882560219,10959.950257899884,16574.65186394895
2022-02-19 20:00:00,12799.42882560219,10948.473220582297,16444.849989112612
2022-02-20 00:00:00,12799.42882560219,10979.182050161786,16624.293718939927
2022-02-20 04:00:00,12799.42882560219,10890.77784379659,16222.433965374086
2022-02-20 08:00:00,12799.42882560219,10612.22704619678,15939.024757565527
2022-02-20 12:00:00,12799.42882560219,10499.938194603092,16077.467892445053
2022-02-20 16:00:00,12799.42882560219,10494.664961240958,16096.25390741729
2022-02-20 20:00:00,12799.42882560219,10521.651508447176,16380.727455885448
2022-02-21 00:00:00,12799.42882560219,10525.994171215993,16219.470121086277
2022-02-21 04:00:00,12799.42882560219,10641.384924787406,16661.65670478891
2022-02-21 08:00:00,12793.02911118939,10730.099321350373,16882.01759343908
2022-02-21 12:00:00,12508.948210912267,10275.050301217945,15949.002124033192
2022-02-21 16:00:00,12508.948210912267,10620.912371734412,16261.796000217098
2022-02-21 20:00:00,12508.948210912267,10461.78480027706,15928.430756549213
2022-02-22 00:00:00,12508.948210912267,10159.659547646532,15258.288157406401
2022-02-22 04:00:00,12508.948210912267,10046.129935261753,15042.526194309434
2022-02-22 08:00:00,12508.948210912267,10091.417704136555,15093.1360012025
2022-02-22 12:00:00,12508.948210912267,10265.744595284767,15493.72089794695
2022-02-22 16:00:00,12508.948210912267,10333.676248596968,15647.2805673576
2022-02-22 20:00:00,12508.948210912267,10428.59444911539,15756.468365777597
2022-02-23 00:00:00,12508.948210912267,10468.608984628057,15792.901294098145
2022-02-23 04:00:00,12508.948210912267,10338.018911365785,15790.80146623986
2022-02-23 08:00:00,12508.948210912267,10458.682898299334,16130.60183078341
2022-02-23 12:00:00,12508.948210912267,10627.426365887637,16515.71819806401
2022-02-23 16:00:00,12508.948210912267,10558.253951784343,16211.181511780851
2022-02-23 20:00:00,12508.948210912267,10324.37054266379,15920.10582719728
2022-02-24 00:00:00,12508.948210912267,10220.456826409963,15446.137251269149
2022-02-24 04:00:00,12508.948210912267,9640.090966377396,14358.678120224144
2022-02-24 08:00:00,12508.948210912267,9741.833351246816,14818.299265332716
2022-02-24 12:00:00,12508.948210912267,9838.922883149644,14875.941951095385
2022-02-24 16:00:00,12508.948210912267,10034.342707746393,15478.097812132935
2022-02-24 20:00:00,12502.693736806812,10339.259672156877,16297.921088771156
2022-02-25 00:00:00,12426.919215491478,10626.805985492092,16224.40121552343
2022-02-25 04:00:00,12420.295814698049,10771.974998049678,16319.293335793453
2022-02-25 08:00:00,12344.05432841431,10655.033293489401,16182.379057040616
2022-02-25 12:00:00,12436.578170505447,10760.187770534318,16371.781789673441
2022-02-25 16:00:00,12516.384059046832,10877.74985549014,16620.24037777286
2022-02-25 20:00:00,12264.478529228083,10669.612232784713,16292.143802721763
2022-02-26 00:00:00,12592.958739996215,10798.030974662577,16778.58755031951
2022-02-26 04:00:00,12668.652465201441,10862.55053579928,16849.531722634347
2022-02-26 08:00:00,12618.198295297654,10811.679343364573,16768.728636394706
2022-02-26 12:00:00,12466.231294030276,10742.81711945905,16546.791308942444
2022-02-26 16:00:00,12560.644438094176,10812.920104155663,16663.55365512236
2022-02-26 20:00:00,12592.820123159276,10824.086951275476,16677.928084907224
2022-02-27 00:00:00,12493.534562863555,10776.627851016267,16542.547825817303
2022-02-27 04:00:00,12189.671206729676,10641.074734589632,16072.235426649891
2022-02-27 08:00:00,12339.806861555633,10697.52935058425,16326.161603367476
2022-02-27 12:00:00,12616.4293638716,10865.652437777007,16683.315086571914
2022-02-27 16:00:00,12595.890149404095,10825.63790226434,16691.35941086105
2022-02-27 20:00:00,11846.003612815275,10391.681815580449,15663.90511837598
2022-02-28 00:00:00,11875.346019118067,10467.988604232512,15848.52423526112
2022-02-28 04:00:00,11894.08072806914,10532.508165369216,16002.82572384283
2022-02-28 08:00:00,11894.08072806914,10644.48682676513,16179.6719833352
2022-02-28 12:00:00,11894.08072806914,10627.73655608541,16443.628869557564
2022-02-28 16:00:00,11882.186647341072,11287.511106747766,17336.150082445747
2022-02-28 20:00:00,11967.820359672027,11437.953352667486,17457.70784852925
2022-03-01 00:00:00,12284.359254445542,11950.077369190078,18134.49587752315
2022-03-01 04:00:00,12192.954765011838,11955.04041235444,17915.216970136487
2022-03-01 08:00:00,12191.519166951059,12018.319212700053,17878.965588250892
2022-03-01 12:00:00,12265.958058292606,12103.31132688975,18020.15662142195
2022-03-01 16:00:00,12377.615746793781,12163.79841545541,18159.71792347965
2022-03-01 20:00:00,12389.760666182961,12210.01675492353,18170.022141604073
2022-03-02 00:00:00,12533.62729998913,12377.829651918517,18374.28267656685
2022-03-02 04:00:00,12832.277831782787,12375.348130336335,19013.424559211504
2022-03-02 08:00:00,12683.98502332526,12304.624765244178,18769.058344778037
2022-03-02 12:00:00,12833.571857709707,12347.120822339028,19044.767157566526
2022-03-02 16:00:00,12650.050424274827,12374.72774994079,18673.0884684098
2022-03-02 20:00:00,12517.208357454303,12198.849907803717,18499.304465685243
2022-03-03 00:00:00,12534.373933159804,12260.88794735824,18483.272327525898
2022-03-03 04:00:00,12354.674010057724,12122.23292895388,18199.646060306957
2022-03-03 08:00:00,12421.461344929368,12146.737954577917,18340.450666031626
2022-03-03 12:00:00,12435.653560337467,12148.599095764552,18354.231535080136
2022-03-03 16:00:00,12091.020974242507,11923.401012181632,17787.416589154673
2022-03-03 20:00:00,12001.189507560728,11840.270039178571,17653.011825308
2022-03-04 00:00:00,12043.458983701592,11903.859029721958,17766.317368609132
2022-03-04 04:00:00,11948.414855143292,11650.743828339502,17157.982895103138
2022-03-04 08:00:00,11948.414855143292,11670.906191194721,17239.068931370188
2022-03-04 12:00:00,11948.414855143292,11778.231999624048,17467.689234696507
2022-03-04 16:00:00,11948.414855143292,11548.070872876766,17154.941047738965
2022-03-04 20:00:00,11948.414855143292,11280.376732198996,16695.689372940877
2022-03-05 00:00:00,11948.414855143292,11116.286117577283,16625.007463279006
2022-03-05 04:00:00,11948.414855143292,11100.776607688651,16573.668079615512
2022-03-05 08:00:00,11948.414855143292,11092.40147234879,16716.717827450637
2022-03-05 12:00:00,11948.414855143292,11125.281633312688,16722.642532250975
2022-03-05 16:00:00,11948.414855143292,11125.59182351046,16744.961772989962
2022-03-05 20:00:00,11948.414855143292,11210.273747502386,16912.70723354784
2022-03-06 00:00:00,11948.414855143292,11182.977010098395,16835.65459323127
2022-03-06 04:00:00,11948.414855143292,11159.71274526545,16603.6742382543
2022-03-06 08:00:00,11948.414855143292,11196.004998404846,16693.298043652467
2022-03-06 12:00:00,11948.414855143292,10901.944690916403,16403.0896495314
2022-03-06 16:00:00,11948.414855143292,11037.80799754081,16494.972626238537
2022-03-06 20:00:00,11948.414855143292,10984.145093326148,16255.364388518432
2022-03-07 00:00:00,11948.414855143292,10956.227975526612,16128.32968425097
2022-03-07 04:00:00,11948.414855143292,10815.091435540071,15835.271560375102
2022-03-07 08:00:00,11948.414855143292,10819.744288506661,15759.611388672645
2022-03-07 12:00:00,11948.414855143292,10972.047675613016,16023.339401404319
2022-03-07 16:00:00,11948.414855143292,11144.51342557459,16355.1438629915
2022-03-07 20:00:00,11948.414855143292,10667.130711202533,15509.307985833155
2022-03-08 00:00:00,11948.414855143292,10843.318743537378,15736.250422470854
2022-03-08 04:00:00,11948.414855143292,11027.571721014314,16058.102412301643
2022-03-08 08:00:00,11948.414855143292,11005.548216972458,15992.470019242206
2022-03-08 12:00:00,11948.414855143292,11114.114786192875,16183.05199334591
2022-03-08 16:00:00,11948.414855143292,11025.400389629905,15992.988581867365
2022-03-08 20:00:00,11948.414855143292,11019.196585674454,16005.18666418421
2022-03-09 00:00:00,11948.414855143292,11024.159628838815,15930.713149722458
2022-03-09 04:00:00,11936.466440288148,11718.985671849478,16978.33080596444
2022-03-09 08:00:00,12052.778691465952,11872.840009944695,17161.02657847516
2022-03-09 12:00:00,12042.742076000011,11910.993404270728,16999.998068828274
2022-03-09 16:00:00,12045.545553012651,11935.808620092537,17032.76591245344
2022-03-09 20:00:00,11933.835211778089,11820.10767632335,16676.103733970227
2022-03-10 00:00:00,11931.450978951676,11769.546674086414,16789.94385944314
2022-03-10 04:00:00,11729.527002426557,11438.57373306303,16330.0996754863
2022-03-10 08:00:00,11474.923046059885,10999.964793412551,15830.087804412276
2022-03-10 12:00:00,11474.923046059885,10987.86737569942,15772.706354241302
2022-03-10 16:00:00,11474.923046059885,11034.39590536531,15811.400714158313
2022-03-10 20:00:00,11474.923046059885,11135.207719641412,15959.531577369104
2022-03-11 00:00:00,11474.923046059885,11112.874025401783,15933.486581645815
2022-03-11 04:00:00,11474.923046059885,10926.449716540441,15720.677664999166
2022-03-11 08:00:00,11474.923046059885,11058.590740791575,15907.307776325928
2022-03-11 12:00:00,11474.923046059885,11240.672386884102,16103.048445873163
2022-03-11 16:00:00,11474.923046059885,11044.632181891808,15806.008913748035
2022-03-11 20:00:00,11474.923046059885,11026.641150420995,15727.384770875702
2022-03-12 00:00:00,11474.923046059885,11011.75202092791,15726.327651221298
2022-03-12 04:00:00,11474.923046059885,11105.429460655241,15912.401713638672
2022-03-12 08:00:00,11474.923046059885,11122.179731334962,15917.035740781397
2022-03-12 12:00:00,11474.923046059885,11107.60079203965,15839.706894584087
2022-03-12 16:00:00,11474.923046059885,11113.804595995101,15901.262969036296
2022-03-12 20:00:00,11474.923046059885,11100.46641749088,15896.70505600611
2022-03-13 00:00:00,11474.923046059885,11042.771040705173,15815.637630767189
2022-03-13 04:00:00,11474.923046059885,11161.263696254311,16013.663933274696
2022-03-13 08:00:00,11474.923046059885,11121.86954113719,15917.610410848098
2022-03-13 12:00:00,11474.923046059885,11027.26153081654,15791.728782903741
2022-03-13 16:00:00,11474.923046059885,11059.521311384893,15830.905481943857
2022-03-13 20:00:00,11474.923046059885,11029.432862200949,15705.196780372527
2022-03-14 00:00:00,11474.923046059885,10732.891033130327,15347.675471669521
2022-03-14 04:00:00,11474.923046059885,10866.272818172552,15544.546379475938
2022-03-14 08:00:00,11474.923046059885,11086.50785859111,15792.963883873308
2022-03-14 12:00:00,11474.923046059885,11021.057726861089,15742.476816347582
2022-03-14 16:00:00,11474.923046059885,11018.266015081135,15696.936929771662
2022-03-14 20:00:00,11474.923046059885,10990.969277677144,15571.935263233045
2022-03-15 00:00:00,11469.185584536855,11242.84371826851,15874.94456652717
2022-03-15 04:00:00,11363.976206294763,10950.02417157116,15493.98891365193
2022-03-15 08:00:00,11363.976206294763,10840.837221955198,15392.665610398151
2022-03-15 12:00:00,11363.976206294763,10918.694961596126,15523.372302537933
2022-03-15 16:00:00,11363.976206294763,11031.91438378313,15720.06703588065
2022-03-15 20:00:00,11352.612230088467,11253.079994795007,16306.396848702436
2022-03-16 00:00:00,11217.347139360685,11119.388019555008,16016.883468569678
2022-03-16 04:00:00,11178.750432684314,11077.822533053477,15926.449857410542
2022-03-16 08:00:00,11260.156620060543,11209.032986711294,16096.158326357683
2022-03-16 12:00:00,11349.387470187878,11428.95783693208,16331.922351261273
2022-03-16 16:00:00,11374.615186823507,11466.180660664795,16339.269855804469
2022-03-16 20:00:00,11495.553988957663,11481.06979015788,16544.27757322883
2022-03-17 00:00:00,11647.404483089165,11573.196278896348,16813.932636796806
2022-03-17 04:00:00,11630.108991335552,11535.353074768089,16811.005321240267
2022-03-17 08:00:00,11548.045599655241,11450.050770380618,16679.985429252545
2022-03-17 12:00:00,11579.28545557399,11437.02278207417,16726.030843818568
2022-03-17 16:00:00,11649.92962346079,11405.693572099135,16872.830624247923
2022-03-17 20:00:00,11768.413684936168,11434.541260491987,17082.5603132705
2022-03-18 00:00:00,11621.044518921315,11449.120199787301,16764.420276515397
2022-03-18 04:00:00,11458.078749534552,11345.82686392902,16490.86375913176
2022-03-18 08:00:00,11485.128623783394,11365.989226784239,16515.123985026385
2022-03-18 12:00:00,11501.278600716383,11366.609607179784,16522.41727914576
2022-03-18 16:00:00,11809.697541181642,11491.306066684376,17002.245326333374
2022-03-18 20:00:00,12120.28526692004,11794.982270303768,17472.02226324835
2022-03-19 00:00:00,12004.364173864575,11715.88376987175,17282.5671667508
2022-03-19 04:00:00,12047.686125054392,11730.462709167065,17359.17349628212
2022-03-19 08:00:00,11947.459179505453,11682.383228512308,17197.66817342408
2022-03-19 12:00:00,12042.295992472475,11713.40224828957,17366.130546147375
2022-03-19 16:00:00,12262.536559523945,11786.917325161681,17788.90313494855
2022-03-19 20:00:00,12174.534982785268,11793.431319314906,17620.376672348713
2022-03-20 00:00:00,12168.703172847943,11846.784033331796,17591.857156235565
2022-03-20 04:00:00,12039.348991097313,11756.208495582192,17368.503810996757
2022-03-20 08:00:00,12050.287305803753,11755.898305384419,17402.28846420355
2022-03-20 12:00:00,11919.092707997366,11680.832277523446,17199.527381881104
2022-03-20 16:00:00,11779.237410696584,11587.154837796115,17024.901303848295
2022-03-20 20:00:00,11779.237410696584,11612.59043401347,17132.825040247637
2022-03-21 00:00:00,11779.237410696584,11590.256739773842,17025.27801445839
2022-03-21 04:00:00,11779.237410696584,11477.347507784609,16858.506498488845
2022-03-21 08:00:00,11779.237410696584,11544.968970899039,17155.254698116034
2022-03-21 12:00:00,11779.237410696584,11607.627390849108,17253.394266945477
2022-03-21 16:00:00,11779.237410696584,11575.987990676302,17244.353720331022
2022-03-21 20:00:00,11779.237410696584,11589.946549576069,17146.174979404193
2022-03-22 00:00:00,11779.237410696584,11549.9320140634,17054.74934485303
2022-03-22 04:00:00,11767.458173285888,11904.479410117503,17636.634212926085
2022-03-22 08:00:00,11767.738582494887,11933.637288708129,17560.902560071132
2022-03-22 12:00:00,11858.973360369695,12127.506162316015,17835.032198986788
2022-03-22 16:00:00,11782.565219420765,11987.300192922792,17793.267307753755
2022-03-22 20:00:00,11722.3673020431,11891.451421811053,17592.26828244736
2022-03-23 00:00:00,11713.216930497327,11911.613784666273,17484.189443353494
2022-03-23 04:00:00,11663.991834928158,11843.371941156298,17397.734463100496
2022-03-23 08:00:00,11671.509878295961,11857.020309858292,17531.466304207388
2022-03-23 12:00:00,11689.198590486769,11878.423433504602,17603.461700212152
2022-03-23 16:00:00,11838.387381864768,12028.865679424322,18186.921236751856
2022-03-23 20:00:00,11584.156389901593,11909.442453281865,17742.50884576435
2022-03-24 00:00:00,11836.007370378693,12094.626001352117,18147.975060099987
2022-03-24 04:00:00,11798.890225246554,12063.917171772628,18094.28107499433
2022-03-24 08:00:00,11971.672446604767,12178.067164552951,18429.38910293393
2022-03-24 12:00:00,12082.071524414065,12140.223960424692,18714.693314336273
2022-03-24 16:00:00,12301.936077602732,12396.1308735871,19024.260780959907
2022-03-24 20:00:00,12345.212627456278,12376.899081325198,19151.616730218375
2022-03-25 00:00:00,12328.45089934062,12391.788210818284,19098.28691911619
2022-03-25 04:00:00,12370.967979245397,12362.009951832113,19190.223506407376
2022-03-25 08:00:00,12347.156133954533,12365.11185380984,19137.797071346962
2022-03-25 12:00:00,12532.60167875237,12573.869856910811,19425.42060142533
2022-03-25 16:00:00,12310.584219447028,12513.072578147377,18963.135029422505
2022-03-25 20:00:00,12248.954065345404,12549.675021484547,18797.501354215154
2022-03-26 00:00:00,12233.899821172472,12534.475701793688,18787.289169659227
2022-03-26 04:00:00,12269.801922037224,12559.290917615497,18853.01707712941
2022-03-26 08:00:00,12406.957417426565,12594.652600161577,19130.954537676003
2022-03-26 12:00:00,12337.575415387888,12547.193499902365,19002.479978576834
2022-03-26 16:00:00,12348.729952372361,12499.11401924761,19070.732956490065
2022-03-26 20:00:00,12422.0139389916,12542.230456738003,19227.991321069654
2022-03-27 00:00:00,12423.568330729271,12584.41632363508,19164.566794214392
2022-03-27 04:00:00,12440.877915781195,12634.977325872016,19188.080958488605
2022-03-27 08:00:00,12484.957671639835,12650.176645562875,19265.11907476982
2022-03-27 12:00:00,12379.00785540157,12587.208035415033,19047.196150809526
2022-03-27 16:00:00,12487.104071883472,12678.714143757956,19229.205353883695
2022-03-27 20:00:00,12554.614860085665,12659.792541693825,19405.925667074123
2022-03-28 00:00:00,13050.28707094103,13233.334217375395,20147.593096871926
2022-03-28 04:00:00,13111.584757378801,13308.090055038596,20217.705905051
2022-03-28 08:00:00,13218.826734612445,13309.330815829686,20469.642878453327
2022-03-28 12:00:00,13307.557275802315,13379.123610328525,20615.38106574303
2022-03-28 16:00:00,13304.393828913306,13393.702549623838,20589.264825209983
2022-03-28 20:00:00,13476.300018185004,13533.90851901706,20857.35477682372
2022-03-29 00:00:00,13058.126191808264,13292.580545149965,20071.228061107082
2022-03-29 04:00:00,13274.613923137671,13362.373339648804,20511.113230498573
2022-03-29 08:00:00,13312.347118486943,13350.586112133444,20587.802819995355
2022-03-29 12:00:00,13522.895776093974,13416.966814456784,20985.66214476841
2022-03-29 16:00:00,13296.739494441877,13249.774297857344,20620.62082039847
2022-03-29 20:00:00,13460.522545475014,13347.484210155717,20930.516049741447
2022-03-30 00:00:00,13285.046822952985,13276.450654865788,20579.054542956146
2022-03-30 04:00:00,13229.377321784585,13249.46410765957,20490.50264081319
2022-03-30 08:00:00,13295.775590761179,13205.41709957586,20646.24754088793
2022-03-30 12:00:00,13264.648306657626,13173.157319007507,20590.116025968236
2022-03-30 16:00:00,13611.174932409838,13098.711671542078,21557.85925908234
2022-03-30 20:00:00,13579.68129184924,13100.572812728715,21451.464790063237
2022-03-31 00:00:00,13534.802286345124,13090.956916597763,21383.48951334223
2022-03-31 04:00:00,13567.50296725159,13079.479879280176,21443.55379170693
2022-03-31 08:00:00,13658.467953978832,13127.559359934932,21685.524306204472
2022-03-31 12:00:00,13845.86242654758,13186.185307313957,22212.6046364964
2022-03-31 16:00:00,13758.23191779241,12983.631108168438,21841.84801464642
2022-03-31 20:00:00,13694.868319154055,12796.896609109323,21537.005145098716
2022-04-01 00:00:00,13669.253247364082,12754.090361816701,21450.176410035765
2022-04-01 04:00:00,13646.334498920423,12509.040105576334,21265.88767690742
2022-04-01 08:00:00,13829.684486469701,12639.00979844306,21823.971849900772
2022-04-01 12:00:00,13747.44662440716,12657.311020111645,21630.292052603374
2022-04-01 16:00:00,14083.138881023115,13075.13721651136,22825.65054250195
2022-04-01 20:00:00,14274.627150184398,13026.43735546106,23359.555902157954
2022-04-02 00:00:00,14133.558722609698,12974.635592433033,23020.23733206386
2022-04-02 04:00:00,14168.230142391487,13089.716155806673,23100.02188552112
2022-04-02 08:00:00,14228.290328751707,13081.341020466813,23230.497910811842
2022-04-02 12:00:00,14307.29554706085,13083.512351851221,23421.87964793558
2022-04-02 16:00:00,14277.95211533982,13000.381378848158,23374.14809931506
2022-04-02 20:00:00,14205.778583451396,12959.436272742174,23157.15147837806
2022-04-03 00:00:00,14036.047804810914,12862.036550641571,22755.58607898248
2022-04-03 04:00:00,14190.310830146005,12919.111547031733,23128.246799920722
2022-04-03 08:00:00,14322.541661700478,13048.460859502915,23434.01291213816
2022-04-03 12:00:00,14368.81849104708,12997.899857265978,23553.229349205754
2022-04-03 16:00:00,14273.828586882122,13040.395914360826,23294.035738790793
2022-04-03 20:00:00,14213.557538294786,13031.710588823193,23164.91734495244
2022-04-04 00:00:00,14322.67492383645,13038.534773174191,23377.35180915625
2022-04-04 04:00:00,14211.467582206751,12930.58858434932,23125.06913295782
2022-04-04 08:00:00,14320.965029795152,12990.455292519435,23383.31685231417
2022-04-04 12:00:00,14228.912138994405,13017.13164952788,23189.27097195093
2022-04-04 16:00:00,13931.506392132782,12888.712907650017,22519.816490379773
2022-04-04 20:00:00,14032.921316079635,12996.659096474888,22774.395350009996
2022-04-05 00:00:00,14056.66260720998,13152.684765954515,23045.86660202965
2022-04-05 04:00:00,14080.992412038573,13186.495497511729,23206.524171152778
2022-04-05 08:00:00,14074.473964012093,13186.495497511729,23170.379928727496
2022-04-05 12:00:00,14087.67376689092,13211.620903531311,23344.601568302867
2022-04-05 16:00:00,13934.201281549646,13005.964802408067,22928.808639097086
2022-04-05 20:00:00,13959.971890026423,13089.095775411128,22949.51733233221
2022-04-06 00:00:00,13867.51983211598,12938.963719689182,22377.040133939412
2022-04-06 04:00:00,13867.51983211598,12879.407201716838,21958.022825923344
2022-04-06 08:00:00,13867.51983211598,12893.365760616607,22158.97776441055
2022-04-06 12:00:00,13867.51983211598,12754.710742212246,21600.912618094182
2022-04-06 16:00:00,13867.51983211598,12561.152058802134,21071.843421769503
2022-04-06 20:00:00,13867.51983211598,12447.622446417356,21138.87261456526
2022-04-07 00:00:00,13867.51983211598,12283.842021993414,20392.137210323395
2022-04-07 04:00:00,13867.51983211598,12321.995416319445,20519.74464960793
2022-04-07 08:00:00,13867.51983211598,12368.83413618311,20858.375391296715
2022-04-07 12:00:00,13867.51983211598,12447.622446417356,21006.818486406082
2022-04-07 16:00:00,13867.51983211598,12337.815116405849,20495.21449924064
2022-04-07 20:00:00,13867.51983211598,12386.204787258377,21037.823959577236
2022-04-08 00:00:00,13867.51983211598,12406.987530509143,21136.3426775615
2022-04-08 04:00:00,13867.51983211598,12453.516060175036,21606.46850470799
2022-04-08 08:00:00,13867.51983211598,12493.22040548993,21327.58381639452
2022-04-08 12:00:00,13867.51983211598,12360.148810645478,20882.881262156097
2022-04-08 16:00:00,13867.51983211598,12450.414158197309,21041.923844486108
2022-04-08 20:00:00,13867.51983211598,12193.886864639355,20548.53161722575
2022-04-09 00:00:00,13867.51983211598,12058.643938410494,20077.484471663185
2022-04-09 04:00:00,13867.51983211598,12092.454669967708,20093.01863891642
2022-04-09 08:00:00,13867.51983211598,12117.269885789518,20204.013462078925
2022-04-09 12:00:00,13867.51983211598,12110.755891636292,20191.434757669387
2022-04-09 16:00:00,13867.51983211598,12061.435650190448,20085.478760612255
2022-04-09 20:00:00,13867.51983211598,12145.187003589053,20192.49927705323
2022-04-10 00:00:00,13867.51983211598,12213.118656901257,20565.526872647413
2022-04-10 04:00:00,13867.51983211598,12216.840939274529,20623.68294378365
2022-04-10 08:00:00,13867.51983211598,12180.23849593736,20383.43933403174
2022-04-10 12:00:00,13867.51983211598,12192.025723452718,20340.024130140446
2022-04-10 16:00:00,13867.51983211598,12212.808466703484,20494.375583949564
2022-04-10 20:00:00,13867.51983211598,12321.995416319445,20743.122245438
2022-04-11 00:00:00,13867.51983211598,12022.972065666643,20167.1872493807
2022-04-11 04:00:00,13867.51983211598,12012.425598942373,20015.867191306243
2022-04-11 08:00:00,13867.51983211598,12043.444618719635,20120.75752975548
2022-04-11 12:00:00,13867.51983211598,11688.587032467762,19085.095912973393
2022-04-11 16:00:00,13867.51983211598,11580.64084364289,18747.83651764843
2022-04-11 20:00:00,13867.51983211598,11401.350909330318,18689.45092162926
2022-04-12 00:00:00,13867.51983211598,11280.066542001225,18460.647844153384
2022-04-12 04:00:00,13867.51983211598,11350.169526697835,18481.689765859017
2022-04-12 08:00:00,13867.51983211598,11473.625225411337,18937.474448678593
2022-04-12 12:00:00,13867.51983211598,11544.03840030572,19258.04953066215
2022-04-12 16:00:00,13867.51983211598,11496.579300046511,19306.233013550718
2022-04-12 20:00:00,13867.51983211598,11257.732847761596,18603.923612983795
2022-04-13 00:00:00,13867.51983211598,11494.718158859876,19024.694915344066
2022-04-13 04:00:00,13867.51983211598,11478.588268575699,19096.45977481817
2022-04-13 08:00:00,13867.51983211598,11491.306066684376,19115.869832876597
2022-04-13 12:00:00,13867.51983211598,11384.91082884837,18736.36704604562
2022-04-13 16:00:00,13867.51983211598,11753.106593604465,19344.23441115458
2022-04-13 20:00:00,13867.51983211598,11708.74939532298,19155.295633457117
2022-04-14 00:00:00,13867.51983211598,11694.790836423213,19269.43594421899
2022-04-14 04:00:00,13867.51983211598,11763.342870130962,19387.830790601678
2022-04-14 08:00:00,13867.51983211598,11742.249936682423,19441.418664157383
2022-04-14 12:00:00,13867.51983211598,11671.526571590268,19109.27344893664
2022-04-14 16:00:00,13867.51983211598,11473.315035213565,18836.43036202708
2022-04-14 20:00:00,13867.51983211598,11402.591670121408,18543.364934743964
2022-04-15 00:00:00,13867.51983211598,11458.736095918252,18752.372243330155
2022-04-15 04:00:00,13867.51983211598,11545.279161096812,18965.914042279084
2022-04-15 08:00:00,13867.51983211598,11556.135818018853,18923.004266264747
2022-04-15 12:00:00,13867.51983211598,11535.042884570315,18893.488773027064
2022-04-15 16:00:00,13867.51983211598,11599.872635904792,18988.85507636801
2022-04-15 20:00:00,13867.51983211598,11585.29369660948,18769.000498017944
2022-04-16 00:00:00,13867.51983211598,11647.952116559549,18933.447665107928
2022-04-16 04:00:00,13867.51983211598,11610.729292826834,18874.803878237282
2022-04-16 08:00:00,13867.51983211598,11596.460543729294,18891.698974243525
2022-04-16 12:00:00,13867.51983211598,11601.423586893656,18958.95981388235
2022-04-16 16:00:00,13867.51983211598,11509.297098155188,18797.243041154114
2022-04-16 20:00:00,13867.51983211598,11551.793155250038,18944.089364481177
2022-04-17 00:00:00,13867.51983211598,11602.0439672892,19019.216758743074
2022-04-17 04:00:00,13867.51983211598,11563.580382765396,18916.25229003283
2022-04-17 08:00:00,13867.51983211598,11580.64084364289,18957.49572915728
2022-04-17 12:00:00,13867.51983211598,11621.275759551103,19071.436588097906
2022-04-17 16:00:00,13867.51983211598,11625.308232122146,19386.161346890345
2022-04-17 20:00:00,13867.51983211598,11594.90959274043,19219.350886712673
2022-04-18 00:00:00,13867.51983211598,11388.943301419413,18617.855846661638
2022-04-18 04:00:00,13867.51983211598,11430.818978118716,18779.936554930362
2022-04-18 08:00:00,13867.51983211598,11186.389102273894,18062.767315821824
2022-04-18 12:00:00,13867.51983211598,11201.898612162524,18114.39720996562
2022-04-18 16:00:00,13867.51983211598,11299.918714658672,18361.365517769656
2022-04-18 20:00:00,13860.586072199922,11705.337303147482,18926.16644084336
2022-04-19 00:00:00,13876.755535646316,11746.282409253468,19123.850548655413
2022-04-19 04:00:00,13868.793299858318,11726.120046398248,18980.589888885934
2022-04-19 08:00:00,13854.583771375124,11690.137983456623,18986.951267250246
2022-04-19 12:00:00,13853.236316087925,11686.725891281125,19055.416761825043
2022-04-19 16:00:00,13930.781919101813,11918.127778819498,19672.95286191271
2022-04-19 20:00:00,13946.859581106644,11913.164735655137,19719.680318335268
2022-04-20 00:00:00,14007.782637176784,11929.915006334857,19872.93787690968
2022-04-20 04:00:00,13935.958006229042,11861.362972627108,19787.19245979604
2022-04-20 08:00:00,13887.166636978374,11870.048298164742,19652.482930524
2022-04-20 12:00:00,14190.316472568786,12060.50507959713,20140.600485702827
2022-04-20 16:00:00,13731.12496494508,11796.533221292631,19394.20371355644
2022-04-20 20:00:00,13742.655822162229,11781.95428199732,19426.77558176234
2022-04-21 00:00:00,13757.325446122682,11832.515284234256,19411.63690512447
2022-04-21 04:00:00,13911.863679211725,11949.14679859676,19657.10747992024
2022-04-21 08:00:00,13815.154243020967,11893.002372799916,19504.90131294154
2022-04-21 12:00:00,14078.752463099538,12095.866762143207,19886.77799571081
2022-04-21 16:00:00,13974.632750150064,12061.125459992674,19733.309991109752
2022-04-21 20:00:00,13619.180023249075,11808.010258610218,19212.97582449125
2022-04-22 00:00:00,13407.848029867497,11582.191794631754,18814.97842252909
2022-04-22 04:00:00,13407.848029867497,11588.085408389434,18922.57683600249
2022-04-22 08:00:00,13407.848029867497,11694.48064622544,19045.294522246862
2022-04-22 12:00:00,13407.848029867497,11629.340704693192,18931.94510714455
2022-04-22 16:00:00,13407.848029867497,11341.17401096243,18538.091358165657
2022-04-22 20:00:00,13407.848029867497,11362.266944410967,18686.969229599006
2022-04-23 00:00:00,13407.848029867497,11417.480799614494,18655.953233214743
2022-04-23 04:00:00,13407.848029867497,11349.859336500063,18554.668375741086
2022-04-23 08:00:00,13407.848029867497,11387.082160232778,18724.16115870193
2022-04-23 12:00:00,13407.848029867497,11403.832430912498,18794.990416085555
2022-04-23 16:00:00,13407.848029867497,11453.462862556118,18870.321869990563
2022-04-23 20:00:00,13407.848029867497,11443.536776227393,18823.398219339786
2022-04-24 00:00:00,13407.848029867497,11338.072108984703,18628.72073331722
2022-04-24 04:00:00,13407.848029867497,11437.33297227194,18770.893212817165
2022-04-24 08:00:00,13407.848029867497,11430.818978118716,18775.202606612933
2022-04-24 12:00:00,13407.848029867497,11393.906344583775,18692.281223427883
2022-04-24 16:00:00,13407.848029867497,11408.485283879088,18604.350160001282
2022-04-24 20:00:00,13407.848029867497,11391.424823001595,18612.18551543713
2022-04-25 00:00:00,13407.848029867497,11330.317354040388,18414.46141246118
2022-04-25 04:00:00,13407.848029867497,11301.779855845307,18260.262319293313
2022-04-25 08:00:00,13407.848029867497,11111.32307441292,17834.70282800901
2022-04-25 12:00:00,13407.848029867497,11215.857171062293,18120.071150435324
2022-04-25 16:00:00,13407.848029867497,11302.09004604308,18225.45966552857
2022-04-25 20:00:00,13394.44018183763,11651.364208735047,18928.016090240693
2022-04-26 00:00:00,13409.541644853422,11701.925210971984,18973.226307332443
2022-04-26 04:00:00,13398.430614544995,11726.430236596021,18952.20544430246
2022-04-26 08:00:00,13451.55363251515,11799.014742874813,19045.66226137012
2022-04-26 12:00:00,13441.293680273631,11757.759446571055,19003.46350305013
2022-04-26 16:00:00,13011.376230727103,11213.06545928234,18205.176405202576
2022-04-26 20:00:00,13011.376230727103,11158.782174672131,18185.978249401487
2022-04-27 00:00:00,13011.376230727103,11116.906497972828,18039.658357705644
2022-04-27 04:00:00,13011.376230727103,11184.83815128503,18197.869935578492
2022-04-27 08:00:00,13011.376230727103,11399.489768143681,18669.986279103752
2022-04-27 12:00:00,13011.376230727103,11435.782021283077,18702.649981296177
2022-04-27 16:00:00,13011.376230727103,11476.41693719129,18608.687382384367
2022-04-27 20:00:00,13011.376230727103,11407.55471328577,18483.98274490349
2022-04-28 00:00:00,13011.376230727103,11535.042884570315,18700.01843984684
2022-04-28 04:00:00,13011.376230727103,11617.24328698006,18857.752223265856
2022-04-28 08:00:00,13011.376230727103,11571.02494751194,18847.7860524336
2022-04-28 12:00:00,13004.870542611738,11739.148034704698,19073.752764040808
2022-04-28 16:00:00,12892.274722257622,11662.22086565709,18704.435297114585
2022-04-28 20:00:00,12927.848803025843,11803.047215445857,18942.794108385337
2022-04-29 00:00:00,12885.122003603365,11729.221948375975,18859.534060135
2022-04-29 04:00:00,12814.275260413157,11659.429153877136,18722.621518747794
2022-04-29 08:00:00,12799.88529145003,11620.034998760013,18671.925012225583
2022-04-29 12:00:00,12716.245919642122,11408.175093681315,18285.607620578943
2022-04-29 16:00:00,12716.245919642122,11478.278078377927,18394.89959697018
2022-04-29 20:00:00,12716.245919642122,11283.788824374496,17898.5533373543
2022-04-30 00:00:00,12716.245919642122,11366.919797377557,18091.834891876344
2022-04-30 04:00:00,12716.245919642122,11373.743981728554,18103.930484155346
2022-04-30 08:00:00,12716.245919642122,11380.878356277324,18106.28385449152
2022-04-30 12:00:00,12716.245919642122,11361.956754213195,18094.264953119422
2022-04-30 16:00:00,12716.245919642122,11321.632028502754,17886.757875243093
2022-04-30 20:00:00,12716.245919642122,11328.14602265598,17794.0419518693
2022-05-01 00:00:00,12716.245919642122,11088.989380173292,16870.109562095495
2022-05-01 04:00:00,12716.245919642122,11197.555949393709,17349.196450739422
2022-05-01 08:00:00,12716.245919642122,11174.912064956306,17403.058289941968
2022-05-01 12:00:00,12716.245919642122,11175.532445351851,17320.04960583955
2022-05-01 16:00:00,12716.245919642122,11326.90526186489,17626.020276150586
2022-05-01 20:00:00,12716.245919642122,11130.865056872595,17267.570085859017
2022-05-02 00:00:00,12716.245919642122,11321.942218700528,17625.33407696635
2022-05-02 04:00:00,12716.245919642122,11397.628626957046,17663.81132487162
2022-05-02 08:00:00,12716.245919642122,11442.916395831848,17701.75473655392
2022-05-02 12:00:00,12716.245919642122,11364.128085597604,17283.571864627284
2022-05-02 16:00:00,12716.245919642122,11397.938817154818,17447.273488600935
2022-05-02 20:00:00,12716.245919642122,11387.082160232778,17442.92874210367
2022-05-03 00:00:00,12709.8877966823,11372.193030739692,17491.492218760573
2022-05-03 04:00:00,12696.483406793359,11365.368846388694,17572.59398777287
2022-05-03 08:00:00,12687.443236868261,11369.091128761966,17550.785134602138
2022-05-03 12:00:00,12683.390746901836,11353.891809071107,17540.368509599553
2022-05-03 16:00:00,12648.3211221924,11288.751867538858,17365.929017730075
2022-05-03 20:00:00,12571.710046297145,11111.012884215148,17034.553285303788
2022-05-04 00:00:00,12571.710046297145,11120.938970543872,17078.74737436146
2022-05-04 04:00:00,12571.710046297145,11217.097931853383,17231.53556741547
2022-05-04 08:00:00,12571.710046297145,11397.008246561501,17418.674838373627
2022-05-04 12:00:00,12559.138336250846,11492.236637277694,17630.255482674707
2022-05-04 16:00:00,12505.686437514494,11461.217617500433,17418.01885015139
2022-05-04 20:00:00,12701.199570964614,11654.776300910546,18034.428952935814
2022-05-05 00:00:00,12700.916544848918,11580.951033840664,18099.699934947763
2022-05-05 04:00:00,12778.96643023592,11598.942065311474,18274.433859331384
2022-05-05 08:00:00,12719.32965889122,11574.437039687438,18147.738881431433
2022-05-05 12:00:00,12713.812131946292,11598.321684915929,18111.156030814585
2022-05-05 16:00:00,11877.61977992915,10910.630016454037,16884.343022465757
2022-05-05 20:00:00,11877.61977992915,10692.87649761766,16594.14750542541
2022-05-06 00:00:00,11877.61977992915,10762.048911720953,16765.258093278982
2022-05-06 04:00:00,11877.61977992915,10734.752174316964,16575.6603037665
2022-05-06 08:00:00,11877.61977992915,10722.034376208287,16510.082756637574
2022-05-06 12:00:00,11877.61977992915,10507.692949547407,16187.685987081793
2022-05-06 16:00:00,11877.61977992915,10564.457755739797,16268.194674803504
2022-05-06 20:00:00,11877.61977992915,10583.069167606154,16331.651407653877
2022-05-07 00:00:00,11877.61977992915,10595.166585319286,16310.351861539682
2022-05-07 04:00:00,11877.61977992915,10535.920257544716,16120.267407448344
2022-05-07 08:00:00,11877.61977992915,10569.110608706385,16143.950316473816
2022-05-07 12:00:00,11877.61977992915,10615.328948174505,16333.215191153533
2022-05-07 16:00:00,11877.61977992915,10588.962781363833,16360.909787582477
2022-05-07 20:00:00,11877.61977992915,10558.874332179888,16258.092938853395
2022-05-08 00:00:00,11877.61977992915,10434.48806287307,15882.370156066794
2022-05-08 04:00:00,11877.61977992915,10150.04365151558,15473.079426765256
2022-05-08 08:00:00,11877.61977992915,10181.683051688387,15579.37090098027
2022-05-08 12:00:00,11877.61977992915,10241.23956966073,15725.401308857501
2022-05-08 16:00:00,11877.61977992915,10113.131017980639,15394.540508891008
2022-05-08 20:00:00,11877.61977992915,10180.132100699524,15416.573402833106
2022-05-09 00:00:00,11877.61977992915,10027.518523395396,15203.248441116702
2022-05-09 04:00:00,11877.61977992915,9907.474916857393,15076.00716788194
2022-05-09 08:00:00,11877.61977992915,9888.24312459549,14912.511566908324
2022-05-09 12:00:00,11877.61977992915,9729.11555313814,14581.334168831007
2022-05-09 16:00:00,11877.61977992915,9505.778610741854,14204.254883886697
2022-05-09 20:00:00,11877.61977992915,9108.11477719736,13383.541788763629
2022-05-10 00:00:00,11877.61977992915,8840.730826717363,12929.268011487686
2022-05-10 04:00:00,11877.61977992915,8995.82592560367,13311.882044155776
2022-05-10 08:00:00,11877.61977992915,9296.090037047565,14003.913361341009
2022-05-10 12:00:00,11877.61977992915,9296.71041744311,14363.487530230475
2022-05-10 16:00:00,11877.61977992915,9228.778764130906,14064.626573734698
2022-05-10 20:00:00,11877.61977992915,9228.158383735361,13830.415450732675
2022-05-11 00:00:00,11877.61977992915,9140.37455776571,13735.50331937387
2022-05-11 04:00:00,11877.61977992915,9179.458522685061,13692.87731455548
2022-05-11 08:00:00,11877.61977992915,8989.001741252674,13167.936335421877
2022-05-11 12:00:00,11877.61977992915,9263.209876083667,13255.959747792855
2022-05-11 16:00:00,11877.61977992915,9107.804586999586,12352.731399693988
2022-05-11 20:00:00,11877.61977992915,8648.102713900567,11195.611035104313
2022-05-12 00:00:00,11877.61977992915,8546.670519228921,11433.965610014224
2022-05-12 04:00:00,11877.61977992915,8339.463467116813,10559.882871268983
2022-05-12 08:00:00,11877.61977992915,8237.721082247395,10386.97535501912
2022-05-12 12:00:00,11877.61977992915,8415.149875373332,10492.526347842697
2022-05-12 16:00:00,11877.61977992915,8634.454345198572,10692.16458738596
2022-05-12 20:00:00,11877.61977992915,8544.499187844513,10654.551918517216
2022-05-13 00:00:00,11877.61977992915,8642.51929034066,10687.561618338557
2022-05-13 04:00:00,11877.61977992915,9105.323065417406,11702.49125547014
2022-05-13 08:00:00,11877.61977992915,8966.978237210818,11410.887952297242
2022-05-13 12:00:00,11877.61977992915,9157.435018643204,12053.990278944719
2022-05-13 16:00:00,11877.61977992915,9041.113694478474,11944.691747637335
2022-05-13 20:00:00,11877.61977992915,8964.496715628637,11711.295375922702
2022-05-14 00:00:00,11877.61977992915,8721.92798097045,11261.909434393325
2022-05-14 04:00:00,11877.61977992915,8807.23028535792,11657.588446992566
2022-05-14 08:00:00,11877.61977992915,8750.46547916553,11490.794614854552
2022-05-14 12:00:00,11877.61977992915,8646.861953109477,11087.029131685766
2022-05-14 16:00:00,11877.61977992915,8588.856386125997,10889.500595662557
2022-05-14 20:00:00,11877.61977992915,8743.33110461676,11285.143444543435
2022-05-15 00:00:00,11877.61977992915,8954.260439102141,11782.365102090851
2022-05-15 04:00:00,11877.61977992915,8858.721858188175,11441.001238551482
2022-05-15 08:00:00,11877.61977992915,8893.152970140934,11631.370757025987
2022-05-15 12:00:00,11871.680970039186,9022.812472809888,11988.32944965403
2022-05-15 16:00:00,11805.137747854451,8946.195493960053,11840.902528619597
2022-05-15 20:00:00,12002.541631890364,9069.341002475781,12234.386065911807
2022-05-16 00:00:00,12232.533480008404,9338.275903944641,12741.825041101376
2022-05-16 04:00:00,11772.38070756565,9043.285025862882,12236.903950372278
2022-05-16 08:00:00,11372.838882545384,8810.021997137874,11807.553487874342
2022-05-16 12:00:00,11377.290447581963,8921.380278138244,11876.345020519275
2022-05-16 16:00:00,11343.596705322336,8827.082458015368,11768.493869651189
2022-05-16 20:00:00,11391.259151662267,8785.82716171161,11812.674729131879
2022-05-17 00:00:00,11372.071371332182,8870.509085703534,11835.594072429845
2022-05-17 04:00:00,11504.006548881845,9010.715055096756,12149.062879013163
2022-05-17 08:00:00,11507.997607190502,9008.543723712348,12145.043927260755
2022-05-17 12:00:00,11462.17718776226,8921.690468336015,12040.643046751396
2022-05-17 16:00:00,11436.235308755986,8866.786803330262,11956.534322657852
2022-05-17 20:00:00,11428.40669438131,8832.04550117973,11905.470621930763
2022-05-18 00:00:00,11566.712215000563,8949.607586135551,12215.230072631297
2022-05-18 04:00:00,11418.505799730987,8779.93354795393,11868.165502590793
2022-05-18 08:00:00,11457.64887160436,8811.572948126737,11940.54854552533
2022-05-18 12:00:00,11358.321216069839,8787.998493096018,11787.569478684363
2022-05-18 16:00:00,11358.321216069839,8557.527176150963,11202.65092059294
2022-05-18 20:00:00,11358.321216069839,8663.922413986971,11444.934225000965
2022-05-19 00:00:00,11358.321216069839,8494.868756200894,11093.564577944708
2022-05-19 04:00:00,11358.321216069839,8627.940351045347,11267.23390926313
2022-05-19 08:00:00,11358.321216069839,8618.634645112168,11306.553649174395
2022-05-19 12:00:00,11358.321216069839,8688.73762980878,11338.521620363816
2022-05-19 16:00:00,11358.321216069839,8897.805823107525,11648.07889282563
2022-05-19 20:00:00,11358.321216069839,8770.938032218524,11382.897123218016
2022-05-20 00:00:00,11358.321216069839,8881.365742625576,11539.040982505932
2022-05-20 04:00:00,11358.321216069839,8844.453109090635,11466.727382614263
2022-05-20 08:00:00,11358.321216069839,8861.203379770355,11527.57810046479
2022-05-20 12:00:00,11358.321216069839,8919.519136951607,11713.603773225586
2022-05-20 16:00:00,11358.321216069839,8553.184513382146,11055.721450085046
2022-05-20 20:00:00,11358.321216069839,8601.884374432448,11176.008429005931
2022-05-21 00:00:00,11358.321216069839,8566.832882084142,11065.305826430958
2022-05-21 04:00:00,11358.321216069839,8584.823913554954,11157.860082691717
2022-05-21 08:00:00,11358.321216069839,8635.695105989662,11179.24020333265
2022-05-21 12:00:00,11358.321216069839,8598.47228225695,11087.838563603254
2022-05-21 16:00:00,11358.321216069839,8664.232604184743,11262.261742119696
2022-05-21 20:00:00,11358.321216069839,8645.00081192284,11201.14774847008
2022-05-22 00:00:00,11358.321216069839,8635.074725594117,11201.632780014443
2022-05-22 04:00:00,11358.321216069839,8609.018748981218,11162.018075342123
2022-05-22 08:00:00,11358.321216069839,8639.107198165162,11198.710012940606
2022-05-22 12:00:00,11358.321216069839,8763.49346747198,11433.6012444652
2022-05-22 16:00:00,11358.321216069839,8743.951485012307,11431.31092552148
2022-05-22 20:00:00,11358.321216069839,8780.553928349475,11407.456397275302
2022-05-23 00:00:00,11358.321216069839,8875.472128867896,11605.682455739436
2022-05-23 04:00:00,11358.321216069839,8830.494550190866,11541.339805335578
2022-05-23 08:00:00,11346.962894853768,8903.699436865203,11741.675244579244
2022-05-23 12:00:00,11346.242997428846,8832.665881575274,11725.674518260152
2022-05-23 16:00:00,11318.91194816077,8817.156371686644,11687.860140024739
2022-05-23 20:00:00,10876.181549499594,8438.724330404051,11025.312927859224
2022-05-24 00:00:00,10876.181549499594,8448.650416732775,10916.913588252242
2022-05-24 04:00:00,10876.181549499594,8515.031119056115,11057.293480225198
2022-05-24 08:00:00,10876.181549499594,8497.660467980848,10994.003158961368
2022-05-24 12:00:00,10876.181549499594,8470.363730576857,10937.225349410543
2022-05-24 16:00:00,10876.181549499594,8480.600007103354,10968.091617169292
2022-05-24 20:00:00,10876.181549499594,8489.59552283876,10882.161057696281
2022-05-25 00:00:00,10876.181549499594,8564.971740897507,10988.152904634251
2022-05-25 04:00:00,10876.181549499594,8726.270643739266,11163.03622270338
2022-05-25 08:00:00,10876.181549499594,8618.014264716623,10948.46587653842
2022-05-25 12:00:00,10876.181549499594,8549.462231008874,10762.008021232683
2022-05-25 16:00:00,10876.181549499594,8617.083694123306,10890.270683985706
2022-05-25 20:00:00,10876.181549499594,8578.930299797274,10846.535721739161
2022-05-26 00:00:00,10876.181549499594,8559.078127139826,10774.877280470195
2022-05-26 04:00:00,10876.181549499594,8640.968339351797,10835.608908550508
2022-05-26 08:00:00,10876.181549499594,8620.495786298805,10614.604895865086
2022-05-26 12:00:00,10876.181549499594,8395.91808311143,10078.231961822941
2022-05-26 16:00:00,10876.181549499594,8492.387234618713,10310.906217528951
2022-05-26 20:00:00,10876.181549499594,8491.456664025396,10148.389261896347
2022-05-27 00:00:00,10876.181549499594,8431.900146053053,10011.935458285509
2022-05-27 04:00:00,10876.181549499594,8364.899063334167,9859.249276894938
2022-05-27 08:00:00,10876.181549499594,8365.829633927486,9694.999549081775
2022-05-27 12:00:00,10876.181549499594,8353.42202601658,9766.087195650187
2022-05-27 16:00:00,10876.181549499594,8354.972977005444,9819.343522757594
2022-05-27 20:00:00,10876.181549499594,8341.014418105677,9755.384788378167
2022-05-28 00:00:00,10876.181549499594,8265.328009849158,9633.329003854291
2022-05-28 04:00:00,10876.181549499594,8322.092816041546,9719.455004624153
2022-05-28 08:00:00,10876.181549499594,8346.597841665583,9770.83447997351
2022-05-28 12:00:00,10876.181549499594,8328.606810194771,9760.637005314562
2022-05-28 16:00:00,10876.181549499594,8377.927051640618,9947.165502870703
2022-05-28 20:00:00,10876.181549499594,8377.927051640618,10095.96743400849
2022-05-29 00:00:00,10876.181549499594,8389.404088958205,10091.2137850709
2022-05-29 04:00:00,10876.181549499594,8368.000965311894,9856.827307280306
2022-05-29 08:00:00,10876.181549499594,8385.991996782706,9867.925526814379
2022-05-29 12:00:00,10876.181549499594,8439.654900997368,10106.382328627988
2022-05-29 16:00:00,10876.181549499594,8444.928134359503,10165.055983666516
2022-05-29 20:00:00,10876.181549499594,8409.256261615652,10081.960906812408
2022-05-30 00:00:00,10870.743458724843,8510.378266089525,10235.116346872433
2022-05-30 04:00:00,10965.075175427366,8757.289663516529,10500.482848924428
2022-05-30 08:00:00,11142.97877869266,8835.457593355228,10688.949774173394
2022-05-30 12:00:00,11034.67362369796,8827.39264821314,10557.373786408807
2022-05-30 16:00:00,11027.578245344528,8812.193328522282,10540.656293656255
2022-05-30 20:00:00,11020.930221383416,8816.535991291099,10527.135095379635
2022-05-31 00:00:00,11442.573680629484,9134.170753810258,10922.588748077971
2022-05-31 04:00:00,11495.526286310152,9160.847110818704,10989.593177929317
2022-05-31 08:00:00,11334.811884202078,9111.216679175084,10808.989449797034
2022-05-31 12:00:00,11419.559186119091,9199.310695342509,10887.614060070493
2022-05-31 16:00:00,11434.509012024708,9268.483109445802,10885.565620767928
2022-05-31 20:00:00,11226.512910384474,9132.309612623623,10694.94777460955
2022-06-01 00:00:00,11270.325466908675,9189.074418816012,10735.316367680916
2022-06-01 04:00:00,11153.35473800228,9142.856079347892,10606.554975156752
2022-06-01 08:00:00,11137.802140867105,9107.804586999586,10573.965354878423
2022-06-01 12:00:00,11177.659973263535,9156.194257852114,10607.274368339069
2022-06-01 16:00:00,10999.238799694482,8956.431770486548,10318.496673394446
2022-06-01 20:00:00,10799.311632795985,8769.697271427432,10004.013654599712
2022-06-02 00:00:00,10799.311632795985,8678.811543480057,9835.799709650957
2022-06-02 04:00:00,10799.311632795985,8657.408419833746,9679.525442420712
2022-06-02 08:00:00,10799.311632795985,8699.284096533049,9787.04004849046
2022-06-02 12:00:00,10799.311632795985,8753.567381143257,9967.051589133156
2022-06-02 16:00:00,10799.311632795985,8735.886539870218,9871.420409706185
2022-06-02 20:00:00,10799.311632795985,8735.266159474673,9839.109761655945
2022-06-03 00:00:00,10799.311632795985,8787.0679225027,9913.222521724325
2022-06-03 04:00:00,10799.311632795985,8801.33667160024,9933.28660023028
2022-06-03 08:00:00,10799.311632795985,8777.141836173976,9825.300423451325
2022-06-03 12:00:00,10799.311632795985,8601.574184234674,9487.785074317191
2022-06-03 16:00:00,10799.311632795985,8540.46671527347,9454.569150864958
2022-06-03 20:00:00,10799.311632795985,8551.633562393283,9442.602993739092
2022-06-04 00:00:00,10799.311632795985,8603.435325421311,9522.31285701149
2022-06-04 04:00:00,10799.311632795985,8550.082611404421,9272.648933072862
2022-06-04 08:00:00,10799.311632795985,8593.199048894814,9402.881441070367
2022-06-04 12:00:00,10799.311632795985,8593.509239092587,9366.275411088882
2022-06-04 16:00:00,10799.311632795985,8638.797007967389,9479.148226726898
2022-06-04 20:00:00,10799.311632795985,8581.101631181682,9416.074170763542
2022-06-05 00:00:00,10799.311632795985,8644.690621725069,9658.040592779173
2022-06-05 04:00:00,10799.311632795985,8612.74103135449,9543.812121494931
2022-06-05 08:00:00,10799.311632795985,8585.134103752725,9579.108732472276
2022-06-05 12:00:00,10799.311632795985,8595.060190081449,9657.7776375779
2022-06-05 16:00:00,10799.311632795985,8668.265076755788,9750.085800499968
2022-06-05 20:00:00,10799.311632795985,8698.663716137504,9764.890369857829
2022-06-06 00:00:00,10799.311632795985,8652.13518647161,9595.073040569649
2022-06-06 04:00:00,10783.136927404877,9027.77551597425,10165.077563660732
2022-06-06 08:00:00,10909.739440800982,9021.571712018798,10310.296807943774
2022-06-06 12:00:00,11038.927681502919,9063.13719852033,10446.333152627001
2022-06-06 16:00:00,10954.442173800577,9137.272655787985,10346.26731996171
2022-06-06 20:00:00,10846.778406687685,9114.318581152811,10238.334843755754
2022-06-07 00:00:00,10857.446515433407,9099.119261461952,10254.53562318431
2022-06-07 04:00:00,10207.596375293426,8586.064674346044,9644.55590416168
2022-06-07 08:00:00,10207.596375293426,8582.652582170545,9616.709920729783
2022-06-07 12:00:00,10207.596375293426,8585.444293950499,9490.716271151075
2022-06-07 16:00:00,10207.596375293426,8671.677168931286,9644.552965068702
2022-06-07 20:00:00,10207.596375293426,8980.626605912814,9982.524939965948
2022-06-08 00:00:00,10207.596375293426,9017.539239447755,9820.273056210397
2022-06-08 04:00:00,10207.596375293426,8708.899992664,9607.11241092929
2022-06-08 08:00:00,10207.596375293426,8867.096993528035,9774.754938564532
2022-06-08 12:00:00,10207.596375293426,8787.998493096018,9723.30684386065
2022-06-08 16:00:00,10207.596375293426,8798.234769622513,9779.592143571532
2022-06-08 20:00:00,10207.596375293426,8716.964937806088,9627.318753930052
2022-06-09 00:00:00,10207.596375293426,8739.919012441262,9645.219724047336
2022-06-09 04:00:00,10207.596375293426,8753.567381143257,9681.285582770011
2022-06-09 08:00:00,10207.596375293426,8829.874169795321,9791.921862416883
2022-06-09 12:00:00,10207.596375293426,8755.738712527665,9905.831566939996
2022-06-09 16:00:00,10207.596375293426,8810.332187335645,9874.495637334621
2022-06-09 20:00:00,10207.596375293426,8769.38708122966,9789.596994184147
2022-06-10 00:00:00,10207.596375293426,8791.410585271517,9827.777526869206
2022-06-10 04:00:00,10207.596375293426,8774.660314591794,9866.398139834608
2022-06-10 08:00:00,10207.596375293426,8762.873087076436,9853.642389111934
2022-06-10 12:00:00,10207.596375293426,8794.512487249243,9771.129474562727
2022-06-10 16:00:00,10207.596375293426,8678.501353282283,9555.71378407368
2022-06-10 20:00:00,10207.596375293426,8542.948236855651,9348.394251834092
2022-06-11 00:00:00,10207.596375293426,8579.240489995047,9346.788435910003
2022-06-11 04:00:00,10207.596375293426,8627.630160847575,9422.541702061131
2022-06-11 08:00:00,10207.596375293426,8645.621192318386,9437.366416417342
2022-06-11 12:00:00,10207.596375293426,8479.359246312264,9000.575820857732
2022-06-11 16:00:00,10207.596375293426,8383.200285002753,8698.720455189901
2022-06-11 20:00:00,10207.596375293426,8432.830716646371,8795.428666740321
2022-06-12 00:00:00,10207.596375293426,8384.441045793843,8736.857010471493
2022-06-12 04:00:00,10207.596375293426,8129.154513026979,8380.199594395152
2022-06-12 08:00:00,10207.596375293426,8163.275434781966,8489.780161630606
2022-06-12 12:00:00,10207.596375293426,8102.788346216306,8428.46098979425
2022-06-12 16:00:00,10207.596375293426,8288.902464879877,8708.195166910726
2022-06-12 20:00:00,10207.596375293426,8072.079516636817,8413.143971313519
2022-06-13 00:00:00,10207.596375293426,7850.603715427169,8059.828468123139
2022-06-13 04:00:00,10207.596375293426,7539.7931372590065,7637.097108089179
2022-06-13 08:00:00,10207.596375293426,7348.715975431074,7357.786804773435
2022-06-13 12:00:00,10207.596375293426,7033.562734494095,7071.02949814394
2022-06-13 16:00:00,10207.596375293426,6920.963692702635,7191.076524441881
2022-06-13 20:00:00,10207.596375293426,6903.593041627369,7233.126052564366
2022-06-14 00:00:00,10207.596375293426,6696.6961797130325,7160.21297399782
2022-06-14 04:00:00,10207.596375293426,6580.995235943847,7097.449487542382
2022-06-14 08:00:00,10207.596375293426,6779.206772320549,7473.0788609939
2022-06-14 12:00:00,10207.596375293426,6525.471190542547,7094.632227116629
2022-06-14 16:00:00,10207.596375293426,6746.636801554424,7501.367080462698
2022-06-14 20:00:00,10207.596375293426,6611.3938753255625,7215.379676961517
2022-06-15 00:00:00,10207.596375293426,6573.550671197304,7207.23561164789
2022-06-15 04:00:00,10207.596375293426,6368.204760271831,7003.7401871563425
2022-06-15 08:00:00,10207.596375293426,6129.358307986916,6664.846953204662
2022-06-15 12:00:00,10207.596375293426,6273.596749951183,6887.731933597497
2022-06-15 16:00:00,10207.596375293426,6382.783699567144,7025.449827314015
2022-06-15 20:00:00,10207.596375293426,6405.117393806772,7294.571116335689
2022-06-16 00:00:00,10202.492577105779,6694.524848328624,7842.8758852598485
2022-06-16 04:00:00,10118.075480188032,6586.888849701526,7676.170505307902
2022-06-16 08:00:00,10009.964155581343,6490.10950799647,7465.675671795404
2022-06-16 12:00:00,9888.415844709496,6276.0782715333635,7175.552270992205
2022-06-16 16:00:00,9845.43800314384,6199.7714828813,7088.913286754802
2022-06-16 20:00:00,9783.617814227518,6121.913743240373,6966.201471758785
2022-06-17 00:00:00,9783.617814227518,5997.527473933554,6822.810419438044
2022-06-17 04:00:00,9783.617814227518,5997.837664131326,6818.781613148816
2022-06-17 08:00:00,9783.617814227518,6219.93384573652,7113.81038802415
2022-06-17 12:00:00,9783.617814227518,6196.669580903574,7105.852993351186
2022-06-17 16:00:00,9783.617814227518,6117.881270669329,7028.9520551462365
2022-06-17 20:00:00,9783.617814227518,6055.533040917033,6995.79840057667
2022-06-18 00:00:00,9783.617814227518,6045.917144786082,6949.69706188844
2022-06-18 04:00:00,9783.617814227518,6044.986574192764,6873.91463700222
2022-06-18 08:00:00,9783.617814227518,5696.332791896342,6477.627036156152
2022-06-18 12:00:00,9783.617814227518,5688.578036952027,6637.500220100795
2022-06-18 16:00:00,9783.617814227518,5595.520977620242,6561.337834788156
2022-06-18 20:00:00,9783.617814227518,5330.308358524654,6172.797846754517
2022-06-19 00:00:00,9783.617814227518,5610.7202973111,6805.587924768889
2022-06-19 04:00:00,9783.617814227518,5400.101153023493,6477.869523438742
2022-06-19 08:00:00,9783.617814227518,5407.235527572263,6375.977395926275
2022-06-19 12:00:00,9783.617814227518,5816.6865886321175,7014.756417870713
2022-06-19 16:00:00,9778.726005320405,5857.32150454033,7159.896956582194
2022-06-19 20:00:00,9755.277351993162,5950.378563872116,7209.627060386304
2022-06-20 00:00:00,9848.957628721348,6077.246354761116,7402.339029989041
2022-06-20 04:00:00,9483.730836931452,5876.553296802233,7025.813535542125
2022-06-20 08:00:00,9509.788574758688,5916.878022512673,7062.0793884621435
2022-06-20 12:00:00,10095.626883732768,6125.015645218099,7655.853942167471
2022-06-20 16:00:00,9936.79554579313,6127.1869766025075,7513.852177113941
2022-06-20 20:00:00,9800.992786607963,5920.290114688171,7337.74255913648
2022-06-21 00:00:00,9913.63875186302,6056.153421312578,7474.303970457845
2022-06-21 04:00:00,9924.567699340369,6065.769317443529,7486.517001961261
2022-06-21 08:00:00,10114.563336017422,6197.600151496891,7719.310566673489
2022-06-21 12:00:00,10116.508814669001,6162.548659148586,7741.492603770997
2022-06-21 16:00:00,10325.02650805999,6283.522836279906,7896.546722831888
2022-06-21 20:00:00,10005.00253062047,6145.178008073319,7648.311199523046
2022-06-22 00:00:00,9974.052764071763,6100.5106195940625,7620.440152580045
2022-06-22 04:00:00,9653.52014145897,5989.7727189892385,7351.604669472569
2022-06-22 08:00:00,9501.332609895255,5932.387532401304,7222.46336301736
2022-06-22 12:00:00,9781.832234462356,6045.917144786082,7467.600476591052
2022-06-22 16:00:00,9518.493758678222,5880.895959571049,7266.437890722587
2022-06-22 20:00:00,9487.652831170464,5904.470414601768,7245.533870268849
2022-06-23 00:00:00,9487.652831170464,5860.73359671583,7179.576477488497
2022-06-23 04:00:00,9487.652831170464,5928.35505983026,7332.986545135729
2022-06-23 08:00:00,9487.652831170464,6031.648395688541,7508.201157047777
2022-06-23 12:00:00,9487.652831170464,6082.829778321023,7651.213402136243
2022-06-23 16:00:00,9487.652831170464,6008.384130855595,7643.897119153895
2022-06-23 20:00:00,9487.652831170464,6158.205996379769,7775.898266968841
2022-06-24 00:00:00,9482.909004754878,6222.105177120929,7877.657697619543
2022-06-24 04:00:00,9549.758538394415,6205.354906441207,7963.8020190025045
2022-06-24 08:00:00,9500.910317081341,6160.997708159723,7885.440907777349
2022-06-24 12:00:00,9660.186858606412,6237.614687009559,8194.555574794045
2022-06-24 16:00:00,9630.566166678154,6144.867817875546,8127.043579042755
2022-06-24 20:00:00,9794.882830643463,6243.198110569466,8314.1485440147
2022-06-25 00:00:00,9844.749407362566,6241.026779185058,8385.760531303556
2022-06-25 04:00:00,9797.715182994136,6259.638191051415,8339.067745185846
2022-06-25 08:00:00,9926.031365539136,6317.643758034895,8464.465471729589
2022-06-25 12:00:00,9838.500482906013,6271.425418566774,8396.503816989236
2022-06-25 16:00:00,9523.35959869574,6157.895806181997,8091.8796783453545
2022-06-25 20:00:00,9666.701198459952,6237.614687009559,8207.784153096913
2022-06-26 00:00:00,9952.829601563391,6314.231665859395,8484.074592574492
2022-06-26 04:00:00,9859.302637993205,6299.0323461685375,8383.510835021472
2022-06-26 08:00:00,9857.118274624738,6290.036830433131,8373.422484931543
2022-06-26 12:00:00,10047.05634705462,6381.232748578281,8528.73178267393
2022-06-26 16:00:00,9739.016971801659,6275.147700940046,8255.398788806255
2022-06-26 20:00:00,9760.103474687618,6262.7400930291415,8280.160327699825
2022-06-27 00:00:00,9508.015701446024,6171.233984686219,8055.415075227718
2022-06-27 04:00:00,9573.53837193012,6217.142133956567,8193.46227198952
2022-06-27 08:00:00,9583.749697200368,6259.948381249187,8252.928560902332
2022-06-27 12:00:00,9563.610694584044,6244.749061558329,8204.01977155545
2022-06-27 16:00:00,9464.391927123785,6070.422170410118,7913.694618086801
2022-06-27 20:00:00,9464.391927123785,6113.2284177027395,7920.940068516867
2022-06-28 00:00:00,9464.391927123785,6075.075023376708,7915.628494976901
2022-06-28 04:00:00,9464.391927123785,6076.625974365571,7817.532758041239
2022-06-28 08:00:00,9464.391927123785,6119.432221658192,7963.982553762265
2022-06-28 12:00:00,9464.391927123785,6159.136566973087,8068.310949053302
2022-06-28 16:00:00,9464.391927123785,6061.736844872486,7759.03976511654
2022-06-28 20:00:00,9464.391927123785,5965.5778835629735,7576.292913919365
2022-06-29 00:00:00,9464.391927123785,5966.818644354064,7486.899130560993
2022-06-29 04:00:00,9464.391927123785,5970.540926727335,7502.475970185617
2022-06-29 08:00:00,9464.391927123785,5920.910495083717,7458.391304120935
2022-06-29 12:00:00,9464.391927123785,5917.80859310599,7392.993924468786
2022-06-29 16:00:00,9464.391927123785,5944.484950114436,7390.326720049115
2022-06-29 20:00:00,9464.391927123785,6006.212799471186,7416.771188405082
2022-06-30 00:00:00,9464.391927123785,5962.475981585248,7315.659757852695
2022-06-30 04:00:00,9464.391927123785,5945.105330509981,7203.851453145046
2022-06-30 08:00:00,9464.391927123785,5766.125586395181,6965.61715197665
2022-06-30 12:00:00,9464.391927123785,5693.851270314161,6886.812517610874
2022-06-30 16:00:00,9464.391927123785,5664.693391723536,6910.559461851225
2022-06-30 20:00:00,9464.391927123785,5601.414591377921,6851.94427311902
2022-07-01 00:00:00,9464.391927123785,5903.2296538106775,7221.097375930837
2022-07-01 04:00:00,9464.391927123785,5846.464847618289,7169.93916992092
2022-07-01 08:00:00,9464.391927123785,5808.311453292257,7129.043479084331
2022-07-01 12:00:00,9464.391927123785,5700.365264467386,6989.392622354792
2022-07-01 16:00:00,9464.391927123785,5746.583603935506,7020.217131619233
2022-07-01 20:00:00,9464.391927123785,5763.333874615228,7141.0968477879205
2022-07-02 00:00:00,9464.391927123785,5729.21295286024,7069.648730036355
2022-07-02 04:00:00,9464.391927123785,5687.027085963164,6945.947584816273
2022-07-02 08:00:00,9464.391927123785,5689.818797743117,6981.476087512822
2022-07-02 12:00:00,9464.391927123785,5710.911731191655,7036.14297026925
2022-07-02 16:00:00,9464.391927123785,5721.148007718151,7057.637502950652
2022-07-02 20:00:00,9464.391927123785,5732.625045035738,7104.808093873647
2022-07-03 00:00:00,9464.391927123785,5723.009148904787,7133.096672598995
2022-07-03 04:00:00,9464.391927123785,5726.421241080286,7109.851843131822
2022-07-03 08:00:00,9464.391927123785,5690.12898794089,7064.296237953061
2022-07-03 12:00:00,9464.391927123785,5677.411189832213,7066.717211533305
2022-07-03 16:00:00,9464.391927123785,5664.383201525762,6976.292129825309
2022-07-03 20:00:00,9459.659731160224,5802.107649336805,7192.219491789742
2022-07-04 00:00:00,9442.869151326928,5737.5880882001,7143.170582082023
2022-07-04 04:00:00,9377.843814881622,5677.10099963444,7007.736252389051
2022-07-04 08:00:00,9371.405390723728,5682.374232996574,7027.058618375108
2022-07-04 12:00:00,9357.36933671865,5871.280063440098,7329.939810330637
2022-07-04 16:00:00,9404.120647069529,5882.136720362139,7355.839371185498
2022-07-04 20:00:00,9496.957300615664,5895.785089064135,7438.840114253734
2022-07-05 00:00:00,9801.501280397253,6011.796223031094,7719.75224384939
2022-07-05 04:00:00,9719.178003786172,6026.375162326407,7616.109101140443
2022-07-05 08:00:00,9793.814391873017,6032.268776084086,7678.802285996889
2022-07-05 12:00:00,9435.41134601786,5874.692155615597,7376.135362210958
2022-07-05 16:00:00,9408.506032441917,5901.058322426269,7368.535910614505
2022-07-05 20:00:00,9691.273151798148,6155.414284599816,7728.994357934463
2022-07-06 00:00:00,9630.186488978183,6102.371760780698,7669.503738388313
2022-07-06 04:00:00,9577.888344867168,6025.134401535316,7644.977734775013
2022-07-06 08:00:00,9641.448375205724,6088.4132018809305,7730.570002604168
2022-07-06 12:00:00,9655.224415011386,6113.2284177027395,7731.030237185428
2022-07-06 16:00:00,9680.266945922278,6140.835345304503,7767.323748666741
2022-07-06 20:00:00,9751.538669063124,6186.123114179305,7863.127665436004
2022-07-07 00:00:00,9962.44885448341,6258.087240062552,8036.905225179937
2022-07-07 04:00:00,9894.288521201484,6216.831943758793,7992.677411370679
2022-07-07 08:00:00,9881.10779931773,6217.762514352112,7967.949694799546
2022-07-07 12:00:00,9956.809456238076,6236.373926218469,8039.962544652544
2022-07-07 16:00:00,10233.911677317843,6370.686281854012,8266.851609768528
2022-07-07 20:00:00,10528.1423588843,6650.788030442685,8486.078142339651
2022-07-08 00:00:00,10416.337948651297,6593.402843854751,8385.856769134662
2022-07-08 04:00:00,10596.103865879448,6757.8036486742385,8507.140805914063
2022-07-08 08:00:00,10435.78822616817,6688.631234570945,8354.112658566395
2022-07-08 12:00:00,10269.413703262937,6586.578659503753,8231.30602105864
2022-07-08 16:00:00,10470.923370690667,6691.112756153126,8425.019318609735
2022-07-08 20:00:00,10482.152013301882,6641.172134311734,8449.89008323435
2022-07-09 00:00:00,10304.14427907017,6579.444284954983,8300.58739454476
2022-07-09 04:00:00,10333.990315024954,6583.166567328255,8330.590070221064
2022-07-09 08:00:00,10389.148255720464,6589.990751679252,8380.928765034056
2022-07-09 12:00:00,10273.17922676206,6535.0870866734995,8284.109024366102
2022-07-09 16:00:00,10300.186674757511,6566.10610645076,8295.689462007445
2022-07-09 20:00:00,10346.044570239972,6581.615616339392,8341.970543021238
2022-07-10 00:00:00,10306.393455459885,6572.309910406213,8299.044068632316
2022-07-10 04:00:00,10106.479967989468,6482.044562854381,8146.008585129848
2022-07-10 08:00:00,10117.356031250658,6502.517115907374,8140.438218378832
2022-07-10 12:00:00,10102.630912722449,6484.526084436562,8087.415537343133
2022-07-10 16:00:00,10102.630912722449,6365.102858294104,7989.9054800706435
2022-07-10 20:00:00,10102.630912722449,6371.927042645102,8075.26019244325
2022-07-11 00:00:00,10102.630912722449,6361.690766118606,8003.013065651899
2022-07-11 04:00:00,10102.630912722449,6274.527320544501,7867.083515115052
2022-07-11 08:00:00,10102.630912722449,6267.703136193503,7800.1731018206765
2022-07-11 12:00:00,10102.630912722449,6292.518352015312,7808.105935651016
2022-07-11 16:00:00,10102.630912722449,6276.6986519289085,7814.843298507937
2022-07-11 20:00:00,10102.630912722449,6322.606801199257,7875.34372624361
2022-07-12 00:00:00,10102.630912722449,6161.307898357495,7526.261798640625
2022-07-12 04:00:00,10102.630912722449,6165.960751324084,7548.652507438591
2022-07-12 08:00:00,10102.630912722449,6110.126515725014,7494.440541364454
2022-07-12 12:00:00,10102.630912722449,6108.265374538378,7527.166494905759
2022-07-12 16:00:00,10102.630912722449,6121.293362844827,7564.311546148493
2022-07-12 20:00:00,10102.630912722449,5989.462528791465,7336.103943960484
2022-07-13 00:00:00,10102.630912722449,5962.78617178302,7297.817579367004
2022-07-13 04:00:00,10102.630912722449,6015.8286956021375,7373.788873949238
2022-07-13 08:00:00,10102.630912722449,6085.93168029875,7498.251042123337
2022-07-13 12:00:00,10102.630912722449,6111.677466713876,7540.289614921424
2022-07-13 16:00:00,10102.630912722449,5983.258724836013,7378.82526846995
2022-07-13 20:00:00,10102.630912722449,6058.634942894759,7485.968208320503
2022-07-14 00:00:00,10102.630912722449,6255.295528282599,7766.329951393056
2022-07-14 04:00:00,10102.630912722449,6239.786018393967,7712.101873041266
2022-07-14 08:00:00,10102.630912722449,6170.923794488446,7644.178081575266
2022-07-14 12:00:00,10102.630912722449,6110.126515725014,7550.608666278679
2022-07-14 16:00:00,10097.579597266087,6305.236150123989,7859.57428369761
2022-07-14 20:00:00,10249.733853415793,6373.167803436193,8092.644346176533
2022-07-15 00:00:00,10264.610902775843,6363.241717107469,8119.6338138930605
2022-07-15 04:00:00,10330.596592136484,6374.408564227283,8182.279566268793
2022-07-15 08:00:00,10428.75506594549,6436.4466037818065,8259.104684145132
2022-07-15 12:00:00,10409.93796033831,6399.844160444638,8256.973795671714
2022-07-15 16:00:00,10417.970063780365,6388.056932929278,8253.810914629645
2022-07-15 20:00:00,10729.349179752131,6511.822821840553,8503.620237120464
2022-07-16 00:00:00,10436.76341029803,6404.497013411227,8252.222849928887
2022-07-16 04:00:00,10379.19455889898,6374.408564227283,8209.865376482576
2022-07-16 08:00:00,10187.425278193037,6315.162236452714,8047.256937039692
2022-07-16 12:00:00,10252.458464318333,6346.181256229976,8113.337702438987
2022-07-16 16:00:00,10638.992115544894,6446.062499912758,8399.678480053335
2022-07-16 20:00:00,10929.805226097415,6510.8922512472345,8611.327033427064
2022-07-17 00:00:00,10999.193051882568,6517.096055202687,8649.761974328474
2022-07-17 04:00:00,11076.671958783387,6559.9023024953085,8739.053143041998
2022-07-17 08:00:00,11139.909759214923,6601.777979194611,8783.465739754283
2022-07-17 12:00:00,11141.796164856874,6599.916838007976,8784.31266049829
2022-07-17 16:00:00,11016.560878723652,6513.063582631643,8684.021972448601
2022-07-17 20:00:00,10961.972195307404,6469.016574547932,8638.478175438959
2022-07-18 00:00:00,10835.081586654022,6382.783699567144,8538.89068950553
2022-07-18 04:00:00,11203.023425874171,6536.3278474645895,8905.11592589377
2022-07-18 08:00:00,11488.020360947397,6797.1978037913605,9232.796318964312
2022-07-18 12:00:00,11468.823544901199,6768.350115398507,9193.941880398826
2022-07-18 16:00:00,11697.90194068293,6919.102551515999,9360.749101788399
2022-07-18 20:00:00,11219.455117169926,6610.7734949300175,8954.935804871864
2022-07-19 00:00:00,11854.077257463956,6855.20337077484,9590.037486631743
2022-07-19 04:00:00,11622.782761593244,6702.899983668485,9384.47335173887
2022-07-19 08:00:00,11564.978026628673,6595.57417523916,9317.590989409458
2022-07-19 12:00:00,11840.074964783633,6653.269552024866,9612.883293088835
2022-07-19 16:00:00,11930.997817227171,7003.474285310151,9846.47421335319
2022-07-19 20:00:00,11949.24294521954,7106.147240772887,9799.893406442614
2022-07-20 00:00:00,11831.449002987887,7093.1192524664375,9698.678283053683
2022-07-20 04:00:00,11942.751298043273,7103.355528992934,9793.657443604261
2022-07-20 08:00:00,11764.64440950005,7090.017350488712,9637.366684341694
2022-07-20 12:00:00,12147.669532241802,7229.9131296841615,9916.184815322253
2022-07-20 16:00:00,12171.92374560122,7347.785404837756,9938.183653768294
2022-07-20 20:00:00,11810.895451740447,7215.954570784394,9609.557125065188
2022-07-21 00:00:00,11539.415020893843,7077.919932775579,9382.871303508353
2022-07-21 04:00:00,11360.234129628096,6920.34331230709,9039.43109688186
2022-07-21 08:00:00,11389.394666820053,6978.659069488342,9174.100029279743
2022-07-21 12:00:00,11345.554069801929,6884.361249365466,9232.882473275502
2022-07-21 16:00:00,11345.554069801929,6891.805814112009,9273.085848478713
2022-07-21 20:00:00,11345.554069801929,7040.07672864732,9635.250640096874
2022-07-22 00:00:00,11345.554069801929,7028.909881527506,9533.705557453057
2022-07-22 04:00:00,11345.554069801929,6975.246977312843,9477.349055159844
2022-07-22 08:00:00,11339.881292767028,7076.679171984489,9653.157495827181
2022-07-22 12:00:00,11414.996817213392,7202.616392280172,9850.976778251388
2022-07-22 16:00:00,11241.561291023536,7064.891944469129,9388.318833743222
2022-07-22 20:00:00,11130.219869584416,6866.370217894654,9101.444637670003
2022-07-23 00:00:00,11130.219869584416,6898.009618067461,9162.67372238783
2022-07-23 04:00:00,11130.219869584416,6933.061110415767,9288.656312311003
2022-07-23 08:00:00,11130.219869584416,6919.722931911544,9322.250544117982
2022-07-23 12:00:00,11130.219869584416,6753.150795707649,8992.318548023006
2022-07-23 16:00:00,11130.219869584416,6749.428513334377,9055.375253620172
2022-07-23 20:00:00,11130.219869584416,6774.243729156187,8962.844625320246
2022-07-24 00:00:00,11130.219869584416,6824.804731393124,9103.523375376244
2022-07-24 04:00:00,11130.219869584416,6792.234760626999,9064.965796269516
2022-07-24 08:00:00,11130.219869584416,6900.491139649642,9298.361566695934
2022-07-24 12:00:00,11130.219869584416,6889.944672925373,9319.181591986428
2022-07-24 16:00:00,11130.219869584416,6948.260430106625,9365.780327128905
2022-07-24 20:00:00,11130.219869584416,6902.972661231823,9295.170534775538
2022-07-25 00:00:00,11130.219869584416,6865.129457103564,9289.148969353831
2022-07-25 04:00:00,11130.219869584416,6647.375938267186,8760.104778654542
2022-07-25 08:00:00,11130.219869584416,6690.49237575758,8865.864306926505
2022-07-25 12:00:00,11130.219869584416,6657.302024595911,8888.709287819758
2022-07-25 16:00:00,11130.219869584416,6656.06126380482,8834.564912118425
2022-07-25 20:00:00,11130.219869584416,6641.792514707279,8715.486606489536
2022-07-26 00:00:00,11130.219869584416,6460.331249010298,8425.767267980267
2022-07-26 04:00:00,11130.219869584416,6413.492529146633,8346.964224004496
2022-07-26 08:00:00,11130.219869584416,6397.362638862457,8251.533562768083
2022-07-26 12:00:00,11130.219869584416,6457.539537230345,8338.891400980821
2022-07-26 16:00:00,11130.219869584416,6364.792668096332,8171.913133573736
2022-07-26 20:00:00,11130.219869584416,6414.423099739951,8183.941824859126
2022-07-27 00:00:00,11130.219869584416,6513.994153224961,8476.36418978366
2022-07-27 04:00:00,11130.219869584416,6446.993070506076,8352.39555916009
2022-07-27 08:00:00,11130.219869584416,6535.0870866734995,8561.643042969135
2022-07-27 12:00:00,11130.219869584416,6479.252851074428,8449.47721315386
2022-07-27 16:00:00,11130.219869584416,6614.495777303289,8683.809562700426
2022-07-27 20:00:00,11130.219869584416,6914.139508351637,9119.254008045744
2022-07-28 00:00:00,11119.089649714831,6974.93678711507,9315.02097156076
2022-07-28 04:00:00,11167.191971607988,7025.80797954978,9284.385208656473
2022-07-28 08:00:00,11066.107372881768,6965.320890984119,9175.14107912367
2022-07-28 12:00:00,11210.872891707011,7084.433926928804,9441.213562710327
2022-07-28 16:00:00,11584.435802130723,7242.320737595066,9752.55609414872
2022-07-28 20:00:00,11581.958383554604,7246.043019968338,9754.836265820573
2022-07-29 00:00:00,11666.541621648,7258.450627879242,9853.612729029453
2022-07-29 04:00:00,11707.209395312344,7262.483100450287,9903.451401710696
2022-07-29 08:00:00,11614.380973894924,7258.760818077015,9811.43332137564
2022-07-29 12:00:00,11434.370688083996,7206.02848445567,9643.93026550101
2022-07-29 16:00:00,11652.302330278217,7309.011630116179,9825.02056655248
2022-07-29 20:00:00,11539.638853288896,7251.626443528245,9706.916991612885
2022-07-30 00:00:00,11534.392919332256,7218.4360923665745,9711.905554266665
2022-07-30 04:00:00,11485.108450297099,7228.6723688930715,9671.093400072721
2022-07-30 08:00:00,11559.287047724814,7247.283780759428,9744.438143501753
2022-07-30 12:00:00,11559.686562602625,7279.5435613277805,9747.923587882695
2022-07-30 16:00:00,12066.444901570627,7441.1526543673135,10278.061891759065
2022-07-30 20:00:00,11757.400416416178,7265.27481223024,10011.897860787485
2022-07-31 00:00:00,11614.796851274099,7175.629845073953,9856.421820509284
2022-07-31 04:00:00,11581.023906769678,7211.92209821335,9806.84068037715
2022-07-31 08:00:00,11646.829384695726,7203.546962873489,9882.50128441316
2022-07-31 12:00:00,11753.52689446723,7232.704841464115,9979.5431603588
2022-07-31 16:00:00,11710.089686148161,7224.329706124255,9938.056558757424
2022-07-31 20:00:00,11693.479280102132,7245.732829770565,9911.776852713348
2022-08-01 00:00:00,11471.747234151813,7084.744117126576,9646.465500949507
2022-08-01 04:00:00,11471.747234151813,7098.702676026344,9731.375932415289
2022-08-01 08:00:00,11471.747234151813,7078.230122973352,9719.24627007078
2022-08-01 12:00:00,11471.747234151813,7046.590722800544,9587.287988320488
2022-08-01 16:00:00,11471.747234151813,7053.10471695377,9596.864258046455
2022-08-01 20:00:00,11471.747234151813,6946.399288919989,9343.576090438506
2022-08-02 00:00:00,11471.747234151813,7035.113685482958,9442.659714141395
2022-08-02 04:00:00,11471.747234151813,6905.764373011777,9147.643909904426
2022-08-02 08:00:00,11471.747234151813,6945.778908524444,9256.273336396993
2022-08-02 12:00:00,11471.747234151813,6947.019669315535,9243.435734223
2022-08-02 16:00:00,11471.747234151813,6998.201051948016,9459.070824269686
2022-08-02 20:00:00,11471.747234151813,7006.5761872878775,9455.742554711596
2022-08-03 00:00:00,11471.747234151813,7024.567218758689,9301.040863588769
2022-08-03 04:00:00,11471.747234151813,6964.700510588574,9109.303124976177
2022-08-03 08:00:00,11471.747234151813,7005.955806892332,9122.082282952753
2022-08-03 12:00:00,11471.747234151813,7130.031886001379,9355.403245347592
2022-08-03 16:00:00,11471.747234151813,7145.851586087782,9437.437014592288
2022-08-03 20:00:00,11471.747234151813,7151.745199845462,9404.20593476712
2022-08-04 00:00:00,11471.747234151813,6969.0431733573905,9126.802349279547
2022-08-04 04:00:00,11471.747234151813,7051.553765964906,9288.698154900554
2022-08-04 08:00:00,11471.747234151813,6999.441812739107,9208.569629901845
2022-08-04 12:00:00,11471.747234151813,6982.691542059386,9135.551669442884
2022-08-04 16:00:00,11471.747234151813,6965.320890984119,9112.085491847865
2022-08-04 20:00:00,11471.747234151813,6804.952558735676,8957.649214724432
2022-08-05 00:00:00,11471.747234151813,6845.897664841661,9037.985792379328
2022-08-05 04:00:00,11471.747234151813,7018.363414803237,9328.612892147328
2022-08-05 08:00:00,11471.747234151813,7030.460832516369,9332.148098582526
2022-08-05 12:00:00,11466.011360534738,7099.323056421889,9534.667404768348
2022-08-05 16:00:00,11394.525627506218,7018.363414803237,9380.783707112387
2022-08-05 20:00:00,11417.364519847599,6987.034204828202,9371.016217214175
2022-08-06 00:00:00,11537.497093563257,7101.80457800407,9555.266226614069
2022-08-06 04:00:00,11530.873814784258,7053.725097349315,9539.962678470849
2022-08-06 08:00:00,11498.899365506326,7071.405938622354,9507.591522126291
2022-08-06 12:00:00,11482.455363020532,7059.308520909222,9481.683653798365
2022-08-06 16:00:00,11493.418031344394,7074.50784060008,9504.042871118581
2022-08-06 20:00:00,11489.307030722946,7063.961373875812,9549.49612396002
2022-08-07 00:00:00,11436.777578337771,6998.821432343561,9399.439340107077
2022-08-07 04:00:00,11423.759409703185,7013.090181441102,9376.90157629993
2022-08-07 08:00:00,11429.697521711943,7021.465316780963,9399.040904487549
2022-08-07 12:00:00,11443.172468193357,7027.04874034087,9435.397929051036
2022-08-07 16:00:00,11456.647414674771,7016.502273616601,9451.364949623265
2022-08-07 20:00:00,11476.288862088359,7056.826999327041,9506.052319323073
2022-08-08 00:00:00,11463.270693453771,7072.026319017899,9509.449075597258
2022-08-08 04:00:00,11465.071276549741,7102.424958399616,9676.284461785293
2022-08-08 08:00:00,11637.099681448832,7238.908645419568,9819.306254755382
2022-08-08 12:00:00,11881.759327325704,7342.5121714756215,10017.262509762688
2022-08-08 16:00:00,11745.742564343622,7293.502120227548,9883.485194447429
2022-08-08 20:00:00,11767.344551810933,7287.298316272096,9900.379892338595
2022-08-09 00:00:00,11700.795807620303,7238.598455221795,9842.223087053451
2022-08-09 04:00:00,11734.825384169424,7255.348725901516,9874.852662788053
2022-08-09 08:00:00,11734.677994957456,7256.899676890379,9877.67294700638
2022-08-09 12:00:00,11280.193868620485,7065.202134666902,9496.022361478514
2022-08-09 16:00:00,11280.193868620485,7007.506757881195,9377.547747372944
2022-08-09 20:00:00,11280.193868620485,7015.571703023283,9389.24310922559
2022-08-10 00:00:00,11280.193868620485,7040.697109042865,9425.498166695572
2022-08-10 04:00:00,11280.193868620485,6945.778908524444,9244.249106170118
2022-08-10 08:00:00,11280.193868620485,6982.381351861613,9326.118639438639
2022-08-10 12:00:00,11280.193868620485,6999.441812739107,9371.605363377395
2022-08-10 16:00:00,11274.553771686175,7201.375631489081,9811.996736640092
2022-08-10 20:00:00,11247.268609040582,7120.415989870427,9702.201792041586
2022-08-11 00:00:00,11321.086607205787,7219.366662959893,9907.054274982085
2022-08-11 04:00:00,11378.84820358653,7331.035134158034,10149.266592874661
2022-08-11 08:00:00,11394.455240454372,7335.687987124624,10182.20068250061
2022-08-11 12:00:00,11410.616694917804,7383.767467779379,10198.539011106841
2022-08-11 16:00:00,11286.458177559438,7309.011630116179,10079.072391565078
2022-08-11 20:00:00,11298.998264179849,7283.265843701051,10089.565549071136
2022-08-12 00:00:00,11161.156084744895,7193.931066742538,9963.456716964334
2022-08-12 04:00:00,11290.186895167195,7226.811227706436,10088.920398948416
2022-08-12 08:00:00,11239.542889142158,7221.848184542074,10040.85104381874
2022-08-12 12:00:00,11101.765414525857,7150.814629252144,9911.133951295487
2022-08-12 16:00:00,11260.865591446258,7260.311769065878,10113.18084554997
2022-08-12 20:00:00,11440.620089921962,7317.0765752582665,10330.251758978811
2022-08-13 00:00:00,11565.89219226289,7379.734995208336,10476.748377438853
2022-08-13 04:00:00,11806.426807644457,7490.7830860109325,10785.466350841703
2022-08-13 08:00:00,11741.477673063802,7418.508769929913,10725.343209239341
2022-08-13 12:00:00,11674.202359213657,7383.767467779379,10659.851700245603
2022-08-13 16:00:00,11661.771592514122,7412.30496597446,10630.441401089618
2022-08-13 20:00:00,11624.291996780157,7385.628608966015,10605.070750762643
2022-08-14 00:00:00,11677.647089723352,7398.346407074692,10659.247678821903
2022-08-14 04:00:00,11705.739962425523,7429.0552366541815,10686.280838611448
2022-08-14 08:00:00,11895.666132239377,7522.732676381512,10868.222183516144
2022-08-14 12:00:00,11722.1546181745,7437.12018179627,10696.960000624164
2022-08-14 16:00:00,11641.306110037043,7420.369911116549,10606.467518845246
2022-08-14 20:00:00,11414.200141887883,7353.3688283976635,10400.166603887843
2022-08-15 00:00:00,11390.262665852913,7359.262442155343,10379.080155869618
2022-08-15 04:00:00,11468.550540063288,7523.042866579285,10687.018716743958
2022-08-15 08:00:00,11351.230600340703,7288.539077063187,10201.426218914658
2022-08-15 12:00:00,11351.230600340703,7326.692471389219,10228.841611435288
2022-08-15 16:00:00,11351.230600340703,7385.00822857047,10377.232186596517
2022-08-15 20:00:00,11351.230600340703,7321.729428224856,10248.38562165315
2022-08-16 00:00:00,11351.230600340703,7361.433773539751,10276.113042899211
2022-08-16 04:00:00,11351.230600340703,7352.748448002118,10237.075235433967
2022-08-16 08:00:00,11351.230600340703,7353.3688283976635,10202.96548846164
2022-08-16 12:00:00,11351.230600340703,7365.776436308568,10356.485681839305
2022-08-16 16:00:00,11351.230600340703,7289.469647656504,10185.097801459815
2022-08-16 20:00:00,11351.230600340703,7302.187445765181,10144.25301043061
2022-08-17 00:00:00,11351.230600340703,7272.719376976783,10117.905110183226
2022-08-17 04:00:00,11351.230600340703,7316.146004664949,10271.357861040276
2022-08-17 08:00:00,11351.230600340703,7258.760818077015,10147.791818723887
2022-08-17 12:00:00,11351.230600340703,7239.21883561734,10077.908001282864
2022-08-17 16:00:00,11351.230600340703,7143.059874307829,9793.569806083666
2022-08-17 20:00:00,11351.230600340703,7098.702676026344,9741.848109851806
2022-08-18 00:00:00,11351.230600340703,7115.763136903838,9709.065719595405
2022-08-18 04:00:00,11351.230600340703,7151.745199845462,9788.695888221926
2022-08-18 08:00:00,11351.230600340703,7151.124819449917,9799.800299602168
2022-08-18 12:00:00,11351.230600340703,7174.699274480636,9872.699415913747
2022-08-18 16:00:00,11351.230600340703,7196.412588324719,9922.44438462688
2022-08-18 20:00:00,11351.230600340703,7178.111366656134,9879.611854139977
2022-08-19 00:00:00,11351.230600340703,7125.999413430335,9687.864622567144
2022-08-19 04:00:00,11351.230600340703,7003.784475507923,9469.905313110201
2022-08-19 08:00:00,11351.230600340703,6734.8495740390645,9083.9561036714
2022-08-19 12:00:00,11351.230600340703,6629.074716598602,8982.757223078312
2022-08-19 16:00:00,11351.230600340703,6629.074716598602,9036.129497467551
2022-08-19 20:00:00,11351.230600340703,6594.023224250296,9064.450439520086
2022-08-20 00:00:00,11351.230600340703,6436.4466037818065,8699.211158640392
2022-08-20 04:00:00,11351.230600340703,6527.642521926956,8860.730795178308
2022-08-20 08:00:00,11351.230600340703,6590.611132074798,8965.18187007547
2022-08-20 12:00:00,11351.230600340703,6567.657057439624,8872.984426947263
2022-08-20 16:00:00,11351.230600340703,6588.749990888162,8880.917864608109
2022-08-20 20:00:00,11351.230600340703,6480.803802063291,8497.224881251845
2022-08-21 00:00:00,11351.230600340703,6540.980700431179,8637.772392472358
2022-08-21 04:00:00,11351.230600340703,6554.939259330947,8631.541845103835
2022-08-21 08:00:00,11351.230600340703,6567.036677044079,8674.06716800699
2022-08-21 12:00:00,11351.230600340703,6657.612214793683,8853.32472881324
2022-08-21 16:00:00,11351.230600340703,6625.042244027558,8815.87353550698
2022-08-21 20:00:00,11351.230600340703,6653.579742222639,8862.18530458604
2022-08-22 00:00:00,11351.230600340703,6653.269552024866,8872.08460166062
2022-08-22 04:00:00,11351.230600340703,6617.287489083243,8774.506971349325
2022-08-22 08:00:00,11351.230600340703,6538.188988651225,8577.310003948249
2022-08-22 12:00:00,11351.230600340703,6585.958279108208,8586.909707964263
2022-08-22 16:00:00,11351.230600340703,6679.015338439994,8721.16551534376
2022-08-22 20:00:00,11351.230600340703,6568.587628032942,8605.636406040543
2022-08-23 00:00:00,11351.230600340703,6676.844007055585,8836.072390932066
2022-08-23 04:00:00,11351.230600340703,6625.662624423103,8761.964299091076
2022-08-23 08:00:00,11351.230600340703,6649.237079453822,8745.101952704717
2022-08-23 12:00:00,11345.554985040533,6702.899983668485,8870.879312489102
2022-08-23 16:00:00,11326.406221711122,6679.015338439994,8869.68874249465
2022-08-23 20:00:00,11361.21979671526,6700.418462086304,8860.746949728342
2022-08-24 00:00:00,11397.401131626088,6702.279603272939,8912.635942489713
2022-08-24 04:00:00,11245.306698290497,6630.935857785238,8701.613537477628
2022-08-24 08:00:00,11283.199393265979,6643.963846091688,8757.225155606178
2022-08-24 12:00:00,11382.266519606914,6698.247130701896,8898.943398700245
2022-08-24 16:00:00,11454.435925011629,6730.506911270248,8996.160631754483
2022-08-24 20:00:00,11453.35229001693,6749.73870353215,8966.246529080294
2022-08-25 00:00:00,11344.858485473253,6651.718601036003,8798.366040491306
2022-08-25 04:00:00,11369.427037163907,6671.260583495678,8849.105567241131
2022-08-25 08:00:00,11452.087584908166,6739.812617203426,9040.596541940766
2022-08-25 12:00:00,11452.5227302802,6752.530415312103,9070.165768698786
2022-08-25 16:00:00,11365.484908397422,6719.960444545979,8988.781011000341
2022-08-25 20:00:00,11369.973480634046,6720.8910151392965,8992.409758360176
2022-08-26 00:00:00,11284.498760916757,6710.034358217255,8916.841206897385
2022-08-26 04:00:00,11259.229102922154,6701.349032679622,8885.207737534358
2022-08-26 08:00:00,11171.414325951282,6669.08925211127,8778.734910355393
2022-08-26 12:00:00,11089.797138009662,6578.203524163893,8632.921383009467
2022-08-26 16:00:00,11089.797138009662,6446.062499912758,8427.977835498714
2022-08-26 20:00:00,11089.797138009662,6429.932609628582,8341.737251191433
2022-08-27 00:00:00,11089.797138009662,6306.787101112853,8087.620193482077
2022-08-27 04:00:00,11089.797138009662,6303.375008937354,8103.348488324344
2022-08-27 08:00:00,11089.797138009662,6323.537371792574,8165.899610810246
2022-08-27 12:00:00,11089.797138009662,6299.962916761855,8119.571819842056
2022-08-27 16:00:00,11089.797138009662,6228.30898107638,7968.723134992596
2022-08-27 20:00:00,11089.797138009662,6235.133165427378,7985.580517047604
2022-08-28 00:00:00,11089.797138009662,6244.749061558329,8027.841192176044
2022-08-28 04:00:00,11089.797138009662,6227.998790878608,8003.6095435821035
2022-08-28 08:00:00,11089.797138009662,6247.23058314051,8059.507044720064
2022-08-28 12:00:00,11089.797138009662,6240.406398789512,8045.832983760553
2022-08-28 16:00:00,11089.797138009662,6242.267539976148,8057.538117992707
2022-08-28 20:00:00,11089.797138009662,6223.966318307564,8016.94191314147
2022-08-29 00:00:00,11089.797138009662,6106.404233351742,7760.125817589666
2022-08-29 04:00:00,11089.797138009662,6210.007759407797,7880.220210074081
2022-08-29 08:00:00,11089.797138009662,6209.387379012251,7851.883660932182
2022-08-29 12:00:00,11089.797138009662,6153.242953215407,7800.593600855945
2022-08-29 16:00:00,11089.797138009662,6291.277591224222,8093.714968119347
2022-08-29 20:00:00,11089.797138009662,6234.512785031833,8062.397099983665
2022-08-30 00:00:00,11089.797138009662,6287.5553088509505,8203.252455565766
2022-08-30 04:00:00,11089.797138009662,6284.143216675452,8188.411772121567
2022-08-30 08:00:00,11078.707340871651,6316.713187441576,8294.9636702621
2022-08-30 12:00:00,11077.347803770586,6316.092807046031,8294.599115677342
2022-08-30 16:00:00,10764.09354529535,6115.399749087148,7964.830791857702
2022-08-30 20:00:00,10806.822046142912,6178.678549432761,8047.689896657729
2022-08-31 00:00:00,10763.86005621968,6136.182492337914,7999.143687138349
2022-08-31 04:00:00,10947.382469696093,6303.064818739581,8284.631593994407
2022-08-31 08:00:00,10907.222348680898,6280.110744104408,8244.26983398731
2022-08-31 12:00:00,10933.840103307248,6291.897971619767,8295.3366911454
2022-08-31 16:00:00,10832.739333542253,6211.558710396659,8107.232679215487
2022-08-31 20:00:00,10868.930140271063,6251.883436107099,8171.017195932635
2022-09-01 00:00:00,10824.567215893812,6199.461292683527,8056.128800005173
2022-09-01 04:00:00,10821.064879758766,6196.049200508029,8032.8667211340535
2022-09-01 08:00:00,10806.355067991573,6150.451241435454,7979.378734312314
2022-09-01 12:00:00,10893.679982292053,6222.105177120929,8115.981440540297
2022-09-01 16:00:00,10814.760674715682,6173.095125872855,7989.7932941691215
2022-09-01 20:00:00,10882.239017584237,6192.947298530302,8076.39427573346
2022-09-02 00:00:00,10924.734029356128,6270.494847973457,8183.71893371571
2022-09-02 04:00:00,10949.950849528459,6268.633706786821,8199.938771719702
2022-09-02 08:00:00,10937.108950366624,6243.818490965012,8174.509834749638
2022-09-02 12:00:00,10936.641972215284,6234.512785031833,8167.592538216394
2022-09-02 16:00:00,11021.631995759068,6299.962916761855,8322.55921569006
2022-09-02 20:00:00,10866.238594951279,6204.114145650116,8068.038901219495
2022-09-03 00:00:00,10866.238594951279,6223.656128109791,8112.862972826414
2022-09-03 04:00:00,10866.238594951279,6202.563194661253,8054.63095780345
2022-09-03 08:00:00,10866.238594951279,6173.405316070627,8027.508148718068
2022-09-03 12:00:00,10866.238594951279,6177.127598443899,8041.977573560504
2022-09-03 16:00:00,10866.238594951279,6169.683033697356,8048.368634453338
2022-09-03 20:00:00,10866.238594951279,6149.210480644363,8019.419563792767
2022-09-04 00:00:00,10866.238594951279,6186.74349457485,8066.222697354267
2022-09-04 04:00:00,10866.238594951279,6166.891321917403,8084.192197686217
2022-09-04 08:00:00,10866.238594951279,6126.25640600919,8023.576076322972
2022-09-04 12:00:00,10866.238594951279,6188.294445563713,8164.133562047257
2022-09-04 16:00:00,10866.238594951279,6170.303414092901,8139.398826550234
2022-09-04 20:00:00,10866.238594951279,6205.66509663898,8164.685190250059
2022-09-05 00:00:00,10860.805475653804,6262.7400930291415,8270.739603445792
2022-09-05 04:00:00,10856.229888372633,6215.901373165476,8241.33344872377
2022-09-05 08:00:00,10804.894031071697,6182.711022003806,8159.065802975817
2022-09-05 12:00:00,10753.077513906857,6162.2384689508135,8110.384217791375
2022-09-05 16:00:00,10753.077513906857,6204.424335847889,8245.834348666547
2022-09-05 20:00:00,10753.077513906857,6152.932763017635,8179.050151990588
2022-09-06 00:00:00,10753.077513906857,6166.891321917403,8270.075848628188
2022-09-06 04:00:00,10742.324436392952,6167.511702312948,8381.69322103633
2022-09-06 08:00:00,10776.333886737342,6187.363874970395,8416.393945517204
2022-09-06 12:00:00,10873.530886172306,6222.725557516474,8515.684299532684
2022-09-06 16:00:00,10940.674026125642,6196.979771101346,8575.2604532744
2022-09-06 20:00:00,10425.963578174233,5900.748132228497,8015.249277611289
2022-09-07 00:00:00,10425.963578174233,5901.678702821815,7977.385483906695
2022-09-07 04:00:00,10425.963578174233,5886.789573328729,7896.618504149011
2022-09-07 08:00:00,10425.963578174233,5882.757100757685,7920.266088558007
2022-09-07 12:00:00,10425.963578174233,5889.581285108683,7947.668137668153
2022-09-07 16:00:00,10425.963578174233,5895.785089064135,8005.044815280594
2022-09-07 20:00:00,10425.963578174233,5894.234138075272,8056.04473405748
2022-09-08 00:00:00,10425.963578174233,5991.633860175873,8269.451425360276
2022-09-08 04:00:00,10425.963578174233,5970.851116925109,8244.349245595287
2022-09-08 08:00:00,10425.963578174233,5959.374079607522,8195.915793979406
2022-09-08 12:00:00,10425.963578174233,5985.119866022649,8277.25880500592
2022-09-08 16:00:00,10425.963578174233,5999.078424922416,8373.006986461452
2022-09-08 20:00:00,10425.963578174233,6006.212799471186,8385.068166952173
2022-09-09 00:00:00,10425.963578174233,5984.499485627103,8371.896188407878
2022-09-09 04:00:00,10420.750596385145,6139.594584513412,8562.231657742039
2022-09-09 08:00:00,10464.678299227131,6330.051365945799,8730.806066913872
2022-09-09 12:00:00,10580.046522528772,6469.947145141249,8816.426566307728
2022-09-09 16:00:00,10625.082590699965,6563.624584868579,8827.736834902455
2022-09-09 20:00:00,10611.062323945513,6575.411812383939,8809.021747733335
2022-09-10 00:00:00,10602.025911768851,6592.782463459206,8796.05137170475
2022-09-10 04:00:00,10619.139514066319,6564.555155461898,8811.247826628303
2022-09-10 08:00:00,10546.32658717082,6570.448769219577,8744.177262657333
2022-09-10 12:00:00,10599.208888975934,6567.967247637396,8796.177217244236
2022-09-10 16:00:00,10548.603726621406,6541.290890628951,8752.879915315963
2022-09-10 20:00:00,10708.271033284094,6661.024306969181,8878.283534233015
2022-09-11 00:00:00,10798.930021437742,6681.186669824402,8951.418971726038
2022-09-11 04:00:00,10730.50927810875,6651.718601036003,8891.975257076218
2022-09-11 08:00:00,10724.874145487121,6663.505828551362,8882.290684998643
2022-09-11 12:00:00,10754.63436651514,6668.158681517952,8908.62928046743
2022-09-11 16:00:00,10807.929900650135,6679.635718835539,8966.322785128836
2022-09-11 20:00:00,10763.659921271224,6652.959361827094,8930.408067986064
2022-09-12 00:00:00,10775.124675858728,6717.789113161571,8922.351809649663
2022-09-12 04:00:00,10659.793024287064,6658.542785387001,8839.01199008528
2022-09-12 08:00:00,10775.934821544732,6769.590876189598,8926.957985187135
2022-09-12 12:00:00,11023.440860048748,6822.633400008715,9192.732831223027
2022-09-12 16:00:00,10860.86550014629,6776.725250738368,9057.98466776696
2022-09-12 20:00:00,10975.605821864838,6874.124972838969,9196.014969741314
2022-09-13 00:00:00,10938.344994626605,6857.995082554794,9136.524882219812
2022-09-13 04:00:00,11045.084405916168,6802.781227351267,9270.105430303447
2022-09-13 08:00:00,11015.426707476207,6809.9156019000375,9232.99745877639
2022-09-13 12:00:00,11035.180439261138,6869.161929674608,9262.541829858972
2022-09-13 16:00:00,10468.15302404797,6448.5440214949385,8580.338388556818
2022-09-13 20:00:00,10468.15302404797,6317.333567837121,8503.930902575972
2022-09-14 00:00:00,10468.15302404797,6277.939412719999,8321.074502507654
2022-09-14 04:00:00,10468.15302404797,6316.713187441576,8432.315559051873
2022-09-14 08:00:00,10468.15302404797,6294.069303004176,8400.134884512656
2022-09-14 12:00:00,10468.15302404797,6281.971885291044,8365.807764469726
2022-09-14 16:00:00,10468.15302404797,6265.841995006867,8394.092647557092
2022-09-14 20:00:00,10468.15302404797,6208.146618221161,8391.363283648
2022-09-15 00:00:00,10468.15302404797,6279.490363708863,8545.449482482985
2022-09-15 04:00:00,10468.15302404797,6229.859932065244,8363.109696047573
2022-09-15 08:00:00,10468.15302404797,6283.212646082134,8612.433343233639
2022-09-15 12:00:00,10468.15302404797,6257.156669469234,8441.566349768495
2022-09-15 16:00:00,10468.15302404797,6130.599068778006,8131.166005319726
2022-09-15 20:00:00,10468.15302404797,6144.867817875546,8200.332003678326
2022-09-16 00:00:00,10468.15302404797,6122.223933438146,8108.104093191781
2022-09-16 04:00:00,10468.15302404797,6128.117547195825,8079.793507495447
2022-09-16 08:00:00,10468.15302404797,6151.3818120287715,8108.521026855028
2022-09-16 12:00:00,10468.15302404797,6184.261972992669,8157.115234875984
2022-09-16 16:00:00,10468.15302404797,6091.204913660884,7958.629364770312
2022-09-16 20:00:00,10468.15302404797,6081.899207727705,7901.980047139371
2022-09-17 00:00:00,10468.15302404797,6130.909258975779,7941.163276379517
2022-09-17 04:00:00,10468.15302404797,6160.997708159723,8026.3939217568195
2022-09-17 08:00:00,10468.15302404797,6148.590100248818,8015.983225443783
2022-09-17 12:00:00,10468.15302404797,6138.974204117867,7965.956610886223
2022-09-17 16:00:00,10468.15302404797,6189.225016157031,8104.163918194951
2022-09-17 20:00:00,10468.15302404797,6201.0122436723905,8137.416234525955
2022-09-18 00:00:00,10468.15302404797,6233.892404636288,8196.192736538855
2022-09-18 04:00:00,10468.15302404797,6198.220531892437,8125.01935617042
2022-09-18 08:00:00,10468.15302404797,6213.1096613855225,8183.939810611521
2022-09-18 12:00:00,10468.15302404797,6173.7155062684,8079.5574796758865
2022-09-18 16:00:00,10468.15302404797,6136.182492337914,7984.464785894348
2022-09-18 20:00:00,10468.15302404797,6111.677466713876,7874.053674198257
2022-09-19 00:00:00,10468.15302404797,6004.972038680096,7611.2383256022595
2022-09-19 04:00:00,10468.15302404797,5827.853435751932,7482.217808673045
2022-09-19 08:00:00,10468.15302404797,5743.171511760007,7497.49377385178
2022-09-19 12:00:00,10468.15302404797,5808.62164349003,7544.685495256276
2022-09-19 16:00:00,10468.15302404797,5924.942967654761,7693.649808873557
2022-09-19 20:00:00,10468.15302404797,6046.227334983854,7864.228378978221
2022-09-20 00:00:00,10468.15302404797,6040.333721226175,7862.171511386542
2022-09-20 04:00:00,10468.15302404797,5990.393099384783,7781.456023017318
2022-09-20 08:00:00,10468.15302404797,5986.670817011512,7776.105755754376
2022-09-20 12:00:00,10468.15302404797,5970.540926727335,7771.970147287339
2022-09-20 16:00:00,10468.15302404797,5974.883589496152,7838.096293115094
2022-09-20 20:00:00,10468.15302404797,5913.4659303371745,7719.9386625639445
2022-09-21 00:00:00,10468.15302404797,5872.831014428962,7617.0412802868805
2022-09-21 04:00:00,10468.15302404797,5923.702206863671,7702.311872889242
2022-09-21 08:00:00,10468.15302404797,5932.387532401304,7720.942357473444
2022-09-21 12:00:00,10468.15302404797,6007.76375046005,7814.809610951656
2022-09-21 16:00:00,10468.15302404797,6026.375162326407,7757.123114442637
2022-09-21 20:00:00,10468.15302404797,5984.809675824876,7728.573444808671
2022-09-22 00:00:00,10468.15302404797,5831.575718125203,7474.681232109785
2022-09-22 04:00:00,10468.15302404797,5907.882506777267,7580.8241361503215
2022-09-22 08:00:00,10468.15302404797,5962.78617178302,7683.853186632084
2022-09-22 12:00:00,10457.684871023921,6049.949617357126,7817.9060406451945
2022-09-22 16:00:00,10384.155864494294,5987.911577802603,7701.056883322654
2022-09-22 20:00:00,10501.086650589492,6085.93168029875,7883.65148898323
2022-09-23 00:00:00,10516.015146796828,6119.742411855965,7894.176262374253
2022-09-23 04:00:00,10575.02423640553,6118.811841262646,7983.78538174247
2022-09-23 08:00:00,10537.821714164047,6095.237386231928,7944.862614864315
2022-09-23 12:00:00,10397.661660410986,5994.7357621536,7757.104106126056
2022-09-23 16:00:00,10378.3502163087,5975.193779693925,7766.188451259913
2022-09-23 20:00:00,10425.667867207667,6025.134401535316,7838.124630059819
2022-09-24 00:00:00,10609.737280201998,6168.132082708493,8141.9826843719175
2022-09-24 04:00:00,10608.526777937805,6120.052602053737,8144.153914794087
2022-09-24 08:00:00,10558.12802627112,6075.38521357448,8105.175417464511
2022-09-24 12:00:00,10654.900658075285,6095.237386231928,8209.706309072266
2022-09-24 16:00:00,10576.73500655998,6115.70993928492,8148.73083950976
2022-09-24 20:00:00,10619.365552582874,6113.538607900512,8193.67917178277
2022-09-25 00:00:00,10464.78009384129,6055.22285071926,8069.128388156865
2022-09-25 04:00:00,10527.147777518107,6095.857766627473,8113.352991462836
2022-09-25 08:00:00,10575.916056333817,6110.746896120559,8158.501779622905
2022-09-25 12:00:00,10540.49849768197,6113.538607900512,8122.249211401041
2022-09-25 16:00:00,10413.96981103304,6068.561029223482,8021.085709496711
2022-09-25 20:00:00,10327.334069356697,6054.912660521488,7952.894585866164
2022-09-26 00:00:00,10311.715133547154,6024.514021139771,7885.350415818421
2022-09-26 04:00:00,10311.715133547154,6076.005593970026,7971.97975228332
2022-09-26 08:00:00,10311.715133547154,6062.357225268031,7920.609065950555
2022-09-26 12:00:00,10311.715133547154,6075.38521357448,7955.789892911805
2022-09-26 16:00:00,10311.715133547154,6162.548659148586,8111.109280262608
2022-09-26 20:00:00,10306.55927598038,6192.326918134757,8209.82748027338
2022-09-27 00:00:00,10303.126939967427,6195.428820112483,8234.588613869542
2022-09-27 04:00:00,10568.320895825253,6464.984101976887,8497.277705517667
2022-09-27 08:00:00,10533.384809394647,6486.0770354254255,8457.01194041596
2022-09-27 12:00:00,10581.121867012072,6507.790349269509,8494.568427694801
2022-09-27 16:00:00,10439.69856870005,6406.668344795636,8390.335993290464
2022-09-27 20:00:00,10049.520762717002,6165.030180730767,8075.000833645875
2022-09-28 00:00:00,10049.520762717002,6169.683033697356,8089.013053411026
2022-09-28 04:00:00,10049.520762717002,6084.690919507659,7972.369949493567
2022-09-28 08:00:00,10049.520762717002,6084.380729309886,7957.569987330743
2022-09-28 12:00:00,10049.520762717002,6147.039149259955,8026.5870689297935
2022-09-28 16:00:00,10049.520762717002,6245.059251756102,8113.146671110179
2022-09-28 20:00:00,10049.520762717002,6231.410883054107,8138.015185998535
2022-09-29 00:00:00,10049.520762717002,6196.979771101346,8116.558408669177
2022-09-29 04:00:00,10049.520762717002,6247.23058314051,8195.912307840314
2022-09-29 08:00:00,10049.520762717002,6220.244035934293,8132.6002662071
2022-09-29 12:00:00,10049.520762717002,6207.216047627842,8162.16654920962
2022-09-29 16:00:00,10049.520762717002,6127.8073569980525,8126.962640454592
2022-09-29 20:00:00,10049.520762717002,6140.214964908957,8105.902327378885
2022-09-30 00:00:00,10049.520762717002,6185.812923981532,8105.8178867885645
2022-09-30 04:00:00,10049.520762717002,6140.835345304503,8113.651181718677
2022-09-30 08:00:00,10049.520762717002,6172.47474547731,8139.932081281358
2022-09-30 12:00:00,10049.520762717002,6183.951782794897,8146.692362666318
2022-09-30 16:00:00,10049.520762717002,6259.638191051415,8262.246954920454
2022-09-30 20:00:00,10049.520762717002,6172.784935675082,8095.130335145474
2022-10-01 00:00:00,10049.520762717002,6147.659529655501,8014.105542370534
2022-10-01 04:00:00,10049.520762717002,6144.247437480001,7994.748958266989
2022-10-01 08:00:00,10049.520762717002,6114.158988296058,7987.293076397212
2022-10-01 12:00:00,10049.520762717002,6116.020129482693,7980.3059644710265
2022-10-01 16:00:00,10049.520762717002,6119.12203146042,7971.790483001301
2022-10-01 20:00:00,10049.520762717002,6103.612521571788,7916.93144591969
2022-10-02 00:00:00,10049.520762717002,6109.816325527241,7883.193442683819
2022-10-02 04:00:00,10049.520762717002,6114.46917849383,7930.304049305712
2022-10-02 08:00:00,10049.520762717002,6105.163472560652,7927.246940188584
2022-10-02 12:00:00,10049.520762717002,6076.625974365571,7868.723135640495
2022-10-02 16:00:00,10049.520762717002,6062.047035070258,7845.012795942995
2022-10-02 20:00:00,10049.520762717002,6100.5106195940625,7913.4377888944655
2022-10-03 00:00:00,10049.520762717002,6039.092960435084,7771.869800539364
2022-10-03 04:00:00,10049.520762717002,6064.528556652439,7818.342287587023
2022-10-03 08:00:00,10049.520762717002,6065.148937047984,7809.654316518084
2022-10-03 12:00:00,10049.520762717002,6110.436705922786,7896.541029448687
2022-10-03 16:00:00,10049.520762717002,6119.12203146042,7945.489629791034
2022-10-03 20:00:00,10049.520762717002,6170.303414092901,7968.172205631387
2022-10-04 00:00:00,10049.520762717002,6195.739010310256,7975.656548426058
2022-10-04 04:00:00,10049.520762717002,6178.678549432761,7995.593114783874
2022-10-04 08:00:00,10034.46905912831,6269.254087182366,8113.785524833324
2022-10-04 12:00:00,10005.430926621713,6258.707620458097,8085.097493329108
2022-10-04 16:00:00,10008.097494498455,6254.675147887053,8098.1583617736305
2022-10-04 20:00:00,10010.433996735475,6285.07378726877,8094.000555833939
2022-10-05 00:00:00,10053.093713584887,6317.643758034895,8125.716751666839
2022-10-05 04:00:00,10021.540218176353,6288.485879444268,8105.365006744979
2022-10-05 08:00:00,10054.472233305009,6317.953948232667,8131.081005029298
2022-10-05 12:00:00,9952.96725073714,6272.666179357865,8042.591068904768
2022-10-05 16:00:00,9989.744002805568,6287.5553088509505,8080.109325199234
2022-10-05 20:00:00,10065.288395008563,6316.402997243804,8138.036020376083
2022-10-06 00:00:00,10069.670195587529,6308.958432497261,8146.323644642886
2022-10-06 04:00:00,10162.992930478682,6367.274189678513,8214.704931378936
2022-10-06 08:00:00,10109.212821256413,6324.467942385892,8168.807068779169
2022-10-06 12:00:00,10168.323002403256,6360.7601955252885,8218.470636957198
2022-10-06 16:00:00,10137.392729804069,6327.880034561391,8191.300551896556
2022-10-06 20:00:00,10129.12655283754,6340.597832670068,8178.404287138233
2022-10-07 00:00:00,10083.842004171722,6326.6392737703,8136.523673992816
2022-10-07 04:00:00,10112.480636225635,6326.6392737703,8168.356370456934
2022-10-07 08:00:00,10079.685993802708,6306.47691091508,8135.559637164492
2022-10-07 12:00:00,10093.748397379835,6343.389544450021,8147.2542999358
2022-10-07 16:00:00,9963.597581995875,6208.456808418933,8018.882500991165
2022-10-07 20:00:00,9963.597581995875,6202.873384859026,8039.642997759086
2022-10-08 00:00:00,9963.597581995875,6222.725557516474,8055.899937652591
2022-10-08 04:00:00,9963.597581995875,6215.591182967703,8042.481766078514
2022-10-08 08:00:00,9963.597581995875,6215.591182967703,8056.79566285294
2022-10-08 12:00:00,9963.597581995875,6221.17460652761,8052.741863387534
2022-10-08 16:00:00,9963.597581995875,6204.114145650116,8017.842198407158
2022-10-08 20:00:00,9963.597581995875,6203.493765254571,8008.83048337448
2022-10-09 00:00:00,9963.597581995875,6179.60912002608,7970.279318091995
2022-10-09 04:00:00,9963.597581995875,6172.47474547731,7953.791479669209
2022-10-09 08:00:00,9963.597581995875,6188.604635761486,7987.162372128662
2022-10-09 12:00:00,9963.597581995875,6204.424335847889,8019.390456974762
2022-10-09 16:00:00,9963.597581995875,6223.656128109791,8064.835277736135
2022-10-09 20:00:00,9963.597581995875,6203.803955452344,8027.718112943957
2022-10-10 00:00:00,9963.597581995875,6192.326918134757,8026.53318144629
2022-10-10 04:00:00,9963.597581995875,6201.0122436723905,8048.144261648865
2022-10-10 08:00:00,9963.597581995875,6209.077188814478,8036.474573049017
2022-10-10 12:00:00,9963.597581995875,6189.845396552576,8014.9825978304225
2022-10-10 16:00:00,9963.597581995875,6163.169039544131,7982.025351013667
2022-10-10 20:00:00,9963.597581995875,6145.178008073319,7951.465432082753
2022-10-11 00:00:00,9963.597581995875,6107.955184340605,7846.542645606736
2022-10-11 04:00:00,9963.597581995875,6100.20042939629,7777.358246575487
2022-10-11 08:00:00,9963.597581995875,6098.339288209654,7797.37215456066
2022-10-11 12:00:00,9963.597581995875,6113.2284177027395,7796.420085576026
2022-10-11 16:00:00,9963.597581995875,6094.617005836382,7781.636867828648
2022-10-11 20:00:00,9963.597581995875,6071.662931201209,7734.680814143064
2022-10-12 00:00:00,9963.597581995875,6092.135484254201,7702.335024595902
2022-10-12 04:00:00,9963.597581995875,6095.237386231928,7727.1865156495505
2022-10-12 08:00:00,9963.597581995875,6111.9876569116495,7776.431059253554
2022-10-12 12:00:00,9963.597581995875,6105.783852956197,7778.49412714488
2022-10-12 16:00:00,9963.597581995875,6126.25640600919,7808.684219433139
2022-10-12 20:00:00,9963.597581995875,6125.015645218099,7778.1542132400355
2022-10-13 00:00:00,9963.597581995875,6120.36279225151,7773.601256309986
2022-10-13 04:00:00,9963.597581995875,6099.269858802972,7703.831671181258
2022-10-13 08:00:00,9963.597581995875,6077.866735156661,7561.668746745269
2022-10-13 12:00:00,9963.597581995875,5971.161307122881,7342.1313350467
2022-10-13 16:00:00,9963.597581995875,6048.398666368263,7502.5658233388685
2022-10-13 20:00:00,9963.597581995875,6151.692002226544,7658.183328290562
2022-10-14 00:00:00,9963.597581995875,6153.242953215407,7653.25916915106
2022-10-14 04:00:00,9953.633984413878,6281.041314697725,7891.454542995812
2022-10-14 08:00:00,9916.070265154913,6235.443355625151,7837.87611296811
2022-10-14 12:00:00,9952.069448025191,6249.4019145249185,7867.451417738798
2022-10-14 16:00:00,9857.624192460575,6160.067137566405,7749.041121399029
2022-10-14 20:00:00,9804.367495178385,6114.779368691603,7653.235918402613
2022-10-15 00:00:00,9802.166081660489,6119.742411855965,7635.068251627479
2022-10-15 04:00:00,9811.705540238036,6128.117547195825,7654.746518140152
2022-10-15 08:00:00,9797.518653122708,6116.640509878239,7631.934995450477
2022-10-15 12:00:00,9781.130352489487,6116.330319680465,7616.503302821541
2022-10-15 16:00:00,9775.74911944574,6108.265374538378,7601.985277967049
2022-10-15 20:00:00,9764.300668445923,6099.580049000744,7584.551365143846
2022-10-16 00:00:00,9764.300668445923,6084.690919507659,7536.039741451981
2022-10-16 04:00:00,9764.300668445923,6105.473662758424,7588.705463623175
2022-10-16 08:00:00,9764.300668445923,6110.436705922786,7584.174227062513
2022-10-16 12:00:00,9764.300668445923,6109.816325527241,7606.859715181962
2022-10-16 16:00:00,9764.300668445923,6111.057086318331,7610.320958398879
2022-10-16 20:00:00,9764.300668445923,6177.747978839444,7710.368497065166
2022-10-17 00:00:00,9764.300668445923,6134.63154134905,7656.510940846203
2022-10-17 04:00:00,9764.300668445923,6111.9876569116495,7626.3196738442675
2022-10-17 08:00:00,9764.300668445923,6135.562111942368,7678.584073032744
2022-10-17 12:00:00,9764.300668445923,6192.326918134757,7743.267027225308
2022-10-17 16:00:00,9764.300668445923,6155.104094402043,7732.959308404833
2022-10-17 20:00:00,9764.300668445923,6152.932763017635,7711.036916091954
2022-10-18 00:00:00,9754.536367777479,6159.446757170859,7766.30704853579
2022-10-18 04:00:00,9747.927203636662,6160.68751796195,7758.931656493159
2022-10-18 08:00:00,9750.991608912762,6189.845396552576,7769.57619149981
2022-10-18 12:00:00,9711.810431177528,6171.544174883992,7729.251230517985
2022-10-18 16:00:00,9597.880276094736,6104.543092165106,7613.070378388732
2022-10-18 20:00:00,9597.880276094736,6050.2598075548985,7550.817735502344
2022-10-19 00:00:00,9597.880276094736,6078.1769253544335,7579.605350676503
2022-10-19 04:00:00,9597.880276094736,6075.695403772253,7568.596740308599
2022-10-19 08:00:00,9597.880276094736,6058.945133092531,7553.351499933419
2022-10-19 12:00:00,9597.880276094736,6084.070539112114,7582.473034428208
2022-10-19 16:00:00,9597.880276094736,6109.506135329469,7604.496696024399
2022-10-19 20:00:00,9597.880276094736,6101.44119018738,7567.357804951643
2022-10-20 00:00:00,9597.880276094736,6072.593501794527,7432.399158525865
2022-10-20 04:00:00,9597.880276094736,6050.8801879504435,7436.179337658362
2022-10-20 08:00:00,9597.880276094736,6067.320268432392,7483.040652260664
2022-10-20 12:00:00,9597.880276094736,6072.903691992299,7491.8998231105
2022-10-20 16:00:00,9597.880276094736,6076.625974365571,7464.852295369007
2022-10-20 20:00:00,9597.880276094736,6045.296764390537,7358.64143558814
2022-10-21 00:00:00,9597.880276094736,6041.574482017265,7322.791308670358
2022-10-21 04:00:00,9597.880276094736,6047.468095774945,7350.695098472955
2022-10-21 08:00:00,9597.880276094736,6026.995542721952,7298.244883808561
2022-10-21 12:00:00,9597.880276094736,6026.995542721952,7255.101839983785
2022-10-21 16:00:00,9597.880276094736,6033.81972707295,7255.568818711719
2022-10-21 20:00:00,9597.880276094736,6035.991058457358,7336.460760114809
2022-10-22 00:00:00,9597.880276094736,6031.648395688541,7320.2938581298595
2022-10-22 04:00:00,9597.880276094736,6026.995542721952,7278.444193886312
2022-10-22 08:00:00,9597.880276094736,6030.097444699678,7276.588094548287
2022-10-22 12:00:00,9597.880276094736,6036.611438852903,7309.349728793498
2022-10-22 16:00:00,9593.08133595669,6052.741329137079,7335.291442888841
2022-10-22 20:00:00,9586.618600472262,6039.092960435084,7309.994644266669
2022-10-23 00:00:00,9585.661158178273,6045.917144786082,7333.536505960698
2022-10-23 04:00:00,9581.592028428819,6042.19486241281,7369.795606702615
2022-10-23 08:00:00,9574.889932370894,6031.648395688541,7369.418731777903
2022-10-23 12:00:00,9562.92190369603,6029.16687410636,7302.104616717293
2022-10-23 16:00:00,9583.028191869802,6036.611438852903,7322.374981379903
2022-10-23 20:00:00,9619.146870512872,6134.941731546823,7481.1708477357915
2022-10-24 00:00:00,9711.303930555714,6154.173523808725,7597.4328220297675
2022-10-24 04:00:00,9654.877639513354,6114.46917849383,7482.425724095711
2022-10-24 08:00:00,9617.425477772875,6091.825294056429,7455.260617309036
2022-10-24 12:00:00,9676.028028493172,6124.705455020327,7560.610059346688
2022-10-24 16:00:00,9600.246927753966,6066.699888036847,7422.525384754133
2022-10-24 20:00:00,9609.821350693857,6073.834262585618,7422.419408384903
2022-10-25 00:00:00,9602.879894062437,6067.320268432392,7405.731883491327
2022-10-25 04:00:00,9612.693677575826,6069.491599816801,7434.833620621718
2022-10-25 08:00:00,9618.198970766263,6074.454642981163,7435.042677765775
2022-10-25 12:00:00,9617.72024961927,6067.940648827937,7410.317455082805
2022-10-25 16:00:00,9727.747018235523,6148.900290446591,7646.805709923729
2022-10-25 20:00:00,10123.549008164598,6298.4119657729925,8036.5178541531795
2022-10-26 00:00:00,9978.895925416218,6255.915908678144,7920.718165643625
2022-10-26 04:00:00,10082.591155928483,6309.268622695034,7995.842345811067
2022-10-26 08:00:00,10109.367277454912,6291.897971619767,8011.0678853438285
2022-10-26 12:00:00,10183.049338947387,6376.579895611691,8059.5664226708495
2022-10-26 16:00:00,10279.176957234884,6419.07595270654,8123.530170813862
2022-10-26 20:00:00,10240.20455130787,6390.228264313687,8091.72224195668
2022-10-27 00:00:00,10226.63932549909,6381.853128973826,8079.945236688164
2022-10-27 04:00:00,10243.857766874024,6392.399595698095,8102.51654529646
2022-10-27 08:00:00,10258.992671484542,6380.612368182736,8119.289933237105
2022-10-27 12:00:00,10213.135309926001,6361.690766118606,8077.6961571078455
2022-10-27 16:00:00,10257.55049137816,6386.505981940415,8114.864960918414
2022-10-27 20:00:00,10330.706879835945,6417.525001717677,8168.480598859963
2022-10-28 00:00:00,10079.97041954094,6312.3705246727595,7969.87049490208
2022-10-28 04:00:00,10051.961841358983,6300.2731069596275,7951.435826062568
2022-10-28 08:00:00,9971.470545893331,6258.707620458097,7883.782471462332
2022-10-28 12:00:00,10015.300862000562,6284.143216675452,7921.677602681508
2022-10-28 16:00:00,10266.82489638355,6395.811687873594,8121.849832610701
2022-10-28 20:00:00,10397.419708421858,6418.765762508768,8240.123564406851
2022-10-29 00:00:00,10389.673008182888,6411.321197762225,8235.926708856536
2022-10-29 04:00:00,10583.773957360598,6461.8821999991615,8397.151190553777
2022-10-29 08:00:00,10645.157787879698,6467.465623559068,8455.926956097745
2022-10-29 12:00:00,10645.81581453465,6441.099456748396,8442.596806918467
2022-10-29 16:00:00,10743.07909216849,6510.582061049462,8515.42297844225
2022-10-29 20:00:00,10680.463631625034,6484.21589423879,8462.453430687547
2022-10-30 00:00:00,10664.203504764379,6473.9796177122935,8450.643497119861
2022-10-30 04:00:00,10675.28420184354,6462.5025803947065,8461.627523200164
2022-10-30 08:00:00,10751.099331538026,6490.729888392015,8528.944153273893
2022-10-30 12:00:00,10602.710808467997,6467.155433361296,8401.705728766057
2022-10-30 16:00:00,10495.882094666795,6436.756793979579,8311.722693642176
2022-10-30 20:00:00,10503.921017362018,6429.622419430809,8322.21334648657
2022-10-31 00:00:00,10589.737210080886,6428.071468441946,8405.95082252959
2022-10-31 04:00:00,10547.553090524305,6388.987503522596,8377.301455392186
2022-10-31 08:00:00,10650.951101354356,6419.07595270654,8468.378523029241
2022-10-31 12:00:00,10811.91559647855,6466.845243163523,8600.159152315875
2022-10-31 16:00:00,10580.809009669156,6402.325682026819,8410.239214891117
2022-10-31 20:00:00,10503.372675361506,6391.158834907004,8342.491052992907
2022-11-01 00:00:00,10531.786166092073,6432.724321408536,8382.894500959595
2022-11-01 04:00:00,10520.744785835883,6412.561958553315,8387.52782458072
2022-11-01 08:00:00,10520.744785835883,6433.965082199626,8426.291998619534
2022-11-01 12:00:00,10520.744785835883,6408.529485982272,8403.161436732014
2022-11-01 16:00:00,10520.744785835883,6422.177854684266,8369.128971403567
2022-11-01 20:00:00,10520.744785835883,6419.386142904313,8344.221658238828
2022-11-02 00:00:00,10520.744785835883,6433.034511606308,8353.827873649941
2022-11-02 04:00:00,10520.744785835883,6433.034511606308,8365.362871301397
2022-11-02 08:00:00,10520.744785835883,6408.219295784498,8258.616820855714
2022-11-02 12:00:00,10520.744785835883,6406.047964400091,8190.3912746633905
2022-11-02 16:00:00,10520.744785835883,6408.839676180044,8216.109489736631
2022-11-02 20:00:00,10520.744785835883,6395.191307478049,8153.879643091306
2022-11-03 00:00:00,10520.744785835883,6365.72323868965,8098.997222200768
2022-11-03 04:00:00,10520.744785835883,6425.900137057538,8269.952349152143
2022-11-03 08:00:00,10520.744785835883,6436.4466037818065,8288.706548235383
2022-11-03 12:00:00,10520.744785835883,6411.0110075644525,8239.929988896063
2022-11-03 16:00:00,10520.744785835883,6431.793750815217,8250.333116524991
2022-11-03 20:00:00,10520.744785835883,6443.891168528349,8277.551039363756
2022-11-04 00:00:00,10520.744785835883,6432.414131210763,8194.958379687556
2022-11-04 04:00:00,10515.484413442966,6449.474592088257,8344.65810012259
2022-11-04 08:00:00,10564.678727564673,6549.666025968812,8489.237829211
2022-11-04 12:00:00,10511.511477873413,6506.549588478419,8437.187850884147
2022-11-04 16:00:00,10597.942794115206,6536.638037662362,8555.33025155832
2022-11-04 20:00:00,10656.458053180557,6576.032192779485,8601.624940410362
2022-11-05 00:00:00,10687.69566596942,6591.541702668115,8633.683854082843
2022-11-05 04:00:00,10838.049795155905,6680.256099231084,8772.231649348705
2022-11-05 08:00:00,10891.522980831525,6662.265067760272,8832.270307261748
2022-11-05 12:00:00,10906.182686912003,6667.538301122407,8847.2353911928
2022-11-05 16:00:00,11048.10588895693,6634.658140158509,9021.495498921911
2022-11-05 20:00:00,11031.770005894336,6643.963846091688,9003.985637571932
2022-11-06 00:00:00,10996.780168378504,6636.209091147372,8973.474803787769
2022-11-06 04:00:00,10875.366481468904,6614.495777303289,8850.984846770407
2022-11-06 08:00:00,10903.541010052144,6604.879881172338,8880.898573503357
2022-11-06 12:00:00,10867.508965690049,6621.319961654287,8839.284411392957
2022-11-06 16:00:00,10796.268574597028,6623.181102840922,8760.277228785886
2022-11-06 20:00:00,10683.689148960075,6621.009771456514,8651.36841421658
2022-11-07 00:00:00,10537.42580344543,6534.466706277954,8385.971151044785
2022-11-07 04:00:00,10537.42580344543,6529.813853311364,8385.92980735024
2022-11-07 08:00:00,10537.42580344543,6450.094972483802,8120.842362026147
2022-11-07 12:00:00,10537.42580344543,6448.233831297166,8228.607858082407
2022-11-07 16:00:00,10537.42580344543,6446.37269011053,8372.79141288767
2022-11-07 20:00:00,10537.42580344543,6456.9191568348,8332.778788357824
2022-11-08 00:00:00,10537.42580344543,6388.677313324823,7930.323183562873
2022-11-08 04:00:00,10537.42580344543,6244.749061558329,7441.844268889025
2022-11-08 08:00:00,10537.42580344543,6154.483714006497,7575.053477262468
2022-11-08 12:00:00,10537.42580344543,6119.742411855965,7541.215579038938
2022-11-08 16:00:00,10537.42580344543,6020.171358370954,7416.86541117445
2022-11-08 20:00:00,10537.42580344543,5657.869207372538,6679.941891109321
2022-11-09 00:00:00,10537.42580344543,5716.495154751562,6732.894867216674
2022-11-09 04:00:00,10537.42580344543,5650.114452428222,6427.910435869139
2022-11-09 08:00:00,10537.42580344543,5635.845703330682,6042.2949411293675
2022-11-09 12:00:00,10537.42580344543,5504.3250594750925,6047.3193320945065
2022-11-09 16:00:00,10537.42580344543,5303.321811318436,5412.844433376345
2022-11-09 20:00:00,10537.42580344543,5212.436083371059,5197.34829595437
2022-11-10 00:00:00,10537.42580344543,4935.4362367601125,4968.849948191982
2022-11-10 04:00:00,10537.42580344543,5066.336500220156,5246.273826103054
2022-11-10 08:00:00,10537.42580344543,5197.236763680201,5333.544641768808
2022-11-10 12:00:00,10537.42580344543,5070.368972791201,5141.732302310999
2022-11-10 16:00:00,10537.42580344543,5352.021672368737,5792.242483192773
2022-11-10 20:00:00,10537.42580344543,5315.729419229341,5693.501492430079
2022-11-11 00:00:00,10537.42580344543,5350.470721379874,5749.1055053360205
2022-11-11 04:00:00,10537.42580344543,5180.796683198252,5453.13380615803
2022-11-11 08:00:00,10537.42580344543,5263.307275805769,5614.555813929451
2022-11-11 12:00:00,10537.42580344543,5227.325212864145,5687.224533308873
2022-11-11 16:00:00,10537.42580344543,5056.410413891433,5401.33114678671
2022-11-11 20:00:00,10537.42580344543,5039.039762816166,5380.300075874549
2022-11-12 00:00:00,10537.42580344543,5108.5223671172325,5456.241907586308
2022-11-12 04:00:00,10537.42580344543,5061.063266858022,5331.269278766949
2022-11-12 08:00:00,10537.42580344543,5028.80348628967,5290.330652180086
2022-11-12 12:00:00,10537.42580344543,5049.896419738208,5278.939684474094
2022-11-12 16:00:00,10537.42580344543,5065.095739429066,5240.679964673946
2022-11-12 20:00:00,10537.42580344543,5046.484327562709,5258.2955709127245
2022-11-13 00:00:00,10537.42580344543,5017.636639169856,5170.273523802042
2022-11-13 04:00:00,10537.42580344543,5059.5123158691595,5209.830972084142
2022-11-13 08:00:00,10537.42580344543,5019.807970554264,5097.895341716806
2022-11-13 12:00:00,10537.42580344543,4972.659060492826,5041.227441564811
2022-11-13 16:00:00,10537.42580344543,4948.1540348687895,5042.136551354194
2022-11-13 20:00:00,10537.42580344543,4936.6769975512025,5026.345669129211
2022-11-14 00:00:00,10537.42580344543,4900.694934609579,4941.1810847945335
2022-11-14 04:00:00,10537.42580344543,4844.550508812736,4851.46815050258
2022-11-14 08:00:00,10537.42580344543,5050.206609935981,5197.519383572483
2022-11-14 12:00:00,10537.42580344543,5051.447370727071,5163.888102677133
2022-11-14 16:00:00,10537.42580344543,4980.103625239369,5060.616928202526
2022-11-14 20:00:00,10537.42580344543,4866.884203052364,4967.70567187624
2022-11-15 00:00:00,10537.42580344543,4982.274956623777,5083.827450212566
2022-11-15 04:00:00,10537.42580344543,5045.863947167164,5155.818166167553
2022-11-15 08:00:00,10537.42580344543,5018.567209763173,5160.378208967041
2022-11-15 12:00:00,10537.42580344543,4993.131613545819,5147.4761059076955
2022-11-15 16:00:00,10532.157090543707,5074.401445362245,5177.521376460602
2022-11-15 20:00:00,10513.262425615061,5047.104707958254,5160.453970583315
2022-11-16 00:00:00,10517.127243441375,5052.688131518162,5150.711852971636
2022-11-16 04:00:00,10538.813165689025,5084.017341493196,5202.919136639536
2022-11-16 08:00:00,10490.502942860101,5014.224546994357,5115.677215081322
2022-11-16 12:00:00,10460.228536553972,4970.487729108418,5041.568258573233
2022-11-16 16:00:00,10404.686058655454,4897.593032631853,4930.197191130399
2022-11-16 20:00:00,10404.686058655454,4940.709470122247,5016.021050658982
2022-11-17 00:00:00,10404.686058655454,4966.455256537374,5066.277864664481
2022-11-17 04:00:00,10404.686058655454,4940.089089726702,5023.738815227262
2022-11-17 08:00:00,10404.686058655454,4959.320881988604,5032.181640830809
2022-11-17 12:00:00,10404.686058655454,4973.589631086144,5047.999604822723
2022-11-17 16:00:00,10404.686058655454,4960.561642779694,4951.568796262814
2022-11-17 20:00:00,10404.686058655454,4975.140582075007,4954.801922711355
2022-11-18 00:00:00,10404.686058655454,4996.85389591909,4983.284559762163
2022-11-18 04:00:00,10404.686058655454,5038.109192222849,5024.847814683059
2022-11-18 08:00:00,10404.686058655454,5006.159601852269,4997.7404872309435
2022-11-18 12:00:00,10404.686058655454,5003.057699874543,4994.832310087127
2022-11-18 16:00:00,10404.686058655454,4994.992754732455,4964.375669192993
2022-11-18 20:00:00,10404.686058655454,5000.886368490134,4954.893423206327
2022-11-19 00:00:00,10404.686058655454,5006.469792050041,4971.361201108093
2022-11-19 04:00:00,10404.686058655454,4987.858380183685,4916.979604712905
2022-11-19 08:00:00,10404.686058655454,4984.136097810413,4909.553259639698
2022-11-19 12:00:00,10404.686058655454,5001.196558687907,4919.912969974827
2022-11-19 16:00:00,10404.686058655454,4997.7844665124085,4907.10348573182
2022-11-19 20:00:00,10404.686058655454,4989.099140974775,4910.30429003172
2022-11-20 00:00:00,10399.483715626126,5011.743025412176,4934.489658684789
2022-11-20 04:00:00,10406.549716345076,5011.1226450166305,4949.927969582255
2022-11-20 08:00:00,10410.671550097797,5024.150633323081,4969.125730637171
2022-11-20 12:00:00,10251.409487809877,4962.732974164102,4808.84588651893
2022-11-20 16:00:00,10251.409487809877,4973.589631086144,4875.925896138141
2022-11-20 20:00:00,10251.409487809877,4970.487729108418,4863.150518499145
2022-11-21 00:00:00,10251.409487809877,4884.565044325403,4713.732711705204
2022-11-21 04:00:00,10251.409487809877,4833.693851890694,4618.685790556009
2022-11-21 08:00:00,10251.409487809877,4840.207846043919,4627.652340378017
2022-11-21 12:00:00,10251.409487809877,4859.749828503594,4654.620079493942
2022-11-21 16:00:00,10251.409487809877,4877.740859974406,4680.4381612475545
2022-11-21 20:00:00,10251.409487809877,4760.4889652163565,4524.2338889161565
2022-11-22 00:00:00,10251.409487809877,4771.966002533943,4591.926142954801
2022-11-22 04:00:00,10251.409487809877,4780.651328071576,4565.766082150565
2022-11-22 08:00:00,10251.409487809877,4754.595351458676,4527.1686062999
2022-11-22 12:00:00,10251.409487809877,4748.701737700997,4462.7361046982005
2022-11-22 16:00:00,10251.409487809877,4884.565044325403,4691.269606606514
2022-11-22 20:00:00,10251.409487809877,4867.814773645681,4648.66183433272
2022-11-23 00:00:00,10251.409487809877,4869.675914832317,4729.517268174445
2022-11-23 04:00:00,10251.409487809877,4972.3488702950535,4877.522355331584
2022-11-23 08:00:00,10246.283783065972,4963.353354559647,4865.9911156216085
2022-11-23 12:00:00,10305.566964921194,4976.381342866098,4909.863638645947
2022-11-23 16:00:00,10224.456793382913,4901.005124807351,4821.6852178048675
2022-11-23 20:00:00,10467.787307997753,4914.033113113802,4936.967834360704
2022-11-24 00:00:00,10539.19659523245,4944.431752495518,4998.663095442863
2022-11-24 04:00:00,10590.487194459842,4958.080121197513,5047.776303062576
2022-11-24 08:00:00,10571.145447777963,4947.843844671017,5038.199693933868
2022-11-24 12:00:00,10460.620780283782,4933.575095573477,4984.5893857136725
2022-11-24 16:00:00,10555.053781455752,4932.024144584613,5023.513619818291
2022-11-24 20:00:00,10565.052384125582,4937.2973779467475,5031.162836638117
2022-11-25 00:00:00,10612.110619689272,4942.570611308883,5053.39702260483
2022-11-25 04:00:00,10417.794019621306,4908.139499356122,4954.823167226144
2022-11-25 08:00:00,10470.146317651248,4900.384744411806,4974.227727657432
2022-11-25 12:00:00,10528.8835150703,4924.889770035843,5009.937687124638
2022-11-25 16:00:00,10449.738460194678,4913.722922916029,4971.651603221564
2022-11-25 20:00:00,10502.414366528816,4920.8572974648,4998.298181601557
2022-11-26 00:00:00,10458.818049668114,4918.685966080391,4979.986914894487
2022-11-26 04:00:00,10596.694419333271,4953.737458428696,5053.979233270617
2022-11-26 08:00:00,10644.6681448837,4945.052132891064,5072.237689836788
2022-11-26 12:00:00,10717.28828105152,4945.052132891064,5103.392833992475
2022-11-26 16:00:00,10597.33808089171,4926.440721024706,5044.181015177465
2022-11-26 20:00:00,10542.352278492506,4918.996156278164,5017.814051714596
2022-11-27 00:00:00,10524.89209602992,4910.31083074053,5007.017510460941
2022-11-27 04:00:00,10576.924775978541,4932.954715177932,5041.56528778159
2022-11-27 08:00:00,10581.224514854428,4939.158519133383,5047.877364732482
2022-11-27 12:00:00,10573.546409718918,4938.227948540066,5047.116073235093
2022-11-27 16:00:00,10579.381769621905,4942.570611308883,5057.548749482973
2022-11-27 20:00:00,10569.553795048452,4938.227948540066,5037.724471307511
2022-11-28 00:00:00,10515.420850411569,4913.412732718256,4990.556146383415
2022-11-28 04:00:00,10515.420850411569,4848.582981383779,4827.575362964736
2022-11-28 08:00:00,10515.420850411569,4853.546024548141,4866.571296608761
2022-11-28 12:00:00,10515.420850411569,4793.989506575799,4812.924947156968
2022-11-28 16:00:00,10515.420850411569,4817.563961606517,4806.87542474999
2022-11-28 20:00:00,10515.420850411569,4869.98610503009,4868.484133206098
2022-11-29 00:00:00,10515.420850411569,4864.712871667955,4855.122872708308
2022-11-29 04:00:00,10515.420850411569,4869.675914832317,4894.884057915471
2022-11-29 08:00:00,10515.420850411569,4918.065585684845,4965.3070915596745
2022-11-29 12:00:00,10515.420850411569,4928.612052409115,4975.096892986307
2022-11-29 16:00:00,10515.420850411569,4904.107026785078,4940.87633096928
2022-11-29 20:00:00,10510.163139986362,4936.987187748975,4968.857232189947
2022-11-30 00:00:00,10505.503720698667,4939.778899528928,4965.927186624766
2022-11-30 04:00:00,10706.548865655623,5040.900904002802,5083.114983247591
2022-11-30 08:00:00,10749.015299922825,5060.442886462477,5124.101649736841
2022-11-30 12:00:00,10720.052708681194,5052.377941320389,5107.6204295825855
2022-11-30 16:00:00,10762.797666885614,5080.295059119924,5119.385653718126
2022-11-30 20:00:00,10787.758404406255,5086.498863075377,5128.293085177278
2022-12-01 00:00:00,10819.441879148686,5111.003888699413,5199.132973696324
2022-12-01 04:00:00,10785.355107162544,5094.873998415237,5152.849025173153
2022-12-01 08:00:00,10771.093816965073,5091.151716041966,5140.365835174355
2022-12-01 12:00:00,10766.885876521006,5087.739623866467,5134.668120589818
2022-12-01 16:00:00,10667.090070101092,5018.877399960947,5053.198685109218
2022-12-01 20:00:00,10662.14129496632,5001.816939083452,5038.54858189031
2022-12-02 00:00:00,10661.411685194955,5007.090172445587,5035.678400659274
2022-12-02 04:00:00,10622.765540958879,4984.446288008186,5003.0489400293145
2022-12-02 08:00:00,10638.260507782008,5001.816939083452,5035.004431204205
2022-12-02 12:00:00,10673.720143396476,5007.090172445587,5061.8877816818585
2022-12-02 16:00:00,10668.05852090341,5023.840443125308,5064.130208775169
2022-12-02 20:00:00,10672.52822287162,5008.64112343445,5069.561585109311
2022-12-03 00:00:00,10691.300971138104,5036.868431431758,5091.6350250224
2022-12-03 04:00:00,10662.992858672773,5012.673596005494,5064.268799805829
2022-12-03 08:00:00,10637.366567388366,5001.196558687907,5035.4524077490105
2022-12-03 12:00:00,10610.527347979852,4990.650091963638,5015.0283535460485
2022-12-03 16:00:00,10610.527347979852,4997.474276314636,5029.200538126172
2022-12-03 20:00:00,10610.527347979852,4999.335417501271,5018.4203852005285
2022-12-04 00:00:00,10610.527347979852,4979.483244843824,4950.7827221669895
2022-12-04 04:00:00,10610.527347979852,5003.367890072315,5001.614012568405
2022-12-04 08:00:00,10610.527347979852,5010.5022646210855,4999.703030761369
2022-12-04 12:00:00,10610.527347979852,4994.682564534682,4980.387916230512
2022-12-04 16:00:00,10610.527347979852,5019.807970554264,5015.153919244221
2022-12-04 20:00:00,10610.527347979852,5029.113676487443,5045.277133134755
2022-12-05 00:00:00,10610.527347979852,5035.3174804428945,5067.2798790451825
2022-12-05 04:00:00,10599.916820631872,5046.484327562709,5093.871146213781
2022-12-05 08:00:00,10659.291761038237,5102.628753359553,5141.052986045318
2022-12-05 12:00:00,10624.71702498294,5082.15620030656,5123.190041196984
2022-12-05 16:00:00,10474.759581926588,5034.0767196518045,5054.744528354801
2022-12-05 20:00:00,10460.759748831893,4999.335417501271,5023.862642733185
2022-12-06 00:00:00,10502.490020556459,5010.192074423313,5052.879235751655
2022-12-06 04:00:00,10593.75816323148,5027.872915696352,5099.094259313989
2022-12-06 08:00:00,10587.565929362672,5029.734056882988,5097.276360333033
2022-12-06 12:00:00,10545.027974959567,5011.1226450166305,5062.649889263205
2022-12-06 16:00:00,10547.451022995187,5018.257019565401,5065.569901612283
2022-12-06 20:00:00,10565.48926948258,5033.766529454032,5077.986829715333
2022-12-07 00:00:00,10631.98847668237,5062.924408044658,5146.401683848414
2022-12-07 04:00:00,10566.835407280145,5043.692615782756,5097.503755846237
2022-12-07 08:00:00,10457.120330682392,4969.867348712873,4973.948510028766
2022-12-07 12:00:00,10457.120330682392,4968.626587921783,4971.119511768822
2022-12-07 16:00:00,10457.120330682392,4969.867348712873,4983.203932656542
2022-12-07 20:00:00,10457.120330682392,4963.66354475742,4965.852151975068
2022-12-08 00:00:00,10457.120330682392,4968.006207526237,4953.212346214206
2022-12-08 04:00:00,10457.120330682392,4971.1081095039635,4954.290934903758
2022-12-08 08:00:00,10457.120330682392,4963.043164361875,4956.095652468824
2022-12-08 12:00:00,10457.120330682392,4975.140582075007,4974.124012869316
2022-12-08 16:00:00,10457.120330682392,4977.311913459415,4981.732937150153
2022-12-08 20:00:00,10457.120330682392,5064.475359033521,5077.111968670749
2022-12-09 00:00:00,10457.120330682392,5060.1326962647045,5067.334233929809
2022-12-09 04:00:00,10457.120330682392,5042.451854991665,5058.2122489706035
2022-12-09 08:00:00,10457.120330682392,5053.618702111479,5061.324811439915
2022-12-09 12:00:00,10446.66321035171,5068.507831604565,5103.108620356269
2022-12-09 16:00:00,10406.96027976248,5051.447370727071,5081.597352761782
2022-12-09 20:00:00,10376.871581056866,5042.141664793892,5038.2881239685785
2022-12-10 00:00:00,10359.04668946975,5036.558241233985,5028.684082896697
2022-12-10 04:00:00,10372.437462552964,5046.484327562709,5041.497091280733
2022-12-10 08:00:00,10375.421057783864,5052.067751122616,5038.820406994345
2022-12-10 12:00:00,10387.183197365583,5056.720604089205,5043.757318807355
2022-12-10 16:00:00,10419.137328667293,5061.683647253567,5067.760688638323
2022-12-10 20:00:00,10393.759354680979,5051.757560924843,5052.600444323087
2022-12-11 00:00:00,10374.58243580776,5044.623186376073,5033.1779178727265
2022-12-11 04:00:00,10395.763090384773,5049.276039342662,5049.537973808415
2022-12-11 08:00:00,10412.359585576962,5061.3734570557945,5060.410629174609
2022-12-11 12:00:00,10401.666998179335,5057.030794286978,5054.809461573703
2022-12-11 16:00:00,10399.046767377513,5048.655658947117,5058.609899760315
2022-12-11 20:00:00,10399.320439149602,5053.618702111479,5063.718640949726
2022-12-12 00:00:00,10361.819467481479,5040.59071380503,5016.39172445743
2022-12-12 04:00:00,10325.30818225835,4994.992754732455,4924.50304547908
2022-12-12 08:00:00,10325.30818225835,4989.099140974775,4928.3403942044415
2022-12-12 12:00:00,10325.30818225835,4986.617619392594,4944.761204906379
2022-12-12 16:00:00,10325.30818225835,5015.155117587675,4951.3162339787195
2022-12-12 20:00:00,10325.30818225835,5023.530252927535,4977.631700563986
2022-12-13 00:00:00,10325.30818225835,5060.1326962647045,5028.593350769113
2022-12-13 04:00:00,10325.30818225835,5049.276039342662,4985.692380456064
2022-12-13 08:00:00,10325.30818225835,5047.4148981560265,4964.234471711813
2022-12-13 12:00:00,10314.982874076091,5131.166251554633,5066.492598137442
2022-12-13 16:00:00,10404.025461013489,5170.560406671756,5142.924687832657
2022-12-13 20:00:00,10391.720719463268,5173.662308649482,5143.688611767829
2022-12-14 00:00:00,10407.628890725402,5189.482008735886,5165.758128153673
2022-12-14 04:00:00,10433.464580308508,5192.583910713612,5177.786491858704
2022-12-14 08:00:00,10419.30237519112,5195.685812691338,5172.340762986162
2022-12-14 12:00:00,10432.96691723611,5188.241247944795,5177.96417135851
2022-12-14 16:00:00,10642.914345130537,5265.168416992405,5276.052549765755
2022-12-14 20:00:00,10424.733181322223,5168.078885089575,5166.347644124685
2022-12-15 00:00:00,10391.512847398979,5178.935542011616,5152.311808021296
2022-12-15 04:00:00,10397.094947998605,5162.805651727441,5151.407571952475
2022-12-15 08:00:00,10357.623687963009,5159.083369354169,5129.983881325713
2022-12-15 12:00:00,10359.056804026732,5174.903069440573,5140.629310355633
2022-12-15 16:00:00,10250.91997476792,5075.642206153335,5058.035756855949
2022-12-15 20:00:00,10287.632254582282,5082.15620030656,5081.699300850573
2022-12-16 00:00:00,10269.538345245204,5058.891935473614,5053.830220211351
2022-12-16 04:00:00,10259.835814151407,5074.091255164472,5062.304888740034
2022-12-16 08:00:00,10277.405262348282,5105.730655337279,5092.897934503215
2022-12-16 12:00:00,10112.485310043923,4965.214495746283,4880.335625486329
2022-12-16 16:00:00,10112.485310043923,4953.427268230924,4821.366563850836
2022-12-16 20:00:00,10112.485310043923,4932.024144584613,4820.3725519812015
2022-12-17 00:00:00,10112.485310043923,4869.055534436772,4669.8446027164555
2022-12-17 04:00:00,10112.485310043923,4887.356756105357,4684.567844616212
2022-12-17 08:00:00,10112.485310043923,4910.931211136075,4732.588015757136
2022-12-17 12:00:00,10112.485310043923,4897.2828424340805,4707.607425361929
2022-12-17 16:00:00,10112.485310043923,4891.3892286764,4701.918193338578
2022-12-17 20:00:00,10112.485310043923,4888.907707094219,4689.283920472212
2022-12-18 00:00:00,10112.485310043923,4915.273873904892,4746.226366656576
2022-12-18 04:00:00,10112.485310043923,4908.449689553894,4740.339312455091
2022-12-18 08:00:00,10112.485310043923,4905.968167971713,4734.34223966132
2022-12-18 12:00:00,10112.485310043923,4899.764364016261,4719.722678775728
2022-12-18 16:00:00,10112.485310043923,4888.287326698674,4692.576827826447
2022-12-18 20:00:00,10112.485310043923,4905.347787576168,4725.873183864421
2022-12-19 00:00:00,10112.485310043923,4910.0006405427575,4721.351175836237
2022-12-19 04:00:00,10112.485310043923,4881.152952149904,4683.447848657471
2022-12-19 08:00:00,10112.485310043923,4884.875234523176,4681.1444587624555
2022-12-19 12:00:00,10112.485310043923,4893.560560060809,4700.948389815302
2022-12-19 16:00:00,10112.485310043923,4882.083522743222,4681.725982169284
2022-12-19 20:00:00,10112.485310043923,4836.7957538684195,4633.263772675459
2022-12-20 00:00:00,10112.485310043923,4797.401598751298,4602.410433727215
2022-12-20 04:00:00,10112.485310043923,4886.115995314266,4700.971350793035
2022-12-20 08:00:00,10107.4290673889,4910.31083074053,4745.472335067864
2022-12-20 12:00:00,10107.725273754162,4899.454173818489,4745.397943107197
2022-12-20 16:00:00,10123.39548946284,4928.922242606887,4759.170320092163
2022-12-20 20:00:00,10129.299659965192,4936.6769975512025,4755.185441996428
2022-12-21 00:00:00,10126.917488343493,4932.334334782386,4756.537339701173
2022-12-21 04:00:00,10101.86985730619,4918.685966080391,4724.084235805364
2022-12-21 08:00:00,10088.844213337945,4906.588548367259,4710.976283785225
2022-12-21 12:00:00,10137.258493974972,4937.917758342293,4746.7486285108835
2022-12-21 16:00:00,10124.026640045658,4927.681481815796,4736.744557865772
2022-12-21 20:00:00,10075.567361206535,4895.421701247445,4699.510587035848
2022-12-22 00:00:00,10116.77017197348,4920.547107267026,4740.439649278658
2022-12-22 04:00:00,10098.811536899577,4914.653493509347,4727.323125357689
2022-12-22 08:00:00,10093.487258428144,4902.556075796215,4719.000945890681
2022-12-22 12:00:00,10118.747359776322,4916.514634695983,4741.623785595058
2022-12-22 16:00:00,10000.015260647644,4867.194393250136,4644.364458012672
2022-12-22 20:00:00,10006.814310595584,4877.12047957886,4671.2639689290745
2022-12-23 00:00:00,10031.329509965046,4920.236917069254,4713.6502439741635
2022-12-23 04:00:00,10046.480473199035,4920.236917069254,4742.750463396972
2022-12-23 08:00:00,10031.323253966057,4916.824824893755,4717.163502150712
2022-12-23 12:00:00,10043.062991434817,4919.926726871481,4724.315135605787
2022-12-23 16:00:00,10031.517767486683,4921.787868058117,4714.483350115605
2022-12-23 20:00:00,10028.81659102179,4922.09805825589,4713.909623282148
2022-12-24 00:00:00,10002.59793760277,4892.009609071945,4695.323680224304
2022-12-24 04:00:00,10003.4720316355,4911.241401333848,4700.289330061448
2022-12-24 08:00:00,10004.34612566823,4917.755395487073,4661.958365229278
2022-12-24 12:00:00,9999.684290827003,4905.968167971713,4648.615162410229
2022-12-24 16:00:00,10005.220219700961,4914.963683707119,4656.760784289963
2022-12-24 20:00:00,10016.000712771298,4915.584064102664,4685.052111828882
2022-12-25 00:00:00,10007.551137121574,4907.829309158349,4667.4994699629415
2022-12-25 04:00:00,10011.921607285225,4913.102542520483,4672.304784955062
2022-12-25 08:00:00,10005.511584378537,4911.551591531621,4671.4721075560055
2022-12-25 12:00:00,10002.015208247616,4907.208928762804,4656.388551827646
2022-12-25 16:00:00,9981.036951462094,4906.898738565032,4642.42441758369
2022-12-25 20:00:00,9981.328316139672,4907.208928762804,4645.282130422792
2022-12-26 00:00:00,9998.518832116697,4917.4452052893,4657.340011070583
2022-12-26 04:00:00,10010.992712414913,4937.607568144521,4679.6375561563045
2022-12-26 08:00:00,9984.29568410436,4917.135015091528,4654.097914606138
2022-12-26 12:00:00,9978.759755230403,4922.408248453662,4660.416438328606
2022-12-26 16:00:00,9960.07453845741,4905.347787576168,4625.742195375323
2022-12-26 20:00:00,9960.07453845741,4912.171971927166,4637.001788238501
2022-12-27 00:00:00,9955.094501188181,4932.024144584613,4674.0279095853775
2022-12-27 04:00:00,9932.118550695775,4910.0006405427575,4648.175381825012
2022-12-27 08:00:00,9928.95935750307,4911.241401333848,4639.287638536803
2022-12-27 12:00:00,9912.83454824812,4896.662462038535,4617.992967414313
2022-12-27 16:00:00,9912.83454824812,4887.0465659075835,4568.552004235117
2022-12-27 20:00:00,9912.83454824812,4856.647926525868,4580.182923914748
2022-12-28 00:00:00,9912.83454824812,4872.157436414498,4601.494616551921
2022-12-28 04:00:00,9912.83454824812,4858.509067712503,4540.348201911663
2022-12-28 08:00:00,9912.83454824812,4849.513551977097,4463.897561574869
2022-12-28 12:00:00,9912.83454824812,4854.476595141459,4454.726305042394
2022-12-28 16:00:00,9912.83454824812,4832.763281297376,4435.433384777116
2022-12-28 20:00:00,9912.83454824812,4845.170889208281,4431.068446453484
2022-12-29 00:00:00,9912.83454824812,4822.8371949686525,4413.939145395661
2022-12-29 04:00:00,9912.83454824812,4834.004042088466,4425.314038795473
2022-12-29 08:00:00,9912.83454824812,4833.073471495149,4410.283952078771
2022-12-29 12:00:00,9912.83454824812,4838.656895055055,4395.246512844737
2022-12-29 16:00:00,9912.83454824812,4832.763281297376,4380.87634136879
2022-12-29 20:00:00,9912.83454824812,4827.490047935242,4312.089339472988
2022-12-30 00:00:00,9912.83454824812,4837.105944066193,4407.6885614350795
2022-12-30 04:00:00,9912.83454824812,4832.14290090183,4393.775413169033
2022-12-30 08:00:00,9912.83454824812,4799.572930135706,4330.350760232344
2022-12-30 12:00:00,9912.83454824812,4793.369126180253,4321.51002929777
2022-12-30 16:00:00,9912.83454824812,4813.221298837701,4385.471015230512
2022-12-30 20:00:00,9912.83454824812,4793.679316378026,4402.075599323476
2022-12-31 00:00:00,9912.83454824812,4815.392630222109,4417.564721978803
2022-12-31 04:00:00,9912.83454824812,4795.850647762434,4390.947021543601
2022-12-31 08:00:00,9912.83454824812,4800.193310531251,4400.758878283122
2022-12-31 12:00:00,9912.83454824812,4794.920077169117,4403.459992993837
2022-12-31 16:00:00,9912.83454824812,4810.119396859975,4449.117766038312
2022-12-31 20:00:00,9912.83454824812,4798.332169344615,4433.979645553833
2023-01-01 00:00:00,9912.83454824812,4784.373610444847,4410.1040500786385
2023-01-01 04:00:00,9912.83454824812,4783.753230049302,4402.989550108351
2023-01-01 08:00:00,9912.83454824812,4787.475512422574,4389.57756079717
2023-01-01 12:00:00,9912.83454824812,4798.642359542388,4411.880081452745
2023-01-01 16:00:00,9912.83454824812,4797.71178894907,4404.559698706256
2023-01-01 20:00:00,9912.83454824812,4809.49901646443,4425.668755205948
2023-01-02 00:00:00,9912.83454824812,4817.87415180429,4432.546882464792
2023-01-02 04:00:00,9912.83454824812,4831.832710704058,4439.536026105439
2023-01-02 08:00:00,9897.987566897773,4858.19887751473,4585.892846054621
2023-01-02 12:00:00,9878.17096511343,4857.578497119185,4580.154380832543
2023-01-02 16:00:00,9937.670867753764,4867.504583447909,4605.338729277765
2023-01-02 20:00:00,9974.850714803844,4864.09249127241,4617.318604484217
2023-01-03 00:00:00,9944.253145323095,4839.587465648374,4601.565381089298
2023-01-03 04:00:00,9933.286121924772,4844.550508812736,4598.23028754725
2023-01-03 08:00:00,10193.525900699315,4873.0880070078165,4696.783447947103
2023-01-03 12:00:00,10261.197236653989,4923.9591994425255,4730.490716027966
2023-01-03 16:00:00,10594.551380792542,4900.074554214034,4844.71386582207
2023-01-03 20:00:00,10530.743218802992,4878.671430567723,4818.254571415602
2023-01-04 00:00:00,10697.643621041821,4896.04208164299,4882.042930551566
2023-01-04 04:00:00,10884.969919053623,4941.019660320019,4971.690015427516
2023-01-04 08:00:00,11026.087194206688,4937.607568144521,5019.047766765916
2023-01-04 12:00:00,10848.450922424454,4914.963683707119,4953.907114130158
2023-01-04 16:00:00,10786.504052856046,4928.612052409115,4934.660456959232
2023-01-04 20:00:00,10729.449465070189,4919.306346475936,4913.407081592454
2023-01-05 00:00:00,10811.978429828228,4926.130530826934,4945.075883803164
2023-01-05 04:00:00,10732.247067795539,4922.408248453662,4913.922029465797
2023-01-05 08:00:00,10721.993953880414,4921.477677860345,4908.442369077365
2023-01-05 12:00:00,10744.09296155746,4922.718438651435,4919.037135269474
2023-01-05 16:00:00,10840.191566769947,4962.732974164102,4959.3985979014715
2023-01-05 20:00:00,10874.839676483545,4970.177538910645,4974.206323690333
2023-01-06 00:00:00,10871.877977327444,4963.353354559647,4971.051575033207
2023-01-06 04:00:00,10798.581222705303,4954.668029022015,4943.75140494807
2023-01-06 08:00:00,10771.445521827376,4954.047648626469,4933.498239545319
2023-01-06 12:00:00,10728.534937103766,4940.709470122247,4915.484182473249
2023-01-06 16:00:00,10751.50758610458,4923.028628849207,4925.799313894427
2023-01-06 20:00:00,10817.558093380972,4935.4362367601125,4953.978043204418
2023-01-07 00:00:00,10841.142484889,4940.399279924474,4962.564131657185
2023-01-07 04:00:00,10827.735280361885,4932.644524980158,4934.784317190224
2023-01-07 08:00:00,10829.934160216455,4941.019660320019,4933.309275869613
2023-01-07 12:00:00,10807.260088612706,4930.783383793523,4910.865518267982
2023-01-07 16:00:00,10807.260088612706,4940.089089726702,4932.299179807348
2023-01-07 20:00:00,10807.260088612706,4934.815856364567,4923.904149532232
2023-01-08 00:00:00,10807.260088612706,4941.329850517792,4909.120750785541
2023-01-08 04:00:00,10807.260088612706,4932.334334782386,4940.8222263700145
2023-01-08 08:00:00,10807.260088612706,4938.227948540066,4932.333998164175
2023-01-08 12:00:00,10807.260088612706,4927.371291618024,4950.27575777752
2023-01-08 16:00:00,10796.452828524094,4952.186507439834,5010.15578526384
2023-01-08 20:00:00,10678.676012359,4933.575095573477,4955.458923874933
2023-01-09 00:00:00,10905.063904354736,4984.446288008186,5105.139350885193
2023-01-09 04:00:00,11379.267818895805,5003.057699874543,5305.724008222359
2023-01-09 08:00:00,11447.725079761192,4998.4048469079535,5333.387102400049
2023-01-09 12:00:00,11463.991660095875,5005.539221456724,5342.627420606942
2023-01-09 16:00:00,11660.19374243454,4991.580662556956,5426.043735914032
2023-01-09 20:00:00,11430.926182693023,4989.71952137032,5329.790458801952
2023-01-10 00:00:00,11402.402820949257,4961.802403570785,5315.044724796516
2023-01-10 04:00:00,11338.42786955202,4974.830391877234,5290.331017769876
2023-01-10 08:00:00,11304.199853272188,4974.210011481689,5278.587597432177
2023-01-10 12:00:00,11345.449924618099,4984.136097810413,5301.017544022412
2023-01-10 16:00:00,11426.251925154727,5013.604166598811,5345.11078071678
2023-01-10 20:00:00,11463.094134688561,5038.109192222849,5372.445681090245
2023-01-11 00:00:00,11396.491459020275,5035.93786083844,5343.840524107883
2023-01-11 04:00:00,11346.098619519335,5037.17862162953,5321.971720854528
2023-01-11 08:00:00,11377.552546255385,5036.868431431758,5335.6621724620745
2023-01-11 12:00:00,11347.9503978523,5034.386909849577,5323.0502531517695
2023-01-11 16:00:00,11129.286830285164,5001.196558687907,5227.259488442231
2023-01-11 20:00:00,11383.09479468365,5055.790033495888,5341.268352555427
2023-01-12 00:00:00,11675.975778368193,5168.69926548512,5480.402062578535
2023-01-12 04:00:00,11767.887522098808,5249.658907103773,5526.147573617364
2023-01-12 08:00:00,11704.607634038553,5228.876163853008,5498.923922942174
2023-01-12 12:00:00,11651.902277703837,5239.73282077505,5479.289525910662
2023-01-12 16:00:00,11572.826913403835,5193.51448130693,5425.415745678306
2023-01-12 20:00:00,11823.5147269581,5402.272484407901,5600.157108250322
2023-01-13 00:00:00,11768.91590621298,5381.4897411571355,5574.267580611565
2023-01-13 04:00:00,11779.34494890134,5392.036207881405,5596.521051771837
2023-01-13 08:00:00,11809.709929356297,5387.383354914816,5607.546653027113
2023-01-13 12:00:00,11801.953808628557,5433.601694382935,5606.786927398403
2023-01-13 16:00:00,11944.207079776876,5519.214188968178,5674.605567032607
2023-01-13 20:00:00,12024.220103089912,5545.890545976623,5710.09307990441
2023-01-14 00:00:00,12492.621364943974,5713.393252773836,5928.0219701641045
2023-01-14 04:00:00,13820.966406401822,6000.008995515735,6547.341546893214
2023-01-14 08:00:00,14193.462561446435,5986.981007209284,6710.742894967123
2023-01-14 12:00:00,13831.69533733858,5936.73019517012,6544.516913774164
2023-01-14 16:00:00,13812.248406658422,5954.100846245387,6534.865695146976
2023-01-14 20:00:00,13978.644006012397,5949.447993278798,6608.720003926856
2023-01-15 00:00:00,14350.734976007188,5992.564430769192,6779.385946754747
2023-01-15 04:00:00,13936.609678305249,5926.804108841397,6588.46222635199
2023-01-15 08:00:00,13865.01828922144,5929.2856304235775,6557.884851252815
2023-01-15 12:00:00,13921.41852234853,5924.012397061443,6583.466770650463
2023-01-15 16:00:00,14230.688489272467,5983.258724836013,6727.472806901634
2023-01-15 20:00:00,14115.716000964694,5963.7167423763385,6675.016402711094
2023-01-16 00:00:00,14040.004339606501,5978.916062067196,6642.831013903624
2023-01-16 04:00:00,14170.516764758144,6021.412119162045,6705.127136387314
2023-01-16 08:00:00,14438.260481718615,6048.708856566035,6824.173528334088
2023-01-16 12:00:00,14115.782271975713,5964.3371227718835,6673.418104989995
2023-01-16 16:00:00,14093.500113605067,6013.036983822184,6666.509276875532
2023-01-16 20:00:00,14397.774317016429,6105.163472560652,6813.593286399596
2023-01-17 00:00:00,14343.569356288237,6070.422170410118,6785.240809348258
2023-01-17 04:00:00,14193.53335888687,6049.019046763808,6715.142662705278
2023-01-17 08:00:00,14256.855264656791,6059.87570368585,6743.685800868071
2023-01-17 12:00:00,14378.246893168289,6080.968637134388,6798.9845855875665
2023-01-17 16:00:00,14291.455813727429,6086.862250892067,6762.1166824099355
2023-01-17 20:00:00,14408.77873319176,6129.358307986916,6819.513120848271
2023-01-18 00:00:00,14156.477850193693,6073.213882190072,6704.716286448139
2023-01-18 04:00:00,14245.59978209907,6129.048117789143,6779.675766407404
2023-01-18 08:00:00,14213.46098675489,6109.506135329469,6743.835959307323
2023-01-18 12:00:00,14184.692188147928,6084.690919507659,6684.067871098258
2023-01-18 16:00:00,14062.907265619793,6028.856683908588,6545.602217054436
2023-01-18 20:00:00,14037.040663395836,6001.249756306825,6530.869265078673
2023-01-19 00:00:00,14037.040663395836,5937.040385367893,6376.292277506727
2023-01-19 04:00:00,14037.040663395836,5958.753699211977,6448.932357504229
2023-01-19 08:00:00,14037.040663395836,5972.091877716199,6444.505405788238
2023-01-19 12:00:00,14037.040663395836,5934.248673587939,6370.439669311995
2023-01-19 16:00:00,14037.040663395836,5997.837664131326,6447.532366047077
2023-01-19 20:00:00,14037.040663395836,6044.676383994991,6539.789924843671
2023-01-20 00:00:00,14037.040663395836,6032.268776084086,6501.8573920398585
2023-01-20 04:00:00,14037.040663395836,6036.301248655131,6502.884998342671
2023-01-20 08:00:00,14037.040663395836,5991.323669978101,6448.8588490155935
2023-01-20 12:00:00,14037.040663395836,5999.38861512019,6462.7672397146025
2023-01-20 16:00:00,14037.040663395836,6060.185893883622,6533.466898479571
2023-01-20 20:00:00,14023.00362273244,6136.802872733459,6802.262042158105
2023-01-21 00:00:00,14430.009127875124,6466.845243163523,7216.124526755365
2023-01-21 04:00:00,14257.475574924505,6438.617935166215,7123.161556235926
2023-01-21 08:00:00,14411.45765799897,6466.845243163523,7206.823968273085
2023-01-21 12:00:00,14417.207000628525,6549.0456455732665,7202.820925425394
2023-01-21 16:00:00,14453.435244043832,6580.064665350528,7219.888070466084
2023-01-21 20:00:00,14633.871165364777,6659.163165782546,7311.339823275074
2023-01-22 00:00:00,14193.999707469036,6503.447686500692,7084.969697774367
2023-01-22 04:00:00,14273.83195497402,6510.2718708516895,7129.823828899934
2023-01-22 08:00:00,14350.454511378468,6553.078118144311,7168.406939118674
2023-01-22 12:00:00,14264.801301538113,6511.51263164278,7124.276996329842
2023-01-22 16:00:00,14322.154832337843,6521.748908169277,7153.8988982703095
2023-01-22 20:00:00,14294.64095250669,6499.105023731875,7140.435824642181
2023-01-23 00:00:00,14117.452450164106,6485.4566550298805,7043.23406731002
2023-01-23 04:00:00,14147.944725753103,6459.090488219208,7063.140027759876
2023-01-23 08:00:00,14117.543105751893,6455.368205845936,7046.1859872077575
2023-01-23 12:00:00,14244.672992503798,6530.744423904683,7109.464567046229
2023-01-23 16:00:00,14132.599022125672,6528.262902322502,7048.382544097868
2023-01-23 20:00:00,14122.974506189177,6516.475674807142,7044.024463270428
2023-01-24 00:00:00,14175.013374397993,6538.80936904677,7070.72628696715
2023-01-24 04:00:00,14354.873043409516,6589.990751679252,7165.267313687359
2023-01-24 08:00:00,14264.274149954399,6563.624584868579,7126.024210610708
2023-01-24 12:00:00,14240.000821120886,6541.601080826724,7080.6200547384005
2023-01-24 16:00:00,14240.000821120886,6535.397276871272,7072.502372110364
2023-01-24 20:00:00,14240.000821120886,6554.629069133174,7081.080176535042
2023-01-25 00:00:00,14240.000821120886,6448.5440214949385,6761.446172499839
2023-01-25 04:00:00,14240.000821120886,6440.789266550623,6768.818640640779
2023-01-25 08:00:00,14240.000821120886,6482.9751334477,6838.597791384702
2023-01-25 12:00:00,14240.000821120886,6452.576494065983,6806.002492479921
2023-01-25 16:00:00,14240.000821120886,6424.3491860686745,6799.438920862917
2023-01-25 20:00:00,14240.000821120886,6469.636954943477,6879.123592426042
2023-01-26 00:00:00,14240.000821120886,6558.971731901991,7062.301551567628
2023-01-26 04:00:00,14240.000821120886,6578.513714361666,7096.336010235995
2023-01-26 08:00:00,14240.000821120886,6526.091570938093,7015.310652489074
2023-01-26 12:00:00,14240.000821120886,6546.874314188858,7022.870307032682
2023-01-26 16:00:00,14240.000821120886,6564.244965264125,7033.086581750495
2023-01-26 20:00:00,14240.000821120886,6567.657057439624,7050.680552319482
2023-01-27 00:00:00,14240.000821120886,6548.735455375494,7023.016889578644
2023-01-27 04:00:00,14240.000821120886,6500.655974720738,6908.674788541466
2023-01-27 08:00:00,14240.000821120886,6586.888849701526,7000.765177957837
2023-01-27 12:00:00,14240.000821120886,6555.869829924264,6941.34550965978
2023-01-27 16:00:00,14240.000821120886,6561.453253484172,6971.878465519575
2023-01-27 20:00:00,14232.880820710327,6631.556238180783,7095.210093619134
2023-01-28 00:00:00,14203.795579623795,6590.92132227257,7058.594097365093
2023-01-28 04:00:00,14209.34619815176,6598.6760772168855,7074.656484296086
2023-01-28 08:00:00,14188.919921968853,6570.138579021805,7038.053382856339
2023-01-28 12:00:00,14186.25562507543,6566.416296648534,7020.761723754443
2023-01-28 16:00:00,14191.806243603394,6574.171051592849,6999.575025932271
2023-01-28 20:00:00,14199.577109542544,6585.02770851489,6999.69438225049
2023-01-29 00:00:00,14195.802688943528,6579.754475152756,6971.4554984135875
2023-01-29 04:00:00,14223.555781583347,6618.528249874333,7036.595869310057
2023-01-29 08:00:00,14230.660573299141,6628.454336203057,7038.076176777377
2023-01-29 12:00:00,14274.843496781734,6690.182185559807,7103.396249869741
2023-01-29 16:00:00,14278.175442522805,6714.687211183845,7144.480891710561
2023-01-29 20:00:00,14791.071610842317,6815.809215657718,7411.058414561458
2023-01-30 00:00:00,14673.608214816453,6774.55391935396,7350.958530889877
2023-01-30 04:00:00,14550.306435079101,6766.799164409644,7285.182617735788
2023-01-30 08:00:00,14500.215037258207,6756.87307808092,7260.066701934376
2023-01-30 12:00:00,13910.221247069336,6566.416296648534,6969.469728850834
2023-01-30 16:00:00,13910.221247069336,6617.597679281015,7038.0258533423075
2023-01-30 20:00:00,13910.221247069336,6513.994153224961,6893.390048488541
2023-01-31 00:00:00,13910.221247069336,6534.156516080181,6956.866070123643
2023-01-31 04:00:00,13910.221247069336,6529.503663113592,6961.590975125905
2023-01-31 08:00:00,13910.221247069336,6578.513714361666,7005.311086605831
2023-01-31 12:00:00,13910.221247069336,6549.355835771039,6949.085485643335
2023-01-31 16:00:00,13910.221247069336,6607.361402754519,7020.0282775290625
2023-01-31 20:00:00,13910.221247069336,6611.08368512779,7041.902897958488
2023-02-01 00:00:00,13910.221247069336,6604.879881172338,6992.132769434533
2023-02-01 04:00:00,13910.221247069336,6606.120641963428,6992.3657271984
2023-02-01 08:00:00,13910.221247069336,6578.823904559438,6926.759699290768
2023-02-01 12:00:00,13910.221247069336,6572.930290801758,6917.705831017608
2023-02-01 16:00:00,13910.221247069336,6529.193472915819,6810.338925815187
2023-02-01 20:00:00,13910.221247069336,6613.565206709971,7028.573936164362
2023-02-02 00:00:00,13910.221247069336,6687.390473779854,7151.206683789985
2023-02-02 04:00:00,13910.221247069336,6708.7935974261645,7225.163217131066
2023-02-02 08:00:00,13910.221247069336,6707.863026832847,7177.939381413597
2023-02-02 12:00:00,13903.2661364458,6722.131775930387,7206.4225401376
2023-02-02 16:00:00,13939.011205560222,6759.0444094653285,7253.943693634644
2023-02-02 20:00:00,13951.511451097333,6771.452017376233,7276.276000684881
2023-02-03 00:00:00,13814.908699647724,6691.733136548671,7130.706893958012
2023-02-03 04:00:00,13813.710410363914,6701.969413075167,7135.4966158033885
2023-02-03 08:00:00,13794.504859499797,6680.256099231084,7120.628226907946
2023-02-03 12:00:00,13812.413170258493,6683.668191406583,7149.2403193877435
2023-02-03 16:00:00,13926.759080757325,6741.673758390062,7257.929119168574
2023-02-03 20:00:00,13871.149248949438,6685.2191423954455,7188.766257387163
2023-02-04 00:00:00,13940.132770773278,6730.506911270248,7260.481921050135
2023-02-04 04:00:00,13891.758895444327,6706.312075843984,7206.40784819646
2023-02-04 08:00:00,13907.96551442723,6701.038842481849,7221.242718055754
2023-02-04 12:00:00,13924.79457436012,6718.409493557116,7244.235955285957
2023-02-04 16:00:00,13985.1405550288,6728.955960281385,7285.970478202439
2023-02-04 20:00:00,13976.507663942644,6726.164248501431,7280.20891345301
2023-02-05 00:00:00,13939.418540025239,6708.1732170306195,7220.32318157524
2023-02-05 04:00:00,13913.331265261564,6706.622266041756,7205.945631897873
2023-02-05 08:00:00,13957.346566580236,6724.923487710341,7236.336588961767
2023-02-05 12:00:00,13919.769009772406,6710.964928810573,7198.655496751783
2023-02-05 16:00:00,13864.885302419134,6642.412895102824,7096.24791795079
2023-02-05 20:00:00,13864.885302419134,6581.925806537164,7014.591142104354
2023-02-06 00:00:00,13864.885302419134,6597.125126228022,7043.158125765792
2023-02-06 04:00:00,13864.885302419134,6585.02770851489,7027.770084231111
2023-02-06 08:00:00,13864.885302419134,6592.16208306366,7044.459876394728
2023-02-06 12:00:00,13864.885302419134,6588.129610492617,7045.509033889997
2023-02-06 16:00:00,13864.885302419134,6657.612214793683,7113.391071501734
2023-02-06 20:00:00,13864.885302419134,6650.477840244913,7105.481532140677
2023-02-07 00:00:00,13864.885302419134,6578.823904559438,6953.390282190945
2023-02-07 04:00:00,13864.885302419134,6601.157598799066,7025.9880938433225
2023-02-07 08:00:00,13864.885302419134,6625.042244027558,7049.436985495894
2023-02-07 12:00:00,13864.885302419134,6654.510312815956,7101.8371058856255
2023-02-07 16:00:00,13864.885302419134,6638.070232334008,7045.4032171953395
2023-02-07 20:00:00,13864.885302419134,6683.9783816043555,7123.442311470937
2023-02-08 00:00:00,13864.885302419134,6718.409493557116,7207.99749672173
2023-02-08 04:00:00,13857.952859767924,6721.201205337069,7227.710413685443
2023-02-08 08:00:00,13845.543424003068,6699.487891492986,7190.5820739108185
2023-02-08 12:00:00,13840.22509438956,6692.353516944216,7191.455274058152
2023-02-08 16:00:00,13783.791707935097,6615.426347896607,7087.204779655051
2023-02-08 20:00:00,13774.927825245915,6614.185587105517,7060.828729800488
2023-02-09 00:00:00,13787.928186523382,6647.0657480694135,7099.850620978889
2023-02-09 04:00:00,13686.694520987121,6511.202441445008,6906.918016272265
2023-02-09 08:00:00,13686.694520987121,6556.800400517583,6989.302982548824
2023-02-09 12:00:00,13686.694520987121,6539.429749442315,6968.658181728498
2023-02-09 16:00:00,13686.694520987121,6517.716435598232,6940.559928303032
2023-02-09 20:00:00,13686.694520987121,6357.658293547562,6740.512546607795
2023-02-10 00:00:00,13686.694520987121,6298.4119657729925,6521.012608099932
2023-02-10 04:00:00,13686.694520987121,6316.402997243804,6571.846500311819
2023-02-10 08:00:00,13686.694520987121,6333.463458121298,6616.070106312258
2023-02-10 12:00:00,13686.694520987121,6303.685199135127,6557.809238160516
2023-02-10 16:00:00,13686.694520987121,6295.620253993038,6543.315196083145
2023-02-10 20:00:00,13686.694520987121,6332.843077725753,6595.884480464159
2023-02-11 00:00:00,13686.694520987121,6286.31454805986,6463.206354615332
2023-02-11 04:00:00,13686.694520987121,6303.685199135127,6512.545495161833
2023-02-11 08:00:00,13686.694520987121,6306.47691091508,6508.825014777718
2023-02-11 12:00:00,13686.694520987121,6307.71767170617,6506.055452109537
2023-02-11 16:00:00,13686.694520987121,6312.3705246727595,6533.659223480085
2023-02-11 20:00:00,13686.694520987121,6301.513867750718,6509.135062834704
2023-02-12 00:00:00,13686.694520987121,6360.450005327515,6604.702063045496
2023-02-12 04:00:00,13686.694520987121,6335.324599307934,6568.42370878621
2023-02-12 08:00:00,13686.694520987121,6341.218213065613,6588.3364801265025
2023-02-12 12:00:00,13686.694520987121,6372.547423040648,6629.347585171398
2023-02-12 16:00:00,13686.694520987121,6381.232748578281,6673.309145207593
2023-02-12 20:00:00,13686.694520987121,6408.219295784498,6755.225990989876
2023-02-13 00:00:00,13686.694520987121,6335.014409110161,6617.540087828423
2023-02-13 04:00:00,13686.694520987121,6350.834109196564,6584.974211886712
2023-02-13 08:00:00,13686.694520987121,6357.348103349789,6610.805305879284
2023-02-13 12:00:00,13686.694520987121,6283.833026477679,6460.283750584971
2023-02-13 16:00:00,13686.694520987121,6250.332485118236,6408.4592470863545
2023-02-13 20:00:00,13686.694520987121,6253.12419689819,6441.152452278921
2023-02-14 00:00:00,13686.694520987121,6296.861014784129,6505.804032418401
2023-02-14 04:00:00,13686.694520987121,6275.147700940046,6495.0906288432225
2023-02-14 08:00:00,13686.694520987121,6298.101775575219,6536.650675580854
2023-02-14 12:00:00,13686.694520987121,6294.999873597493,6560.5866968709015
2023-02-14 16:00:00,13686.694520987121,6380.302177984963,6716.390546154041
2023-02-14 20:00:00,13673.007826466132,6416.904621322132,6744.573912015236
2023-02-15 00:00:00,13659.907617252196,6416.594431124359,6726.8163937779145
2023-02-15 04:00:00,13633.327763653375,6399.5339702468655,6690.945579063634
2023-02-15 08:00:00,13639.028372028966,6406.668344795636,6689.575970265225
2023-02-15 12:00:00,13774.540742182307,6494.762360963059,6817.460518756333
2023-02-15 16:00:00,13896.204828967162,6629.074716598602,6916.074460758791
2023-02-15 20:00:00,14240.946728981053,6761.836121245282,7088.374533455045
2023-02-16 00:00:00,14748.122378100208,7051.243575767134,7339.711286496631
2023-02-16 04:00:00,14845.75700933145,7157.638813603142,7385.852753209446
2023-02-16 08:00:00,14769.59084880432,7121.036370265973,7348.051848902714
2023-02-16 12:00:00,14742.43658115951,7112.040854530567,7334.080786343656
2023-02-16 16:00:00,15089.877641737206,7287.298316272096,7506.142300166853
2023-02-16 20:00:00,14926.555453949575,7216.264760982166,7424.400103109257
2023-02-17 00:00:00,14195.463798409204,6836.591958908483,7060.981092584446
2023-02-17 04:00:00,14445.900247058062,6947.64004971108,7185.973275465389
2023-02-17 08:00:00,14361.368607142493,6886.842770947647,7144.577161839691
2023-02-17 12:00:00,14466.83294018843,6951.982712479897,7196.3600441224735
2023-02-17 16:00:00,14561.379235640718,7026.738550143097,7242.70320837957
2023-02-17 20:00:00,14827.214016657457,7122.897511452608,7376.391389112115
2023-02-18 00:00:00,14719.980522853723,7127.86055461697,7320.929244483882
2023-02-18 04:00:00,14787.922532372799,7139.337591934557,7355.593345027606
2023-02-18 08:00:00,14714.960595894108,7115.142756508293,7319.061282904452
2023-02-18 12:00:00,14671.780468455476,7110.800093739476,7296.617410198179
2023-02-18 16:00:00,14789.464926187347,7149.884058658827,7356.378157612399
2023-02-18 20:00:00,14782.272653317075,7143.3700645056015,7353.146519515273
2023-02-19 00:00:00,14778.064256157137,7143.3700645056015,7350.888697808315
2023-02-19 04:00:00,14777.88779611852,7159.81014498755,7349.865817396353
2023-02-19 08:00:00,14797.88309087634,7132.203217385787,7361.456758174735
2023-02-19 12:00:00,14865.614272774359,7152.985960636553,7395.904718024988
2023-02-19 16:00:00,15259.261784499342,7217.505521773257,7598.156261810469
2023-02-19 20:00:00,14991.25220852819,7117.3140878927015,7463.575710841676
2023-02-20 00:00:00,14951.899728082466,7044.419391416136,7453.794786922187
2023-02-20 04:00:00,15152.50551079234,7094.3600132575275,7585.941879433899
2023-02-20 08:00:00,15079.8723825698,7104.906479981797,7562.432111999245
2023-02-20 12:00:00,15110.833160160484,7223.399135530936,7655.884245425964
2023-02-20 16:00:00,15223.137506772913,7239.839216012885,7714.307112911147
2023-02-20 20:00:00,15218.166802114643,7208.820196235623,7712.433370694149
2023-02-21 00:00:00,15182.873698646756,7206.3386746534425,7694.291151602577
2023-02-21 04:00:00,15188.278596075026,7238.288265024023,7696.248718757009
2023-02-21 08:00:00,15190.157259825632,7264.654431834695,7696.548556189745
2023-02-21 12:00:00,14808.001773166914,7153.91653122987,7508.401028546081
2023-02-21 16:00:00,14808.434113215857,7134.064358572423,7502.4834577762795
2023-02-21 20:00:00,14862.476619333818,7173.458513689545,7552.368462150655
2023-02-22 00:00:00,14801.949012481702,7119.795609474882,7484.701612496788
2023-02-22 04:00:00,14685.12759679176,7053.10471695377,7388.444799621084
2023-02-22 08:00:00,14685.12759679176,7009.367899067831,7298.100113960327
2023-02-22 12:00:00,14685.12759679176,7054.655667942633,7300.642609966807
2023-02-22 16:00:00,14685.12759679176,6924.065594680361,7224.4267667671365
2023-02-22 20:00:00,14685.12759679176,6960.978228215303,7262.647619027329
2023-02-23 00:00:00,14685.12759679176,7077.609742577806,7380.786721978804
2023-02-23 04:00:00,14685.12759679176,7144.300635098919,7465.821143993988
2023-02-23 08:00:00,14685.12759679176,7122.897511452608,7456.858467218107
2023-02-23 12:00:00,14685.12759679176,6963.769939995256,7288.635105755014
2023-02-23 16:00:00,14685.12759679176,7005.335426496787,7353.103510038692
2023-02-23 20:00:00,14685.12759679176,7015.881893221056,7365.51470671415
2023-02-24 00:00:00,14685.12759679176,7009.988279463376,7344.495978315778
2023-02-24 04:00:00,14685.12759679176,7007.1965676834225,7334.512110332471
2023-02-24 08:00:00,14685.12759679176,6987.654585223748,7354.050850812454
2023-02-24 12:00:00,14685.12759679176,7011.539230452239,7341.445686000274
2023-02-24 16:00:00,14685.12759679176,6878.777825805559,7163.545594651791
2023-02-24 20:00:00,14685.12759679176,6820.462068624307,7156.387219792115
2023-02-25 00:00:00,14685.12759679176,6822.323209810943,7158.27226159856
2023-02-25 04:00:00,14685.12759679176,6796.887613593588,7121.642477778099
2023-02-25 08:00:00,14685.12759679176,6806.193319526767,7126.075415847093
2023-02-25 12:00:00,14685.12759679176,6770.5214467829155,7099.171846444992
2023-02-25 16:00:00,14685.12759679176,6779.206772320549,7050.141428869801
2023-02-25 20:00:00,14685.12759679176,6764.627833025235,6984.146484067885
2023-02-26 00:00:00,14685.12759679176,6841.865192270618,7079.67447205565
2023-02-26 04:00:00,14685.12759679176,6854.893180577067,7120.612564297842
2023-02-26 08:00:00,14685.12759679176,6838.142909897346,7131.3748369528885
2023-02-26 12:00:00,14685.12759679176,6872.2638316523335,7151.349473149581
2023-02-26 16:00:00,14685.12759679176,6864.819266905791,7165.845121003037
2023-02-26 20:00:00,14685.12759679176,6937.093582986811,7270.350098597465
2023-02-27 00:00:00,14685.12759679176,6926.857306460314,7257.297085438648
2023-02-27 04:00:00,14685.12759679176,6927.787877053633,7234.57915774589
2023-02-27 08:00:00,14685.12759679176,6891.805814112009,7195.087797542558
2023-02-27 12:00:00,14685.12759679176,6881.8797277832855,7186.969346769399
2023-02-27 16:00:00,14685.12759679176,6900.801329847414,7212.038255241315
2023-02-27 20:00:00,14685.12759679176,6811.156362691128,7087.655271862278
2023-02-28 00:00:00,14685.12759679176,6874.124972838969,7139.9564276263345
2023-02-28 04:00:00,14685.12759679176,6873.194402245652,7131.789511799572
2023-02-28 08:00:00,14685.12759679176,6806.193319526767,7037.168190194147
2023-02-28 12:00:00,14685.12759679176,6844.036523655026,7076.353488171239
2023-02-28 16:00:00,14685.12759679176,6880.328776794422,7138.839926452455
2023-02-28 20:00:00,14685.12759679176,6819.841688228762,7073.797260990649
2023-03-01 00:00:00,14685.12759679176,6791.924570429226,7001.890241774928
2023-03-01 04:00:00,14685.12759679176,6858.925653148111,7106.488216446959
2023-03-01 08:00:00,14685.12759679176,6913.20893775832,7146.796859435702
2023-03-01 12:00:00,14685.12759679176,6895.52809648528,7151.491505115077
2023-03-01 16:00:00,14685.12759679176,6897.079047474143,7142.548882949025
2023-03-01 20:00:00,14685.12759679176,6797.507993989133,7036.191226875338
2023-03-02 00:00:00,14677.785032993364,6872.574021850107,7139.594203886266
2023-03-02 04:00:00,14635.418656415877,6847.138425632752,7061.808125575527
2023-03-02 08:00:00,14629.455981193863,6817.980547042126,7043.781005783379
2023-03-02 12:00:00,14641.06750662621,6834.730817721847,7072.369250444511
2023-03-02 16:00:00,14592.730609201415,6833.179866732984,7025.527531082343
2023-03-02 20:00:00,14592.730609201415,6866.370217894654,7102.465887556617
2023-03-03 00:00:00,14592.730609201415,6866.680408092427,7089.068776129112
2023-03-03 04:00:00,14592.730609201415,6536.3278474645895,6728.862382513579
2023-03-03 08:00:00,14592.730609201415,6551.527167155447,6768.2666874223805
2023-03-03 12:00:00,14592.730609201415,6540.360320035634,6761.564924160934
2023-03-03 16:00:00,14592.730609201415,6544.082602408905,6782.469423838177
2023-03-03 20:00:00,14592.730609201415,6525.781380740321,6783.165349783114
2023-03-04 00:00:00,14592.730609201415,6514.924723818279,6777.2429920901095
2023-03-04 04:00:00,14592.730609201415,6524.230429751457,6775.37789210887
2023-03-04 08:00:00,14592.730609201415,6524.230429751457,6755.104604815711
2023-03-04 12:00:00,14592.730609201415,6519.577576784868,6755.5853675189
2023-03-04 16:00:00,14592.730609201415,6508.410729665054,6715.606474700707
2023-03-04 20:00:00,14592.730609201415,6493.521600171968,6682.919727053218
2023-03-05 00:00:00,14592.730609201415,6522.3692885648215,6731.818050850443
2023-03-05 04:00:00,14592.730609201415,6530.744423904683,6774.479385147618
2023-03-05 08:00:00,14592.730609201415,6535.397276871272,6777.858638363592
2023-03-05 12:00:00,14592.730609201415,6536.9482278601345,6758.982526770468
2023-03-05 16:00:00,14592.730609201415,6551.527167155447,6777.297631256309
2023-03-05 20:00:00,14592.730609201415,6542.531651420042,6752.129704086433
2023-03-06 00:00:00,14592.730609201415,6551.527167155447,6740.769519696544
2023-03-06 04:00:00,14592.730609201415,6521.748908169277,6709.058137822992
2023-03-06 08:00:00,14592.730609201415,6523.920239553685,6694.181860694508
2023-03-06 12:00:00,14592.730609201415,6522.679478762594,6691.893720952331
2023-03-06 16:00:00,14585.434243896812,6554.629069133174,6751.871612276743
2023-03-06 20:00:00,14547.108212788515,6512.75339243387,6684.792584749303
2023-03-07 00:00:00,14547.108212788515,6510.582061049462,6667.204349199077
2023-03-07 04:00:00,14547.108212788515,6520.818337575959,6699.038936991998
2023-03-07 08:00:00,14547.108212788515,6507.790349269509,6683.00240072195
2023-03-07 12:00:00,14547.108212788515,6503.137496302919,6638.895429262303
2023-03-07 16:00:00,14547.108212788515,6541.290890628951,6694.619920398997
2023-03-07 20:00:00,14547.108212788515,6503.447686500692,6633.963391392119
2023-03-08 00:00:00,14539.83465868212,6518.336815993778,6675.83755776596
2023-03-08 04:00:00,14552.6194346939,6524.230429751457,6662.63001743583
2023-03-08 08:00:00,14503.756676406416,6461.572009801389,6531.256654186132
2023-03-08 12:00:00,14503.756676406416,6499.105023731875,6572.641770237528
2023-03-08 16:00:00,14503.756676406416,6507.169968873964,6561.671473011313
2023-03-08 20:00:00,14503.756676406416,6468.396194152387,6477.180398762011
2023-03-09 00:00:00,14503.756676406416,6385.5754113470975,6398.869614340831
2023-03-09 04:00:00,14503.756676406416,6399.5339702468655,6429.055325003293
2023-03-09 08:00:00,14503.756676406416,6365.72323868965,6399.047441892613
2023-03-09 12:00:00,14503.756676406416,6351.764679789882,6392.002045643366
2023-03-09 16:00:00,14503.756676406416,6342.148783658931,6365.65626102288
2023-03-09 20:00:00,14503.756676406416,6104.543092165106,6150.957332527033
2023-03-10 00:00:00,14503.756676406416,5968.059405145154,5985.838408957472
2023-03-10 04:00:00,14503.756676406416,5875.932916406688,5917.880151630911
2023-03-10 08:00:00,14503.756676406416,5846.154657420516,5867.228490770436
2023-03-10 12:00:00,14503.756676406416,5792.181563008081,5785.9372691343115
2023-03-10 16:00:00,14503.756676406416,5816.0662082365725,5902.939892747986
2023-03-10 20:00:00,14503.756676406416,5843.673135838335,5951.92009503268
2023-03-11 00:00:00,14503.756676406416,5889.27109491091,6021.866574831396
2023-03-11 04:00:00,14503.756676406416,5994.425571955827,6125.657084938596
2023-03-11 08:00:00,14503.756676406416,5852.048271178196,5892.400489519536
2023-03-11 12:00:00,14503.756676406416,5879.965388977732,5943.358384103204
2023-03-11 16:00:00,14503.756676406416,5859.182645726966,5896.177740110295
2023-03-11 20:00:00,14503.756676406416,5909.43345776613,6034.950317456294
2023-03-12 00:00:00,14503.756676406416,5965.267693365201,6089.5907740285575
2023-03-12 04:00:00,14503.756676406416,5945.105330509981,6057.630383145844
2023-03-12 08:00:00,14503.756676406416,5950.998944267661,6047.878351013871
2023-03-12 12:00:00,14503.756676406416,5972.712258111744,6089.454501797942
2023-03-12 16:00:00,14503.756676406416,5971.161307122881,6060.130467395267
2023-03-12 20:00:00,14503.756676406416,6084.380729309886,6239.235138704743
2023-03-13 00:00:00,14482.033625967464,6415.043480135496,6624.608447819952
2023-03-13 04:00:00,14347.586077968994,6448.854211692711,6565.259118708268
2023-03-13 08:00:00,14415.274599144408,6480.803802063291,6596.38448044455
2023-03-13 12:00:00,14174.890920291366,6401.084921235728,6487.229916779131
2023-03-13 16:00:00,15168.441368769947,6924.375784878133,6938.366996988187
2023-03-13 20:00:00,15145.212204099444,6982.07116166384,6928.294215129095
2023-03-14 00:00:00,15051.846784510244,6929.649018240268,6886.032265595884
2023-03-14 04:00:00,15183.023966272334,7035.113685482958,6945.590587028314
2023-03-14 08:00:00,15020.980835653894,6979.279449883887,6871.804639286172
2023-03-14 12:00:00,15281.9058232494,7162.291666569731,6990.893781144074
2023-03-14 16:00:00,16209.244879511725,7494.195178186432,7412.934886677215
2023-03-14 20:00:00,15584.376698083064,7233.945602255206,7128.807570864616
2023-03-15 00:00:00,15450.372639264422,7120.105799672655,7067.113336643942
2023-03-15 04:00:00,15497.434945943189,7131.582836990242,7088.006799888358
2023-03-15 08:00:00,15618.118505416869,7186.486501995995,7142.316513424803
2023-03-15 12:00:00,15565.503537326264,7253.797774912653,7118.675358053809
2023-03-15 16:00:00,15103.786963002738,7211.301717817804,6912.277092700296
2023-03-15 20:00:00,15076.962787885088,7135.925499759059,6887.917709980142
2023-03-16 00:00:00,15081.507935407255,7123.828082045927,6901.810259789333
2023-03-16 04:00:00,15033.001472159194,7114.212185914976,6881.697339017389
2023-03-16 08:00:00,15125.851194764375,7203.236772675717,6943.903174378521
2023-03-16 12:00:00,15173.935570551319,7267.135953416876,6996.786192952147
2023-03-16 16:00:00,15190.741760146753,7289.469647656504,6996.8932230192195
2023-03-16 20:00:00,15212.916593640733,7318.937716444902,7056.7876102262735
2023-03-17 00:00:00,15207.547949742191,7311.803341896132,7022.894454863633
2023-03-17 04:00:00,15367.440170198774,7524.283627370375,7168.2638360614
2023-03-17 08:00:00,15422.293705683878,7597.178323846941,7208.138568442139
2023-03-17 12:00:00,15626.42131081131,7878.831023424476,7454.790085336138
2023-03-17 16:00:00,15362.28845399366,7713.4996480116715,7251.5854047033
2023-03-17 20:00:00,15502.74870945849,7814.621652485545,7367.467691484563
2023-03-18 00:00:00,15751.907679839613,7977.161316118396,7592.499618778445
2023-03-18 04:00:00,15797.281956485807,7945.832106143362,7733.247250274231
2023-03-18 08:00:00,15732.481672333874,7972.198272954034,7696.385702208508
2023-03-18 12:00:00,15781.12972933993,7981.503978887213,7722.222896387582
2023-03-18 16:00:00,15536.714174119543,7925.359553090369,7597.83182033122
2023-03-18 20:00:00,15608.73282909306,7964.133327811946,7632.925233590481
2023-03-19 00:00:00,15259.85192683847,7829.820972176403,7459.0002479582245
2023-03-19 04:00:00,15548.705566195378,7922.2576511126435,7604.406031314857
2023-03-19 08:00:00,15394.651737171844,7852.154666416031,7527.827286418728
2023-03-19 12:00:00,15507.112122407532,7908.919472608421,7582.937066283969
2023-03-19 16:00:00,15687.198852271475,8024.310226179834,7670.616224907213
2023-03-19 20:00:00,15959.720499058287,8229.96632730308,7799.442803055873
2023-03-20 00:00:00,15712.96039696582,8146.214973904473,7676.981794195864
2023-03-20 04:00:00,15439.164090124244,7947.072866934453,7547.211315986016
2023-03-20 08:00:00,16079.488877854026,8232.758039083034,7865.6233233998
2023-03-20 12:00:00,16000.926659099681,8194.294454559229,7828.242307063053
2023-03-20 16:00:00,15783.041384845134,8035.166883101876,7728.604918405509
2023-03-20 20:00:00,15611.105093880851,8060.2922891214575,7618.229453417108
2023-03-21 00:00:00,15593.198004266294,8046.023540023917,7580.875855930011
2023-03-21 04:00:00,15677.394510452,8067.116473472455,7646.12928315396
2023-03-21 08:00:00,15497.775184880335,7993.911586798117,7535.87220082301
2023-03-21 12:00:00,15497.775184880335,8087.278836327676,7641.741762901021
2023-03-21 16:00:00,15497.775184880335,8102.478156018534,7767.810365194382
2023-03-21 20:00:00,15497.775184880335,8127.293371840343,7717.521435604767
2023-03-22 00:00:00,15497.775184880335,8117.367285511619,7717.64332234965
2023-03-22 04:00:00,15497.775184880335,8134.427746389113,7703.666060762089
2023-03-22 08:00:00,15497.775184880335,8114.575573731666,7690.8636000850165
2023-03-22 12:00:00,15497.775184880335,8109.612530567304,7686.276193557048
2023-03-22 16:00:00,15497.775184880335,8236.790511654077,7766.4136613357305
2023-03-22 20:00:00,15497.775184880335,7628.197343624202,7249.548430553468
2023-03-23 00:00:00,15497.775184880335,7801.9038543768675,7358.403262188652
2023-03-23 04:00:00,15497.775184880335,7812.450321101137,7344.151061093695
2023-03-23 08:00:00,15497.775184880335,7894.030343115335,7438.462044449369
2023-03-23 12:00:00,15497.775184880335,7898.373005884152,7458.037603808433
2023-03-23 16:00:00,15490.026297287895,8156.761440628742,7717.136133462298
2023-03-23 20:00:00,15472.591414908078,8129.154513026979,7674.769920209369
2023-03-24 00:00:00,15451.180155845144,8109.9227207650765,7664.974047952403
2023-03-24 04:00:00,15452.403656363027,8087.589026525448,7647.776365699857
2023-03-24 08:00:00,15454.85065739879,8113.955193336121,7653.20105195961
2023-03-24 12:00:00,15309.106358083314,7987.397592644893,7501.549478041689
2023-03-24 16:00:00,15309.106358083314,8077.662940196725,7516.464305503695
2023-03-24 20:00:00,15309.106358083314,8035.4770732996485,7456.685447609591
2023-03-25 00:00:00,15309.106358083314,7937.767161001274,7394.7229462223395
2023-03-25 04:00:00,15309.106358083314,7974.989984733988,7424.130162873417
2023-03-25 08:00:00,15309.106358083314,7948.00343752777,7392.265319348778
2023-03-25 12:00:00,15309.106358083314,7940.248682583455,7391.577564647312
2023-03-25 16:00:00,15309.106358083314,7984.6058808649395,7434.266259081803
2023-03-25 20:00:00,15309.106358083314,7854.32599780044,7265.2072281032715
2023-03-26 00:00:00,15309.106358083314,7930.012406056959,7354.143215447591
2023-03-26 04:00:00,15309.106358083314,7945.832106143362,7394.634677355608
2023-03-26 08:00:00,15309.106358083314,7946.76267673668,7406.4585406305
2023-03-26 12:00:00,15309.106358083314,8046.9541106172355,7492.093046399731
2023-03-26 16:00:00,15309.106358083314,8036.0974536951935,7455.831505619674
2023-03-26 20:00:00,15309.106358083314,8036.407643892966,7468.622364891938
2023-03-27 00:00:00,15309.106358083314,8053.778294968233,7484.345642601711
2023-03-27 04:00:00,15309.106358083314,8032.064981124149,7442.0251360864595
2023-03-27 08:00:00,15309.106358083314,8025.550986970925,7397.434220776505
2023-03-27 12:00:00,15309.106358083314,8029.583459541968,7433.702323432781
2023-03-27 16:00:00,15309.106358083314,7747.310379568887,7165.3296184042765
2023-03-27 20:00:00,15309.106358083314,7760.028177677565,7141.237003525997
2023-03-28 00:00:00,15309.106358083314,7806.246517145684,7194.682893499565
2023-03-28 04:00:00,15309.106358083314,7737.074103042391,7139.206645546934
2023-03-28 08:00:00,15309.106358083314,7738.004673635708,7175.027804231294
2023-03-28 12:00:00,15309.106358083314,7758.477226688701,7234.339183271269
2023-03-28 16:00:00,15309.106358083314,7732.111059878029,7227.176895235798
2023-03-28 20:00:00,15309.106358083314,7847.812003647215,7378.506816100758
2023-03-29 00:00:00,15309.106358083314,7812.140130903364,7322.593899224198
2023-03-29 04:00:00,15309.106358083314,7841.608199691763,7360.704019868145
2023-03-29 08:00:00,15293.797251725231,8034.236312508558,7520.159588689395
2023-03-29 12:00:00,15271.730354513053,8089.450167712083,7533.077585439701
2023-03-29 16:00:00,15331.240363571564,8137.52964836684,7562.040260347357
2023-03-29 20:00:00,15296.097239486495,8120.7793776871185,7545.981202615463
2023-03-30 00:00:00,15229.692418112587,8113.334812940575,7512.775771326979
2023-03-30 04:00:00,15239.20519329613,8153.349348453243,7518.641607827556
2023-03-30 08:00:00,15301.605797356868,8207.632633063451,7552.920712684218
2023-03-30 12:00:00,15177.015650373098,8171.0301897262825,7495.36459730365
2023-03-30 16:00:00,14983.621706393711,8056.570006748187,7402.850312961595
2023-03-30 20:00:00,14908.101198350609,7972.198272954034,7361.90378883912
2023-03-31 00:00:00,14936.620055216215,7979.642837700578,7389.466209332791
2023-03-31 04:00:00,14956.245935209754,8018.726802619927,7410.349722789554
2023-03-31 08:00:00,14945.819686463186,7909.850043201738,7347.80158079744
2023-03-31 12:00:00,14947.352958337682,7982.434549480531,7378.995046126244
2023-03-31 16:00:00,15049.77551955395,8130.39527381807,7534.825496481882
2023-03-31 20:00:00,15062.961657674608,8143.733452322292,7566.836727610552
2023-04-01 00:00:00,15045.789012680263,8143.423262124519,7575.268209054721
2023-04-01 04:00:00,15048.548902054355,8161.104103397558,7569.038086837415
2023-04-01 08:00:00,15053.148717677841,8137.2194581690665,7561.753576245487
2023-04-01 12:00:00,15057.135224551528,8126.98318164257,7563.556433109063
2023-04-01 16:00:00,15041.802505806578,8130.705464015842,7545.833789620877
2023-04-01 20:00:00,15024.629860812234,8117.677475709392,7534.448218579785
2023-04-02 00:00:00,15040.269233932082,8138.150028762385,7561.861298211566
2023-04-02 04:00:00,15034.136146434103,8152.418777859925,7560.296470316639
2023-04-02 08:00:00,15038.266118173924,8133.497175795796,7574.781576374319
2023-04-02 12:00:00,14976.851363951238,8113.334812940575,7540.044087086649
2023-04-02 16:00:00,14810.725528554589,8060.912669517003,7448.296605811741
2023-04-02 20:00:00,14763.599957510422,8014.694330048883,7394.106274358514
2023-04-03 00:00:00,14763.599957510422,8089.760357909857,7467.145742511361
2023-04-03 04:00:00,14763.599957510422,7985.2262612604845,7366.944213760508
2023-04-03 08:00:00,14763.599957510422,8013.763759455565,7402.508418810355
2023-04-03 12:00:00,14763.599957510422,8068.667424461319,7435.844767692196
2023-04-03 16:00:00,14763.599957510422,7998.87462996248,7386.777430275685
2023-04-03 20:00:00,14763.599957510422,7993.911586798117,7472.288161762187
2023-04-04 00:00:00,14763.599957510422,7911.711184388374,7376.482598238078
2023-04-04 04:00:00,14763.599957510422,7949.244198318861,7398.565662478697
2023-04-04 08:00:00,14763.599957510422,7964.443518009719,7400.990926025071
2023-04-04 12:00:00,14756.218157531666,8050.366202792734,7556.142186819788
2023-04-04 16:00:00,14736.353713924393,7947.072866934453,7489.811660728635
2023-04-04 20:00:00,14747.005661945685,7987.08740244712,7521.300712382569
2023-04-05 00:00:00,14748.733004868056,7982.124359282759,7514.160171752631
2023-04-05 04:00:00,14855.828266055098,8080.454651976678,7626.264384676843
2023-04-05 08:00:00,14855.828266055098,8083.556553954404,7634.974362716769
2023-04-05 12:00:00,14868.783337972884,8097.8253030519445,7648.083146456677
2023-04-05 16:00:00,14835.100150986636,7976.851125920623,7551.680396044065
2023-04-05 20:00:00,14880.586847942424,8039.819736068465,7618.068568831349
2023-04-06 00:00:00,14874.253257227061,8008.490526093431,7607.76133514557
2023-04-06 04:00:00,14853.813032645663,8014.38413985111,7582.815900189905
2023-04-06 08:00:00,14797.674387668585,7945.521915945589,7506.697507299706
2023-04-06 12:00:00,14767.445886527083,7950.1747689121785,7497.187772977558
2023-04-06 16:00:00,14782.704082341364,7984.916071062712,7523.577483471515
2023-04-06 20:00:00,14774.067367729505,7968.165800382991,7511.108741261954
2023-04-07 00:00:00,14774.067367729505,7978.091886711714,7505.161070843839
2023-04-07 04:00:00,14788.17400159554,7978.091886711714,7502.405897252559
2023-04-07 08:00:00,14714.62877804448,7925.359553090369,7424.214489003406
2023-04-07 12:00:00,14714.62877804448,7924.428982497051,7427.697254056615
2023-04-07 16:00:00,14714.62877804448,7960.100855240902,7476.228014890062
2023-04-07 20:00:00,14714.62877804448,7952.035910098814,7465.480162988107
2023-04-08 00:00:00,14714.62877804448,7941.179253176772,7467.978514734208
2023-04-08 04:00:00,14714.62877804448,7974.3696043384425,7493.80601996223
2023-04-08 08:00:00,14714.62877804448,8000.735771149115,7519.594350972628
2023-04-08 12:00:00,14714.62877804448,7988.948543633755,7503.271495768451
2023-04-08 16:00:00,14714.62877804448,7988.32816323821,7489.451225884196
2023-04-08 20:00:00,14714.62877804448,7959.480474845357,7441.524566311736
2023-04-09 00:00:00,14714.62877804448,7967.545419987445,7420.4405792343405
2023-04-09 04:00:00,14714.62877804448,7986.4670220515745,7434.152889760895
2023-04-09 08:00:00,14714.62877804448,7964.133327811946,7400.544079846274
2023-04-09 12:00:00,14714.62877804448,7964.753708207491,7421.091907260609
2023-04-09 16:00:00,14714.62877804448,7957.309143460949,7408.970750922263
2023-04-09 20:00:00,14714.62877804448,8016.865661433291,7474.2886203192265
2023-04-10 00:00:00,14707.271463655456,8053.157914572687,7475.820903887655
2023-04-10 04:00:00,14707.271463655456,8053.157914572687,7478.41694438373
2023-04-10 08:00:00,14705.571136780249,8050.366202792734,7477.824764076482
2023-04-10 12:00:00,14715.206322406424,8066.185902879138,7491.225195200727
2023-04-10 16:00:00,14758.848045536746,8137.839838564612,7536.82687482719
2023-04-10 20:00:00,14864.322907600616,8335.120804347996,7680.968936215213
2023-04-11 00:00:00,15016.97716919123,8451.7523187105,7761.135837508203
2023-04-11 04:00:00,15204.88924949883,8577.37934880841,7855.612963382613
2023-04-11 08:00:00,15468.959072611911,8572.726495841822,7970.35412350137
2023-04-11 12:00:00,15374.038648844904,8547.60108982224,7924.728874426623
2023-04-11 16:00:00,15651.935924734078,8585.134103752725,8048.587599020265
2023-04-11 20:00:00,15610.105407758278,8567.453262479687,8022.197934145116
2023-04-12 00:00:00,15498.650980064735,8580.171060588364,7972.773472078551
2023-04-12 04:00:00,15274.286320015772,8503.554081738528,7863.863641398785
2023-04-12 08:00:00,15547.140404645432,8517.512640638295,7996.952894286026
2023-04-12 12:00:00,15519.008407079118,8531.16100934029,7988.791419694092
2023-04-12 16:00:00,15472.172787500538,8469.43315998354,8004.1303458767625
2023-04-12 20:00:00,15499.263889465028,8412.358163593379,7993.189809945002
2023-04-13 00:00:00,15503.19568103789,8433.140906844144,8019.98214042233
2023-04-13 04:00:00,15570.702546216082,8488.35476204767,8047.440570704354
2023-04-13 08:00:00,15603.839281232958,8485.87324046549,8074.177968231553
2023-04-13 12:00:00,15643.077591914811,8506.035603320708,8183.928359054276
2023-04-13 16:00:00,15735.819831323613,8561.249458524235,8229.988506540198
2023-04-13 20:00:00,15778.920893680588,8534.883291713562,8252.84970785568
2023-04-14 00:00:00,15706.79293764579,8534.883291713562,8221.084586550598
2023-04-14 04:00:00,16116.79093893187,8608.398368585673,8441.245647233503
2023-04-14 08:00:00,16079.423519258564,8622.977307880985,8424.274433523558
2023-04-14 12:00:00,16160.148650353007,8655.237088449338,8466.858503710639
2023-04-14 16:00:00,15751.667929302492,8549.152040811103,8264.234154037382
2023-04-14 20:00:00,15986.110423216021,8565.902311490823,8379.331678914758
2023-04-15 00:00:00,16067.88543041146,8599.71304304804,8420.491976769565
2023-04-15 04:00:00,15925.814536428903,8576.758968412865,8352.653258880771
2023-04-15 08:00:00,16010.754672166335,8592.578668499269,8395.31141330197
2023-04-15 12:00:00,15985.720892067802,8581.411821379455,8384.770529953315
2023-04-15 16:00:00,15965.372887306905,8564.041170304188,8373.359312695567
2023-04-15 20:00:00,15902.223745205389,8565.281931095278,8350.450927064496
2023-04-16 00:00:00,15871.170844132434,8560.008697733145,8330.408016627425
2023-04-16 04:00:00,15856.686657256643,8544.499187844513,8351.020871240351
2023-04-16 08:00:00,15905.538289153985,8577.689539006184,8373.844827054603
2023-04-16 12:00:00,15843.975769238426,8536.434242702426,8320.789223630927
2023-04-16 16:00:00,15860.680472756965,8566.522691886368,8372.042319096126
2023-04-16 20:00:00,15910.264275264371,8553.184513382146,8415.997073104198
2023-04-17 00:00:00,15911.849915222041,8561.249458524235,8507.794224551431
2023-04-17 04:00:00,15965.633221171023,8480.600007103354,8502.226430454506
2023-04-17 08:00:00,15789.203173320499,8419.80272833992,8392.717370136557
2023-04-17 12:00:00,15725.800209404,8365.829633927486,8344.926813617782
2023-04-17 16:00:00,15668.379713482489,8350.009933841082,8324.594041522887
2023-04-17 20:00:00,15668.379713482489,8389.714279155976,8362.391302992779
2023-04-18 00:00:00,15668.379713482489,8371.723247685166,8328.129215010751
2023-04-18 04:00:00,15668.379713482489,8375.135339860664,8324.253755267964
2023-04-18 08:00:00,15668.379713482489,8440.275281392915,8424.5537635098
2023-04-18 12:00:00,15668.379713482489,8591.958288103724,8526.180309641531
2023-04-18 16:00:00,15668.379713482489,8542.327856460104,8436.266287546987
2023-04-18 20:00:00,15668.379713482489,8551.633562393283,8384.780848499875
2023-04-19 00:00:00,15660.545523625748,8582.962772368317,8442.292666928042
2023-04-19 04:00:00,15631.288821353854,8534.883291713562,8389.35530741241
2023-04-19 08:00:00,15617.88736418415,8512.859787671707,8338.489198654166
2023-04-19 12:00:00,15497.03528846276,8326.745669008136,8043.836035277057
2023-04-19 16:00:00,15497.03528846276,8304.101784570736,8043.49045815931
2023-04-19 20:00:00,15497.03528846276,8283.939421715515,7992.452580008144
2023-04-20 00:00:00,15497.03528846276,8166.687526957466,7851.307246170169
2023-04-20 04:00:00,15497.03528846276,8178.474754472825,7896.842688816791
2023-04-20 08:00:00,15497.03528846276,8173.511711308463,7867.035545874746
2023-04-20 12:00:00,15497.03528846276,8100.617014831898,7792.8224339912995
2023-04-20 16:00:00,15497.03528846276,8062.153430308093,7767.335015436219
2023-04-20 20:00:00,15497.03528846276,7954.517431680995,7672.105503456799
2023-04-21 00:00:00,15497.03528846276,7989.258733831529,7747.146204000738
2023-04-21 04:00:00,15497.03528846276,8018.416612422155,7775.129166776018
2023-04-21 08:00:00,15497.03528846276,7971.577892558489,7735.023670824452
2023-04-21 12:00:00,15497.03528846276,7923.188221705961,7651.596794916658
2023-04-21 16:00:00,15497.03528846276,7925.979933485914,7630.425690241232
2023-04-21 20:00:00,15497.03528846276,7696.439187134178,7391.326103972419
2023-04-22 00:00:00,15497.03528846276,7690.855763574271,7402.80650934763
2023-04-22 04:00:00,15497.03528846276,7709.156985242855,7438.322572483971
2023-04-22 08:00:00,15497.03528846276,7711.328316627263,7424.914282482852
2023-04-22 12:00:00,15497.03528846276,7717.532120582716,7441.588853849801
2023-04-22 16:00:00,15497.03528846276,7807.797468134548,7534.031012230088
2023-04-22 20:00:00,15497.03528846276,7864.562274326936,7588.643182965578
2023-04-23 00:00:00,15497.03528846276,7910.7806137950565,7592.649448788244
2023-04-23 04:00:00,15497.03528846276,7800.352903388005,7524.393271122746
2023-04-23 08:00:00,15497.03528846276,7877.590262633386,7613.779867449654
2023-04-23 12:00:00,15497.03528846276,7841.608199691763,7600.4087312900965
2023-04-23 16:00:00,15497.03528846276,7780.810920928329,7503.769649144805
2023-04-23 20:00:00,15497.03528846276,7770.884834599606,7438.738546229281
2023-04-24 00:00:00,15497.03528846276,7798.181572003597,7490.685704617904
2023-04-24 04:00:00,15497.03528846276,7863.941893931391,7542.022325325419
2023-04-24 08:00:00,15497.03528846276,7748.240950162205,7422.116048534298
2023-04-24 12:00:00,15497.03528846276,7765.301411039699,7485.935989758801
2023-04-24 16:00:00,15497.03528846276,7670.073020323505,7371.251102867139
2023-04-24 20:00:00,15497.03528846276,7698.300328320814,7363.209495493117
2023-04-25 00:00:00,15497.03528846276,7722.495163747078,7389.673089368071
2023-04-25 04:00:00,15497.03528846276,7674.415683092322,7306.438081183863
2023-04-25 08:00:00,15497.03528846276,7664.4895967635985,7292.813656400464
2023-04-25 12:00:00,15497.03528846276,7714.120028407217,7346.2449600351765
2023-04-25 16:00:00,15497.03528846276,7736.143532449073,7345.504237638476
2023-04-25 20:00:00,15497.03528846276,7819.89488584768,7434.893843615551
2023-04-26 00:00:00,15489.28677081853,7997.323678973617,7609.3985844619065
2023-04-26 04:00:00,15498.503325304466,8011.592428071157,7601.105684546038
2023-04-26 08:00:00,15484.878853455688,7990.499494622619,7582.787827655463
2023-04-26 12:00:00,15558.977500690158,8129.154513026979,7741.429858961309
2023-04-26 16:00:00,15880.872826037776,8373.584388871801,7905.48491493884
2023-04-26 20:00:00,14810.14840369559,7843.469340878399,7385.072376617422
2023-04-27 00:00:00,14810.14840369559,7987.08740244712,7514.643473962791
2023-04-27 04:00:00,14810.14840369559,8117.677475709392,7631.090712503536
2023-04-27 08:00:00,14810.14840369559,8119.228426698255,7619.395660697462
2023-04-27 12:00:00,14810.14840369559,8137.839838564612,7620.384601362318
2023-04-27 16:00:00,14810.14840369559,8215.387388007766,7747.079486553723
2023-04-27 20:00:00,14810.14840369559,8346.28765146781,7822.6557427304315
2023-04-28 00:00:00,14810.14840369559,8286.420943297695,7786.108416511824
2023-04-28 04:00:00,14810.14840369559,8287.041323693242,7784.102952866934
2023-04-28 08:00:00,14810.14840369559,8315.26863169055,7843.042723128906
2023-04-28 12:00:00,14810.14840369559,8269.980862815746,7806.388041383103
2023-04-28 16:00:00,14810.14840369559,8197.086166339182,7725.6523269070985
2023-04-28 20:00:00,14802.743329493742,8265.948390244703,7859.703859203437
2023-04-29 00:00:00,14806.477784514926,8248.887929367209,7850.292516303768
2023-04-29 04:00:00,14799.008874472558,8267.189151035793,7863.683950375966
2023-04-29 08:00:00,14804.143750126685,8262.536298069204,7873.465443058388
2023-04-29 12:00:00,14805.310767320805,8259.434396091478,7863.672804749686
2023-04-29 16:00:00,14814.880308312586,8242.684125411757,7876.149125145715
2023-04-29 20:00:00,14792.940385063137,8229.96632730308,7854.820150157259
2023-04-30 00:00:00,14780.803406244291,8228.725566511988,7857.543719486166
2023-04-30 04:00:00,14770.06684805839,8217.558719392175,7832.352950034369
2023-04-30 08:00:00,14826.083673376135,8240.202603829575,7874.4195771888
2023-04-30 12:00:00,14844.289141604404,8224.693093940945,7876.474392728228
2023-04-30 16:00:00,14887.023645511075,8343.495939687857,7967.840276578956
2023-04-30 20:00:00,14719.965034361587,8267.499341233566,7860.196688592317
2023-05-01 00:00:00,14599.28628893149,8232.758039083034,7765.268370607716
2023-05-01 04:00:00,14599.28628893149,8052.537534177142,7610.445508483562
2023-05-01 08:00:00,14599.28628893149,8078.903700987815,7642.577613638035
2023-05-01 12:00:00,14599.28628893149,8047.264300815008,7613.767391253553
2023-05-01 16:00:00,14599.28628893149,7978.091886711714,7557.049006943033
2023-05-01 20:00:00,14599.28628893149,7876.969882237841,7473.902905452277
2023-05-02 00:00:00,14599.28628893149,7952.035910098814,7551.434720229737
2023-05-02 04:00:00,14599.28628893149,7936.8365904079565,7527.291736297578
2023-05-02 08:00:00,14599.28628893149,7927.84107467255,7536.145208667154
2023-05-02 12:00:00,14599.28628893149,7943.350584561181,7556.170143582797
2023-05-02 16:00:00,14599.28628893149,8056.570006748187,7636.305637875368
2023-05-02 20:00:00,14599.28628893149,8097.8253030519445,7674.844619047494
2023-05-03 00:00:00,14599.28628893149,8073.940657823453,7657.942998752416
2023-05-03 04:00:00,14599.28628893149,8023.689845784289,7581.140947456092
2023-05-03 08:00:00,14599.28628893149,8059.051528330368,7585.906419776561
2023-05-03 12:00:00,14599.28628893149,8018.416612422155,7523.281281271234
2023-05-03 16:00:00,14599.28628893149,7954.827621878768,7485.559997684283
2023-05-03 20:00:00,14599.28628893149,7952.035910098814,7509.213145615087
2023-05-04 00:00:00,14599.28628893149,8131.63603460916,7699.499144358897
2023-05-04 04:00:00,14599.28628893149,8145.594593508928,7699.321003169373
2023-05-04 08:00:00,14599.28628893149,8146.214973904473,7685.0116031253865
2023-05-04 12:00:00,14591.986645787025,8170.409809330737,7715.155441237776
2023-05-04 16:00:00,14569.63137318565,8132.876795400251,7654.580384149814
2023-05-04 20:00:00,14573.8807225231,8140.011169949021,7635.038320381922
2023-05-05 00:00:00,14563.164972019962,8122.0201384782085,7628.973563235656
2023-05-05 04:00:00,14611.201094965067,8202.66958989909,7688.635376651511
2023-05-05 08:00:00,14596.420749443496,8177.854374077279,7677.473657128786
2023-05-05 12:00:00,14610.358662382689,8213.526246821131,7739.70722285707
2023-05-05 16:00:00,14754.057988066328,8271.842004002383,7847.548736726153
2023-05-05 20:00:00,14875.740940331558,8326.125288612591,7977.458680335907
2023-05-06 00:00:00,14857.417386498804,8302.861023779644,7967.626818599606
2023-05-06 04:00:00,14751.161817647138,8265.948390244703,7909.9248288347235
2023-05-06 08:00:00,14706.154369289201,8278.045807957835,7886.50595552225
2023-05-06 12:00:00,14647.784220523423,8253.5407823338,7852.761849557592
2023-05-06 16:00:00,14191.610858913042,8064.945142088047,7622.658466283146
2023-05-06 20:00:00,14191.610858913042,8143.733452322292,7702.220876431289
2023-05-07 00:00:00,14191.610858913042,8144.353832717837,7694.097232166373
2023-05-07 04:00:00,14191.610858913042,8123.881279664844,7677.814299471137
2023-05-07 08:00:00,14191.610858913042,8159.863342606468,7726.71884342182
2023-05-07 12:00:00,14191.610858913042,8133.807365993568,7711.690515476402
2023-05-07 16:00:00,14191.610858913042,8160.483723002013,7782.12346955209
2023-05-07 20:00:00,14191.610858913042,8156.141060233196,7776.973831993185
2023-05-08 00:00:00,14191.610858913042,8022.138894795426,7586.198198950235
2023-05-08 04:00:00,14191.610858913042,7937.4569708035015,7509.003692675979
2023-05-08 08:00:00,14191.610858913042,7866.733605711344,7446.623008785922
2023-05-08 12:00:00,14191.610858913042,7866.113225315799,7470.8646977783
2023-05-08 16:00:00,14191.610858913042,7860.529801755893,7467.01586402392
2023-05-08 20:00:00,14191.610858913042,7724.666495131486,7304.019563904401
2023-05-09 00:00:00,14191.610858913042,7815.24203288109,7379.022593795896
2023-05-09 04:00:00,14191.610858913042,7808.417848530093,7374.219829084248
2023-05-09 08:00:00,14191.610858913042,7824.2375486164965,7399.539898730724
2023-05-09 12:00:00,14191.610858913042,7839.126678109582,7421.954423671169
2023-05-09 16:00:00,14191.610858913042,7768.713503215197,7362.068565066161
2023-05-09 20:00:00,14191.610858913042,7847.501813449442,7411.131630050327
2023-05-10 00:00:00,14191.610858913042,7818.964315254361,7392.115589447129
2023-05-10 04:00:00,14191.610858913042,7828.580211385312,7393.967069767736
2023-05-10 08:00:00,14191.610858913042,7793.218528839235,7366.308887120252
2023-05-10 12:00:00,14191.610858913042,7842.848960482853,7428.883502608532
2023-05-10 16:00:00,14191.610858913042,7970.337131767399,7530.143210622821
2023-05-10 20:00:00,14191.610858913042,7829.820972176403,7428.741046762961
2023-05-11 00:00:00,14191.610858913042,7801.9038543768675,7400.901370281878
2023-05-11 04:00:00,14191.610858913042,7765.301411039699,7337.9052268290525
2023-05-11 08:00:00,14191.610858913042,7800.042713190232,7368.765187636991
2023-05-11 12:00:00,14191.610858913042,7778.329399346148,7342.880134554842
2023-05-11 16:00:00,14191.610858913042,7730.870299086939,7276.987536378842
2023-05-11 20:00:00,14191.610858913042,7630.678865206383,7196.792801436437
2023-05-12 00:00:00,14191.610858913042,7675.9666340811855,7247.219320960226
2023-05-12 04:00:00,14191.610858913042,7551.270174576593,7136.349203668623
2023-05-12 08:00:00,14191.610858913042,7483.958901659935,7122.175575506798
2023-05-12 12:00:00,14191.610858913042,7510.325068470607,7166.498305807484
2023-05-12 16:00:00,14191.610858913042,7527.075339150329,7184.520301593711
2023-05-12 20:00:00,14191.610858913042,7563.677782487498,7263.227066604783
2023-05-13 00:00:00,14184.515053483585,7661.387694785872,7363.501617660698
2023-05-13 04:00:00,14244.37973978227,7670.69340071905,7392.5666685504375
2023-05-13 08:00:00,14252.230846182098,7653.322749643784,7382.4877736111075
2023-05-13 12:00:00,14221.56246180777,7672.244351707914,7381.479450181832
2023-05-13 16:00:00,14173.965129258817,7670.69340071905,7347.843955566473
2023-05-13 20:00:00,14194.81963063336,7684.031579223273,7356.828440780243
2023-05-14 00:00:00,14170.039576058904,7664.179406565826,7342.286320364011
2023-05-14 04:00:00,14186.477830083542,7682.48062823441,7362.902663850609
2023-05-14 08:00:00,14224.015932557717,7676.897204674503,7382.737060990654
2023-05-14 12:00:00,14197.02775430831,7671.623971312369,7368.088185286565
2023-05-14 16:00:00,14238.483671919663,7749.171520755523,7438.726713344045
2023-05-14 20:00:00,14109.047012402334,7680.929677245547,7350.172787233859
2023-05-15 00:00:00,14132.220591290257,7700.1614695074495,7368.412751467714
2023-05-15 04:00:00,14266.601814910711,7780.810920928329,7468.032658391787
2023-05-15 08:00:00,14307.289801960163,7819.274505452134,7487.875779924901
2023-05-15 12:00:00,14258.585033599242,7801.593664179095,7462.838304218402
2023-05-15 16:00:00,14308.779543447701,7822.996787825406,7488.574824713457
2023-05-15 20:00:00,14253.97459830639,7826.0986898031315,7463.532932113804
2023-05-16 00:00:00,14147.429483815187,7749.791901151068,7406.8535492528135
2023-05-16 04:00:00,14084.59379304173,7741.416765811207,7379.860358862162
2023-05-16 08:00:00,14121.991644495947,7769.644073808516,7414.531332599822
2023-05-16 12:00:00,14064.494429829276,7708.846795045082,7374.670009524239
2023-05-16 16:00:00,14079.212427419392,7721.56459315376,7376.966804595701
2023-05-16 20:00:00,14072.985582285113,7692.406714563133,7338.824072881492
2023-05-17 00:00:00,14090.81700244237,7714.740408802762,7366.383220568373
2023-05-17 04:00:00,14091.383079272757,7727.458206911439,7403.900216400683
2023-05-17 08:00:00,14057.135431034218,7690.545573376498,7336.804909738684
2023-05-17 12:00:00,14005.970293681083,7630.678865206383,7292.875770470869
2023-05-17 16:00:00,14005.970293681083,7671.934161510141,7323.287553880881
2023-05-17 20:00:00,13991.964323387401,7836.3349663296285,7467.147406772522
2023-05-18 00:00:00,13975.638362638916,7835.40439573631,7462.909882741976
2023-05-18 04:00:00,13976.090691452591,7827.339450594222,7456.338083489192
2023-05-18 08:00:00,14007.10689540175,7851.534286020486,7468.1271224960665
2023-05-18 12:00:00,14002.313243896264,7853.705617404895,7457.246954838075
2023-05-18 16:00:00,13932.516089858556,7789.496246465963,7394.35017539714
2023-05-18 20:00:00,13833.772736639694,7697.059567529723,7330.329766662984
2023-05-19 00:00:00,13833.772736639694,7722.184973549305,7345.589877658592
2023-05-19 04:00:00,13833.772736639694,7726.217446120349,7350.342864053341
2023-05-19 08:00:00,13833.772736639694,7723.425734340395,7365.26029479675
2023-05-19 12:00:00,13833.772736639694,7713.189457813899,7352.389197031581
2023-05-19 16:00:00,13833.772736639694,7714.740408802762,7358.097661447348
2023-05-19 20:00:00,13833.772736639694,7703.573561682948,7348.550881627999
2023-05-20 00:00:00,13833.772736639694,7719.393261769352,7346.622245119608
2023-05-20 04:00:00,13833.772736639694,7714.740408802762,7339.810951991737
2023-05-20 08:00:00,13833.772736639694,7706.675463660674,7324.953936611836
2023-05-20 12:00:00,13833.772736639694,7721.56459315376,7338.924884066252
2023-05-20 16:00:00,13833.772736639694,7740.1760050201165,7358.109490741419
2023-05-20 20:00:00,13833.772736639694,7766.231981633016,7376.050410403782
2023-05-21 00:00:00,13833.772736639694,7777.088638555058,7372.332190107377
2023-05-21 04:00:00,13833.772736639694,7795.700050421416,7370.860497839672
2023-05-21 08:00:00,13833.772736639694,7765.921791435244,7365.449797679435
2023-05-21 12:00:00,13833.772736639694,7695.50861654086,7314.4592180994105
2023-05-21 16:00:00,13833.772736639694,7718.772881373806,7298.23817370555
2023-05-21 20:00:00,13833.772736639694,7728.078587306984,7310.234754468923
2023-05-22 00:00:00,13833.772736639694,7670.073020323505,7239.064911335041
2023-05-22 04:00:00,13833.772736639694,7642.155902523969,7217.229932724148
2023-05-22 08:00:00,13833.772736639694,7707.606034253992,7274.82834116596
2023-05-22 12:00:00,13833.772736639694,7690.855763574271,7283.897118918073
2023-05-22 16:00:00,13833.772736639694,7717.532120582716,7282.96751627412
2023-05-22 20:00:00,13833.772736639694,7704.814322474039,7280.624813611862
2023-05-23 00:00:00,13833.772736639694,7706.055083265129,7267.515110083685
2023-05-23 04:00:00,13819.938963903054,7853.395427207122,7440.565922979195
2023-05-23 08:00:00,13791.645378862204,7842.53877028508,7399.2682616085485
2023-05-23 12:00:00,13818.852718945975,7866.113225315799,7433.201415726245
2023-05-23 16:00:00,13823.214749710834,7865.803035118027,7441.089809192252
2023-05-23 20:00:00,13784.459617985993,7823.927358418723,7419.094924478721
2023-05-24 00:00:00,13801.526444096175,7834.784015340765,7430.840664887604
2023-05-24 04:00:00,13628.657937687101,7709.156985242855,7287.037569109085
2023-05-24 08:00:00,13628.657937687101,7674.415683092322,7251.8434515384915
2023-05-24 12:00:00,13628.657937687101,7693.027094958679,7258.047169745468
2023-05-24 16:00:00,13628.657937687101,7588.1828081115345,7172.191977342348
2023-05-24 20:00:00,13628.657937687101,7569.571396245177,7172.986631792481
2023-05-25 00:00:00,13628.657937687101,7603.3821278023925,7202.790931941267
2023-05-25 04:00:00,13628.657937687101,7579.807672771673,7187.146630991103
2023-05-25 08:00:00,13628.657937687101,7561.816641300862,7171.170652225351
2023-05-25 12:00:00,13628.657937687101,7604.622888593483,7215.012904104422
2023-05-25 16:00:00,13628.657937687101,7580.428053167219,7193.243782091868
2023-05-25 20:00:00,13628.657937687101,7653.632939841556,7255.322557492219
2023-05-26 00:00:00,13628.657937687101,7655.804271225965,7242.72688436914
2023-05-26 04:00:00,13628.657937687101,7640.294761337334,7236.383172528566
2023-05-26 08:00:00,13628.657937687101,7653.632939841556,7252.0935860513555
2023-05-26 12:00:00,13628.657937687101,7635.641908370745,7235.215747680278
2023-05-26 16:00:00,13628.657937687101,7750.722471744386,7331.841891512703
2023-05-26 20:00:00,13628.657937687101,7737.074103042391,7330.972079276802
2023-05-27 00:00:00,13628.657937687101,7723.425734340395,7303.734438910928
2023-05-27 04:00:00,13628.657937687101,7734.282391262437,7327.580704253969
2023-05-27 08:00:00,13628.657937687101,7731.490679482484,7327.50882962644
2023-05-27 12:00:00,13628.657937687101,7726.217446120349,7318.504422441272
2023-05-27 16:00:00,13621.843608718258,7717.532120582716,7326.514210335133
2023-05-27 20:00:00,13632.766991585413,7731.800869680256,7337.343419051359
2023-05-28 00:00:00,13801.381750617697,7764.991220841926,7433.587428772437
2023-05-28 04:00:00,13867.262771114376,7861.46037234921,7503.872146165198
2023-05-28 08:00:00,13852.444836628467,7861.770562546983,7495.780855725113
2023-05-28 12:00:00,13842.008853079245,7844.710101669489,7488.694823942968
2023-05-28 16:00:00,13850.646863387632,7880.38197441334,7494.535099975364
2023-05-28 20:00:00,13974.667464932067,7949.244198318861,7557.380979186863
2023-05-29 00:00:00,14238.131034358343,8119.8488070938,7711.047464940201
2023-05-29 04:00:00,14174.158188434198,8081.385222569996,7677.727560778682
2023-05-29 08:00:00,14160.569901481209,8066.49609307691,7668.49845050157
2023-05-29 12:00:00,14193.65792613256,8081.385222569996,7687.1191627062635
2023-05-29 16:00:00,14038.012625083738,7993.911586798117,7604.908990886343
2023-05-29 20:00:00,14061.079683683438,8005.388624115704,7617.584041426394
2023-05-30 00:00:00,14112.168988134996,8040.129926266238,7643.838858847698
2023-05-30 04:00:00,14203.073375205673,8058.741338132595,7688.9860141955405
2023-05-30 08:00:00,14187.875431436416,8049.745822397189,7682.713401655037
2023-05-30 12:00:00,14338.135638735715,8097.2049226563995,7756.892159191399
2023-05-30 16:00:00,14173.78724654072,8003.527482929069,7671.055965380242
2023-05-30 20:00:00,14316.484244886233,8059.36171852814,7741.885814771992
2023-05-31 00:00:00,14237.236075391811,8002.286722137978,7699.382454269894
2023-05-31 04:00:00,14247.497213493807,8022.138894795426,7707.173034378925
2023-05-31 08:00:00,14013.444210784732,7894.960913708653,7589.7400597654205
2023-05-31 12:00:00,13996.314779043198,7870.145697886844,7566.794280780931
2023-05-31 16:00:00,13996.314779043198,7838.506297714037,7540.851342761937
2023-05-31 20:00:00,13996.314779043198,7848.122193844988,7552.139132122245
2023-06-01 00:00:00,13996.314779043198,7901.78509805965,7605.15386621257
2023-06-01 04:00:00,13996.314779043198,7780.810920928329,7523.336770934659
2023-06-01 08:00:00,13996.314779043198,7795.389860223642,7526.683294384561
2023-06-01 12:00:00,13996.314779043198,7793.528719037007,7531.32308463107
2023-06-01 16:00:00,13996.314779043198,7764.681030644154,7500.44108390481
2023-06-01 20:00:00,13996.314779043198,7747.930759964433,7497.453186350118
2023-06-02 00:00:00,13996.314779043198,7736.763912844618,7463.366966376382
2023-06-02 04:00:00,13996.314779043198,7781.431301323875,7531.308046104855
2023-06-02 08:00:00,13996.314779043198,7799.732522992459,7574.6134312080985
2023-06-02 12:00:00,13996.314779043198,7821.445836836542,7621.290876784448
2023-06-02 16:00:00,13996.314779043198,7839.126678109582,7635.3788347208965
2023-06-02 20:00:00,13989.316621653674,7895.271103906425,7691.929322684618
2023-06-03 00:00:00,13983.452571553522,7898.993386279697,7689.557928888175
2023-06-03 04:00:00,13948.502832956616,7863.631703733618,7649.099829932903
2023-06-03 08:00:00,13964.922173237042,7874.178170457887,7669.05008628628
2023-06-03 12:00:00,13968.675165301138,7868.59474689798,7668.679028537638
2023-06-03 16:00:00,13976.695289990748,7911.4009941906015,7691.120368497227
2023-06-03 20:00:00,13895.217268337141,7854.32599780044,7621.256105317574
2023-06-04 00:00:00,13918.92672520932,7847.19162325167,7640.527954197775
2023-06-04 04:00:00,13932.111118855037,7844.089721273944,7651.933073589046
2023-06-04 08:00:00,14023.716974475788,7865.803035118027,7707.212543758816
2023-06-04 12:00:00,14051.619807849635,7881.312545006657,7723.151183243434
2023-06-04 16:00:00,14122.168283390965,7878.831023424476,7754.134609536198
2023-06-04 20:00:00,14159.414720606557,7881.932925402203,7776.006276707766
2023-06-05 00:00:00,14072.003637225665,7858.978850767029,7712.7285953328255
2023-06-05 04:00:00,13951.67511958609,7782.672062114965,7623.51772487342
2023-06-05 08:00:00,13988.501354215046,7788.875866070418,7653.737425764109
2023-06-05 12:00:00,13974.662195978686,7770.574644401833,7636.236399471581
2023-06-05 16:00:00,13602.417807828122,7599.659845429122,7324.903856901628
2023-06-05 20:00:00,13602.417807828122,7432.157138631908,7257.331812425497
2023-06-06 00:00:00,13602.417807828122,7458.523305442581,7270.635149127917
2023-06-06 04:00:00,13602.417807828122,7471.861483946803,7275.735549896927
2023-06-06 08:00:00,13602.417807828122,7462.245587815852,7287.430742572646
2023-06-06 12:00:00,13602.417807828122,7466.278060386896,7276.424627364048
2023-06-06 16:00:00,13602.417807828122,7561.196260905317,7352.08400495659
2023-06-06 20:00:00,13602.417807828122,7867.974366502435,7595.935202902448
2023-06-07 00:00:00,13602.417807828122,7893.099772522017,7559.588225497681
2023-06-07 04:00:00,13602.417807828122,7805.626136750139,7500.359320744251
2023-06-07 08:00:00,13602.417807828122,7772.745975786242,7474.408503994574
2023-06-07 12:00:00,13602.417807828122,7779.880350335012,7451.29933574518
2023-06-07 16:00:00,13602.417807828122,7637.50304955738,7297.531894568535
2023-06-07 20:00:00,13602.417807828122,7685.272340014363,7299.703963693019
2023-06-08 00:00:00,13602.417807828122,7631.299245601928,7210.46480148565
2023-06-08 04:00:00,13602.417807828122,7632.540006393018,7202.0956489076225
2023-06-08 08:00:00,13602.417807828122,7657.975602610373,7234.639823284876
2023-06-08 12:00:00,13602.417807828122,7644.327233908378,7242.123745568377
2023-06-08 16:00:00,13602.417807828122,7692.716904760907,7264.235808669729
2023-06-08 20:00:00,13602.417807828122,7640.294761337334,7230.462915470958
2023-06-09 00:00:00,13602.417807828122,7626.9565828331115,7226.649272423479
2023-06-09 04:00:00,13602.417807828122,7621.99353966875,7202.3292656231615
2023-06-09 08:00:00,13602.417807828122,7629.748294613065,7182.405942984738
2023-06-09 12:00:00,13602.417807828122,7665.109977159143,7281.314485829178
2023-06-09 16:00:00,13602.417807828122,7638.4336201506985,7212.278599531216
2023-06-09 20:00:00,13602.417807828122,7620.442588679886,7056.623534391673
2023-06-10 00:00:00,13602.417807828122,7642.466092721743,7079.540859633601
2023-06-10 04:00:00,13602.417807828122,7598.419084638031,6929.694823400395
2023-06-10 08:00:00,13602.417807828122,7431.22656803859,6563.370171247999
2023-06-10 12:00:00,13602.417807828122,7501.6397429329745,6681.365253756368
2023-06-10 16:00:00,13602.417807828122,7429.365426851954,6637.543015508362
2023-06-10 20:00:00,13602.417807828122,7469.379962364622,6682.444447325306
2023-06-11 00:00:00,13602.417807828122,7487.370993835434,6723.1855455179675
2023-06-11 04:00:00,13602.417807828122,7445.185126938358,6712.2617751266025
2023-06-11 08:00:00,13602.417807828122,7469.069772166849,6718.235888213784
2023-06-11 12:00:00,13602.417807828122,7469.379962364622,6720.913143383344
2023-06-11 16:00:00,13602.417807828122,7455.421403464854,6665.577929668629
2023-06-11 20:00:00,13602.417807828122,7526.765148952556,6788.286649266002
2023-06-12 00:00:00,13602.417807828122,7493.884987988658,6710.388981854253
2023-06-12 04:00:00,13602.417807828122,7459.143685838126,6629.027546710113
2023-06-12 08:00:00,13602.417807828122,7448.597219113856,6618.197648414904
2023-06-12 12:00:00,13602.417807828122,7488.301564428752,6674.732892136978
2023-06-12 16:00:00,13602.417807828122,7451.078740696038,6625.775848091972
2023-06-12 20:00:00,13602.417807828122,7441.462844565086,6594.463147260997
2023-06-13 00:00:00,13602.417807828122,7461.004827024762,6635.540428453162
2023-06-13 04:00:00,13602.417807828122,7496.676699768613,6663.708059026826
2023-06-13 08:00:00,13602.417807828122,7490.7830860109325,6666.417268634999
2023-06-13 12:00:00,13602.417807828122,7522.112295985967,6710.249921951542
2023-06-13 16:00:00,13602.417807828122,7399.897358063556,6548.798671167483
2023-06-13 20:00:00,13602.417807828122,7448.287028916084,6597.61772442117
2023-06-14 00:00:00,13602.417807828122,7456.0417838604,6605.101898038911
2023-06-14 04:00:00,13602.417807828122,7463.796538804715,6641.550369025084
2023-06-14 08:00:00,13602.417807828122,7441.1526543673135,6601.831835286622
2023-06-14 12:00:00,13602.417807828122,7464.41691920026,6631.146720994104
2023-06-14 16:00:00,13602.417807828122,7419.129150325458,6576.7019956891945
2023-06-14 20:00:00,13602.417807828122,7412.925346370006,6568.765456718516
2023-06-15 00:00:00,13602.417807828122,7188.968023578176,6313.31010680017
2023-06-15 04:00:00,13602.417807828122,7215.024000191076,6379.203311126699
2023-06-15 08:00:00,13602.417807828122,7139.337591934557,6307.9443990825075
2023-06-15 12:00:00,13602.417807828122,7164.152807756367,6315.153944510571
2023-06-15 16:00:00,13602.417807828122,7078.230122973352,6224.024190068473
2023-06-15 20:00:00,13602.417807828122,7214.713809993304,6337.808469585749
2023-06-16 00:00:00,13602.417807828122,7249.765302341609,6346.128778848908
2023-06-16 04:00:00,13602.417807828122,7245.422639572793,6350.799062218756
2023-06-16 08:00:00,13602.417807828122,7231.464080673025,6350.345387193692
2023-06-16 12:00:00,13602.417807828122,7203.546962873489,6294.827227832462
2023-06-16 16:00:00,13602.417807828122,7338.479698904577,6423.266687684614
2023-06-16 20:00:00,13602.417807828122,7474.343005528984,6555.6254053769035
2023-06-17 00:00:00,13602.417807828122,7460.074256431443,6542.584454041468
2023-06-17 04:00:00,13602.417807828122,7437.740562191815,6548.933909132017
2023-06-17 08:00:00,13588.815390020296,7532.968952908009,6662.467531614141
2023-06-17 12:00:00,13542.17056056697,7515.288111634969,6635.217455803667
2023-06-17 16:00:00,13502.375534166564,7490.7830860109325,6605.5350622535725
2023-06-17 20:00:00,13506.971478989286,7501.019362537429,6606.486521496509
2023-06-18 00:00:00,13511.74845696399,7513.116780250561,6609.2998972535415
2023-06-18 04:00:00,13512.010473542643,7527.075339150329,6611.649878407145
2023-06-18 08:00:00,13523.87863210624,7534.830094094645,6620.939571953551
2023-06-18 12:00:00,13545.98770058939,7515.908492030515,6632.5574793942205
2023-06-18 16:00:00,13541.57073919486,7525.214197963694,6636.313636891074
2023-06-18 20:00:00,13599.813988717724,7555.923027543182,6667.680781946318
2023-06-19 00:00:00,13428.533641675975,7462.245587815852,6564.3715245393105
2023-06-19 04:00:00,13452.330303187162,7478.375478100028,6576.566069621602
2023-06-19 08:00:00,13458.787629254246,7493.264607593113,6585.366603652113
2023-06-19 12:00:00,13494.118743983152,7505.672215504018,6602.393346960361
2023-06-19 16:00:00,13492.619429042752,7504.7416449107,6596.845939915932
2023-06-19 20:00:00,13625.839769968854,7578.877102178356,6657.295950236845
2023-06-20 00:00:00,13711.10472156862,7617.030496504388,6710.965516640657
2023-06-20 04:00:00,13706.725415791618,7633.160386788564,6701.781331862571
2023-06-20 08:00:00,13664.195825812854,7603.07193760462,6677.416370207062
2023-06-20 12:00:00,13670.992529417435,7627.887153426429,6692.708320536639
2023-06-20 16:00:00,13735.343955830693,7700.471659705222,6729.568007701085
2023-06-20 20:00:00,13995.018706611765,7950.1747689121785,6924.367887799536
2023-06-21 00:00:00,14129.815598835046,8033.926122310785,6985.9230504949055
2023-06-21 04:00:00,14289.834386067309,8153.03915825547,7068.8580531408015
2023-06-21 08:00:00,14341.174584411594,8197.396356536954,7093.17088114087
2023-06-21 12:00:00,14369.1212084669,8207.942823261223,7112.938964855168
2023-06-21 16:00:00,14588.490036209696,8452.682889303818,7229.3744993581495
2023-06-21 20:00:00,14715.422905997017,8484.94266987217,7291.621022204229
2023-06-22 00:00:00,14738.660633119358,8457.025552072635,7299.788637112331
2023-06-22 04:00:00,14932.438412810132,8528.67948775811,7392.820752250658
2023-06-22 08:00:00,14839.7102618696,8481.840767894444,7350.026886130564
2023-06-22 12:00:00,14614.729501253278,8439.965091195141,7252.651496161701
2023-06-22 16:00:00,14643.435408352194,8448.650416732775,7263.019718414183
2023-06-22 20:00:00,14746.051041056075,8546.36032903115,7317.396823790335
2023-06-23 00:00:00,14564.992579341033,8468.192399192449,7234.089461755095
2023-06-23 04:00:00,14675.854627823708,8504.794842529618,7284.916733378431
2023-06-23 08:00:00,14750.610324315134,8537.985193691287,7321.2191010421475
2023-06-23 12:00:00,14716.577405903707,8591.958288103724,7317.107942753352
2023-06-23 16:00:00,14987.978003759406,8895.944681920888,7508.172848637595
2023-06-23 20:00:00,14888.14044197496,8793.892106853697,7466.526849713038
2023-06-24 00:00:00,14823.17263042607,8732.784637892491,7430.265585183127
2023-06-24 04:00:00,14835.215914761342,8747.673767385577,7464.441987526227
2023-06-24 08:00:00,14697.664752044338,8705.798090686274,7402.352144016858
2023-06-24 12:00:00,14769.10246335933,8735.886539870218,7435.747277770005
2023-06-24 16:00:00,14503.829026130566,8649.65366488943,7319.9057393062585
2023-06-24 20:00:00,14578.78973594895,8716.344557410543,7366.448768713435
2023-06-25 00:00:00,14526.51321818792,8691.839531786507,7337.5119313732
2023-06-25 04:00:00,14565.534634999889,8756.669283120984,7427.886478241768
2023-06-25 08:00:00,14560.120180035548,8747.673767385577,7475.615212353832
2023-06-25 12:00:00,14555.639251789198,8740.229202639035,7478.189592463997
2023-06-25 16:00:00,14531.367557121466,8699.904476928594,7406.212189292186
2023-06-25 20:00:00,14498.71820698115,8658.649180624836,7392.165454456498
2023-06-26 00:00:00,14498.71820698115,8662.681653195881,7391.432247942763
2023-06-26 04:00:00,14498.71820698115,8613.98179214558,7328.739503651083
2023-06-26 08:00:00,14498.71820698115,8651.204615878294,7380.224670039216
2023-06-26 12:00:00,14498.71820698115,8617.704074518851,7344.090578254706
2023-06-26 16:00:00,14498.71820698115,8649.033284493886,7358.257313368786
2023-06-26 20:00:00,14498.71820698115,8601.574184234674,7241.661544361182
2023-06-27 00:00:00,14498.71820698115,8604.676086212401,7240.549972251295
2023-06-27 04:00:00,14498.71820698115,8616.153123529988,7279.232364324617
2023-06-27 08:00:00,14498.71820698115,8618.324454914396,7308.808585292408
2023-06-27 12:00:00,14498.71820698115,8713.55284563059,7341.363227339553
2023-06-27 16:00:00,14498.71820698115,8640.037768758479,7266.649981810881
2023-06-27 20:00:00,14498.71820698115,8683.464396446645,7344.878445059594
2023-06-28 00:00:00,14498.71820698115,8692.770102379824,7336.444148907186
2023-06-28 04:00:00,14498.71820698115,8625.769019660938,7252.7960706035
2023-06-28 08:00:00,14498.71820698115,8548.221470217784,7164.841211088024
2023-06-28 12:00:00,14498.71820698115,8599.71304304804,7224.447434922099
2023-06-28 16:00:00,14498.71820698115,8653.375947262703,7269.493589854656
2023-06-28 20:00:00,14498.71820698115,8559.698507535371,7153.5426917502955
2023-06-29 00:00:00,14498.71820698115,8544.809378042286,7150.499251503776
2023-06-29 04:00:00,14498.71820698115,8594.749999883677,7192.565243151511
2023-06-29 08:00:00,14498.71820698115,8623.59768827653,7228.888558177181
2023-06-29 12:00:00,14491.468847877659,8691.219151390962,7461.635975786754
2023-06-29 16:00:00,14410.467154823185,8686.876488622145,7416.7525520165245
2023-06-29 20:00:00,14414.368510790548,8729.372545716993,7450.0611660909535
2023-06-30 00:00:00,14465.436203091336,8685.635727831053,7454.537874998893
2023-06-30 04:00:00,14762.672251131004,8762.873087076436,7608.469799045691
2023-06-30 08:00:00,14729.744142855554,8778.382596965066,7622.238916317394
2023-06-30 12:00:00,14795.496775098092,8825.531507026504,7655.383576154935
2023-06-30 16:00:00,14308.727296534053,8550.702991799966,7418.004988538091
2023-06-30 20:00:00,14537.149542703846,8648.41290409834,7649.168769335827
2023-07-01 00:00:00,14477.501223679319,8657.098229635973,7631.586150108551
2023-07-01 04:00:00,14304.764001106512,8630.421872627529,7549.773987286013
2023-07-01 08:00:00,14342.212160165192,8665.163174778061,7575.758246825719
2023-07-01 12:00:00,14318.292998532339,8677.260592491193,7572.94925037446
2023-07-01 16:00:00,14353.073785987934,8695.251623962005,7592.424415468767
2023-07-01 20:00:00,14320.863457276417,8706.418471081819,7582.984837213442
2023-07-02 00:00:00,14412.143612691918,8686.566298424372,7612.331574077275
2023-07-02 04:00:00,14398.378884458234,8673.848500315695,7596.851165060496
2023-07-02 08:00:00,14538.89137711428,8676.640212095648,7654.154558260133
2023-07-02 12:00:00,14500.360701311842,8685.325537633282,7643.6838801882795
2023-07-02 16:00:00,14564.3581596578,8664.542794382516,7660.732784430683
2023-07-02 20:00:00,14574.932419518776,8679.121733677828,7666.970489274716
2023-07-03 00:00:00,14656.639618689183,8693.080292577597,7715.643405409518
2023-07-03 04:00:00,14698.0361629539,8730.303116310311,7747.826777232305
2023-07-03 08:00:00,14742.127194924553,8738.988441847945,7779.909289931501
2023-07-03 12:00:00,14737.850837192815,8715.413986817226,7766.656589030749
2023-07-03 16:00:00,14675.900353039568,8814.36465990669,7776.453838974749
2023-07-03 20:00:00,14685.247720456813,8870.819275901307,7802.9250154764295
2023-07-04 00:00:00,14626.442819878142,8849.726342452768,7771.400505096662
2023-07-04 04:00:00,14678.479397206382,8868.027564121352,7798.427854892469
2023-07-04 08:00:00,14552.804310214247,8786.447542107155,7732.359938466398
2023-07-04 12:00:00,14640.078328702257,8837.008544344091,7778.380628724269
2023-07-04 16:00:00,14773.705113694205,8806.299714764602,7822.441954478596
2023-07-04 20:00:00,14613.967468608022,8755.428522329892,7752.229271387935
2023-07-05 00:00:00,14511.326334087735,8771.248222416296,7717.8807435644785
2023-07-05 04:00:00,14556.944616096753,8799.475530413605,7750.746197373474
2023-07-05 08:00:00,14555.482491673385,8777.762216569521,7738.203462589461
2023-07-05 12:00:00,14385.94550947305,8661.44089240479,7599.126387814546
2023-07-05 16:00:00,14385.94550947305,8667.024315964696,7585.545750354998
2023-07-05 20:00:00,14385.94550947305,8707.969422070682,7612.87457039577
2023-07-06 00:00:00,14385.94550947305,8720.68722017936,7666.646390494689
2023-07-06 04:00:00,14385.94550947305,8726.58083393704,7723.560985495852
2023-07-06 08:00:00,14385.94550947305,8806.609904962375,7780.420222195881
2023-07-06 12:00:00,14378.752536718312,8780.553928349475,7767.222597434927
2023-07-06 16:00:00,14349.331813682413,8686.876488622145,7690.644141460421
2023-07-06 20:00:00,14622.786926900006,8646.861953109477,7786.59970140671
2023-07-07 00:00:00,14305.199941073482,8530.230438746972,7558.672938059475
2023-07-07 04:00:00,14305.199941073482,8593.509239092587,7659.7301098271655
2023-07-07 08:00:00,14305.199941073482,8557.837366348736,7571.350365063021
2023-07-07 12:00:00,14305.199941073482,8585.444293950499,7659.299359241332
2023-07-07 16:00:00,14298.047341102945,8617.083694123306,7756.675087341792
2023-07-07 20:00:00,14334.018530372981,8568.383833073005,7745.703342942707
2023-07-08 00:00:00,14360.873733321157,8596.921331268086,7775.895009330862
2023-07-08 04:00:00,14406.207286921748,8580.171060588364,7782.074920897719
2023-07-08 08:00:00,14479.135177496612,8554.73546437101,7805.587446648298
2023-07-08 12:00:00,14458.19304675721,8560.318887930916,7792.322931667238
2023-07-08 16:00:00,14368.265073582123,8557.527176150963,7751.928446756378
2023-07-08 20:00:00,14390.931850382418,8532.091579933609,7735.346956944369
2023-07-09 00:00:00,14433.80162389602,8581.101631181682,7796.92417265158
2023-07-09 04:00:00,14398.815946660783,8574.587637028457,7781.567855346224
2023-07-09 08:00:00,14381.569486051862,8575.828397819547,7773.605611446555
2023-07-09 12:00:00,14386.743424234537,8576.448778215094,7781.555562042411
2023-07-09 16:00:00,14300.018365172537,8600.643613641358,7745.303330903263
2023-07-09 20:00:00,14311.844509590082,8569.934784061868,7741.275506705803
2023-07-10 00:00:00,14318.003959807555,8544.188997646741,7726.508593857984
2023-07-10 04:00:00,14307.163327424805,8546.050138833376,7721.846107061508
2023-07-10 08:00:00,14191.50733069134,8526.197966175929,7661.023014824937
2023-07-10 12:00:00,14191.50733069134,8562.180029117553,7684.281818569245
2023-07-10 16:00:00,14191.50733069134,8557.837366348736,7718.346519026712
2023-07-10 20:00:00,14177.315823360648,8700.835047521912,7847.374061841889
2023-07-11 00:00:00,14053.045298523815,8576.758968412865,7743.165508203552
2023-07-11 04:00:00,14035.911666119946,8584.51372335718,7786.862871381248
2023-07-11 08:00:00,14028.893710286888,8607.777988190128,7839.837776942325
2023-07-11 12:00:00,14023.772813824951,8585.134103752725,7813.214471906661
2023-07-11 16:00:00,14042.161487483716,8641.588719747342,7848.851313817971
2023-07-11 20:00:00,13999.09940359927,8636.005296187435,7825.790871458777
2023-07-12 00:00:00,14017.72084527903,8632.903394209708,7836.6318355429785
2023-07-12 04:00:00,13969.537864932649,8616.153123529988,7809.419934324572
2023-07-12 08:00:00,13996.306187347305,8651.514806076066,7847.304174842877
2023-07-12 12:00:00,14017.488077258033,8669.195647349105,7865.524335801144
2023-07-12 16:00:00,14046.118543840665,8522.475683802657,7796.3702632361155
2023-07-12 20:00:00,13915.53568406134,8443.687373568413,7683.551705111654
2023-07-13 00:00:00,13935.78650188808,8465.710877610269,7702.925908649198
2023-07-13 04:00:00,13864.52818016417,8441.516042184005,7655.849608213292
2023-07-13 08:00:00,13864.52818016417,8459.196883457043,7672.850672357549
2023-07-13 12:00:00,13864.52818016417,8488.975142443214,7762.831268714434
2023-07-13 16:00:00,13857.59591607409,8564.971740897507,7999.157059989912
2023-07-13 20:00:00,14223.314082861154,8733.094828090265,8338.4562686668
2023-07-14 00:00:00,14227.891261937048,8703.316569104094,8340.607496231405
2023-07-14 04:00:00,14437.491332602385,8680.982874864465,8449.431574306222
2023-07-14 08:00:00,14641.947768183558,8592.268478301496,8548.051991564855
2023-07-14 12:00:00,14539.358644990405,8622.977307880985,8496.405870038761
2023-07-14 16:00:00,14580.981560485563,8628.870921638665,8519.907327680325
2023-07-14 20:00:00,13818.56154607781,8334.500423952451,8094.595257140413
2023-07-15 00:00:00,13936.159950195677,8397.779224298065,8212.763290937717
2023-07-15 04:00:00,14043.83261745222,8398.39960469361,8257.289061402149
2023-07-15 08:00:00,14343.115161509986,8396.848653704747,8432.460341968657
2023-07-15 12:00:00,14377.423686748043,8398.089414495838,8447.977917498472
2023-07-15 16:00:00,14122.375404789658,8393.746751727022,8305.834391040666
2023-07-15 20:00:00,14189.050463271165,8393.436561529248,8336.503212562522
2023-07-16 00:00:00,14102.95548484359,8391.575420342613,8287.20828808226
2023-07-16 04:00:00,14025.923135724177,8361.486971158669,8226.766573412031
2023-07-16 08:00:00,14157.331260692585,8381.64933401389,8307.131379240254
2023-07-16 12:00:00,14225.732534280409,8423.525010713192,8367.144887693928
2023-07-16 16:00:00,14225.948311168697,8421.974059724329,8372.587466046658
2023-07-16 20:00:00,14079.220027131727,8378.547432036163,8267.130163493312
2023-07-17 00:00:00,14078.788473355147,8372.653818278483,8254.352630097746
2023-07-17 04:00:00,14198.328869467621,8393.746751727022,8337.826134851512
2023-07-17 08:00:00,14107.91835327425,8364.278682938622,8271.540608185478
2023-07-17 12:00:00,14015.083475852502,8350.320124038855,8200.6055117111
2023-07-17 16:00:00,14015.083475852502,8347.218222061128,8184.242476752553
2023-07-17 20:00:00,14015.083475852502,8260.364966684796,8040.312679220922
2023-07-18 00:00:00,14015.083475852502,8329.847570985861,8162.083781214064
2023-07-18 04:00:00,14015.083475852502,8299.448931604145,8114.971431315348
2023-07-18 08:00:00,14015.083475852502,8274.633715782336,8008.064447056447
2023-07-18 12:00:00,14015.083475852502,8250.128690158299,7921.579196929323
2023-07-18 16:00:00,14015.083475852502,8280.217139342243,8000.962562562104
2023-07-18 20:00:00,14015.083475852502,8233.378419478579,7953.81098564462
2023-07-19 00:00:00,14015.083475852502,8257.26306470707,7994.5980478203865
2023-07-19 04:00:00,14015.083475852502,8319.611294459366,8127.109293210614
2023-07-19 08:00:00,14015.083475852502,8304.101784570736,8093.471310618282
2023-07-19 12:00:00,14015.083475852502,8313.407490503914,8127.50276322765
2023-07-19 16:00:00,14015.083475852502,8308.754637537324,8122.700658738816
2023-07-19 20:00:00,14015.083475852502,8318.370533668276,8164.014852898285
2023-07-20 00:00:00,14015.083475852502,8284.55980211106,8081.834697098439
2023-07-20 04:00:00,14015.083475852502,8285.80056290215,8101.7540902984265
2023-07-20 08:00:00,14015.083475852502,8371.723247685166,8196.857171912568
2023-07-20 12:00:00,14015.083475852502,8383.200285002753,8244.434671513922
2023-07-20 16:00:00,14015.083475852502,8309.064827735097,8056.091692244429
2023-07-20 20:00:00,14015.083475852502,8294.175698242012,8020.153705348491
2023-07-21 00:00:00,14015.083475852502,8311.85653951505,8030.945802672847
2023-07-21 04:00:00,14015.083475852502,8330.77814157918,8054.8393782096255
2023-07-21 08:00:00,14015.083475852502,8299.448931604145,8003.127474211079
2023-07-21 12:00:00,14015.083475852502,8314.02787089946,8024.309777313931
2023-07-21 16:00:00,14015.083475852502,8337.91251612795,8037.39600305349
2023-07-21 20:00:00,14015.083475852502,8333.259663161361,8085.084008701847
2023-07-22 00:00:00,14015.083475852502,8336.051374941315,8056.981592037492
2023-07-22 04:00:00,14015.083475852502,8336.67175533686,8085.770099963776
2023-07-22 08:00:00,14015.083475852502,8358.385069180942,8091.720942026653
2023-07-22 12:00:00,14015.083475852502,8337.292135732405,8061.32379902778
2023-07-22 16:00:00,14015.083475852502,8348.458982852218,8073.106046998028
2023-07-22 20:00:00,14015.083475852502,8315.57882188832,8016.835056526765
2023-07-23 00:00:00,14015.083475852502,8315.26863169055,7915.1856231436095
2023-07-23 04:00:00,14015.083475852502,8316.199202283868,7901.159991753279
2023-07-23 08:00:00,14015.083475852502,8345.977461270038,7957.050155687563
2023-07-23 12:00:00,14015.083475852502,8335.741184743541,7950.251673945534
2023-07-23 16:00:00,14015.083475852502,8342.875559292312,7951.614027697576
2023-07-23 20:00:00,14015.083475852502,8387.232757573796,8012.159997856305
2023-07-24 00:00:00,14008.075934114575,8398.39960469361,7993.757393920003
2023-07-24 04:00:00,13942.146030900276,8292.314557055375,7886.041537830809
2023-07-24 08:00:00,13942.146030900276,8355.283167203217,7964.89235137001
2023-07-24 12:00:00,13942.146030900276,8178.474754472825,7766.1663886208435
2023-07-24 16:00:00,13942.146030900276,8140.321360146793,7704.7069000107895
2023-07-24 20:00:00,13942.146030900276,8171.6505701218275,7746.416881938456
2023-07-25 00:00:00,13942.146030900276,8187.780460406004,7757.00854682073
2023-07-25 04:00:00,13942.146030900276,8160.483723002013,7744.026921883605
2023-07-25 08:00:00,13942.146030900276,8171.0301897262825,7723.385296299209
2023-07-25 12:00:00,13942.146030900276,8176.923803483962,7741.897569922699
2023-07-25 16:00:00,13942.146030900276,8197.706546734727,7761.534881353544
2023-07-25 20:00:00,13942.146030900276,8201.428829108,7750.313858877486
2023-07-26 00:00:00,13942.146030900276,8209.183584052314,7772.404583461882
2023-07-26 04:00:00,13942.146030900276,8206.391872272361,7791.183316351605
2023-07-26 08:00:00,13942.146030900276,8184.3683682305045,7771.764834444323
2023-07-26 12:00:00,13942.146030900276,8176.923803483962,7798.52014032714
2023-07-26 16:00:00,13935.174957884825,8210.734535041178,7930.867067361622
2023-07-26 20:00:00,14015.718840212383,8220.040240974356,7991.266691094869
2023-07-27 00:00:00,13984.120855606958,8219.730050776583,7975.788490635798
2023-07-27 04:00:00,13922.370545822496,8223.452333149855,7944.22549097734
2023-07-27 08:00:00,13926.914046876871,8207.322442865678,7928.532788548217
2023-07-27 12:00:00,13996.718744894088,8224.0727135454,7978.591235257411
2023-07-27 16:00:00,13999.009263643147,8254.471352927116,8013.714142014458
2023-07-27 20:00:00,13969.621048294855,8244.855456796166,7994.321765693529
2023-07-28 00:00:00,13977.346237397618,8243.924886202847,7997.963063602604
2023-07-28 04:00:00,13968.38191164366,8256.642684311524,7997.573546468981
2023-07-28 08:00:00,13915.031909631041,8242.373935213984,7963.625948153215
2023-07-28 12:00:00,13890.871317303401,8231.20708809417,7946.651361945385
2023-07-28 16:00:00,13994.877521953855,8260.364966684796,8013.443554776693
2023-07-28 20:00:00,13967.203470077206,8252.300021542707,7995.628983322295
2023-07-29 00:00:00,13934.976913848983,8244.855456796166,7975.695465473172
2023-07-29 04:00:00,13979.08665319797,8261.91591767366,8009.151640594165
2023-07-29 08:00:00,13966.030148640846,8244.545266598392,8001.5326925995805
2023-07-29 12:00:00,13928.93343438389,8231.827468489715,7980.767701421241
2023-07-29 16:00:00,13968.307621811244,8248.267548971664,8002.953911060213
2023-07-29 20:00:00,14022.759569605932,8256.952874509298,8033.391408901575
2023-07-30 00:00:00,14009.64016961593,8257.26306470707,8026.337814372714
2023-07-30 04:00:00,13970.442387348765,8242.994315609529,8004.333494362393
2023-07-30 08:00:00,13940.651061790912,8244.855456796166,7987.8865193617685
2023-07-30 12:00:00,13964.865488636984,8253.230592136026,8001.447033996798
2023-07-30 16:00:00,13940.912555704881,8257.26306470707,7992.157967725872
2023-07-30 20:00:00,13866.656411696596,8214.456817414448,7885.5310294465025
2023-07-31 00:00:00,13866.656411696596,8237.721082247395,7896.378662280352
2023-07-31 04:00:00,13859.723083490746,8283.629231517742,7971.575569697782
2023-07-31 08:00:00,13849.511104107485,8265.328009849158,7934.04963193459
2023-07-31 12:00:00,13851.241948070749,8268.429911826885,7935.534614811639
2023-07-31 16:00:00,13825.483441667242,8234.619180269669,7860.916043742725
2023-07-31 20:00:00,13825.483441667242,8223.762523347626,7834.83336701554
2023-08-01 00:00:00,13825.483441667242,8243.924886202847,7848.575481086454
2023-08-01 04:00:00,13825.483441667242,8144.043642520064,7742.431579740386
2023-08-01 08:00:00,13825.483441667242,8176.303423088417,7778.943119652803
2023-08-01 12:00:00,13825.483441667242,8155.520679837651,7751.652322560954
2023-08-01 16:00:00,13825.483441667242,8184.058178032732,7762.654047912541
2023-08-01 20:00:00,13825.483441667242,8261.295537278114,7843.867796131971
2023-08-02 00:00:00,13818.57069994641,8353.732216214354,7927.190942664719
2023-08-02 04:00:00,13819.939678292718,8356.213737796534,7890.7674025512215
2023-08-02 08:00:00,13807.618873175936,8333.880043556906,7866.030660620755
2023-08-02 12:00:00,13818.912944532985,8354.352596609899,7893.895013049106
2023-08-02 16:00:00,13791.533377606807,8304.72216496628,7821.13784632345
2023-08-02 20:00:00,13770.314213239017,8266.258580442476,7804.771986305216
2023-08-03 00:00:00,13770.827580118883,8267.189151035793,7795.893986040347
2023-08-03 04:00:00,13774.763392864523,8274.323525584563,7813.307752594054
2023-08-03 08:00:00,13750.829801119442,8243.304505807302,7741.132103364037
2023-08-03 12:00:00,13750.829801119442,8263.777058860294,7758.228081679698
2023-08-03 16:00:00,13750.829801119442,8276.1846667712,7760.738459981824
2023-08-03 20:00:00,13750.829801119442,8299.759121801919,7788.598569333999
2023-08-04 00:00:00,13750.829801119442,8269.670672617975,7733.462847148146
2023-08-04 04:00:00,13750.829801119442,8258.814015695933,7741.177691405903
2023-08-04 08:00:00,13750.829801119442,8273.392954991246,7770.193423348438
2023-08-04 12:00:00,13750.829801119442,8269.360482420201,7766.27592187865
2023-08-04 16:00:00,13750.829801119442,8228.105186116443,7776.545691876081
2023-08-04 20:00:00,13750.829801119442,8177.544183879507,7699.640586841075
2023-08-05 00:00:00,13750.829801119442,8201.428829108,7695.365859758994
2023-08-05 04:00:00,13750.829801119442,8187.780460406004,7677.789521717529
2023-08-05 08:00:00,13750.829801119442,8178.164564275053,7682.0120293956925
2023-08-05 12:00:00,13750.829801119442,8186.539699614913,7692.298693980784
2023-08-05 16:00:00,13750.829801119442,8183.7479878349595,7672.629455147468
2023-08-05 20:00:00,13750.829801119442,8188.400840801549,7677.2505017274225
2023-08-06 00:00:00,13750.829801119442,8196.155595745864,7692.636022337799
2023-08-06 04:00:00,13750.829801119442,8191.502742779275,7703.9090561823205
2023-08-06 08:00:00,13750.829801119442,8201.73901930577,7723.37298990187
2023-08-06 12:00:00,13750.829801119442,8193.36388396591,7740.020023723359
2023-08-06 16:00:00,13750.829801119442,8175.372852495098,7710.76964481242
2023-08-06 20:00:00,13750.829801119442,8196.155595745864,7737.835191374129
2023-08-07 00:00:00,13750.829801119442,8192.433313372592,7729.821908695408
2023-08-07 04:00:00,13743.954386218882,8218.17909978772,7767.593642644452
2023-08-07 08:00:00,13708.23963182421,8193.674074163684,7737.63931923713
2023-08-07 12:00:00,13700.880227888338,8205.15111148127,7734.6246440508885
2023-08-07 16:00:00,13610.643870567405,8127.603562038115,7642.448167289352
2023-08-07 20:00:00,13610.643870567405,8207.632633063451,7708.7677815546795
2023-08-08 00:00:00,13610.643870567405,8218.17909978772,7735.400888326018
2023-08-08 04:00:00,13603.83854863212,8230.586707698625,7749.650618977787
2023-08-08 08:00:00,13605.035434477877,8232.758039083034,7762.633110902038
2023-08-08 12:00:00,13642.92146005646,8326.125288612591,7833.826760676039
2023-08-08 16:00:00,13738.85073433909,8359.625829972034,7886.827111600654
2023-08-08 20:00:00,13997.371050337351,8452.062508908273,8030.158103374175
2023-08-09 00:00:00,13890.990274515469,8411.42759300006,7971.167558760915
2023-08-09 04:00:00,13873.414198697774,8392.195800738158,7960.625958797137
2023-08-09 08:00:00,13951.36857092896,8411.42759300006,8003.406649412531
2023-08-09 12:00:00,14033.137760415306,8442.13642257955,8048.7937508228215
2023-08-09 16:00:00,13930.090910156494,8410.497022406742,7991.312399752995
2023-08-09 20:00:00,13822.19391925072,8303.481404175189,7929.18139818844
2023-08-10 00:00:00,13871.776308040413,8356.523927994307,7958.26268703419
2023-08-10 04:00:00,13833.211769953637,8349.389553445537,7937.191544289969
2023-08-10 08:00:00,13801.444073190629,8305.96292575737,7917.59226763043
2023-08-10 12:00:00,13799.692502672322,8299.448931604145,7916.1662352104495
2023-08-10 16:00:00,13830.023740386365,8289.833035473195,7932.33107796081
2023-08-10 20:00:00,13873.536280313234,8313.717680701686,7956.750519107948
2023-08-11 00:00:00,13887.214858499668,8313.717680701686,7964.155457449507
2023-08-11 04:00:00,13865.689269756207,8289.833035473195,7954.637022179265
2023-08-11 08:00:00,13814.660734763933,8288.592274682103,7927.334529702918
2023-08-11 12:00:00,13837.502663149,8303.171213977417,7944.588384242797
2023-08-11 16:00:00,13847.612315356895,8316.819582679413,7954.601251086836
2023-08-11 20:00:00,13828.489898938238,8316.50939248164,7947.950668745229
2023-08-12 00:00:00,13864.576044840964,8326.745669008136,7975.609375385931
2023-08-12 04:00:00,13823.51117829662,8321.782625843774,7957.157972904476
2023-08-12 08:00:00,13823.51117829662,8332.329092568043,7977.605495393698
2023-08-12 12:00:00,13823.51117829662,8340.394037710132,7982.190202318074
2023-08-12 16:00:00,13823.51117829662,8346.597841665583,7996.065321724006
2023-08-12 20:00:00,13823.51117829662,8334.810614150225,7996.336109814892
2023-08-13 00:00:00,13816.599422707472,8345.357080874493,8018.58966672364
2023-08-13 04:00:00,13814.370183685009,8334.810614150225,8014.148506930058
2023-08-13 08:00:00,13787.213999229543,8336.361565139086,7997.959050535927
2023-08-13 12:00:00,13784.579444021178,8331.398521974725,7996.4174138280205
2023-08-13 16:00:00,13758.639208123419,8327.055859205908,7975.780347277564
2023-08-13 20:00:00,13765.93886199269,8340.704227907903,8004.03341574708
2023-08-14 00:00:00,13625.47577309909,8301.620262988554,7919.011997739645
2023-08-14 04:00:00,13625.47577309909,8333.569853359133,7958.716601770901
2023-08-14 08:00:00,13625.47577309909,8325.194718019273,7955.563545909479
2023-08-14 12:00:00,13625.47577309909,8328.917000392545,7968.814988668102
2023-08-14 16:00:00,13618.66303521254,8392.195800738158,8035.782156755575
2023-08-14 20:00:00,13584.360293509713,8341.324608303448,8011.082707216287
2023-08-15 00:00:00,13577.568113362959,8356.523927994307,8057.192902086923
2023-08-15 04:00:00,13536.344494316456,8343.495939687857,8027.564728463002
2023-08-15 08:00:00,13515.536381845364,8340.083847512358,8009.089193881306
2023-08-15 12:00:00,13506.5064462447,8315.57882188832,7989.091485193404
2023-08-15 16:00:00,13482.557486608162,8313.717680701686,7975.647548706856
2023-08-15 20:00:00,13361.830879231838,8289.212655077648,7892.142465455722
2023-08-16 00:00:00,13361.830879231838,8295.106268835329,7877.535799384424
2023-08-16 04:00:00,13361.830879231838,8298.8285512086,7858.502844139973
2023-08-16 08:00:00,13361.830879231838,8277.42542756229,7818.272054949426
2023-08-16 12:00:00,13361.830879231838,8270.601243211293,7823.537929982932
2023-08-16 16:00:00,13361.830879231838,8264.707629453613,7774.366406363965
2023-08-16 20:00:00,13361.830879231838,8288.282084484332,7821.190948977138
2023-08-17 00:00:00,13361.830879231838,8187.160080010458,7713.4344879823575
2023-08-17 04:00:00,13361.830879231838,8171.6505701218275,7750.077602319566
2023-08-17 08:00:00,13361.830879231838,8149.006685684426,7738.240448435331
2023-08-17 12:00:00,13361.830879231838,8114.265383533893,7684.015265677943
2023-08-17 16:00:00,13361.830879231838,7961.961996427538,7552.1368549103145
2023-08-17 20:00:00,13361.830879231838,7949.244198318861,7566.320306132553
2023-08-18 00:00:00,13361.830879231838,7601.83117681353,7230.381034201463
2023-08-18 04:00:00,13361.830879231838,7527.385529348101,7183.780608583301
2023-08-18 08:00:00,13361.830879231838,7538.552376467916,7260.7161034593855
2023-08-18 12:00:00,13361.830879231838,7564.918543278588,7260.045905888416
2023-08-18 16:00:00,13361.830879231838,7411.994775776688,7123.30724972082
2023-08-18 20:00:00,13361.830879231838,7433.087709225226,7096.835247210775
2023-08-19 00:00:00,13361.830879231838,7440.5322739717685,7112.7713693622545
2023-08-19 04:00:00,13361.830879231838,7416.3374385455045,7109.763869385096
2023-08-19 08:00:00,13361.830879231838,7397.415836481375,7151.047780776705
2023-08-19 12:00:00,13361.830879231838,7402.068689447964,7138.736622278572
2023-08-19 16:00:00,13361.830879231838,7498.227650757475,7241.675967294449
2023-08-19 20:00:00,13361.830879231838,7478.6856682978005,7211.841458303896
2023-08-20 00:00:00,13361.830879231838,7468.139201573532,7201.892695279014
2023-08-20 04:00:00,13361.830879231838,7466.5882505846685,7186.091779837927
2023-08-20 08:00:00,13361.830879231838,7461.004827024762,7176.803261005195
2023-08-20 12:00:00,13361.830879231838,7489.5423252198425,7226.861649002056
2023-08-20 16:00:00,13361.830879231838,7464.106729002488,7190.614705334355
2023-08-20 20:00:00,13361.830879231838,7471.241103551258,7199.15528917371
2023-08-21 00:00:00,13361.830879231838,7474.032815331211,7203.8778717847645
2023-08-21 04:00:00,13361.830879231838,7441.462844565086,7140.239136521118
2023-08-21 08:00:00,13361.830879231838,7413.545726765551,7108.538415139152
2023-08-21 12:00:00,13361.830879231838,7403.309450239055,7088.894195247014
2023-08-21 16:00:00,13361.830879231838,7387.799940350424,7016.132403592749
2023-08-21 20:00:00,13361.830879231838,7434.948850411862,7113.663515300408
2023-08-22 00:00:00,13361.830879231838,7441.773034762859,7096.433123135598
2023-08-22 04:00:00,13361.830879231838,7408.272493403417,7058.469014154441
2023-08-22 08:00:00,13361.830879231838,7411.684585578915,7068.681943410512
2023-08-22 12:00:00,13361.830879231838,7424.09219348982,7056.17877631915
2023-08-22 16:00:00,13361.830879231838,7416.9578189410495,7030.592847645779
2023-08-22 20:00:00,13361.830879231838,7369.498718681839,6914.401843604612
2023-08-23 00:00:00,13361.830879231838,7447.976838718311,7004.090001836153
2023-08-23 04:00:00,13361.830879231838,7423.471813094275,6988.178931573182
2023-08-23 08:00:00,13361.830879231838,7465.347489793578,7053.2700092874475
2023-08-23 12:00:00,13361.830879231838,7443.944366147268,7034.418635945095
2023-08-23 16:00:00,13361.830879231838,7468.449391771304,7075.637742116183
2023-08-23 20:00:00,13348.469048352606,7607.414600373437,7222.330096283843
2023-08-24 00:00:00,13291.208575018361,7545.376560818913,7214.9495614303605
2023-08-24 04:00:00,13278.569219580557,7542.895039236732,7212.47497175445
2023-08-24 08:00:00,13298.471328233223,7567.089874662996,7222.458576581135
2023-08-24 12:00:00,13268.725674180112,7559.955500114226,7214.730952613728
2023-08-24 16:00:00,12988.397437159238,7444.564746542813,7071.78672916026
2023-08-24 20:00:00,12975.611892430737,7476.20414671562,7089.691626395955
2023-08-25 00:00:00,13003.387386151273,7519.010394008241,7136.513702157106
2023-08-25 04:00:00,12937.511520240872,7510.325068470607,7099.347875049371
2023-08-25 08:00:00,12937.511520240872,7476.824527111165,7065.605126068843
2023-08-25 12:00:00,12937.511520240872,7492.644227197568,7079.209054406506
2023-08-25 16:00:00,12937.511520240872,7462.245587815852,7031.758228473242
2023-08-25 20:00:00,12937.511520240872,7457.902925047035,7010.082351281363
2023-08-26 00:00:00,12937.511520240872,7485.509852648798,7047.075082639352
2023-08-26 04:00:00,12937.511520240872,7494.195178186432,7051.889022333447
2023-08-26 08:00:00,12937.511520240872,7487.991374230979,7040.474793105507
2023-08-26 12:00:00,12937.511520240872,7487.060803637662,7033.572538689645
2023-08-26 16:00:00,12937.511520240872,7487.370993835434,7045.325187559823
2023-08-26 20:00:00,12937.511520240872,7482.097760473299,7029.028981789027
2023-08-27 00:00:00,12937.511520240872,7475.583766320075,7027.2413480421465
2023-08-27 04:00:00,12937.511520240872,7474.032815331211,7027.265994633249
2023-08-27 08:00:00,12937.511520240872,7485.820042846571,7042.596204032229
2023-08-27 12:00:00,12937.511520240872,7493.574797790886,7064.167823415581
2023-08-27 16:00:00,12937.511520240872,7510.014878272835,7093.555559931171
2023-08-27 20:00:00,12937.511520240872,7510.63525866838,7101.212513340893
2023-08-28 00:00:00,12937.511520240872,7494.195178186432,7094.964576747658
2023-08-28 04:00:00,12937.511520240872,7462.245587815852,7031.8035358247
2023-08-28 08:00:00,12937.511520240872,7443.013795553949,7009.974285050234
2023-08-28 12:00:00,12937.511520240872,7462.555778013624,7011.250890859849
2023-08-28 16:00:00,12937.511520240872,7485.509852648798,7048.047175606503
2023-08-28 20:00:00,12937.511520240872,7447.976838718311,7016.978903625798
2023-08-29 00:00:00,12937.511520240872,7477.755097704483,7047.855057819819
2023-08-29 04:00:00,12937.511520240872,7455.421403464854,7027.045563973649
2023-08-29 08:00:00,12937.511520240872,7444.25455634504,6996.051535901634
2023-08-29 12:00:00,12937.511520240872,7452.0093112893555,6986.061616941804
2023-08-29 16:00:00,12918.13431876273,7842.848960482853,7330.1076455326975
2023-08-29 20:00:00,13043.62489058124,7925.669743288142,7401.194721018154
2023-08-30 00:00:00,13073.11482349665,7906.127760828467,7414.90973578835
2023-08-30 04:00:00,12955.857645377413,7817.723554463271,7348.2599001603985
2023-08-30 08:00:00,12964.308895901208,7832.922874154129,7353.41661176636
2023-08-30 12:00:00,12882.762189340647,7786.394344488237,7308.377705968981
2023-08-30 16:00:00,12654.939065724968,7721.874783351533,7187.71837820999
2023-08-30 20:00:00,12651.023639527586,7719.703451967124,7173.448871318776
2023-08-31 00:00:00,12669.821614444703,7742.037146206752,7196.764305448966
2023-08-31 04:00:00,12641.103328974934,7730.560108889165,7169.618111505778
2023-08-31 08:00:00,12658.985574709655,7763.1300796552905,7216.369434551933
2023-08-31 12:00:00,12676.186592035436,7794.459289630325,7257.1536598456305
2023-08-31 16:00:00,12624.41323295586,7700.1614695074495,7144.358460813975
2023-08-31 20:00:00,12498.355322023232,7481.787570275526,6973.4095719494135
2023-09-01 00:00:00,12498.355322023232,7424.402383687592,6927.281360578586
2023-09-01 04:00:00,12498.355322023232,7463.17615840917,6964.881057115776
2023-09-01 08:00:00,12498.355322023232,7426.883905269773,6928.9442766097045
2023-09-01 12:00:00,12498.355322023232,7456.662164255945,6953.612235720119
2023-09-01 16:00:00,12498.355322023232,7420.369911116549,6896.859337188157
2023-09-01 20:00:00,12498.355322023232,7379.11461481279,6853.444140256938
2023-09-02 00:00:00,12498.355322023232,7431.22656803859,6890.838502324196
2023-09-02 04:00:00,12498.355322023232,7426.883905269773,6920.004376221077
2023-09-02 08:00:00,12498.355322023232,7430.295997445272,6924.595619256673
2023-09-02 12:00:00,12498.355322023232,7435.879421005179,6927.901193535937
2023-09-02 16:00:00,12498.355322023232,7457.592734849262,6934.687091781389
2023-09-02 20:00:00,12498.355322023232,7439.601703378451,6909.139653657851
2023-09-03 00:00:00,12498.355322023232,7445.185126938358,6926.826099631246
2023-09-03 04:00:00,12498.355322023232,7447.356458322766,6933.803979433786
2023-09-03 08:00:00,12498.355322023232,7475.583766320075,6939.6457203726195
2023-09-03 12:00:00,12498.355322023232,7467.829011375759,6922.115689308171
2023-09-03 16:00:00,12498.355322023232,7446.115697531675,6904.289572841276
2023-09-03 20:00:00,12498.355322023232,7482.407950671072,6940.610908469645
2023-09-04 00:00:00,12498.355322023232,7476.514336913392,6942.529854755839
2023-09-04 04:00:00,12498.355322023232,7474.032815331211,6962.3374837666925
2023-09-04 08:00:00,12498.355322023232,7458.523305442581,6950.417564554054
2023-09-04 12:00:00,12498.355322023232,7434.018279818543,6908.069633277963
2023-09-04 16:00:00,12498.355322023232,7414.786487556641,6877.977005441579
2023-09-04 20:00:00,12498.355322023232,7439.9118935762235,6897.707452499647
2023-09-05 00:00:00,12498.355322023232,7421.300481709866,6904.801088233258
2023-09-05 04:00:00,12498.355322023232,7384.698038372698,6840.58584796642
2023-09-05 08:00:00,12498.355322023232,7415.7170581499595,6889.529710595536
2023-09-05 12:00:00,12492.10614436222,7444.25455634504,6939.677684313591
2023-09-05 16:00:00,12495.982910548504,7444.564746542813,7038.981596735083
2023-09-05 20:00:00,12449.259069302407,7422.85143269873,7006.842783972438
2023-09-06 00:00:00,12468.209358066295,7457.902925047035,7028.798408719868
2023-09-06 04:00:00,12419.343412684142,7442.393415158404,6998.049806803655
2023-09-06 08:00:00,12331.233274970447,7434.018279818543,6952.408477127446
2023-09-06 12:00:00,12335.339173565068,7423.161622896502,6947.886274157332
2023-09-06 16:00:00,12323.021477781207,7404.550211030145,6907.818488788093
2023-09-06 20:00:00,12335.612900138043,7422.85143269873,6929.992576620205
2023-09-07 00:00:00,12344.372150473231,7448.287028916084,6955.831890017344
2023-09-07 04:00:00,12362.164377716585,7468.759581969077,6985.005696717195
2023-09-07 08:00:00,12350.66786165165,7451.3889308938105,6951.695443919348
2023-09-07 12:00:00,12331.233274970447,7443.634175949494,6922.0876702191845
2023-09-07 16:00:00,12344.919603619182,7465.347489793578,6951.336673563327
2023-09-07 20:00:00,12361.45508972149,7500.088791944111,6995.674188735965
2023-09-08 00:00:00,12447.610055643516,7610.516502351163,7073.9322884723415
2023-09-08 04:00:00,12426.498201857026,7592.525470880351,7066.310472968378
2023-09-08 08:00:00,12429.221595596784,7599.970035626894,7061.1160695850185
2023-09-08 12:00:00,12306.333803790687,7488.611754626524,6958.07634339791
2023-09-08 16:00:00,12306.333803790687,7483.648711462162,6955.360402736588
2023-09-08 20:00:00,12306.333803790687,7509.084307679517,6980.29622730734
2023-09-09 00:00:00,12306.333803790687,7514.3575410416515,6989.187666233532
2023-09-09 04:00:00,12306.333803790687,7503.5008841196095,6977.080495994702
2023-09-09 08:00:00,12306.333803790687,7508.153737086199,6971.971207367095
2023-09-09 12:00:00,12306.333803790687,7501.6397429329745,6980.1400168426835
2023-09-09 16:00:00,12306.333803790687,7511.255639063926,6981.4937165365845
2023-09-09 20:00:00,12306.333803790687,7505.362025306245,6967.609111352743
2023-09-10 00:00:00,12306.333803790687,7512.186209657243,6971.238086601837
2023-09-10 04:00:00,12306.333803790687,7496.366509570839,6933.319882891452
2023-09-10 08:00:00,12306.333803790687,7503.190693921837,6861.296251531035
2023-09-10 12:00:00,12306.333803790687,7478.995858495573,6831.98695511036
2023-09-10 16:00:00,12306.333803790687,7476.514336913392,6809.690350937861
2023-09-10 20:00:00,12306.333803790687,7483.33852126439,6803.950763803249
2023-09-11 00:00:00,12306.333803790687,7480.856999682209,6800.302041670878
2023-09-11 04:00:00,12306.333803790687,7448.287028916084,6793.73586338109
2023-09-11 08:00:00,12306.333803790687,7465.347489793578,6775.333830327959
2023-09-11 12:00:00,12306.333803790687,7405.790971821236,6663.554016950253
2023-09-11 16:00:00,12306.333803790687,7251.316253330472,6585.878074856258
2023-09-11 20:00:00,12306.333803790687,7221.537994344301,6508.655174400869
2023-09-12 00:00:00,12306.333803790687,7259.38119847256,6563.5984592511095
2023-09-12 04:00:00,12306.333803790687,7444.564746542813,6724.070663837009
2023-09-12 08:00:00,12306.333803790687,7475.583766320075,6717.658589687554
2023-09-12 12:00:00,12300.180636888792,7549.409033389958,6819.722308882622
2023-09-12 16:00:00,12315.687015253883,7577.946531585038,6783.563813610034
2023-09-12 20:00:00,12293.775828433647,7537.621805874598,6750.391181573458
2023-09-13 00:00:00,12247.930883702073,7453.2500720804455,6709.580751002314
2023-09-13 04:00:00,12255.515525293695,7467.2086309802135,6695.65381157868
2023-09-13 08:00:00,12257.875191566643,7471.55129374903,6695.7926832997455
2023-09-13 12:00:00,12312.990253799086,7572.983488420676,6795.90698293909
2023-09-13 16:00:00,12320.911990572557,7587.5624277159895,6832.169634858178
2023-09-13 20:00:00,12306.585445343939,7561.196260905317,6807.6691762995115
2023-09-14 00:00:00,12308.68685516061,7576.395580596175,6832.80497753382
2023-09-14 04:00:00,12409.122772491919,7587.252237518216,6898.665375848159
2023-09-14 08:00:00,12396.502247110291,7611.757263142254,6901.098891746432
2023-09-14 12:00:00,12431.089792241679,7641.225331930652,6920.583826900221
2023-09-14 16:00:00,12614.929933828957,7765.301411039699,7023.14393574165
2023-09-14 20:00:00,12642.74199985716,7770.264454204061,7037.643764367782
2023-09-15 00:00:00,12560.850131556494,7733.662010866892,6993.882269063643
2023-09-15 04:00:00,12654.674235241704,7757.236465897611,7041.7450220789015
2023-09-15 08:00:00,12595.143287310311,7729.319348098075,7008.735532413252
2023-09-15 12:00:00,12540.679175963232,7689.3048125854075,6977.834018604169
2023-09-15 16:00:00,12482.65033648931,7651.1514182593755,6946.965004351871
2023-09-15 20:00:00,12483.792904743159,7685.272340014363,6951.294107443532
2023-09-16 00:00:00,12650.588349797821,7735.523152053527,7039.608717086775
2023-09-16 04:00:00,12668.727133872051,7740.796385415662,7047.891465090727
2023-09-16 08:00:00,12602.93205062408,7706.985653858447,7012.894054968069
2023-09-16 12:00:00,12619.762749085177,7714.120028407217,7021.458107093683
2023-09-16 16:00:00,12569.625959049506,7706.365273462901,6996.613066402776
2023-09-16 20:00:00,12583.401100630115,7719.703451967124,7003.994156925666
2023-09-17 00:00:00,12614.42309854672,7726.837826515894,7019.601889059849
2023-09-17 04:00:00,12560.243042654482,7708.226414649537,6990.348728388004
2023-09-17 08:00:00,12543.778642232646,7707.606034253992,6982.849536097857
2023-09-17 12:00:00,12590.887525662503,7726.217446120349,7007.00140197742
2023-09-17 16:00:00,12561.444091556994,7720.323832362669,6992.416719432133
2023-09-17 20:00:00,12527.75088677918,7708.226414649537,6980.302527947389
2023-09-18 00:00:00,12529.77345787028,7711.948697022809,6964.137114313856
2023-09-18 04:00:00,12555.055596509013,7758.477226688701,7038.163614268974
2023-09-18 08:00:00,12560.449119418612,7768.403313017425,7036.256588936517
2023-09-18 12:00:00,12624.81654142111,7909.850043201738,7162.668287980033
2023-09-18 16:00:00,12675.341972391136,7905.197190235149,7186.494062788527
2023-09-18 20:00:00,12544.791316122468,7790.116626861508,7111.449031299697
2023-09-19 00:00:00,12482.564933006137,7766.231981633016,7083.959666058424
2023-09-19 04:00:00,12540.355676789088,7787.635105279327,7117.03475021467
2023-09-19 08:00:00,12512.026880817053,7788.255485674873,7105.501505342395
2023-09-19 12:00:00,12595.200225790948,7885.655207775474,7191.405356469903
2023-09-19 16:00:00,12583.692733468428,7970.337131767399,7236.630643986325
2023-09-19 20:00:00,12501.09160560671,7898.6831960819245,7171.7490946081925
2023-09-20 00:00:00,12518.86879600377,7899.3035764774695,7178.90963936684
2023-09-20 04:00:00,12477.173851768774,7872.627219469025,7148.818990927758
2023-09-20 08:00:00,12479.383177194422,7867.35398610689,7142.749872009504
2023-09-20 12:00:00,12497.462954440927,7856.497329184848,7140.870474611032
2023-09-20 16:00:00,12527.665575965888,7869.525317491298,7154.78579721631
2023-09-20 20:00:00,12520.46149109128,7838.1961075162635,7139.489808254843
2023-09-21 00:00:00,12582.398733744882,7901.164717664105,7185.876709354673
2023-09-21 04:00:00,12558.364501684797,7877.900452831159,7177.782706639519
2023-09-21 08:00:00,12481.788741682489,7855.566758591531,7125.09623795949
2023-09-21 12:00:00,12376.33499209839,7795.07967002587,7044.116071188243
2023-09-21 16:00:00,12376.33499209839,7733.662010866892,7001.769065611611
2023-09-21 20:00:00,12376.33499209839,7739.245434426799,7015.843014003568
2023-09-22 00:00:00,12376.33499209839,7731.180489284711,6985.002846968857
2023-09-22 04:00:00,12376.33499209839,7758.477226688701,7040.878453920453
2023-09-22 08:00:00,12376.33499209839,7769.954264006288,7038.788763631888
2023-09-22 12:00:00,12376.33499209839,7771.195024797378,7054.9151158324175
2023-09-22 16:00:00,12376.33499209839,7746.689999173342,7003.24307203931
2023-09-22 20:00:00,12376.33499209839,7729.629538295848,6993.379427361349
2023-09-23 00:00:00,12376.33499209839,7745.139048184478,7007.4892501279965
2023-09-23 04:00:00,12376.33499209839,7731.800869680256,6989.768704732925
2023-09-23 08:00:00,12376.33499209839,7749.171520755523,7020.572931498274
2023-09-23 12:00:00,12376.33499209839,7748.240950162205,7020.3531845064645
2023-09-23 16:00:00,12376.33499209839,7750.722471744386,6992.012135042957
2023-09-23 20:00:00,12376.33499209839,7754.134563919884,7016.380085223683
2023-09-24 00:00:00,12376.33499209839,7751.6530423377035,7018.532906741991
2023-09-24 04:00:00,12376.33499209839,7747.62056976666,7021.50115266424
2023-09-24 08:00:00,12376.33499209839,7747.000189371114,7027.051452983048
2023-09-24 12:00:00,12376.33499209839,7755.065134513203,7034.503015530528
2023-09-24 16:00:00,12376.33499209839,7753.203993326567,7018.598874853805
2023-09-24 20:00:00,12376.33499209839,7712.8792676161265,6989.490098943715
2023-09-25 00:00:00,12376.33499209839,7643.086473117288,6945.162969483446
2023-09-25 04:00:00,12376.33499209839,7621.062969075432,6940.486531854811
2023-09-25 08:00:00,12376.33499209839,7630.678865206383,6956.6047151318935
2023-09-25 12:00:00,12376.33499209839,7607.414600373437,6941.3110720066115
2023-09-25 16:00:00,12376.33499209839,7682.48062823441,7012.724191673183
2023-09-25 20:00:00,12376.33499209839,7712.8792676161265,7024.684687706383
2023-09-26 00:00:00,12376.33499209839,7695.50861654086,6997.650805390524
2023-09-26 04:00:00,12370.14682460234,7718.772881373806,7016.602767939564
2023-09-26 08:00:00,12366.027421396342,7697.059567529723,6996.045117664603
2023-09-26 12:00:00,12363.830406353143,7687.443671398772,6994.623499817753
2023-09-26 16:00:00,12353.94383865875,7660.146933994782,6962.226254571536
2023-09-26 20:00:00,12370.14682460234,7697.369757727495,6995.358079578261
2023-09-27 00:00:00,12381.406526698733,7691.165953772043,6975.499158134092
2023-09-27 04:00:00,12388.821452469529,7712.569077418354,6988.931913727002
2023-09-27 08:00:00,12374.815481569138,7691.476143969816,6963.682573350545
2023-09-27 12:00:00,12476.502473643484,7867.664176304663,7135.874677186742
2023-09-27 16:00:00,12358.129411667293,7754.444754117657,7020.904308991909
2023-09-27 20:00:00,12344.755287064188,7742.657526602297,7018.962411230338
2023-09-28 00:00:00,12370.635970639083,7784.843393499374,7049.301801930796
2023-09-28 04:00:00,12390.512404031513,7787.635105279327,7073.349561644977
2023-09-28 08:00:00,12431.395405052657,7803.144615167958,7094.162873416109
2023-09-28 12:00:00,12416.723457752354,7782.672062114965,7075.192771031017
2023-09-28 16:00:00,12549.310613827078,7919.776129530462,7196.679311309473
2023-09-28 20:00:00,12615.835571937232,7957.929523856494,7234.2527577995
2023-09-29 00:00:00,12645.432364267812,7927.84107467255,7246.935870389566
2023-09-29 04:00:00,12668.788908046688,7904.266619641831,7256.958805717067
2023-09-29 08:00:00,12765.157791409085,7940.558872781227,7313.256401274045
2023-09-29 12:00:00,12662.881332938661,7894.65072351088,7255.422075899319
2023-09-29 16:00:00,12723.594355779947,7875.1087410512055,7286.384046250457
2023-09-29 20:00:00,12706.10694879881,7898.373005884152,7277.862137862967
2023-09-30 00:00:00,12717.511873486408,7889.687680346518,7283.568282207548
2023-09-30 04:00:00,12720.1064607979,7900.5443372685595,7286.035303199352
2023-09-30 08:00:00,12752.608415329203,7899.3035764774695,7303.163126760172
2023-09-30 12:00:00,12756.532767150096,7905.817570630695,7306.214307187754
2023-09-30 16:00:00,13014.36284248251,7916.984417750508,7440.1343167890855
2023-09-30 20:00:00,13000.213645545988,7925.979933485914,7432.748317056012
2023-10-01 00:00:00,12973.93035466519,7914.192705970555,7417.351561479712
2023-10-01 04:00:00,12957.547595940481,7940.248682583455,7411.248592153997
2023-10-01 08:00:00,13021.90480338626,7955.448002274313,7445.686581091647
2023-10-01 12:00:00,13385.033359883859,7976.230745525078,7634.872651557592
2023-10-01 16:00:00,13375.923391841872,7958.860094449812,7628.247978589264
2023-10-01 20:00:00,13282.892213353898,7952.346100296587,7579.073415963966
2023-10-02 00:00:00,13822.750494939284,8212.595676227813,7881.622591550259
2023-10-02 04:00:00,13859.026297492619,8247.95735877389,7901.380370438356
2023-10-02 08:00:00,13949.213068552926,8307.20368654846,7951.629692005866
2023-10-02 12:00:00,13860.392259249857,8299.448931604145,7905.720328963532
2023-10-02 16:00:00,13840.869043681114,8280.837519737788,7890.061463848345
2023-10-02 20:00:00,13749.999371471407,8269.360482420201,7843.72661509574
2023-10-03 00:00:00,13598.891836734043,8145.9047837067,7743.380773388993
2023-10-03 04:00:00,13684.105951381403,8179.715515263915,7795.355781689672
2023-10-03 08:00:00,13696.962809987552,8149.937256277744,7791.097374920698
2023-10-03 12:00:00,13721.016110440343,8162.965244584194,7795.711881798265
2023-10-03 16:00:00,13707.59472628979,8110.5431011606215,7778.938425842714
2023-10-03 20:00:00,13594.712275048865,8083.556553954404,7723.435230032725
2023-10-04 00:00:00,13609.235052599463,8123.571089467072,7754.968903050304
2023-10-04 04:00:00,13515.057040604679,8127.603562038115,7684.612628059133
2023-10-04 08:00:00,13510.65619892268,8122.6405188737535,7681.016666857686
2023-10-04 12:00:00,13587.230844189467,8146.835354300018,7726.784542003814
2023-10-04 16:00:00,13390.073136835905,8081.075032372223,7580.018950535566
2023-10-04 20:00:00,13440.964250004457,8147.4557346955635,7648.538762407606
2023-10-05 00:00:00,13440.964250004457,8200.49825851468,7696.2003581344425
2023-10-05 04:00:00,13440.964250004457,8153.969728848788,7672.022877714412
2023-10-05 08:00:00,13440.964250004457,8152.108587662153,7647.178322158199
2023-10-05 12:00:00,13440.964250004457,8172.2709505173725,7674.173168806055
2023-10-05 16:00:00,13440.964250004457,8123.881279664844,7586.659311479422
2023-10-05 20:00:00,13440.964250004457,8084.797314745494,7557.128637574736
2023-10-06 00:00:00,13440.964250004457,8065.875712681365,7534.612348713928
2023-10-06 04:00:00,13440.964250004457,8115.506144324983,7624.369295676711
2023-10-06 08:00:00,13440.964250004457,8125.122040455934,7649.85689882227
2023-10-06 12:00:00,13440.964250004457,8156.761440628742,7638.752448583502
2023-10-06 16:00:00,13440.964250004457,8183.1276074394145,7686.778205420066
2023-10-06 20:00:00,13440.964250004457,8189.331411394866,7689.725731869627
2023-10-07 00:00:00,13440.964250004457,8190.572172185957,7685.466257260406
2023-10-07 04:00:00,13440.964250004457,8184.3683682305045,7709.47469702501
2023-10-07 08:00:00,13440.964250004457,8182.197036846096,7687.958698899626
2023-10-07 12:00:00,13440.964250004457,8198.326927130272,7687.555538660393
2023-10-07 16:00:00,13440.964250004457,8190.261981988185,7670.643941541522
2023-10-07 20:00:00,13440.964250004457,8173.821901506236,7628.749457401233
2023-10-08 00:00:00,13440.964250004457,8194.604644757,7654.821500672976
2023-10-08 04:00:00,13434.243767879454,8227.174615523127,7697.3518067124105
2023-10-08 08:00:00,13412.62173638477,8187.47027020823,7652.172989438741
2023-10-08 12:00:00,13395.391680037443,8155.830870035424,7615.800753580941
2023-10-08 16:00:00,13409.074371842673,8180.956276055006,7673.3226873825215
2023-10-08 20:00:00,13411.946047900561,8186.22950941714,7662.007985432213
2023-10-09 00:00:00,13420.89892031633,8202.66958989909,7661.279559930491
2023-10-09 04:00:00,13426.811194553156,8213.526246821131,7672.596552595819
2023-10-09 08:00:00,13421.74353092159,8204.220540887953,7633.125414908102
2023-10-09 12:00:00,13354.827059732204,8093.482640283128,7457.033705086474
2023-10-09 16:00:00,13354.827059732204,8081.695412767768,7451.57026744029
2023-10-09 20:00:00,13354.827059732204,8107.751389380668,7441.563775561969
2023-10-10 00:00:00,13354.827059732204,8091.621499096492,7409.95403891297
2023-10-10 04:00:00,13354.827059732204,8114.265383533893,7440.528832055479
2023-10-10 08:00:00,13354.827059732204,8117.677475709392,7472.301463332332
2023-10-10 12:00:00,13354.827059732204,8065.565522483592,7413.956433160439
2023-10-10 16:00:00,13354.827059732204,8013.453569257793,7341.614829171282
2023-10-10 20:00:00,13354.827059732204,8017.175851631064,7350.080413628296
2023-10-11 00:00:00,13354.827059732204,8015.624900642201,7363.041155826993
2023-10-11 04:00:00,13354.827059732204,7909.850043201738,7299.495781959598
2023-10-11 08:00:00,13354.827059732204,7910.470423597284,7304.556952118676
2023-10-11 12:00:00,13354.827059732204,7959.480474845357,7354.710680709301
2023-10-11 16:00:00,13354.827059732204,7829.510781978631,7274.319079915534
2023-10-11 20:00:00,13354.827059732204,7823.306978023178,7262.655788877287
2023-10-12 00:00:00,13354.827059732204,7844.399911471716,7279.394491099534
2023-10-12 04:00:00,13354.827059732204,7838.1961075162635,7234.45432774997
2023-10-12 08:00:00,13354.827059732204,7834.473825142993,7234.274902653317
2023-10-12 12:00:00,13354.827059732204,7836.3349663296285,7207.601612536443
2023-10-12 16:00:00,13354.827059732204,7840.677629098444,7197.490014867183
2023-10-12 20:00:00,13354.827059732204,7861.46037234921,7191.685597795932
2023-10-13 00:00:00,13354.827059732204,7878.520833226704,7214.190883171247
2023-10-13 04:00:00,13354.827059732204,7874.178170457887,7193.485898467842
2023-10-13 08:00:00,13354.827059732204,7899.9239568730145,7240.920220968452
2023-10-13 12:00:00,13354.827059732204,7907.058331421785,7262.646390968091
2023-10-13 16:00:00,13354.827059732204,7889.067299950973,7245.655069847175
2023-10-13 20:00:00,13354.827059732204,7902.095288257423,7275.508408252758
2023-10-14 00:00:00,13354.827059732204,7930.012406056959,7319.716220253332
2023-10-14 04:00:00,13348.149646202339,7954.827621878768,7358.2854360322235
2023-10-14 08:00:00,13350.057478639443,7930.942976650276,7342.806838506959
2023-10-14 12:00:00,13323.55980590188,7935.285639419093,7327.931821840629
2023-10-14 16:00:00,13343.274074418627,7956.378572867631,7360.94667290382
2023-10-14 20:00:00,13340.73029783582,7934.665259023548,7350.616109481402
2023-10-15 00:00:00,13331.403117032198,7931.873547243595,7343.454561506032
2023-10-15 04:00:00,13325.891601102785,7938.6977315945915,7343.26839944504
2023-10-15 08:00:00,13321.863954846674,7940.869062979,7342.163445603681
2023-10-15 12:00:00,13309.569034696446,7930.632786452504,7333.942369834222
2023-10-15 16:00:00,13277.98380879327,7939.938492385682,7317.380447177319
2023-10-15 20:00:00,13296.683004462788,7984.916071062712,7359.215371118845
2023-10-16 00:00:00,13314.381453585615,8010.661857477839,7369.649327682689
2023-10-16 04:00:00,13369.852022337764,8029.893649739742,7399.877620328016
2023-10-16 08:00:00,13639.201789507146,8201.73901930577,7549.584917278799
2023-10-16 12:00:00,13686.985787516218,8165.446766166375,7573.654781534826
2023-10-16 16:00:00,13721.098772555277,8255.712113718206,7595.255374863004
2023-10-16 20:00:00,13931.035011315447,8354.352596609899,7710.651107530008
2023-10-17 00:00:00,14007.11583741302,8381.028953618345,7752.051503090407
2023-10-17 04:00:00,13953.173808513207,8314.02787089946,7720.914602252819
2023-10-17 08:00:00,13998.850238682073,8364.899063334167,7747.127775013313
2023-10-17 12:00:00,13950.853185076763,8336.361565139086,7720.594170803488
2023-10-17 16:00:00,13865.686274484675,8336.981945534631,7678.923353591087
2023-10-17 20:00:00,13936.552683103588,8368.000965311894,7704.074704251306
2023-10-18 00:00:00,13874.136007841103,8328.917000392545,7673.00769632392
2023-10-18 04:00:00,13913.234731094532,8368.000965311894,7697.662325966466
2023-10-18 08:00:00,13880.332403483071,8353.42202601658,7684.335976756315
2023-10-18 12:00:00,13859.788564908393,8331.708712172498,7686.014466080367
2023-10-18 16:00:00,13836.639241939343,8322.092816041546,7667.480356982845
2023-10-18 20:00:00,13839.660441900172,8323.333576832638,7659.180494533396
2023-10-19 00:00:00,13788.94901423669,8336.981945534631,7630.9490583647685
2023-10-19 04:00:00,13795.354472007979,8318.370533668276,7612.172475098157
2023-10-19 08:00:00,13885.150792502587,8342.255178896767,7665.941197478408
2023-10-19 12:00:00,13970.230061981163,8364.899063334167,7709.250646978541
2023-10-19 16:00:00,14090.840279262806,8416.390636164422,7785.518689506058
2023-10-19 20:00:00,14169.490955172854,8431.279765657508,7835.543607676746
2023-10-20 00:00:00,14117.591424649176,8421.043489131012,7805.468889467126
2023-10-20 04:00:00,14355.930021652244,8576.448778215094,7969.969103889843
2023-10-20 08:00:00,14492.011960560043,8584.823913554954,8038.323457959818
2023-10-20 12:00:00,14684.25917541362,8740.229202639035,8189.096370219718
2023-10-20 16:00:00,14603.522177868314,8651.204615878294,8142.558164274246
2023-10-20 20:00:00,14614.761062441108,8659.269561020381,8148.881073213678
2023-10-21 00:00:00,14647.455278863908,8690.598770995415,8167.362012491702
2023-10-21 04:00:00,14575.795371883452,8672.607739524605,8128.381641367111
2023-10-21 08:00:00,14880.098348487267,8702.696188708547,8291.794387672682
2023-10-21 12:00:00,15189.618173191317,8737.127300661308,8457.942817931686
2023-10-21 16:00:00,15165.849601611588,8774.350124394023,8447.206252747917
2023-10-21 20:00:00,15309.967229395912,8825.841697224278,8526.048067963926
2023-10-22 00:00:00,15204.289675718355,8752.016430154394,8466.853404772959
2023-10-22 04:00:00,15289.630292941965,8764.113847867526,8512.765202991122
2023-10-22 08:00:00,15098.942506215255,8736.19673006799,8410.173407530227
2023-10-22 12:00:00,15011.640909346268,8761.632326285346,8364.58156006696
2023-10-22 16:00:00,15012.013777104043,8735.886539870218,8363.743817374314
2023-10-22 20:00:00,15088.744355712552,8736.19673006799,8404.889597104957
2023-10-23 00:00:00,15262.258710612881,8782.104879338338,8499.72488865579
2023-10-23 04:00:00,15819.703408191523,9006.992772723486,8805.910377743738
2023-10-23 08:00:00,15567.402381779386,8930.065603675876,8668.066545556925
2023-10-23 12:00:00,15535.436263840114,8972.871850968497,8652.669633697431
2023-10-23 16:00:00,15373.001878295687,9008.543723712348,8567.346834584892
2023-10-23 20:00:00,15704.061635469076,9133.550373414713,8749.053232826056
2023-10-24 00:00:00,16506.016620447794,9615.58594075336,9195.60901492486
2023-10-24 04:00:00,16638.334497296775,9874.284565695723,9276.778442347339
2023-10-24 08:00:00,16649.16786563178,9891.345026573217,9283.299890080027
2023-10-24 12:00:00,17006.268139528787,10082.42218840115,9481.699559856126
2023-10-24 16:00:00,16542.729833034988,9857.844485213775,9224.905847416336
2023-10-24 20:00:00,16495.564549609677,9896.618259935352,9201.211541230561
2023-10-25 00:00:00,16461.149384619122,9937.253175843565,9184.548278755628
2023-10-25 04:00:00,16655.72882200019,9949.040403358924,9288.716337930502
2023-10-25 08:00:00,16594.659495540156,9924.225187537115,9254.867892000006
2023-10-25 12:00:00,16956.297790944176,10030.31023517535,9451.896939187256
2023-10-25 16:00:00,17358.004098550115,10214.563212652285,9673.220807176956
2023-10-25 20:00:00,17187.595582758626,10196.882371379244,9581.448443190468
2023-10-26 00:00:00,17080.599976432128,10134.844331824721,9522.095874419116
2023-10-26 04:00:00,17313.718678205594,10239.378428474094,9650.966645388824
2023-10-26 08:00:00,17357.002666320266,10185.095143863886,9672.849834549961
2023-10-26 12:00:00,16999.048321581155,10036.824229328575,9475.78144628818
2023-10-26 16:00:00,16787.265572159904,10024.106431219898,9361.600360172648
2023-10-26 20:00:00,16838.82753290586,10001.772736980269,9388.4705351456
2023-10-27 00:00:00,17120.09019233249,10029.06947438426,9539.528880747359
2023-10-27 04:00:00,17002.04435361295,10018.212817462218,9475.926304139983
2023-10-27 08:00:00,16946.698495568322,9980.989993729503,9448.71019152159
2023-10-27 12:00:00,17022.211713032964,10024.726811615443,9503.858144707756
2023-10-27 16:00:00,16918.12885451981,9957.105348501012,9416.095205717007
2023-10-27 20:00:00,16871.280969119798,9891.034836375444,9363.277987349411
2023-10-28 00:00:00,16818.70259102287,9951.211734743332,9367.058575170697
2023-10-28 04:00:00,16818.70259102287,10006.73578014463,9471.897299317658
2023-10-28 08:00:00,16818.70259102287,10007.666350737949,9458.616709646321
2023-10-28 12:00:00,16818.70259102287,10043.958603877345,9465.431260167436
2023-10-28 16:00:00,16818.70259102287,10052.95411961275,9457.2086607792
2023-10-28 20:00:00,16818.70259102287,10019.453578253308,9377.998328592665
2023-10-29 00:00:00,16818.70259102287,10016.04148607781,9377.831942771118
2023-10-29 04:00:00,16818.70259102287,9984.712276102775,9358.020310395732
2023-10-29 08:00:00,16818.70259102287,10015.421105682264,9464.949961848433
2023-10-29 12:00:00,16818.70259102287,10063.190396139247,9482.791375358116
2023-10-29 16:00:00,16818.70259102287,10117.163490551682,9544.12843337626
2023-10-29 20:00:00,16801.883888431847,10154.386314284397,9601.48563402233
2023-10-30 00:00:00,16779.08563340008,10148.80289072449,9587.207416680663
2023-10-30 04:00:00,16715.80716049576,10072.496102072426,9529.80551715369
2023-10-30 08:00:00,16674.631904920112,10056.676401986022,9513.739669656312
2023-10-30 12:00:00,17104.613744369923,10142.288896571265,9823.350846064059
2023-10-30 16:00:00,17084.871355137522,10123.98767490268,9811.74197812513
2023-10-30 20:00:00,16978.913494041564,10071.255341281336,9753.913614387282
2023-10-31 00:00:00,17009.051741386244,10087.385231565511,9769.24522998037
2023-10-31 04:00:00,17077.663636467965,10026.587952802078,9828.45047275428
2023-10-31 08:00:00,17059.91955304126,9984.09189570723,9791.732429569445
2023-10-31 12:00:00,17200.79682145931,10050.47259803057,9919.967003747646
2023-10-31 16:00:00,17159.214726964416,10071.565531479107,9897.806890192667
2023-10-31 20:00:00,17180.364240543713,10131.742429846996,9953.782618750043
2023-11-01 00:00:00,17531.449934675835,10164.31240061312,10202.956094403333
2023-11-01 04:00:00,17472.443310703442,10109.408735607367,10167.022933289125
2023-11-01 08:00:00,17513.44258046334,10123.367294507134,10194.54648602058
2023-11-01 12:00:00,17646.005877690903,10129.260908264814,10279.00595705639
2023-11-01 16:00:00,17860.876691545483,10104.445692443005,10421.726653380254
2023-11-01 20:00:00,18045.34871377091,10145.080608351218,10596.93607454262
2023-11-02 00:00:00,18085.40334959515,10388.26972340495,10616.31841133668
2023-11-02 04:00:00,18364.953929182604,10427.3536883243,10789.299716543323
2023-11-02 08:00:00,18328.651453939052,10332.125297608107,10775.98315258394
2023-11-02 12:00:00,18529.634960028176,10330.26415642147,10903.688090316562
2023-11-02 16:00:00,17560.087379544453,10130.501669055904,10316.310800346
2023-11-02 20:00:00,17805.81605002936,10235.966336298594,10517.288896873102
2023-11-03 00:00:00,17605.971070021576,10212.702071465648,10367.394251125483
2023-11-03 04:00:00,17379.940482938295,10128.330337671496,10200.447719992364
2023-11-03 08:00:00,17379.940482938295,10066.602488314746,10179.014103222715
2023-11-03 12:00:00,17379.940482938295,9986.883607487183,10139.438929904332
2023-11-03 16:00:00,17379.940482938295,10055.125450997159,10215.420076703358
2023-11-03 20:00:00,17379.940482938295,10002.393117375814,10140.181336865524
2023-11-04 00:00:00,17379.940482938295,10044.268794075117,10202.135258320515
2023-11-04 04:00:00,17379.940482938295,10052.333739217205,10382.952003440336
2023-11-04 08:00:00,17379.940482938295,10066.912678512519,10452.809450867244
2023-11-04 12:00:00,17379.940482938295,10059.157923568204,10443.021633700224
2023-11-04 16:00:00,17379.940482938295,10048.301266646162,10397.682469759151
2023-11-04 20:00:00,17379.940482938295,10052.023549019434,10425.901378823513
2023-11-05 00:00:00,17379.940482938295,10149.113080922261,10587.963645241041
2023-11-05 04:00:00,17371.250512696824,10205.567696916878,10658.183469544569
2023-11-05 08:00:00,17365.658511254438,10183.544192875022,10549.496675148304
2023-11-05 12:00:00,17376.513572877895,10159.659547646532,10562.77904927501
2023-11-05 16:00:00,17334.738032690653,10096.69093749869,10420.465568284693
2023-11-05 20:00:00,17375.85569035526,10129.571098462588,10454.564392879958
2023-11-06 00:00:00,17383.092398104232,10137.636043604674,10506.559411220536
2023-11-06 04:00:00,17374.210984048677,10118.404251342772,10487.303247146749
2023-11-06 08:00:00,17343.290505484892,10103.204931651915,10338.132606416526
2023-11-06 12:00:00,17388.026517023987,10176.409818326252,10418.566781161731
2023-11-06 16:00:00,17405.46040387378,10140.42775538463,10410.771080637947
2023-11-06 20:00:00,17418.28911306514,10152.835363295533,10457.75648208936
2023-11-07 00:00:00,17417.631230542505,10148.80289072449,10630.274001537571
2023-11-07 04:00:00,17391.315929637156,10117.163490551682,10470.949757949587
2023-11-07 08:00:00,17400.855226215346,10143.839847560128,10570.892412580746
2023-11-07 12:00:00,17352.829802063083,10081.801808005604,10481.31208550874
2023-11-07 16:00:00,17318.619910886126,10085.834280576648,10475.478698932922
2023-11-07 20:00:00,17388.448450948803,10290.249620908802,10863.747400819771
2023-11-08 00:00:00,17222.812103574244,10276.601252206807,10741.643573024605
2023-11-08 04:00:00,17256.23715418669,10238.447857880776,10775.546680494917
2023-11-08 08:00:00,17264.155416531798,10236.276526496367,10785.953736291143
2023-11-08 12:00:00,17285.224105513968,10266.054785482538,10793.124477531634
2023-11-08 16:00:00,17171.438598739107,10208.359408696831,10706.433736851173
2023-11-08 20:00:00,17325.911009811458,10336.467960376922,10803.024708559362
2023-11-09 00:00:00,17270.892878177136,10315.064836730613,10774.73831240446
2023-11-09 04:00:00,17638.33704352405,10570.351369497475,11008.269265474457
2023-11-09 08:00:00,17606.52195487477,10597.648106901466,10986.439484795581
2023-11-09 12:00:00,18110.66371357114,10690.394976035479,11375.846750148252
2023-11-09 16:00:00,18380.46192834652,10740.955978272415,11471.022186679791
2023-11-09 20:00:00,18041.714205159566,10590.82392255047,11224.518664459523
2023-11-10 00:00:00,18527.436937170067,10682.950411288935,11499.66906922661
2023-11-10 04:00:00,18796.471177830335,10680.468889706755,11718.285924520776
2023-11-10 08:00:00,18718.287769652477,10605.402861845781,11681.6172355505
2023-11-10 12:00:00,19210.030567556107,10784.692796158355,12062.690593953426
2023-11-10 16:00:00,19224.941712161995,10782.521464773947,12078.809521930656
2023-11-10 20:00:00,19655.484655919274,10829.360184637611,12422.933830896942
2023-11-11 00:00:00,19953.431910869906,10841.147412152972,12672.36172848694
2023-11-11 04:00:00,19714.43178381059,10771.974998049678,12517.597608584612
2023-11-11 08:00:00,19537.185308661927,10765.771194094224,12366.184483319888
2023-11-11 12:00:00,19690.083776680975,10757.706248952138,12487.169835183922
2023-11-11 16:00:00,20485.57749774852,10780.350133389538,13110.85126330848
2023-11-11 20:00:00,20469.88940463853,10799.58192565144,13088.836878405862
2023-11-12 00:00:00,19847.676234772553,10807.336680595756,12611.40382765505
2023-11-12 04:00:00,19943.743536318605,10753.36358618332,12697.378017097362
2023-11-12 08:00:00,20496.682741244636,10799.271735453667,13128.109782484586
2023-11-12 12:00:00,20281.917074244382,10774.456519631858,12969.29962569401
2023-11-12 16:00:00,20163.794035151575,10805.165349211347,12862.023751065626
2023-11-12 20:00:00,19787.894098929217,10793.68831189376,12569.829679713257
2023-11-13 00:00:00,19767.233653037067,10769.183286269723,12569.947925941324
2023-11-13 04:00:00,19850.553253317485,10732.270652734782,12634.585137057496
2023-11-13 08:00:00,20003.0090374875,10738.474456690235,12762.877557513806
2023-11-13 12:00:00,19816.40858078081,10695.047829002067,12624.63773333677
2023-11-13 16:00:00,19617.354019792496,10689.774595639934,12558.39203225313
2023-11-13 20:00:00,19446.631064071746,10689.774595639934,12436.77346157157
2023-11-14 00:00:00,19293.977805916376,10578.106124441792,12006.343092280953
2023-11-14 04:00:00,19293.977805916376,10575.62460285961,12272.68620997285
2023-11-14 08:00:00,19293.977805916376,10639.52378360077,12413.166485437065
2023-11-14 12:00:00,19293.977805916376,10496.526102427593,12048.19274235962
2023-11-14 16:00:00,19293.977805916376,10518.239416271676,12079.790353610591
2023-11-14 20:00:00,19293.977805916376,10059.778303963749,11949.199032113116
2023-11-15 00:00:00,19293.977805916376,10146.631559340081,12156.052696541541
2023-11-15 04:00:00,19293.977805916376,10093.589035520963,12069.605339044938
2023-11-15 08:00:00,19293.977805916376,10162.451259426485,12421.654752433999
2023-11-15 12:00:00,19284.33081701342,10355.079372243279,12935.673515000275
2023-11-15 16:00:00,19222.645549402565,10403.158852898036,12903.046103053664
2023-11-15 20:00:00,19525.4238647492,10726.687229174875,13367.547261815176
2023-11-16 00:00:00,19552.742359939464,10833.082467010883,13452.205304391791
2023-11-16 04:00:00,19517.110357001275,10730.099321350373,13440.951185910562
2023-11-16 08:00:00,19496.59302893249,10720.483425219423,13416.885833798526
2023-11-16 12:00:00,19279.72773459323,10652.55177190722,13237.784303101937
2023-11-16 16:00:00,18850.52952472183,10393.542956767084,12768.833804427846
2023-11-16 20:00:00,18930.930789148188,10274.119730624627,12771.632192117308
2023-11-17 00:00:00,18464.25294583082,10347.014427101192,12325.32366674296
2023-11-17 04:00:00,18464.25294583082,10438.210345246342,12510.074489642437
2023-11-17 08:00:00,18464.25294583082,10373.070403714091,12394.91869712669
2023-11-17 12:00:00,18464.25294583082,10392.302195975994,12373.358500468858
2023-11-17 16:00:00,18464.25294583082,10276.291062009035,11924.097270544265
2023-11-17 20:00:00,18464.25294583082,10348.565378090056,12229.42152054581
2023-11-18 00:00:00,18464.25294583082,10422.080454962164,12387.0792570181
2023-11-18 04:00:00,18464.25294583082,10351.046899672236,12145.811976313005
2023-11-18 08:00:00,18464.25294583082,10363.764697780913,12104.989710336813
2023-11-18 12:00:00,18464.25294583082,10363.144317385368,12162.352739981332
2023-11-18 16:00:00,18464.25294583082,10445.654909992883,12329.105323253585
2023-11-18 20:00:00,18464.25294583082,10444.414149201793,12459.61129422945
2023-11-19 00:00:00,18464.25294583082,10421.770264764393,12384.10806142916
2023-11-19 04:00:00,18464.25294583082,10391.061435184904,12334.251224195748
2023-11-19 08:00:00,18464.25294583082,10422.390645159938,12579.150582508653
2023-11-19 12:00:00,18464.25294583082,10379.274207669543,12494.0249996235
2023-11-19 16:00:00,18464.25294583082,10420.21931377553,12543.590302257195
2023-11-19 20:00:00,18464.25294583082,10532.197975171444,12740.235965444659
2023-11-20 00:00:00,18445.78869288499,10632.389409051999,12787.897669316066
2023-11-20 04:00:00,18359.22212597158,10551.429767433347,12609.92151687845
2023-11-20 08:00:00,18445.15812353829,10592.685063737104,12659.38611879198
2023-11-20 12:00:00,18441.5481639114,10561.666043959844,12668.032546362134
2023-11-20 16:00:00,18530.246188562338,10637.662642414134,12596.915630816296
2023-11-20 20:00:00,18517.612629258638,10663.098238631488,12434.965554810475
2023-11-21 00:00:00,18454.799979985994,10620.291991338867,12296.460269721618
2023-11-21 04:00:00,18433.294903216523,10616.569708965597,12224.081945495596
2023-11-21 08:00:00,18353.753278862394,10560.425283168752,12124.613406991808
2023-11-21 12:00:00,18354.577958643316,10548.017675257848,12225.299825346028
2023-11-21 16:00:00,18266.385949896492,10493.424200449866,12078.982323207205
2023-11-21 20:00:00,18266.385949896492,10514.206943700632,12050.735782617696
2023-11-22 00:00:00,18266.385949896492,10167.724492788619,11521.941943119986
2023-11-22 04:00:00,18266.385949896492,10344.843095716784,11935.673733350628
2023-11-22 08:00:00,18266.385949896492,10363.144317385368,12006.295314019306
2023-11-22 12:00:00,18266.385949896492,10376.792686087363,12023.484009993306
2023-11-22 16:00:00,18257.252756921545,10422.700835357711,12141.528391595071
2023-11-22 20:00:00,18379.21730175019,10623.393893316594,12502.704351319779
2023-11-23 00:00:00,18327.442715246336,10659.065766060445,12523.018257461143
2023-11-23 04:00:00,18280.03819828037,10614.398377581188,12492.800832071713
2023-11-23 08:00:00,18300.045753312355,10627.73655608541,12522.554498738853
2023-11-23 12:00:00,18292.123159835275,10628.667126678729,12530.947522580525
2023-11-23 16:00:00,18173.362889942586,10518.549606469449,12327.697759116589
2023-11-23 20:00:00,18288.072498880054,10609.125144219053,12369.535770225542
2023-11-24 00:00:00,18289.744663790807,10619.981801141095,12389.793778009698
2023-11-24 04:00:00,18312.08474388756,10631.148648260909,12483.550310422903
2023-11-24 08:00:00,18381.61580928667,10682.640221091164,12522.746724670109
2023-11-24 12:00:00,18452.62464679558,10740.025407679097,12619.874448249273
2023-11-24 16:00:00,18559.678934674932,10840.837221955198,12680.11634361049
2023-11-24 20:00:00,18288.697769328835,10713.659240868425,12487.323845322087
2023-11-25 00:00:00,18236.98597908237,10700.631252561976,12448.101430041934
2023-11-25 04:00:00,18473.46898543157,10728.238180163738,12666.338508905792
2023-11-25 08:00:00,18458.3345459423,10731.650272339237,12647.51793641333
2023-11-25 12:00:00,18299.833921138088,10690.705166233252,12525.45987997936
2023-11-25 16:00:00,18423.625744766046,10710.247148692926,12631.96396715565
2023-11-25 20:00:00,18494.293008177414,10735.68274491028,12692.21000695083
2023-11-26 00:00:00,18460.496021573603,10724.82608798824,12661.521929591581
2023-11-26 04:00:00,18380.195927962704,10716.450952648378,12602.493145762728
2023-11-26 08:00:00,18387.034302921144,10729.168750757057,12627.613361032625
2023-11-26 12:00:00,18311.750864608628,10699.700681968658,12549.181830584024
2023-11-26 16:00:00,18180.281361141468,10633.63016984309,12426.01842683367
2023-11-26 20:00:00,18180.281361141468,10619.36142074555,12429.593901091743
2023-11-27 00:00:00,18180.281361141468,10624.944844305457,12462.36163911462
2023-11-27 04:00:00,18180.281361141468,10583.379357803926,12331.156545832939
2023-11-27 08:00:00,18180.281361141468,10578.106124441792,12255.07714511217
2023-11-27 12:00:00,18180.281361141468,10496.526102427593,12086.919675314988
2023-11-27 16:00:00,18180.281361141468,10445.034529597338,11953.015692242832
2023-11-27 20:00:00,18180.281361141468,10449.687382563929,11945.98937315169
2023-11-28 00:00:00,18180.281361141468,10549.878816444483,12113.68920680918
2023-11-28 04:00:00,18180.281361141468,10521.961698644947,12097.271902714485
2023-11-28 08:00:00,18180.281361141468,10526.304361413764,12113.643759636958
2023-11-28 12:00:00,18180.281361141468,10562.59661455316,12246.70429203385
2023-11-28 16:00:00,18180.281361141468,10607.884383427963,12241.75183523519
2023-11-28 20:00:00,18171.191220460896,10775.076900027403,12520.625528117074
2023-11-29 00:00:00,18113.795047621028,10673.024324960212,12475.006030523517
2023-11-29 04:00:00,18137.52112514754,10715.210191857288,12525.55061886723
2023-11-29 08:00:00,18161.059409505622,10773.215758840768,12653.49993604036
2023-11-29 12:00:00,18292.40530222703,10764.530433303134,12778.750030980344
2023-11-29 16:00:00,18197.153671203174,10700.631252561976,12668.818095216073
2023-11-29 20:00:00,18204.716887263123,10708.696197704063,12683.245248122217
2023-11-30 00:00:00,18138.76325895753,10710.247148692926,12603.368731231603
2023-11-30 04:00:00,18272.509188789616,10762.048911720953,12740.651075816484
2023-11-30 08:00:00,18218.134889804896,10712.418480077335,12699.521564868948
2023-11-30 12:00:00,18342.350650617664,10767.011954885316,12835.566158312911
2023-11-30 16:00:00,18185.368481091726,10702.802583946384,12676.515833481815
2023-11-30 20:00:00,18267.30429110842,10761.118341127636,12772.396517404097
2023-12-01 00:00:00,18209.74206565594,10747.159782227867,12703.263682416262
2023-12-01 04:00:00,18515.43660271001,10824.707331671023,12935.07230897907
2023-12-01 08:00:00,18577.21488267843,10896.361267356497,12978.756357902657
2023-12-01 12:00:00,18646.27999050657,10991.58965807269,13023.954527113649
2023-12-01 16:00:00,18589.52338566773,10999.654603214778,12967.92166889329
2023-12-01 20:00:00,18649.744996437083,11062.933403560392,13008.339522199527
2023-12-02 00:00:00,18542.06012093295,11030.363432794267,12913.815000183116
2023-12-02 04:00:00,18689.48924763649,11060.451881978212,13050.091751347365
2023-12-02 08:00:00,18805.399706642893,11043.081230902944,13160.54688035433
2023-12-02 12:00:00,18840.381326021416,11056.419409407168,13191.497633273335
2023-12-02 16:00:00,18830.983146323146,11066.035305538118,13170.838643180345
2023-12-02 20:00:00,19194.41136803822,11235.70934371974,13414.931152603782
2023-12-03 00:00:00,19280.5377395325,11252.769804597234,13492.026865949101
2023-12-03 04:00:00,19294.893040241965,11225.783257391016,13517.077161272653
2023-12-03 08:00:00,19323.205752184396,11263.626461519276,13531.293928357896
2023-12-03 12:00:00,19255.96156003573,11263.626461519276,13471.557326986538
2023-12-03 16:00:00,19242.90799028016,11331.247924633706,13439.349454104813
2023-12-03 20:00:00,19252.451611670003,11290.613008725493,13445.647906954811
2023-12-04 00:00:00,19385.04578641107,11390.804442606048,13518.979076564283
2023-12-04 04:00:00,19694.57265262304,11614.451575200106,13752.802684875387
2023-12-04 08:00:00,19901.188403660897,11842.751560760751,13843.615939649091
2023-12-04 12:00:00,19718.86470328111,11881.215145284556,13668.85081355843
2023-12-04 16:00:00,19507.026709551825,11844.92289214516,13495.898133591301
2023-12-04 20:00:00,19663.215438431478,12028.245299028777,13634.327292545448
2023-12-05 00:00:00,19674.324112020236,12021.110924480006,13695.478638569723
2023-12-05 04:00:00,19617.254001609457,11970.54992224307,13553.823593871213
2023-12-05 08:00:00,19519.553382243168,11921.539870994997,13427.06897698409
2023-12-05 12:00:00,19552.276476147526,11967.137830067571,13492.365177541666
2023-12-05 16:00:00,19721.576792462452,12130.297874095968,13675.478940782377
2023-12-05 20:00:00,20122.247562582786,12595.583170754893,13947.828982907959
2023-12-06 00:00:00,20222.36105109478,12666.616726044824,13957.4836198741
2023-12-06 04:00:00,20123.826822498362,12563.013199988769,14242.70175680254
2023-12-06 08:00:00,19988.483856160405,12562.392819593224,14125.122249924407
2023-12-06 12:00:00,19983.376885289566,12622.56971796111,14120.41635386556
2023-12-06 16:00:00,19918.194359471527,12602.097164908118,14060.289442499332
2023-12-06 20:00:00,20174.26336068445,12667.237106440369,14293.203704029005
2023-12-07 00:00:00,19801.202169091575,12614.19458262125,13969.638672016456
2023-12-07 04:00:00,19884.96428438379,12668.167677033685,14125.953085004854
2023-12-07 08:00:00,19893.34970316894,12635.597706267561,14163.092648122805
2023-12-07 12:00:00,19699.9319273009,12437.075979693087,14150.857827163742
2023-12-07 16:00:00,19753.476704457767,12566.115101966496,14476.289789676237
2023-12-07 20:00:00,19603.445064936073,12417.22380703564,14336.735246551925
2023-12-08 00:00:00,19986.006312496917,12452.585489581717,14706.943282774122
2023-12-08 04:00:00,20192.761126420664,12474.2988034258,14900.931289823111
2023-12-08 08:00:00,20312.43600543701,12427.770273759908,15073.351721809566
2023-12-08 12:00:00,20562.647906638093,12559.60110781327,15291.109987811582
2023-12-08 16:00:00,20477.428492881503,12615.43534341234,15203.997852654098
2023-12-08 20:00:00,20571.58075335402,12679.024333955727,15274.499771398245
2023-12-09 00:00:00,20880.947111169808,12741.06237351025,15584.879918229824
2023-12-09 04:00:00,20811.265124498757,12738.270661730297,15510.011303258834
2023-12-09 08:00:00,21155.04212077921,12750.988459838974,15842.93797038887
2023-12-09 12:00:00,21027.09282355858,12639.940369036378,15773.82228721165
2023-12-09 16:00:00,20949.278112846376,12715.936967490668,15658.253473808876
2023-12-09 20:00:00,20759.067949231758,12678.403953560182,15471.723802810204
2023-12-10 00:00:00,20494.4550232865,12612.643631632387,15230.85976218163
2023-12-10 04:00:00,20604.348714833985,12644.593222002968,15326.734377593602
2023-12-10 08:00:00,20583.980675995677,12681.195665340136,15289.785649626345
2023-12-10 12:00:00,20403.101002953365,12607.680588468025,15135.332558823895
2023-12-10 16:00:00,20705.022754896716,12667.237106440369,15424.56522218059
2023-12-10 20:00:00,20666.800211214613,12637.148657256424,15385.750098702374
2023-12-11 00:00:00,20786.401582453625,12627.2225709277,15527.880241620027
2023-12-11 04:00:00,19848.389124244943,12197.919337210398,14811.645471266627
2023-12-11 08:00:00,19848.389124244943,12157.90480169773,14534.09661524772
2023-12-11 12:00:00,19848.389124244943,12209.396374527985,14677.100146294568
2023-12-11 16:00:00,19848.389124244943,12062.366220783764,14556.707585728145
2023-12-11 20:00:00,19848.389124244943,11733.564611144791,14368.998182812069
2023-12-12 00:00:00,19848.389124244943,11884.00685706451,14624.201981449729
2023-12-12 04:00:00,19848.389124244943,12022.972065666643,14754.574851639954
2023-12-12 08:00:00,19848.389124244943,12081.287822847895,14821.017611841173
2023-12-12 12:00:00,19848.389124244943,11946.355086816806,14602.499194836964
2023-12-12 16:00:00,19848.389124244943,11893.622753195461,14335.318138239349
2023-12-12 20:00:00,19848.389124244943,11824.140148894396,14205.959753768613
2023-12-13 00:00:00,19848.389124244943,11919.058349412815,14364.249729286683
2023-12-13 04:00:00,19848.389124244943,11728.60156798043,13919.43032084942
2023-12-13 08:00:00,19848.389124244943,11819.487295927805,13909.221981054816
2023-12-13 12:00:00,19848.389124244943,11790.639607534953,13949.545461916437
2023-12-13 16:00:00,19848.389124244943,12049.95861287286,14332.317128355025
2023-12-13 20:00:00,19848.389124244943,12190.784962661628,14640.308611932618
2023-12-14 00:00:00,19848.389124244943,12233.59120995425,14707.42770051862
2023-12-14 04:00:00,19848.389124244943,12159.455752686594,14582.0042149736
2023-12-14 08:00:00,19848.389124244943,12241.656155096338,14823.67213394474
2023-12-14 12:00:00,19818.66113254612,12286.323543575594,15026.711653928349
2023-12-14 16:00:00,19319.27473687598,11987.300192922792,14631.156564263176
2023-12-14 20:00:00,19514.097020279492,12169.69202921309,14882.248315228822
2023-12-15 00:00:00,19789.858546547955,12144.256432995735,15152.473443139392
2023-12-15 04:00:00,19581.41655475479,12071.982116914716,14952.471319385852
2023-12-15 08:00:00,19751.090551080488,12056.782797223857,15158.790057777009
2023-12-15 12:00:00,20006.988870141984,12103.31132688975,15457.588589933544
2023-12-15 16:00:00,19663.493205790583,11910.993404270728,15064.276709671689
2023-12-15 20:00:00,19757.857963178583,11987.610383120564,15219.154219393044
2023-12-16 00:00:00,19368.321030235624,11947.595847607896,14729.25177930338
2023-12-16 04:00:00,19524.64641396267,12057.403177619402,14993.284725588474
2023-12-16 08:00:00,19533.18932123921,12032.898151995367,14978.187215436788
2023-12-16 12:00:00,19603.594660518287,12062.056030585993,15087.173398669594
2023-12-16 16:00:00,19775.631138087247,12140.223960424692,15313.053772424013
2023-12-16 20:00:00,19506.18587869842,12066.39869335481,14949.77838045876
2023-12-17 00:00:00,19486.645205732537,12039.722336346364,14909.731631791117
2023-12-17 04:00:00,19455.37556295048,12020.800734282235,14876.558650849445
2023-12-17 08:00:00,19455.37556295048,11934.257669103674,14689.904385470869
2023-12-17 12:00:00,19455.37556295048,11949.767178992304,14781.337784696949
2023-12-17 16:00:00,19455.37556295048,11912.234165061818,14730.129832268587
2023-12-17 20:00:00,19455.37556295048,11986.679812527245,14859.314347982141
2023-12-18 00:00:00,19455.37556295048,11781.95428199732,14459.09104348428
2023-12-18 04:00:00,19455.37556295048,11678.040565743491,14277.2809853539
2023-12-18 08:00:00,19455.37556295048,11678.660946139038,14147.516073857452
2023-12-18 12:00:00,19455.37556295048,11676.799804952401,14128.364381116786
2023-12-18 16:00:00,19455.37556295048,11732.634040551473,14367.433020781278
2023-12-18 20:00:00,19455.37556295048,11852.367456891703,14578.358247521035
2023-12-19 00:00:00,19455.37556295048,12114.167983811793,14953.130069942225
2023-12-19 04:00:00,19445.647875169005,12218.081700065619,15085.16057016305
2023-12-19 08:00:00,19444.824659907426,12216.530749076755,15141.918268711739
2023-12-19 12:00:00,19431.159286565253,12190.784962661628,15006.752053493321
2023-12-19 16:00:00,19330.068452443615,12000.32818122924,14720.19649723173
2023-12-19 20:00:00,19316.238436049123,11974.272204616342,14760.097845027158
2023-12-20 00:00:00,19303.89020712547,11951.007939783396,14631.33286732961
2023-12-20 04:00:00,19327.43416360657,11995.365138064879,14852.624218428526
2023-12-20 08:00:00,19392.15189684149,12135.571107458103,15070.529847166272
2023-12-20 12:00:00,19509.95703727893,12153.562138928914,15204.423085047245
2023-12-20 16:00:00,19940.527022486796,12433.353697319815,15682.45356411887
2023-12-20 20:00:00,19945.732432491994,12380.62136369847,15650.229920659782
2023-12-21 00:00:00,20055.95912270005,12368.523945985338,15787.097431994553
2023-12-21 04:00:00,20147.626088836696,12360.45900084325,15896.456742761828
2023-12-21 08:00:00,20456.884475859726,12403.265248135871,16279.10394426735
2023-12-21 12:00:00,20473.887395668455,12420.015518815593,16340.333472092225
2023-12-21 16:00:00,20480.27364432572,12390.23725982942,16324.56362170653
2023-12-21 20:00:00,20898.52844305307,12308.657237815223,16844.919404096065
2023-12-22 00:00:00,21016.585858717568,12380.000983302925,16985.68992561282
2023-12-22 04:00:00,21369.222750188557,12417.22380703564,17414.83569376509
2023-12-22 08:00:00,20964.04445753273,12294.388488717683,17006.2964819282
2023-12-22 12:00:00,21079.719753005826,12340.917018383576,17051.442696585083
2023-12-22 16:00:00,21315.750740617408,12325.407508494944,17328.049102235484
2023-12-22 20:00:00,21330.262478732147,12311.448949595177,17372.05032626404
2023-12-23 00:00:00,21502.16643861313,12402.9550579381,17520.015433248787
2023-12-23 04:00:00,20945.11247263226,12277.328027840189,16987.989345512688
2023-12-23 08:00:00,21131.453160446672,12304.314575046406,17178.249504346575
2023-12-23 12:00:00,21198.897982066213,12308.34704761745,17249.805897413604
2023-12-23 16:00:00,21303.055794105312,12362.940522425431,17359.4611666563
2023-12-23 20:00:00,21827.561311725734,12339.986447790257,17994.900956273697
2023-12-24 00:00:00,22281.460241987188,12346.500441943483,18520.889699779516
2023-12-24 04:00:00,23017.418613373404,12383.413075478424,19408.23532107568
2023-12-24 08:00:00,22810.219310918674,12324.166747703854,19184.534060914375
2023-12-24 12:00:00,22448.04878155031,12328.819600670444,18754.490552897096
2023-12-24 16:00:00,22745.298024636024,12339.676257592484,19107.570308508803
2023-12-24 20:00:00,22859.573569033862,12323.236177110535,19249.944531371628
2023-12-25 00:00:00,22557.19119198875,12158.214991895504,18889.25540413156
2023-12-25 04:00:00,22524.55592481295,12200.40085879258,18880.242391049345
2023-12-25 08:00:00,22583.29940572939,12219.632651054482,18962.825557765304
2023-12-25 12:00:00,22493.7855300472,12203.812950968078,18851.713408163
2023-12-25 16:00:00,23424.356862659963,12291.906967135501,20005.749314631346
2023-12-25 20:00:00,23271.437325036222,12252.51281201838,19789.318500396304
2023-12-26 00:00:00,23243.46423888554,12283.842021993414,19762.89446830281
2023-12-26 04:00:00,23089.612265056774,12233.59120995425,19553.567320697457
2023-12-26 08:00:00,22600.0832574198,12056.782797223857,18868.182072883224
2023-12-26 12:00:00,22711.975602022536,12027.004538237687,18992.134815504764
2023-12-26 16:00:00,22340.86599242346,11924.951963170495,18485.300162305586
2023-12-26 20:00:00,21987.57579816409,11831.584713640937,18013.600480006862
2023-12-27 00:00:00,21987.57579816409,11951.318129981168,18703.192172631367
2023-12-27 04:00:00,21987.57579816409,11879.043813900147,18231.929946206626
2023-12-27 08:00:00,21987.57579816409,11936.429000488082,18567.692240216584
2023-12-27 12:00:00,21987.57579816409,12068.570024739218,18816.296822022956
2023-12-27 16:00:00,21976.582010265007,12016.76826171119,18311.866413846652
2023-12-27 20:00:00,21995.327634494955,12076.324779683533,18469.614935247668
2023-12-28 00:00:00,22091.83288516026,12142.3952918091,18306.754695976884
2023-12-28 04:00:00,22182.436735605024,12126.265401524925,18098.3431064259
2023-12-28 08:00:00,22091.138602781375,12026.384157842142,18152.28947301612
2023-12-28 12:00:00,22156.054005207316,12027.004538237687,18075.59749333549
2023-12-28 16:00:00,22021.710364892668,11857.330500056065,17452.737138862685
2023-12-28 20:00:00,22062.673025247004,11956.28117314553,17684.301585367175
2023-12-29 00:00:00,22007.477576125482,11942.942994641307,17728.104237655145
2023-12-29 04:00:00,22032.81888295486,11973.962014418568,18063.67974823982
2023-12-29 08:00:00,21966.514915771146,11859.1916412427,18007.09411306777
2023-12-29 12:00:00,22088.708614455267,12020.800734282235,18380.279819757983
2023-12-29 16:00:00,21978.66485740167,11897.655225766504,18187.09370572059
2023-12-29 20:00:00,21948.116432730636,11871.909439351377,18132.20888028153
2023-12-30 00:00:00,21894.65668955633,11863.534304011517,18143.8010413924
2023-12-30 04:00:00,21869.227729576618,11814.21406256567,17839.195208392586
2023-12-30 08:00:00,21869.227729576618,11819.797486125579,17818.27703625357
2023-12-30 12:00:00,21869.227729576618,11821.038246916669,17692.104793297978
2023-12-30 16:00:00,21869.227729576618,11941.702233850217,17992.358346183984
2023-12-30 20:00:00,21869.227729576618,11932.70671811481,17867.78769233894
2023-12-31 00:00:00,21869.227729576618,11876.87248251574,17693.692956640945
2023-12-31 04:00:00,21869.227729576618,11889.90047082219,17570.97624891965
2023-12-31 08:00:00,21869.227729576618,11985.749241933929,17950.105505016512
2023-12-31 12:00:00,21869.227729576618,11991.022475296062,17991.754025065165
2023-12-31 16:00:00,21869.227729576618,11957.832124134393,17785.744194013525
2023-12-31 20:00:00,21869.227729576618,11988.851143911654,17903.39102788558
2024-01-01 00:00:00,21869.227729576618,11921.850061192768,17675.56722915965
2024-01-01 04:00:00,21869.227729576618,11942.012424047989,17795.600818494455
2024-01-01 08:00:00,21869.227729576618,11974.582394814113,17782.908365858435
2024-01-01 12:00:00,21858.29311571183,12022.972065666643,18018.479112603854
2024-01-01 16:00:00,21896.472108050184,12085.940675814483,18209.061772473116
2024-01-01 20:00:00,21990.792569491852,12259.64718656715,18595.335564333232
2024-01-02 00:00:00,22134.509625836392,12426.529512968817,18750.297643492384
2024-01-02 04:00:00,22586.655200425164,12778.595387440739,19106.348306443193
2024-01-02 08:00:00,22812.762338558525,12808.063456229136,19434.025620555047
2024-01-02 12:00:00,22867.401649658634,12841.563997588579,19447.154205250517
2024-01-02 16:00:00,22497.308789185096,12823.88315631554,18984.745481400612
2024-01-02 20:00:00,22395.777844435645,12801.23927187814,18807.98492171205
2024-01-03 00:00:00,22272.185403130574,12781.697289418464,18687.935619263546
2024-01-03 04:00:00,22324.029691790027,12824.813726908858,18831.940736775327
2024-01-03 08:00:00,22259.995081580833,12756.571883398881,18767.337769741425
2024-01-03 12:00:00,21913.98408119251,12422.807230595547,18196.52234855527
2024-01-03 16:00:00,21970.97045891922,12516.79486052065,18006.182951281076
2024-01-03 20:00:00,21846.348303600425,12329.75017126376,17415.595453390015
2024-01-04 00:00:00,21846.348303600425,12272.675174873599,17513.87713631979
2024-01-04 04:00:00,21846.348303600425,12289.735635751093,17808.020905598263
2024-01-04 08:00:00,21846.348303600425,12190.784962661628,17532.973996001205
2024-01-04 12:00:00,21846.348303600425,12268.952892500329,17493.061021885063
2024-01-04 16:00:00,21846.348303600425,12494.771356478794,18157.46029114307
2024-01-04 20:00:00,21846.348303600425,12487.947172127795,18322.95141293399
2024-01-05 00:00:00,21846.348303600425,12555.568635242225,18304.787650681392
2024-01-05 04:00:00,21846.348303600425,12381.86212448956,17811.953026154457
2024-01-05 08:00:00,21846.348303600425,12490.738883907748,17891.54488375953
2024-01-05 12:00:00,21846.348303600425,12566.115101966496,17759.697311251857
2024-01-05 16:00:00,21846.348303600425,12311.759139792948,17403.118146461955
2024-01-05 20:00:00,21846.348303600425,12408.538481498006,17497.979840552187
2024-01-06 00:00:00,21846.348303600425,12548.744450891229,17799.1695509983
2024-01-06 04:00:00,21846.348303600425,12498.183448654292,17625.817903386996
2024-01-06 08:00:00,21846.348303600425,12420.94608940891,17144.82012481796
2024-01-06 12:00:00,21846.348303600425,12437.696360088632,17160.110501047646
2024-01-06 16:00:00,21846.348303600425,12492.289834896612,17267.98080319972
2024-01-06 20:00:00,21846.348303600425,12509.66048597188,17252.368736329696
2024-01-07 00:00:00,21846.348303600425,12530.753419420416,17126.041019378375
2024-01-07 04:00:00,21846.348303600425,12487.947172127795,17007.80730661314
2024-01-07 08:00:00,21846.348303600425,12531.683990013735,17281.969940971307
2024-01-07 12:00:00,21846.348303600425,12564.564150977632,17209.895231973314
2024-01-07 16:00:00,21846.348303600425,12563.013199988769,17141.107883492434
2024-01-07 20:00:00,21835.425129448624,12640.250559234151,17261.717542127983
2024-01-08 00:00:00,21746.07401164249,12485.155460347842,16609.05984539992
2024-01-08 04:00:00,21670.87012437195,12373.176798951927,16310.144171171803
2024-01-08 08:00:00,21670.87012437195,12516.79486052065,16634.0324054213
2024-01-08 12:00:00,21660.034689309767,12669.718628022549,16988.026130423023
2024-01-08 16:00:00,21698.765831899535,12737.650281334752,17289.84704395065
2024-01-08 20:00:00,22008.03986533271,13299.404729500962,18072.924519179112
2024-01-09 00:00:00,21948.971396712423,13309.020625631912,17874.795813453595
2024-01-09 04:00:00,21856.092102349503,13283.895219612332,18038.006038504063
2024-01-09 08:00:00,21835.977976994054,13269.626470514791,18258.382736345382
2024-01-09 12:00:00,21835.436514018103,13249.46410765957,18272.816371290464
2024-01-09 16:00:00,21614.34598897752,13335.076602244813,18038.86289911131
2024-01-09 20:00:00,21582.123900884668,13329.493178684907,18011.894732524146
2024-01-10 00:00:00,21444.917270334947,13099.642242135396,18028.214134117014
2024-01-10 04:00:00,21463.012619584402,13108.32756767303,18094.929909971543
2024-01-10 08:00:00,21319.941712504384,13010.307465176882,17917.811293150706
2024-01-10 12:00:00,21281.44073177223,12911.046601889646,17822.363340904754
2024-01-10 16:00:00,21200.316307459278,12896.15747239656,17591.312208634758
2024-01-10 20:00:00,21441.722364703877,13171.606368018643,17895.749562182642
2024-01-11 00:00:00,21777.926886996625,13212.861664322401,18635.09364140535
2024-01-11 04:00:00,21819.470980010738,13155.476477734468,18467.65629345025
2024-01-11 08:00:00,21700.722662560947,13057.45637523832,18349.737363912944
2024-01-11 12:00:00,22030.84069535226,13311.502147214094,19007.24260302196
2024-01-11 16:00:00,21673.64139511342,13260.630954779384,18586.01422106298
2024-01-11 20:00:00,21673.408883725147,13203.866148586996,18609.62628591357
2024-01-12 00:00:00,21511.218949491107,13103.984904904213,18413.91764495331
2024-01-12 04:00:00,21226.795346843286,13016.511269132336,18130.530200835405
2024-01-12 08:00:00,21249.26942808767,13021.474312296697,18268.613167418494
2024-01-12 12:00:00,21414.40506853554,13022.404882890016,18300.612071669188
2024-01-12 16:00:00,21399.09663638357,12575.420807899674,17828.006604939274
2024-01-12 20:00:00,21217.024007171814,12306.485906430815,17643.36930362568
2024-01-13 00:00:00,21053.84263465824,12142.3952918091,17206.641455545407
2024-01-13 04:00:00,21130.71050674048,12093.385240561027,17103.539226897443
2024-01-13 08:00:00,21153.184587984866,12251.582241425062,17373.072526856606
2024-01-13 12:00:00,21113.447806654214,12095.246381747662,17231.243646548035
2024-01-13 16:00:00,21183.475740966427,12260.88794735824,17389.628429164295
2024-01-13 20:00:00,21209.53264675702,12159.765942884367,17567.122899510025
2024-01-14 00:00:00,21222.561099652314,12159.765942884367,17685.423084526486
2024-01-14 04:00:00,21121.270904050856,12100.519615109797,17716.09237110697
2024-01-14 08:00:00,21121.270904050856,12196.98876661708,17889.712979904092
2024-01-14 12:00:00,21121.270904050856,12148.909285962325,17695.96676567642
2024-01-14 16:00:00,21121.270904050856,12169.381839015317,17979.804459298106
2024-01-14 20:00:00,21121.270904050856,12091.52409937439,17551.950837078788
2024-01-15 00:00:00,21121.270904050856,11825.691099883257,17201.45670031165
2024-01-15 04:00:00,21121.270904050856,12047.787281488452,17511.65703894548
2024-01-15 08:00:00,21121.270904050856,12101.139995505342,17522.937597975535
2024-01-15 12:00:00,21121.270904050856,12116.649505393973,17575.445969186876
2024-01-15 16:00:00,21121.270904050856,11978.614867385159,17271.434255961736
2024-01-15 20:00:00,21121.270904050856,12179.307925344041,17620.2868411795
2024-01-16 00:00:00,21121.270904050856,12049.95861287286,17385.160854764188
2024-01-16 04:00:00,21121.270904050856,12185.821919497266,17679.93635198897
2024-01-16 08:00:00,21121.270904050856,12153.562138928914,17806.811026373412
2024-01-16 12:00:00,21121.270904050856,12218.39189026339,17765.905442990574
2024-01-16 16:00:00,21110.710268598832,12322.305606517219,17907.822067323563
2024-01-16 20:00:00,21096.966385796524,12316.72218295731,17904.061018572364
2024-01-17 00:00:00,21114.513360236026,12302.763624057543,17996.5308027664
2024-01-17 04:00:00,21030.808259013378,12237.003302129748,18205.57036990411
2024-01-17 08:00:00,20744.76124672817,12169.381839015317,17872.94505579416
2024-01-17 12:00:00,21031.958970835578,12168.451268421999,18329.11101372444
2024-01-17 16:00:00,20877.11715709677,12149.52966635787,18095.164067727106
2024-01-17 20:00:00,20916.230457779107,12146.117574182372,18190.85951633674
2024-01-18 00:00:00,21010.451540956135,12178.067164552951,18328.63855490315
2024-01-18 04:00:00,20801.374520858473,12112.61703282293,18057.374364167823
2024-01-18 08:00:00,20934.907802108784,12207.225043143577,18187.184697920587
2024-01-18 12:00:00,20698.847530781146,12112.306842625156,17956.60357934917
2024-01-18 16:00:00,20670.87148837921,12173.414311586363,17955.297149941598
2024-01-18 20:00:00,20245.389957808038,11709.059585520754,17054.327859490513
2024-01-19 00:00:00,20245.389957808038,11789.08865654609,17316.63052134976
2024-01-19 04:00:00,20245.389957808038,11694.790836423213,17126.555166743638
2024-01-19 08:00:00,20245.389957808038,11762.412299537644,17306.859067794634
2024-01-19 12:00:00,20245.389957808038,11811.112160587945,17374.33758463944
2024-01-19 16:00:00,20245.389957808038,11653.845730317227,16916.12928545038
2024-01-19 20:00:00,20245.389957808038,11906.650741501911,17345.339333381497
2024-01-20 00:00:00,20245.389957808038,11854.848978473883,17263.52623682807
2024-01-20 04:00:00,20245.389957808038,11849.885935309521,17251.149679830152
2024-01-20 08:00:00,20245.389957808038,11862.6037334182,17080.105275106398
2024-01-20 12:00:00,20245.389957808038,11837.78851759639,17060.9080015062
2024-01-20 16:00:00,20245.389957808038,11837.478327398618,16929.50074899051
2024-01-20 20:00:00,20245.389957808038,11855.46935886943,17055.83085866797
2024-01-21 00:00:00,20245.389957808038,11866.946396187015,17157.049904313004
2024-01-21 04:00:00,20245.389957808038,11856.71011966052,17153.02817798202
2024-01-21 08:00:00,20245.389957808038,11849.265554913976,17112.775722494378
2024-01-21 12:00:00,20245.389957808038,11875.631721724649,17195.548053739156
2024-01-21 16:00:00,20245.389957808038,11861.362972627108,17119.270114225135
2024-01-21 20:00:00,20245.389957808038,11876.87248251574,17139.700585843508
2024-01-22 00:00:00,20245.389957808038,11830.654143047619,16936.25782219221
2024-01-22 04:00:00,20245.389957808038,11709.059585520754,16687.348532823704
2024-01-22 08:00:00,20245.389957808038,11673.387712776903,16627.575771524935
2024-01-22 12:00:00,20245.389957808038,11622.516520342193,16504.514978406216
2024-01-22 16:00:00,20245.389957808038,11611.659863420153,16372.187677239177
2024-01-22 20:00:00,20245.389957808038,11351.720477686698,15824.063990940016
2024-01-23 00:00:00,20245.389957808038,11262.385700728186,15790.426487770976
2024-01-23 04:00:00,20245.389957808038,11386.461779837233,16021.220785546793
2024-01-23 08:00:00,20245.389957808038,11301.469665647535,15697.29883711943
2024-01-23 12:00:00,20245.389957808038,11067.896446724753,15234.25601327751
2024-01-23 16:00:00,20245.389957808038,11230.436110357605,15597.732436453261
2024-01-23 20:00:00,20245.389957808038,11203.139372953616,15341.539453648144
2024-01-24 00:00:00,20245.389957808038,11396.387866165956,15833.320142210083
2024-01-24 04:00:00,20245.389957808038,11319.150506920574,15681.03769194191
2024-01-24 08:00:00,20245.389957808038,11414.378897636767,16003.924264529236
2024-01-24 12:00:00,20245.389957808038,11460.287046907115,16115.289139903638
2024-01-24 16:00:00,20245.389957808038,11408.79547407686,16054.17039332703
2024-01-24 20:00:00,20245.389957808038,11347.377814917882,15948.745532667013
2024-01-25 00:00:00,20245.389957808038,11427.71707614099,16254.567422425618
2024-01-25 04:00:00,20245.389957808038,11407.864903483542,16189.479463554973
2024-01-25 08:00:00,20245.389957808038,11434.85145068976,16191.497330968272
2024-01-25 12:00:00,20245.389957808038,11443.846966425166,16273.287399800203
2024-01-25 16:00:00,20245.389957808038,11405.383381901362,16002.850764355986
2024-01-25 20:00:00,20245.389957808038,11446.018297809575,16187.949911066542
2024-01-26 00:00:00,20245.389957808038,11429.578217327626,16077.422088805804
2024-01-26 04:00:00,20245.389957808038,11451.911911567255,16223.01129236993
2024-01-26 08:00:00,20235.267262829133,11464.939899873703,16121.247739459097
2024-01-26 12:00:00,20416.583801782406,11790.32941733718,16776.280481923222
2024-01-26 16:00:00,20468.41895633712,11831.584713640937,16837.757995264685
2024-01-26 20:00:00,20610.066067952474,12023.282255864415,16959.655832607576
2024-01-27 00:00:00,20564.267256938852,11958.142314332166,16899.493089316347
2024-01-27 04:00:00,20618.587464815373,11963.4155476943,16951.95640555935
2024-01-27 08:00:00,20432.83223573421,11930.535386730402,16759.30373279897
2024-01-27 12:00:00,20534.129644619094,11951.938510376713,16864.28308967739
2024-01-27 16:00:00,20620.313287719116,11970.860112440843,16964.981993957328
2024-01-27 20:00:00,20663.845771251166,11996.295708658197,17006.895931196967
2024-01-28 00:00:00,20768.064805448437,12054.921656037222,17137.515075725187
2024-01-28 04:00:00,21013.668863499654,12074.153448299125,17422.471572009268
2024-01-28 08:00:00,20955.92554818571,12121.302358360563,17327.653887021173
2024-01-28 12:00:00,21185.185426558462,12157.90480169773,17630.594826912587
2024-01-28 16:00:00,21000.218897845378,12082.838773836758,17443.859459645148
2024-01-28 20:00:00,20654.280042834365,11933.016908312584,17080.063152458264
2024-01-29 00:00:00,20844.225708642145,12022.351685271096,17288.601314737574
2024-01-29 04:00:00,21068.35738222505,12103.931707285295,17524.82822459357
2024-01-29 08:00:00,20922.57613586404,12030.416630413185,17384.23647154182
2024-01-29 12:00:00,21050.49509192343,12109.825321042976,17503.516783290634
2024-01-29 16:00:00,21372.74983190794,12246.929388458471,17845.554767506168
2024-01-29 20:00:00,21505.623396523843,12335.333594823667,17948.416677963876
2024-01-30 00:00:00,21687.616903761886,12400.473536355918,18116.35472031818
2024-01-30 04:00:00,21721.82004266645,12457.85872294385,18155.893439925225
2024-01-30 08:00:00,21786.334053188395,12436.455599297542,18257.126275456703
2024-01-30 12:00:00,22027.070756287074,12470.886711250301,18574.063128942566
2024-01-30 16:00:00,21990.24790898199,12424.668371782182,18472.59111950698
2024-01-30 20:00:00,22152.835355894167,12467.784809272576,18590.335803496768
2024-01-31 00:00:00,21660.211600425275,12288.805065157776,18073.552002028897
2024-01-31 04:00:00,21695.899615696366,12321.064845726127,18090.874029647133
2024-01-31 08:00:00,21741.822407088996,12349.602343921208,18150.348859833462
2024-01-31 12:00:00,21288.769053171825,12198.229527408172,17738.83235621687
2024-01-31 16:00:00,21403.613982362607,12393.339161807147,18079.207924749742
2024-01-31 20:00:00,21402.51848224314,12391.478020620512,18028.129748148393
2024-02-01 00:00:00,21305.56672167032,12226.767025603252,17543.893647518824
2024-02-01 04:00:00,21191.401915470375,12050.889183466177,17072.93487325616
2024-02-01 08:00:00,21191.401915470375,12129.677493700423,17303.33152847348
2024-02-01 12:00:00,21191.401915470375,12075.394209090215,17303.66093225874
2024-02-01 16:00:00,21191.401915470375,12184.581158706176,17409.81471517777
2024-02-01 20:00:00,21191.401915470375,12332.852073241487,17623.63939551737
2024-02-02 00:00:00,21191.401915470375,12293.147727926593,17601.80310364318
2024-02-02 04:00:00,21191.401915470375,12272.054794478054,17699.753375083103
2024-02-02 08:00:00,21191.401915470375,12290.976396542184,17967.15610758871
2024-02-02 12:00:00,21191.401915470375,12302.143243661998,18048.089341156345
2024-02-02 16:00:00,21191.401915470375,12405.126389322506,18088.443250318
2024-02-02 20:00:00,21191.401915470375,12376.588891127427,17900.510095397338
2024-02-03 00:00:00,21191.401915470375,12402.024487344781,18016.29364437083
2024-02-03 04:00:00,21191.401915470375,12396.751253982646,17905.128249974056
2024-02-03 08:00:00,21191.401915470375,12367.59337539202,17870.23735774763
2024-02-03 12:00:00,21191.401915470375,12362.630332227658,17816.319779640184
2024-02-03 16:00:00,21191.401915470375,12401.093916751463,17770.487119127345
2024-02-03 20:00:00,21191.401915470375,12385.894597060604,17769.80074358384
2024-02-04 00:00:00,21191.401915470375,12366.35261460093,17724.162683123253
2024-02-04 04:00:00,21191.401915470375,12370.695277369747,17787.53657080794
2024-02-04 08:00:00,21191.401915470375,12324.166747703854,17562.65450120931
2024-02-04 12:00:00,21191.401915470375,12380.000983302925,17746.523593239173
2024-02-04 16:00:00,21191.401915470375,12340.296637988029,17699.289250993286
2024-02-04 20:00:00,21191.401915470375,12263.059278742649,17501.468726911855
2024-02-05 00:00:00,21191.401915470375,12259.336996369377,17442.83679996259
2024-02-05 04:00:00,21191.401915470375,12291.59677693773,17517.593500372444
2024-02-05 08:00:00,21191.401915470375,12387.75573824724,17730.143392305134
2024-02-05 12:00:00,21170.210513554906,12442.659403252994,17835.496038934878
2024-02-05 16:00:00,21021.80285074293,12321.685226121674,17542.792231983378
2024-02-05 20:00:00,21031.273941339638,12348.671773327891,17585.606850523494
2024-02-06 00:00:00,21024.742154721218,12334.092834032577,17541.23866841054
2024-02-06 04:00:00,21071.117839712002,12368.523945985338,17615.340487296926
2024-02-06 08:00:00,21091.3663782291,12370.074896974202,17592.241386482114
2024-02-06 12:00:00,21091.3663782291,12361.389571436568,17433.34264845821
2024-02-06 16:00:00,21136.313121203428,12468.405189668121,17638.899784056743
2024-02-06 20:00:00,21248.671224562066,12477.090515205755,17878.910251876354
2024-02-07 00:00:00,21191.14241121198,12412.881144266823,17764.94458435003
2024-02-07 04:00:00,21105.29913467737,12330.370551659305,17608.05662911865
2024-02-07 08:00:00,21089.622846793165,12355.495957678888,17605.460407623264
2024-02-07 12:00:00,21093.54191876422,12371.936038160837,17571.295890966547
2024-02-07 16:00:00,21122.608369216185,12416.603426640093,17720.242763606853
2024-02-07 20:00:00,21248.819574222645,12549.364831286774,17900.016121539997
2024-02-08 00:00:00,21363.134446726093,12744.47446568575,18395.540653796856
2024-02-08 04:00:00,21443.791439092947,12802.790222867003,18470.24559058132
2024-02-08 08:00:00,21344.60311911889,12795.34565812046,18355.515432676908
2024-02-08 12:00:00,21459.714347842848,12882.198913496792,18458.7869735904
2024-02-08 16:00:00,21895.340791838185,13074.206645918042,18939.11831592133
2024-02-08 20:00:00,21595.143600419466,13021.784502494469,18609.642325496316
2024-02-09 00:00:00,21614.13769625992,13024.886404472196,18649.327847507157
2024-02-09 04:00:00,21936.852706150014,13251.015058648434,18932.60640868814
2024-02-09 08:00:00,22025.07270029562,13283.895219612332,19041.615713622134
2024-02-09 12:00:00,22413.800720148203,13591.914086000541,19305.024874938033
2024-02-09 16:00:00,22311.688343403766,13549.728219103465,19214.069548313906
2024-02-09 20:00:00,22297.768858889885,13648.058511797384,19167.62677295115
2024-02-10 00:00:00,22223.491391683525,13456.981349969452,19212.372086362673
2024-02-10 04:00:00,22624.39861986802,13538.56137198365,19685.897728643497
2024-02-10 08:00:00,22485.771012348396,13532.66775822597,19500.342379023492
2024-02-10 12:00:00,22318.53509596238,13482.416946186806,19347.5500168194
2024-02-10 16:00:00,22442.904448470184,13556.862593652235,19460.07297108495
2024-02-10 20:00:00,22540.28594245283,13610.83568806467,19554.732466011294
2024-02-11 00:00:00,22556.380341925113,13666.049543268196,19547.964198822436
2024-02-11 04:00:00,22706.6675224423,13814.320457803507,19635.809853731822
2024-02-11 08:00:00,22715.960233238835,13779.268965455201,19652.18777472435
2024-02-11 12:00:00,22775.131926806473,13831.691108878773,19706.50622806741
2024-02-11 16:00:00,22641.93375105408,13784.232008619563,19584.805648579975
2024-02-11 20:00:00,22609.182601758395,13810.908365628007,19527.120040183036
2024-02-12 00:00:00,22576.692221326604,13831.380918681001,19462.037893848414
2024-02-12 04:00:00,22492.410846323102,13814.630648001279,19362.491342943213
2024-02-12 08:00:00,22508.965232944553,13837.584722636453,19327.969606585393
2024-02-12 12:00:00,22465.859886511105,13790.746002772788,19165.339392923095
2024-02-12 16:00:00,23016.88370120299,14377.315666760807,19952.603769051915
2024-02-12 20:00:00,23060.975268131042,14219.428856094544,20025.40288075534
2024-02-13 00:00:00,23283.25057184836,14350.32911955459,20375.142741981646
2024-02-13 04:00:00,23274.555129894412,14309.073823250832,20456.012303841417
2024-02-13 08:00:00,23408.22608953114,14381.658329529624,20598.28070177837
2024-02-13 12:00:00,23535.346729969217,14384.760231507349,20681.46495229598
2024-02-13 16:00:00,23048.2215438411,14090.079543623364,20188.47130870713
2024-02-13 20:00:00,23182.356083844694,14227.803991434406,20370.698367022254
2024-02-14 00:00:00,23418.539159436987,14401.510502187071,20561.4815755096
2024-02-14 04:00:00,23335.397016234077,14344.745695994681,20477.246993205088
2024-02-14 08:00:00,23521.887738854202,14447.728841655191,20655.654926481406
2024-02-14 12:00:00,24271.61171539977,14933.796881564882,21243.431790291623
2024-02-14 16:00:00,24300.83978026265,14927.903267807202,21329.652647347175
2024-02-14 20:00:00,24290.650394899592,14944.033158091379,21265.19842432721
2024-02-15 00:00:00,24423.320608482245,14983.737503406273,21403.414183569814
2024-02-15 04:00:00,24612.36656257099,15147.828118027988,21520.6662035567
2024-02-15 08:00:00,24289.75062355579,14980.94579162632,21195.3446349509
2024-02-15 12:00:00,24496.257875239324,15134.179749325993,21374.518572521927
2024-02-15 16:00:00,24335.04699593233,14979.394840637457,21115.283585864665
2024-02-15 20:00:00,24361.219602548845,14993.663589734997,21124.824922129163
2024-02-16 00:00:00,24250.313055158585,14944.963728684696,21020.477759726593
2024-02-16 04:00:00,24428.730283420715,15075.243611749196,21144.882167371063
2024-02-16 08:00:00,24076.20478960743,14913.32432851189,20792.249620136565
2024-02-16 12:00:00,24167.21831742794,15038.641168412027,20909.29089482374
2024-02-16 16:00:00,23969.839555979917,14945.894299278014,20554.229469091264
2024-02-16 20:00:00,23902.008349989694,14901.53710099653,20381.026667704795
2024-02-17 00:00:00,24095.437567406057,15019.099185952351,20700.675243714184
2024-02-17 04:00:00,24040.200950931932,14971.019705297596,20605.587314682016
2024-02-17 08:00:00,24033.85672908576,14954.579624815648,20662.486008809887
2024-02-17 12:00:00,23950.10058273763,14886.647971503444,20511.768011766548
2024-02-17 16:00:00,23712.714036256515,14668.894452667068,20155.446726110833
2024-02-17 20:00:00,23712.714036256515,14810.961563246925,20339.364140853726
2024-02-18 00:00:00,23712.714036256515,14877.652455768039,20471.652742386595
2024-02-18 04:00:00,23712.714036256515,14829.26278491551,20395.966622652122
2024-02-18 08:00:00,23712.714036256515,14881.995118536855,20522.02133008359
2024-02-18 12:00:00,23712.714036256515,14931.935740378247,20813.80733198654
2024-02-18 16:00:00,23712.714036256515,14903.708432380938,20854.314481020992
2024-02-18 20:00:00,23712.714036256515,14909.291855940846,20932.796977593694
2024-02-19 00:00:00,23700.857679238386,15004.520246657039,20978.529316941254
2024-02-19 04:00:00,23717.422207667278,14990.871877955044,20930.90293431742
2024-02-19 08:00:00,23818.500747186765,15084.549317682375,21180.527277692134
2024-02-19 12:00:00,23786.82864093622,15081.137225506875,21105.859978412995
2024-02-19 16:00:00,23730.94116872115,15020.339946743443,21186.35385083523
2024-02-19 20:00:00,23623.74000571823,14919.21794226957,21006.64052114628
2024-02-20 00:00:00,23620.76866154954,14908.981665743073,20977.42175495119
2024-02-20 04:00:00,23346.12459380387,14864.624467461588,20711.816743258587
2024-02-20 08:00:00,23382.507397317324,14935.96821294929,20740.35952428507
2024-02-20 12:00:00,23401.734082100855,15024.68260951226,20851.318165146546
2024-02-20 16:00:00,23361.505941630698,14832.674877091009,20357.077519510676
2024-02-20 20:00:00,23538.983031940228,14968.538183715415,20589.175553446184
2024-02-21 00:00:00,23607.607506859913,14995.834921119405,20721.40272963854
2024-02-21 04:00:00,23576.84481120626,14915.495659896298,20486.06303306554
2024-02-21 08:00:00,23408.53737056272,14804.757759291473,20196.687134722382
2024-02-21 12:00:00,23289.247919082074,14646.250568229667,19871.33667285814
2024-02-21 16:00:00,23289.247919082074,14693.089288093332,20019.110073264797
2024-02-21 20:00:00,23289.247919082074,14656.17665455839,19809.44252661991
2024-02-22 00:00:00,23289.247919082074,14873.309792999222,20260.261843684133
2024-02-22 04:00:00,23289.247919082074,14785.836157227344,20022.84139262
2024-02-22 08:00:00,23289.247919082074,14823.36917115783,20246.502120952726
2024-02-22 12:00:00,23289.247919082074,14753.886566856765,20288.294603980812
2024-02-22 16:00:00,23289.247919082074,14802.276237709293,20299.25339485327
2024-02-22 20:00:00,23289.247919082074,14762.571892394397,20079.376215204073
2024-02-23 00:00:00,23289.247919082074,14697.431950862148,19852.174168849317
2024-02-23 04:00:00,23289.247919082074,14644.699617240803,19818.52493016611
2024-02-23 08:00:00,23289.247919082074,14592.27747381723,19777.777904332783
2024-02-23 12:00:00,23289.247919082074,14682.23263117129,19906.984968544326
2024-02-23 16:00:00,23289.247919082074,14594.758995399412,19581.853434845856
2024-02-23 20:00:00,23289.247919082074,14643.458856449712,19750.90265710617
2024-02-24 00:00:00,23289.247919082074,14534.892287229297,19523.92343433694
2024-02-24 04:00:00,23289.247919082074,14568.39282858874,19587.9180958922
2024-02-24 08:00:00,23289.247919082074,14635.083721109851,19862.277383848268
2024-02-24 12:00:00,23289.247919082074,14644.079236845258,19849.450155564264
2024-02-24 16:00:00,23289.247919082074,14639.116193680897,19827.003844090992
2024-02-24 20:00:00,23289.247919082074,14767.534935558759,20131.444252258545
2024-02-25 00:00:00,23289.247919082074,14766.914555163214,20133.358672458133
2024-02-25 04:00:00,23277.603295122535,14781.183304260754,20113.43441503994
2024-02-25 08:00:00,23298.474041008365,14810.651373049153,20098.195901077863
2024-02-25 12:00:00,23331.867234425696,14794.83167296275,20092.694844731283
2024-02-25 16:00:00,23336.876213438296,14759.780180614443,20076.96951137809
2024-02-25 20:00:00,23430.93370823045,14799.174335731566,20199.613711507445
2024-02-26 00:00:00,23514.89753226211,14831.74430649769,20288.98554323826
2024-02-26 04:00:00,23470.766664938506,14784.595396436252,20259.7696749576
2024-02-26 08:00:00,23357.981612874413,14688.12624492897,20161.151876171658
2024-02-26 12:00:00,23216.35824907494,14609.027744496952,19826.98311618231
2024-02-26 16:00:00,23413.449472050273,15091.0633118356,20519.82138072191
2024-02-26 20:00:00,24062.293056838433,15549.524424143527,21196.321440840242
2024-02-27 00:00:00,24031.76307485382,15518.815594564037,21180.329271008428
2024-02-27 04:00:00,24344.39387593868,15874.913941607003,21389.30517199484
2024-02-27 08:00:00,24448.67447840253,16009.226297242545,21485.6858753068
2024-02-27 12:00:00,24712.151009101595,16153.154549009041,21712.21287740617
2024-02-27 16:00:00,24346.448376695822,16221.706582716788,21220.0297401805
2024-02-27 20:00:00,24605.46300593269,16376.181301207553,21475.541372406253
2024-02-28 00:00:00,24549.30987257267,16313.833071455256,21437.353397964107
2024-02-28 04:00:00,24517.629991748792,16298.013371368852,21379.00140188973
2024-02-28 08:00:00,25067.024434338775,16700.330057879935,21872.33481599397
2024-02-28 12:00:00,25239.390887605652,16887.99512753237,22059.919639721433
2024-02-28 16:00:00,25759.90042271385,17459.985852225076,22473.157454406537
2024-02-28 20:00:00,25495.380646156198,17438.272538380992,22219.618277067388
2024-02-29 00:00:00,26459.19777023073,17851.44588181412,23246.301900604038
2024-02-29 04:00:00,26676.795816729922,17583.131360740805,23615.524719434863
2024-02-29 08:00:00,27139.20274551533,17919.06734492855,24000.84948133915
2024-02-29 12:00:00,27615.312746319276,17999.716796349432,24550.033062270864
2024-02-29 16:00:00,27753.815950587836,17969.628347165486,24841.56390300363
2024-02-29 20:00:00,27304.90768259271,17672.776327897092,24451.408481705912
2024-03-01 00:00:00,26746.48796123788,17539.70473305264,23848.40577153043
2024-03-01 04:00:00,27384.42915068225,17506.514381890967,24717.619061641228
2024-03-01 08:00:00,27271.772810666385,17603.91410399157,24523.079164304167
2024-03-01 12:00:00,27712.041568658526,17730.161514485026,24999.029580356615
2024-03-01 16:00:00,27222.942172724852,17527.60731533951,24441.108954182506
2024-03-01 20:00:00,27452.509121539013,17809.260014917043,24573.841293646743
2024-03-02 00:00:00,27364.645364403434,17836.866942518805,24428.91315417215
2024-03-02 04:00:00,27431.863833499967,17822.90838361904,24507.814340556186
2024-03-02 08:00:00,27305.071458041155,17747.22197536252,24382.95730335328
2024-03-02 12:00:00,27174.385820588097,17693.86926134563,24274.50991454134
2024-03-02 16:00:00,27150.129147494685,17682.08203383027,24216.824180688305
2024-03-02 20:00:00,27392.651884612573,17778.240995139782,24507.963939712386
2024-03-03 00:00:00,27324.103425511534,17723.6475203318,24436.779424491175
2024-03-03 04:00:00,27237.625454114386,17697.281353521128,24325.01795561607
2024-03-03 08:00:00,26967.151024995714,17636.794264955468,24041.190575678633
2024-03-03 12:00:00,26967.151024995714,17685.804316203543,24278.68362135433
2024-03-03 16:00:00,26967.151024995714,17785.995750084097,24388.049066326792
2024-03-03 20:00:00,26967.151024995714,17965.59587459444,24588.316177058005
2024-03-04 00:00:00,26940.183873970716,18054.00008095964,24654.509166238393
2024-03-04 04:00:00,26951.360626967522,18154.501705037965,24532.84379247183
2024-03-04 08:00:00,27059.941675059577,18337.20373152604,24679.330906998344
2024-03-04 12:00:00,27290.86976953999,18668.48686274719,25110.386052902228
2024-03-04 16:00:00,27570.701600349028,18975.575158542084,25196.440797689254
2024-03-04 20:00:00,27787.79597907365,19244.820250208715,25114.128545614112
2024-03-05 00:00:00,28002.34454387238,19501.657733964443,25635.59685015202
2024-03-05 04:00:00,27918.88110907223,19460.09224746291,25376.98061933176
2024-03-05 08:00:00,27574.890907067027,18904.541603252153,25136.012300990904
2024-03-05 12:00:00,27809.72586230508,19063.97936490728,25387.641292775643
2024-03-05 16:00:00,27896.619073955873,19048.469855018648,26266.222028219923
2024-03-05 20:00:00,24742.39825475762,17359.79441834452,23124.257842891115
2024-03-06 00:00:00,24742.39825475762,18254.072758522976,24328.786436911687
2024-03-06 04:00:00,24742.39825475762,18124.413255854022,23973.493997967336
2024-03-06 08:00:00,24730.027055630242,19101.202188639993,25792.509175065054
2024-03-06 12:00:00,24899.825053489723,19205.11590489382,25741.118259701136
2024-03-06 16:00:00,24676.493520193988,18901.129511076655,25075.86725656639
2024-03-06 20:00:00,24827.896734952024,19011.247031285937,25501.87128874502
2024-03-07 00:00:00,24748.657669284265,18809.003022338187,25353.141820829027
2024-03-07 04:00:00,24648.90134554182,18747.895553376984,26010.955465413237
2024-03-07 08:00:00,24689.700031138615,18889.3422835613,26114.791005350606
2024-03-07 12:00:00,24673.819491563452,19045.678143238696,26397.070654731866
2024-03-07 16:00:00,25045.068205999836,19108.646753386536,26991.43011023062
2024-03-07 20:00:00,25253.659402572433,19135.01292019721,27306.148845082676
2024-03-08 00:00:00,24974.237232214422,18936.801383820508,26746.46572534096
2024-03-08 04:00:00,25062.444691325545,19032.339964734474,26861.25315148045
2024-03-08 08:00:00,25127.934206932856,19096.859525871176,26968.00652012509
2024-03-08 12:00:00,25480.384438950678,19224.03750695795,27517.88870528059
2024-03-08 16:00:00,25132.189405547186,19165.721749776698,27029.5684713148
2024-03-08 20:00:00,25344.083315315955,19520.2691458308,27458.555964528416
2024-03-09 00:00:00,24999.480720265397,19342.84035270486,27025.124013598732
2024-03-09 04:00:00,25155.207053563634,19385.33640979971,27190.523231090687
2024-03-09 08:00:00,25311.044418966598,19390.609643161846,27459.27038068543
2024-03-09 12:00:00,25199.164246288565,19390.609643161846,27289.654989724535
2024-03-09 16:00:00,25211.668933564357,19387.81793138189,27309.810666296322
2024-03-09 20:00:00,25031.25562176112,19358.660052791267,27084.37829802082
2024-03-10 00:00:00,25036.749300137024,19378.512225448714,27027.371230157536
2024-03-10 04:00:00,25304.49208304249,19597.19631487841,27353.209248930714
2024-03-10 08:00:00,25458.97755290411,19677.225385903745,27565.959318380083
2024-03-10 12:00:00,25310.493615116247,19734.610572491678,27302.521722798334
2024-03-10 16:00:00,25013.13577230335,19634.729328808895,26958.673466576234
2024-03-10 20:00:00,25077.85577109934,19702.6609821211,27205.29620444486
2024-03-11 00:00:00,24960.390317021345,19564.00596371674,27046.672839510567
2024-03-11 04:00:00,24921.9448844654,19472.81004557159,26669.59128604755
2024-03-11 08:00:00,25160.953394103144,20069.615986086104,27708.30736242472
2024-03-11 12:00:00,25297.85230975506,20242.39192624545,27851.752995199324
2024-03-11 16:00:00,25356.9095875465,20417.33919778921,27804.005443095033
2024-03-11 20:00:00,25365.96528748471,20392.5239819674,27750.466360053055
2024-03-12 00:00:00,25420.11831229429,20408.343682053805,27999.04208047696
2024-03-12 04:00:00,25393.038949309957,20265.966381276172,28104.6124452465
2024-03-12 08:00:00,25550.00427954849,20448.978597962017,28300.600617495642
2024-03-12 12:00:00,25490.226047435986,20453.321260730834,28185.259737741697
2024-03-12 16:00:00,25395.503462416505,20390.35265058299,28108.849433039395
2024-03-12 20:00:00,25308.165164969178,20280.545320571484,28018.49376162672
2024-03-13 00:00:00,25362.731743402728,20286.12874413139,28122.175270278494
2024-03-13 04:00:00,25468.793351542467,20451.149929346426,28100.27747072917
2024-03-13 08:00:00,25642.14522558544,20689.06581103802,28321.250744046585
2024-03-13 12:00:00,25834.481960563244,20735.904530901687,28637.716951473813
2024-03-13 16:00:00,25805.2949989299,20625.476820494634,28834.610070228497
2024-03-13 20:00:00,26208.826482211334,20821.206835289155,29402.03925601108
2024-03-14 00:00:00,26284.920582367376,20714.501407255375,29597.157924350235
2024-03-14 04:00:00,26498.929400509704,20778.71077819431,29984.550044067033
2024-03-14 08:00:00,26480.563187098756,20772.817164436627,30026.208007221638
2024-03-14 12:00:00,26684.012320006834,20682.86200708257,30480.512478851135
2024-03-14 16:00:00,26200.670385100093,20198.34491816174,29695.367757078904
2024-03-14 20:00:00,25895.877849593824,19758.49521772017,28884.809764360565
2024-03-15 00:00:00,26709.47235318971,20369.259717134453,30748.747188780417
2024-03-15 04:00:00,26684.429279130076,19473.430425967133,30172.358691020556
2024-03-15 08:00:00,26686.26169918322,19515.61629286421,30230.575860139208
2024-03-15 12:00:00,26317.9452685013,19279.251362161478,29359.070990799853
2024-03-15 16:00:00,27000.827141639587,19439.61969440992,30695.57001148791
2024-03-15 20:00:00,27094.280564349927,19670.091011354973,30945.10402486833
2024-03-16 00:00:00,27127.264125306516,19819.292496483602,31130.537095562042
2024-03-16 04:00:00,27321.500650939768,19707.934215483234,31438.1623991023
2024-03-16 08:00:00,27628.12560649918,19813.709072923695,32054.15452211254
2024-03-16 12:00:00,27627.514799814795,19481.805561306996,31871.75698397807
2024-03-16 16:00:00,27762.503077063062,19511.273630095395,32114.458093454254
2024-03-16 20:00:00,26901.265652085436,19057.775560951828,30246.340108903765
2024-03-17 00:00:00,26988.611007951964,18560.54067392232,30119.078848602083
2024-03-17 04:00:00,27251.25788223592,18936.491193622733,30802.004876460625
2024-03-17 08:00:00,26975.784067579953,18634.67613118998,30042.6563416338
2024-03-17 12:00:00,27556.661224426567,19092.827053300134,31443.33826549351
2024-03-17 16:00:00,27758.227430272396,19402.396870677207,31994.731286107453
2024-03-17 20:00:00,27807.091965022897,19606.50202081159,32196.527394928824
2024-03-18 00:00:00,28110.052080476024,19511.273630095395,32702.40126063902
2024-03-18 04:00:00,28216.332443558367,19337.56711934273,32773.59883516646
2024-03-18 08:00:00,28195.5650162894,19431.55474926783,32808.26483993272
2024-03-18 12:00:00,28466.152377470316,19407.359913841567,33243.698841635
2024-03-18 16:00:00,28227.937770561613,19224.968077551268,32645.79451417249
2024-03-18 20:00:00,27942.080242271164,19099.961427848903,32017.526705110304
2024-03-19 00:00:00,27801.594704863466,19273.357748403796,31872.89835260981
2024-03-19 04:00:00,27139.216085103148,18799.076936009464,30373.053956285985
2024-03-19 08:00:00,27139.216085103148,18467.483614590536,30404.109474699137
2024-03-19 12:00:00,27139.216085103148,17984.207286460798,29213.609821481612
2024-03-19 16:00:00,27139.216085103148,18288.81406067351,29900.436513663473
2024-03-19 20:00:00,27139.216085103148,18389.315684751837,29853.153254199096
2024-03-20 00:00:00,27139.216085103148,17655.715867019597,28093.26823606057
2024-03-20 04:00:00,27139.216085103148,17642.687878713146,28108.67958388691
2024-03-20 08:00:00,27139.216085103148,18004.679839513792,29338.471607575815
2024-03-20 12:00:00,27139.216085103148,18175.28444828873,28801.45231773283
2024-03-20 16:00:00,27139.216085103148,18185.830915013,28616.793604870225
2024-03-20 20:00:00,27139.216085103148,18708.50139825986,30018.152323871527
2024-03-21 00:00:00,27139.216085103148,19260.329760097346,31317.12762724391
2024-03-21 04:00:00,27139.216085103148,18922.532634722967,31043.739526381865
2024-03-21 08:00:00,27139.216085103148,19050.95137660083,30962.55401206964
2024-03-21 12:00:00,27139.216085103148,19090.655721915726,31085.05614855731
2024-03-21 16:00:00,27139.216085103148,19014.34893326366,30697.72248211824
2024-03-21 20:00:00,27139.216085103148,18638.70860376102,29757.21254780645
2024-03-22 00:00:00,27139.216085103148,18712.533870830906,29991.2552741357
2024-03-22 04:00:00,27125.646477060596,18888.72190316575,30092.761344578965
2024-03-22 08:00:00,27113.6781234038,18975.885348739856,30154.529915416875
2024-03-22 12:00:00,26847.31267108862,18431.501551648915,29089.23758126342
2024-03-22 16:00:00,26713.99077802805,18352.092861019122,28972.402494517733
2024-03-22 20:00:00,26702.579091983196,18374.116365060978,29107.595097061792
2024-03-23 00:00:00,26689.497403102512,18347.440008052534,29337.359987794312
2024-03-23 04:00:00,26586.537135765684,18268.341507620516,28915.504213696226
2024-03-23 08:00:00,26586.537135765684,18572.638091635454,29537.811243601827
2024-03-23 12:00:00,26586.537135765684,18582.253987766406,29519.32091823699
2024-03-23 16:00:00,26586.537135765684,18719.668245379675,29558.233235001517
2024-03-23 20:00:00,26586.537135765684,18634.365940992204,29447.443723912846
2024-03-24 00:00:00,26586.537135765684,18376.59788664316,29042.79496892167
2024-03-24 04:00:00,26586.537135765684,18381.56092980752,28928.47710094697
2024-03-24 08:00:00,26586.537135765684,18569.846379855502,29242.35153674178
2024-03-24 12:00:00,26586.537135765684,18777.673812363155,29514.76361350005
2024-03-24 16:00:00,26586.537135765684,18856.772312795172,29669.769591696313
2024-03-24 20:00:00,26586.537135765684,18902.990652263292,29644.382555161563
2024-03-25 00:00:00,26573.2438671978,19287.316307303565,30684.99930637685
2024-03-25 04:00:00,26574.915085296234,19319.88627806969,30779.795843998963
2024-03-25 08:00:00,26556.390039758626,19173.476504721013,30824.30265852091
2024-03-25 12:00:00,26644.427036193767,19151.76319087693,31013.3468486645
2024-03-25 16:00:00,27225.000888733513,19973.457024776595,31963.86279168532
2024-03-25 20:00:00,27484.60363271204,20311.254150150973,32091.44402172414
2024-03-26 00:00:00,27035.365130398415,19970.044932601097,31543.20845401096
2024-03-26 04:00:00,27347.50952730969,20143.75144335376,31961.380545279277
2024-03-26 08:00:00,27499.63953221545,20169.497229768887,32230.53864345541
2024-03-26 12:00:00,27511.057288005977,20204.23853191942,32269.009183530245
2024-03-26 16:00:00,27203.63230014452,20113.662994169816,31778.193750031354
2024-03-26 20:00:00,26910.600866631667,19880.71015564258,31430.984856683506
2024-03-27 00:00:00,27146.95075221088,20032.08297215562,31738.8102987046
2024-03-27 04:00:00,27239.442576570527,20161.742474824572,31781.801452458374
2024-03-27 08:00:00,26893.24242733402,19963.841128645643,31312.3984184278
2024-03-27 12:00:00,27121.2655046375,20126.380792278494,31607.759322456986
2024-03-27 16:00:00,26406.404250841035,19739.263425458266,30610.48412682359
2024-03-27 20:00:00,26296.230990035947,19666.368728981703,30710.97032054892
2024-03-28 00:00:00,26412.247872630353,19918.863549968613,31206.56717138945
2024-03-28 04:00:00,26385.167764899474,19859.927412391815,30723.043621175784
2024-03-28 08:00:00,26552.779379065352,20224.711084972412,31552.57851469796
2024-03-28 12:00:00,26594.539755724025,20315.59681291979,31405.059820532057
2024-03-28 16:00:00,26662.24002505123,20462.937156861783,31620.630864627827
2024-03-28 20:00:00,26611.500454776527,20352.509446454733,31501.667057209925
2024-03-29 00:00:00,26605.229271933582,20338.861077752736,31792.283955611292
2024-03-29 04:00:00,26575.726207195203,20274.651706813806,31687.098112145148
2024-03-29 08:00:00,26494.485884002555,20097.843294083414,31107.893086305365
2024-03-29 12:00:00,26538.95427143432,20194.62263578847,31386.864525800465
2024-03-29 16:00:00,26389.268975951873,19898.701187113395,31101.097312375667
2024-03-29 20:00:00,26389.268975951873,20045.11096046207,31460.122347599798
2024-03-30 00:00:00,26376.074341463896,20093.190441116825,31932.91532826279
2024-03-30 04:00:00,26412.14753276859,20060.000089955152,31973.916584459796
2024-03-30 08:00:00,26539.144932293326,20069.305795888333,32268.54870370824
2024-03-30 12:00:00,26637.481440096533,20179.11312589984,32631.235133274135
2024-03-30 16:00:00,26571.759050459215,20129.792884453993,32432.583585730823
2024-03-30 20:00:00,26536.67416576561,20105.59804902773,32306.131613802343
2024-03-31 00:00:00,26484.293915377973,20031.772781957847,32160.28754666539
2024-03-31 04:00:00,26485.28222198906,20118.93622753195,32233.316527094747
2024-03-31 08:00:00,26582.180669920752,20219.127661412505,32645.33041723619
2024-03-31 12:00:00,26504.396713077083,20241.771545849908,32539.659707389394
2024-03-31 16:00:00,26520.793755749153,20249.21611059645,32537.804928496997
2024-03-31 20:00:00,26765.14852317237,20433.15889787561,33078.618483530314
2024-04-01 00:00:00,26870.067019859744,20490.233894265773,33344.85532283783
2024-04-01 04:00:00,26711.98209138254,20292.022357889073,33251.924261115724
2024-04-01 08:00:00,26252.75197269222,20049.453623230886,32645.744255256053
2024-04-01 12:00:00,26122.295500028675,19995.48052881845,32312.519394279014
2024-04-01 16:00:00,25823.669268575788,19737.402284271633,31461.523326188344
2024-04-01 20:00:00,25823.669268575788,20144.68201394708,32207.384077648338
2024-04-02 00:00:00,25823.669268575788,20143.441253155986,32093.43063775342
2024-04-02 04:00:00,25823.669268575788,19322.36779965187,30769.54675312229
2024-04-02 08:00:00,25823.669268575788,19224.347697155725,30652.415771698088
2024-04-02 12:00:00,25823.669268575788,18934.94024263387,30060.379992361915
2024-04-02 16:00:00,25823.669268575788,18725.25166893958,29649.995732166797
2024-04-02 20:00:00,25823.669268575788,19056.84499035851,30689.611130495345
2024-04-03 00:00:00,25823.669268575788,18891.513614945707,30178.388097438223
2024-04-03 04:00:00,25823.669268575788,19103.06332982663,31021.06043159353
2024-04-03 08:00:00,25823.669268575788,19109.267133782083,31165.38388351041
2024-04-03 12:00:00,25823.669268575788,19039.784529481018,30930.0030381848
2024-04-03 16:00:00,25823.669268575788,18887.17095217689,30904.440910639933
2024-04-03 20:00:00,25823.669268575788,18863.59649714617,30506.666615096416
2024-04-04 00:00:00,25823.669268575788,18897.717418901157,30430.51220317093
2024-04-04 04:00:00,25823.669268575788,18793.493512449557,29968.403547162834
2024-04-04 08:00:00,25823.669268575788,18896.166467912295,30388.656495133193
2024-04-04 12:00:00,25823.669268575788,18975.264968344312,30510.11204193985
2024-04-04 16:00:00,25823.669268575788,19341.289401716,30809.319601393447
2024-04-04 20:00:00,25823.669268575788,19635.039519006667,30838.014830952357
2024-04-05 00:00:00,25823.669268575788,19634.419138611123,30596.629593789916
2024-04-05 04:00:00,25823.669268575788,19470.638714187182,30060.66244506015
2024-04-05 08:00:00,25823.669268575788,19170.374602743286,29432.627279474782
2024-04-05 12:00:00,25823.669268575788,19045.678143238696,28767.279728330006
2024-04-05 16:00:00,25823.669268575788,19536.70922631275,29710.12655638167
2024-04-05 20:00:00,25823.669268575788,19315.853805498646,29565.257636831535
2024-04-06 00:00:00,25823.669268575788,19429.693608081197,29498.946362587038
2024-04-06 04:00:00,25823.669268575788,19420.077711950245,29681.882008482775
2024-04-06 08:00:00,25823.669268575788,19492.97240842681,29854.033632847
2024-04-06 12:00:00,25823.669268575788,19404.25801186384,29670.151861220635
2024-04-06 16:00:00,25823.669268575788,19522.130287017437,29858.469372530708
2024-04-06 20:00:00,25823.669268575788,19568.9690068811,29918.623333987674
2024-04-07 00:00:00,25810.7574339415,19727.78638814068,30087.876839989403
2024-04-07 04:00:00,25860.756619797256,19872.024830104947,30396.550899141377
2024-04-07 08:00:00,25852.092204448643,19869.85349872054,30303.354249602897
2024-04-07 12:00:00,25871.867097096165,19878.538824258172,30419.266332945976
2024-04-07 16:00:00,25877.108951824266,19912.65974601316,30297.552093890503
2024-04-07 20:00:00,25771.89163673054,19747.9487509959,30057.59091628376
2024-04-08 00:00:00,26018.77761691907,19859.617222194043,30357.43385831541
2024-04-08 04:00:00,25953.62404089704,19890.946432169076,29999.83969588491
2024-04-08 08:00:00,26232.25190969735,20240.220594861046,30579.210314285425
2024-04-08 12:00:00,26829.395908100763,20720.395021013057,31227.370089733948
2024-04-08 16:00:00,26616.178893765828,20489.923704068002,30952.732995382932
2024-04-08 20:00:00,26713.43451897776,20497.05807861677,30858.268960980415
2024-04-09 00:00:00,26702.986934125416,20440.913652819927,30916.315974491183
2024-04-09 04:00:00,26531.373068187746,20360.264201399048,30601.333617677017
2024-04-09 08:00:00,26306.94760684435,20127.001172674038,30279.422036171054
2024-04-09 12:00:00,26330.791286935328,20230.914888927866,30357.04693926374
2024-04-09 16:00:00,25875.564888268746,19802.852416001653,29690.848838857833
2024-04-09 20:00:00,25838.357966401432,19721.892774383003,29832.172430016377
2024-04-10 00:00:00,25792.48651705512,19748.258941193675,29607.83821526552
2024-04-10 04:00:00,25792.48651705512,19770.28244523553,29530.87721526468
2024-04-10 08:00:00,25792.48651705512,19825.186110241284,29736.649903139725
2024-04-10 12:00:00,25792.48651705512,19729.02714893177,29403.225882005136
2024-04-10 16:00:00,25792.48651705512,19846.27904368982,29395.283318894286
2024-04-10 20:00:00,25792.48651705512,20234.016790905593,29922.185705930428
2024-04-11 00:00:00,25792.48651705512,20387.250748605264,30206.02434153669
2024-04-11 04:00:00,25792.48651705512,20448.668407764242,30216.444949001117
2024-04-11 08:00:00,25792.48651705512,20416.718817393663,30404.060623610065
2024-04-11 12:00:00,25792.48651705512,20211.683096665965,29836.64879747376
2024-04-11 16:00:00,25792.48651705512,20245.493828223178,30166.520079536516
2024-04-11 20:00:00,25792.48651705512,20366.468005354498,30330.156527837542
2024-04-12 00:00:00,25792.48651705512,20242.39192624545,30041.02286796505
2024-04-12 04:00:00,25779.590273796595,20533.66052195394,30372.65407223493
2024-04-12 08:00:00,25777.771989930567,20529.317859185125,30328.425504223163
2024-04-12 12:00:00,25817.51448014522,20624.236059703544,30392.20986465712
2024-04-12 16:00:00,25640.7513128833,20202.067200535013,29575.673126740658
2024-04-12 20:00:00,25443.914031985572,19761.597119697897,27266.12411180204
2024-04-13 00:00:00,25443.914031985572,19776.48624919098,27877.41567987012
2024-04-13 04:00:00,25443.914031985572,19739.57361565604,27648.694800230856
2024-04-13 08:00:00,25443.914031985572,19927.85906570402,27799.90408067068
2024-04-13 12:00:00,25443.914031985572,19732.129050909498,27639.41334404485
2024-04-13 16:00:00,25443.914031985572,19834.49181617446,27371.167156024138
2024-04-13 20:00:00,25443.914031985572,18992.94580961735,25193.668975707544
2024-04-14 00:00:00,25443.914031985572,18972.163066366586,25823.83341823388
2024-04-14 04:00:00,25443.914031985572,18725.25166893958,25201.59922140281
2024-04-14 08:00:00,25443.914031985572,19193.638867576235,26657.16354629925
2024-04-14 12:00:00,25443.914031985572,19014.03874306589,25875.786189354287
2024-04-14 16:00:00,25443.914031985572,19024.275019592384,25839.074881036035
2024-04-14 20:00:00,25443.914031985572,18966.269452608907,26198.45922854276
2024-04-15 00:00:00,25443.914031985572,19195.810198960644,27146.64418237401
2024-04-15 04:00:00,25443.914031985572,19054.6736589741,26784.228660239125
2024-04-15 08:00:00,25443.914031985572,19327.951223211778,27585.585542537363
2024-04-15 12:00:00,25443.914031985572,19207.28723627823,27224.803152743047
2024-04-15 16:00:00,25443.914031985572,18867.939159914986,26239.702291298927
2024-04-15 20:00:00,25443.914031985572,18543.170022847054,25476.46614007715
2024-04-16 00:00:00,25443.914031985572,18553.716489571325,25557.621756665547
2024-04-16 04:00:00,25443.914031985572,18435.223834022185,25076.644393433817
2024-04-16 08:00:00,25443.914031985572,18589.388362315174,25521.6268139236
2024-04-16 12:00:00,25443.914031985572,18398.621390685017,25173.48739814353
2024-04-16 16:00:00,25443.914031985572,18029.805245533375,24043.333514972175
2024-04-16 20:00:00,25443.914031985572,18329.448976581723,24720.261920478515
2024-04-17 00:00:00,25443.914031985572,18644.602217518703,25301.762836393198
2024-04-17 04:00:00,25443.914031985572,18650.806021474153,25431.928437685692
2024-04-17 08:00:00,25443.914031985572,18487.335787247986,25581.284220975067
2024-04-17 12:00:00,25443.914031985572,18284.781588102465,24898.74318967516
2024-04-17 16:00:00,25443.914031985572,17593.988017662847,23909.089002919172
2024-04-17 20:00:00,25443.914031985572,17754.046159713518,24628.62152643966
2024-04-18 00:00:00,25443.914031985572,17825.38990520122,24328.725882434162
2024-04-18 04:00:00,25443.914031985572,18010.57345327147,24818.317837293456
2024-04-18 08:00:00,25443.914031985572,17772.03719118433,24012.25692260219
2024-04-18 12:00:00,25443.914031985572,18197.307952330586,24942.960657879237
2024-04-18 16:00:00,25443.914031985572,18506.257389312115,25467.645192807096
2024-04-18 20:00:00,25443.914031985572,18528.28089335397,25630.448188581395
2024-04-19 00:00:00,25443.914031985572,18527.9707031562,25810.076788109094
2024-04-19 04:00:00,25443.914031985572,18038.80076126878,24948.855104383092
2024-04-19 08:00:00,25418.470117953584,18795.044463438422,26028.936386040798
2024-04-19 12:00:00,25557.243609268116,18923.773395514057,26251.25770217245
2024-04-19 16:00:00,25590.348766130475,18782.01647513197,26342.290329422696
2024-04-19 20:00:00,25533.768715700084,18748.826123970302,26289.118186931326
2024-04-20 00:00:00,25308.217908045888,18619.16662130135,25882.76226205563
2024-04-20 04:00:00,25309.95508370958,18660.732107802876,25864.716981102687
2024-04-20 08:00:00,25404.010122230924,18680.584280460323,26036.999303824276
2024-04-20 12:00:00,25230.55649345922,18585.355889744133,25745.516679957513
2024-04-20 16:00:00,25694.468583021837,18901.129511076655,26539.438364169262
2024-04-20 20:00:00,26071.83238858291,18932.45872105169,27060.622969938915
2024-04-21 00:00:00,26086.452331496224,18942.694997578186,27059.315492744696
2024-04-21 04:00:00,26085.073432947647,18991.394858628486,27011.8142682016
2024-04-21 08:00:00,26181.090923240517,19011.55722148371,27113.12768417101
2024-04-21 12:00:00,26202.624690936314,19046.918904029786,27167.947302461045
2024-04-21 16:00:00,26047.286613473203,18976.505729135402,26961.630988672
2024-04-21 20:00:00,25777.091079428756,18818.92910866691,26635.549934149138
2024-04-22 00:00:00,25879.97415769034,18915.398260174195,26749.5675484204
2024-04-22 04:00:00,26174.60678548234,19129.4294966373,27039.806575685358
2024-04-22 08:00:00,26465.29730338008,19227.759789331223,27455.861854968294
2024-04-22 12:00:00,26462.51089216839,19238.926636451037,27450.598929601478
2024-04-22 16:00:00,26435.69261704378,19258.158428712937,27442.29198001145
2024-04-22 20:00:00,26572.12213723136,19398.05420790839,27609.77542481035
2024-04-23 00:00:00,26770.428693660593,19472.189665176043,27895.58286146561
2024-04-23 04:00:00,26598.4452853333,19365.174046944492,27687.97071538572
2024-04-23 08:00:00,26300.895984304385,19214.421610827,27337.322248509437
2024-04-23 12:00:00,26397.22331339567,19216.59294221141,27438.033974948718
2024-04-23 16:00:00,26725.5008421295,19277.08003077707,27868.247188706548
2024-04-23 20:00:00,26662.974538852086,19276.14946018375,27790.839873058154
2024-04-24 00:00:00,26487.336569432213,19246.681391395352,27489.93832473636
2024-04-24 04:00:00,26670.1654883711,19300.03410541224,27734.907176573248
2024-04-24 08:00:00,26819.42416320843,19336.32635855164,27923.18866692758
2024-04-24 12:00:00,26980.149161576985,19322.677989849642,28116.56258554034
2024-04-24 16:00:00,25943.958963734272,18755.029927925752,26951.177945847267
2024-04-24 20:00:00,25943.958963734272,18541.619071858193,26625.317506352218
2024-04-25 00:00:00,25943.958963734272,18643.051266529837,26452.34897474425
2024-04-25 04:00:00,25943.958963734272,18636.537272376612,26256.064260914558
2024-04-25 08:00:00,25943.958963734272,18529.831844342832,26204.965449517644
2024-04-25 12:00:00,25943.958963734272,18484.854265665803,26001.711365260482
2024-04-25 16:00:00,25943.958963734272,18561.47124451564,26414.610366778375
2024-04-25 20:00:00,25943.958963734272,18721.219196368536,26359.537009597592
2024-04-26 00:00:00,25943.958963734272,18666.93591175833,26127.53151022335
2024-04-26 04:00:00,25943.958963734272,18630.953848816705,25930.186636461774
2024-04-26 08:00:00,25943.958963734272,18593.110644688448,25916.69307203033
2024-04-26 12:00:00,25943.958963734272,18599.314448643898,25899.187711001963
2024-04-26 16:00:00,25943.958963734272,18441.73782817541,25830.271939015674
2024-04-26 20:00:00,25943.958963734272,18487.335787247986,25857.163760232135
2024-04-27 00:00:00,25943.958963734272,18506.87776970766,25506.020911014508
2024-04-27 04:00:00,25943.958963734272,18316.731178473045,25128.894281880246
2024-04-27 08:00:00,25943.958963734272,18281.989876322514,25098.033892329924
2024-04-27 12:00:00,25943.958963734272,18246.938383974208,25058.35468445223
2024-04-27 16:00:00,25943.958963734272,18281.369495926967,25294.306469361258
2024-04-27 20:00:00,25943.958963734272,18387.14435336743,25943.653731605064
2024-04-28 00:00:00,25930.986984252406,18421.265275122416,25887.3171325008
2024-04-28 04:00:00,26062.365324205035,18568.915809262184,26265.93977904696
2024-04-28 08:00:00,26089.32200302901,18542.54964245151,26237.169223197125
2024-04-28 12:00:00,25995.96676794388,18406.996526024875,25890.526460762696
2024-04-28 16:00:00,26092.159548168376,18426.53850848455,26031.884088212802
2024-04-28 20:00:00,26084.498176292087,18483.923695072484,26059.163064042004
2024-04-29 00:00:00,25935.243301961455,18287.883490080192,25467.070402785925
2024-04-29 04:00:00,25688.235281334186,18036.3192396866,24907.272001029807
2024-04-29 08:00:00,25688.235281334186,18064.236357486134,24940.168693933432
2024-04-29 12:00:00,25688.235281334186,18020.189349402423,24843.673950509037
2024-04-29 16:00:00,25688.235281334186,18246.938383974208,25159.873136889648
2024-04-29 20:00:00,25688.235281334186,18214.98879360363,24968.475934817332
2024-04-30 00:00:00,25688.235281334186,18474.92817933708,25410.200408250712
2024-04-30 04:00:00,25688.235281334186,18440.49706738432,25228.163299721273
2024-04-30 08:00:00,25688.235281334186,18295.01786462896,24989.895722619753
2024-04-30 12:00:00,25688.235281334186,17701.934206487716,23877.584361732137
2024-04-30 16:00:00,25688.235281334186,17620.66437467129,23752.76154623789
2024-04-30 20:00:00,25688.235281334186,17181.124864427493,23029.248322402535
2024-05-01 00:00:00,25688.235281334186,17632.761792384423,23749.181295830113
2024-05-01 04:00:00,25688.235281334186,17516.13027802192,23649.03238946056
2024-05-01 08:00:00,25688.235281334186,16687.30206957349,22544.989240269646
2024-05-01 12:00:00,25688.235281334186,16809.5170074959,22901.657258102765
2024-05-01 16:00:00,25688.235281334186,16496.8452881411,22782.310696680157
2024-05-01 20:00:00,25688.235281334186,16518.868792182955,23524.081486177576
2024-05-02 00:00:00,25688.235281334186,16869.07352546824,24168.80720384047
2024-05-02 04:00:00,25688.235281334186,16614.09718289915,23542.121220942707
2024-05-02 08:00:00,25688.235281334186,16689.473400957897,23704.354770347323
2024-05-02 12:00:00,25675.391163693515,16979.501235875294,24708.819345485266
2024-05-02 16:00:00,25707.77073689888,17189.499999767355,24830.180904469285
2024-05-02 20:00:00,25625.169784844376,17172.43953888986,24687.183386811583
2024-05-03 00:00:00,25590.146981173268,17079.69266975585,24574.15944373607
2024-05-03 04:00:00,25796.31895750131,17272.01059237487,25024.90685427431
2024-05-03 08:00:00,25563.714676515825,17109.47092874202,24512.859495638866
2024-05-03 12:00:00,25536.62156424195,17133.045383772736,24486.129177021037
2024-05-03 16:00:00,25841.25387541896,17791.579173644004,25359.870368876887
2024-05-03 20:00:00,25873.906176152566,17897.974411480012,25470.064013100637
2024-05-04 00:00:00,26043.036426742576,18144.885808907016,25704.00935778462
2024-05-04 04:00:00,26067.344841133912,18092.463665483443,25741.0786298773
2024-05-04 08:00:00,26053.536658461824,18166.599122751097,25729.805939875776
2024-05-04 12:00:00,26425.02863176763,18429.02003006673,26127.81395987983
2024-05-04 16:00:00,26332.622722611057,18335.652780537173,26038.693658504533
2024-05-04 20:00:00,26492.279596680266,18431.811741846686,26224.535788548594
2024-05-05 00:00:00,26349.227204832394,18424.05698690237,26051.817746047513
2024-05-05 04:00:00,26097.074614206736,18235.46134665662,25804.687684310607
2024-05-05 08:00:00,26276.146006581126,18381.56092980752,25977.62296662202
2024-05-05 12:00:00,26440.02348385028,18417.853182946918,26139.713656576852
2024-05-05 16:00:00,26613.084389198637,18574.49923282209,26292.413707491367
2024-05-05 20:00:00,26397.050026168967,18408.23728681597,26064.850231506454
2024-05-06 00:00:00,26405.289867640597,18458.798289052906,26063.733483438595
2024-05-06 04:00:00,26382.504685340384,18401.41310246497,26073.50403957907
2024-05-06 08:00:00,26773.007774678154,18606.1386329949,26479.843552481994
2024-05-06 12:00:00,26936.373962560145,18490.747879423485,26930.27986608277
2024-05-06 16:00:00,26661.863721562215,18310.837564715366,26745.900484882124
2024-05-06 20:00:00,26538.766612753483,18207.854419054856,26664.05206244108
2024-05-07 00:00:00,26492.711890699487,18197.307952330586,26581.542370217543
2024-05-07 04:00:00,26555.488153370192,18217.78050538358,26681.97082453819
2024-05-07 08:00:00,26632.80264449321,18351.162290425807,26901.326933753924
2024-05-07 12:00:00,26622.229722630233,18289.124250871282,26841.253906280035
2024-05-07 16:00:00,26607.69195506864,18366.98199051221,26854.381729590667
2024-05-07 20:00:00,26398.215940658418,18187.692056199638,26409.60170108646
2024-05-08 00:00:00,26199.53587068172,17978.31367270312,25962.268733199948
2024-05-08 04:00:00,26199.53587068172,18161.01569919119,26226.96301708265
2024-05-08 08:00:00,26199.53587068172,17965.59587459444,25776.56098385791
2024-05-08 12:00:00,26199.53587068172,17956.91054905681,25642.79111029974
2024-05-08 16:00:00,26199.53587068172,17953.49845688131,25715.04750216207
2024-05-08 20:00:00,26199.53587068172,17943.572370552585,25678.010232868888
2024-05-09 00:00:00,26199.53587068172,17662.85024156837,25178.22145786206
2024-05-09 04:00:00,26199.53587068172,17801.195069774956,25464.56930655913
2024-05-09 08:00:00,26199.53587068172,17691.077549565678,25345.799682073695
2024-05-09 12:00:00,26199.53587068172,17653.54453563519,25286.849687244852
2024-05-09 16:00:00,26199.53587068172,17900.14574286442,25726.139519276257
2024-05-09 20:00:00,26199.53587068172,17967.76720597885,26211.744532142708
2024-05-10 00:00:00,26199.53587068172,18150.779422664695,26477.921557397418
2024-05-10 04:00:00,26199.53587068172,18112.626028338662,26609.220175118826
2024-05-10 08:00:00,26199.53587068172,18147.367330489196,26664.981091659574
2024-05-10 12:00:00,26199.53587068172,18219.02126617467,26759.25971632811
2024-05-10 16:00:00,26199.53587068172,17551.181770370225,25520.496713207613
2024-05-10 20:00:00,26199.53587068172,17497.518866155562,25519.74743896368
2024-05-11 00:00:00,26199.53587068172,17545.59834681032,25457.183122190625
2024-05-11 04:00:00,26199.53587068172,17505.894001495424,25189.894602143504
2024-05-11 08:00:00,26199.53587068172,17606.39562557375,25470.94485980896
2024-05-11 12:00:00,26199.53587068172,17498.44943674888,25236.540955406057
2024-05-11 16:00:00,26199.53587068172,17654.78529642628,25478.404721598286
2024-05-11 20:00:00,26199.53587068172,17636.484074757696,25557.642806325814
2024-05-12 00:00:00,26199.53587068172,17529.778646723917,25363.99685245332
2024-05-12 04:00:00,26199.53587068172,17562.038427292267,25512.17172030351
2024-05-12 08:00:00,26199.53587068172,17528.22769573505,25244.954090249863
2024-05-12 12:00:00,26199.53587068172,17616.94209229802,25383.882839201993
2024-05-12 16:00:00,26199.53587068172,17692.318310356768,25431.17706690698
2024-05-12 20:00:00,26199.53587068172,17688.596027983494,25396.321215015458
2024-05-13 00:00:00,26199.53587068172,17713.411243805305,25261.50280891747
2024-05-13 04:00:00,26199.53587068172,17617.562472693568,24797.19736665907
2024-05-13 08:00:00,26199.53587068172,17947.915033321402,25351.000952967057
2024-05-13 12:00:00,26199.53587068172,18035.698859291053,25592.20898943115
2024-05-13 16:00:00,26199.53587068172,18103.010132207713,25763.53922648341
2024-05-13 20:00:00,26199.53587068172,18155.12208543351,25941.316525218885
2024-05-14 00:00:00,26199.53587068172,18081.29681836363,25755.98713344158
2024-05-14 04:00:00,26199.53587068172,17940.160278377087,25583.779070242017
2024-05-14 08:00:00,26199.53587068172,17827.251046387857,25534.94776718309
2024-05-14 12:00:00,26199.53587068172,17748.772926351383,25490.18761986695
2024-05-14 16:00:00,26199.53587068172,17708.44820064094,25032.44288425846
2024-05-14 20:00:00,26199.53587068172,17659.127959195095,25112.405153731546
2024-05-15 00:00:00,26199.53587068172,17655.715867019597,24932.64363693733
2024-05-15 04:00:00,26199.53587068172,17748.772926351383,25170.57381175574
2024-05-15 08:00:00,26199.53587068172,17828.181616981172,25251.65392736467
2024-05-15 12:00:00,26199.53587068172,17891.77060752456,25224.404136684865
2024-05-15 16:00:00,26173.336334811036,18485.47464606135,26232.63274258867
2024-05-15 20:00:00,26478.676767385186,18769.608867221068,26718.475617389544
2024-05-16 00:00:00,26657.95649913578,18789.15084968074,27022.931349613555
2024-05-16 04:00:00,26704.95656036465,18732.07585329058,27212.697032081458
2024-05-16 08:00:00,26871.29187699654,18793.183322251785,27456.86604188765
2024-05-16 12:00:00,27000.249343495692,18921.60206412965,27644.659511750353
2024-05-16 16:00:00,26507.202000020265,18700.746643315546,27095.159473777254
2024-05-16 20:00:00,26396.838248815217,18569.225999459955,26952.390330333146
2024-05-17 00:00:00,26408.178727882205,18572.01771123991,26972.804267891548
2024-05-17 04:00:00,26638.789513960775,18694.23264916232,27335.5275216034
2024-05-17 08:00:00,27168.09860811664,18925.014156305147,28276.716750851134
2024-05-17 12:00:00,27066.063216786497,18922.84282492074,28135.00074589321
2024-05-17 16:00:00,27503.81122689507,19168.203271358878,28526.57038700152
2024-05-17 20:00:00,27327.09187082077,19109.577323979855,28349.110660015165
2024-05-18 00:00:00,27403.38982994308,19113.299606353125,28448.58018652191
2024-05-18 04:00:00,27670.198001264864,19087.243629740227,28861.39455375622
2024-05-18 08:00:00,27582.118336390282,19074.83602182932,28751.015517736843
2024-05-18 12:00:00,27854.733941865037,19175.33764590765,29067.9586408084
2024-05-18 16:00:00,27597.75170170577,19059.636702138465,28761.051608715232
2024-05-18 20:00:00,27628.838453693526,19079.799064993684,28780.617276998983
2024-05-19 00:00:00,27656.902145614404,19088.174200333546,28802.39474661427
2024-05-19 04:00:00,27800.773812799314,19150.212239888067,29015.176914963056
2024-05-19 08:00:00,27772.126427628587,19192.398106785142,28988.670971434763
2024-05-19 12:00:00,27593.818656564785,19191.467536191827,28716.722468830783
2024-05-19 16:00:00,27258.667322644105,19064.909935500596,28271.84366705166
2024-05-19 20:00:00,27135.80942599146,18807.762261547097,28258.14904689339
2024-05-20 00:00:00,27209.620587765465,18884.99962079248,28388.964639304093
2024-05-20 04:00:00,27372.902939740325,18983.64010368417,28648.171232624325
2024-05-20 08:00:00,27724.487022045494,19042.266051063198,29297.078175480503
2024-05-20 12:00:00,27726.46929472012,19109.887514177626,29303.001465855516
2024-05-20 16:00:00,27867.656919482288,19238.926636451037,29530.84419622986
2024-05-20 20:00:00,29234.023764432233,19863.95988496286,30667.30890313472
2024-05-21 00:00:00,29821.220206461665,19929.09982649511,31006.77873987772
2024-05-21 04:00:00,29996.788335333,20154.29791007803,30987.73602876114
2024-05-21 08:00:00,29670.29785978709,20013.781750487033,30603.0458716151
2024-05-21 12:00:00,30130.789437598112,20195.55320638179,30848.83216572967
2024-05-21 16:00:00,29622.960990711836,19733.369811700588,30244.01095989759
2024-05-21 20:00:00,29440.127031017524,19670.71139175052,30069.477858666527
2024-05-22 00:00:00,29797.108945796088,19937.785152032742,30598.82130282186
2024-05-22 04:00:00,29820.101075890976,19923.20621273743,30613.962756580586
2024-05-22 08:00:00,29673.39328659068,19863.95988496286,30720.468537379194
2024-05-22 12:00:00,29611.368338561835,19962.290177656778,30576.52251416346
2024-05-22 16:00:00,29879.803650378788,20139.09859038717,31067.08821402911
2024-05-22 20:00:00,29746.017664501167,19954.535422712463,30695.662274911076
2024-05-23 00:00:00,29676.89056074458,19809.676600352654,30501.62224043077
2024-05-23 04:00:00,29819.511816356535,19863.339504567313,30744.65865938131
2024-05-23 08:00:00,29954.13178830719,19953.604852119148,30706.98976080652
2024-05-23 12:00:00,30248.251389506033,19998.582430796174,30643.265131686185
2024-05-23 16:00:00,29733.00312633303,19496.694690800083,30059.42549278406
2024-05-23 20:00:00,29698.144985321585,19283.594024930295,29821.214911658215
2024-05-24 00:00:00,29674.805186557398,19515.926483061983,30430.585350874648
2024-05-24 04:00:00,29737.852954647668,19503.51887515108,30036.007887116073
2024-05-24 08:00:00,29351.079146555432,19254.125956141896,29132.806483705448
2024-05-24 12:00:00,29351.079146555432,19286.695926908018,29175.559296323765
2024-05-24 16:00:00,29351.079146555432,19551.598355805836,29325.06803864569
2024-05-24 20:00:00,29351.079146555432,19787.96328650857,29599.834680307624
2024-05-25 00:00:00,29351.079146555432,19624.80324248017,29461.804888383867
2024-05-25 04:00:00,29351.079146555432,19672.882723134928,29688.21894100671
2024-05-25 08:00:00,29351.079146555432,19680.637478079243,29630.11794728142
2024-05-25 12:00:00,29351.079146555432,19787.96328650857,29622.705380072486
2024-05-25 16:00:00,29351.079146555432,19738.022664667176,29523.992149255373
2024-05-25 20:00:00,29351.079146555432,19796.338421848428,29501.34645439782
2024-05-26 00:00:00,29351.079146555432,19835.112196570008,29620.584874791628
2024-05-26 04:00:00,29351.079146555432,19760.356358906807,29394.82274980756
2024-05-26 08:00:00,29351.079146555432,19834.802006372232,29337.773305254792
2024-05-26 12:00:00,29351.079146555432,19778.347390377618,29229.41219937426
2024-05-26 16:00:00,29351.079146555432,19690.253374210195,29099.037375773994
2024-05-26 20:00:00,29351.079146555432,19712.27687825205,29163.80558496513
2024-05-27 00:00:00,29351.079146555432,19595.335173691772,29127.3845820161
2024-05-27 04:00:00,29336.403606982152,19687.771852628015,29473.531258312723
2024-05-27 08:00:00,29320.690312688315,19618.909628722493,29456.086844872294
2024-05-27 12:00:00,29277.343293946687,19531.746183148385,29601.551468198923
2024-05-27 16:00:00,29398.689045943836,20076.12998023933,30217.420252074477
2024-05-27 20:00:00,28846.19619702073,19743.606088227083,29683.803565797098
2024-05-28 00:00:00,29018.79578557709,19806.26450817715,29887.307138286928
2024-05-28 04:00:00,28521.450224904333,19395.88287652398,29418.556468846255
2024-05-28 08:00:00,28435.911806182663,19305.927719169922,29261.600859889695
2024-05-28 12:00:00,28435.911806182663,19480.254610318134,29759.198340984003
2024-05-28 16:00:00,28435.911806182663,19483.356512295857,29551.812489207692
2024-05-28 20:00:00,28435.911806182663,19530.505422357295,29791.896059796483
2024-05-29 00:00:00,28435.911806182663,19528.954471368434,29668.31358565351
2024-05-29 04:00:00,28421.69385027957,19647.136936719802,30058.79418749164
2024-05-29 08:00:00,28336.252276311592,19400.53572949057,29770.76863450012
2024-05-29 12:00:00,28204.803700976237,19354.937770417993,29495.060377603302
2024-05-29 16:00:00,28250.81070234361,19321.437229058552,29517.56087456201
2024-05-29 20:00:00,28307.572587147515,19304.997148576604,29610.47020426966
2024-05-30 00:00:00,28244.835767101096,19406.42934324825,29547.56083417229
2024-05-30 04:00:00,28344.019692126865,19551.28816560806,29822.4206302439
2024-05-30 08:00:00,28042.954953873723,19383.165078415303,29113.59196199492
2024-05-30 12:00:00,28042.954953873723,19438.068743421056,29291.258362479508
2024-05-30 16:00:00,28042.954953873723,19622.942101293535,29586.025018735647
2024-05-30 20:00:00,28042.954953873723,19637.83123078662,29559.541549779246
2024-05-31 00:00:00,28042.954953873723,19564.00596371674,29371.571238896788
2024-05-31 04:00:00,28042.954953873723,19645.275795533165,29491.719020636487
2024-05-31 08:00:00,28042.954953873723,19530.195232159524,29322.600980488554
2024-05-31 12:00:00,28042.954953873723,19537.01941651052,29605.784851568973
2024-05-31 16:00:00,28042.954953873723,19223.727316760178,29016.14864626373
2024-05-31 20:00:00,28042.954953873723,19344.081113495955,29260.532527021147
2024-06-01 00:00:00,28042.954953873723,19325.77989182737,29175.869150932223
2024-06-01 04:00:00,28042.954953873723,19367.3453783289,29336.51439739537
2024-06-01 08:00:00,28042.954953873723,19343.460733100408,29314.511053565628
2024-06-01 12:00:00,28042.954953873723,19357.419292000177,29350.29438192297
2024-06-01 16:00:00,28042.954953873723,19359.590623384585,29399.44329833161
2024-06-01 20:00:00,28042.954953873723,19367.035188131125,29416.17002679898
2024-06-02 00:00:00,28028.933476396785,19375.72051366876,29301.620216321775
2024-06-02 04:00:00,28008.467464364898,19380.993747030894,29297.983497300454
2024-06-02 08:00:00,27977.90134249909,19367.655568526672,29157.967514903205
2024-06-02 12:00:00,28008.999049093,19519.33857523748,29337.641526135976
2024-06-02 16:00:00,27987.46986760491,19480.254610318134,29198.931539763864
2024-06-02 20:00:00,27944.145712264683,19372.928801888807,28930.824282576134
2024-06-03 00:00:00,27942.019373352276,19376.030703866534,28928.336452771993
2024-06-03 04:00:00,27987.73565996896,19552.52892639915,29077.562558277208
2024-06-03 08:00:00,28023.154453162504,19706.073074296597,29344.391499126046
2024-06-03 12:00:00,28014.90706035842,19743.606088227083,29274.816022803898
2024-06-03 16:00:00,27986.56532553146,19821.15363767024,29193.09237512023
2024-06-03 20:00:00,27840.322288502997,19685.91071144138,29311.7180239098
2024-06-04 00:00:00,27781.77267667326,19562.455012727874,29038.119796392737
2024-06-04 04:00:00,27823.993125404755,19651.479599488615,29236.59811871699
2024-06-04 08:00:00,27824.140234982216,19651.78978968639,29170.505942214768
2024-06-04 12:00:00,27842.087603432534,19689.63299381465,29234.57224332596
2024-06-04 16:00:00,28021.855507090666,20068.685415492786,29631.65435844428
2024-06-04 20:00:00,27983.73067161876,20017.814223058078,29712.614310708865
2024-06-05 00:00:00,28131.082884642892,20063.722372328426,29979.801328943366
2024-06-05 04:00:00,28240.757357437815,20167.015708186707,30124.609354106273
2024-06-05 08:00:00,28351.644010213546,20284.267602944758,30277.974440776194
2024-06-05 12:00:00,28291.847545688797,20225.33146536796,30192.812669878607
2024-06-05 16:00:00,28493.234734537727,20410.515013438213,30484.95444750139
2024-06-05 20:00:00,28326.11627581844,20308.772628568793,30339.773953128853
2024-06-06 00:00:00,28306.678822582267,20259.142196925175,30359.151182778995
2024-06-06 04:00:00,28260.837439257575,20216.956330028097,30334.502854176073
2024-06-06 08:00:00,28192.959815446105,20226.88241635682,30215.718580848494
2024-06-06 12:00:00,28289.8586926027,20307.842057975475,30336.396754285157
2024-06-06 16:00:00,28248.323646818546,20309.70319916211,30288.140636855154
2024-06-06 20:00:00,27754.53504568775,20064.652942921744,29714.659477004858
2024-06-07 00:00:00,27798.22659019386,20156.779431660212,29880.846585795553
2024-06-07 04:00:00,27823.970766249648,20211.06271627042,29924.182846723663
2024-06-07 08:00:00,27835.88664202404,20236.18812229,30092.872128554325
2024-06-07 12:00:00,27903.557047656395,20378.875613265405,30175.267612981894
2024-06-07 16:00:00,27900.467746529703,20372.36161911218,30084.077974152053
2024-06-07 20:00:00,27669.020248309298,19914.210697002025,29001.69946089881
2024-06-08 00:00:00,27669.020248309298,19952.9844717236,29053.97577026752
2024-06-08 04:00:00,27669.020248309298,19975.007975765457,29092.29025279199
2024-06-08 08:00:00,27669.020248309298,20023.397646617985,29241.79879044237
2024-06-08 12:00:00,27669.020248309298,19959.498465876826,28855.870145486682
2024-06-08 16:00:00,27669.020248309298,19977.489497347637,28842.044198247124
2024-06-08 20:00:00,27669.020248309298,19991.137866049634,28803.360424695817
2024-06-09 00:00:00,27669.020248309298,19953.294661921373,28583.222918914216
2024-06-09 04:00:00,27669.020248309298,19930.960967681745,28553.11278083729
2024-06-09 08:00:00,27669.020248309298,19946.160287372604,28711.020253485105
2024-06-09 12:00:00,27669.020248309298,19969.11436200778,28781.61345897736
2024-06-09 16:00:00,27669.020248309298,19999.823191587268,29009.217086609147
2024-06-09 20:00:00,27669.020248309298,20066.824274306153,29096.52417032441
2024-06-10 00:00:00,27669.020248309298,20069.305795888333,29137.039222805663
2024-06-10 04:00:00,27669.020248309298,20089.778348941327,28906.83540411039
2024-06-10 08:00:00,27669.020248309298,19978.730258138727,28557.68296689543
2024-06-10 12:00:00,27669.020248309298,20031.46259176007,28812.580039692657
2024-06-10 16:00:00,27669.020248309298,20218.817471214734,29230.697215544627
2024-06-10 20:00:00,27669.020248309298,20011.300228904853,28865.41805397885
2024-06-11 00:00:00,27669.020248309298,20018.744793651396,28714.176807300508
2024-06-11 04:00:00,27669.020248309298,19704.21193310996,28167.545247189024
2024-06-11 08:00:00,27669.020248309298,19468.157192605002,27744.39653659429
2024-06-11 12:00:00,27669.020248309298,19338.187499738273,27825.76180041441
2024-06-11 16:00:00,27669.020248309298,19156.41604384352,26972.342988230746
2024-06-11 20:00:00,27669.020248309298,19501.34754376667,27346.10672673452
2024-06-12 00:00:00,27669.020248309298,19463.814529836185,27364.95402046622
2024-06-12 04:00:00,27669.020248309298,19488.00936526245,27415.28053116885
2024-06-12 08:00:00,27669.020248309298,19479.01384952704,27635.696895544825
2024-06-12 12:00:00,27669.020248309298,19549.427024421428,27631.624792777842
2024-06-12 16:00:00,27669.020248309298,19967.563411018913,28487.865329819673
2024-06-12 20:00:00,27669.020248309298,19401.46630008389,27645.949991661524
2024-06-13 00:00:00,27669.020248309298,19598.4370756695,27946.759681103373
2024-06-13 04:00:00,27669.020248309298,19378.822415646486,27427.203397705678
2024-06-13 08:00:00,27669.020248309298,19440.240074805464,27484.38503447884
2024-06-13 12:00:00,27669.020248309298,19493.592788822356,27292.411214418928
2024-06-13 16:00:00,27669.020248309298,19168.823651754425,26864.63695839356
2024-06-13 20:00:00,27669.020248309298,19240.167397242127,27063.83059683176
2024-06-14 00:00:00,27669.020248309298,19300.654485807787,27056.67676412155
2024-06-14 04:00:00,27669.020248309298,19283.28383473252,27075.446625837365
2024-06-14 08:00:00,27669.020248309298,19383.165078415303,27213.489855573353
2024-06-14 12:00:00,27669.020248309298,19432.175129663377,27312.298004153035
2024-06-14 16:00:00,27669.020248309298,19245.440630604262,26698.81096835983
2024-06-14 20:00:00,27669.020248309298,18998.529233177258,26326.09251283427
2024-06-15 00:00:00,27669.020248309298,19158.8975654257,26643.74892553274
2024-06-15 04:00:00,27669.020248309298,19217.8337030025,26854.839784091324
2024-06-15 08:00:00,27669.020248309298,19157.966994832383,26772.027151227245
2024-06-15 12:00:00,27669.020248309298,19229.620930517856,26887.999685001396
2024-06-15 16:00:00,27669.020248309298,19225.898648144586,26985.03051057159
2024-06-15 20:00:00,27669.020248309298,19156.105853645746,26879.679764773
2024-06-16 00:00:00,27669.020248309298,19182.782210654193,27004.816458071582
2024-06-16 04:00:00,27669.020248309298,19168.203271358878,26822.643056408837
2024-06-16 08:00:00,27669.020248309298,19201.083432322775,26892.413783303906
2024-06-16 12:00:00,27669.020248309298,19274.288318997114,26974.544368400253
2024-06-16 16:00:00,27655.185738185144,19340.04864092491,27418.79708095212
2024-06-16 20:00:00,27654.26329458972,19283.594024930295,27428.853415770867
2024-06-17 00:00:00,27879.986673593365,19320.196468267462,27746.464794603475
2024-06-17 04:00:00,27517.337240155994,19196.120389158415,27214.096737319105
2024-06-17 08:00:00,27379.05074874102,19167.582890963335,27086.559498449067
2024-06-17 12:00:00,27310.646713337286,19045.988333436468,26707.54275356151
2024-06-17 16:00:00,27212.32415389446,18902.370271867745,26317.347864284715
2024-06-17 20:00:00,27212.32415389446,19263.1214718773,26851.055714601174
2024-06-18 00:00:00,27212.32415389446,19211.629899047046,26625.924253918685
2024-06-18 04:00:00,27212.32415389446,18947.65804074255,25676.19901063904
2024-06-18 08:00:00,27212.32415389446,19001.941325352756,25807.671843502918
2024-06-18 12:00:00,27212.32415389446,18919.740922943012,25793.84459460018
2024-06-18 16:00:00,27212.32415389446,18680.8944706581,25522.3061461048
2024-06-18 20:00:00,27212.32415389446,18597.453307457265,25214.115137002125
2024-06-19 00:00:00,27212.32415389446,18823.892151831275,25834.06228896741
2024-06-19 04:00:00,27212.32415389446,18900.198940483337,26300.60683440438
2024-06-19 08:00:00,27212.32415389446,18872.592012881574,26229.164556002717
2024-06-19 12:00:00,27212.32415389446,18813.65587530478,25954.632526064306
2024-06-19 16:00:00,27212.32415389446,18733.31661408167,25809.71112016268
2024-06-19 20:00:00,27212.32415389446,18731.455472895035,25818.20869686795
2024-06-20 00:00:00,27212.32415389446,18754.71973772798,25706.374365362357
2024-06-20 04:00:00,27212.32415389446,18825.75329301791,25485.593920985084
2024-06-20 08:00:00,27212.32415389446,19039.474339283242,26093.784157559036
2024-06-20 12:00:00,27212.32415389446,19153.624332063566,26361.821993877733
2024-06-20 16:00:00,27212.32415389446,18782.94704572529,25481.919262221025
2024-06-20 20:00:00,27212.32415389446,18845.295275477583,25652.017811153535
2024-06-21 00:00:00,27212.32415389446,18797.836175218374,25539.055349810846
2024-06-21 04:00:00,27212.32415389446,18656.079254836288,25359.32625525594
2024-06-21 08:00:00,27212.32415389446,18664.45439017615,25275.494346585037
2024-06-21 12:00:00,27212.32415389446,18501.604536345527,25296.116054411043
2024-06-21 16:00:00,27212.32415389446,18478.650461710353,25197.7090442236
2024-06-21 20:00:00,27212.32415389446,18634.67613118998,25442.53642232916
2024-06-22 00:00:00,27212.32415389446,18610.17110556594,25627.693086044274
2024-06-22 04:00:00,27212.32415389446,18658.870966616243,25663.503098680307
2024-06-22 08:00:00,27212.32415389446,18708.811588457633,25632.876355001907
2024-06-22 12:00:00,27212.32415389446,18643.051266529837,25592.91774256256
2024-06-22 16:00:00,27212.32415389446,18634.055750794432,25541.762169212692
2024-06-22 20:00:00,27212.32415389446,18625.3704252568,25537.718111499482
2024-06-23 00:00:00,27212.32415389446,18611.41186635703,25453.776000067868
2024-06-23 04:00:00,27212.32415389446,18657.009825429606,25618.428162225042
2024-06-23 08:00:00,27212.32415389446,18654.838494045198,25594.338648656598
2024-06-23 12:00:00,27212.32415389446,18638.70860376102,25510.172084196136
2024-06-23 16:00:00,27212.32415389446,18572.948281833225,25183.676039940183
2024-06-23 20:00:00,27212.32415389446,18591.869883897358,25204.611716408555
2024-06-24 00:00:00,27212.32415389446,18338.7546825149,24756.225586391098
2024-06-24 04:00:00,27212.32415389446,18231.118683887802,24438.3920209506
2024-06-24 08:00:00,27212.32415389446,18065.787308475,24168.15688239733
2024-06-24 12:00:00,27212.32415389446,17699.452684905536,24129.903010555397
2024-06-24 16:00:00,27212.32415389446,17586.543452916303,23971.669030965393
2024-06-24 20:00:00,27212.32415389446,17123.73967783956,23955.04796413069
2024-06-25 00:00:00,27212.32415389446,17421.2120775035,24651.11922836912
2024-06-25 04:00:00,27198.717991817517,17713.411243805305,25143.28827055155
2024-06-25 08:00:00,27145.6431654453,17547.14929779918,24992.167150007266
2024-06-25 12:00:00,27357.22524355075,17717.44371637635,25412.274888256383
2024-06-25 16:00:00,27479.15389873016,17926.20171947732,25746.449605042777
2024-06-25 20:00:00,27431.099664041805,17959.702260836762,25672.978123322137
2024-06-26 00:00:00,27284.068050443104,17918.446964533006,25397.161648551046
2024-06-26 04:00:00,27413.886206840005,17963.734733407808,25616.10086041977
2024-06-26 08:00:00,27384.479884120265,17915.34506255528,25568.226830410946
2024-06-26 12:00:00,27333.556739898275,17820.426862036857,25425.627266606978
2024-06-26 16:00:00,27322.081101763742,17848.654170034166,25392.64033938194
2024-06-26 20:00:00,27374.43870075255,17700.383255498855,25492.146665535794
2024-06-27 00:00:00,27315.62605531307,17665.952143546096,25329.165119461133
2024-06-27 04:00:00,27345.74960541622,17699.142494707765,25405.969354599045
2024-06-27 08:00:00,27239.59995267179,17623.766276649018,25200.188253648645
2024-06-27 12:00:00,27441.140847409522,17730.781894880573,25592.248535419465
2024-06-27 16:00:00,28003.78276783796,17824.769524805673,26597.36282475369
2024-06-27 20:00:00,28049.609764161214,17795.92183641282,26667.329527267808
2024-06-28 00:00:00,28120.172849694212,17847.723599440847,26796.84721865072
2024-06-28 04:00:00,28039.152178476892,17921.859056708505,26649.00424258524
2024-06-28 08:00:00,27794.815507720978,17767.69452841551,26302.8398406255
2024-06-28 12:00:00,27865.14352585308,17867.265581900523,26386.16912156323
2024-06-28 16:00:00,27586.412962764938,17658.507578799552,25992.729800537043
2024-06-28 20:00:00,27318.294366225513,17385.850394957422,25621.833359292497
2024-06-29 00:00:00,27318.294366225513,17487.282589629067,25551.318126094455
2024-06-29 04:00:00,27318.294366225513,17575.066415598718,25775.68457218338
2024-06-29 08:00:00,27318.294366225513,17662.85024156837,25861.903978497376
2024-06-29 12:00:00,27318.294366225513,17680.531082841408,25928.41541464522
2024-06-29 16:00:00,27318.294366225513,17691.69792996122,25931.303069578298
2024-06-29 20:00:00,27318.294366225513,17668.743855326047,25809.754715995918
2024-06-30 00:00:00,27318.294366225513,17649.82225326192,25633.357211767194
2024-06-30 04:00:00,27318.294366225513,17618.18285308911,25394.270340606985
2024-06-30 08:00:00,27318.294366225513,17798.713548192776,25741.14268915649
2024-06-30 12:00:00,27318.294366225513,17804.296971752683,25798.633154703035
2024-06-30 16:00:00,27318.294366225513,17847.103219045304,26099.26033567176
2024-06-30 20:00:00,27304.6352190424,17938.919517585997,26279.475771865204
2024-07-01 00:00:00,27396.905475985546,18120.690973480752,26506.72554977396
2024-07-01 04:00:00,27472.126185065456,18295.94843522228,26721.68138860554
2024-07-01 08:00:00,27416.376187320555,18236.081727052166,26756.36249777021
2024-07-01 12:00:00,27249.86361211135,18062.3752162995,26445.69857762245
2024-07-01 16:00:00,27382.134441346367,18235.77153685439,26801.165015642382
2024-07-01 20:00:00,27289.358083339284,18246.00781338089,26654.963674532257
2024-07-02 00:00:00,27145.602527693052,18162.566650180055,26529.059082018997
2024-07-02 04:00:00,27370.4787049148,18232.359444678892,26837.9816156132
2024-07-02 08:00:00,27170.33936188084,18098.04708904335,26610.795094390283
2024-07-02 12:00:00,27352.316182329996,18147.987710884743,26864.15479213844
2024-07-02 16:00:00,27007.020627102367,17877.812048624794,26577.867387089696
2024-07-02 20:00:00,27264.35542371673,17866.335011307205,27014.713018414695
2024-07-03 00:00:00,27332.76087598131,17912.243160577553,27155.17914219363
2024-07-03 04:00:00,27125.5900776943,17593.677827465075,26602.008085124195
2024-07-03 08:00:00,26851.060104822114,17531.019407515007,26108.55276404416
2024-07-03 12:00:00,26851.060104822114,17397.017242077236,25756.78457471721
2024-07-03 16:00:00,26851.060104822114,17276.973635539234,25389.14183009325
2024-07-03 20:00:00,26851.060104822114,17157.240219199,25224.071571381533
2024-07-04 00:00:00,26851.060104822114,17312.335318085312,25326.923352323418
2024-07-04 04:00:00,26851.060104822114,16997.182077148333,24754.501860287764
2024-07-04 08:00:00,26851.060104822114,16716.14975796634,24272.564267356694
2024-07-04 12:00:00,26851.060104822114,16587.11063569293,24021.28685340737
2024-07-04 16:00:00,26851.060104822114,16683.579787200215,24270.542517172653
2024-07-04 20:00:00,26851.060104822114,16730.10831686611,24158.766291310832
2024-07-05 00:00:00,26851.060104822114,16381.76472476746,23289.669330711404
2024-07-05 04:00:00,26851.060104822114,15831.177123721063,22448.10278185
2024-07-05 08:00:00,26851.060104822114,15584.265726294061,22605.0940682964
2024-07-05 12:00:00,26851.060104822114,15923.923992855076,23207.39965037755
2024-07-05 16:00:00,26851.060104822114,16265.133210404954,23888.724812700733
2024-07-05 20:00:00,26851.060104822114,16180.45128641303,23823.495938287982
2024-07-06 00:00:00,26851.060104822114,16221.396392519016,23753.680196354457
2024-07-06 04:00:00,26851.060104822114,16159.04816276672,23737.95489826862
2024-07-06 08:00:00,26851.060104822114,16238.45685339651,24107.650238473965
2024-07-06 12:00:00,26851.060104822114,16286.846524249038,24313.196638383677
2024-07-06 16:00:00,26851.060104822114,16415.265266126902,24664.283907122306
2024-07-06 20:00:00,26851.060104822114,16553.92028453126,24845.210558072267
2024-07-07 00:00:00,26837.634574769705,16663.417424344996,24935.801566032336
2024-07-07 04:00:00,26773.94545920439,16589.28196707734,24783.01563433718
2024-07-07 08:00:00,26588.976006551948,16418.056977906854,24350.77159751919
2024-07-07 12:00:00,26624.88582703026,16438.83972115762,24432.854690573397
2024-07-07 16:00:00,26447.36935598652,16246.83198873637,24004.836001906806
2024-07-07 20:00:00,26486.666895377886,16383.625865954094,24147.50949007053
2024-07-08 00:00:00,26112.502149500855,16003.332683484867,23340.04943589527
2024-07-08 04:00:00,26112.502149500855,15803.5701961193,23108.16529797907
2024-07-08 08:00:00,26112.502149500855,15997.439069727187,23424.260589820922
2024-07-08 12:00:00,26112.502149500855,16366.875595274374,24558.11350715938
2024-07-08 16:00:00,26112.502149500855,15957.114344016747,23969.829386247126
2024-07-08 20:00:00,26112.502149500855,16185.724519775165,24203.90427210858
2024-07-09 00:00:00,26112.502149500855,16228.220576870013,24361.496787489225
2024-07-09 04:00:00,26112.502149500855,16367.80616586769,24558.64809040253
2024-07-09 08:00:00,26112.502149500855,16366.5654050766,24742.819675947674
2024-07-09 12:00:00,26099.445898426104,16471.409691923745,24798.53455205941
2024-07-09 16:00:00,26059.131860019857,16487.229392010147,24645.23269843057
2024-07-09 20:00:00,26062.796772602243,16595.17558083502,24844.532971767625
2024-07-10 00:00:00,26042.945162780983,16645.736583071957,24774.355338314435
2024-07-10 04:00:00,26075.406935098603,16680.788075420263,24838.933358213013
2024-07-10 08:00:00,26240.66615736774,16914.36129434304,25233.874897155532
2024-07-10 12:00:00,26049.739261852068,16760.506956247824,24991.344619950003
2024-07-10 16:00:00,25929.69725581637,16543.373817806994,24819.51338520725
2024-07-10 20:00:00,25812.19210592874,16449.38618788189,24732.129618816303
2024-07-11 00:00:00,25882.62319149261,16534.068111873814,24836.576604178408
2024-07-11 04:00:00,25675.268626084173,16481.025588054697,24592.750902948777
2024-07-11 08:00:00,25993.340342951633,16657.83400078509,24903.318250347904
2024-07-11 12:00:00,26195.426277441707,16785.942552465178,25103.217700744266
2024-07-11 16:00:00,25561.332077116465,16386.72776793182,24382.32671128211
2024-07-11 20:00:00,25532.92900460297,16385.17681694296,24174.084926718246
2024-07-12 00:00:00,25509.412482199332,16364.08388349442,24058.93640087146
2024-07-12 04:00:00,25479.176953394643,16249.623700516324,24094.31637170514
2024-07-12 08:00:00,25413.398033433143,16292.740138006719,23953.794103524113
2024-07-12 12:00:00,25413.398033433143,16294.291088995582,23944.017196911773
2024-07-12 16:00:00,25413.398033433143,16570.36036501321,24446.155799531087
2024-07-12 20:00:00,25413.398033433143,16379.593393383051,24313.553031671843
2024-07-13 00:00:00,25413.398033433143,16465.20588796829,24471.85745138798
2024-07-13 04:00:00,25413.398033433143,16439.149911355395,24369.707465119576
2024-07-13 08:00:00,25413.398033433143,16557.952757102306,24515.43724018302
2024-07-13 12:00:00,25413.398033433143,16652.250577225182,24635.435080821495
2024-07-13 16:00:00,25413.398033433143,16734.7611698327,24683.009516500606
2024-07-13 20:00:00,25400.691334416428,16674.58427146481,24612.89726189318
2024-07-14 00:00:00,25418.350845996258,16837.12393509766,24904.760780311823
2024-07-14 04:00:00,25457.821836842384,16914.36129434304,25140.784072987448
2024-07-14 08:00:00,25613.57041024654,17111.332069928656,25354.51621097909
2024-07-14 12:00:00,25657.934851275306,17133.975954366055,25388.5448830987
2024-07-14 16:00:00,25669.81056808053,17122.80910724624,25463.458804150003
2024-07-14 20:00:00,25597.04382138377,17063.56277947167,25369.38828620995
2024-07-15 00:00:00,26027.738862072,17328.77539856726,25796.995433038355
2024-07-15 04:00:00,26726.843513093598,17844.31150726535,26475.467001014087
2024-07-15 08:00:00,26924.943259112748,17897.66422128224,26717.16114531627
2024-07-15 12:00:00,26704.853177599995,17765.523197031103,26465.842409846235
2024-07-15 16:00:00,26925.405543618435,17924.960958686228,26679.773959529448
2024-07-15 20:00:00,27257.433733666163,18048.41665739973,27057.150862148243
2024-07-16 00:00:00,27890.10358983941,18423.436606506824,27717.8406802951
2024-07-16 04:00:00,27769.71142942759,18435.534024219956,27541.827692330153
2024-07-16 08:00:00,27022.850326107728,17889.909466337926,26841.97287304748
2024-07-16 12:00:00,27453.686074135912,18149.228471675833,27309.383725811298
2024-07-16 16:00:00,28009.991157957564,18489.507118632395,27905.418205877195
2024-07-16 20:00:00,28057.529762629798,18546.892305220328,27984.9400307513
2024-07-17 00:00:00,27885.62897840846,18516.49366583861,27796.547857990696
2024-07-17 04:00:00,28068.015162518335,18678.102758878144,27918.435257242127
2024-07-17 08:00:00,28015.833521288747,18567.054668075547,27863.785829804863
2024-07-17 12:00:00,27779.098814119294,18361.398566952303,27713.739997884935
2024-07-17 16:00:00,27606.199652634336,18366.05141991889,27430.263896087796
2024-07-17 20:00:00,27445.291691386745,18323.55536282404,27244.723969166465
2024-07-18 00:00:00,27220.68722163575,18176.21501888205,27012.0449784893
2024-07-18 04:00:00,27647.412713613412,18405.445575036014,27511.555164391608
2024-07-18 08:00:00,27611.415538686313,18351.78267082135,27466.800977663468
2024-07-18 12:00:00,27742.1072754185,18384.0424513897,27594.4964028043
2024-07-18 16:00:00,27209.87827669015,18064.236357486134,27109.52214312955
2024-07-18 20:00:00,27209.87827669015,18093.39423607676,27243.00280215919
2024-07-19 00:00:00,27209.87827669015,18214.678603405853,27534.726831083648
2024-07-19 04:00:00,27196.273337551804,18324.48593341736,27863.264599651877
2024-07-19 08:00:00,27174.912151905162,18148.297901082515,27708.771838923392
2024-07-19 12:00:00,27237.16475007537,18259.34599188511,27875.939774576666
2024-07-19 16:00:00,27573.69445058293,18755.340118123528,28781.34146705888
2024-07-19 20:00:00,27850.069443874716,19152.073381074704,29175.328558255715
2024-07-20 00:00:00,27633.6921726534,18985.191054673036,28942.004949480477
2024-07-20 04:00:00,27628.67258778761,18975.885348739856,28968.208822102417
2024-07-20 08:00:00,27568.131434390525,18963.16755063118,28881.408162520765
2024-07-20 12:00:00,27517.670673556546,18949.519181929183,28805.020722496483
2024-07-20 16:00:00,27678.916128468027,19046.608713832014,28985.166629898595
2024-07-20 20:00:00,27896.324030159158,19127.258165252893,29322.791863493174
2024-07-21 00:00:00,27960.570370209687,19103.993900419948,29451.105498059223
2024-07-21 04:00:00,27903.716996501113,19108.646753386536,29368.876301682554
2024-07-21 08:00:00,27672.358708819156,18973.093636959904,29098.99193141877
2024-07-21 12:00:00,27832.926276542195,19027.997301965657,29314.699652193467
2024-07-21 16:00:00,28020.290071209813,19111.128274968716,29607.954519833504
2024-07-21 20:00:00,28168.973948921706,19180.921069467557,29875.182044131587
2024-07-22 00:00:00,28713.105089644698,19376.030703866534,30640.670831999567
2024-07-22 04:00:00,28435.287032521435,19302.20543679665,30226.665713971284
2024-07-22 08:00:00,28144.270271465764,19132.221208417257,29890.37686010946
2024-07-22 12:00:00,28382.40210226683,19225.588457946815,30203.995463110932
2024-07-22 16:00:00,28183.92529805236,19119.81360050635,30047.665553275503
2024-07-22 20:00:00,28511.761392027503,19444.892927772053,30526.837944888328
2024-07-23 00:00:00,28189.391094365346,19233.033022693355,29964.71443309007
2024-07-23 04:00:00,28172.80369302137,19205.426095091592,29993.481067105844
2024-07-23 08:00:00,27898.275872793216,18986.431815464126,29616.76350345539
2024-07-23 12:00:00,27883.1067059966,19056.84499035851,29740.05677533674
2024-07-23 16:00:00,27759.693232201585,19042.266051063198,29737.46421144743
2024-07-23 20:00:00,27494.338786062915,18737.349086652714,29179.62100503978
2024-07-24 00:00:00,27494.338786062915,18849.948128444175,29358.208334056577
2024-07-24 04:00:00,27494.338786062915,18891.513614945707,29400.94403876742
2024-07-24 08:00:00,27494.338786062915,18921.60206412965,29491.164639899085
2024-07-24 12:00:00,27494.338786062915,18986.431815464126,29880.657201006823
2024-07-24 16:00:00,27494.338786062915,18923.463205316286,29783.524651423668
2024-07-24 20:00:00,27494.338786062915,18795.664843833965,29730.118719004135
2024-07-25 00:00:00,27494.338786062915,18717.496913995266,29649.56738804494
2024-07-25 04:00:00,27494.338786062915,18344.338106074807,28501.972707438632
2024-07-25 08:00:00,27494.338786062915,18343.40753548149,28369.273943225548
2024-07-25 12:00:00,27494.338786062915,18337.82411192158,28307.358963458868
2024-07-25 16:00:00,27494.338786062915,18513.70195405866,28460.360006021678
2024-07-25 20:00:00,27494.338786062915,18505.326818718797,28229.615427650635
2024-07-26 00:00:00,27494.338786062915,18822.961581237956,28794.80515693176
2024-07-26 04:00:00,27494.338786062915,19165.101369381155,29391.279302478233
2024-07-26 08:00:00,27494.338786062915,19134.702729999437,29511.139452220294
2024-07-26 12:00:00,27466.844447276853,19229.000550122313,29723.74977450799
2024-07-26 16:00:00,27640.78676950394,19304.376768181057,30042.413385958647
2024-07-26 20:00:00,27737.51399326488,19424.420374719062,30190.38573616738
2024-07-27 00:00:00,27768.695148045495,19395.262496128435,30271.46920334903
2024-07-27 04:00:00,27722.82410899119,19362.072144966765,30156.626220375307
2024-07-27 08:00:00,27919.29656545238,19432.175129663377,30549.770173862846
2024-07-27 12:00:00,27923.69882386255,19479.94442012036,30538.397199212068
2024-07-27 16:00:00,27834.78455864358,19633.178377820033,30255.772473511035
2024-07-27 20:00:00,27720.404051438847,19488.939935855764,30091.742616225325
2024-07-28 00:00:00,27762.354013904274,19352.766439033585,30234.958601807542
2024-07-28 04:00:00,27789.850459121015,19370.7574705044,30269.854563967605
2024-07-28 08:00:00,27744.03780036082,19285.144975919156,30219.938335912146
2024-07-28 12:00:00,27869.528940266275,19379.132605844257,30461.088548694017
2024-07-28 16:00:00,27773.82153576568,19310.27038193874,30324.324834948984
2024-07-28 20:00:00,27875.41054617214,19449.855970936416,30447.025933910198
2024-07-29 00:00:00,27903.71681934376,19491.73164763572,30476.49470409996
2024-07-29 04:00:00,28368.10420067005,19765.009211873396,31378.50116559748
2024-07-29 08:00:00,28480.4436354106,19832.320484790052,31479.501225435757
2024-07-29 12:00:00,28506.433036653274,19892.18719296017,31420.707108651382
2024-07-29 16:00:00,27918.92885759972,19490.180696646858,30781.024282539634
2024-07-29 20:00:00,27939.691641954283,19282.04307394143,30736.027011251404
2024-07-30 00:00:00,27734.32414026062,19134.08234960389,30261.025364984966
2024-07-30 04:00:00,27741.439214072576,19088.484390531317,30247.36083584422
2024-07-30 08:00:00,27802.80672570065,19193.949057774007,30306.19492564113
2024-07-30 12:00:00,27778.793351585315,19071.734119851597,30086.71983499954
2024-07-30 16:00:00,27754.18705465232,18998.83942337503,30089.94378232537
2024-07-30 20:00:00,27607.912402612143,18911.365787603154,29661.505570656744
2024-07-31 00:00:00,27607.912402612143,18979.9178213109,29819.679081859835
2024-07-31 04:00:00,27607.912402612143,18927.185487689556,29981.221684215318
2024-07-31 08:00:00,27607.912402612143,18981.468772299762,30274.76784716548
2024-07-31 12:00:00,27607.912402612143,18928.736438678417,30093.307350934716
2024-07-31 16:00:00,27607.912402612143,19023.964829394612,29941.59637292391
2024-07-31 20:00:00,27607.912402612143,18701.36702371109,29421.1904286219
2024-08-01 00:00:00,27607.912402612143,18524.248420782926,28803.36491569487
2024-08-01 04:00:00,27607.912402612143,18310.21718431982,28319.48999101872
2024-08-01 08:00:00,27607.912402612143,18478.960651908124,28381.111295443097
2024-08-01 12:00:00,27607.912402612143,18595.9023564684,28617.858077596375
2024-08-01 16:00:00,27607.912402612143,18089.051573307945,27621.06149988289
2024-08-01 20:00:00,27607.912402612143,18236.70210744771,27667.115404841737
2024-08-02 00:00:00,27607.912402612143,18801.248267393872,28480.56463282671
2024-08-02 04:00:00,27607.912402612143,18566.434287680004,28019.446883137945
2024-08-02 08:00:00,27607.912402612143,18408.857667211512,27591.81696226478
2024-08-02 12:00:00,27607.912402612143,18513.70195405866,27898.676586371086
2024-08-02 16:00:00,27607.912402612143,18030.115435731146,26632.518061398616
2024-08-02 20:00:00,27607.912402612143,17804.607161950455,25956.975986732512
2024-08-03 00:00:00,27607.912402612143,17482.319546464703,25957.82749287482
2024-08-03 04:00:00,27607.912402612143,17606.39562557375,26089.44765869621
2024-08-03 08:00:00,27607.912402612143,17561.10785669895,25902.295407197762
2024-08-03 12:00:00,27607.912402612143,17638.655406142105,26026.305266411237
2024-08-03 16:00:00,27607.912402612143,17336.530153511576,25198.935396273773
2024-08-03 20:00:00,27607.912402612143,17161.272691770046,24476.93281634632
2024-08-04 00:00:00,27607.912402612143,17287.830292461273,24749.75871952434
2024-08-04 04:00:00,27607.912402612143,17285.96915127464,24938.440508519714
2024-08-04 08:00:00,27607.912402612143,17189.810189965126,24517.307719959666
2024-08-04 12:00:00,27607.912402612143,17355.451755575705,24889.830624994916
2024-08-04 16:00:00,27607.912402612143,16833.711842922163,23731.460227156058
2024-08-04 20:00:00,27607.912402612143,17009.589685059236,24546.542034064783
2024-08-05 00:00:00,27607.912402612143,16541.512676620358,23729.40086012464
2024-08-05 04:00:00,27607.912402612143,15342.937752426964,21881.831442069633
2024-08-05 08:00:00,27607.912402612143,14979.70503083523,21170.959016256063
2024-08-05 12:00:00,27607.912402612143,14539.234949998114,20107.249192806394
2024-08-05 16:00:00,27607.912402612143,15460.81002758056,22209.787507520345
2024-08-05 20:00:00,27607.912402612143,15202.111402638197,21861.698479576604
2024-08-06 00:00:00,27607.912402612143,15361.549164293321,22042.601618519475
2024-08-06 04:00:00,27607.912402612143,15821.871417787885,23203.778700969622
2024-08-06 08:00:00,27607.912402612143,16045.518550381943,23763.467733360503
2024-08-06 12:00:00,27607.912402612143,15717.02713094074,23266.523228718026
2024-08-06 16:00:00,27607.912402612143,16048.930642557441,24104.26882875972
2024-08-06 20:00:00,27607.912402612143,16156.876831382311,24129.306518839905
2024-08-07 00:00:00,27607.912402612143,15936.021410568208,23821.55233831326
2024-08-07 04:00:00,27594.108446410835,16186.034709972937,24730.753702285416
2024-08-07 08:00:00,27639.099412532953,16199.993268872706,24818.17136026237
2024-08-07 12:00:00,27594.108446410835,16206.817453223703,24687.58946166242
2024-08-07 16:00:00,27383.04788474972,15936.331600765981,24145.049577184436
2024-08-07 20:00:00,27058.186644073838,15553.556896714572,23372.344322733145
2024-08-08 00:00:00,27133.61267551386,15659.331754155033,23525.543421696588
2024-08-08 04:00:00,27660.933263739276,16197.511747290524,24729.60288814778
2024-08-08 08:00:00,27689.38343349297,16226.359435683378,24761.68523356802
2024-08-08 12:00:00,27711.248997871942,16276.920437920315,24893.85377421219
2024-08-08 16:00:00,28478.80756936087,16906.296349200955,25893.903814523546
2024-08-08 20:00:00,28169.112985063526,16903.504637421,25485.141054477048
2024-08-09 00:00:00,29348.114875149484,17532.880548701643,26600.753057615606
2024-08-09 04:00:00,29056.136418302154,17423.38340888791,26129.542005350413
2024-08-09 08:00:00,28853.17778941388,17297.756378789996,25966.908168904876
2024-08-09 12:00:00,28630.10967007633,17246.264805959745,25773.517418007956
2024-08-09 16:00:00,27846.607888632498,16995.631126159467,24984.559958434533
2024-08-09 20:00:00,28111.24923124202,17246.574996157517,25401.476819797783
2024-08-10 00:00:00,28175.496909723974,17304.580563140997,25694.370095613278
2024-08-10 04:00:00,28126.951342501474,17186.398097789628,25427.765200175854
2024-08-10 08:00:00,28318.237056528495,17320.4002632274,25700.134078227016
2024-08-10 12:00:00,28343.709287783495,17342.113577071483,25650.659093143404
2024-08-10 16:00:00,28144.43912187805,17230.134915675568,25457.402992216113
2024-08-10 20:00:00,28234.727790438883,17369.410314475474,25580.655464454725
2024-08-11 00:00:00,28232.63907622549,17330.326349556122,25494.56902356835
2024-08-11 04:00:00,28384.511895022944,17369.720504673245,25753.66565383951
2024-08-11 08:00:00,28527.515266835937,17426.17512066786,25912.6564387477
2024-08-11 12:00:00,28337.370888475663,17250.607468728558,25501.08656128937
2024-08-11 16:00:00,28112.352905360545,17093.96141885339,24879.633324073035
2024-08-11 20:00:00,27986.893891686756,16961.51020440448,24518.0595291904
2024-08-12 00:00:00,27644.772763136774,16693.195683331167,23907.495143246153
2024-08-12 04:00:00,27644.772763136774,16636.430877138777,24124.86113292705
2024-08-12 08:00:00,27644.772763136774,16666.519326322723,24363.29312615496
2024-08-12 12:00:00,27644.772763136774,17002.145120312693,25070.223643859026
2024-08-12 16:00:00,27630.9503767552,17099.234652215524,24839.61339233999
2024-08-12 20:00:00,27526.903061751047,16744.687256161422,24284.670684976332
2024-08-13 00:00:00,27736.869046345768,16839.915646877616,24653.4033077501
2024-08-13 04:00:00,27511.557954142518,16758.64581506119,24261.397107982662
2024-08-13 08:00:00,27485.35898993284,16818.512523231304,24511.85996429291
2024-08-13 12:00:00,27476.002217000812,16699.39948728662,24471.591635167897
2024-08-13 16:00:00,27480.119197090906,16851.702874392973,24499.263480575013
2024-08-13 20:00:00,27647.418297115575,17160.031930978956,24664.772266192558
2024-08-14 00:00:00,27621.967874740454,17096.44294043557,24648.63423866112
2024-08-14 04:00:00,27642.552775190918,17209.04198222703,24545.85334880654
2024-08-14 08:00:00,27695.32497452756,17176.782201658676,24593.50308144288
2024-08-14 12:00:00,27748.845715698764,17254.01956090406,24850.6781384792
2024-08-14 16:00:00,27505.19534854874,16734.14078943715,24457.117448118377
2024-08-14 20:00:00,27492.470137361182,16614.09718289915,24169.03289061998
2024-08-15 00:00:00,27469.63961140703,16553.61009433349,24083.91897735433
2024-08-15 04:00:00,27426.90984932288,16481.956158648016,24154.947284630696
2024-08-15 08:00:00,27426.90984932288,16354.778177561242,23810.126284720987
2024-08-15 12:00:00,27426.90984932288,16555.16104532235,23988.738061596014
2024-08-15 16:00:00,27426.90984932288,16871.55504705042,24480.932378916164
2024-08-15 20:00:00,27426.90984932288,16139.195990109272,23474.015573097568
2024-08-16 00:00:00,27426.90984932288,16288.397475237902,23794.43874620519
2024-08-16 04:00:00,27426.90984932288,16374.94054041646,23794.002499063572
2024-08-16 08:00:00,27426.90984932288,16512.04460783196,24125.404944275626
2024-08-16 12:00:00,27426.90984932288,16491.261864581193,23847.221462196205
2024-08-16 16:00:00,27426.90984932288,16393.241762085047,23324.848270469447
2024-08-16 20:00:00,27426.90984932288,16813.23928986917,23819.720331485238
2024-08-17 00:00:00,27426.90984932288,16584.62911411075,23490.529081653985
2024-08-17 04:00:00,27426.90984932288,16654.111718411816,23514.705292109502
2024-08-17 08:00:00,27426.90984932288,16685.751118584623,23591.0841872691
2024-08-17 12:00:00,27426.90984932288,16651.320006631864,23528.381358231316
2024-08-17 16:00:00,27426.90984932288,16723.904512910656,23682.45745541325
2024-08-17 20:00:00,27426.90984932288,16744.37706596365,23788.86533859981
2024-08-18 00:00:00,27426.90984932288,16750.27067972133,23875.379134129165
2024-08-18 04:00:00,27426.90984932288,16707.77462262648,23774.363195813683
2024-08-18 08:00:00,27426.90984932288,16764.229238621097,23828.807052860328
2024-08-18 12:00:00,27413.19639439822,16885.203415752418,24234.977735463297
2024-08-18 16:00:00,27389.011739805264,16840.53602727316,24365.793543291576
2024-08-18 20:00:00,27365.498881173226,16797.109399584995,24416.135944293786
2024-08-19 00:00:00,27164.203954832414,16450.006568277437,23804.076565901152
2024-08-19 04:00:00,27164.203954832414,16516.697460798547,23946.860754204718
2024-08-19 08:00:00,27164.203954832414,16441.321242739803,23781.924198438428
2024-08-19 12:00:00,27164.203954832414,16406.269750391497,23717.347893509388
2024-08-19 16:00:00,27164.203954832414,16407.200320984815,23831.399633167115
2024-08-19 20:00:00,27164.203954832414,16508.94270585423,23784.1484067075
2024-08-20 00:00:00,27164.203954832414,16644.495822280867,24004.883063061352
2024-08-20 04:00:00,27150.621852854998,16986.945800621834,24302.665830703314
2024-08-20 08:00:00,27169.933550484944,17048.673649978587,24508.932224034674
2024-08-20 12:00:00,26993.74955775927,16946.931265109168,24229.81938830304
2024-08-20 16:00:00,26469.266668847195,16421.15887988458,23588.255680232352
2024-08-20 20:00:00,26469.266668847195,16604.481286768198,23842.54683057494
2024-08-21 00:00:00,26469.266668847195,16456.210372232887,23579.48619479481
2024-08-21 04:00:00,26469.266668847195,16548.9572413669,23663.859990765406
2024-08-21 08:00:00,26469.266668847195,16674.274081267038,23805.125183367814
2024-08-21 12:00:00,26469.266668847195,16566.94827283771,23541.060028989847
2024-08-21 16:00:00,26469.266668847195,16572.84188659539,23432.983814524596
2024-08-21 20:00:00,26456.032035512773,17126.531389619515,23990.255818436955
2024-08-22 00:00:00,26393.39006994797,17004.936832092648,23850.616370490316
2024-08-22 04:00:00,26312.051395273265,16847.050021426385,23677.250255435756
2024-08-22 08:00:00,26391.31265782465,17000.904359521603,23959.421303192343
2024-08-22 12:00:00,26434.938312414422,17085.586283513527,24091.657681730125
2024-08-22 16:00:00,26320.361043766556,16863.179911710562,23809.101547875478
2024-08-22 20:00:00,26313.969006464027,16850.772303799655,23830.859708852233
2024-08-23 00:00:00,26316.36602045248,16855.425156766247,23905.33036066691
2024-08-23 04:00:00,26340.655762202092,16902.574066827685,24046.818590801493
2024-08-23 08:00:00,26412.406380923,17041.849465627587,24213.052058321464
2024-08-23 12:00:00,26364.146499288894,16948.172025900258,23991.802073512976
2024-08-23 16:00:00,26434.29910868417,17084.345522722437,24060.017688300526
2024-08-23 20:00:00,26690.736959302336,17633.38217277997,24855.04537606073
2024-08-24 00:00:00,26997.619840689724,17740.08760081375,25264.162460658445
2024-08-24 04:00:00,26877.558033088593,17654.78529642628,25182.90225973005
2024-08-24 08:00:00,27086.609157956067,17800.264499181638,25402.884242106156
2024-08-24 12:00:00,27205.38033520041,17709.68896143203,25657.811092660268
2024-08-24 16:00:00,27344.006470099463,17719.92523795853,25873.48684019142
2024-08-24 20:00:00,27521.949257096494,17771.416810788785,26027.820928443063
2024-08-25 00:00:00,27430.79959099846,17755.907300900155,25985.17804275737
2024-08-25 04:00:00,27267.265362696424,17742.258932198158,25735.51637785757
2024-08-25 08:00:00,27004.969583097947,17649.82225326192,25429.77100750891
2024-08-25 12:00:00,27122.344092237843,17660.989100381732,25588.36672231291
2024-08-25 16:00:00,27368.906569527404,17763.97224604224,25883.2697494194
2024-08-25 20:00:00,27372.880125427237,17778.551185337554,25870.63217798125
2024-08-26 00:00:00,27319.339073229217,17800.884879577185,25846.066246796912
2024-08-26 04:00:00,27390.661127635394,17784.754989293007,25972.24270579254
2024-08-26 08:00:00,27224.906524784245,17649.82225326192,25805.173015829794
2024-08-26 12:00:00,27385.341706630403,17734.814367451614,26000.658907330413
2024-08-26 16:00:00,27117.81374587936,17650.752823855237,25674.111689336954
2024-08-26 20:00:00,27122.086775418105,17607.946576562616,25647.79329630771
2024-08-27 00:00:00,26994.470086355428,17463.70813459835,25509.70114743279
2024-08-27 04:00:00,27076.70550157014,17496.278105364472,25658.861147525233
2024-08-27 08:00:00,27033.926469442376,17480.148215080295,25585.1674732855
2024-08-27 12:00:00,26820.857273193073,17345.21547904921,25109.507585024876
2024-08-27 16:00:00,26820.857273193073,17145.14280148587,24904.18147593153
2024-08-27 20:00:00,26820.857273193073,17224.861682313433,25034.922382597637
2024-08-28 00:00:00,26820.857273193073,16505.840803876505,23824.929389359706
2024-08-28 04:00:00,26820.857273193073,16583.698543517432,24023.61147691631
2024-08-28 08:00:00,26820.857273193073,16311.351549873076,23479.363492613866
2024-08-28 12:00:00,26820.857273193073,16726.075844295065,24103.662608557876
2024-08-28 16:00:00,26820.857273193073,16451.247329068527,23648.756422010338
2024-08-28 20:00:00,26820.857273193073,16463.65493697943,23717.03019586464
2024-08-29 00:00:00,26820.857273193073,16467.687409550475,23715.32318141422
2024-08-29 04:00:00,26820.857273193073,16485.368250823514,23621.791114701336
2024-08-29 08:00:00,26820.857273193073,16619.06022606351,23848.99523550444
2024-08-29 12:00:00,26820.857273193073,16794.938068200587,24055.043340639455
2024-08-29 16:00:00,26820.857273193073,17018.27501059687,24231.689194526098
2024-08-29 20:00:00,26820.857273193073,16596.41634162611,23436.245311914077
2024-08-30 00:00:00,26820.857273193073,16628.05574179892,23416.06555372317
2024-08-30 04:00:00,26820.857273193073,16539.65153543372,23274.73203175921
2024-08-30 08:00:00,26820.857273193073,16591.143108263976,23288.28416352415
2024-08-30 12:00:00,26820.857273193073,16633.32897516105,23260.399732841208
2024-08-30 16:00:00,26820.857273193073,16302.976414533214,22546.279427588117
2024-08-30 20:00:00,26820.857273193073,16482.57653904356,22974.63043930161
2024-08-31 00:00:00,26820.857273193073,16612.236041712513,23265.782401240984
2024-08-31 04:00:00,26820.857273193073,16645.11620267641,23298.258221540567
2024-08-31 08:00:00,26820.857273193073,16598.89786320829,23204.89594397421
2024-08-31 12:00:00,26820.857273193073,16599.518243603838,23145.003505759414
2024-08-31 16:00:00,26820.857273193073,16575.633598375345,23088.977390414584
2024-08-31 20:00:00,26820.857273193073,16532.827351082724,22883.737217045742
2024-09-01 00:00:00,26820.857273193073,16560.434278684486,22946.918004851974
2024-09-01 04:00:00,26820.857273193073,16438.529530959848,22741.97480519744
2024-09-01 08:00:00,26820.857273193073,16429.22382502667,22614.74753476936
2024-09-01 12:00:00,26820.857273193073,16359.120840330059,22479.26647294816
2024-09-01 16:00:00,26820.857273193073,16362.843122703329,22735.16949144002
2024-09-01 20:00:00,26820.857273193073,16440.390672146485,22891.8463315639
2024-09-02 00:00:00,26820.857273193073,16108.487160529783,21982.21821211675
2024-09-02 04:00:00,26820.857273193073,16214.572208168018,22225.302980594202
2024-09-02 08:00:00,26820.857273193073,16135.473707736,21889.708539632258
2024-09-02 12:00:00,26820.857273193073,16389.829669909548,22518.77896764621
2024-09-02 16:00:00,26820.857273193073,16409.681842566995,22581.79307816699
2024-09-02 20:00:00,26820.857273193073,16381.144344371914,22634.860996219217
2024-09-03 00:00:00,26807.446844556474,16576.874359166435,22895.637309760077
2024-09-03 04:00:00,26739.23311907675,16580.596641539705,22961.78851528551
2024-09-03 08:00:00,26753.65544960675,16578.425310155297,22873.21893394734
2024-09-03 12:00:00,26731.827057453236,16606.032237757063,22869.056914287637
2024-09-03 16:00:00,26482.669993558717,16215.81296895911,22163.474025869185
2024-09-03 20:00:00,26482.669993558717,16313.833071455256,22327.451677893383
2024-09-04 00:00:00,26482.669993558717,16145.709984262498,21888.62974290725
2024-09-04 04:00:00,26482.669993558717,15905.312580988719,21739.059980747
2024-09-04 08:00:00,26482.669993558717,15923.613802657304,22046.123741586634
2024-09-04 12:00:00,26482.669993558717,15879.876984771365,21858.360506130906
2024-09-04 16:00:00,26482.669993558717,16280.642720293587,22572.31548961174
2024-09-04 20:00:00,26482.669993558717,16253.345982889596,22497.496773973486
2024-09-05 00:00:00,26482.669993558717,16234.424380825467,22525.66456083034
2024-09-05 04:00:00,26482.669993558717,15997.439069727187,22178.941355658506
2024-09-05 08:00:00,26482.669993558717,15993.716787353915,22323.182854112943
2024-09-05 12:00:00,26482.669993558717,15855.371959147327,22191.348722986193
2024-09-05 16:00:00,26482.669993558717,15659.021563957262,21894.853447014888
2024-09-05 20:00:00,26482.669993558717,15656.850232572853,21640.61979132572
2024-09-06 00:00:00,26482.669993558717,15686.938681756797,21748.269520677408
2024-09-06 04:00:00,26482.669993558717,15790.852398010624,21961.934971821873
2024-09-06 08:00:00,26482.669993558717,15574.029449767564,21534.29187649289
2024-09-06 12:00:00,26482.669993558717,15645.683385453038,21838.007377588343
2024-09-06 16:00:00,26482.669993558717,15130.14727675495,21355.92782384833
2024-09-06 20:00:00,26482.669993558717,14982.18655241741,20903.83072119872
2024-09-07 00:00:00,26482.669993558717,15137.902031699265,20980.569175784625
2024-09-07 04:00:00,26482.669993558717,15085.790078473465,21007.626954280036
2024-09-07 08:00:00,26482.669993558717,15233.130422415457,21369.575257348508
2024-09-07 12:00:00,26482.669993558717,15254.223355863996,21334.04961445457
2024-09-07 16:00:00,26482.669993558717,15381.091146752997,21574.084110470325
2024-09-07 20:00:00,26482.669993558717,15261.978110808312,21463.942965069757
2024-09-08 00:00:00,26482.669993558717,15179.467518200794,21343.404292949665
2024-09-08 04:00:00,26482.669993558717,15241.815747953091,21416.766046071
2024-09-08 08:00:00,26482.669993558717,15253.60297546845,21571.233968835142
2024-09-08 12:00:00,26482.669993558717,15278.41819129026,21626.261591842533
2024-09-08 16:00:00,26482.669993558717,15047.016303751887,21143.999759261795
2024-09-08 20:00:00,26482.669993558717,15232.19985182214,21452.823393925202
2024-09-09 00:00:00,26482.669993558717,15369.924299633181,21679.56538058703
2024-09-09 04:00:00,26482.669993558717,15451.194131449607,21565.30252435087
2024-09-09 08:00:00,26482.669993558717,15427.929866616661,21651.554574882244
2024-09-09 12:00:00,26482.669993558717,15531.223202474943,21728.11278806528
2024-09-09 16:00:00,26482.669993558717,15569.066406603202,21608.816100460142
2024-09-09 20:00:00,26456.18732356516,16059.166919083937,22539.797273573004
2024-09-10 00:00:00,26439.05568471823,16041.486077810898,22555.73374822075
2024-09-10 04:00:00,26141.66079330379,15894.145733868905,22252.231258623695
2024-09-10 08:00:00,26459.312912823294,16087.394227081246,22552.09438493926
2024-09-10 12:00:00,26447.843844039962,16098.871264398833,22578.024226019697
2024-09-10 16:00:00,26193.84130395702,15929.507416414983,22378.77709292371
2024-09-10 20:00:00,26774.035159694467,16312.902500861937,22845.395125974097
2024-09-11 00:00:00,26707.0869489221,16232.56323963883,22741.740924858277
2024-09-11 04:00:00,26237.687163840135,15964.558908763289,22344.58248739218
2024-09-11 08:00:00,26120.669715694712,15936.331600765981,22202.46963146585
2024-09-11 12:00:00,26050.94905015514,15962.077387181109,22144.72409516012
2024-09-11 16:00:00,26037.66176754386,15976.65632647642,22113.14444401703
2024-09-11 20:00:00,26227.035018758885,16228.530767067787,22372.474732631796
2024-09-12 00:00:00,26194.683973525323,16163.70101573331,22327.29481013029
2024-09-12 04:00:00,26431.33456013864,16405.95956019372,22776.356391820776
2024-09-12 08:00:00,26390.51427115364,16385.48700714073,22684.78125336425
2024-09-12 12:00:00,26322.79022955557,16350.435514792425,22635.261228725845
2024-09-12 16:00:00,26084.79557930112,16154.705499997903,22356.629697424192
2024-09-12 20:00:00,26196.819544544676,16358.500459934512,22653.437058513235
2024-09-13 00:00:00,26153.16941501294,16279.091769304723,22659.703423015046
2024-09-13 04:00:00,26101.675902830968,16185.414329577392,22435.359445586826
2024-09-13 08:00:00,26141.063324400624,16257.068265262867,22464.302393465012
2024-09-13 12:00:00,26109.519285481205,16199.683078674932,22263.38690544558
2024-09-13 16:00:00,26375.106236008367,16706.84405203316,22914.8244346
2024-09-13 20:00:00,26426.460784423107,16728.867556075016,23104.942768454963
2024-09-14 00:00:00,26687.572865373128,16950.963737680213,23319.01380172118
2024-09-14 04:00:00,26640.424948454936,16896.680453070003,23306.29371289748
2024-09-14 08:00:00,26452.562866775654,16842.397168459796,23081.829416913082
2024-09-14 12:00:00,26310.330617947136,16710.256144208663,22949.102834663914
2024-09-14 16:00:00,26386.672611284564,16761.747717038914,23034.402164019266
2024-09-14 20:00:00,26290.08156796737,16741.585354183695,22928.45910739524
2024-09-15 00:00:00,26388.570886168352,16794.31768780504,23019.95061353624
2024-09-15 04:00:00,26446.61886621791,16843.327739053115,23071.822162800825
2024-09-15 08:00:00,26440.720973047646,16856.04553716179,23047.637389747044
2024-09-15 12:00:00,26222.835399508775,16787.803693651815,22826.73891074585
2024-09-15 16:00:00,26285.132573576404,16882.721894170238,22889.420572563846
2024-09-15 20:00:00,26080.90711787335,16763.919048423322,22574.910891464468
2024-09-16 00:00:00,25962.744853164393,16548.9572413669,22202.4113723359
2024-09-16 04:00:00,25850.353186732027,16369.046926658782,21989.311181926132
2024-09-16 08:00:00,25850.353186732027,16447.83523689303,22106.462353340663
2024-09-16 12:00:00,25850.353186732027,16362.532932505557,22123.182113563045
2024-09-16 16:00:00,25850.353186732027,16147.260935251361,21982.817826759005
2024-09-16 20:00:00,25850.353186732027,16148.19150584468,21915.152278546047
2024-09-17 00:00:00,25850.353186732027,16230.702098452195,22009.298453771236
2024-09-17 04:00:00,25850.353186732027,16193.47927471948,21960.905479284826
2024-09-17 08:00:00,25850.353186732027,16356.639318747877,22155.73709880389
2024-09-17 12:00:00,25850.353186732027,16466.13645856161,22142.297197158274
2024-09-17 16:00:00,25837.42801013866,17057.669165713993,22758.21148227834
2024-09-17 20:00:00,25668.668089532803,16723.594322712885,22341.55611964093
2024-09-18 00:00:00,25719.12370182165,16823.475566395668,22280.865758609467
2024-09-18 04:00:00,25742.314480140743,16869.383715666012,22299.917237662637
2024-09-18 08:00:00,25729.152146500175,16843.327739053115,22239.374904429555
2024-09-18 12:00:00,25652.685255826396,16691.954922540077,21959.408660203582
2024-09-18 16:00:00,25588.87496746194,16590.52272786843,21763.408543355934
2024-09-18 20:00:00,25588.87496746194,16780.0489387075,22054.987314620324
2024-09-19 00:00:00,25576.080529978208,17240.681382399835,22768.668086831483
2024-09-19 04:00:00,25591.216829144672,17322.88178480958,23195.555395450076
2024-09-19 08:00:00,25673.621078539327,17265.186408023874,23231.925086089497
2024-09-19 12:00:00,25791.154763050406,17413.14713236141,23366.472051705427
2024-09-19 16:00:00,26105.28430980025,17568.862611643264,23787.524859867095
2024-09-19 20:00:00,26154.4118977228,17562.34861749004,23793.54607194344
2024-09-20 00:00:00,26106.743863590593,17477.356503300343,23740.76448379863
2024-09-20 04:00:00,26477.953909991607,17666.57252394164,24041.536815376676
2024-09-20 08:00:00,27014.82765451804,17631.21084139556,24748.985034784804
2024-09-20 12:00:00,26942.22162935463,17621.59494526461,24692.95277912381
2024-09-20 16:00:00,26801.70131878819,17548.0798683925,24426.899305124876
2024-09-20 20:00:00,26621.104261101435,17459.985852225076,24252.93496681797
2024-09-21 00:00:00,26727.3588320836,17553.663291952405,24301.361227811223
2024-09-21 04:00:00,26592.56142556291,17468.98136796048,24195.744311668022
2024-09-21 08:00:00,26748.2795780246,17527.60731533951,24369.41417034857
2024-09-21 12:00:00,26738.066625917796,17530.08883692169,24346.01656880929
2024-09-21 16:00:00,26794.230844925696,17558.316144918997,24408.20895029534
2024-09-21 20:00:00,26819.042926789567,17561.10785669895,24397.194784859108
2024-09-22 00:00:00,27093.8710575227,17597.089919640573,24659.12720674686
2024-09-22 04:00:00,26934.098606457235,17531.32959771278,24490.552336956665
2024-09-22 08:00:00,26816.859850818597,17482.319546464703,24371.17824689159
2024-09-22 12:00:00,26621.112108024347,17438.582728578767,24114.376822600505
2024-09-22 16:00:00,26465.58088311946,17405.70256761487,23912.285611340023
2024-09-22 20:00:00,26494.733046880043,17554.9040527435,24130.619488321965
2024-09-23 00:00:00,26508.127284283557,17676.18842007259,24177.549060280166
2024-09-23 04:00:00,26821.292952879878,17878.122238822565,24681.769161241675
2024-09-23 08:00:00,26700.336909622616,17746.601594966975,24463.414986347092
2024-09-23 12:00:00,26659.03113657314,17687.665457390176,24225.681111359183
2024-09-23 16:00:00,26768.238803626766,17717.753906574122,24322.016463171803
2024-09-23 20:00:00,26744.08772511613,17661.60948077728,24242.79645744776
2024-09-24 00:00:00,26675.48149002377,17689.836788774584,24371.413092637835
2024-09-24 04:00:00,26548.88506700434,17617.562472693568,24519.538573303653
2024-09-24 08:00:00,26601.674120300537,17713.411243805305,24589.59500115994
2024-09-24 12:00:00,26569.37037126854,17689.21640837904,24490.68361784226
2024-09-24 16:00:00,26454.278613612143,17572.584894016538,24296.055565871546
2024-09-24 20:00:00,26454.278613612143,17839.34846410099,24666.41049196668
2024-09-25 00:00:00,26441.051474305335,17808.019254125953,25081.44455784588
2024-09-25 04:00:00,26391.929209538677,17844.31150726535,24995.26781674342
2024-09-25 08:00:00,26271.06258438914,17690.14697897236,24701.18567300927
2024-09-25 12:00:00,26338.282525648774,17684.253365214678,24823.887790800545
2024-09-25 16:00:00,26348.624055073335,17675.257849479272,24819.040173244823
2024-09-25 20:00:00,26338.92887123781,17618.493043286882,24746.367915559487
2024-09-26 00:00:00,26214.184172554058,17598.95106082721,24533.684035151127
2024-09-26 04:00:00,26274.940657923347,17681.771843632498,24693.63157121397
2024-09-26 08:00:00,26434.588018414986,17786.616130479644,25049.274334491653
2024-09-26 12:00:00,26469.82240562381,17905.729166424328,25164.949552606464
2024-09-26 16:00:00,26781.14830004605,18092.773855681215,25634.620357895423
2024-09-26 20:00:00,26625.345889581928,17955.049407870174,25437.088214724783
2024-09-27 00:00:00,26692.46629709565,18085.949671330218,25457.583722422267
2024-09-27 04:00:00,26739.363183401314,18148.297901082515,25518.280452308467
2024-09-27 08:00:00,26907.71650583279,18245.07724278757,25823.23756576859
2024-09-27 12:00:00,26730.694579657313,18191.414338572908,25595.09683628938
2024-09-27 16:00:00,27094.99719656168,18347.750198250305,26008.13433802736
2024-09-27 20:00:00,27014.8594761185,18245.387432985342,25847.2436987778
2024-09-28 00:00:00,27007.13082512709,18278.887974344787,25847.981333807285
2024-09-28 04:00:00,27095.58266089052,18361.708757150074,25975.196371764116
2024-09-28 08:00:00,26891.921325748808,18294.087294035646,25708.380017803232
2024-09-28 12:00:00,26905.889771788745,18277.647213553697,25765.144247600838
2024-09-28 16:00:00,26856.91467015457,18231.73906428335,25719.792772822162
2024-09-28 20:00:00,26894.453128357796,18259.656182082883,25736.773288990684
2024-09-29 00:00:00,26899.387777087497,18292.22615284901,25740.29301147259
2024-09-29 04:00:00,26931.338519371377,18277.95740375147,25808.459035053536
2024-09-29 08:00:00,26646.512622413327,18188.622626792956,25525.016309080398
2024-09-29 12:00:00,26750.16963314361,18249.419905556388,25689.92798550401
2024-09-29 16:00:00,26778.825144534785,18259.03580168734,25753.862016900024
2024-09-29 20:00:00,26921.30342930174,18306.80509214432,25975.434694294432
2024-09-30 00:00:00,26830.994900130536,18219.331456372445,25853.759407678295
2024-09-30 04:00:00,26537.57908965105,17946.05389213477,25495.25224906903
2024-09-30 08:00:00,26537.57908965105,17925.271148884003,25550.7479245558
2024-09-30 12:00:00,26537.57908965105,17676.18842007259,25275.59654487428
2024-09-30 16:00:00,26537.57908965105,17687.355267192404,25187.68401221648
2024-09-30 20:00:00,26537.57908965105,17681.151463236954,25288.474483934933
2024-10-01 00:00:00,26537.57908965105,17632.45160218665,25029.023493662888
2024-10-01 04:00:00,26537.57908965105,17736.36531844048,25353.155786732605
2024-10-01 08:00:00,26537.57908965105,17871.29805447157,25641.798139786115
2024-10-01 12:00:00,26537.57908965105,17829.422377772265,25622.467813960946
2024-10-01 16:00:00,26537.57908965105,17548.0798683925,24707.91123907493
2024-10-01 20:00:00,26537.57908965105,17295.585047405588,24140.56976309829
2024-10-02 00:00:00,26537.57908965105,17039.67813424318,23957.720446978958
2024-10-02 04:00:00,26537.57908965105,17297.756378789996,24324.43385086692
2024-10-02 08:00:00,26537.57908965105,17301.47866116327,24376.359973602826
2024-10-02 12:00:00,26537.57908965105,17127.46196021283,24102.77579553766
2024-10-02 16:00:00,26537.57908965105,17372.202026255425,24369.45872325278
2024-10-02 20:00:00,26537.57908965105,16901.02311583882,23331.048346276613
2024-10-03 00:00:00,26537.57908965105,17026.960336134503,23381.879020603097
2024-10-03 04:00:00,26537.57908965105,17277.283825737006,23796.918118651243
2024-10-03 08:00:00,26537.57908965105,17187.018478185175,23441.71048758519
2024-10-03 12:00:00,26537.57908965105,17067.595252042716,23044.51911825123
2024-10-03 16:00:00,26537.57908965105,17070.697154020443,22942.356803411654
2024-10-03 20:00:00,26537.57908965105,17168.096876121042,23149.473517021048
2024-10-04 00:00:00,26537.57908965105,17081.553810942485,23057.70582041286
2024-10-04 04:00:00,26537.57908965105,17148.865083859142,23182.163260376088
2024-10-04 08:00:00,26537.57908965105,17286.899721867958,23465.451613990175
2024-10-04 12:00:00,26537.57908965105,17286.589531670183,23537.772881407953
2024-10-04 16:00:00,26537.57908965105,17516.750658417466,23999.8444199132
2024-10-04 20:00:00,26537.57908965105,17634.312743373288,24175.347260670846
2024-10-05 00:00:00,26537.57908965105,17550.561389974682,24063.538227725476
2024-10-05 04:00:00,26537.57908965105,17496.278105364472,23884.272329041112
2024-10-05 08:00:00,26537.57908965105,17561.41804689672,24136.128070036386
2024-10-05 12:00:00,26537.57908965105,17590.265735289577,24109.237436427342
2024-10-05 16:00:00,26537.57908965105,17569.48299203881,24020.83189380339
2024-10-05 20:00:00,26537.57908965105,17471.15269934489,23880.278029790996
2024-10-06 00:00:00,26537.57908965105,17534.431499690505,23986.436239105533
2024-10-06 04:00:00,26537.57908965105,17485.731638640205,23979.23355292879
2024-10-06 08:00:00,26537.57908965105,17509.92647406647,24024.910298881143
2024-10-06 12:00:00,26524.310300106226,17550.871580172454,24161.350941978773
2024-10-06 16:00:00,26613.072475842233,17717.753906574122,24436.712580753952
2024-10-06 20:00:00,26540.20492585981,17688.90621818127,24353.881928647606
2024-10-07 00:00:00,26655.930802306586,17760.870344064515,24508.63296787402
2024-10-07 04:00:00,27173.65961792305,17955.669788265717,25023.462006344456
2024-10-07 08:00:00,26998.85841950113,17966.216254989988,24792.61310786139
2024-10-07 12:00:00,26849.941124087814,17826.63066599231,24646.478182809962
2024-10-07 16:00:00,27015.505639965297,17983.276715867483,24848.849968283663
2024-10-07 20:00:00,26791.957440868824,17919.687725324096,24634.154777475924
2024-10-08 00:00:00,26324.321933813037,17583.44155093858,24181.62232612075
2024-10-08 04:00:00,26324.321933813037,17683.012604423588,24267.21097223802
2024-10-08 08:00:00,26324.321933813037,17575.066415598718,24031.970725425388
2024-10-08 12:00:00,26324.321933813037,17677.42918086368,24241.802522211332
2024-10-08 16:00:00,26324.321933813037,17605.775245178207,24033.10916894673
2024-10-08 20:00:00,26324.321933813037,17585.92307252076,24148.988997306973
2024-10-09 00:00:00,26324.321933813037,17560.17728610563,24122.797225366936
2024-10-09 04:00:00,26324.321933813037,17622.525515857928,24187.219163848124
2024-10-09 08:00:00,26324.321933813037,17614.770760913612,24115.8902543628
2024-10-09 12:00:00,26324.321933813037,17601.43258240939,24130.271934331722
2024-10-09 16:00:00,26324.321933813037,17641.136927724285,24132.5764649442
2024-10-09 20:00:00,26324.321933813037,17293.103525823408,23791.867905309966
2024-10-10 00:00:00,26324.321933813037,17178.643342845313,23497.884894956373
2024-10-10 04:00:00,26324.321933813037,17238.8202412132,23614.815978705214
2024-10-10 08:00:00,26324.321933813037,17257.121462881783,23630.691685493184
2024-10-10 12:00:00,26324.321933813037,17369.410314475474,23748.898243636744
2024-10-10 16:00:00,26324.321933813037,17245.02404516865,23529.42052055737
2024-10-10 20:00:00,26324.321933813037,16930.49118462722,23306.236314993308
2024-10-11 00:00:00,26324.321933813037,17103.57731498434,23498.64257571516
2024-10-11 04:00:00,26324.321933813037,17179.26372324086,23737.305822088856
2024-10-11 08:00:00,26324.321933813037,17187.638858580718,23760.417243243624
2024-10-11 12:00:00,26324.321933813037,17353.590614389068,23939.316003915636
2024-10-11 16:00:00,26311.159772846127,17651.993584646327,24317.28313744985
2024-10-11 20:00:00,26346.721546993576,17884.946423173562,24519.667114016458
2024-10-12 00:00:00,26192.219309166467,17723.6475203318,24441.250805613196
2024-10-12 04:00:00,26191.428398712033,17754.35634991129,24417.576935889676
2024-10-12 08:00:00,26251.177947122316,17787.856891270734,24474.686021549853
2024-10-12 12:00:00,26344.99678856307,17838.41789350767,24577.126127992655
2024-10-12 16:00:00,26419.328406374632,17887.427944755742,24592.421342897804
2024-10-12 20:00:00,26422.11197298667,17836.246562123262,24632.186263650354
2024-10-13 00:00:00,26428.599427096644,17881.224140800292,24608.233895011057
2024-10-13 04:00:00,26253.677962899725,17756.527681295698,24439.70042445862
2024-10-13 08:00:00,26352.699285723967,17790.958793248457,24569.567918501678
2024-10-13 12:00:00,26284.013785885338,17704.72591826767,24530.078378021077
2024-10-13 16:00:00,26096.53094969059,17607.016005969297,24348.912888778796
2024-10-13 20:00:00,26292.369091497923,17763.66205584447,24513.91739058327
2024-10-14 00:00:00,26507.86143809712,17834.695611134397,24769.001816417804
2024-10-14 04:00:00,27149.98566407874,18209.715560241493,25433.17232601862
2024-10-14 08:00:00,27243.09218676036,18282.300066520285,25513.378039730396
2024-10-14 12:00:00,27338.873663814913,18396.76024949838,25590.85874033178
2024-10-14 16:00:00,28022.763013090364,18662.903439187285,26177.43766312497
2024-10-14 20:00:00,27935.124470048315,18685.237133426916,26077.871665880706
2024-10-15 00:00:00,28074.854035810902,18707.26063746877,26274.989915865364
2024-10-15 04:00:00,27813.461311265954,18528.28089335397,25990.176929524267
2024-10-15 08:00:00,27865.277490579545,18626.300995850117,26007.22660298315
2024-10-15 12:00:00,27575.056650375547,18564.88333669114,25673.283691443252
2024-10-15 16:00:00,27718.605355653235,18773.020959396566,25850.625001131633
2024-10-15 20:00:00,28056.7503303532,19057.465370754056,26185.08603051892
2024-10-16 00:00:00,28100.844247986905,19085.692678751362,26181.01474912026
2024-10-16 04:00:00,28090.019861678797,19085.38248855359,26119.027668107927
2024-10-16 08:00:00,28031.005865338684,19070.18316886273,26062.104220515525
2024-10-16 12:00:00,28351.929720927736,19306.85828976324,26386.57961878887
2024-10-16 16:00:00,28279.362391784583,19293.52011125902,26363.059587706564
2024-10-16 20:00:00,28264.558356833993,19317.404756487507,26275.22730558631
2024-10-17 00:00:00,28243.45816529547,19291.038589676835,26269.125753005937
2024-10-17 04:00:00,28353.985974116775,19284.214405325838,26323.37792143033
2024-10-17 08:00:00,28150.3380097806,19201.39362252055,26076.668013162525
2024-10-17 12:00:00,27873.094532632298,19068.3220276761,25843.621452339245
2024-10-17 16:00:00,28141.069771748706,19325.469701629598,26178.914314734342
2024-10-17 20:00:00,27924.84773404633,19126.327594659575,25720.046354058686
2024-10-18 00:00:00,28029.88226593149,19282.04307394143,25885.23913227991
2024-10-18 04:00:00,28046.97771855334,19303.446197587742,26047.451208209113
2024-10-18 08:00:00,28239.791450201876,19438.068743421056,26348.156721150655
2024-10-18 12:00:00,28114.068859425868,19349.044156660315,26174.515123590765
2024-10-18 16:00:00,28360.711518454358,19631.007046435625,26484.171293312655
2024-10-18 20:00:00,28309.444545446473,19565.24672450783,26445.477685278125
2024-10-19 00:00:00,28251.365553858122,19514.995912468665,26432.070211783015
2024-10-19 04:00:00,28267.743787002742,19519.02838503971,26394.108044611778
2024-10-19 08:00:00,28234.024566457978,19488.31955546022,26375.15806146004
2024-10-19 12:00:00,28164.755913924957,19417.596190368065,26261.8886899087
2024-10-19 16:00:00,28218.902404631597,19453.88844350746,26557.386726173085
2024-10-19 20:00:00,28190.377160333133,19440.86045520101,26538.844249619015
2024-10-20 00:00:00,28425.42341851617,19482.115751504767,26899.437804984675
2024-10-20 04:00:00,28326.27459872706,19433.415890454467,26794.45771163732
2024-10-20 08:00:00,28364.16433983286,19488.00936526245,26800.688961478565
2024-10-20 12:00:00,28402.789877209194,19493.28259862458,26852.67899436284
2024-10-20 16:00:00,28662.535210411996,19538.570367499386,27015.439019763824
2024-10-20 20:00:00,28636.25047719477,19506.31058693103,27029.950288849046
2024-10-21 00:00:00,29293.713296367772,19643.7248445443,27885.815087420677
2024-10-21 04:00:00,29355.63558091585,19625.423622875718,28063.918298747718
2024-10-21 08:00:00,29287.898913790013,19559.973491145694,27997.220085085784
2024-10-21 12:00:00,29053.05431779255,19476.22213774709,27712.610882359913
2024-10-21 16:00:00,28841.580039085173,19274.90869939266,27560.260412127463
2024-10-21 20:00:00,28992.064831791424,19414.80447858811,27864.219069366605
2024-10-22 00:00:00,28858.33673806905,19301.895246598877,27678.279622922644
2024-10-22 04:00:00,28851.91928076569,19307.168479961012,27634.61714948558
2024-10-22 08:00:00,28878.872601439805,19276.769840579294,27671.262850641768
2024-10-22 12:00:00,28941.76368301273,19275.839269985976,27766.881812788786
2024-10-22 16:00:00,28946.255903125086,19291.65897007238,27772.313922000692
2024-10-22 20:00:00,29000.162544473307,19371.377850899942,27903.189292997067
2024-10-23 00:00:00,28955.882089080125,19364.243476351174,27819.7618686022
2024-10-23 04:00:00,28814.698028406205,19240.787777637674,27513.834535969938
2024-10-23 08:00:00,28844.860077731995,19211.940089244818,27542.261675098634
2024-10-23 12:00:00,28904.542430653244,19125.086833868485,27594.58856998768
2024-10-23 16:00:00,28993.745087169948,19034.201105921107,27656.412487281872
2024-10-23 20:00:00,29273.546225596445,19099.030857255584,28126.57708143312
2024-10-24 00:00:00,29157.39024840563,19166.03193997447,27962.765543642854
2024-10-24 04:00:00,29337.07905289971,19310.890762334282,28355.408134499412
2024-10-24 08:00:00,29296.649071888543,19262.501091481754,28265.791987124998
2024-10-24 12:00:00,29321.035409641314,19318.645517278597,28305.121560248343
2024-10-24 16:00:00,29409.596320427678,19419.147141356927,28489.02734168797
2024-10-24 20:00:00,29484.691002313382,19554.390067585788,28702.889080618297
2024-10-25 00:00:00,29461.12891432149,19530.505422357295,28670.816239558633
2024-10-25 04:00:00,29298.298894038904,19484.907463284722,28387.884530971525
2024-10-25 08:00:00,29052.861020379765,19337.56711934273,27982.70042566344
2024-10-25 12:00:00,29240.118569313425,19503.208684953304,28309.748287375198
2024-10-25 16:00:00,29126.898533719068,19399.29496869948,28141.640948391178
2024-10-25 20:00:00,28722.381224416524,19165.101369381155,27542.495596131863
2024-10-26 00:00:00,28722.381224416524,19146.179767317022,27164.5394371765
2024-10-26 04:00:00,28722.381224416524,19236.445114868857,27317.396606721348
2024-10-26 08:00:00,28722.381224416524,19254.436146339667,27534.27878541263
2024-10-26 12:00:00,28722.381224416524,19290.41820928129,27699.069303528864
2024-10-26 16:00:00,28722.381224416524,19209.148377464866,27624.390562719273
2024-10-26 20:00:00,28722.381224416524,19292.279350467925,27997.471688660655
2024-10-27 00:00:00,28722.381224416524,19276.14946018375,27913.80016087563
2024-10-27 04:00:00,28722.381224416524,19330.122554596186,28071.72011226683
2024-10-27 08:00:00,28722.381224416524,19304.376768181057,28189.99611470193
2024-10-27 12:00:00,28722.381224416524,19279.56155235925,28232.86195406929
2024-10-27 16:00:00,28722.381224416524,19451.406921925278,28498.249241266385
2024-10-27 20:00:00,28708.020033804318,19462.26357884732,28636.289958087014
2024-10-28 00:00:00,28673.5597179543,19526.783139984025,28612.844313276444
2024-10-28 04:00:00,28626.83386595427,19452.027302320825,28456.69293578554
2024-10-28 08:00:00,28606.68263788704,19619.84019931581,28544.63934907855
2024-10-28 12:00:00,28694.617916618103,19687.771852628015,28691.406886996763
2024-10-28 16:00:00,28472.81757045805,19622.01153070022,28265.010249690466
2024-10-28 20:00:00,28796.070823214235,19949.26218935033,28701.090795709875
2024-10-29 00:00:00,28917.783845011894,20032.08297215562,28999.787031094784
2024-10-29 04:00:00,29365.82047092454,20281.786081362574,29495.352598493017
2024-10-29 08:00:00,29304.596028684522,20308.772628568793,29333.917362438227
2024-10-29 12:00:00,29545.032294037053,20496.127508023455,29539.454846204528
2024-10-29 16:00:00,29757.68405122684,20782.122870369807,29666.30037793921
2024-10-29 20:00:00,29460.426624852815,20741.798144659366,29296.60657297523
2024-10-30 00:00:00,29604.076622614746,20807.24827638939,29463.023807287773
2024-10-30 04:00:00,29596.26479517288,20675.107252138252,29503.18646604944
2024-10-30 08:00:00,29637.626913008913,20688.445430642478,29411.47469273684
2024-10-30 12:00:00,29381.761848466092,20609.036740012685,29051.66470490737
2024-10-30 16:00:00,29417.142019363517,20565.61011232452,28824.516111604804
2024-10-30 20:00:00,29284.930629995437,20502.021121781134,28805.423700692518
2024-10-31 00:00:00,29378.197122210997,20661.45888343626,28925.688893149563
2024-10-31 04:00:00,29382.16772758892,20670.454399171664,28878.86107540958
2024-10-31 08:00:00,29340.745111627406,20675.7276325338,28874.683069128103
2024-10-31 12:00:00,29274.16127777782,20611.82845179264,28881.244254979043
2024-10-31 16:00:00,28753.40938917818,20164.8443768023,28176.653508426163
2024-10-31 20:00:00,28753.40938917818,19962.910558052325,27805.516142196517
2024-11-01 00:00:00,28753.40938917818,20013.16137009149,27795.942005631234
2024-11-01 04:00:00,28753.40938917818,19760.66654910458,27542.34238925634
2024-11-01 08:00:00,28753.40938917818,19758.1850275224,27457.57533469554
2024-11-01 12:00:00,28753.40938917818,19980.591399325363,27747.065867484278
2024-11-01 16:00:00,28753.40938917818,19847.20961428314,27334.926039938906
2024-11-01 20:00:00,28753.40938917818,19837.593718152188,27636.929609120063
2024-11-02 00:00:00,28753.40938917818,19905.835561662163,27608.812528399805
2024-11-02 04:00:00,28753.40938917818,19944.299146185967,27711.263122566095
2024-11-02 08:00:00,28753.40938917818,20003.545473960537,27804.340137216182
2024-11-02 12:00:00,28753.40938917818,19957.016944294646,27630.25382536704
2024-11-02 16:00:00,28753.40938917818,19903.974420475526,27367.52972256287
2024-11-02 20:00:00,28753.40938917818,19942.748195197106,27530.903232347315
2024-11-03 00:00:00,28753.40938917818,19907.386512651025,27636.649137567267
2024-11-03 04:00:00,28753.40938917818,19601.538977647226,27005.71736434444
2024-11-03 08:00:00,28753.40938917818,19625.73381307349,27195.771098472054
2024-11-03 12:00:00,28753.40938917818,19627.905144457898,27221.644207155492
2024-11-03 16:00:00,28753.40938917818,19520.889526226347,26763.88424631007
2024-11-03 20:00:00,28753.40938917818,19707.934215483234,26973.61009820319
2024-11-04 00:00:00,28753.40938917818,19645.585985730937,27017.17124342234
2024-11-04 04:00:00,28753.40938917818,19657.373213246297,27018.00632664106
2024-11-04 08:00:00,28753.40938917818,19541.982459674884,26805.90880238133
2024-11-04 12:00:00,28753.40938917818,19545.704742048154,27060.502280853223
2024-11-04 16:00:00,28753.40938917818,19540.43150868602,26944.94004219793
2024-11-04 20:00:00,28753.40938917818,19342.53016250709,26527.999962833783
2024-11-05 00:00:00,28753.40938917818,19350.90529784695,26321.78346018189
2024-11-05 04:00:00,28753.40938917818,19460.71262785846,26572.5205102505
2024-11-05 08:00:00,28753.40938917818,19629.45609544676,26893.24871069145
2024-11-05 12:00:00,28753.40938917818,19587.580418747457,26907.940298896592
2024-11-05 16:00:00,28753.40938917818,19822.39439846133,27335.53803110864
2024-11-05 20:00:00,28753.40938917818,19593.163842307364,26966.745449371723
2024-11-06 00:00:00,28753.40938917818,19703.591552714417,27313.415033785368
2024-11-06 04:00:00,28710.34387336813,21458.647691711885,30367.73006233364
2024-11-06 08:00:00,28481.26123227904,21077.42393864934,30062.81884461446
2024-11-06 12:00:00,29056.215124847335,21493.38899386242,30704.62880230702
2024-11-06 16:00:00,28953.543642909302,21458.647691711885,30521.33163048141
2024-11-06 20:00:00,29496.976910351066,21899.427962746773,31049.160624676217
2024-11-07 00:00:00,29475.426151602325,21802.338430843945,30860.991741426333
2024-11-07 04:00:00,29994.974754123676,21623.358686729145,31241.417716222935
2024-11-07 08:00:00,29735.22103753192,21517.583829288684,30997.468110192378
2024-11-07 12:00:00,29567.224085956997,21543.949996099356,30790.58743518105
2024-11-07 16:00:00,30166.80836281589,21837.079732994476,31572.8098597779
2024-11-07 20:00:00,30657.49156361724,22019.471569284775,32197.335364604533
2024-11-08 00:00:00,30528.614015380605,21798.926338668447,32029.968928167433
2024-11-08 04:00:00,30680.894109224235,21825.60269567689,32262.5474179062
2024-11-08 08:00:00,30897.93936036243,21921.141276590857,32567.002730690398
2024-11-08 12:00:00,31016.222023959563,21859.72361743188,32830.45195935314
2024-11-08 16:00:00,31154.77838039099,22074.995614686075,32796.43332027232
2024-11-08 20:00:00,31302.05816095988,22288.71666095141,32833.76009283835
2024-11-09 00:00:00,31281.292712196777,22149.751452349275,32813.76104891311
2024-11-09 04:00:00,31236.04314466524,22109.426726638834,32715.02465985631
2024-11-09 08:00:00,31566.176266001752,22163.710011249044,32965.17271477801
2024-11-09 12:00:00,31749.521420012275,22153.47373472255,33207.00558062905
2024-11-09 16:00:00,31471.35921543046,22094.22740694798,32753.202998992645
2024-11-09 20:00:00,31517.011659793938,22052.661920446448,32700.28602927158
2024-11-10 00:00:00,31896.849400303534,22183.872374104263,33050.309144660685
2024-11-10 04:00:00,32050.380907772025,22328.421006266304,33247.3380600586
2024-11-10 08:00:00,32563.286160425825,22740.043398710568,33783.93934003452
2024-11-10 12:00:00,32957.41622229006,23078.460904480493,34153.90788537344
2024-11-10 16:00:00,33123.11986726691,22983.54270396207,34643.47221943613
2024-11-10 20:00:00,32754.411212919727,22993.158600093022,34178.20012038331
2024-11-11 00:00:00,32993.946291575034,23165.624350054597,34440.0253143202
2024-11-11 04:00:00,33206.33199002223,23537.23220698619,34582.382748669654
2024-11-11 08:00:00,32877.29346363903,23425.873925985823,34292.843734991715
2024-11-11 12:00:00,33931.89837006001,23883.714657898206,35692.68356578712
2024-11-11 16:00:00,34477.179107377015,24487.965163159264,36175.08020594178
2024-11-11 20:00:00,34831.355069505764,25017.45983075712,36260.27034193653
2024-11-12 00:00:00,35379.39765019418,25535.16727083962,36780.171170328606
2024-11-12 04:00:00,35293.0436846596,25528.653276686397,36721.31320906826
2024-11-12 08:00:00,35711.55630545954,25890.024857091496,37091.82057122415
2024-11-12 12:00:00,34635.55192738239,25394.34092105085,35702.10171700247
2024-11-12 16:00:00,34530.002964155676,25280.501118468303,35636.99779642597
2024-11-12 20:00:00,34958.15657571459,25868.621733445183,36119.50991603927
2024-11-13 00:00:00,34576.350825433896,25582.005990703285,35732.55974551305
2024-11-13 04:00:00,33956.34417562422,25406.438338763983,34783.4665640933
2024-11-13 08:00:00,33875.1603451109,25569.28819259461,35099.93661563753
2024-11-13 12:00:00,33885.95074307426,25593.483028020873,35307.46487108511
2024-11-13 16:00:00,34536.14138958466,27051.376957552173,36966.27748533636
2024-11-13 20:00:00,34212.152773812886,26324.911514368705,35862.83181048464
2024-11-14 00:00:00,34279.10857655991,26475.04357009065,36529.749621256815
2024-11-14 04:00:00,34230.27510885392,26365.546430276918,36990.379834489824
2024-11-14 08:00:00,34363.21834529998,26663.6392103364,37014.58601008472
2024-11-14 12:00:00,34494.363182085486,26957.699517824843,36931.65879243954
2024-11-14 16:00:00,33980.712571342265,25805.963313495115,35715.32559244741
2024-11-14 20:00:00,34200.53234523695,26298.855537755804,36552.21004341413
2024-11-15 00:00:00,33926.29196007543,25722.52215029428,35629.22064633498
2024-11-15 04:00:00,33926.29196007543,25975.01697128119,35668.02574105983
2024-11-15 08:00:00,33926.29196007543,25758.194023038133,35516.10931153153
2024-11-15 12:00:00,33926.29196007543,26319.94847120434,36217.91489488736
2024-11-15 16:00:00,33926.29196007543,26041.39767360453,35535.21969460133
2024-11-15 20:00:00,33926.29196007543,26594.156606035336,36153.458388139916
2024-11-16 00:00:00,33926.29196007543,26723.505918506515,36844.62620128872
2024-11-16 04:00:00,33909.328814095396,26772.82615995236,37272.28706345437
2024-11-16 08:00:00,33786.16673198574,26743.04790096619,36934.51266239283
2024-11-16 12:00:00,33794.26950054558,26761.659312832548,37089.9102144325
2024-11-16 16:00:00,33580.896595136306,26544.526174391718,36485.842612945155
2024-11-16 20:00:00,33654.361696745575,26733.432004835242,36748.3147815898
2024-11-17 00:00:00,33614.388038517,26564.378347049165,36550.59578296575
2024-11-17 04:00:00,33900.68586096489,26470.08052692629,37038.90535450203
2024-11-17 08:00:00,34700.69921010703,26519.400768372136,38805.354506170304
2024-11-17 12:00:00,34585.639896557215,26577.406335355612,38541.7430076129
2024-11-17 16:00:00,34549.98771489389,26466.66843475079,38402.99074000193
2024-11-17 20:00:00,34625.613554785785,26417.968573700487,38563.28111639111
2024-11-18 00:00:00,34743.91397575954,26386.32917352768,38771.3460235965
2024-11-18 04:00:00,35098.27505411014,26647.509320052224,39657.224118006576
2024-11-18 08:00:00,34960.86490238471,26931.643541211943,39526.30325342002
2024-11-18 12:00:00,34838.097360575804,26548.248456764988,39383.57066924458
2024-11-18 16:00:00,35080.95701169186,27083.01635772498,39705.6259208401
2024-11-18 20:00:00,34469.28512109061,26563.447776455847,38732.192752957715
2024-11-19 00:00:00,34617.804223389976,26491.793840770373,39169.42072959364
2024-11-19 04:00:00,34454.48084975126,26767.55292659023,39273.292878259395
2024-11-19 08:00:00,34500.118957593215,26880.151968381688,39592.83304439944
2024-11-19 12:00:00,34659.47340593686,26927.300878443126,39961.46306771965
2024-11-19 16:00:00,34338.171817910974,27093.873014647023,39339.109657183144
2024-11-19 20:00:00,34560.011636927884,27299.218925572495,39711.25506804963
2024-11-20 00:00:00,34138.79738130697,27033.696116279134,38954.62089705964
2024-11-20 04:00:00,33945.56928202657,26989.33891799765,38563.21525964293
2024-11-20 08:00:00,34180.026535953715,27253.93115669769,38932.306836319316
2024-11-20 12:00:00,34373.2574206319,27468.272583358572,39211.59397715989
2024-11-20 16:00:00,34606.04542816112,27909.05285439346,39548.496082698555
2024-11-20 20:00:00,34503.780975660826,27667.10450013082,38757.557001387715
2024-11-21 00:00:00,34512.95855473136,27688.8178139749,38985.253543939805
2024-11-21 04:00:00,34688.90585634085,28105.093059385752,39215.94097177264
2024-11-21 08:00:00,34841.778102001546,28466.774829988626,40016.63238069756
2024-11-21 12:00:00,34988.750475402616,28814.498041691728,40018.09754787728
2024-11-21 16:00:00,34818.49676900719,28492.52061640375,41118.61500374673
2024-11-21 20:00:00,35459.089340596736,28857.924669379896,41902.59602459347
2024-11-22 00:00:00,35690.03619768395,29026.668136968197,42256.174493314094
2024-11-22 04:00:00,36058.514856875285,29165.943535768103,42967.67930958934
2024-11-22 08:00:00,35871.844743018504,29201.615408511956,42564.59267216094
2024-11-22 12:00:00,36027.60002284851,29326.932248412093,42810.997475378375
2024-11-22 16:00:00,35888.06441176206,29371.909827089123,42587.13386782762
2024-11-22 20:00:00,35662.343059038365,29449.76756673005,42259.160815325435
2024-11-23 00:00:00,35932.954419987196,29388.0397173733,42620.932822042814
2024-11-23 04:00:00,35883.31038176746,29244.111465606802,42544.64446681094
2024-11-23 08:00:00,35902.81838545612,29210.921114445133,42637.38839046879
2024-11-23 12:00:00,35859.704840952065,29194.79122416096,42446.9045672493
2024-11-23 16:00:00,36407.33128865209,29200.374647720866,43007.58421788199
2024-11-23 20:00:00,35791.668721921014,28869.09151649971,42180.588106145646
2024-11-24 00:00:00,35767.88533287853,28910.65700300124,42199.59321464716
2024-11-24 04:00:00,36114.88416438467,29060.78905872319,42699.0398019186
2024-11-24 08:00:00,36101.47694018037,29178.661333876782,42577.495250647844
2024-11-24 12:00:00,35282.03872269146,28811.396139714,41436.95422646934
2024-11-24 16:00:00,34572.05149541379,28317.263154662225,40623.269014607904
2024-11-24 20:00:00,34572.05149541379,28526.331347960968,41314.7988635374
2024-11-25 00:00:00,34572.05149541379,28975.79694453349,41935.13224147411
2024-11-25 04:00:00,34572.05149541379,28967.42180919363,41905.54206735414
2024-11-25 08:00:00,34572.05149541379,29107.00739819131,42206.20654664771
2024-11-25 12:00:00,34554.76546966608,29066.682672480867,42085.67431498342
2024-11-25 16:00:00,34693.55875799021,28371.856629470203,41106.61853622499
2024-11-25 20:00:00,34499.10901319526,27942.863585950676,40274.753633152635
2024-11-26 00:00:00,34389.88321737126,27591.107901676525,39628.133302156915
2024-11-26 04:00:00,34430.582001165545,27966.12785078362,40060.60732744553
2024-11-26 08:00:00,34282.19110477588,27763.883841835876,39767.52442538901
2024-11-26 12:00:00,34282.19110477588,27209.573958416207,38477.96530042264
2024-11-26 16:00:00,34282.19110477588,27479.12924028061,38636.27028448893
2024-11-26 20:00:00,34282.19110477588,27155.600864003773,38719.920937317205
2024-11-27 00:00:00,34282.19110477588,27181.967030814445,38859.424691298525
2024-11-27 04:00:00,34282.19110477588,27390.414843717645,39099.443812776706
2024-11-27 08:00:00,34282.19110477588,27689.128004172675,39616.48915038048
2024-11-27 12:00:00,34282.19110477588,27532.17176409973,39599.9270897958
2024-11-27 16:00:00,34265.05000922349,28085.86126712385,40405.33120295041
2024-11-27 20:00:00,34398.13990279086,28433.584478826953,40455.62490240144
2024-11-28 00:00:00,34590.30541238049,28174.265473489046,40745.34520521896
2024-11-28 04:00:00,34431.75189121732,28090.51412009044,40486.72682136673
2024-11-28 08:00:00,34414.09710941756,28062.28681209313,40247.85104314019
2024-11-28 12:00:00,34492.18556737801,28072.52308861963,40151.019521561524
2024-11-28 16:00:00,34236.191231281584,27932.627309424177,39558.545858258294
2024-11-28 20:00:00,34336.008651457116,27955.27119386158,39851.862141309444
2024-11-29 00:00:00,34340.76186194166,28097.338304441437,40118.16452210663
2024-11-29 04:00:00,34341.10137697627,28338.045897912987,40633.156070388155
2024-11-29 08:00:00,34209.36954354734,28021.962086382693,39983.34652931501
2024-11-29 12:00:00,34363.255701017755,28570.37835604468,41153.36773543552
2024-11-29 16:00:00,34453.43244366563,28819.46108485609,41081.69744928162
2024-11-29 20:00:00,34096.08615697843,28566.65607367141,40633.998823902526
2024-11-30 00:00:00,34208.93336906159,28575.341399209043,40854.417586915835
2024-11-30 04:00:00,34313.68500378214,28333.703235144174,40850.39524153559
2024-11-30 08:00:00,34513.924953209964,28363.791684328116,41038.094764749214
2024-11-30 12:00:00,34148.62694971487,28201.562210893037,40590.15681552107
2024-11-30 16:00:00,34177.49891709718,28316.95296446445,40499.59217485552
2024-11-30 20:00:00,34278.89667449276,28439.167902386864,40586.27101106715
2024-12-01 00:00:00,34244.63336272398,28269.804054403012,40302.60393978269
2024-12-01 04:00:00,34254.47929872769,28253.363973921063,40105.29087727007
2024-12-01 08:00:00,34245.991422862426,28292.758129038186,40096.41060150394
2024-12-01 12:00:00,34209.66331415909,28485.076051657208,40317.44767682515
2024-12-01 16:00:00,34325.43794096132,28457.469124055446,40510.00571884661
2024-12-01 20:00:00,34237.84306203177,28449.40417891336,40188.85768979731
2024-12-02 00:00:00,34284.69613680804,28566.035693275862,40405.319260112534
2024-12-02 04:00:00,34243.275302585535,28416.21382775169,39514.31572129863
2024-12-02 08:00:00,34201.175438293816,28331.531903759766,39506.003014715796
2024-12-02 12:00:00,33912.5438614353,28025.37417855819,38829.55019932358
2024-12-02 16:00:00,33912.5438614353,28765.79818064143,39845.90643175435
2024-12-02 20:00:00,33912.5438614353,28325.638290002084,38980.63277526823
2024-12-03 00:00:00,33912.5438614353,28305.475927146865,39179.917853146566
2024-12-03 04:00:00,33912.5438614353,28378.37062362343,39438.515812985745
2024-12-03 08:00:00,33912.5438614353,28206.83544425517,39219.084232346504
2024-12-03 12:00:00,33912.5438614353,27996.83668036311,38958.066112041706
2024-12-03 16:00:00,33912.5438614353,28231.030279681436,38747.04479539546
2024-12-03 20:00:00,33912.5438614353,28186.362891202178,39301.759270414106
2024-12-04 00:00:00,33912.5438614353,28304.235166355775,40017.81964121187
2024-12-04 04:00:00,33912.5438614353,28309.198209520135,40517.16466012671
2024-12-04 08:00:00,33895.587589504576,28530.363820532013,40532.11181799105
2024-12-04 12:00:00,33936.48457098436,28418.385159136098,40451.79774236624
2024-12-04 16:00:00,34203.91248894197,28240.95636601016,40246.0963818978
2024-12-04 20:00:00,34279.31629854531,28709.343564646813,40357.11354958601
2024-12-05 00:00:00,34236.62880727789,29079.710660787317,40055.90661577316
2024-12-05 04:00:00,34660.95382614846,30266.188167267577,40778.53486282339
2024-12-05 08:00:00,34615.407306306224,30044.402175860156,40815.45459487177
2024-12-05 12:00:00,34908.745760603466,30183.057194264515,41849.38118146088
2024-12-05 16:00:00,34435.05801124983,29744.758444811807,41289.30469980175
2024-12-05 20:00:00,33611.29973387878,29016.431860441702,40238.86552760862
2024-12-06 00:00:00,33488.92829710725,28451.265320099996,40329.73200363692
2024-12-06 04:00:00,33857.64014576089,28682.357017440594,41233.67489758937
2024-12-06 08:00:00,33815.78464127767,28809.84518872514,40975.52192282793
2024-12-06 12:00:00,33729.83707863658,28758.663806092656,40344.76901863277
2024-12-06 16:00:00,34142.640985448095,29200.99502811641,41202.08613393497
2024-12-06 20:00:00,34376.20109061777,29840.297025725773,41709.052591213826
2024-12-07 00:00:00,34147.11409279744,29290.329805074925,41063.624059175825
2024-12-07 04:00:00,34109.09268032796,29171.837149525785,40768.26904983997
2024-12-07 08:00:00,34114.52431068075,29208.12940266518,40962.5359714536
2024-12-07 12:00:00,34151.267692478985,29272.02858340634,41202.93867903335
2024-12-07 16:00:00,34151.267692478985,29259.620975495436,41448.27315793529
2024-12-07 20:00:00,34187.05255127379,29384.007244802255,41618.05816487505
2024-12-08 00:00:00,34121.55347937258,29274.199914790748,41142.68491891092
2024-12-08 04:00:00,34097.909911954586,29294.362277645967,41383.796220409524
2024-12-08 08:00:00,34080.65649789281,29249.384698968937,41076.93560111792
2024-12-08 12:00:00,34063.72259149883,29285.36676191056,40912.35970810781
2024-12-08 16:00:00,34121.23397170477,29346.164040673993,41116.846637886876
2024-12-08 20:00:00,34090.56123559494,29325.071107225456,40942.25450785487
2024-12-09 00:00:00,34156.699322831766,29682.410215059514,41200.18690522583
2024-12-09 04:00:00,33968.18979882341,29182.383616250052,40456.014566890284
2024-12-09 08:00:00,33881.72127892995,29237.59747145358,40353.525703730185
2024-12-09 12:00:00,33881.72127892995,28777.275217959013,39474.05900337047
2024-12-09 16:00:00,33881.72127892995,28634.58772698361,39144.63410831661
2024-12-09 20:00:00,33881.72127892995,28504.307843919112,38902.108172607215
2024-12-10 00:00:00,33881.72127892995,28621.249548479387,38301.89239596922
2024-12-10 04:00:00,33881.72127892995,28501.205941941385,38066.98038857962
2024-12-10 08:00:00,33881.72127892995,28595.813952262033,38406.270247907974
2024-12-10 12:00:00,33881.72127892995,28815.738802482818,38454.65016286591
2024-12-10 16:00:00,33881.72127892995,28262.049299458697,37012.28808848565
2024-12-10 20:00:00,33881.72127892995,28258.94739748097,37619.253615913374
2024-12-11 00:00:00,33881.72127892995,28487.867763437163,37871.63442439588
2024-12-11 04:00:00,33881.72127892995,28718.64927057999,38619.393740151674
2024-12-11 08:00:00,33881.72127892995,28811.08594951623,38677.11705406884
2024-12-11 12:00:00,33881.72127892995,29059.238107734323,39482.791665720935
2024-12-11 16:00:00,33864.78041829049,29708.15600147464,40222.65706277055
2024-12-11 20:00:00,33945.67523594227,29920.946477146656,40455.41346181883
2024-12-12 00:00:00,33921.3832061518,29857.047296405497,40131.946606655285
2024-12-12 04:00:00,33913.364477871444,29835.954362956956,40636.45966317486
2024-12-12 08:00:00,33830.46497814957,29617.89065392281,40402.80713108653
2024-12-12 12:00:00,33834.238497340324,29627.816740251532,40427.60632417011
2024-12-12 16:00:00,33997.009661098054,30144.903799938485,40945.0863870174
2024-12-12 20:00:00,33256.92660569037,29430.845964665918,40103.36366612282
2024-12-13 00:00:00,33356.747651811034,29605.793236209676,40180.19026855963
2024-12-13 04:00:00,33530.77080731235,29560.1952771371,40311.886798551655
2024-12-13 08:00:00,33323.52969471828,29682.720405257285,40016.504362362204
2024-12-13 12:00:00,33346.845886698546,29665.65994437979,40044.63604463507
2024-12-13 16:00:00,33021.16092065247,29519.870551426662,39481.99806800041
2024-12-13 20:00:00,33383.774694494656,29978.64185393236,39903.75778049929
2024-12-14 00:00:00,33401.267754627464,29947.6228341551,40015.37832664995
2024-12-14 04:00:00,33541.48330634784,30138.699995983032,40229.04643452627
2024-12-14 08:00:00,33536.954339970514,30060.532066144333,40206.03648497886
2024-12-14 12:00:00,33333.01894452478,29986.70679907445,39956.97686906553
2024-12-14 16:00:00,33326.78623847528,30007.17935212744,39755.443321570834
2024-12-14 20:00:00,33214.182646053385,29925.909520311016,39213.20745172957
2024-12-15 00:00:00,33229.51672694528,29934.284655650878,39429.84214503046
2024-12-15 04:00:00,33287.06289460427,30085.657472163915,39540.869607370725
2024-12-15 08:00:00,33263.24255471264,30022.999052213847,39123.05071323449
2024-12-15 12:00:00,33371.849153921525,30308.684224362427,39395.0926775976
2024-12-15 16:00:00,33365.59926276184,30292.244143880478,39659.78340479151
2024-12-15 20:00:00,33417.838919058835,30429.658401493747,39728.61516048959
2024-12-16 00:00:00,33534.93593644691,30737.677267881954,40206.52353106053
2024-12-16 04:00:00,33557.2232841673,30796.30321526098,39882.95064715365
2024-12-16 08:00:00,33609.86628196123,30979.00524174905,40256.16844451207
2024-12-16 12:00:00,33318.32682299896,30650.51382230785,39110.78072046835
2024-12-16 16:00:00,33659.01520375927,31357.12709283387,39666.923216257215
2024-12-16 20:00:00,33990.147060976655,31406.757524477493,39971.773143162296
2024-12-17 00:00:00,33740.1884974931,31260.96813152436,39589.23630998078
2024-12-17 04:00:00,33994.30973436576,31533.935505564263,39743.40836914324
2024-12-17 08:00:00,33910.00674211977,31571.158329296977,39729.316857287544
2024-12-17 12:00:00,33920.10327740529,31564.954525341527,40379.57365402743
2024-12-17 16:00:00,33679.211386394876,31443.980348210203,40094.14615198364
2024-12-17 20:00:00,33669.4435915101,31462.59176007656,40899.75982677634
2024-12-18 00:00:00,33426.81598804461,31378.840406677955,40336.87811276836
2024-12-18 04:00:00,32950.02499556028,30938.060135643067,39480.40213716802
2024-12-18 08:00:00,32913.9407182987,30843.141935124644,39328.655059835124
2024-12-18 12:00:00,32980.80276145987,31019.019777261718,39599.08901660091
2024-12-18 16:00:00,32945.54394152126,30926.272908127707,39616.71373055612
2024-12-18 20:00:00,32845.48654484522,30709.139769686873,38980.15986307334
2024-12-19 00:00:00,32845.48654484522,30066.11548970424,38113.4461950053
2024-12-19 04:00:00,32845.48654484522,30252.849988763355,38384.112562096765
2024-12-19 08:00:00,32845.48654484522,30369.171312928087,38772.931314695146
2024-12-19 12:00:00,32845.48654484522,30532.33135695648,38635.642978717646
2024-12-19 16:00:00,32845.48654484522,30056.80978377106,37828.0078398705
2024-12-19 20:00:00,32845.48654484522,29072.88647643632,35810.70641306093
2024-12-20 00:00:00,32845.48654484522,29166.87410636142,36044.527408765585
2024-12-20 04:00:00,32845.48654484522,29071.025335249684,36286.16031673551
2024-12-20 08:00:00,32845.48654484522,29203.786739896364,35679.99075218138
2024-12-20 12:00:00,32845.48654484522,27601.654368400796,32970.681437991414
2024-12-20 16:00:00,32845.48654484522,28970.83390136913,35431.189624494626
2024-12-20 20:00:00,32845.48654484522,28883.67045579502,35650.03256901625
2024-12-21 00:00:00,32845.48654484522,29124.99842966212,36042.50586853245
2024-12-21 04:00:00,32845.48654484522,29026.047756572654,35986.47261112566
2024-12-21 08:00:00,32845.48654484522,29558.644326148238,36804.128274418545
2024-12-21 12:00:00,32845.48654484522,29318.24692287446,35960.562325605206
2024-12-21 16:00:00,32845.48654484522,29084.053323556134,35105.42333655995
2024-12-21 20:00:00,32845.48654484522,28990.3758838288,34451.136603364605
2024-12-22 00:00:00,32845.48654484522,29008.056725101844,34446.69350620137
2024-12-22 04:00:00,32845.48654484522,28940.745452185183,34597.64069291543
2024-12-22 08:00:00,32845.48654484522,28662.81503498092,34607.499341962946
2024-12-22 12:00:00,32845.48654484522,28943.53716396514,35035.55847102072
2024-12-22 16:00:00,32845.48654484522,28363.791684328116,34141.730130287935
2024-12-22 20:00:00,32845.48654484522,28224.20609533044,33673.684356208745
2024-12-23 00:00:00,32845.48654484522,28285.623754489417,33924.770819053636
2024-12-23 04:00:00,32845.48654484522,28522.609065587698,34745.70890616779
2024-12-23 08:00:00,32845.48654484522,28410.010023796236,34234.50487000944
2024-12-23 12:00:00,32845.48654484522,28598.91585423976,34524.112519304545
2024-12-23 16:00:00,32845.48654484522,27820.02826763272,33887.420635415285
2024-12-23 20:00:00,32845.48654484522,27699.984661094717,34601.38460554677
2024-12-24 00:00:00,32845.48654484522,28271.355005391877,35237.28406421904
2024-12-24 04:00:00,32845.48654484522,28148.82987727169,35163.55183837464
2024-12-24 08:00:00,32845.48654484522,28097.958684836984,35316.64054215525
2024-12-24 12:00:00,32845.48654484522,28132.07960659197,35488.30563268108
2024-12-24 16:00:00,32845.48654484522,29337.16852493859,36572.069226091975
2024-12-24 20:00:00,32845.48654484522,29108.55834918017,36169.43711227042
2024-12-25 00:00:00,32829.0638015728,29419.679117546104,36501.63647394076
2024-12-25 04:00:00,32741.691084870414,29228.912145915947,36699.644140032244
2024-12-25 08:00:00,32656.81555080392,29243.80127540903,36543.77015857177
2024-12-25 12:00:00,32530.197803880015,29216.814728202815,36280.61085175011
2024-12-25 16:00:00,32725.535244290804,29393.31295073543,36599.02797364499
2024-12-25 20:00:00,32825.2149418807,29526.69473577766,36751.99024306958
2024-12-26 00:00:00,32759.467346850128,29650.770814886706,36627.72510994626
2024-12-26 04:00:00,32528.212382178826,29513.356557273437,36420.18919054126
2024-12-26 08:00:00,32113.835280129526,29145.160792517338,35898.37777488853
2024-12-26 12:00:00,31485.839260250526,28532.845342114193,35228.663111595844
2024-12-26 16:00:00,31485.839260250526,28611.013271952892,35067.20394387189
2024-12-26 20:00:00,31485.839260250526,28610.70308175512,35089.24924472904
2024-12-27 00:00:00,31485.839260250526,28496.242898777025,34952.61828012248
2024-12-27 04:00:00,31485.839260250526,28706.86204306463,35239.64129306436
2024-12-27 08:00:00,31485.839260250526,28310.749160509,34696.06598964734
2024-12-27 12:00:00,31485.839260250526,28794.956059232056,35443.69806785689
2024-12-27 16:00:00,31485.839260250526,28132.07960659197,34353.98715869433
2024-12-27 20:00:00,31485.839260250526,28180.4692774445,34708.06012994552
2024-12-28 00:00:00,31485.839260250526,28033.128933502507,34329.37857434311
2024-12-28 04:00:00,31485.839260250526,28117.50066729666,34455.70855477352
2024-12-28 08:00:00,31485.839260250526,28052.981106159954,34423.231535044135
2024-12-28 12:00:00,31485.839260250526,28167.75147933582,34721.97199430444
2024-12-28 16:00:00,31485.839260250526,28043.675400226773,34994.42582297405
2024-12-28 20:00:00,31485.839260250526,28213.65962860617,35487.89201006131
2024-12-29 00:00:00,31485.839260250526,28295.23965062037,35705.13393381826
2024-12-29 04:00:00,31485.839260250526,28264.53082104088,35591.049177570596
2024-12-29 08:00:00,31485.839260250526,28298.03136240032,35779.93403039696
2024-12-29 12:00:00,31485.839260250526,28211.798487419535,35730.398546721175
2024-12-29 16:00:00,31485.839260250526,28048.328253193366,35529.00747405428
2024-12-29 20:00:00,31485.839260250526,27778.77297132896,35152.955299926645
2024-12-30 00:00:00,31485.839260250526,27830.88492455476,34860.351263156
2024-12-30 04:00:00,31485.839260250526,27817.85693624831,35105.83180357503
2024-12-30 08:00:00,31470.096340620403,27827.472832379262,35256.93245765158
2024-12-30 12:00:00,31436.822682092316,27830.574734356986,35310.390846422124
2024-12-30 16:00:00,31184.729927278655,27475.09676770957,34536.515025683046
2024-12-30 20:00:00,31169.137562315016,28143.86683410733,35835.55727377487
2024-12-31 00:00:00,30893.52747705254,27612.511025322838,35021.653707173115
2024-12-31 04:00:00,30800.19267289857,27536.514426868547,34806.16287179203
2024-12-31 08:00:00,30800.19267289857,27634.844719562465,34874.85691294895
2024-12-31 12:00:00,30800.19267289857,28041.193878644593,35488.58288400597
2024-12-31 16:00:00,30754.06158052778,28544.942759827325,36327.80537953674
2024-12-31 20:00:00,30155.95689882631,28136.73245955856,35568.29537802296
2025-01-01 00:00:00,29828.740844569227,27959.924046828168,34988.09341895413
2025-01-01 04:00:00,29828.740844569227,28050.499584577774,35160.94331764177
2025-01-01 08:00:00,29828.740844569227,28017.3092334161,35119.24442853924
2025-01-01 12:00:00,29828.740844569227,27971.09089394798,35265.193073233444
2025-01-01 16:00:00,29828.740844569227,28261.11872886538,35431.967085011594
2025-01-01 20:00:00,29828.740844569227,28321.295627233267,35594.61858670974
2025-01-02 00:00:00,29828.740844569227,28280.04033092951,35685.350804395406
2025-01-02 04:00:00,29828.740844569227,28364.101874525888,36181.897539729674
2025-01-02 08:00:00,29784.064747448057,28654.75008983883,37169.259265256
2025-01-02 12:00:00,30257.20430619773,29029.770038945924,37753.34870959722
2025-01-02 16:00:00,30273.4148504056,29092.738649093768,37711.619077108466
2025-01-02 20:00:00,30447.672909891633,29443.563762774596,37899.53972649934
2025-01-03 00:00:00,30411.186360804517,29278.852767757337,37956.79828478825
2025-01-03 04:00:00,30430.455046710787,29289.70942467938,37941.69948376937
2025-01-03 08:00:00,30216.207410547744,29035.04327230806,37769.01721508031
2025-01-03 12:00:00,30637.512289107544,29131.202233617572,38534.89216172644
2025-01-03 16:00:00,31192.531414707384,29407.891890030747,39131.46361142339
2025-01-03 20:00:00,31422.902843769225,29694.817822970417,39249.92146340242
2025-01-04 00:00:00,31352.40121715671,29540.03291428188,39248.3814972939
2025-01-04 04:00:00,31259.681732098208,29549.959000610605,39102.461743315864
2025-01-04 08:00:00,31266.81586674967,29580.978020387865,39110.905196194886
2025-01-04 12:00:00,31225.660343591437,29459.693653058774,39038.01093185209
2025-01-04 16:00:00,31122.76653328431,29391.76199974657,38801.3180819745
2025-01-04 20:00:00,31312.661740614232,29558.95451634601,39035.46708965745
2025-01-05 00:00:00,31439.50209284266,29561.125847730418,39189.864812007116
2025-01-05 04:00:00,31435.322487129186,29545.306147644016,39291.8333935593
2025-01-05 08:00:00,31355.110100654943,29576.94554781682,39121.11393095793
2025-01-05 12:00:00,31109.433984500887,29380.28496242898,38751.86448608876
2025-01-05 16:00:00,31186.62942980273,29505.911992526893,38786.287173143784
2025-01-05 20:00:00,31172.934762813904,29511.4954160868,38713.2381769856
2025-01-06 00:00:00,31253.451208845443,29610.446089176265,38840.65891712239
2025-01-06 04:00:00,31470.65205126862,29773.606133204663,39141.373988496794
2025-01-06 08:00:00,31400.61977707692,29826.64865702378,39055.476993678734
2025-01-06 12:00:00,31172.610636308753,29540.343104479653,38812.73484946075
2025-01-06 16:00:00,31997.95036120117,30495.728913619314,39892.239009840545
2025-01-06 20:00:00,31820.065448775313,30404.532995474165,39659.446230807225
2025-01-07 00:00:00,31793.137920944264,30553.424290405022,39526.65835398547
2025-01-07 04:00:00,31633.799788141638,30356.763705017183,39333.97796562218
2025-01-07 08:00:00,31531.12805291357,30288.83205170498,39086.249956683285
2025-01-07 12:00:00,31446.65528922707,30045.022556255703,38750.23136839006
2025-01-07 16:00:00,31171.456620307712,29294.67246784374,37647.65304947346
2025-01-07 20:00:00,31171.456620307712,28885.221406783887,37088.932688319386
2025-01-08 00:00:00,31171.456620307712,29116.002913926714,36968.382696156674
2025-01-08 04:00:00,31171.456620307712,28975.176564137946,36516.37651171853
2025-01-08 08:00:00,31171.456620307712,28728.575356908714,36103.905266122805
2025-01-08 12:00:00,31171.456620307712,28671.810550716324,36133.31887462408
2025-01-08 16:00:00,31171.456620307712,28776.034457167923,36420.036979755074
2025-01-08 20:00:00,31171.456620307712,28381.162335403384,35781.46898905764
2025-01-09 00:00:00,31171.456620307712,28630.555254412568,36288.71444744876
2025-01-09 04:00:00,31171.456620307712,28295.860031015913,35827.485091547234
2025-01-09 08:00:00,31171.456620307712,28116.880286901112,35289.68253232483
2025-01-09 12:00:00,31171.456620307712,28140.764932129605,35377.721716054846
2025-01-09 16:00:00,31171.456620307712,28412.491545378416,35657.34890366095
2025-01-09 20:00:00,31171.456620307712,27705.568084654624,34535.01394193367
2025-01-10 00:00:00,31171.456620307712,27911.53437597564,34557.292469445194
2025-01-10 04:00:00,31171.456620307712,28251.50283273443,35179.37153253237
2025-01-10 08:00:00,31171.456620307712,28508.340316490157,35616.312418525355
2025-01-10 12:00:00,31171.456620307712,28650.097236872243,35684.17520241993
2025-01-10 16:00:00,31171.456620307712,28373.40758045907,35093.28383901548
2025-01-10 20:00:00,31171.456620307712,28869.09151649971,35659.39417348894
2025-01-11 00:00:00,31171.456620307712,28698.176717526996,35293.35489049941
2025-01-11 04:00:00,31171.456620307712,28526.64153815874,35026.24286930475
2025-01-11 08:00:00,31171.456620307712,28545.252950025097,35035.83314857521
2025-01-11 12:00:00,31171.456620307712,28660.95389379428,35192.06258198857
2025-01-11 16:00:00,31171.456620307712,28596.124142459805,35193.932741551995
2025-01-11 20:00:00,31171.456620307712,28512.993169456746,35241.37878667303
2025-01-12 00:00:00,31171.456620307712,28597.054713053123,35274.20794180521
2025-01-12 04:00:00,31171.456620307712,28608.531750370712,35199.87318755105
2025-01-12 08:00:00,31171.456620307712,28530.984200927556,35080.56020115733
2025-01-12 12:00:00,31171.456620307712,28512.062598863427,35071.591099783705
2025-01-12 16:00:00,31171.456620307712,28761.765708070383,35625.31428538192
2025-01-12 20:00:00,31171.456620307712,28634.277536785838,35401.2589587814
2025-01-13 00:00:00,31171.456620307712,28620.008787688297,35347.87501582154
2025-01-13 04:00:00,31171.456620307712,28611.323462150664,34953.144846512354
2025-01-13 08:00:00,31171.456620307712,28406.597931620738,34578.794847959885
2025-01-13 12:00:00,31171.456620307712,27619.645399871606,33344.31143042827
2025-01-13 16:00:00,31171.456620307712,28032.50855310696,33876.05131900241
2025-01-13 20:00:00,31171.456620307712,28053.6014865555,33677.550486416854
2025-01-14 00:00:00,31171.456620307712,28577.822920791223,34479.13403539122
2025-01-14 04:00:00,31171.456620307712,28709.343564646813,34727.46802150635
2025-01-14 08:00:00,31171.456620307712,28699.72766851586,34891.14640845191
2025-01-14 12:00:00,31155.870891997558,29218.986059587223,35299.76514201175
2025-01-14 16:00:00,31101.04885612135,29064.82153129423,35087.547658652176
2025-01-14 20:00:00,31103.254974265263,29071.025335249684,35138.64925200978
2025-01-15 00:00:00,31102.924056543678,29070.094764656365,35186.22205634759
2025-01-15 04:00:00,31185.543181033172,29302.427222788057,35526.04781260944
2025-01-15 08:00:00,31184.329816054018,29299.015130612555,35538.073938400594
2025-01-15 12:00:00,31124.985237982793,29132.13280421089,35102.602422084325
2025-01-15 16:00:00,31327.07049990525,29787.874882302203,36567.56445101529
2025-01-15 20:00:00,32049.955600092195,30081.93518979064,37434.40992558791
2025-01-16 00:00:00,32336.943262973597,30238.581239665815,37910.5423518628
2025-01-16 04:00:00,31791.342855343442,29969.646338196955,37298.62651067654
2025-01-16 08:00:00,31931.932516253248,30050.60597981561,37463.37168385394
2025-01-16 12:00:00,32301.03780578832,29886.825555391668,38445.83489217199
2025-01-16 16:00:00,32027.91588155345,29894.890500533755,37978.46133838233
2025-01-16 20:00:00,32442.7450628292,30222.761539579413,38658.30339943264
2025-01-17 00:00:00,32128.87054108476,30087.208423152777,38241.109496677935
2025-01-17 04:00:00,32381.690576616726,30397.08843072762,38386.31880493863
2025-01-17 08:00:00,32653.177110533044,30587.235021962235,38776.60549398347
2025-01-17 12:00:00,33137.96408031481,30783.895607350074,39476.23497736463
2025-01-17 16:00:00,33332.79334935843,31338.515680967514,39655.62222807709
2025-01-17 20:00:00,33522.26387569163,31915.469448824584,39743.79232840153
2025-01-18 00:00:00,33555.32582828123,31354.025190856148,39849.567926024465
2025-01-18 04:00:00,33261.32352442586,31189.62438603666,39757.82520419209
2025-01-18 08:00:00,33486.17983769974,30937.74994544529,40851.316023706524
2025-01-18 12:00:00,33926.5356511922,31217.541503836193,41698.968635016594
2025-01-18 16:00:00,34967.67988117977,31447.08225018793,43750.634525677895
2025-01-18 20:00:00,34836.45833442706,31406.757524477493,43469.21261446472
2025-01-19 00:00:00,35211.88303322076,31468.795564032014,44247.96310744536
2025-01-19 04:00:00,34888.87530972267,31344.719484922967,43656.59251470359
2025-01-19 08:00:00,35802.801785451455,31679.724898517394,45348.91719044835
2025-01-19 12:00:00,36546.13987409897,31502.916485787002,46782.14954546966
2025-01-19 16:00:00,35789.770303829224,31682.82680049512,45498.68840240481
2025-01-19 20:00:00,35883.07452101897,32070.564547710892,45592.41528929999
2025-01-20 00:00:00,34496.01866276606,30570.174561084743,43033.74942455381
2025-01-20 04:00:00,33778.337630836984,30682.153222480658,41694.80401664312
2025-01-20 08:00:00,33761.448462021566,32154.315901109498,44531.0029165545
2025-01-20 12:00:00,33877.67079549959,32486.219412726197,44456.46642507591
2025-01-20 16:00:00,33446.30508765571,31301.2928572348,43077.61706337877
2025-01-20 20:00:00,33446.30508765571,30869.81829213309,42038.611203527835
2025-01-21 00:00:00,33446.30508765571,30449.510574151194,41372.41833210331
2025-01-21 04:00:00,33446.30508765571,30741.089360057453,41061.31702097731
2025-01-21 08:00:00,33446.30508765571,30487.04358808168,40883.552847664985
2025-01-21 12:00:00,33446.30508765571,31074.85401286079,41495.04588059819
2025-01-21 16:00:00,33446.30508765571,31000.408365395364,41477.43656482532
2025-01-21 20:00:00,33446.30508765571,31875.144723114143,43145.8154040962
2025-01-22 00:00:00,33446.30508765571,31645.603976762406,42760.38786958816
2025-01-22 04:00:00,33446.30508765571,31453.286054143384,43085.139018762864
2025-01-22 08:00:00,33446.30508765571,31313.700465145706,43467.88692560612
2025-01-22 12:00:00,33446.30508765571,31242.356719658004,43337.60770343622
2025-01-22 16:00:00,33446.30508765571,31037.631189128075,43215.00839984929
2025-01-22 20:00:00,33446.30508765571,31152.401562303945,44073.83368598401
2025-01-23 00:00:00,33446.30508765571,30918.51815318339,43189.71328217797
2025-01-23 04:00:00,33446.30508765571,30542.257443285205,42073.525909087235
2025-01-23 08:00:00,33446.30508765571,30656.097245867757,42238.21524346885
2025-01-23 12:00:00,33446.30508765571,30407.945087649663,41520.51489796368
2025-01-23 16:00:00,33446.30508765571,31425.368936343846,42523.82628723544
2025-01-23 20:00:00,33446.30508765571,30900.837311910353,41903.71616267551
2025-01-24 00:00:00,33446.30508765571,30970.319916211418,42844.09279489402
2025-01-24 04:00:00,33446.30508765571,30872.29981371527,42556.80942267262
2025-01-24 08:00:00,33429.581935111884,31161.70726823712,43536.14312332022
2025-01-24 12:00:00,33465.44447910079,31202.031993947563,44261.37487319915
2025-01-24 16:00:00,33380.61576928087,31236.15291570255,43658.175192441595
2025-01-24 20:00:00,33351.305036213016,31260.96813152436,43677.8495223335
2025-01-25 00:00:00,33147.04767551519,31017.468826272856,42598.47239347983
2025-01-25 04:00:00,33147.04767551519,31124.48444450441,42582.69065151904
2025-01-25 08:00:00,33147.04767551519,30885.017611823947,41874.207864096155
2025-01-25 12:00:00,33147.04767551519,30988.000757484457,42250.13749419796
2025-01-25 16:00:00,33147.04767551519,31059.34450297216,42720.4097486561
2025-01-25 20:00:00,33147.04767551519,31081.057816816243,43229.70319054878
2025-01-26 00:00:00,33147.04767551519,30991.72303985773,42932.893563261045
2025-01-26 04:00:00,33147.04767551519,31087.261620771696,43205.853540885466
2025-01-26 08:00:00,33147.04767551519,31062.446404949886,43261.450778168335
2025-01-26 12:00:00,33147.04767551519,31010.334451724088,42850.98263434593
2025-01-26 16:00:00,33147.04767551519,31043.83499308353,42748.99546985064
2025-01-26 20:00:00,33147.04767551519,31071.752110883066,42963.54050349028
2025-01-27 00:00:00,33147.04767551519,30427.48707010934,40979.36800127567
2025-01-27 04:00:00,33147.04767551519,30062.393207330966,40263.081131707564
2025-01-27 08:00:00,33147.04767551519,29392.07218994434,39002.539171891505
2025-01-27 12:00:00,33147.04767551519,29158.498971021563,38592.81113880366
2025-01-27 16:00:00,33147.04767551519,29923.738188926607,39865.03936415626
2025-01-27 20:00:00,33147.04767551519,29493.194194418214,38853.67103737053
2025-01-28 00:00:00,33147.04767551519,30350.55990106173,40353.51355233991
2025-01-28 04:00:00,33147.04767551519,30541.016682494115,40697.48562951242
2025-01-28 08:00:00,33147.04767551519,30581.961788600103,40886.690284819444
2025-01-28 12:00:00,33147.04767551519,30583.202549391193,40836.37568915935
2025-01-28 16:00:00,33147.04767551519,30589.406353346643,40742.020292275716
2025-01-28 20:00:00,33147.04767551519,30444.857721184606,40023.208679645126
2025-01-29 00:00:00,33147.04767551519,30145.213990136257,39291.51256119288
2025-01-29 04:00:00,33147.04767551519,30333.499440184234,39869.213462373984
2025-01-29 08:00:00,33147.04767551519,30605.53624363082,40400.73841980864
2025-01-29 12:00:00,33147.04767551519,30603.98529264196,40139.71421390926
2025-01-29 16:00:00,33147.04767551519,30361.726748181543,39574.29543265794
2025-01-29 20:00:00,33147.04767551519,30844.69288611351,40119.91587850393
2025-01-30 00:00:00,33147.04767551519,30868.887721539773,39718.15179333447
2025-01-30 04:00:00,33130.47415167743,31285.78334734617,41299.673676723745
2025-01-30 08:00:00,33127.187710305676,31276.477641412992,41125.94018394519
2025-01-30 12:00:00,33143.411752360014,31416.06323041067,41636.56699025401
2025-01-30 16:00:00,33131.35077693088,31388.146112611135,41482.113470931436
2025-01-30 20:00:00,33202.187444797324,31434.674642277027,41521.79979066583
2025-01-31 00:00:00,32990.49931577462,31236.15291570255,41209.97324336649
2025-01-31 04:00:00,32806.70181465757,31143.095856370765,40906.18708607801
2025-01-31 08:00:00,32768.192176252254,31053.14069901671,40829.129255011765
2025-01-31 12:00:00,33368.62039648754,31291.987151301622,41464.990419097536
2025-01-31 16:00:00,33750.53935103738,31437.776544254753,41732.97119947457
2025-01-31 20:00:00,32710.879109187077,30558.07714337161,40322.82430856062
2025-02-01 00:00:00,32606.69278843383,30670.055804767526,40508.009066139915
2025-02-01 04:00:00,32579.66835028623,30621.97632411277,40443.850773487866
2025-02-01 08:00:00,32541.62078605211,30589.71654354442,40333.78531557768
2025-02-01 12:00:00,32438.145634723798,30546.910296251797,39998.09989664306
2025-02-01 16:00:00,32439.56797357367,30576.688555237968,39830.30368984139
2025-02-01 20:00:00,32237.486336800168,30447.649432964557,39188.93198956479
2025-02-02 00:00:00,32237.486336800168,30191.74251980215,38084.06467306662
2025-02-02 04:00:00,32237.486336800168,29786.323931313338,37266.353387267096
2025-02-02 08:00:00,32237.486336800168,29908.849059433524,37844.805756862705
2025-02-02 12:00:00,32237.486336800168,29647.358722711208,37336.32590588593
2025-02-02 16:00:00,32237.486336800168,29794.388876455425,37779.11263141064
2025-02-02 20:00:00,32237.486336800168,29567.019461488097,36679.63264266411
2025-02-03 00:00:00,32237.486336800168,29588.112394936637,36720.110858937274
2025-02-03 04:00:00,32237.486336800168,28587.438816922175,35341.79074397168
2025-02-03 08:00:00,32237.486336800168,28993.167595608757,35764.80054760047
2025-02-03 12:00:00,32237.486336800168,28833.109453558085,35527.81848866102
2025-02-03 16:00:00,32237.486336800168,29811.44933733292,36812.48970168464
2025-02-03 20:00:00,32237.486336800168,30833.526038993696,38243.11823057234
2025-02-04 00:00:00,32237.486336800168,30513.719945090124,38286.22682309602
2025-02-04 04:00:00,32237.486336800168,30308.684224362427,38062.79233222503
2025-02-04 08:00:00,32237.486336800168,29641.7752991513,36409.63118628651
2025-02-04 12:00:00,32237.486336800168,29790.666594082155,36923.606126683626
2025-02-04 16:00:00,32237.486336800168,29729.869315318723,37630.07762670259
2025-02-04 20:00:00,32237.486336800168,29583.459541970045,36762.4483632825
2025-02-05 00:00:00,32237.486336800168,29267.37573043975,36443.63252505522
2025-02-05 04:00:00,32237.486336800168,29322.899775841048,36486.773853488405
2025-02-05 08:00:00,32237.486336800168,29214.643396818406,36211.91361390517
2025-02-05 12:00:00,32237.486336800168,29293.43170705265,36409.48029643543
2025-02-05 16:00:00,32237.486336800168,29223.63891255381,35826.70805080971
2025-02-05 20:00:00,32237.486336800168,29043.108217450146,35563.27368640668
2025-02-06 00:00:00,32237.486336800168,28841.484588897947,35155.18075260749
2025-02-06 04:00:00,32237.486336800168,29097.081311862585,35799.279979114624
2025-02-06 08:00:00,32237.486336800168,29363.844881947032,36090.165789314524
2025-02-06 12:00:00,32237.486336800168,29619.75179510944,35988.20003896048
2025-02-06 16:00:00,32237.486336800168,29138.956988561888,34669.52889084244
2025-02-06 20:00:00,32237.486336800168,28683.287588033912,34312.01563658008
2025-02-07 00:00:00,32237.486336800168,28861.336761555394,34324.700262886996
2025-02-07 04:00:00,32237.486336800168,29142.679270935158,34904.52551959941
2025-02-07 08:00:00,32237.486336800168,28910.34681280347,34704.85307630333
2025-02-07 12:00:00,32237.486336800168,29224.259292949355,35542.58623962927
2025-02-07 16:00:00,32237.486336800168,29479.54582571622,35603.214172980064
2025-02-07 20:00:00,32237.486336800168,29109.79910997126,35136.021776318375
2025-02-08 00:00:00,32237.486336800168,29028.529278154834,34711.229967982086
2025-02-08 04:00:00,32237.486336800168,29053.03430377887,34840.540595982915
2025-02-08 08:00:00,32237.486336800168,28939.504691394093,34790.801478864116
2025-02-08 12:00:00,32237.486336800168,28922.754420714373,34912.19118426373
2025-02-08 16:00:00,32237.486336800168,28841.484588897947,34788.519890424446
2025-02-08 20:00:00,32237.486336800168,29056.756586152143,35305.006472754954
2025-02-09 00:00:00,32237.486336800168,29027.90889775929,35543.07818719936
2025-02-09 04:00:00,32221.36759363177,29252.176410748893,36504.36083785657
2025-02-09 08:00:00,32066.065573005304,29185.48551822778,36132.17463370306
2025-02-09 12:00:00,31937.00423862262,29033.80251151697,35798.66351397515
2025-02-09 16:00:00,31901.124116615814,29023.876425188246,35716.879205926976
2025-02-09 20:00:00,31811.156049494275,28892.665971530427,35437.83246291416
2025-02-10 00:00:00,31895.768874525245,29036.28403309915,35672.592508404414
2025-02-10 04:00:00,31965.387021702627,29108.55834918017,35839.480751623305
2025-02-10 08:00:00,32017.33286998114,29317.00616208337,36035.36735616516
2025-02-10 12:00:00,32090.699686621916,29366.636593726987,36228.208388770734
2025-02-10 16:00:00,32025.901257326044,29248.45412837562,36063.129663133644
2025-02-10 20:00:00,31941.288432295074,29312.973689512324,35929.19447984786
2025-02-11 00:00:00,31887.736011389396,29347.094611267312,35814.886122367185
2025-02-11 04:00:00,31903.462268329455,29401.377895877522,35960.15108860166
2025-02-11 08:00:00,32276.76224019875,29595.246769485406,36436.879993603405
2025-02-11 12:00:00,32136.162372636827,29505.60180232912,36238.917737473865
2025-02-11 16:00:00,31508.33140513719,29106.38701779576,35551.985717300726
2025-02-11 20:00:00,31508.33140513719,28473.909204537395,34774.56967127329
2025-02-12 00:00:00,31508.33140513719,28684.838539022774,35105.27490389121
2025-02-12 04:00:00,31508.33140513719,28539.97971666296,34642.712388689615
2025-02-12 08:00:00,31508.33140513719,28730.746688293122,34812.49658039451
2025-02-12 12:00:00,31508.33140513719,28737.881062841894,35071.50041549007
2025-02-12 16:00:00,31508.33140513719,28660.95389379428,34423.246749430145
2025-02-12 20:00:00,31508.33140513719,29028.839468352606,34807.751551341535
2025-02-13 00:00:00,31492.57723943462,29207.198832071863,35278.8095806449
2025-02-13 04:00:00,31491.38161345636,29044.038788043465,35332.31605428734
2025-02-13 08:00:00,31243.887035956133,28596.43433265758,34511.542011149286
2025-02-13 12:00:00,31156.08006484158,28615.976315117256,34417.05185615143
2025-02-13 16:00:00,31156.08006484158,28558.280938331547,34309.02957942855
2025-02-13 20:00:00,31156.08006484158,28431.41314744255,34330.948882453755
2025-02-14 00:00:00,31156.08006484158,28652.578758454423,34562.656586967634
2025-02-14 04:00:00,31156.08006484158,28818.840704460545,34982.387544494
2025-02-14 08:00:00,31156.08006484158,28747.18676877507,34875.51455869454
2025-02-14 12:00:00,31156.08006484158,28714.616798008945,35158.177698077445
2025-02-14 16:00:00,31156.08006484158,28627.14316223707,35242.279596488836
2025-02-14 20:00:00,31156.08006484158,28954.083630689405,35453.46253151514
2025-02-15 00:00:00,31156.08006484158,28840.55401830463,35169.22113273584
2025-02-15 04:00:00,31156.08006484158,28888.01311856384,35088.797358716976
2025-02-15 08:00:00,31156.08006484158,28801.470053385277,34762.4181851223
2025-02-15 12:00:00,31156.08006484158,28893.596542123745,34695.36887414207
2025-02-15 16:00:00,31156.08006484158,28901.661487265836,34660.853926278585
2025-02-15 20:00:00,31156.08006484158,28875.915700850706,34604.18387650348
2025-02-16 00:00:00,31156.08006484158,28874.985130257388,34630.33341536575
2025-02-16 04:00:00,31156.08006484158,28860.406190962076,34641.09574800427
2025-02-16 08:00:00,31156.08006484158,28782.54845132115,34435.412029348445
2025-02-16 12:00:00,31156.08006484158,28803.021004374143,34544.32465234035
2025-02-16 16:00:00,31156.08006484158,28682.97739783614,34128.43662586609
2025-02-16 20:00:00,31156.08006484158,28724.54288433767,33998.63937448744
2025-02-17 00:00:00,31156.08006484158,28442.579994562362,33770.52839847103
2025-02-17 04:00:00,31156.08006484158,28461.19140642872,33569.56881288139
2025-02-17 08:00:00,31156.08006484158,28445.681896540085,33068.413520706315
2025-02-17 12:00:00,31140.50202480916,28440.408663177954,33483.044913396436
2025-02-17 16:00:00,31147.611768101633,28334.323615539717,33039.6352231995
2025-02-17 20:00:00,31004.23194503672,28296.48041141146,32617.466722565783
2025-02-18 00:00:00,31099.423508008193,28352.935027406074,32703.7168065936
2025-02-18 04:00:00,30991.987387144123,28520.74792440106,32791.175900574075
2025-02-18 08:00:00,30829.52343313925,28300.20269378473,31349.282851752076
2025-02-18 12:00:00,30829.52343313925,28345.18027246176,31693.507324773833
2025-02-18 16:00:00,30829.52343313925,28321.295627233267,31378.235561658323
2025-02-18 20:00:00,30829.52343313925,27932.937499621952,31145.50178648257
2025-02-19 00:00:00,30829.52343313925,28382.403096194474,31779.19949327957
2025-02-19 04:00:00,30829.52343313925,28396.361655094242,31617.685517856797
2025-02-19 08:00:00,30829.52343313925,28394.500513907606,31806.07310918736
2025-02-19 12:00:00,30829.52343313925,28688.87101159382,32522.946496898687
2025-02-19 16:00:00,30829.52343313925,28547.114091211733,31983.305481217227
2025-02-19 20:00:00,30829.52343313925,28615.35593472171,31904.862753412563
2025-02-20 00:00:00,30814.10867142268,28757.423045301566,31996.39979691452
2025-02-20 04:00:00,30849.468841327693,28856.37371839103,32432.93447096798
2025-02-20 08:00:00,30831.179098273376,28805.19233575855,32324.621606469784
2025-02-20 12:00:00,30863.435554205535,28895.457683310382,32596.615646434722
2025-02-20 16:00:00,30797.48163228239,28710.894515635675,32154.077155640607
2025-02-20 20:00:00,30931.495567753114,29085.914464742767,32648.295255970086
2025-02-21 00:00:00,30918.415630296087,29049.3120214056,32735.43276573413
2025-02-21 04:00:00,30900.79096880738,28999.991779959753,32426.603429021765
2025-02-21 08:00:00,30911.54312078477,29030.0802291437,32752.09199211945
2025-02-21 12:00:00,30967.437077889324,29229.84271650926,33059.38387651023
2025-02-21 16:00:00,30704.7860327012,29119.725196299984,32530.926545921666
2025-02-21 20:00:00,30043.27043711634,28252.43340332775,31578.99741418721
2025-02-22 00:00:00,30043.27043711634,28537.18800488301,31775.30303275185
2025-02-22 04:00:00,30043.27043711634,28580.92482276895,31958.435770068194
2025-02-22 08:00:00,30043.27043711634,28575.651589406814,32130.357358450008
2025-02-22 12:00:00,30043.27043711634,28661.264083992057,32432.514173237854
2025-02-22 16:00:00,30043.27043711634,28655.99085062992,32558.803557415937
2025-02-22 20:00:00,30043.27043711634,28668.088268343054,32381.231367381366
2025-02-23 00:00:00,30043.27043711634,28647.305525092288,32303.7308069123
2025-02-23 04:00:00,30043.27043711634,28603.56870720635,32100.030413141034
2025-02-23 08:00:00,30028.248801897782,28631.485825005886,32475.695521768317
2025-02-23 12:00:00,29927.819213664814,28512.062598863427,32035.227244518654
2025-02-23 16:00:00,29877.419125105094,28311.369540904543,31648.82923317099
2025-02-23 20:00:00,29958.948680128167,28380.541955007837,31768.736125614996
2025-02-24 00:00:00,29994.895802115618,28520.74792440106,31887.240485401686
2025-02-24 04:00:00,29582.138718022507,28173.33490289573,30756.07639887259
2025-02-24 08:00:00,29582.138718022507,28366.273205910296,30907.600324839816
2025-02-24 12:00:00,29582.138718022507,28398.843176676422,30702.15636850505
2025-02-24 16:00:00,29582.138718022507,27963.956519399213,29807.907371679634
2025-02-24 20:00:00,29582.138718022507,27832.435875543622,29446.17056938453
2025-02-25 00:00:00,29582.138718022507,27151.878581630503,28142.89092608716
2025-02-25 04:00:00,29582.138718022507,27309.14501190122,27851.00214587404
2025-02-25 08:00:00,29582.138718022507,26459.223870004247,27084.80464128329
2025-02-25 12:00:00,29582.138718022507,26381.986510758867,27653.42080467713
2025-02-25 16:00:00,29582.138718022507,25769.98125055349,27133.510327663458
2025-02-25 20:00:00,29582.138718022507,25932.52091418634,27967.47282275051
2025-02-26 00:00:00,29582.138718022507,26148.103101638313,27951.236370671955
2025-02-26 04:00:00,29582.138718022507,26244.262062947822,27900.61448147986
2025-02-26 08:00:00,29582.138718022507,26224.720080488147,27563.129481030737
2025-02-26 12:00:00,29582.138718022507,26209.830950995063,27321.65788301505
2025-02-26 16:00:00,29582.138718022507,25841.01480584342,27222.882713592753
2025-02-26 20:00:00,29582.138718022507,24755.34911363926,25879.43449693663
2025-02-27 00:00:00,29582.138718022507,24879.115002550534,26370.903435343305
2025-02-27 04:00:00,29582.138718022507,25232.421637813546,26853.463537595126
2025-02-27 08:00:00,29582.138718022507,25547.264688552754,27267.27635052665
2025-02-27 12:00:00,29582.138718022507,25667.9286754863,27238.09806083919
2025-02-27 16:00:00,29582.138718022507,25449.86496645215,27136.266689016986
2025-02-27 20:00:00,29582.138718022507,25052.201132907656,26595.691911643207
2025-02-28 00:00:00,29582.138718022507,25258.477614426447,26868.855439082407
2025-02-28 04:00:00,29582.138718022507,24003.75826443621,25125.942851767242
2025-02-28 08:00:00,29582.138718022507,23594.307203376353,24992.965982690286
2025-02-28 12:00:00,29582.138718022507,24009.031497798343,25709.004419621535
2025-02-28 16:00:00,29567.347648663497,25076.39596833392,27559.31802672961
2025-02-28 20:00:00,29636.293843354477,25267.783320359624,27754.9131319391
2025-03-01 00:00:00,29742.52726578649,25218.152888716006,27917.19721892522
2025-03-01 04:00:00,29580.011235443475,25519.347570753216,27796.1834199016
2025-03-01 08:00:00,29369.654988376104,25339.747446242873,27347.44203670908
2025-03-01 12:00:00,29241.612055378573,25330.13155011192,27072.106818856184
2025-03-01 16:00:00,29236.687327186366,25377.59065037113,27063.90686997706
2025-03-01 20:00:00,29250.054446565227,25587.27922406542,27232.20568196097
2025-03-02 00:00:00,29460.41069363259,25760.36535442254,27618.254699972167
2025-03-02 04:00:00,29502.638135725414,25845.047278414466,27753.876696340187
2025-03-02 08:00:00,29443.451428197528,25811.54673705502,27657.77818019987
2025-03-02 12:00:00,29421.803120243887,25784.24999965103,27659.219390117738
2025-03-02 16:00:00,30503.33075482875,26163.612611526944,29274.414907629376
2025-03-02 20:00:00,32173.143683041155,27982.87812146334,31862.311448795837
2025-03-03 00:00:00,32719.554352670108,28115.019145714476,32589.858199277172
2025-03-03 04:00:00,31607.470529011727,27609.719313542882,31330.248034000557
2025-03-03 08:00:00,30860.056174029276,27526.27815034205,30405.68169931422
2025-03-03 12:00:00,30560.38348239153,27519.764156188823,30125.17148196733
2025-03-03 16:00:00,29662.962687958207,26633.55076115246,29317.225191905647
2025-03-03 20:00:00,28069.356770001665,25335.714973671827,26900.122489533052
2025-03-04 00:00:00,28069.356770001665,25480.26360583387,27029.86811226725
2025-03-04 04:00:00,28069.356770001665,24858.642449497544,26095.664304220285
2025-03-04 08:00:00,28069.356770001665,24588.776977435366,25956.288789326223
2025-03-04 12:00:00,28069.356770001665,24706.028872193416,26052.26365307121
2025-03-04 16:00:00,28069.356770001665,24450.432149228778,26123.591596055623
2025-03-04 20:00:00,28069.356770001665,25846.288039205556,27127.086640029585
2025-03-05 00:00:00,28069.356770001665,25514.384527588856,27138.908249727323
2025-03-05 04:00:00,28069.356770001665,25447.073254672196,26790.851795288938
2025-03-05 08:00:00,28069.356770001665,25485.22664899823,26888.94833353932
2025-03-05 12:00:00,28069.356770001665,26124.21845640982,27563.31731892304
2025-03-05 16:00:00,28069.356770001665,25460.721623374193,26558.32614040719
2025-03-05 20:00:00,28069.356770001665,25817.130160614928,27018.661953901068
2025-03-06 00:00:00,28069.356770001665,26052.25433052657,27263.62530771124
2025-03-06 04:00:00,28069.356770001665,26357.171294937056,27723.568191865998
2025-03-06 08:00:00,28069.356770001665,26245.813013936688,27640.664544690517
2025-03-06 12:00:00,28069.356770001665,26258.530812045363,27988.335571308075
2025-03-06 16:00:00,28069.356770001665,26068.074030612977,27559.11750335458
2025-03-06 20:00:00,28069.356770001665,25444.591733090016,26714.393339393035
2025-03-07 00:00:00,28069.356770001665,25887.23314531154,26868.17042520054
2025-03-07 04:00:00,28069.356770001665,24961.315404960278,26173.459728288384
2025-03-07 08:00:00,28069.356770001665,25318.654512794332,26688.106907135647
2025-03-07 12:00:00,28069.356770001665,25459.791052780874,26639.94698526436
2025-03-07 16:00:00,28069.356770001665,25251.033049679903,26683.355262511268
2025-03-07 20:00:00,28069.356770001665,25128.507921559718,26788.000957292013
2025-03-08 00:00:00,28069.356770001665,24832.586472884643,25926.46056324214
2025-03-08 04:00:00,28069.356770001665,24614.52276385049,25882.400110785704
2025-03-08 08:00:00,28069.356770001665,24704.47792120455,25822.553209931866
2025-03-08 12:00:00,28069.356770001665,24622.58770899258,25672.75582334274
2025-03-08 16:00:00,28069.356770001665,24750.075880277127,25736.783483754363
2025-03-08 20:00:00,28069.356770001665,24697.963927051325,25914.376679236386
2025-03-09 00:00:00,28069.356770001665,24699.204687842415,25723.367483350397
2025-03-09 04:00:00,28069.356770001665,24675.00985241615,25792.765380912715
2025-03-09 08:00:00,28069.356770001665,24638.407409078984,25956.548657582327
2025-03-09 12:00:00,28069.356770001665,24352.412046732632,25456.78744820598
2025-03-09 16:00:00,28069.356770001665,23777.009229864427,24544.849202721103
2025-03-09 20:00:00,28069.356770001665,23648.28029778879,24302.41759107296
2025-03-10 00:00:00,28069.356770001665,23052.715118065364,23784.193842641715
2025-03-10 04:00:00,28069.356770001665,23487.2915851448,24025.153957413604
2025-03-10 08:00:00,28069.356770001665,23605.47405049617,24266.333732757044
2025-03-10 12:00:00,28069.356770001665,23905.738161940062,24584.345387457495
2025-03-10 16:00:00,28069.356770001665,22903.513632936734,23282.72656079952
2025-03-10 20:00:00,28069.356770001665,22614.416368612656,22733.477143927426
2025-03-11 00:00:00,28069.356770001665,22476.381730603844,22532.79471947393
2025-03-11 04:00:00,28069.356770001665,22714.917992690986,22740.860119445875
2025-03-11 08:00:00,28069.356770001665,22904.444203530053,23152.044671316762
2025-03-11 12:00:00,28069.356770001665,23255.579507408656,23449.294108995404
2025-03-11 16:00:00,28069.356770001665,23056.127210240862,23362.06335353911
2025-03-11 20:00:00,28069.356770001665,23611.36766425385,23940.667944649453
2025-03-12 00:00:00,28069.356770001665,23582.20978566322,23621.632163889073
2025-03-12 04:00:00,28069.356770001665,23379.035206122157,23201.06767611894
2025-03-12 08:00:00,28069.356770001665,23463.71713011408,23348.13079699338
2025-03-12 12:00:00,28069.356770001665,23624.085462362524,23794.575205164005
2025-03-12 16:00:00,28069.356770001665,23218.97706407149,23323.676356667416
2025-03-12 20:00:00,28069.356770001665,23624.3956525603,23569.348245284535
2025-03-13 00:00:00,28069.356770001665,23853.62620871426,23857.543743505987
2025-03-13 04:00:00,28069.356770001665,23820.746047750366,23646.807772754935
2025-03-13 08:00:00,28069.356770001665,23745.990210087162,23556.396322529952
2025-03-13 12:00:00,28069.356770001665,23706.596054970043,23864.456356797862
2025-03-13 16:00:00,28069.356770001665,23160.97149708801,23381.59545400378
2025-03-13 20:00:00,28069.356770001665,22931.430750736272,22987.862750769906
2025-03-14 00:00:00,28069.356770001665,23181.754240338774,23282.39249363669
2025-03-14 04:00:00,28069.356770001665,23433.62868093014,23519.911960456928
2025-03-14 08:00:00,28069.356770001665,23522.96345788865,23594.503632878455
2025-03-14 12:00:00,28069.356770001665,23704.424723585635,23725.632647964267
2025-03-14 16:00:00,28041.287413231665,24185.529720330964,24580.15690020033
2025-03-14 20:00:00,28157.940107192633,24121.01015919426,24780.733870357362
2025-03-15 00:00:00,28047.65275930341,23961.26220734136,24623.500751536863
2025-03-15 04:00:00,28216.010146087006,24107.982170887808,24853.943121523287
2025-03-15 08:00:00,28003.505808781963,23918.766150246513,24580.7070911322
2025-03-15 12:00:00,28055.12612505372,23998.485031074073,24653.40214737862
2025-03-15 16:00:00,28200.014824514576,24082.856764868226,24879.136826699156
2025-03-15 20:00:00,28148.960252875113,24059.59250003528,24808.483902604705
2025-03-16 00:00:00,28251.412380713373,24069.208396166232,24958.933216610345
2025-03-16 04:00:00,28156.804242146827,24053.078505882055,24881.132779850013
2025-03-16 08:00:00,28096.751897886657,24047.495082322148,24805.311326478128
2025-03-16 12:00:00,27271.269504545242,23506.833567604477,24051.7461717937
2025-03-16 16:00:00,27178.91330887196,23773.286947491153,24036.234570394932
2025-03-16 20:00:00,27039.990349705247,23709.077576552223,23813.292916117643
2025-03-17 00:00:00,27039.990349705247,23551.19076588596,23678.801033823846
2025-03-17 04:00:00,27039.990349705247,23860.45039306526,24111.18504020862
2025-03-17 08:00:00,27039.990349705247,23835.94536744122,24125.504129203662
2025-03-17 12:00:00,27039.990349705247,23764.291431755748,24064.683434755323
2025-03-17 16:00:00,27039.990349705247,23730.790890396307,23867.756339470296
2025-03-17 20:00:00,27039.990349705247,23998.1748408763,24235.339264130253
2025-03-18 00:00:00,27039.990349705247,23866.964387218486,23980.175990783155
2025-03-18 04:00:00,27039.990349705247,23636.803260471203,23482.113940793788
2025-03-18 08:00:00,27039.990349705247,23593.68682298081,23543.576488463772
2025-03-18 12:00:00,27039.990349705247,23463.096749718537,23327.292544847216
2025-03-18 16:00:00,27039.990349705247,23169.346632427867,23104.9588454228
2025-03-18 20:00:00,27039.990349705247,23327.5436332919,23334.145895315425
2025-03-19 00:00:00,27039.990349705247,23454.101233983132,23545.289810709102
2025-03-19 04:00:00,27039.990349705247,23555.84361885255,23740.57967842958
2025-03-19 08:00:00,27039.990349705247,23686.43369211482,23725.862155935247
2025-03-19 12:00:00,27026.470354530393,23859.519822471942,24211.954350635962
2025-03-19 16:00:00,27130.143491921684,24170.950781035648,24770.54157823437
2025-03-19 20:00:00,27078.961172616888,24327.59683091082,24847.752528806894
2025-03-20 00:00:00,27461.84169657583,24698.894497644644,25221.09796124974
2025-03-20 04:00:00,27115.917495517373,24428.718835384694,24939.03165895619
2025-03-20 08:00:00,27126.28647374829,24481.76135920381,24991.007630343927
2025-03-20 12:00:00,26844.259650941654,24446.399676657733,24642.290949247174
2025-03-20 16:00:00,26552.160707436786,24206.002273383954,24347.57165872799
2025-03-20 20:00:00,26415.58883626206,24047.184892124376,24183.7815633363
2025-03-21 00:00:00,26455.10021672299,24053.078505882055,24150.5028609508
2025-03-21 04:00:00,26505.237113803778,24196.07618705523,24300.9145357804
2025-03-21 08:00:00,26420.25776557155,24013.06397036939,24213.090162146567
2025-03-21 12:00:00,26376.802297060683,24026.40214887361,24017.735893032048
2025-03-21 16:00:00,26312.842945904187,23966.84563090127,23986.551791194175
2025-03-21 20:00:00,26458.271272886326,24066.726874584052,24291.008081430096
2025-03-22 00:00:00,26419.764555802307,24103.63950811899,24305.436335972914
2025-03-22 04:00:00,26538.70682919911,24156.061651542565,24389.168901756875
2025-03-22 08:00:00,26537.285307489634,24169.089639849015,24401.616751725647
2025-03-22 12:00:00,26559.403474352897,24156.992222135883,24569.954929455256
2025-03-22 16:00:00,26516.340369334852,24124.73244156753,24431.599896785345
2025-03-22 20:00:00,26556.552495741817,24134.968718094027,24520.372319976424
2025-03-23 00:00:00,26473.002597945786,24038.809756784514,24309.62880545717
2025-03-23 04:00:00,26473.002597945786,24149.85784758711,24640.451112331546
2025-03-23 08:00:00,26473.002597945786,24162.88583589356,24681.00610717555
2025-03-23 12:00:00,26473.002597945786,24280.758111047155,24934.819028610513
2025-03-23 16:00:00,26459.766096646814,24434.612449142372,24909.34370083541
2025-03-23 20:00:00,26414.125447806007,24382.810686114346,24672.589339446782
2025-03-24 00:00:00,26419.925813630598,24644.611213034437,24980.65368630417
2025-03-24 04:00:00,26517.644558827044,24805.9101158762,25625.56119747331
2025-03-24 08:00:00,26792.70866133718,24859.57302009086,25768.98864858401
2025-03-24 12:00:00,27291.130970400016,25119.20221562654,26377.270732864836
2025-03-24 16:00:00,27428.013819980042,25390.928828875352,26506.24816324973
2025-03-24 20:00:00,27362.488866325206,25344.09010901169,26423.13185834326
2025-03-25 00:00:00,27132.823660643342,25130.369062746355,26147.981845997325
2025-03-25 04:00:00,26695.73089102785,24824.831717940328,25735.60253764791
2025-03-25 08:00:00,26855.60078675225,24858.952639695315,25891.440522668967
2025-03-25 12:00:00,27124.547268787843,25080.738631102737,26224.568583657423
2025-03-25 16:00:00,27389.029089607524,25211.018514167234,26617.569564066453
2025-03-25 20:00:00,27453.93597757628,25324.858316749785,26647.364727142638
2025-03-26 00:00:00,27281.232187312336,25158.28618054589,26448.0520888957
2025-03-26 04:00:00,27059.855358009867,25074.534827147283,26208.93462364991
2025-03-26 08:00:00,27424.652703051514,25359.59961890032,26613.58960301254
2025-03-26 12:00:00,27395.197271142904,25294.769867565843,26593.492637385963
2025-03-26 16:00:00,26684.9287238405,24962.86635594914,25855.1273247149
2025-03-26 20:00:00,26591.801869306582,24972.17206188232,25690.554591726956
2025-03-27 00:00:00,26649.443634766067,25108.3455587045,25768.95061403996
2025-03-27 04:00:00,26839.475894680778,25244.82924572445,26069.87311438624
2025-03-27 08:00:00,26754.704807933726,25192.71729249865,25938.130555360534
2025-03-27 12:00:00,26543.16036153094,25010.635646406125,25660.47871760859
2025-03-27 16:00:00,26543.16036153094,24988.61214236427,25686.59805226914
2025-03-27 20:00:00,26543.16036153094,25023.04325431703,25819.69486074696
2025-03-28 00:00:00,26543.16036153094,25050.029801523247,25754.70736774715
2025-03-28 04:00:00,26543.16036153094,24945.495704873876,25553.045357888514
2025-03-28 08:00:00,26543.16036153094,24491.377255334763,24729.810073125085
2025-03-28 12:00:00,26543.16036153094,24545.350349747197,24790.403975890724
2025-03-28 16:00:00,26543.16036153094,24080.99562368159,24308.739844239826
2025-03-28 20:00:00,26543.16036153094,24002.207313447347,24225.177637436685
2025-03-29 00:00:00,26543.16036153094,24187.080671319825,24333.035096326945
2025-03-29 04:00:00,26543.16036153094,24113.565594447715,24245.563811902866
2025-03-29 08:00:00,26543.16036153094,23988.55894474535,23917.13138883722
2025-03-29 12:00:00,26543.16036153094,23567.320656170137,23604.73638948192
2025-03-29 16:00:00,26543.16036153094,23618.191848604845,23731.483686476888
2025-03-29 20:00:00,26543.16036153094,23712.799858925493,23636.1416345813
2025-03-30 00:00:00,26543.16036153094,23682.091029346004,23550.40939783467
2025-03-30 04:00:00,26543.16036153094,23775.768469073337,23689.684669457813
2025-03-30 08:00:00,26543.16036153094,23818.264526168183,23711.43576082777
2025-03-30 12:00:00,26543.16036153094,23821.986808541456,23664.45393631853
2025-03-30 16:00:00,26543.16036153094,23714.9711903099,23587.447626623733
2025-03-30 20:00:00,26543.16036153094,23667.822280248463,23670.864521045212
2025-03-31 00:00:00,26543.16036153094,23622.22432117589,23541.519401418824
2025-03-31 04:00:00,26543.16036153094,23357.632082475848,23396.250374778196
2025-03-31 08:00:00,26543.16036153094,23472.71264584949,23572.643262109737
2025-03-31 12:00:00,26543.16036153094,23565.14932478573,23467.655170087222
2025-03-31 16:00:00,26543.16036153094,23983.59590158099,23954.47161650452
2025-03-31 20:00:00,26543.16036153094,23635.872689877884,23619.326434273848
2025-04-01 00:00:00,26543.16036153094,23662.859237084103,23530.76979336878
2025-04-01 04:00:00,26543.16036153094,23763.36086116243,23739.733262679074
2025-04-01 08:00:00,26543.16036153094,23967.466011296812,23942.952394270265
2025-04-01 12:00:00,26529.88878135017,24143.033663236114,24136.909545997507
2025-04-01 16:00:00,26634.359650613547,24500.372771070168,24494.218800800023
2025-04-01 20:00:00,26406.657852767312,24427.788264791376,24203.035417717827
2025-04-02 00:00:00,26364.243551297215,24469.974131688454,24171.85529791975
2025-04-02 04:00:00,26010.194410016826,24281.688681640473,23840.911448765324
2025-04-02 08:00:00,25949.847001993006,24263.38745997189,23843.708035536984
2025-04-02 12:00:00,25966.03259878452,24280.447920849383,23962.051258314834
2025-04-02 16:00:00,26228.33061445868,24762.48348818803,24564.909755252986
2025-04-02 20:00:00,26400.426110436078,24840.65141802673,24746.041718276785
2025-04-03 00:00:00,24326.748952784626,23460.92541833413,22572.46094265327
2025-04-03 04:00:00,24326.748952784626,23726.758417825262,22943.5672714905
2025-04-03 08:00:00,24326.748952784626,23593.99701317858,22682.333675155303
2025-04-03 12:00:00,24326.748952784626,23244.722850486614,22078.578548020247
2025-04-03 16:00:00,24326.748952784626,23027.899902243556,21885.611589388587
2025-04-03 20:00:00,24326.748952784626,23066.983867162904,22064.462527895812
2025-04-04 00:00:00,24326.748952784626,23366.937788409025,22353.430728517793
2025-04-04 04:00:00,24326.748952784626,23160.661306890237,22016.468029807904
2025-04-04 08:00:00,24326.748952784626,23689.225403894776,22634.94608944545
2025-04-04 12:00:00,24326.748952784626,23187.647854096453,21952.519433197987
2025-04-04 16:00:00,24326.748952784626,23336.849339225082,22510.15389672116
2025-04-04 20:00:00,24326.748952784626,23802.44482608178,23190.79392348735
2025-04-05 00:00:00,24326.748952784626,23731.41127079185,23170.434457389143
2025-04-05 04:00:00,24326.748952784626,23666.2713292596,22930.362004119343
2025-04-05 08:00:00,24326.748952784626,23627.807744735797,22952.44360133328
2025-04-05 12:00:00,24326.748952784626,23614.779756429347,22866.668370124044
2025-04-05 16:00:00,24326.748952784626,23374.69254335334,22463.415480111893
2025-04-05 20:00:00,24326.748952784626,23436.420392710093,22592.990713437746
2025-04-06 00:00:00,24326.748952784626,23628.11793493357,22862.761295345386
2025-04-06 04:00:00,24326.748952784626,23578.797693487722,22823.31519328354
2025-04-06 08:00:00,24326.748952784626,23484.189683167075,22695.086072162547
2025-04-06 12:00:00,24326.748952784626,23425.253545590276,22588.951536849694
2025-04-06 16:00:00,24326.748952784626,23350.80789812485,22153.27096678075
2025-04-06 20:00:00,24326.748952784626,22534.07710738955,20987.786290358803
2025-04-07 00:00:00,24326.748952784626,22117.491671780925,20507.68853810685
2025-04-07 04:00:00,24326.748952784626,21994.346163265196,20191.6406022998
2025-04-07 08:00:00,24326.748952784626,21150.318635125903,19103.315173852356
2025-04-07 12:00:00,24326.748952784626,21685.706916481442,19684.651241107313
2025-04-07 16:00:00,24326.748952784626,22302.98541004895,20719.52008781299
2025-04-07 20:00:00,24326.748952784626,22205.89587814612,20573.147375624794
2025-04-08 00:00:00,24326.748952784626,22497.164473854606,20808.20065993328
2025-04-08 04:00:00,24326.748952784626,22616.897890194836,21285.527582471936
2025-04-08 08:00:00,24326.748952784626,22581.846397846533,21036.791765865768
2025-04-08 12:00:00,24326.748952784626,22687.931445484766,21377.204726680706
2025-04-08 16:00:00,24326.748952784626,22312.6013061799,20742.235394468295
2025-04-08 20:00:00,24326.748952784626,21738.439250102787,20071.763375876937
2025-04-09 00:00:00,24326.748952784626,21548.913039263716,20133.186967066897
2025-04-09 04:00:00,24326.748952784626,21110.61428981101,19616.548841627555
2025-04-09 08:00:00,24326.748952784626,21869.649703760602,20424.412859926524
2025-04-09 12:00:00,24326.748952784626,21416.772015012582,19793.39189739939
2025-04-09 16:00:00,24326.748952784626,21697.4941439968,20236.7615992152
2025-04-09 20:00:00,24314.585578308237,23353.599609904802,22427.4179165148
2025-04-10 00:00:00,24307.646167705785,23400.74851996624,22490.224550124873
2025-04-10 04:00:00,23928.944286033402,23093.350033973577,21893.725693363776
2025-04-10 08:00:00,23809.657038728736,22962.13958031576,21699.836727386366
2025-04-10 12:00:00,23709.114004897285,22936.703984098407,21540.503311658213
2025-04-10 16:00:00,22930.260249236813,21826.84345646798,20443.35589468709
2025-04-10 20:00:00,22930.260249236813,22053.902681237538,20717.283943980772
2025-04-11 00:00:00,22930.260249236813,21932.30812371067,20758.479276658865
2025-04-11 04:00:00,22930.260249236813,22115.630530594288,21012.930160335985
2025-04-11 08:00:00,22930.260249236813,22189.765987861945,21143.773378360653
2025-04-11 12:00:00,22930.260249236813,22489.719909108066,21435.8372865719
2025-04-11 16:00:00,22930.260249236813,22599.527239119572,21671.563449449808
2025-04-11 20:00:00,22930.260249236813,22924.606566385275,21849.662434635095
2025-04-12 00:00:00,22930.260249236813,22771.682798883372,21830.15962659283
2025-04-12 04:00:00,22930.260249236813,22663.11622966296,21654.33690541522
2025-04-12 08:00:00,22918.795119112194,22875.5965151372,22179.10509039218
2025-04-12 12:00:00,22945.339623147745,22819.76227953813,22220.45501593646
2025-04-12 16:00:00,23299.499190148388,23219.28725426926,23010.95821612251
2025-04-12 20:00:00,23320.455377544873,23211.842689522717,23025.117445904863
2025-04-13 00:00:00,23418.25091872848,23300.557086085686,23214.304609776264
2025-04-13 04:00:00,23386.11809805387,23339.641051005034,23145.699190631658
2025-04-13 08:00:00,23192.622634426298,23093.350033973577,22739.856345318432
2025-04-13 12:00:00,23272.954686112836,23124.679243948613,22868.73698010505
2025-04-13 16:00:00,23200.306569805012,22926.157517374137,22658.776193370788
2025-04-13 20:00:00,23171.666447029813,22981.37137257766,22636.113588512024
2025-04-14 00:00:00,23182.84308030794,22901.342301552326,22636.821516718912
2025-04-14 04:00:00,23368.654608556797,23067.60424755845,23031.698197839552
2025-04-14 08:00:00,23388.213716793518,23032.242565012373,23058.31286295948
2025-04-14 12:00:00,23463.09520838665,23142.670275419423,23290.560858898905
2025-04-14 16:00:00,22981.99386195752,22975.787949017755,22728.05241139706
2025-04-14 20:00:00,23168.78155721896,23192.921087458588,23044.79677666661
2025-04-15 00:00:00,23023.845076045847,23161.28168728578,22863.121967496532
2025-04-15 04:00:00,23142.025394978926,23334.678007840674,23036.194508570596
2025-04-15 08:00:00,23225.782024877502,23425.56373578805,23181.290321165245
2025-04-15 12:00:00,23249.431144252067,23444.17514765441,23270.148019835528
2025-04-15 16:00:00,23055.668104338627,23337.159529422854,23011.940440525927
2025-04-15 20:00:00,22785.014360189278,23099.24364773126,22750.286642782798
2025-04-16 00:00:00,22785.014360189278,22981.37137257766,22479.20604143189
2025-04-16 04:00:00,22785.014360189278,22896.379258387966,22436.336789636764
2025-04-16 08:00:00,22785.014360189278,22716.77913387762,22116.95807748973
2025-04-16 12:00:00,22785.014360189278,22949.421782207082,22398.480807719305
2025-04-16 16:00:00,22785.014360189278,23135.846091068426,22660.152786477036
2025-04-16 20:00:00,22785.014360189278,22969.27395486453,22988.226722796455
2025-04-17 00:00:00,22785.014360189278,22869.70290137952,22819.601770553974
2025-04-17 04:00:00,22785.014360189278,22923.36580559418,22736.502807782475
2025-04-17 08:00:00,22773.621853009183,23081.87299665599,23238.360410393034
2025-04-17 12:00:00,22722.13029513305,23088.07680061144,23143.485565314433
2025-04-17 16:00:00,22738.221406969344,23081.87299665599,23154.152458517194
2025-04-17 20:00:00,22709.257405664015,23160.97149708801,23124.66490792259
2025-04-18 00:00:00,22806.44772115522,23172.138344207822,23301.84213008635
2025-04-18 04:00:00,22791.64389826583,23138.327612650606,23266.97918429396
2025-04-18 08:00:00,22816.746032730447,23095.211175160213,23296.157162463915
2025-04-18 12:00:00,22777.483719849894,23081.252616260444,23230.230859612406
2025-04-18 16:00:00,22690.591715933915,22977.959280402163,23030.450852553884
2025-04-18 20:00:00,22761.3926080136,23027.58971204578,23185.070707439147
2025-04-19 00:00:00,22757.530741172894,23003.394876619517,23164.070095431853
2025-04-19 04:00:00,23019.49404186772,23109.790114455525,23671.134406551966
2025-04-19 08:00:00,23003.481036288285,23192.610897260816,23694.94803590884
2025-04-19 12:00:00,23010.682289293603,23198.814701216266,23699.725836800477
2025-04-19 16:00:00,22998.392792214974,23183.925571723183,23716.3894705766
2025-04-19 20:00:00,23020.103960270015,23161.902067681327,23707.37647522796
2025-04-20 00:00:00,23073.057935416637,23158.8001657036,23818.006264582207
2025-04-20 04:00:00,23143.763932412352,23189.198805085318,23939.91552632134
2025-04-20 08:00:00,22965.90150102645,23087.76661041367,23748.793854693184
2025-04-20 12:00:00,22589.078791249653,22911.888768276596,23340.46166271734
2025-04-20 16:00:00,22549.878268238554,22990.056698115295,23321.29654548023
2025-04-20 20:00:00,22549.878268238554,23061.400443602997,23492.929471211966
2025-04-21 00:00:00,22549.878268238554,23088.697181006988,23488.348018089666
2025-04-21 04:00:00,22527.328389970316,23491.63424791362,23740.775041911988
2025-04-21 08:00:00,22548.373209540558,23477.98587921162,23776.546395243306
2025-04-21 12:00:00,22432.634720051556,23369.419309991208,23607.813518910487
2025-04-21 16:00:00,22557.262517749343,23740.71697672503,23705.096982211748
2025-04-21 20:00:00,22252.427352439896,23544.986961930506,23428.567655209397
2025-04-22 00:00:00,22261.260750324014,23572.593889532272,23411.49009278015
2025-04-22 04:00:00,22303.14495152735,23703.494152992316,23704.819970153978
2025-04-22 08:00:00,22351.282007412698,23853.936398912036,23932.434871632686
2025-04-22 12:00:00,22374.109889585132,23925.280144399738,24017.10287117929
2025-04-22 16:00:00,22572.502802616844,24614.21257365272,24869.440501993184
2025-04-22 20:00:00,22630.891099062745,24855.540547519817,24899.514692218843
2025-04-23 04:00:00,23584.699819899924,25566.186290616883,25941.3713659949
2025-04-23 08:00:00,23707.249238722958,25655.521067575395,26072.900187826774
2025-04-23 12:00:00,23639.223591660364,25410.160621137256,26001.069386827476
2025-04-23 16:00:00,23700.946682999373,25474.680182273958,26052.691897726734
2025-04-23 20:00:00,23681.064185470692,25614.57596146941,26003.171136219826
2025-04-24 00:00:00,23772.834305227803,25654.280306784305,26118.111945221994
2025-04-24 04:00:00,23378.5177663268,25360.219999295863,25637.2664011888
2025-04-24 08:00:00,23175.79932740861,25138.43400788844,25430.635699095306
2025-04-24 12:00:00,23243.39128657151,25268.40370075517,25529.45207511098
2025-04-24 16:00:00,23454.205571235267,25461.342003769736,25798.05777526847
2025-04-24 20:00:00,23539.58356271935,25505.078821655676,25991.14995700397
2025-04-25 00:00:00,23682.826831013335,25646.52555183999,26163.980865131074
2025-04-25 04:00:00,23631.8426031271,25564.635339628017,26106.11592117691
2025-04-25 08:00:00,23843.545561076742,25621.71033601818,26413.440965324808
2025-04-25 12:00:00,23990.366314830764,25885.372004124903,26523.18011549767
2025-04-25 16:00:00,23955.47091399342,25940.585859328432,26353.04652984391
2025-04-25 20:00:00,23911.661808714234,26047.29128736221,26244.80285897479
2025-04-26 00:00:00,23739.683786466754,25852.181652963234,26097.568065429186
2025-04-26 04:00:00,23821.014863262764,25879.168200169453,26168.48922860519
2025-04-26 08:00:00,23831.194009452214,25840.394425447874,26166.55869041655
2025-04-26 12:00:00,23576.519696430456,25723.76291108537,25827.822578931104
2025-04-26 16:00:00,23650.640338016972,25779.28695648667,25938.847144605614
2025-04-26 20:00:00,23708.258327094612,25761.60611521363,25949.793406253564
2025-04-27 00:00:00,23776.703002347436,25864.279070676366,25995.395047021502
2025-04-27 04:00:00,23678.256104849883,25725.00367187646,25760.164496342262
2025-04-27 08:00:00,23648.967841865116,25706.08206981233,25739.65748186897
2025-04-27 12:00:00,23646.33930459145,25659.243349948665,25787.82276493801
2025-04-27 16:00:00,23589.29186856631,25658.622969553122,25868.78046873748
2025-04-27 20:00:00,23690.20277973858,25791.694564397574,26023.218667594767
2025-04-28 00:00:00,23571.723248335962,25640.63193808231,25770.377818002
2025-04-28 04:00:00,23521.01251735023,25654.280306784305,25824.52920417575
2025-04-28 08:00:00,23521.01251735023,25899.640753222444,26196.578660066734
2025-04-28 12:00:00,23509.252011091554,26062.49060705307,26312.17821520749
2025-04-28 16:00:00,23352.046810098727,25578.283708330015,25490.151160424226
2025-04-28 20:00:00,23352.046810098727,25758.814403433676,25751.751391703714
2025-04-29 00:00:00,23352.046810098727,25841.324996041192,25752.500995848033
2025-04-29 04:00:00,23352.046810098727,25878.85800997168,25809.37405538184
2025-04-29 08:00:00,23352.046810098727,25836.051762679057,25882.1802852802
2025-04-29 12:00:00,23340.37078669368,25953.924037832654,25986.128396410353
2025-04-29 16:00:00,23268.260719241454,25824.884915559243,25787.4980819815
2025-04-29 20:00:00,23308.913374717875,25985.56343800546,26010.108996614348
2025-04-30 00:00:00,23199.05441289469,25682.507614781614,25559.40684082621
2025-04-30 04:00:00,23257.12963500386,25936.553386757387,25876.398913464225
2025-04-30 08:00:00,23187.59036405034,25805.653123297343,25619.64537044983
2025-04-30 12:00:00,23187.59036405034,25971.604879105693,25870.78808035724
2025-04-30 16:00:00,23187.59036405034,25702.669977636833,25174.8809629776
2025-04-30 20:00:00,23187.59036405034,25785.800950639896,25608.400053878933
2025-05-01 00:00:00,23187.59036405034,25807.514264483976,25821.805138961125
2025-05-01 04:00:00,23187.59036405034,25997.971045916365,26035.941347477914
2025-05-01 08:00:00,23175.996568868315,26067.14346001966,26182.785454016048
2025-05-01 12:00:00,23241.15690894622,26364.92604988137,26505.706561550196
2025-05-01 16:00:00,23422.132597081436,26645.958369063363,26686.346355008354
2025-05-01 20:00:00,23241.715924146636,26535.220468458538,26452.117151082406
2025-05-02 00:00:00,23235.00278340587,26501.719927099097,26488.85856750245
2025-05-02 04:00:00,23289.920628674903,26636.34247293241,26511.58405185715
2025-05-02 08:00:00,22942.036106912572,26385.708793132137,26125.858241971615
2025-05-02 12:00:00,23149.815849353596,26515.988676196637,26398.163149890926
2025-05-02 16:00:00,23211.48226441493,26657.125216183176,26412.493716755132
2025-05-02 20:00:00,23121.127406363696,26609.666115923967,26235.364651918426
2025-05-03 00:00:00,23133.077332312372,26605.32345315515,26238.341611882293
2025-05-03 04:00:00,23077.36544637686,26461.085011190884,26210.28850042231
2025-05-03 08:00:00,23033.923913034232,26464.497103366382,26183.454898905387
2025-05-03 12:00:00,22949.228852390712,26362.134338101416,26053.429236325115
2025-05-03 16:00:00,23096.642207205507,26488.691938792646,26238.184084762957
2025-05-03 20:00:00,23063.929461374857,26479.076042661694,26146.320193467618
2025-05-04 00:00:00,22945.9300898469,26338.249692872927,26010.201751060922
2025-05-04 04:00:00,22931.741873880164,26304.749151513483,25891.50317878582
2025-05-04 08:00:00,22981.402472993836,26347.865589003875,25922.716057506354
2025-05-04 12:00:00,22864.46058420714,26222.858939301514,25846.281419001592
2025-05-04 16:00:00,22864.46058420714,26238.368449190144,25992.6216259216
2025-05-04 20:00:00,22864.46058420714,26274.35051213177,25942.259622496924
2025-05-05 00:00:00,22864.46058420714,25842.565756832282,25499.58027422372
2025-05-05 04:00:00,22864.46058420714,25753.23097987377,25533.628170482058
2025-05-05 08:00:00,22864.46058420714,25993.62838314755,25879.006696457014
2025-05-05 12:00:00,22864.46058420714,25727.17500326087,25449.24261577458
2025-05-05 16:00:00,22864.46058420714,25715.387775745512,25438.675911121143
2025-05-05 20:00:00,22864.46058420714,25876.996868785045,25786.737726757285
2025-05-06 00:00:00,22864.46058420714,25985.56343800546,25852.794626604336
2025-05-06 04:00:00,22864.46058420714,25900.26113361799,25591.59901795071
2025-05-06 08:00:00,22864.46058420714,25822.403393977063,25578.989785350263
2025-05-06 12:00:00,22864.46058420714,25697.70693447247,25246.50860339668
2025-05-06 16:00:00,22864.46058420714,25868.31154324741,25341.170179531662
2025-05-06 20:00:00,22864.46058420714,25915.150263111074,25505.492944863647
2025-05-07 00:00:00,22853.028353915037,26492.724411363688,25989.655358575026
2025-05-07 04:00:00,22821.438732931798,26382.91708135218,25887.828148743043
2025-05-07 08:00:00,22849.3696689989,26480.006613255013,26023.274125459633
2025-05-07 12:00:00,22859.810306442512,26516.29886639441,26070.568532892787
2025-05-07 16:00:00,22854.90231448184,26499.238405516913,25868.80745006412
2025-05-07 20:00:00,22823.580402151,26390.361646098725,25858.27733532915
2025-05-08 00:00:00,22880.043419061396,26626.416386603687,26130.508217526894
2025-05-08 04:00:00,23183.25297994253,27148.466489455,26741.660712021854
2025-05-08 08:00:00,23398.98694274122,27260.75534104869,26928.29350963642
2025-05-08 12:00:00,23687.91031467269,27297.978164781405,27288.487587729356
2025-05-08 16:00:00,24560.280029066867,27781.564683108914,28218.216840704496
2025-05-08 20:00:00,24934.296625066963,27981.32717047448,28445.47048048131
2025-05-09 00:00:00,25623.750003009336,28496.242898777025,29115.17870924685
2025-05-09 04:00:00,25407.59210617553,28284.6931838961,28743.581871314193
2025-05-09 08:00:00,26292.71587343858,28568.517214858042,29407.658566277518
2025-05-09 12:00:00,26544.759799274674,28363.481494130345,30032.188404945948
2025-05-09 16:00:00,26226.577505241938,28309.81858991568,29763.280652264988
2025-05-09 20:00:00,26465.116333667014,28432.343718035863,29985.22598517517
2025-05-10 00:00:00,26557.43466560686,28373.71777065684,30090.75576638634
2025-05-10 04:00:00,26474.521613451456,28432.96409843141,29961.861915765563
2025-05-10 08:00:00,26804.364174421145,28592.091669888763,30170.672871742587
2025-05-10 12:00:00,26555.787827150598,28503.99765372134,29802.5951509904
2025-05-10 16:00:00,26829.107216942513,28422.727821904915,30041.968304119197
2025-05-10 20:00:00,27146.330980767852,28423.968582696005,30242.896504477685
2025-05-11 00:00:00,27894.868459781792,28864.128473335346,31067.440813499088
2025-05-11 04:00:00,27551.6476846568,28644.513813312336,30736.37391111732
2025-05-11 08:00:00,27086.656117853905,28484.145481063893,30272.057591029312
2025-05-11 12:00:00,27527.974101030275,28831.868692766995,30684.815059481713
2025-05-11 16:00:00,27009.251987146243,28708.10280385572,30127.967623639062
2025-05-11 20:00:00,27342.06408592756,28795.88662982537,30458.91168229987
2025-05-12 00:00:00,27398.570233179576,28756.802664906023,30525.961329313934
2025-05-12 04:00:00,27500.435351778615,28740.672774621846,30691.849220964825
2025-05-12 08:00:00,28039.52259825115,29153.5359278572,31235.29573276684
2025-05-12 12:00:00,27763.94167584967,28944.77792475623,30917.485121321522
2025-05-12 16:00:00,27514.637279818835,28622.800499468252,30798.47109879044
2025-05-12 20:00:00,27240.472022032714,28463.6729280109,30397.325210574516
2025-05-13 00:00:00,27380.015177489346,28721.751172557717,30845.99234606739
2025-05-13 04:00:00,27064.026701695366,28374.95853144793,29857.39547817069
2025-05-13 08:00:00,27064.026701695366,28639.550770147973,30464.124434803398
2025-05-13 12:00:00,27064.026701695366,28955.63458167827,30898.19134403648
2025-05-13 16:00:00,27064.026701695366,28787.201304287737,31011.364681596642
2025-05-13 20:00:00,27036.96267499367,29055.515825361053,31839.781165504406
2025-05-14 00:00:00,27095.31742983977,28866.60999491753,31944.625084591575
2025-05-14 04:00:00,26801.056433581845,28695.385005747044,31477.18234308403
2025-05-14 08:00:00,26823.661342032134,28686.69968020941,31576.018530806294
2025-05-14 12:00:00,26735.033744407556,28749.35810015948,31503.19206297877
2025-05-14 16:00:00,26470.0518516425,28655.99085062992,31074.027333821923
2025-05-14 20:00:00,26545.578068638024,28697.24614693368,31151.803521057343
2025-05-15 00:00:00,26517.564920346653,28711.51489603122,31089.258926451446
2025-05-15 04:00:00,26240.33322424024,28464.603498604218,30676.35069575176
2025-05-15 08:00:00,26077.461078971857,28190.705553970995,30139.172324276144
2025-05-15 12:00:00,26077.461078971857,28410.010023796236,30359.964900634415
2025-05-15 16:00:00,26077.461078971857,28646.064764301198,30553.066257701674
2025-05-15 20:00:00,26077.461078971857,28624.661640654886,30260.140865030917
2025-05-16 00:00:00,26077.461078971857,28773.863125783515,30248.328884922594
2025-05-16 04:00:00,26077.461078971857,28819.46108485609,30650.43942709066
2025-05-16 08:00:00,26077.461078971857,28703.13976069136,30595.633420429833
2025-05-16 12:00:00,26077.461078971857,28738.191253039666,30714.41688443374
2025-05-16 16:00:00,26077.461078971857,29002.78349173971,30796.249884603152
2025-05-16 20:00:00,26077.461078971857,28911.58757359456,30648.63500670091
2025-05-17 00:00:00,26077.461078971857,28740.672774621846,30093.724788769836
2025-05-17 04:00:00,26077.461078971857,28774.17331598129,30146.03209370811
2025-05-17 08:00:00,26077.461078971857,28749.047909961708,30160.03090648813
2025-05-17 12:00:00,26077.461078971857,28624.661640654886,29991.194009738403
2025-05-17 16:00:00,26077.461078971857,28605.119658195214,29965.490846284898
2025-05-17 20:00:00,26077.461078971857,28653.199138849966,29756.046516500777
2025-05-18 00:00:00,26077.461078971857,28665.606746760874,29851.63905837482
2025-05-18 04:00:00,26077.461078971857,28709.033374449038,29963.757543777887
2025-05-18 08:00:00,26077.461078971857,28886.462167574977,30445.956797207124
2025-05-18 12:00:00,26077.461078971857,28845.827251666764,30426.520610117368
2025-05-18 16:00:00,26051.383617892887,29299.945701205874,31232.329339115084
2025-05-18 20:00:00,25411.344879725417,28849.859724237805,29849.19888894566
2025-05-19 00:00:00,25398.639207285552,29506.222182724665,30850.948616228376
2025-05-19 04:00:00,25169.517467868915,28751.219241346116,29655.938206810595
2025-05-19 08:00:00,25169.517467868915,28502.756892930247,29150.688030169455
2025-05-19 12:00:00,25169.517467868915,28336.184756726354,29085.613078248418
2025-05-19 16:00:00,25169.517467868915,28940.43526198741,29625.80419180357
2025-05-19 20:00:00,25169.517467868915,29119.10481590444,29976.43185113866
2025-05-20 00:00:00,25169.517467868915,29164.08239458147,30053.98209826496
2025-05-20 04:00:00,25169.517467868915,29178.35114367901,30294.817383335612
2025-05-20 08:00:00,25169.517467868915,28895.767873508154,29946.776920558623
2025-05-20 12:00:00,25169.517467868915,29022.635664397156,29914.11408368261
2025-05-20 16:00:00,25169.517467868915,29045.58973903233,29887.54440382292
2025-05-20 20:00:00,25169.517467868915,29433.637676445873,30145.239330014883
2025-05-21 00:00:00,25169.517467868915,29362.914311353717,30183.814915470135
2025-05-21 04:00:00,25169.517467868915,29250.935649957803,30237.58308026053
2025-05-21 08:00:00,25169.517467868915,29184.865137832236,30130.444619828893
2025-05-21 12:00:00,25169.517467868915,29202.545979105274,30169.505396081036
2025-05-21 16:00:00,25156.932709134977,29800.282490213107,30653.166003205293
2025-05-21 20:00:00,25146.4531606894,29763.059666480392,30498.488756327042
2025-05-22 00:00:00,25212.299656755764,29996.943075600946,30842.9827943876
2025-05-22 04:00:00,25341.847355024904,30546.28991585625,31452.105683635073
2025-05-22 08:00:00,25414.521072502495,30384.680822816717,31597.449634211065
2025-05-22 12:00:00,25465.449970077003,30400.810713100895,31601.64947364655
2025-05-22 16:00:00,25647.556550646783,30580.72102780901,31821.93201007052
2025-05-22 20:00:00,25485.890948486856,30540.396302098572,31650.66261902213
2025-05-23 00:00:00,25686.595118716607,30656.097245867757,31895.981021985128
2025-05-23 04:00:00,25999.689778296888,30405.463566067483,32355.75505002498
2025-05-23 08:00:00,25608.076939039292,30266.49835746535,31942.48551580055
2025-05-23 12:00:00,25016.38093577982,29862.940910163175,31276.12188960015
2025-05-23 16:00:00,25087.211105189133,29776.087654786843,31470.58824655012
2025-05-23 20:00:00,25001.354794510647,29679.92869347733,31242.121406146034
2025-05-24 00:00:00,24751.31304621295,29292.811326657105,30564.50112429994
2025-05-24 04:00:00,24751.31304621295,29592.455057705454,30804.578501594107
2025-05-24 08:00:00,24751.31304621295,29390.83142915325,30632.638695209676
2025-05-24 12:00:00,24751.31304621295,29815.481809903966,31095.788779332946
2025-05-24 16:00:00,24751.31304621295,29748.48072718508,30985.498370587753
2025-05-24 20:00:00,24751.31304621295,29764.92080766703,31091.105098480322
2025-05-25 00:00:00,24751.31304621295,29438.29052941246,30819.884365345773
2025-05-25 04:00:00,24751.31304621295,29540.343104479653,30616.82849422196
2025-05-25 08:00:00,24751.31304621295,29415.646644975062,30394.87967138923
2025-05-25 12:00:00,24751.31304621295,29301.186461996964,30339.680417738316
2025-05-25 16:00:00,24751.31304621295,29244.73184600235,30185.76205718211
2025-05-25 20:00:00,24751.31304621295,29435.188627434734,30489.098145544063
2025-05-26 00:00:00,24751.31304621295,29754.994721338306,30932.764094756916
2025-05-26 04:00:00,24751.31304621295,29796.87039803761,31046.148334127243
2025-05-26 08:00:00,24751.31304621295,30024.86019340048,31283.85769032265
2025-05-26 12:00:00,24751.31304621295,29948.553404748418,31213.58684160473
2025-05-26 16:00:00,24751.31304621295,29992.60041283213,31173.070230237347
2025-05-26 20:00:00,24751.31304621295,29739.48521144967,30694.83275093623
2025-05-27 00:00:00,24751.31304621295,29826.64865702378,30843.561960535437
2025-05-27 04:00:00,24751.31304621295,29672.484128730786,30628.270608651794
2025-05-27 08:00:00,24738.93738968984,29972.748240174682,31106.436676508503
2025-05-27 12:00:00,24863.33025850056,29947.312643957328,31256.642426753024
2025-05-27 16:00:00,24909.97224959707,30174.06167852911,31566.859611813416
2025-05-27 20:00:00,24888.444823288413,30063.013587726513,31450.14578518144
2025-05-28 00:00:00,24689.7057195117,29809.89838634406,31240.32073379084
2025-05-28 04:00:00,24629.17836330759,29874.41794748076,31131.245829304153
2025-05-28 08:00:00,24492.44878156809,29813.9308589151,30953.772526377994
2025-05-28 12:00:00,24574.444438146136,29847.741590472317,31065.978829731568
2025-05-28 16:00:00,24390.904101635224,29466.207647212,30495.943407592906
2025-05-28 20:00:00,24355.414493530727,29397.965803702024,30410.141653877312
2025-05-29 00:00:00,24601.690864922544,29785.39336072002,31014.710948767588
2025-05-29 04:00:00,24846.891793644536,29817.3429510906,31265.51791117317
2025-05-29 08:00:00,24727.876138182983,29694.507632772646,30984.72574045509
2025-05-29 12:00:00,24679.83969893043,29946.38207336401,31098.306556133328
2025-05-29 16:00:00,24369.069209869154,29226.430624333763,30292.253794679753
2025-05-29 20:00:00,24369.069209869154,28874.054559664073,29889.449444486207
2025-05-30 00:00:00,24369.069209869154,28813.56747109841,29816.70978672995
2025-05-30 04:00:00,24369.069209869154,29008.98729569516,29768.46960863219
2025-05-30 08:00:00,24369.069209869154,28780.997500332287,29466.64161449701
2025-05-30 12:00:00,24369.069209869154,28999.68158976198,29649.912366698954
2025-05-30 16:00:00,24369.069209869154,28876.536081246253,29278.054305868554
2025-05-30 20:00:00,24369.069209869154,28609.772511161802,29117.637295269167
2025-05-31 00:00:00,24369.069209869154,28465.844259395308,28565.285803269162
2025-05-31 04:00:00,24369.069209869154,28387.055949161062,28329.67351302495
2025-05-31 08:00:00,24369.069209869154,28417.76477874055,28427.550467327004
2025-05-31 12:00:00,24369.069209869154,28351.694266614984,28203.354644224608
2025-05-31 16:00:00,24369.069209869154,28652.888948652195,28609.50388420674
2025-05-31 20:00:00,24369.069209869154,28702.20919009804,28828.093587199262
2025-06-01 00:00:00,24369.069209869154,28664.05579577201,28689.400450844874
2025-06-01 04:00:00,24369.069209869154,28605.119658195214,28473.59002291657
2025-06-01 08:00:00,24369.069209869154,28584.336914944448,28434.198014902744
2025-06-01 12:00:00,24369.069209869154,28530.984200927556,28164.371456721063
2025-06-01 16:00:00,24369.069209869154,28699.107288120314,28466.74087581692
2025-06-01 20:00:00,24369.069209869154,28795.266249429827,28666.107925540586
2025-06-02 00:00:00,24369.069209869154,28922.134040318826,28895.035742906053
2025-06-02 04:00:00,24369.069209869154,28669.329029134144,28503.688444061994
2025-06-02 08:00:00,24369.069209869154,28667.778078145282,28420.519280653745
2025-06-02 12:00:00,24369.069209869154,28314.1612526845,28074.695853878602
2025-06-02 16:00:00,24369.069209869154,28378.6808138212,28121.117880434977
2025-06-02 20:00:00,24369.069209869154,28329.050382177582,28047.616272229665
2025-06-03 00:00:00,24369.069209869154,28696.005386142588,28625.698158373652
2025-06-03 04:00:00,24356.88467526422,28679.875495858414,28939.19149514981
2025-06-03 08:00:00,24371.396954276704,28609.46232096403,28977.24011884717
2025-06-03 12:00:00,24412.00373183932,28695.695195944816,29098.954892047528
2025-06-03 16:00:00,24583.41464037053,29108.86853937794,29467.1587853202
2025-06-03 20:00:00,24480.71171513117,29012.089197672885,29279.23376552656
2025-06-04 00:00:00,23990.023698207584,28739.121823632984,28575.36584338869
2025-06-04 04:00:00,24135.609721484718,28819.771275053863,28828.50476411444
2025-06-04 08:00:00,24090.50182430879,28712.445466624536,28741.91052584768
2025-06-04 12:00:00,24061.70497041838,28668.398458540825,28683.407422189615
2025-06-04 16:00:00,24168.877318277453,28623.110689666024,28776.83158276799
2025-06-04 20:00:00,24032.5085168488,28528.812869543148,28516.68300161807
2025-06-05 00:00:00,23978.744315763353,28460.571026033173,28253.34052717182
2025-06-05 04:00:00,24039.27354877346,28580.614632571174,28394.720641665506
2025-06-05 08:00:00,23976.251935580585,28430.172386651455,28176.62966273273
2025-06-05 12:00:00,23974.11560970964,28475.46015552626,28156.912722350888
2025-06-05 16:00:00,23908.601616333995,28367.203776503615,27940.489319445405
2025-06-05 20:00:00,23708.432332905348,27648.182898066687,27147.63273453104
2025-06-06 00:00:00,23708.432332905348,27522.55586796878,26743.80547520118
2025-06-06 04:00:00,23708.432332905348,27824.99131079708,27180.074897249848
2025-06-06 08:00:00,23708.432332905348,28038.402166864642,27325.80423491764
2025-06-06 12:00:00,23708.432332905348,28283.142232907237,27616.213471418247
2025-06-06 16:00:00,23708.432332905348,28633.036775994748,28004.00581315287
2025-06-06 20:00:00,23708.432332905348,28400.083937467512,27699.98389900563
2025-06-07 00:00:00,23708.432332905348,28419.625919927188,27568.692159118204
2025-06-07 04:00:00,23708.432332905348,28565.41531288032,27787.739499321768
2025-06-07 08:00:00,23708.432332905348,28566.96626386918,28087.46236797555
2025-06-07 12:00:00,23708.432332905348,28638.930389752426,28021.843707161577
2025-06-07 16:00:00,23696.578116738892,28748.737719763933,28046.47700294969
2025-06-07 20:00:00,23710.05060951375,28797.747771012007,28013.868241738823
2025-06-08 00:00:00,23697.686612979862,28752.770192334978,27964.28724521841
2025-06-08 04:00:00,23692.741014366307,28734.779160864167,27908.21767963245
2025-06-08 08:00:00,23689.244987760176,28722.06136275549,27867.900545851306
2025-06-08 12:00:00,23709.79480268891,28796.81720041869,27926.232553010737
2025-06-08 16:00:00,23731.112038092164,28874.364749861845,28062.05182643872
2025-06-08 20:00:00,23739.615569480102,28948.5002071295,28469.590802034523
2025-06-09 00:00:00,23588.278666898666,28776.034457167923,28176.091272992428
2025-06-09 04:00:00,23520.132781177952,28734.15878046862,28033.20042001179
2025-06-09 08:00:00,23467.797365677437,28686.079299813864,27932.21956088974
2025-06-09 12:00:00,23866.359563644604,29293.121516854877,28675.921244513396
2025-06-09 16:00:00,23795.669700115526,29239.148422442442,28586.070390187095
2025-06-09 20:00:00,24036.927322213145,29492.57381402267,28796.018962405957
2025-06-10 00:00:00,24739.932557972505,29938.627318419694,29617.60397102715
2025-06-10 04:00:00,24662.569304610377,29818.893902079464,29426.834518652304
2025-06-10 08:00:00,24592.908635331845,29751.272438965032,29343.248404047023
2025-06-10 12:00:00,24948.3436715371,29737.00368986749,29634.840846497045
2025-06-10 16:00:00,24658.20010821677,29608.584947989628,29275.766160732135
2025-06-10 20:00:00,25091.310864568833,29726.457223143225,29909.151655234633
2025-06-11 00:00:00,25325.65698684111,29911.020390817932,30149.224486788175
2025-06-11 04:00:00,25334.74057501722,29808.657625552965,30276.596217152768
2025-06-11 08:00:00,25317.617765755007,29731.420266307585,30253.559439492692
2025-06-11 12:00:00,25084.194167290603,29638.053016778027,29935.94498426616
2025-06-11 16:00:00,25439.790927753158,29632.46959321812,30255.44825993853
2025-06-11 20:00:00,24981.17524106409,29375.01172906685,29650.670481129866
2025-06-12 00:00:00,24698.23013648572,29290.95018547047,29357.247604985238
2025-06-12 04:00:00,24596.999833108763,29058.61772733878,29155.769727508963
2025-06-12 08:00:00,24521.558508031776,28971.454281764672,28960.82677825456
2025-06-12 12:00:00,24441.534298721148,28621.869928874934,28634.589425598104
2025-06-12 16:00:00,24419.677466222205,28686.38949001164,28570.667525311525
2025-06-12 20:00:00,24334.740228748324,28637.379438763564,28327.62114031069
2025-06-13 00:00:00,24334.740228748324,28269.18367400747,27849.791940592208
2025-06-13 04:00:00,24334.740228748324,28070.661947432993,26989.664309682703
2025-06-13 08:00:00,24334.740228748324,28232.891420868073,27086.13768820331
2025-06-13 12:00:00,24334.740228748324,28346.110843055078,27232.01516772525
2025-06-13 16:00:00,24334.740228748324,28330.91152336422,27328.83718494334
2025-06-13 20:00:00,24334.740228748324,28255.2251151077,27093.130894404807
2025-06-14 00:00:00,24334.740228748324,28512.68297925897,27563.330538638053
2025-06-14 04:00:00,24334.740228748324,28289.346036862687,27277.77618741101
2025-06-14 08:00:00,24334.740228748324,28261.428919063153,27199.749186857247
2025-06-14 12:00:00,24334.740228748324,28253.67416411884,27165.850505782448
2025-06-14 16:00:00,24334.740228748324,28189.464793179905,26985.669741164987
2025-06-14 20:00:00,24334.740228748324,28138.283410547425,26857.01532822678
2025-06-15 00:00:00,24334.740228748324,28341.45799008849,27069.045656660084
2025-06-15 04:00:00,24334.740228748324,28365.342635316978,27183.32017640477
2025-06-15 08:00:00,24334.740228748324,28353.245217603846,27189.78586305872
2025-06-15 12:00:00,24334.740228748324,28211.17810702399,27164.28637442657
2025-06-15 16:00:00,24334.740228748324,28357.898070570438,27680.455102824155
2025-06-15 20:00:00,24334.740228748324,28282.21166231392,27783.281146067027
2025-06-16 00:00:00,24334.740228748324,28397.912606083104,27930.642284429217
2025-06-16 04:00:00,24322.57285863395,28509.270887083472,28262.85568899096
2025-06-16 08:00:00,24363.865136281434,28700.65823910918,28494.590749201892
2025-06-16 12:00:00,24313.5244685585,28654.43989964106,28394.501771590225
2025-06-16 16:00:00,24350.383937242466,28806.12290635187,28477.52548578786
2025-06-16 20:00:00,24621.61222836812,29176.490002492374,28781.069465682987
2025-06-17 00:00:00,23744.29300134479,28686.079299813864,27775.309441355304
2025-06-17 04:00:00,23798.915143831953,28879.017602828433,28167.536898440012
2025-06-17 08:00:00,23723.518013914887,28655.68066043215,27989.604201083363
2025-06-17 12:00:00,23723.518013914887,28338.976468506306,27623.86936312118
2025-06-17 16:00:00,23723.518013914887,28044.605970820092,27223.52093580993
2025-06-17 20:00:00,23723.518013914887,28283.45242310501,27546.640603462074
2025-06-18 00:00:00,23723.518013914887,28251.50283273443,27386.35632513916
2025-06-18 04:00:00,23723.518013914887,28377.44005303011,27502.926069246787
2025-06-18 08:00:00,23723.518013914887,28287.795085873826,27412.31310838803
2025-06-18 12:00:00,23723.518013914887,28272.90595638074,27249.701249357517
2025-06-18 16:00:00,23723.518013914887,28208.69658544181,27128.849748690678
2025-06-18 20:00:00,23723.518013914887,28067.560045455266,27030.014459831516
2025-06-19 00:00:00,23723.518013914887,28369.375107888023,27338.408941254173
2025-06-19 04:00:00,23723.518013914887,28433.89466902473,27388.248714523208
2025-06-19 08:00:00,23723.518013914887,28320.36505663995,27205.103966064395
2025-06-19 12:00:00,23723.518013914887,28316.95296446445,27201.887951741322
2025-06-19 16:00:00,23723.518013914887,28180.77946764227,26938.029308866986
2025-06-19 20:00:00,23723.518013914887,28128.667514416473,27111.31661778732
2025-06-20 00:00:00,23723.518013914887,28199.390879508628,27281.478603133837
2025-06-20 04:00:00,23723.518013914887,28140.764932129605,27067.17018318843
2025-06-20 08:00:00,23723.518013914887,28504.928224314655,27460.915689377143
2025-06-20 12:00:00,23723.518013914887,28538.11857547633,27537.450995854517
2025-06-20 16:00:00,23723.518013914887,28068.180425850813,26777.478770010723
2025-06-20 20:00:00,23723.518013914887,27839.570250092394,26306.13050647719
2025-06-21 00:00:00,23723.518013914887,27827.162642181487,26294.342523488187
2025-06-21 04:00:00,23723.518013914887,27879.27459540729,26434.842467269533
2025-06-21 08:00:00,23723.518013914887,27876.79307382511,26417.534275378814
2025-06-21 12:00:00,23723.518013914887,27987.22078423216,26614.024727727174
2025-06-21 16:00:00,23723.518013914887,27899.74714846028,26378.204498660278
2025-06-21 20:00:00,23723.518013914887,27538.37556805518,25916.170659314546
2025-06-22 00:00:00,23723.518013914887,27523.486438562097,25622.399269906047
2025-06-22 04:00:00,23723.518013914887,27591.4180918743,25556.638511231915
2025-06-22 08:00:00,23723.518013914887,27606.307221367384,25542.862028671512
2025-06-22 12:00:00,23723.518013914887,27661.521076570913,25390.498019487284
2025-06-22 16:00:00,23723.518013914887,26602.221551177423,24426.80915932398
2025-06-22 20:00:00,23723.518013914887,26636.652663130182,24530.509407002268
2025-06-23 00:00:00,23723.518013914887,27235.00955463356,25057.47214310767
2025-06-23 04:00:00,23723.518013914887,27306.353300121264,25220.59391619434
2025-06-23 08:00:00,23723.518013914887,27511.389020848965,25475.169172273294
2025-06-23 12:00:00,23723.518013914887,27384.521229959963,25427.25847966858
2025-06-23 16:00:00,23723.518013914887,27291.46417062818,25245.746863550332
2025-06-23 20:00:00,23723.518013914887,27669.275831515228,26028.877828124754
2025-06-24 00:00:00,23699.794495900973,28202.492781486355,26771.082876358603
2025-06-24 04:00:00,23586.924144794804,28071.28232782854,26572.13475024673
2025-06-24 08:00:00,23648.193108447365,28106.644010374617,26670.616260317147
2025-06-24 12:00:00,23672.05848438141,28126.185992834293,26726.774147570984
2025-06-24 16:00:00,23670.328235752888,28142.62607331624,26762.20871661458
2025-06-24 20:00:00,23641.3639360512,28226.99780711039,26687.317060628782
2025-06-25 00:00:00,23795.05901999466,28365.032445119206,26978.21384979785
2025-06-25 04:00:00,23782.31844300507,28410.320213994008,26960.16787926593
2025-06-25 08:00:00,23913.05836469854,28524.780396972106,27164.845244387427
2025-06-25 12:00:00,23854.008781990415,28680.185686056186,27110.38200163451
2025-06-25 16:00:00,23592.063550950075,28589.920338504355,26771.879781643824
2025-06-25 20:00:00,23704.184754385315,28685.769109616092,26878.645293220277
2025-06-26 00:00:00,23522.18373828879,28520.127544005514,26661.063910265657
2025-06-26 04:00:00,23896.53657145788,28638.620199554654,27010.210680898803
2025-06-26 08:00:00,23816.33303082711,28578.443301186766,26891.06391010082
2025-06-26 12:00:00,23589.40013976126,28475.46015552626,26672.20156041369
2025-06-26 16:00:00,23463.273128452725,28417.45458854278,26541.815421588166
2025-06-26 20:00:00,23460.693679683354,28506.789365501292,26505.69230500434
2025-06-27 00:00:00,23200.17230594142,28383.954047183335,26155.270977666973
2025-06-27 04:00:00,23337.719597217554,28519.196973412196,26455.890801378417
2025-06-27 08:00:00,23231.64207472517,28314.1612526845,26268.591120600267
2025-06-27 12:00:00,23231.64207472517,28348.592364637258,26455.238603173428
2025-06-27 16:00:00,23231.64207472517,28420.24630032273,26596.138647911815
2025-06-27 20:00:00,23231.64207472517,28329.050382177582,26385.582780213805
2025-06-28 00:00:00,23231.64207472517,28370.30567848134,26431.662793278818
2025-06-28 04:00:00,23231.64207472517,28441.649423969044,26579.54757115987
2025-06-28 08:00:00,23231.64207472517,28481.974149679485,26923.25913209789
2025-06-28 12:00:00,23231.64207472517,28454.677412275494,26945.090713494785
2025-06-28 16:00:00,23231.64207472517,28472.668443746305,27063.5398575207
2025-06-28 20:00:00,23220.026253687807,28400.083937467512,27277.663298549785
2025-06-29 00:00:00,23220.026253687807,28428.31124546482,27292.603043990734
2025-06-29 04:00:00,23161.059640807125,28404.116410038558,27161.113750992983
2025-06-29 08:00:00,23197.763348824694,28454.057031879947,27264.000976495827
2025-06-29 12:00:00,23252.91978738233,28730.43649809535,27508.60621067044
2025-06-29 16:00:00,23163.00334015557,28539.97971666296,27341.746192233495
2025-06-29 20:00:00,23142.312613433754,28441.339233771272,27341.285922584662
2025-06-30 00:00:00,23235.384932085384,28677.704164474006,27699.607461081992
2025-06-30 04:00:00,23155.283318483638,28748.42752956616,27590.115875537434
2025-06-30 08:00:00,22940.188549044105,28479.802818295077,27345.70258765255
2025-06-30 12:00:00,22846.166003381484,28500.895751743614,27297.717905442718
2025-06-30 16:00:00,23199.965680665566,28360.68978235039,27926.425103063546
2025-06-30 20:00:00,23175.1349136351,28379.301194216747,27957.41252132051
2025-07-01 00:00:00,22926.30773867495,28203.1131618819,27573.495905676882
2025-07-01 04:00:00,22869.386153738757,28215.520769792805,27471.36419674527
2025-07-01 08:00:00,22598.386607914355,28226.067236517076,27096.29718593671
2025-07-01 12:00:00,22598.386607914355,28003.350674516336,26834.654097895138
2025-07-01 16:00:00,22598.386607914355,27927.97445645759,26680.483772529617
2025-07-01 20:00:00,22598.386607914355,27743.41128878288,26412.842510906696
2025-07-02 00:00:00,22598.386607914355,27781.254492911143,26522.46863914787
2025-07-02 04:00:00,22598.386607914355,27936.039401599675,26825.22333589234
2025-07-02 08:00:00,22598.386607914355,28230.720089483664,27003.119329274763
2025-07-02 12:00:00,22598.386607914355,28388.296709952152,27036.65739662605
2025-07-02 16:00:00,22598.386607914355,28630.86544461034,27395.897920574527
2025-07-02 20:00:00,22575.788221306437,28838.692877117992,27728.807477094975
2025-07-03 00:00:00,22425.55209377565,28621.559738677162,27565.722077859886
2025-07-03 04:00:00,22393.187148928875,28586.508246328856,27664.077284492058
2025-07-03 08:00:00,22542.82085325471,28742.533915808483,27955.007491957294
2025-07-03 12:00:00,22567.939971693228,28856.994098786578,27904.029096088056
2025-07-03 16:00:00,22498.723305777577,28808.91461813182,27484.743968874773
2025-07-03 20:00:00,22607.901565117663,29008.677105497387,27756.07489820954
2025-07-04 00:00:00,22578.71095497482,28904.76338924356,27736.292434071605
2025-07-04 04:00:00,22517.547229298027,28805.19233575855,27629.256110959286
2025-07-04 08:00:00,22350.44977205421,28659.40294280542,27378.69674143936
2025-07-04 12:00:00,22409.723725561613,28722.991933348807,27410.61476640609
2025-07-04 16:00:00,22161.611171742363,28351.384076417213,26867.506868139364
2025-07-04 20:00:00,22095.1749528079,28328.119811584264,26848.669846064266
2025-07-05 00:00:00,22095.1749528079,28470.497112361896,27020.566921564765
2025-07-05 04:00:00,22095.1749528079,28515.164500841154,27059.205056393304
2025-07-05 08:00:00,22095.1749528079,28485.696432052755,27058.796236532333
2025-07-05 12:00:00,22095.1749528079,28502.446702732475,27104.476076612184
2025-07-05 16:00:00,22095.1749528079,28500.275371348067,26989.20053410341
2025-07-05 20:00:00,22095.1749528079,28516.715451830016,26962.32875926556
2025-07-06 00:00:00,22095.1749528079,28531.294391125328,27051.53253687298
2025-07-06 04:00:00,22095.1749528079,28491.90023600821,26992.75225347362
2025-07-06 08:00:00,22095.1749528079,28484.145481063893,27060.966422559235
2025-07-06 12:00:00,22095.1749528079,28485.076051657208,27067.824312856887
2025-07-06 16:00:00,22095.1749528079,28705.93147247131,27533.86109767923
2025-07-06 20:00:00,22095.1749528079,28603.56870720635,27449.939121943396
2025-07-07 00:00:00,22095.1749528079,28762.07589826816,27590.86431616363
2025-07-07 04:00:00,22095.1749528079,28841.79477909572,27649.720130969974
2025-07-07 08:00:00,22084.127365331497,28803.95157496746,27712.939565609235
2025-07-07 12:00:00,22119.32884665214,28739.432013830756,27747.35656725505
2025-07-07 16:00:00,22030.18961169503,28639.860960345744,27497.27806499172
2025-07-07 20:00:00,21927.949748028364,28612.87441313953,27322.34354385139
2025-07-08 00:00:00,21927.949748028364,28611.013271952892,27274.1553481655
2025-07-08 04:00:00,21927.949748028364,28494.38175759039,27197.056998991015
2025-07-08 08:00:00,21927.949748028364,28624.97183085266,27345.091988112465
2025-07-08 12:00:00,21916.985773154353,28785.650353298875,27642.066607921377
2025-07-08 16:00:00,21897.035857539533,28699.41747831809,27488.701053650548
2025-07-08 20:00:00,22014.0753624798,28781.928070925605,27716.31666244181
2025-07-09 00:00:00,22027.042807629434,28831.558502569223,27734.507555471537
2025-07-09 04:00:00,21971.515542501522,28723.612313744354,27681.1670264141
2025-07-09 08:00:00,22052.918176441093,28811.08594951623,27902.130099231454
2025-07-09 12:00:00,22104.52829197255,28943.84735416291,28049.28684276579
2025-07-09 16:00:00,22166.97591759506,28897.939204892562,28068.251414998456
2025-07-09 20:00:00,22776.787796495377,29567.32965168587,28728.26683793967
2025-07-10 00:00:00,22726.07005878242,29401.688086075294,28643.63544035617
2025-07-10 04:00:00,22747.12671643123,29363.22450155149,28664.33940790024
2025-07-10 08:00:00,22832.05170672682,29409.132650821837,28756.7610888395
2025-07-10 12:00:00,22814.283943321927,29422.78101952383,28750.384581338185
2025-07-10 16:00:00,22811.60869458211,29581.908590981184,28728.992737877037
2025-07-10 20:00:00,23174.505289373392,30045.022556255703,29195.5231631326
2025-07-11 00:00:00,23895.534936392298,30646.79153993458,29993.80728153525
2025-07-11 04:00:00,24121.907333608167,30986.449806495595,30262.145510778784
2025-07-11 08:00:00,24013.780792631667,31062.446404949886,30071.150970517694
2025-07-11 12:00:00,24117.431596126058,31161.70726823712,30191.674333772622
2025-07-11 16:00:00,23899.95818856384,30945.50470038961,29931.662147340074
2025-07-11 20:00:00,24262.165964247153,31264.07003350209,30351.33935932393
2025-07-12 00:00:00,23925.092010480053,31025.22358121717,29972.774512165925
2025-07-12 04:00:00,23992.858956925716,31093.465424727146,30060.111913916404
2025-07-12 08:00:00,23955.74006825892,31059.34450297216,30012.75204927113
2025-07-12 12:00:00,23890.296641021734,31102.771130660327,29874.678184293498
2025-07-12 16:00:00,23492.301447657082,30847.48459789346,29364.7907214232
2025-07-12 20:00:00,23596.124328039852,30984.89885550673,29695.349310662583
2025-07-13 00:00:00,23615.58675330342,30984.278475111187,29712.36737646771
2025-07-13 04:00:00,23656.51081394046,31046.936895061255,29782.514140656534
2025-07-13 08:00:00,23716.776883079965,31143.095856370765,29992.084294455617
2025-07-13 12:00:00,23708.46441824046,31143.095856370765,29915.889028610327
2025-07-13 16:00:00,23801.647848144417,31239.254817680277,29961.619808849493
2025-07-13 20:00:00,23831.321432884564,31344.719484922967,30058.182612145574
2025-07-14 00:00:00,23858.9738881635,31543.241211497443,30038.296026878234
2025-07-14 04:00:00,24107.251670698788,31887.552331025046,30781.903337407966
2025-07-14 08:00:00,24133.756115987857,32234.96535253038,30809.412230124202
2025-07-14 12:00:00,24241.720393992036,32176.02921495358,30899.822582503464
2025-07-14 16:00:00,23943.346021475394,31806.902879604168,30504.264710228294
2025-07-14 20:00:00,23927.34354791392,31834.8199974037,30515.807084791046
2025-07-15 00:00:00,23880.120508669374,31828.61619344825,30361.346045994338
2025-07-15 04:00:00,23337.05617533968,31096.567326704873,29710.216595401536
2025-07-15 08:00:00,23337.05617533968,30969.3893456181,29743.632502050357
2025-07-15 12:00:00,23337.05617533968,31121.382542526684,29872.703566490476
2025-07-15 16:00:00,23325.38764725201,31065.548306927612,30078.04059414246
2025-07-15 20:00:00,23338.77256839414,31115.17873857123,30101.694897782225
2025-07-16 00:00:00,23585.94744548545,31453.286054143384,30700.161680596244
2025-07-16 04:00:00,23525.269136307797,31369.534700744778,30495.519202895353
2025-07-16 08:00:00,23640.379458130104,31549.445015452893,30749.8437774453
2025-07-16 12:00:00,23611.91080604177,31747.96674202737,31090.50375921883
2025-07-16 16:00:00,23895.806548867364,31760.374349938273,31344.300525921455
2025-07-16 20:00:00,24512.58991035628,31778.98576180463,32085.258964884055
2025-07-17 00:00:00,24469.486338308587,31626.99256489605,31989.917331778975
2025-07-17 04:00:00,24175.580680595343,31527.731701608813,31497.471794172354
2025-07-17 08:00:00,24744.747924780186,31661.113486651037,32214.53526873807
2025-07-17 12:00:00,24837.251606838934,31611.48305500742,32423.035667833698
2025-07-17 16:00:00,24672.125162187283,31800.699075648714,32223.320105717736
2025-07-17 20:00:00,24589.899723712075,31813.10668355962,32100.848563315638
2025-07-18 00:00:00,24859.69621852291,31831.718095425975,32431.3099377392
2025-07-18 04:00:00,25360.082240364445,32073.66644968862,33109.722793471105
2025-07-18 08:00:00,25328.13802910661,31816.208585537344,33055.46435777605
2025-07-18 12:00:00,25206.585040793587,31760.374349938273,32797.58655926431
2025-07-18 16:00:00,24913.1731757488,31397.451818544312,32464.626230285554
2025-07-18 20:00:00,24912.348720840222,31323.006171078883,32459.475953828573
2025-07-19 00:00:00,24906.54426334166,31465.693662054287,32517.356752615167
2025-07-19 04:00:00,25040.712044889195,31574.260231274704,32645.763674474063
2025-07-19 08:00:00,24962.523044329497,31533.935505564263,32558.1164124262
2025-07-19 12:00:00,24895.356391667436,31568.05642731925,32506.16579432028
2025-07-19 16:00:00,24921.339874769197,31487.40697589837,32539.15576751173
2025-07-19 20:00:00,24975.06238312884,31478.10126996519,32545.328983515054
2025-07-20 00:00:00,25015.561334980637,31450.184152165657,32556.70098684756
2025-07-20 04:00:00,25231.334383042777,31459.489858098837,32741.443512198384
2025-07-20 08:00:00,25250.120018375117,31478.10126996519,32756.789684774158
2025-07-20 12:00:00,25576.018563081972,31422.267034366123,33072.975108277
2025-07-20 16:00:00,25724.488548701625,31630.094466873776,33337.556071404455
2025-07-20 20:00:00,25629.7615354305,31471.89746600974,33237.012262836506
2025-07-21 00:00:00,25627.52672195917,31264.07003350209,33121.31758591094
2025-07-21 04:00:00,25893.841909899224,31586.667839185608,33768.20247998178
2025-07-21 08:00:00,26084.807441310244,31785.189565760083,34143.55841240651
2025-07-21 12:00:00,26172.760814109184,31381.94230865568,34132.092095314256
2025-07-21 16:00:00,26378.963132536865,31360.228994811598,34579.50105520364
2025-07-21 20:00:00,26108.410055985005,30988.000757484457,34170.97133945116
2025-07-22 00:00:00,26227.361182782115,31143.095856370765,34366.275011222955
2025-07-22 04:00:00,26352.46378775487,31115.17873857123,34740.05212623939
2025-07-22 08:00:00,26111.64431970154,31323.006171078883,34547.29021171258
2025-07-22 12:00:00,26188.932010455166,31586.667839185608,34828.631759426265
2025-07-22 16:00:00,26237.168299719844,31406.757524477493,34865.46996992371
2025-07-22 20:00:00,26101.229666337575,31487.40697589837,34544.45659740455
2025-07-23 00:00:00,26420.79508271606,31701.438212361478,35383.886161152244
2025-07-23 04:00:00,26228.398065308087,31357.12709283387,34849.19542136971
2025-07-23 08:00:00,26131.377347128,31267.17193547981,34541.66328975044
2025-07-23 12:00:00,26046.963840914814,31360.228994811598,34405.0059595925
2025-07-23 16:00:00,25809.619372146575,31329.209975034337,33860.37572674584
2025-07-23 20:00:00,25568.45108117481,31202.031993947563,33260.691630124726
2025-07-24 00:00:00,25568.45108117481,31301.2928572348,33461.96752280582
2025-07-24 04:00:00,25568.45108117481,31229.9491117471,33509.86452476566
2025-07-24 08:00:00,25568.45108117481,31236.15291570255,32918.71945880917
2025-07-24 12:00:00,25568.45108117481,31295.08905327935,33247.63078788973
2025-07-24 16:00:00,25568.45108117481,31416.06323041067,33590.98894263383
2025-07-24 20:00:00,25568.45108117481,31397.451818544312,33548.86528929847
2025-07-25 00:00:00,25568.45108117481,31220.64340581392,32958.16602848941
2025-07-25 04:00:00,25568.45108117481,30494.177962630452,32094.450505560868
2025-07-25 08:00:00,25568.45108117481,30448.890193755647,32091.699281683883
2025-07-25 12:00:00,25568.45108117481,30848.104978289008,32759.277254313587
2025-07-25 16:00:00,25568.45108117481,30615.152139761773,32260.33945916329
2025-07-25 20:00:00,25568.45108117481,30821.11843108279,32684.845441309524
2025-07-26 00:00:00,25568.45108117481,31059.34450297216,33313.61852345888
2025-07-26 04:00:00,25568.45108117481,31028.325483194898,33243.38131501521
2025-07-26 08:00:00,25568.45108117481,30990.172088868865,33293.29018494183
2025-07-26 12:00:00,25568.45108117481,31118.280640548957,33460.86396016207
2025-07-26 16:00:00,25568.45108117481,31205.13389592529,33484.41972432738
2025-07-26 20:00:00,25555.666855634227,31223.745307791647,33372.54653583306
2025-07-27 00:00:00,25536.98700116951,31143.095856370765,33190.11248636876
2025-07-27 04:00:00,25609.304723454337,31217.541503836193,33485.77335031744
2025-07-27 08:00:00,25595.695115201474,31195.82818999211,33463.70369179081
2025-07-27 12:00:00,25700.56915526766,31180.31868010348,33503.702696033186
2025-07-27 16:00:00,25711.510212882706,31313.700465145706,33497.07196365734
2025-07-27 20:00:00,25722.451270497757,31385.04421063341,33556.681417848515
2025-07-28 00:00:00,25797.544621312918,31509.120289742455,33780.65497093703
2025-07-28 04:00:00,26034.334195398216,31474.999367987468,34267.54370271847
2025-07-28 08:00:00,26154.360971848444,31564.954525341527,34370.51311570646
2025-07-28 12:00:00,26182.367593987256,31636.29827082923,34416.577526122375
2025-07-28 16:00:00,25841.823908869363,31577.36213325243,33910.73313825168
2025-07-28 20:00:00,25762.07038558611,31592.87164314106,33743.238126915756
2025-07-29 00:00:00,25632.92142447618,31577.36213325243,33515.98394226551
2025-07-29 04:00:00,25684.703557029712,31782.087663782357,33722.14586005075
2025-07-29 08:00:00,25933.237768582476,31903.061840913677,34104.78421300072
2025-07-29 12:00:00,25812.447235588967,31865.839017180966,33745.7215324671
2025-07-29 16:00:00,25583.00083190262,31574.260231274704,33381.86381026867
2025-07-29 20:00:00,25577.977991140557,31555.648819408347,33364.14650473305
2025-07-30 00:00:00,25607.277895585925,31664.215388628763,33475.33028229117
2025-07-30 04:00:00,25616.48643698304,31698.33631038375,33522.10089412205
2025-07-30 08:00:00,25617.32357711005,31701.438212361478,33428.42703537758
2025-07-30 12:00:00,25593.883653553756,31614.584956985145,33038.55211670949
2025-07-30 16:00:00,25670.90054523872,31899.959938935954,33499.994550226336
2025-07-30 20:00:00,25628.206398761187,31741.76293807192,33182.601123778506
2025-07-31 00:00:00,25689.317628032954,31968.20178244593,33476.38848250225
2025-07-31 04:00:00,25725.002819521862,32148.112097154048,33870.23429655793
2025-07-31 08:00:00,25701.37612835058,32126.398783309964,33899.345894136335
2025-07-31 12:00:00,25627.477014161916,32051.953135844535,33790.23365520834
2025-07-31 16:00:00,25531.399364878842,32095.379763532703,33445.1848329635
2025-07-31 20:00:00,25420.608054769637,31732.45723213874,33080.88804467475
2025-08-01 00:00:00,25420.608054769637,31443.980348210203,32619.176466652745
2025-08-01 04:00:00,25420.608054769637,31422.267034366123,32522.399224761466
2025-08-01 08:00:00,25420.608054769637,31254.764327568908,32208.41134824446
2025-08-01 12:00:00,25420.608054769637,31354.025190856148,32239.28604556347
2025-08-01 16:00:00,25420.608054769637,30971.870867200283,31739.648080742754
2025-08-01 20:00:00,25420.608054769637,30381.57892083899,31169.732478687307
2025-08-02 00:00:00,25420.608054769637,30349.939520666183,30753.242781065794
2025-08-02 04:00:00,25420.608054769637,30519.303368650035,31013.98604212253
2025-08-02 08:00:00,25420.608054769637,30562.7299963382,31040.721499960047
2025-08-02 12:00:00,25420.608054769637,30510.928233310173,31008.329875676827
2025-08-02 16:00:00,25420.608054769637,30250.368467181175,30552.109723762682
2025-08-02 20:00:00,25420.608054769637,30076.041576032963,29998.18704262239
2025-08-03 00:00:00,25420.608054769637,30159.482739233797,30132.696146434893
2025-08-03 04:00:00,25420.608054769637,30436.482585844744,30534.477808411342
2025-08-03 08:00:00,25420.608054769637,30492.316821443816,30635.69429195353
2025-08-03 12:00:00,25420.608054769637,30565.831898315926,30735.893544354032
2025-08-03 16:00:00,25420.608054769637,30578.5496964246,30774.789370334896
2025-08-03 20:00:00,25420.608054769637,30671.296565558616,30784.976746105334
2025-08-04 00:00:00,25420.608054769637,30603.675102444184,30778.465917885464
2025-08-04 04:00:00,25420.608054769637,30711.93148146683,31030.215629932627
2025-08-04 08:00:00,25420.608054769637,30770.24723864808,31047.441958549643
2025-08-04 12:00:00,25420.608054769637,30710.69072067574,30952.545184217106
2025-08-04 16:00:00,25420.608054769637,30808.090442776338,31420.521117560405
2025-08-04 20:00:00,25420.608054769637,30778.001993592396,31427.556760434865
2025-08-05 00:00:00,25395.187446714866,30823.289762467197,31874.647105451004
2025-08-05 04:00:00,25191.326838102985,30674.708657734114,31614.603192047063
2025-08-05 08:00:00,25035.74217805265,30620.425373123908,31403.19147561678
2025-08-05 12:00:00,25410.425535537815,30873.54057450636,32047.293010794765
2025-08-05 16:00:00,24564.400218236668,30266.49835746535,30929.056932657608
2025-08-05 20:00:00,24576.794211728036,30475.25636056632,30914.634963341286
2025-08-06 00:00:00,24661.969954232525,30587.85540235778,31110.44629414363
2025-08-06 04:00:00,24597.09926489474,30401.74128369421,30811.99134342242
2025-08-06 08:00:00,24723.67621970018,30601.81396125755,31187.06902277647
2025-08-06 12:00:00,24661.706252243348,30545.97972565848,31096.32971687886
2025-08-06 16:00:00,24733.96059727812,30751.946016979495,31616.91686734151
2025-08-06 20:00:00,24769.296663827972,30682.46341267843,31579.93688189674
2025-08-07 00:00:00,24763.495220066055,30597.471298488734,31465.725540471547
2025-08-07 04:00:00,24705.480782446895,30472.77483898414,31259.581126593617
2025-08-07 08:00:00,24792.502438875636,30485.182446895044,31601.455807914557
2025-08-07 12:00:00,25079.320103387072,31043.83499308353,32309.55406856739
2025-08-07 16:00:00,25013.22145726298,31112.076836593504,32121.52537686237
2025-08-07 20:00:00,25173.437088930183,31282.681445368446,32327.959047518736
2025-08-08 00:00:00,25380.972512405446,31214.439601858467,32654.19429380091
2025-08-08 04:00:00,25393.57525151259,31065.548306927612,32602.188441773607
2025-08-08 08:00:00,25463.59995511046,31081.057816816243,32815.20084947774
2025-08-08 12:00:00,25540.695270331064,31158.6053662594,32930.81303879598
2025-08-08 16:00:00,25414.22534061188,30913.555110019028,32627.062823669847
2025-08-08 20:00:00,25857.42386746702,31017.468826272856,33150.962458988295
2025-08-09 00:00:00,25670.736151807912,31062.446404949886,32928.88673397637
2025-08-09 04:00:00,25754.728241851422,30990.792469264412,32977.850269984716
2025-08-09 08:00:00,26190.19428683696,31053.14069901671,33484.25946325611
2025-08-09 12:00:00,26243.943902053146,31121.382542526684,33523.62051181683
2025-08-09 16:00:00,26189.145648690108,31000.718555593136,33403.454296879194
2025-08-09 20:00:00,26387.753190248844,30929.064619907662,33652.737609698415
2025-08-10 00:00:00,26290.023094864275,30907.66149626135,33446.02644209433
2025-08-10 04:00:00,26575.408710891155,31403.655622499766,34007.78227076706
2025-08-10 08:00:00,26094.79659445434,31192.726288014386,33277.593293606216
2025-08-10 12:00:00,26163.200619229494,31313.700465145706,33408.36020701667
2025-08-10 16:00:00,26362.47198056168,31447.08225018793,33660.40599369277
2025-08-10 20:00:00,26518.776024052277,31453.286054143384,33860.46453535648
2025-08-11 00:00:00,26634.58892493513,31713.84582027238,34000.98023260845
2025-08-11 04:00:00,26967.64244239371,32247.372960441284,34422.348635287126
2025-08-11 08:00:00,26843.50843320798,32281.49388219627,34236.65536753075
2025-08-11 12:00:00,26452.833456391774,32117.093077376783,33750.858467913524
2025-08-11 16:00:00,26805.959137564925,32120.19497935451,34121.04048558647
2025-08-11 20:00:00,26564.99319261901,31813.10668355962,33576.36928389268
2025-08-12 00:00:00,26448.07931281707,31689.030604450574,33290.44481435929
2025-08-12 04:00:00,26595.305932755058,31726.253428183285,33448.394196317946
2025-08-12 08:00:00,26673.97003550676,31763.476251916,33540.424651065245
2025-08-12 12:00:00,26599.799352600676,31670.419192584217,33435.67399957194
2025-08-12 16:00:00,27010.874052625586,31865.839017180966,34242.22547153721
2025-08-12 20:00:00,27068.561326663796,31778.98576180463,35141.79469379054
2025-08-13 00:00:00,27287.44981556674,31875.144723114143,35347.04438378687
2025-08-13 04:00:00,27614.661334428027,31682.82680049512,35915.20807283411
2025-08-13 08:00:00,27570.75951597596,31661.113486651037,35927.63867085666
2025-08-13 12:00:00,27876.192626919303,31906.163742891404,36310.59633504161
2025-08-13 16:00:00,27700.9794653723,31999.22080222319,35992.02173548712
2025-08-13 20:00:00,28212.296626925803,32486.219412726197,36707.557688519184
2025-08-14 00:00:00,28139.415601442328,32504.830824592555,36568.979396339026
2025-08-14 04:00:00,28544.258753560403,32604.091687879794,37305.025906096074
2025-08-14 08:00:00,28381.62695668082,32303.207196040355,37060.03976554719
2025-08-14 12:00:00,28153.065648225376,32110.889273421333,36741.63639340909
2025-08-14 16:00:00,27623.894554933468,31499.814583809275,35669.50620286492
2025-08-14 20:00:00,27338.873230310564,31425.368936343846,35321.746386534054
2025-08-15 00:00:00,27346.501169089162,31518.425995675632,35334.431846031664
2025-08-15 04:00:00,27649.148875124156,31682.82680049512,35751.36955675896
2025-08-15 08:00:00,27708.173654789483,31608.38115302969,35864.99386340736
2025-08-15 12:00:00,27570.751708708034,31614.584956985145,35590.02644972329
2025-08-15 16:00:00,26661.22584143546,31102.771130660327,34259.269307022216
2025-08-15 20:00:00,26661.22584143546,31031.427385172625,34017.56358348906
2025-08-16 00:00:00,26661.22584143546,31143.095856370765,34320.819984809525
2025-08-16 04:00:00,26661.22584143546,31167.911072192575,34466.01829440209
2025-08-16 08:00:00,26661.22584143546,31217.541503836193,34693.491475432806
2025-08-16 12:00:00,26661.22584143546,31171.012974170302,34279.10931288083
2025-08-16 16:00:00,26661.22584143546,31242.356719658004,34607.01685474791
2025-08-16 20:00:00,26661.22584143546,31254.764327568908,34640.770247957385
2025-08-17 00:00:00,26661.22584143546,31164.80917021485,34694.09214526131
2025-08-17 04:00:00,26661.22584143546,31186.522484058933,35096.61353991084
2025-08-17 08:00:00,26661.22584143546,31323.006171078883,35022.65776755502
2025-08-17 12:00:00,26661.22584143546,31412.961328432943,35336.21386365539
2025-08-17 16:00:00,26661.22584143546,31394.349916566585,35517.30338344572
2025-08-17 20:00:00,26661.22584143546,31161.70726823712,34859.12650276198
2025-08-18 00:00:00,26661.22584143546,31130.68824845986,34837.6775783983
2025-08-18 04:00:00,26661.22584143546,30604.915863235274,33682.37341555362
2025-08-18 08:00:00,26661.22584143546,30615.152139761773,33436.39096653636
2025-08-18 12:00:00,26661.22584143546,30562.109615942652,33527.00667323937
2025-08-18 16:00:00,26661.22584143546,30910.763398239076,33934.11159718021
2025-08-18 20:00:00,26661.22584143546,30955.740976916106,33949.441999201095
2025-08-19 00:00:00,26661.22584143546,30921.93024535889,33857.105761646824
2025-08-19 04:00:00,26661.22584143546,30571.415321875833,33223.48182946441
2025-08-19 08:00:00,26661.22584143546,30550.94276882284,33331.95496670392
2025-08-19 12:00:00,26661.22584143546,30680.29208129402,33703.932488827995
2025-08-19 16:00:00,26661.22584143546,30278.59577517848,33002.07026960213
2025-08-19 20:00:00,26661.22584143546,30122.570105698855,32786.34353966176
2025-08-20 00:00:00,26661.22584143546,30081.62499959287,32655.32948892191
2025-08-20 04:00:00,26661.22584143546,30277.35501438739,33239.551442040654
2025-08-20 08:00:00,26661.22584143546,30231.446865117043,33258.71685328396
2025-08-20 12:00:00,26661.22584143546,30285.109769331706,33274.84187448762
2025-08-20 16:00:00,26661.22584143546,30195.774992373194,33590.8369526145
2025-08-20 20:00:00,26661.22584143546,30417.560983780615,34202.840899401745
2025-08-21 00:00:00,26661.22584143546,30431.519542680384,34224.38245081298
2025-08-21 04:00:00,26661.22584143546,30349.31914027064,34219.15799823994
2025-08-21 08:00:00,26661.22584143546,30312.406506735697,34047.03296227674
2025-08-21 12:00:00,26661.22584143546,30139.63056657635,33697.056870901826
2025-08-21 16:00:00,26661.22584143546,30139.010186180803,33486.53060801528
2025-08-21 20:00:00,26661.22584143546,29976.16033235018,33261.32324990898
2025-08-22 00:00:00,26661.22584143546,30045.332746453474,33285.93906586159
2025-08-22 04:00:00,26661.22584143546,30213.14564344846,33607.7060068313
2025-08-22 08:00:00,26647.89522851474,30245.09523381904,33888.07012085573
2025-08-22 12:00:00,26530.740707374516,30025.7907639938,33298.11062948551
2025-08-22 16:00:00,27117.77190175809,30821.738811478335,35144.618081134264
2025-08-22 20:00:00,27789.99729176935,30845.313266509052,35938.627084636275
2025-08-23 00:00:00,27753.70166464106,30782.03446616344,35951.108994096845
2025-08-23 04:00:00,27259.069645943924,30424.695358329383,35403.558892045825
2025-08-23 08:00:00,27616.14230767697,30474.635980170777,36097.250309460105
2025-08-23 12:00:00,27436.184407796412,30373.824165894675,35781.35016640232
2025-08-23 16:00:00,27543.741829348735,30228.965343534863,35836.88710299927
2025-08-23 20:00:00,27633.78523225768,30302.480420406973,36027.757223569
2025-08-24 00:00:00,27672.17857522591,30374.134356092447,36074.80247880333
2025-08-24 04:00:00,27930.11742358902,30300.92946941811,36549.90381516362
2025-08-24 08:00:00,27749.20552362503,30256.262080938854,36248.8622377186
2025-08-24 12:00:00,27662.248768396646,30246.956375005677,36075.26320927031
2025-08-24 16:00:00,27813.024202093424,30149.246462707302,36216.14131841653
2025-08-24 20:00:00,27832.509911873014,29741.34635263631,36065.293904775244
2025-08-25 00:00:00,27879.047088444786,30041.610464080204,36309.828734717914
2025-08-25 04:00:00,27929.54099520359,29930.252183079832,36521.75785380644
2025-08-25 08:00:00,27229.421525000478,29563.607369312598,35321.53466275621
2025-08-25 12:00:00,27143.896284543865,29473.342021760767,35082.49922891219
2025-08-25 16:00:00,27177.96789205585,29821.685613859416,35194.18495796775
2025-08-25 20:00:00,26614.155445929304,29579.427069399004,34481.314918071104
2025-08-26 00:00:00,26614.155445929304,29413.785503788426,33961.799374759714
2025-08-26 04:00:00,26614.155445929304,29330.34434058759,33927.005861658734
2025-08-26 08:00:00,26614.155445929304,29451.31851771891,34204.17701801571
2025-08-26 12:00:00,26614.155445929304,29253.417171539983,33966.40495110174
2025-08-26 16:00:00,26614.155445929304,29191.379131985457,34358.139013598324
2025-08-26 20:00:00,26614.155445929304,29621.92312649385,35253.010531584354
2025-08-27 00:00:00,26614.155445929304,29796.560207839833,35183.48408276798
2025-08-27 04:00:00,26614.155445929304,29731.730456505356,35788.23591963312
2025-08-27 08:00:00,26614.155445929304,29608.274757791856,35799.53113805657
2025-08-27 12:00:00,26614.155445929304,29804.004772586377,36201.00119433857
2025-08-27 16:00:00,26600.848368206338,29939.557889013013,36621.604268958254
2025-08-27 20:00:00,26482.457997005586,29884.65422400726,36190.484530314556
2025-08-28 00:00:00,26334.963326217978,29630.91864222926,35683.05737955675
2025-08-28 04:00:00,26548.559287592674,29840.297025725773,36290.61713767327
2025-08-28 08:00:00,26747.78807820942,30139.940756774122,36953.34487190958
2025-08-28 12:00:00,26700.880573870323,30034.786279729204,36867.47526825573
2025-08-28 16:00:00,26592.187943373465,29957.548920483823,36521.11147867622
2025-08-28 20:00:00,26451.540450225868,29705.67447989246,36188.55145489901
2025-08-29 00:00:00,26686.733414796196,29893.649739742665,36760.705672833144
2025-08-29 04:00:00,26786.797521983273,29718.392278001134,37032.108576014536
2025-08-29 08:00:00,26258.07402238378,29234.18537927808,35866.42965502842
2025-08-29 12:00:00,26215.650806036843,29293.121516854877,35748.859410479185
2025-08-29 16:00:00,26064.703082755885,28767.969512025837,35173.0818323203
2025-08-29 20:00:00,26005.458567834172,28714.306607811173,35082.26849436288
2025-08-30 00:00:00,26005.458567834172,28774.793696376833,35321.89355274454
2025-08-30 04:00:00,26005.458567834172,28809.84518872514,35382.275738892204
2025-08-30 08:00:00,26005.458567834172,28828.76679078927,35374.533426797076
2025-08-30 12:00:00,26005.458567834172,28871.57303808189,35165.07041205873
2025-08-30 16:00:00,26005.458567834172,28924.61556190101,35008.07927469072
2025-08-30 20:00:00,26005.458567834172,28920.893279527736,35005.803047448804
2025-08-31 00:00:00,26005.458567834172,28915.930236363376,35177.127011968514
2025-08-31 04:00:00,26005.458567834172,29010.228056486252,35616.50054791653
2025-08-31 08:00:00,26005.458567834172,28867.85075570862,35314.00020848524
2025-08-31 12:00:00,26005.458567834172,28785.650353298875,35342.631076729835
2025-08-31 16:00:00,26005.458567834172,28892.665971530427,35470.30090930424
2025-08-31 20:00:00,26005.458567834172,28919.342328538874,35438.1536465057
2025-09-01 00:00:00,26005.458567834172,28719.89003137108,34850.74931911587
2025-09-01 04:00:00,26005.458567834172,28525.090587169878,34581.09114662868
2025-09-01 08:00:00,26005.458567834172,28956.254962073814,35216.94993679824
2025-09-01 12:00:00,26005.458567834172,28794.64586903428,34737.658786164684
2025-09-01 16:00:00,26005.458567834172,28847.6883928534,34652.61997282156
2025-09-01 20:00:00,26005.458567834172,28932.990697240868,34834.641520729536
2025-09-02 00:00:00,26005.458567834172,28919.0321383411,34495.75152878002
2025-09-02 04:00:00,25992.455838550257,29264.273828462025,35142.1841050322
2025-09-02 08:00:00,26020.57193379759,29359.192028980444,35309.18830166637
2025-09-02 12:00:00,25983.451337457973,29233.875189080307,35220.167673078395
2025-09-02 16:00:00,26066.51326590107,29514.28712786675,35085.510740227866
2025-09-02 20:00:00,26056.143274231494,29523.28264360216,35570.85887104339
2025-09-03 00:00:00,26272.88634123872,29655.113477655523,36096.2609401228
2025-09-03 04:00:00,26277.893793755633,29613.858181351763,36136.239706213746
2025-09-03 08:00:00,26253.466349289134,29614.47856174731,36043.81903884266
2025-09-03 12:00:00,26311.706492037905,29681.479644466195,36233.05225540997
2025-09-03 16:00:00,26370.058411623817,29826.95884722155,36448.32621766434
2025-09-03 20:00:00,26339.97070267785,29857.047296405497,36403.58455784067
2025-09-04 00:00:00,26266.68698408571,29725.21646235213,36364.43117796349
2025-09-04 04:00:00,26028.009397265283,29596.487530276496,36013.607944715586
2025-09-04 08:00:00,25846.06978388383,29415.956835172834,35764.65004012126
2025-09-04 12:00:00,25908.582562127645,29532.278159337566,35921.33507156468
2025-09-04 16:00:00,25636.623492656647,29159.739731812653,35312.1376651277
2025-09-04 20:00:00,25553.91309212308,29241.940134222394,35141.00419002271
2025-09-05 00:00:00,25553.91309212308,29468.68916879418,35257.5829052176
2025-09-05 04:00:00,25553.91309212308,29589.6633459255,35409.61249328429
2025-09-05 08:00:00,25541.136135577017,30011.522014896258,36093.74890413749
2025-09-05 12:00:00,25488.664757886618,29826.64865702378,35883.09769858778
2025-09-05 16:00:00,25306.305679037858,29227.98157532263,35052.57461962965
2025-09-05 20:00:00,25306.305679037858,29558.02394575269,35481.901493674595
2025-09-06 00:00:00,25306.305679037858,29314.214450303414,35182.29779143672
2025-09-06 04:00:00,25306.305679037858,29420.919878337194,35296.61166619855
2025-09-06 08:00:00,25306.305679037858,29353.91879561831,35167.469106463526
2025-09-06 12:00:00,25306.305679037858,29345.23347008068,35100.77482668029
2025-09-06 16:00:00,25306.305679037858,29238.528042046895,34904.42072153752
2025-09-06 20:00:00,25306.305679037858,29157.568400428245,34721.88413282539
2025-09-07 00:00:00,25306.305679037858,29194.170843765412,34807.22989862706
2025-09-07 04:00:00,25306.305679037858,29300.56608160142,35118.55439306714
2025-09-07 08:00:00,25306.305679037858,29328.79338959873,35138.66506642285
2025-09-07 12:00:00,25306.305679037858,29470.550309980816,35299.655492737766
2025-09-07 16:00:00,25306.305679037858,29475.513353145176,35385.544776308874
2025-09-07 20:00:00,25306.305679037858,29457.832511872137,35170.93200087555
2025-09-08 00:00:00,25306.305679037858,29437.04976862137,35516.828211043256
2025-09-08 04:00:00,25306.305679037858,29418.128166557242,35643.9467657909
2025-09-08 08:00:00,25306.305679037858,29424.95235090824,35589.91984789664
2025-09-08 12:00:00,25293.65252619834,29633.40016381144,36309.82839075505
2025-09-08 16:00:00,25309.814132992848,29742.276923229627,36454.52552971171
2025-09-08 20:00:00,25342.599106775997,29566.08889089478,36364.22378399674
2025-09-09 00:00:00,25265.94691455061,29538.79215349079,36182.909667138796
2025-09-09 04:00:00,25276.56739901557,29453.17965890555,36180.9672198188
2025-09-09 08:00:00,25458.232956523447,29835.954362956956,36865.64767011462
2025-09-09 12:00:00,25353.81049429821,29707.535621079092,36642.84049790117
2025-09-09 16:00:00,25084.746788206707,29341.511187707405,36074.051437240734
2025-09-09 20:00:00,25226.507167804266,29499.397998373668,36493.614050450924
2025-09-10 00:00:00,25270.374386246513,29563.917559510373,36645.90369219083
2025-09-10 04:00:00,25336.867854201068,29557.093375159373,36813.44862398443
2025-09-10 08:00:00,25451.119981632706,29826.028276628233,37232.64071718203
2025-09-10 12:00:00,25346.85109261975,29763.059666480392,36999.77079400558
2025-09-10 16:00:00,25558.959699205705,30152.348364685025,37504.405963715835
2025-09-10 20:00:00,25307.228402095992,30100.856791854774,37195.99453725187
2025-09-11 00:00:00,25449.99278475953,30200.11765514201,37546.32245186277
2025-09-11 04:00:00,25487.053352221938,30338.462483348598,37693.88775738581
2025-09-11 08:00:00,25501.90943409604,30265.56778687203,37638.699279553395
2025-09-11 12:00:00,25576.333855957084,30275.493873200758,37835.85071381151
2025-09-11 16:00:00,25531.996295232653,30209.423361075187,37853.769895348436
2025-09-11 20:00:00,25540.694510580113,30247.57675540122,37841.313950382304
2025-09-12 00:00:00,25781.597373174453,30540.396302098572,38202.94691286025
2025-09-12 04:00:00,26107.489707027635,30477.737882148504,38870.41111903543
2025-09-12 08:00:00,26194.941931007335,30418.801744571705,39061.78622985921
2025-09-12 12:00:00,26284.508754808423,30425.625928922702,39276.09936280173
2025-09-12 16:00:00,26357.76530819267,30492.316821443816,39358.31197929983
2025-09-12 20:00:00,26716.718832008606,30849.966119475645,39762.94685296716
2025-09-13 00:00:00,26790.60775825497,30667.26409298757,39860.02943919342
2025-09-13 04:00:00,26900.371663056474,30619.49480253059,40019.068231256446
2025-09-13 08:00:00,26771.039125832853,30583.512739588965,39844.71011246389
2025-09-13 12:00:00,26775.8801598892,30634.0737418259,39818.328835121356
2025-09-13 16:00:00,26496.89119558358,30530.78040596762,39401.98185859979
2025-09-13 20:00:00,26458.504079954313,30541.32687269189,39348.80986014718
2025-09-14 00:00:00,26644.055598426854,30570.794941480286,39711.07049964515
2025-09-14 04:00:00,26786.717204298075,30486.423207686137,40099.07708668129
2025-09-14 08:00:00,26746.93215865667,30525.507172605485,40060.3842465921
2025-09-14 12:00:00,26714.669259285656,30540.396302098572,40028.79793937083
2025-09-14 16:00:00,26495.985394322157,30370.72226391695,39639.809079325656
2025-09-14 20:00:00,26448.424094326885,30474.635980170777,39602.73917785974
2025-09-15 00:00:00,26384.239427342975,30498.210435201494,39462.85570511158
2025-09-15 04:00:00,26489.058991410224,30527.05812359435,39772.3279688195
2025-09-15 08:00:00,26302.969633176297,30624.45784569495,39291.727267215145
2025-09-15 12:00:00,26203.625390610927,30347.768189281775,38888.90091025538
2025-09-15 16:00:00,26203.625390610927,30273.32254181635,38475.933021586294
2025-09-15 20:00:00,26203.625390610927,30406.3941366608,38508.21273447749
2025-09-16 00:00:00,26203.625390610927,30426.24630931825,38711.94071183508
2025-09-16 04:00:00,26203.625390610927,30393.36614835435,38733.78553336019
2025-09-16 08:00:00,26203.625390610927,30474.01559977523,38781.32798397338
2025-09-16 12:00:00,26203.625390610927,30279.5263457718,38620.12200917291
2025-09-16 16:00:00,26203.625390610927,30370.101883521405,38746.880225802866
2025-09-16 20:00:00,26203.625390610927,30555.285431591656,38810.05036454032
2025-09-17 00:00:00,26203.625390610927,30532.02116675871,38710.04713023103
2025-09-17 04:00:00,26203.625390610927,30466.571035028686,38455.104910178976
2025-09-17 08:00:00,26190.52357791562,30708.829579489102,38975.82118829047
2025-09-17 12:00:00,26110.645487361682,30473.70540957746,38490.10633780857
2025-09-17 16:00:00,26110.645487361682,30348.38856967732,38393.677255191484
2025-09-17 20:00:00,26110.645487361682,30349.008950072865,38975.76512008454
2025-09-18 00:00:00,26110.645487361682,30554.975241393884,39698.13531831921
2025-09-18 04:00:00,26084.53484187432,30891.841796174947,40060.409678889584
2025-09-18 08:00:00,25945.637721539533,30706.348057906922,39700.25942822769
2025-09-18 12:00:00,25996.596010506044,30717.204714828964,39839.22384371884
2025-09-18 16:00:00,26186.893867646777,30978.69505155128,40297.60672808043
2025-09-18 20:00:00,26166.828609280077,30916.346821798983,40251.08883039905
2025-09-19 00:00:00,26109.485094105683,30819.257289896155,40136.66015371289
2025-09-19 04:00:00,26021.060686793986,30809.951583962975,39850.454403303025
2025-09-19 08:00:00,25993.73414796913,30822.35919187388,39765.526572061295
2025-09-19 12:00:00,25903.543311886526,30780.173324976804,39522.65356836292
2025-09-19 16:00:00,25695.623278790496,30603.05472204864,39046.49689234087
2025-09-19 20:00:00,25695.623278790496,30415.389652396207,38815.39064355666
2025-09-20 00:00:00,25695.623278790496,30567.693039502563,39147.99899825564
2025-09-20 04:00:00,25695.623278790496,30519.613558847806,39093.81855914887
2025-09-20 08:00:00,25695.623278790496,30662.611240020982,39332.88539662443
2025-09-20 12:00:00,25695.623278790496,30651.44439290117,39166.659407200255
2025-09-20 16:00:00,25695.623278790496,30672.227136151934,39385.16974714047
2025-09-20 20:00:00,25695.623278790496,30593.43882591769,39193.49170727626
2025-09-21 00:00:00,25695.623278790496,30590.95730433551,39276.01687627075
2025-09-21 04:00:00,25695.623278790496,30563.350376733746,39467.700900145464
2025-09-21 08:00:00,25695.623278790496,30618.2540417395,39316.655659513686
2025-09-21 12:00:00,25695.623278790496,30559.628094360472,39146.46306234802
2025-09-21 16:00:00,25695.623278790496,30534.50268834089,39107.22295033887
2025-09-21 20:00:00,25695.623278790496,30530.160025572073,39117.3779688931
2025-09-22 00:00:00,25695.623278790496,30474.635980170777,38869.40928059194
2025-09-22 04:00:00,25695.623278790496,30342.494955919643,38334.54648544671
2025-09-22 08:00:00,25695.623278790496,29737.62407026304,36900.10497356203
2025-09-22 12:00:00,25695.623278790496,29769.263470435846,36792.19546636524
2025-09-22 16:00:00,25695.623278790496,29754.37434094276,36698.46377780509
2025-09-22 20:00:00,25695.623278790496,29511.4954160868,36164.21919801375
2025-09-23 00:00:00,25695.623278790496,29649.530054095616,36611.20302852504
2025-09-23 04:00:00,25695.623278790496,29556.7831849616,36245.61474462421
2025-09-23 08:00:00,25695.623278790496,29783.22202933561,36553.85500912192
2025-09-23 12:00:00,25695.623278790496,29739.1750212519,36549.71794038849
2025-09-23 16:00:00,25695.623278790496,29706.91524068355,36509.48162062347
2025-09-23 20:00:00,25695.623278790496,29324.140536632138,35823.149467088624
2025-09-24 00:00:00,25695.623278790496,29415.026264579516,35776.389547447994
2025-09-24 04:00:00,25695.623278790496,29390.52123895548,35318.54370582193
2025-09-24 08:00:00,25695.623278790496,29645.49758152457,35674.0654314085
2025-09-24 12:00:00,25695.623278790496,29852.70463363668,35987.0934208205
2025-09-24 16:00:00,25695.623278790496,29966.854626417004,36157.39838558376
2025-09-24 20:00:00,25695.623278790496,29997.873646194264,36125.88160124264
2025-09-25 00:00:00,25695.623278790496,29945.14131257292,35917.06037383127
2025-09-25 04:00:00,25695.623278790496,29718.082087803363,35276.18504100473
2025-09-25 08:00:00,25695.623278790496,29574.15383603687,34923.22962714506
2025-09-25 12:00:00,25695.623278790496,29425.882921501558,34562.52261858552
2025-09-25 16:00:00,25695.623278790496,29663.798803193156,34760.62176219899
2025-09-25 20:00:00,25695.623278790496,29104.215686411353,34194.39302160063
2025-09-26 00:00:00,25695.623278790496,29009.607676090705,33588.78693626769
2025-09-26 04:00:00,25695.623278790496,29127.790141442074,34077.96006909927
2025-09-26 08:00:00,25695.623278790496,29079.400470589542,34029.594432354075
2025-09-26 12:00:00,25695.623278790496,29025.737566374883,33681.959690048665
2025-09-26 16:00:00,25695.623278790496,28953.773440491634,33926.33353798954
2025-09-26 20:00:00,25695.623278790496,28956.87534246936,34457.38556665451
2025-09-27 00:00:00,25695.623278790496,29099.562833444765,34960.76558308292
2025-09-27 04:00:00,25695.623278790496,29065.131721492,34799.85668487944
2025-09-27 08:00:00,25695.623278790496,29042.487837054603,34614.22671540951
2025-09-27 12:00:00,25695.623278790496,29029.770038945924,34575.920142243034
2025-09-27 16:00:00,25695.623278790496,29045.279548834555,34788.00113391373
2025-09-27 20:00:00,25695.623278790496,29050.862972394465,34639.86643040436
2025-09-28 00:00:00,25695.623278790496,29105.14625700467,34798.18140373866
2025-09-28 04:00:00,25695.623278790496,29106.697207993533,34752.79982699165
2025-09-28 08:00:00,25695.623278790496,29069.164194063047,34644.26743143867
2025-09-28 12:00:00,25695.623278790496,29033.182131121423,34371.13899706558
2025-09-28 16:00:00,25695.623278790496,29196.652365347592,34810.55414852302
2025-09-28 20:00:00,25669.927655511707,29278.232387361793,35134.05705324178
2025-09-29 00:00:00,26057.86089576001,29752.513199756122,35863.039162616034
2025-09-29 04:00:00,25917.86699769729,29614.47856174731,35684.99987754767
2025-09-29 08:00:00,25834.815190206093,29610.756279374036,35537.27329217325
2025-09-29 12:00:00,25757.70408097873,29671.243367939696,35362.858839580746
2025-09-29 16:00:00,26145.00220962365,30122.88029589663,35892.44813993787
2025-09-29 20:00:00,26346.277201886518,30237.960859270268,36235.54917775425
2025-09-30 00:00:00,26390.301247566553,30246.02580441236,36247.621211228594
2025-09-30 04:00:00,26291.68287079125,30276.1142535963,36053.278752621445
2025-09-30 08:00:00,26088.442827730087,30053.39769159556,35741.87053653118
2025-09-30 12:00:00,25923.036050248927,29876.279088667397,35481.112614160615
2025-09-30 16:00:00,25794.45199655307,29908.849059433524,35348.2984484107
2025-09-30 20:00:00,25968.212798386507,30231.446865117043,35778.57909922747
2025-10-01 00:00:00,25913.72095722051,30151.41779409171,35713.72580267384
2025-10-01 04:00:00,25883.981616080993,30184.91833545115,35503.399566996915
2025-10-01 08:00:00,25933.013980951902,30247.88694559899,35854.5683032142
2025-10-01 12:00:00,26435.94423146471,30881.295329450677,37045.18543348826
2025-10-01 16:00:00,26673.76745976846,31081.057816816243,37416.031114523925
2025-10-01 20:00:00,26649.36584686448,31056.242600994432,37367.444603580036
2025-10-02 00:00:00,26842.578195767186,31354.33538105392,37679.470732202404
2025-10-02 04:00:00,26975.15007005892,31385.66459102895,37889.219689014615
2025-10-02 08:00:00,26887.195262447043,31288.264868928352,37734.78454849304
2025-10-02 12:00:00,27016.757096543035,31367.67355955814,38000.91181721509
2025-10-02 16:00:00,27418.023435740757,31810.314971779666,38529.27271545517
2025-10-02 20:00:00,27748.924258321633,31978.748249170196,39098.68697087007
2025-10-03 00:00:00,27787.867217607658,31894.68670557382,39274.05320695942
2025-10-03 04:00:00,27697.651734954685,31812.796493361846,39020.07926429705
2025-10-03 08:00:00,27449.492381866097,31641.57150419136,38629.367896151
2025-10-03 12:00:00,27597.64730184046,31831.718095425975,38857.91052122177
2025-10-03 16:00:00,27985.177761088486,32284.90597437177,39437.69084965062
2025-10-03 20:00:00,27889.75828983846,32385.71778864787,39241.40116515635
2025-10-04 00:00:00,27840.201692944087,32266.294562505413,39190.98349610356
2025-10-04 04:00:00,27648.939611381313,32280.25312140518,38811.71081620677
2025-10-04 08:00:00,27668.64011894179,32285.526354767317,38817.53078756624
2025-10-04 12:00:00,27594.729605902674,32171.066171789218,38747.31460949592
2025-10-04 16:00:00,27322.014109054584,32091.9676713572,38230.95960053633
2025-10-04 20:00:00,27415.72614185886,32121.745930343375,38449.24744352988
2025-10-05 00:00:00,27506.577210893578,32256.67866637446,38644.88569896073
2025-10-05 04:00:00,27666.088737503007,32552.91030524731,39039.5346295521
2025-10-05 08:00:00,27836.95705423187,32698.38950800267,39647.86408655741
2025-10-05 12:00:00,27641.603130060907,32404.32920051423,39121.19839641671
2025-10-05 16:00:00,27576.010423512027,32261.951899736596,38819.755362501455
2025-10-05 20:00:00,27495.785371543858,32297.003392084902,38568.45078527719
2025-10-06 00:00:00,27582.90431408974,32600.989785902068,38898.081542575164
2025-10-06 04:00:00,27612.151387658716,32703.04236096926,39330.33789699603
2025-10-06 08:00:00,27626.374888482533,32752.672792612877,39419.183945928104
2025-10-06 12:00:00,27669.871519490458,32952.74547017622,39681.91492485808
2025-10-06 16:00:00,27855.07449565403,33055.72861583672,40001.15482742022
2025-10-06 20:00:00,27963.931444648937,33146.30415358633,40058.686457772244
2025-10-07 00:00:00,27708.452389855353,32950.26394859403,39638.39099583893
2025-10-07 04:00:00,27797.039230012568,32914.59207585018,39830.36665449143
2025-10-07 08:00:00,27694.89444823147,32830.22034205603,39599.07203857232
2025-10-07 12:00:00,27835.470882736732,33095.12277095384,39708.297944505975
2025-10-07 16:00:00,26924.009758751294,32373.310180736968,38539.25089269995
2025-10-07 20:00:00,26924.009758751294,32400.296727943183,38438.952332350214
2025-10-08 00:00:00,26924.009758751294,32307.549858809172,38108.10822725954
2025-10-08 04:00:00,26924.009758751294,32398.125396558775,38050.33187909317
2025-10-08 08:00:00,26924.009758751294,32446.20487721353,38340.01443781913
2025-10-08 12:00:00,26924.009758751294,32795.78923010327,38518.366794597205
2025-10-08 16:00:00,26924.009758751294,32663.02782545659,38453.5869674789
2025-10-08 20:00:00,26924.009758751294,32929.48120534327,39362.73801294323
2025-10-09 00:00:00,26924.009758751294,32892.258381610554,39371.35661218579
2025-10-09 04:00:00,26924.009758751294,32520.030144283413,38812.79657816997
2025-10-09 08:00:00,26924.009758751294,32571.52171711367,38709.29738449285
2025-10-09 12:00:00,26924.009758751294,32797.65037128991,38578.60795964791
2025-10-09 16:00:00,26924.009758751294,32515.687481514597,38140.07006868903
2025-10-09 20:00:00,26924.009758751294,32468.53857145316,38068.25873295859
2025-10-10 00:00:00,26924.009758751294,32632.629186074875,38416.7509615734
2025-10-10 04:00:00,26924.009758751294,32442.792785038033,38363.36437348181
2025-10-10 08:00:00,26924.009758751294,32409.602433876364,37976.25446941626
2025-10-10 12:00:00,26924.009758751294,32619.291007570653,38409.87686159955
2025-10-10 16:00:00,26924.009758751294,31822.72257969057,36679.799961679615
2025-10-10 20:00:00,26924.009758751294,31190.86514682775,35818.7312551293
2025-10-11 00:00:00,26924.009758751294,30535.123068736437,34066.877591540586
2025-10-11 04:00:00,26924.009758751294,30250.0582769834,33450.7306395212
2025-10-11 08:00:00,26924.009758751294,30029.202856169297,33382.605167789974
2025-10-11 12:00:00,26924.009758751294,30693.32006960047,33816.95036752628
2025-10-11 16:00:00,26924.009758751294,30427.48707010934,33620.1344634045
2025-10-11 20:00:00,26924.009758751294,30228.034772941544,32855.97749469949
2025-10-12 00:00:00,26924.009758751294,30043.781795464613,32752.046298080728
2025-10-12 04:00:00,26924.009758751294,29961.58139305487,32637.316377989988
2025-10-12 08:00:00,26924.009758751294,30196.705562966512,33325.73477274474
2025-10-12 12:00:00,26924.009758751294,30371.342644312495,33303.47273699084
2025-10-12 16:00:00,26924.009758751294,30765.284195483717,34747.16388243472
2025-10-12 20:00:00,26924.009758751294,30992.96380064882,35339.70824418088
2025-10-13 00:00:00,26924.009758751294,30846.554027300142,35158.69079262891
2025-10-13 04:00:00,26924.009758751294,30751.635826781723,34885.7046057413
2025-10-13 08:00:00,26924.009758751294,30922.86081595221,35206.474210477114
2025-10-13 12:00:00,26924.009758751294,30684.01436366729,34618.06480647754
2025-10-13 16:00:00,26924.009758751294,30690.528357820516,35080.46613189661
2025-10-13 20:00:00,26924.009758751294,31097.18770710042,36425.804388706725
2025-10-14 00:00:00,26924.009758751294,30935.268423863112,36513.22948756919
2025-10-14 04:00:00,26924.009758751294,30447.029052569014,35921.13437498702
2025-10-14 08:00:00,26924.009758751294,30025.170383598255,34467.63305460206
2025-10-14 12:00:00,26924.009758751294,29962.20177345041,34556.45558980138
2025-10-14 16:00:00,26924.009758751294,30236.720098479178,35378.703786769795
2025-10-14 20:00:00,26924.009758751294,30158.86235883825,35017.91624024449
2025-10-15 00:00:00,26924.009758751294,30271.771590827484,35444.4436878112
2025-10-15 04:00:00,26924.009758751294,29961.89158325264,35182.35430185565
2025-10-15 08:00:00,26924.009758751294,30053.39769159556,35498.18709042386
2025-10-15 12:00:00,26924.009758751294,29926.529900706562,35270.39585036163
2025-10-15 16:00:00,26924.009758751294,29571.362124256913,34420.16266178839
2025-10-15 20:00:00,26924.009758751294,29662.868232599838,34191.68078663906
2025-10-16 00:00:00,26924.009758751294,29517.38902984448,34060.05171960582
2025-10-16 04:00:00,26924.009758751294,29632.779783415892,34069.873504103
2025-10-16 08:00:00,26924.009758751294,29454.42041969664,33962.70632622527
2025-10-16 12:00:00,26924.009758751294,29670.622987544153,34472.93012964941
2025-10-16 16:00:00,26924.009758751294,28883.980645992797,33092.080383543595
2025-10-16 20:00:00,26924.009758751294,28728.265166710942,32724.55149327284
2025-10-17 00:00:00,26924.009758751294,28699.41747831809,32660.730747916623
2025-10-17 04:00:00,26924.009758751294,28942.91678356959,33009.639931384576
2025-10-17 08:00:00,26924.009758751294,27977.604888101207,31530.59042486445
2025-10-17 12:00:00,26924.009758751294,28077.48613178399,32010.40190009005
2025-10-17 16:00:00,26924.009758751294,28403.18583944524,32294.937353469366
2025-10-17 20:00:00,26924.009758751294,28325.948480199855,32239.94355745193
2025-10-18 00:00:00,26924.009758751294,28369.375107888023,32324.244510780707
2025-10-18 04:00:00,26924.009758751294,28534.086102905283,32647.665214159097
2025-10-18 08:00:00,26924.009758751294,28464.293308406443,32859.91313099317
2025-10-18 12:00:00,26924.009758751294,28612.87441313953,32892.74366195187
2025-10-18 16:00:00,26924.009758751294,28529.433249938695,32740.830138878875
2025-10-18 20:00:00,26924.009758751294,28549.595612793913,32878.09989020511
2025-10-19 00:00:00,26924.009758751294,28574.10063841795,32999.223714533844
2025-10-19 04:00:00,26924.009758751294,28596.43433265758,32978.7996143175
2025-10-19 08:00:00,26924.009758751294,28466.15444959308,32799.616311589816
2025-10-19 12:00:00,26924.009758751294,28728.575356908714,33256.354840727
2025-10-19 16:00:00,26924.009758751294,28942.29640317405,33582.866001443486
2025-10-19 20:00:00,26924.009758751294,29038.145174285786,33421.92584549279
2025-10-20 00:00:00,26924.009758751294,28921.823850121054,33239.56200708661
2025-10-20 04:00:00,26897.085748992547,29304.598554172466,33756.76605413777
2025-10-20 08:00:00,27029.082455142598,29581.288210585637,34049.572868062874
2025-10-20 12:00:00,26943.830648306284,29556.47299476383,33946.02902213508
2025-10-20 16:00:00,26800.24941978058,29579.11687920123,33733.91862882106
2025-10-20 20:00:00,26678.919138239537,29531.037398546476,33558.57033714384
2025-10-21 00:00:00,26691.794292395723,29456.90194127882,33615.549655667724
2025-10-21 04:00:00,26242.157439352268,29082.812562765044,33021.852325385924
2025-10-21 08:00:00,26156.32832944452,28845.827251666764,32872.932677642275
2025-10-21 12:00:00,26156.32832944452,29008.056725101844,33070.608997079704
2025-10-21 16:00:00,26117.152600543704,30291.62376348493,34724.94780807669
2025-10-21 20:00:00,25757.900431008005,29899.543353500343,34311.33031224458
2025-10-22 00:00:00,24799.56365510387,28962.458766029267,32995.06708349263
2025-10-22 04:00:00,24799.56365510387,28938.88431099855,32928.17789034905
2025-10-22 08:00:00,24799.56365510387,28977.658085720126,32925.44833913488
2025-10-22 12:00:00,24799.56365510387,28807.36366714296,32861.741907019576
2025-10-22 16:00:00,24799.56365510387,28966.491238600312,32756.9879560954
2025-10-22 20:00:00,24799.56365510387,28826.905649602635,32316.804844585724
2025-10-23 00:00:00,24799.56365510387,28749.047909961708,32280.336291234344
2025-10-23 04:00:00,24799.56365510387,29010.228056486252,32699.257726399745
2025-10-23 08:00:00,24799.56365510387,29227.671385124853,33293.62756117025
2025-10-23 12:00:00,24799.56365510387,29247.833747980076,33335.836368839125
2025-10-23 16:00:00,24799.56365510387,29365.085642738126,33647.33867594188
2025-10-23 20:00:00,24799.56365510387,29434.25805684142,33637.48006439433
2025-10-24 00:00:00,24799.56365510387,29397.65561350425,33651.152298648565
2025-10-24 04:00:00,24799.56365510387,29513.66674747121,33736.22577572605
2025-10-24 08:00:00,24799.56365510387,29656.664428644384,33939.288609730575
2025-10-24 12:00:00,24799.56365510387,29683.34078565283,33948.20141287379
2025-10-24 16:00:00,24799.56365510387,29368.807925111396,33478.72847058939
2025-10-24 20:00:00,24799.56365510387,29501.259139560305,33901.282970056964
2025-10-25 00:00:00,24799.56365510387,29624.714838273805,34009.20363123612
2025-10-25 04:00:00,24799.56365510387,29619.44160491167,33992.65335540804
2025-10-25 08:00:00,24774.764091448767,29748.790917382852,34080.79552492176
2025-10-25 12:00:00,24722.526358196075,29753.44377034944,33975.98237168684
2025-10-25 16:00:00,24671.367203274174,29701.331817123642,33864.64945075105
2025-10-25 20:00:00,24795.714515759886,29777.638605775704,34186.427369613564
2025-10-26 00:00:00,24757.03316794498,29774.226513600206,34113.14287974824
2025-10-26 04:00:00,24650.561356731712,29683.650975850604,33968.65381280461
2025-10-26 08:00:00,24773.06001305385,29809.278005948512,34136.98406258856
2025-10-26 12:00:00,25229.034711594562,30201.04822573533,34749.53511984808
2025-10-26 16:00:00,25382.23990284575,30304.65175179138,34981.2738710994
2025-10-26 20:00:00,25331.985701047488,30277.04482418962,34897.56105533038
2025-10-27 00:00:00,25652.70871642317,30544.428774669614,35226.57292168805
2025-10-27 04:00:00,25987.43013064634,30677.81055971184,35788.30609325871
2025-10-27 08:00:00,25943.712444324272,30835.076989982557,35650.79026645224
2025-10-27 12:00:00,25696.412638227688,30719.686236411144,35288.97298347522
2025-10-27 16:00:00,25710.45981565823,30640.8979261769,35291.02106717734
2025-10-27 20:00:00,25715.69718903894,30593.74901611546,35263.13593218863
2025-10-28 00:00:00,25427.534368671717,30353.04142264391,34936.10045763051
2025-10-28 04:00:00,25461.54291994263,30292.86452427602,35121.4554620653
2025-10-28 08:00:00,25603.896426951105,30392.435577761033,35326.97740509642
2025-10-28 12:00:00,25479.090740938896,30425.00554852716,35057.182105533524
2025-10-28 16:00:00,25422.648505653327,30501.932717574768,34964.3636389911
2025-10-28 20:00:00,25079.071309871135,30261.84550449876,34490.38921839623
2025-10-29 00:00:00,25008.707660434375,30053.707881793336,34226.71643867693
2025-10-29 04:00:00,25008.707660434375,29998.183836392036,34242.18035960966
2025-10-29 08:00:00,25008.707660434375,30296.896996847066,34549.84599090382
2025-10-29 12:00:00,25008.707660434375,30157.62159804716,34781.55887008705
2025-10-29 16:00:00,25008.707660434375,29667.831275764198,34269.737801654555
2025-10-29 20:00:00,25008.707660434375,29599.589432254223,33952.54930052336
2025-10-30 00:00:00,25008.707660434375,29418.128166557242,33986.3985461503
2025-10-30 04:00:00,25008.707660434375,29572.91307524578,34343.4632626269
2025-10-30 08:00:00,25008.707660434375,29752.513199756122,34301.97676371342
2025-10-30 12:00:00,25008.707660434375,29358.5716485849,33769.392703770754
2025-10-30 16:00:00,25008.707660434375,28901.04110687029,32856.99036848945
2025-10-30 20:00:00,25008.707660434375,28573.790448220177,32035.789054985977
2025-10-31 00:00:00,25008.707660434375,29044.969358636783,32891.97622271873
2025-10-31 04:00:00,25008.707660434375,29288.46866388829,33082.90102437492
2025-10-31 08:00:00,25008.707660434375,29355.159556409402,33111.39861374396
2025-10-31 12:00:00,25008.707660434375,29592.14486750768,33576.42320441092
2025-10-31 16:00:00,25008.707660434375,29585.94106355223,33513.13783506669
2025-10-31 20:00:00,25008.707660434375,29524.52340439325,33594.39057585513
2025-11-01 00:00:00,25008.707660434375,29432.707105852554,33372.09428901611
2025-11-01 04:00:00,25008.707660434375,29609.825708780718,33454.26569955266
2025-11-01 08:00:00,25008.707660434375,29566.709271290325,33297.84920012065
2025-11-01 12:00:00,25008.707660434375,29583.149351772274,33364.90637650078
2025-11-01 16:00:00,25008.707660434375,29609.205328385175,33413.51373831211
2025-11-01 20:00:00,25008.707660434375,29617.27027352726,33383.014469329326
2025-11-02 00:00:00,25008.707660434375,29551.82014179724,33351.71665685235
2025-11-02 04:00:00,25008.707660434375,29540.9634848752,33249.83482936871
2025-11-02 08:00:00,24996.20330660416,29766.47175865589,33616.20322754653
2025-11-02 12:00:00,25021.048177111526,29855.18615521886,33463.06762928597
2025-11-02 16:00:00,24943.038758525454,29576.63535761905,33100.984360100316
2025-11-02 20:00:00,24951.03081477258,29605.17285581413,33141.7692539779
2025-11-03 00:00:00,24969.726099567604,29716.5311368145,33628.541506605194
2025-11-03 04:00:00,24379.754102737115,29019.8439526172,32150.027337520733
2025-11-03 08:00:00,24379.754102737115,28881.499124410613,31949.332005094493
2025-11-03 12:00:00,24379.754102737115,29031.32098993479,31955.63574155506
2025-11-03 16:00:00,24379.754102737115,28466.774829988626,30752.94522897381
2025-11-03 20:00:00,24379.754102737115,28834.66040454695,30934.13535989744
2025-11-04 00:00:00,24379.754102737115,28695.074815549273,30771.477453655156
2025-11-04 04:00:00,24379.754102737115,28854.82276740217,31068.248768742695
2025-11-04 08:00:00,24379.754102737115,28102.611537803572,29536.690699483166
2025-11-04 12:00:00,24379.754102737115,28221.104193352712,30139.56883699307
2025-11-04 16:00:00,24379.754102737115,27850.11671681666,29974.49088627138
2025-11-04 20:00:00,24379.754102737115,27154.049913014907,28700.852152769046
2025-11-05 00:00:00,24379.754102737115,27413.67910855059,28889.042097486596
2025-11-05 04:00:00,24379.754102737115,27580.251244754487,29197.219589778855
2025-11-05 08:00:00,24379.754102737115,27550.472985768312,29149.139557894952
2025-11-05 12:00:00,24379.754102737115,27556.366599525994,29220.91426478847
2025-11-05 16:00:00,24379.754102737115,28035.300264886915,29810.760477123913
2025-11-05 20:00:00,24379.754102737115,28103.23191819912,30101.5731994862
2025-11-06 00:00:00,24379.754102737115,28030.02703152478,29989.112555476662
2025-11-06 04:00:00,24379.754102737115,27945.655297730627,29974.937641022752
2025-11-06 08:00:00,24379.754102737115,27813.824463677265,29493.469822323354
2025-11-06 12:00:00,24379.754102737115,27805.449328337407,29503.59827301214
2025-11-06 16:00:00,24379.754102737115,27425.156145868175,28918.546320950503
2025-11-06 20:00:00,24379.754102737115,27243.694880171195,28989.00842174911
2025-11-07 00:00:00,24379.754102737115,27212.055479998387,28776.76339361929
2025-11-07 04:00:00,24379.754102737115,27399.41035945305,29049.557483515528
2025-11-07 08:00:00,24379.754102737115,27432.60071061472,29180.708224362475
2025-11-07 12:00:00,24379.754102737115,26941.569627540666,28464.44580295976
2025-11-07 16:00:00,24379.754102737115,27002.677096501873,28656.54522387782
2025-11-07 20:00:00,24367.564225685746,27732.244441663068,29980.306811831608
2025-11-08 00:00:00,24242.231686988576,27697.503139512533,29704.24227249081
2025-11-08 04:00:00,24282.29231579589,27498.050842344743,29748.569225824067
2025-11-08 08:00:00,24202.171058181262,27426.086716461494,29551.691942852154
2025-11-08 12:00:00,24121.477505869385,27300.459686363585,29302.70915440496
2025-11-08 16:00:00,23975.369238925392,27258.273819466507,28976.852692439523
2025-11-08 20:00:00,23975.369238925392,27335.51117871189,29091.191291639367
2025-11-09 00:00:00,23975.369238925392,27423.605194879314,29186.52285646077
2025-11-09 04:00:00,23975.369238925392,27253.62096649992,28904.879028231953
2025-11-09 08:00:00,23975.369238925392,27330.237945349756,29331.04926256067
2025-11-09 12:00:00,23975.369238925392,27400.96131044191,29315.30360346954
2025-11-09 16:00:00,23963.38155430593,27821.26902842381,29935.951889555843
2025-11-09 20:00:00,24088.556974076768,28118.121047692202,30486.86763614547
2025-11-10 00:00:00,24029.226015022847,28116.57009670334,30345.97354135145
2025-11-10 04:00:00,24386.984440508073,28447.853227924494,30857.532114676593
2025-11-10 08:00:00,24329.581087089522,28547.734471607277,30781.242471124802
2025-11-10 12:00:00,24371.757706056276,28486.316812448298,30876.914501604642
2025-11-10 16:00:00,24003.207760282537,28216.451340386124,30474.6510946759
2025-11-10 20:00:00,24163.59745661793,28386.43556876552,30644.072362158375
2025-11-11 00:00:00,24218.518601097196,28436.996571002455,30712.35840009019
2025-11-11 04:00:00,24451.58261092258,28554.558655958277,31034.626913624295
2025-11-11 08:00:00,23889.8761886316,28101.680967210254,30209.689519505017
2025-11-11 12:00:00,23963.120591534047,28223.27552473712,30238.524547171226
2025-11-11 16:00:00,23403.452605751023,27672.687923690726,29628.399938268478
2025-11-11 20:00:00,23403.452605751023,27604.756270378522,29268.211186110937
2025-11-12 00:00:00,23403.452605751023,27590.797711478754,28918.288082345003
2025-11-12 04:00:00,23403.452605751023,27676.720396261768,28965.928821974972
2025-11-12 08:00:00,23403.452605751023,27619.335209673834,28998.504000639976
2025-11-12 12:00:00,23403.452605751023,28147.899306678373,29838.149674011802
2025-11-12 16:00:00,23403.452605751023,27329.307374756438,28953.26012874698
2025-11-12 20:00:00,23403.452605751023,27110.623285326743,28596.13909340201
2025-11-13 00:00:00,23403.452605751023,27203.68034465853,28659.08039536458
2025-11-13 04:00:00,23403.452605751023,27339.853841480708,28859.39012389793
2025-11-13 08:00:00,23403.452605751023,27652.525560835504,29134.910785483524
2025-11-13 12:00:00,23403.452605751023,27511.389020848965,29147.50852559042
2025-11-13 16:00:00,23403.452605751023,27006.709569072915,28446.199246694374
2025-11-13 20:00:00,23403.452605751023,26305.059341711254,26952.68306034944
2025-11-14 00:00:00,23403.452605751023,26583.610139311066,27287.214261346962
2025-11-14 04:00:00,23403.452605751023,26427.58446983144,27183.05248708393
2025-11-14 08:00:00,23403.452605751023,25890.95542768481,26850.120377949883
2025-11-14 12:00:00,23403.452605751023,25659.863730344212,26487.59727913635
2025-11-14 16:00:00,23403.452605751023,25843.806517623376,26780.323890257954
2025-11-14 20:00:00,23403.452605751023,25565.876100419107,26788.58256383511
2025-11-15 00:00:00,23403.452605751023,25237.69487117568,26125.69497016384
2025-11-15 04:00:00,23403.452605751023,25715.077585547737,26742.19672550843
2025-11-15 08:00:00,23403.452605751023,25711.045112976695,26753.75748866173
2025-11-15 12:00:00,23403.452605751023,25535.16727083962,26407.731903172033
2025-11-15 16:00:00,23403.452605751023,25695.22541289029,26662.073548316774
2025-11-15 20:00:00,23403.452605751023,25628.224330171404,26651.642661781152
2025-11-16 00:00:00,23403.452605751023,25525.86156490644,26381.21342930542
2025-11-16 04:00:00,23403.452605751023,25567.427051407973,26606.31175956448
2025-11-16 08:00:00,23403.452605751023,25648.386693026627,26746.437968914128
2025-11-16 12:00:00,23403.452605751023,25524.62080411535,26404.66807024902
2025-11-16 16:00:00,23403.452605751023,25242.968104537813,25986.894591131815
2025-11-16 20:00:00,23403.452605751023,25049.09923092993,25807.653493201506
2025-11-17 00:00:00,23403.452605751023,25139.67476867953,25886.8580162434
2025-11-17 04:00:00,23403.452605751023,25493.911974535862,26454.90769702421
2025-11-17 08:00:00,23403.452605751023,25520.89852174208,26580.115325897612
2025-11-17 12:00:00,23403.452605751023,25532.685749257438,26668.27590764664
2025-11-17 16:00:00,23403.452605751023,25112.378031275544,25948.2289598989
2025-11-17 20:00:00,23403.452605751023,24496.340298499126,24833.57625274379
2025-11-18 00:00:00,23403.452605751023,24622.277518794806,25054.022352866486
2025-11-18 04:00:00,23403.452605751023,24268.970883531798,25287.497642091468
2025-11-18 08:00:00,23403.452605751023,24162.265455498014,25483.516157626378
2025-11-18 12:00:00,23403.452605751023,24459.427664964183,25728.711876403144
2025-11-18 16:00:00,23403.452605751023,24857.40168870645,26124.56803845793
2025-11-18 20:00:00,23403.452605751023,24938.98171072065,26378.529702862936
2025-11-19 00:00:00,23403.452605751023,24889.041088879258,26259.391294724115
2025-11-19 04:00:00,23403.452605751023,24585.67507545764,25986.52177145126
2025-11-19 08:00:00,23403.452605751023,24587.2260264465,26094.317948325523
2025-11-19 12:00:00,23403.452605751023,24462.21937674414,25863.889337885426
2025-11-19 16:00:00,23403.452605751023,24138.691000467297,25256.308495732836
2025-11-19 20:00:00,23403.452605751023,23902.946450160107,24804.78912998156
2025-11-20 00:00:00,23403.452605751023,24587.536216644276,25729.639850999785
2025-11-20 04:00:00,23391.750879448147,24885.62899670376,26498.714887380993
2025-11-20 08:00:00,23415.590343300675,24841.89217881782,26526.09899372225
2025-11-20 12:00:00,23324.623968073924,24741.080364541718,26308.446848155694
2025-11-20 16:00:00,23121.98852532744,24154.5107005537,25651.163427105443
2025-11-20 20:00:00,22846.97145149019,23341.812382389442,24752.920140357455
2025-11-21 00:00:00,22846.97145149019,23263.644452550743,24696.353984796457
2025-11-21 04:00:00,22846.97145149019,23050.233596483184,24490.296700144147
2025-11-21 08:00:00,22846.97145149019,22554.859850640314,23694.702971983912
2025-11-21 12:00:00,22846.97145149019,22165.57115243568,23262.095442937265
2025-11-21 16:00:00,22846.97145149019,22340.208233781665,23470.921932115016
2025-11-21 20:00:00,22846.97145149019,22675.834027771634,23896.775523882858
2025-11-22 00:00:00,22846.97145149019,22933.60208212068,24041.311507670067
2025-11-22 04:00:00,22846.97145149019,22747.798153654883,23822.289162897774
2025-11-22 08:00:00,22846.97145149019,22774.474510663327,23879.196430916847
2025-11-22 12:00:00,22846.97145149019,22673.042315991683,23741.6676591496
2025-11-22 16:00:00,22846.97145149019,22716.158753482076,23798.370317674948
2025-11-22 20:00:00,22846.97145149019,22779.127363629916,23822.151039662815
2025-11-23 00:00:00,22846.97145149019,22829.37817566908,23921.30699537255
2025-11-23 04:00:00,22846.97145149019,23262.713881957425,24383.232825820956
2025-11-23 08:00:00,22846.97145149019,23133.364569486246,24198.843717427575
2025-11-23 12:00:00,22846.97145149019,23294.97366252578,24378.050082619666
2025-11-23 16:00:00,22846.97145149019,23502.49090483566,24787.648180990094
2025-11-23 20:00:00,22846.97145149019,23573.214269927816,24748.75081901616
2025-11-24 00:00:00,22846.97145149019,23401.058710164012,24459.373235481682
2025-11-24 04:00:00,22835.547965764443,23563.598373796864,24854.145470509757
2025-11-24 08:00:00,22756.019407954172,23443.554767258862,24465.003321122087
2025-11-24 12:00:00,22666.79523892938,23167.795681439005,24223.279975645106
2025-11-24 16:00:00,22795.783686859308,23303.348797865638,24585.494441745996
2025-11-24 20:00:00,23076.006576868385,23779.490751446607,25434.20163821815
2025-11-25 00:00:00,23122.3280068194,23775.45827887556,25536.615436820473
2025-11-25 04:00:00,22944.020217456906,23646.419156602155,25387.79016635628
2025-11-25 08:00:00,22806.638816946528,23542.505440348326,25200.252045660607
2025-11-25 12:00:00,22768.524094097593,23531.02840303074,25173.883183097234
2025-11-25 16:00:00,22582.775218228802,23338.090100016172,24906.391661133042
2025-11-25 20:00:00,22711.59907981976,23278.53358204383,25074.74070905541
2025-11-26 00:00:00,23010.911211383675,23436.11020251232,25429.968102283434
2025-11-26 04:00:00,22805.62856277996,23319.478688149815,25226.123554813792
2025-11-26 08:00:00,23029.26522063133,23559.565901225822,25499.474498929878
2025-11-26 12:00:00,22720.525272643936,23347.395805949353,25113.530796318395
2025-11-26 16:00:00,22721.96373459595,23278.843772241602,25065.808622644083
2025-11-26 20:00:00,23384.134435998258,24078.203911901637,26180.877112096343
2025-11-27 00:00:00,23339.592927171143,24198.867898835186,26102.9251852406
2025-11-27 04:00:00,23392.354025541426,24364.509464445764,26133.3465538549
2025-11-27 08:00:00,23506.10643086794,24476.177935643904,26300.23027111704
2025-11-27 12:00:00,23406.8397853103,24477.108506237222,26136.41434484829
2025-11-27 16:00:00,23305.023364259865,24338.14329763509,26053.361388422185
2025-11-27 20:00:00,23443.959661505014,24495.099537708036,26197.0848173102
2025-11-28 00:00:00,23270.81177675764,24430.57997657133,25961.40433432862
2025-11-28 04:00:00,23198.12925475818,24421.894651033697,25849.623425025646
2025-11-28 08:00:00,23123.540473948833,24366.370605632397,25765.827138611035
2025-11-28 12:00:00,23274.334694556175,24534.493692825155,26096.28905567041
2025-11-28 16:00:00,23405.736737331055,24707.579823182277,26205.409348217414
2025-11-28 20:00:00,23231.180149403575,24374.435550774488,25652.215756490215
2025-11-29 00:00:00,23182.200897055525,24328.217211306368,25621.195416462113
2025-11-29 04:00:00,23144.461311282103,24270.211644322888,25552.143362413208
2025-11-29 08:00:00,23086.33868333385,24244.155667709987,25552.663017961844
2025-11-29 12:00:00,23090.043122395182,24286.34153460706,25566.43651571806
2025-11-29 16:00:00,23137.884648543535,24385.29220769653,25637.665960094397
2025-11-29 20:00:00,23044.5712189087,24276.105258080566,25391.571137243707
2025-11-30 00:00:00,23056.644856232484,24315.189222999918,25433.69776130578
2025-11-30 04:00:00,23053.12783442682,24340.3146290195,25488.312500185177
2025-11-30 08:00:00,23053.12783442682,24363.889084050217,25528.257847125868
2025-11-30 12:00:00,23053.12783442682,24391.185821454208,25523.998467962272
2025-11-30 16:00:00,23053.12783442682,24487.034592565946,25777.39287813533
2025-11-30 20:00:00,23053.12783442682,24478.659457226087,25697.815492770897
2025-12-01 00:00:00,23053.12783442682,24168.469259453468,25124.874887173122
2025-12-01 04:00:00,23053.12783442682,23092.729653578033,23908.31311248138
2025-12-01 08:00:00,23053.12783442682,23133.98494988179,23971.684062057044
2025-12-01 12:00:00,23053.12783442682,22981.99175297321,23858.619103067133
2025-12-01 16:00:00,23053.12783442682,22590.84191358194,23409.780659296666
2025-12-01 20:00:00,23053.12783442682,22736.321116337294,23356.21920176347
2025-12-02 00:00:00,23053.12783442682,23060.159682811907,23820.16337340199
2025-12-02 04:00:00,23053.12783442682,23238.20885633339,23931.67321039244
2025-12-02 08:00:00,23053.12783442682,23250.926654442068,23943.31951292827
2025-12-02 12:00:00,23053.12783442682,23347.085615751577,24106.744314162082
2025-12-02 16:00:00,23053.12783442682,24292.855528760287,25598.519271233083
2025-12-02 20:00:00,23030.074706592393,24542.558637967246,25911.65386082849
2025-12-03 00:00:00,22880.358798528716,24353.032427128175,25656.42360093909
2025-12-03 04:00:00,23079.2411707196,24709.751154566686,25977.542410670452
2025-12-03 08:00:00,23171.353895977274,24788.53946480093,26180.12371772001
2025-12-03 12:00:00,23151.744860802522,24746.9739782994,26130.57395670306
2025-12-03 16:00:00,23104.568727654038,24585.98526565541,26037.151654278892
2025-12-03 20:00:00,23252.903248109047,24737.66827236622,26148.731299442494
2025-12-04 00:00:00,23638.9803303201,24846.855221982183,26619.78327205793
2025-12-04 04:00:00,23720.701298139877,24902.689457581255,26671.70696767691
2025-12-04 08:00:00,23568.749184874876,24843.443129806685,26488.668120255228
2025-12-04 12:00:00,23476.0792067923,24699.825068237962,26379.648100432707
2025-12-04 16:00:00,23559.262730539966,24718.126289906548,26449.733573585167
2025-12-04 20:00:00,23099.522062037773,24494.78934751026,25938.056464071444
2025-12-05 00:00:00,23115.28673694562,24535.424263418474,25908.606686167874
2025-12-05 04:00:00,23193.587894968947,24559.308908646966,25928.39061556937
2025-12-05 08:00:00,23228.306192572672,24549.693012516014,26002.848998574093
2025-12-05 12:00:00,22939.803190544706,24352.101856534857,25643.179860791628
2025-12-05 16:00:00,22688.816380967462,24099.296845350174,25354.92542341105
2025-12-05 20:00:00,22448.85518057927,23896.43245600688,24946.997761172704
2025-12-06 00:00:00,22400.08421973849,23826.019281112498,24978.83682317011
2025-12-06 04:00:00,22400.08421973849,23920.93748163092,25077.10593575677
2025-12-06 08:00:00,22400.08421973849,23906.978922731152,24967.18072281443
2025-12-06 12:00:00,22400.08421973849,23915.04386787324,25039.549362205005
2025-12-06 16:00:00,22400.08421973849,23939.238703299503,25011.177879666568
2025-12-06 20:00:00,22400.08421973849,23854.866969505354,24905.46899842928
2025-12-07 00:00:00,22400.08421973849,23809.889390828324,24894.896104119845
2025-12-07 04:00:00,22400.08421973849,23909.15025411556,25061.21143974836
2025-12-07 08:00:00,22400.08421973849,23843.389932187765,24885.21373162206
2025-12-07 12:00:00,22400.08421973849,23782.592653424334,24907.100639708828
2025-12-07 16:00:00,22400.08421973849,23882.473897107116,24880.152641954577
2025-12-07 20:00:00,22400.08421973849,24379.398593938848,25567.389924884756
2025-12-08 00:00:00,22400.08421973849,24080.375243286046,25013.864802879496
2025-12-08 04:00:00,22400.08421973849,24270.211644322888,25343.455576641176
2025-12-08 08:00:00,22400.08421973849,24362.9585134569,25527.606420864453
2025-12-08 12:00:00,22400.08421973849,24501.613531861258,25852.864072009685
2025-12-08 16:00:00,22400.08421973849,24017.09644294043,25386.02078326966
2025-12-08 20:00:00,22400.08421973849,24036.638425400106,25216.029523143065
2025-12-09 00:00:00,22400.08421973849,24160.09412411361,25223.187384977817
2025-12-09 04:00:00,22400.08421973849,24102.08855713013,25295.449072672673
2025-12-09 08:00:00,22400.08421973849,24122.25091998535,25195.207858734575
2025-12-09 12:00:00,22400.08421973849,24091.231900208088,25157.637036321255
2025-12-09 16:00:00,22366.534418111325,24731.154278212995,26100.277088334136
2025-12-09 20:00:00,22881.9716790344,25007.84393462617,26677.208867670524
2025-12-10 00:00:00,22480.888494257062,24709.751154566686,26117.61893587519
2025-12-10 04:00:00,22456.969912294266,24642.7500718478,26111.28415493227
2025-12-10 08:00:00,22556.99297750326,24715.334578126593,26242.39272892077
2025-12-10 12:00:00,22407.086148500417,24567.9942341846,26011.787243599563
2025-12-10 16:00:00,22343.895766842663,24539.146545791747,25902.10211396069
2025-12-10 20:00:00,22516.761756386528,24708.510393775596,26254.1520788611
2025-12-11 00:00:00,22240.01424313133,24387.463539080938,25764.951964840235
2025-12-11 04:00:00,21931.604628821835,23848.973355747672,24737.75603913387
2025-12-11 08:00:00,21931.604628821835,23963.123348527995,24964.298287637575
2025-12-11 12:00:00,21931.604628821835,23907.5993031267,24902.643804099236
2025-12-11 16:00:00,21931.604628821835,23729.550129605217,24783.853905345924
2025-12-11 20:00:00,21931.604628821835,24003.75826443621,25181.996250578715
2025-12-12 00:00:00,21931.604628821835,24453.534051206505,25629.981650795322
2025-12-12 04:00:00,21931.604628821835,24401.422097980703,25690.322384384628
2025-12-12 08:00:00,21931.604628821835,24435.23282953792,25893.145255684467
2025-12-12 12:00:00,21931.604628821835,24456.015572788685,25884.53791651853
2025-12-12 16:00:00,21931.604628821835,23771.42580630452,24899.28396671239
2025-12-12 20:00:00,21931.604628821835,23850.214116538762,24708.79163248957
2025-12-13 00:00:00,21931.604628821835,23879.37199512939,24855.232369903926
2025-12-13 04:00:00,21931.604628821835,23902.636259962335,24921.707869373575
2025-12-13 08:00:00,21931.604628821835,23897.673216797975,24942.967899547384
2025-12-13 12:00:00,21931.604628821835,23899.53435798461,25004.38338730899
2025-12-13 16:00:00,21931.604628821835,23828.810992892453,24964.464951032856
2025-12-13 20:00:00,21931.604628821835,23855.79754009867,24924.39952664863
2025-12-14 00:00:00,21931.604628821835,23865.41343622962,24958.87032512471
2025-12-14 04:00:00,21931.604628821835,23869.756098998438,24952.97319274261
2025-12-14 08:00:00,21931.604628821835,23876.580283349434,24991.187596895157
2025-12-14 12:00:00,21931.604628821835,23641.14592324002,24689.7870366234
2025-12-14 16:00:00,21931.604628821835,23531.02840303074,24566.31565701431
2025-12-14 20:00:00,21931.604628821835,23436.730582907865,24522.678590179657
2025-12-15 00:00:00,21931.604628821835,23315.756405776545,24350.179884056153
2025-12-15 04:00:00,21931.604628821835,23620.363179989254,24685.856362126266
2025-12-15 08:00:00,21931.604628821835,23739.47621593394,24867.563990202274
2025-12-15 12:00:00,21931.604628821835,23680.850268554914,24854.547606172568
2025-12-15 16:00:00,21931.604628821835,22955.935776360307,23878.003386008982
2025-12-15 20:00:00,21931.604628821835,22745.006441874928,23540.58722034694
2025-12-16 00:00:00,21931.604628821835,22816.970567758177,23858.12267230216
2025-12-16 04:00:00,21931.604628821835,22673.352506189454,23666.985425325765
2025-12-16 08:00:00,21931.604628821835,22705.92247695558,23569.781704334506
2025-12-16 12:00:00,21931.604628821835,23017.353435519286,23998.510664167243
2025-12-16 16:00:00,21931.604628821835,23184.8561423165,24150.249640591595
2025-12-16 20:00:00,21931.604628821835,23102.655739906757,23921.22104710894
2025-12-17 00:00:00,21931.604628821835,23172.75872460337,24082.96446375394
2025-12-17 04:00:00,21931.604628821835,23046.20112391214,23978.730559543394
2025-12-17 08:00:00,21931.604628821835,23050.233596483184,24016.401686816895
2025-12-17 12:00:00,21931.604628821835,23029.76104343019,23925.7467822565
2025-12-17 16:00:00,21931.604628821835,23011.459821761608,23738.00347664627
2025-12-17 20:00:00,21931.604628821835,22711.505900515487,23131.395805155556
2025-12-18 00:00:00,21931.604628821835,22765.168804730147,23228.276785724454
2025-12-18 04:00:00,21931.604628821835,22872.494613159473,23308.64308800045
2025-12-18 08:00:00,21931.604628821835,22940.73645666945,23273.614007456035
2025-12-18 12:00:00,21931.604628821835,23081.252616260444,23485.000051023097
2025-12-18 16:00:00,21931.604628821835,23384.92881987984,24037.516821384197
2025-12-18 20:00:00,21931.604628821835,22343.930516154935,22516.708076162846
2025-12-19 00:00:00,21931.604628821835,22615.036749008203,22857.124976725216
2025-12-19 04:00:00,21931.604628821835,22977.64909020439,23267.836962529283
2025-12-19 08:00:00,21931.604628821835,23288.459668372554,23738.310694956068
2025-12-19 12:00:00,21920.638826507424,23352.669039311484,23861.34687387911
2025-12-19 16:00:00,21911.281304897806,23271.089017297287,23785.009559086448
2025-12-19 20:00:00,21961.794592846018,23233.866193564572,23918.76599924019
2025-12-20 00:00:00,21954.083301889947,23333.127056851812,23963.437414793672
2025-12-20 04:00:00,21979.123336567533,23357.94227267362,23977.507569911853
2025-12-20 08:00:00,21961.534661690195,23376.863874737748,23974.191452171093
2025-12-20 12:00:00,21975.744231541838,23376.553684539977,24005.567886201807
2025-12-20 16:00:00,21953.736727015515,23358.25246287139,24008.87415656061
2025-12-20 20:00:00,21951.3107028945,23357.632082475848,23948.641103369253
2025-12-21 00:00:00,21944.232065396725,23408.193084712784,23949.566817029092
2025-12-21 04:00:00,21906.741227830425,23330.955725467404,23854.43520137559
2025-12-21 08:00:00,21934.31205691531,23355.77094128921,23879.191125347214
2025-12-21 12:00:00,22010.47743044864,23472.092265453943,23963.44515797154
2025-12-21 16:00:00,21902.350427344805,23317.927737160953,23821.698090780203
2025-12-21 20:00:00,21981.60580948308,23429.90639855687,23956.606356589444
2025-12-22 00:00:00,22031.299248396506,23479.847020398258,24022.377675442232
2025-12-22 04:00:00,22066.695473268657,23482.948922375985,24038.86095656173
2025-12-22 08:00:00,22110.196868568244,23578.48750328995,24091.711518287986
2025-12-22 12:00:00,22206.957476668158,23770.805425908973,24245.041521254294
2025-12-22 16:00:00,22208.249443991706,23661.308286095238,24280.50571820721
2025-12-22 20:00:00,21663.84256277535,23215.875162093762,23706.643043229895
2025-12-23 00:00:00,21663.84256277535,23339.95124120281,23893.794589893143
2025-12-23 04:00:00,21663.84256277535,23219.28725426926,23790.059380186376
2025-12-23 08:00:00,21663.84256277535,23053.02530826314,23557.584402944143
2025-12-23 12:00:00,21663.84256277535,23098.31307713794,23622.519580829696
2025-12-23 16:00:00,21663.84256277535,23026.659141452466,23413.247001963213
2025-12-23 20:00:00,21663.84256277535,23081.56280645822,23512.557309821073
2025-12-24 00:00:00,21663.84256277535,22999.0522138507,23505.39275493761
2025-12-24 04:00:00,21663.84256277535,22972.375856842256,23352.25952961931
2025-12-24 08:00:00,21663.84256277535,22863.188907226297,23159.862479696356
2025-12-24 12:00:00,21663.84256277535,22928.328848758545,23237.661358749298
2025-12-24 16:00:00,21663.84256277535,22914.68048005655,23320.627023083616
2025-12-24 20:00:00,21663.84256277535,23045.27055331882,23400.21769588328
2025-12-25 00:00:00,21663.84256277535,23077.220143689403,23382.4662168001
2025-12-25 04:00:00,21663.84256277535,23125.299624344156,23417.87235917474
2025-12-25 08:00:00,21663.84256277535,23124.989434146384,23368.679288543855
2025-12-25 12:00:00,21663.84256277535,23035.344466990096,23251.8964740307
2025-12-25 16:00:00,21663.84256277535,23245.653421079933,23561.92150770277
2025-12-25 20:00:00,21663.84256277535,23198.194320820723,23520.44882970262
2025-12-26 00:00:00,21663.84256277535,22955.625586162536,23042.35758336059
2025-12-26 04:00:00,21663.84256277535,23342.74295298276,23471.139030416394
2025-12-26 08:00:00,21663.84256277535,23287.218907581464,23488.259536892063
2025-12-26 12:00:00,21663.84256277535,23303.969178261184,23605.748924423562
2025-12-26 16:00:00,21663.84256277535,22946.940260624902,23224.534931800765
2025-12-26 20:00:00,21663.84256277535,23039.37693956114,23310.521396548604
2025-12-27 00:00:00,21663.84256277535,23014.871913937106,23320.167464198654
2025-12-27 04:00:00,21663.84256277535,23050.85397687873,23476.51290691016
2025-12-27 08:00:00,21663.84256277535,23059.53930241636,23434.492038770106
2025-12-27 12:00:00,21663.84256277535,23041.54827094555,23417.694621751754
2025-12-27 16:00:00,21663.84256277535,23053.955878856454,23426.708078790114
2025-12-27 20:00:00,21663.84256277535,23054.26606905423,23430.219789902912
2025-12-28 00:00:00,21653.010641493962,23139.258183243925,23622.35397709589
2025-12-28 04:00:00,21620.96151966675,23091.178702589168,23543.60197967088
2025-12-28 08:00:00,21620.96151966675,23094.590794764666,23540.583460729744
2025-12-28 12:00:00,21642.782198357618,23129.02190671743,23594.551041517116
2025-12-28 16:00:00,21636.645132475813,23115.683728213207,23586.6613365834
2025-12-28 20:00:00,21558.22706843051,23010.219060970518,23396.69305508341
2025-12-29 00:00:00,21678.240801230277,23150.42503036374,23670.56070423234
2025-12-29 04:00:00,21846.874671643294,23697.600539234634,24290.99105115726
2025-12-29 08:00:00,21698.410753533346,23558.945520830275,24138.52034041033
2025-12-29 12:00:00,21239.538657409168,23057.9883514275,23642.727272820623
2025-12-29 16:00:00,21134.71654930361,23091.178702589168,23462.837970667373
2025-12-29 20:00:00,21134.71654930361,23008.668109981652,23397.5301470556
2025-12-30 00:00:00,21134.71654930361,22959.347868535806,23397.633434464875
2025-12-30 04:00:00,21134.71654930361,23000.603164839566,23486.74125344069
2025-12-30 08:00:00,21134.71654930361,23034.724086594553,23512.06072350213
2025-12-30 12:00:00,21134.71654930361,23151.66579115483,23629.045456488762
2025-12-30 16:00:00,21134.71654930361,23464.957890905174,23846.713499462312
2025-12-30 20:00:00,21134.71654930361,23271.709397692834,23722.900838942445
2025-12-31 00:00:00,21134.71654930361,23334.988198038445,23766.159426742022
2025-12-31 04:00:00,21134.71654930361,23334.057627445127,23851.1411804699
2025-12-31 08:00:00,21134.71654930361,23382.447298297655,23893.235203093933
2025-12-31 12:00:00,21134.71654930361,23477.98587921162,24018.131482334575
2025-12-31 16:00:00,21134.71654930361,23195.402609040768,23799.71658203491
2025-12-31 20:00:00,21134.71654930361,23070.706149536178,23613.70456534338
2026-01-01 00:00:00,21134.71654930361,23099.8640281268,23640.55275153344
2026-01-01 04:00:00,21134.71654930361,23141.11932443056,23714.180807967463
2026-01-01 08:00:00,21134.71654930361,23083.11375744708,23597.329090824634
2026-01-01 12:00:00,21134.71654930361,23201.60641299622,23761.58926432865
2026-01-01 16:00:00,21134.71654930361,23220.838205258122,23755.997658162396
2026-01-01 20:00:00,21134.71654930361,23310.79336261218,23875.001018059178
2026-01-02 00:00:00,21113.581832754306,23425.253545590276,24027.805871088764
2026-01-02 04:00:00,21178.021101231192,23426.80449657914,24100.719082563453
2026-01-02 08:00:00,21175.70519725538,23458.44389675195,24096.350925480845
2026-01-02 12:00:00,21304.26938865675,23662.859237084103,24315.12850738688
2026-01-02 16:00:00,21401.82680586251,23598.339675947398,24405.005072845546
2026-01-02 20:00:00,21733.340533685812,23785.384365204285,24821.030130415456
2026-01-03 00:00:00,21787.701443217025,23819.1950967615,24903.750206859102
2026-01-03 04:00:00,21848.378231047413,23920.317101235374,24988.263578531878
2026-01-03 08:00:00,21539.72077016272,23706.906245167815,24594.608710421133
2026-01-03 12:00:00,21607.514526596657,23754.055155229253,24681.16662438093
2026-01-03 16:00:00,21683.581617317563,23816.40338498155,24789.292680408078
2026-01-03 20:00:00,21748.407169813338,23864.793055834078,24853.971254770426
2026-01-04 00:00:00,21909.754157750947,24001.5869330518,25070.685779271444
2026-01-04 04:00:00,22063.250932038412,24150.78841818043,25260.021011260695
2026-01-04 08:00:00,22044.66149628031,24249.739091269894,25221.01546151536
2026-01-04 12:00:00,22063.195039681403,24199.178089032957,25263.373253044665
2026-01-04 16:00:00,22068.6636499992,24188.011241913144,25293.365457654705
2026-01-04 20:00:00,21967.65535272781,24132.79738670962,25135.8832060946
2026-01-05 00:00:00,22085.793867457065,24258.114226609756,25274.63504920866
2026-01-05 04:00:00,22469.74781038056,24666.014336680746,25736.439209243785
2026-01-05 08:00:00,22291.361941319472,24556.20700666924,25534.00345621798
2026-01-05 12:00:00,22425.784141361284,24730.22370761968,25665.13731523615
2026-01-05 16:00:00,22521.95917467607,24924.092581227564,25764.018357198496
2026-01-05 20:00:00,22673.129740164648,24947.977226456056,25969.270909554703
2026-01-06 00:00:00,22655.461133024306,24861.744351475267,25935.98776343969
2026-01-06 04:00:00,22635.62967356306,24795.98402954747,25928.214884662244
2026-01-06 08:00:00,22540.52240441568,24664.773575889656,25805.468061624357
2026-01-06 12:00:00,22779.46413298664,24877.253861363897,26110.718690807164
2026-01-06 16:00:00,22989.328743422127,24844.683890597775,26377.35336046524
2026-01-06 20:00:00,22527.074775511064,24431.51054716465,25782.263075845258
2026-01-07 00:00:00,23026.576152561476,24876.013100572807,26370.600899845333
2026-01-07 04:00:00,22777.768613342192,24607.078199103948,26073.112171854336
2026-01-07 08:00:00,22775.671034997304,24653.29653857207,26083.243341513546
2026-01-07 12:00:00,22532.472050756547,24439.265302108965,25819.268681481954
2026-01-07 16:00:00,22248.69104805335,24232.678630392402,25453.551844054502
2026-01-07 20:00:00,22248.69104805335,24194.52523606637,25431.151247550122
2026-01-08 00:00:00,22248.69104805335,24256.56327562089,25543.941476603955
2026-01-08 04:00:00,22248.69104805335,24107.671980690036,25487.971043749243
2026-01-08 08:00:00,22248.69104805335,24025.16138808252,25369.260502359306
2026-01-08 12:00:00,22248.69104805335,23942.650795475005,25219.361755416572
2026-01-08 16:00:00,22248.69104805335,24126.593582754165,25449.64696344641
2026-01-08 20:00:00,22248.69104805335,24193.904855670822,25601.1525277993
2026-01-09 00:00:00,22248.69104805335,24231.127679403537,25683.184707465625
2026-01-09 04:00:00,22248.69104805335,24262.456889378573,25932.10149982336
2026-01-09 08:00:00,22248.69104805335,24148.61708679602,25780.758680055966
2026-01-09 12:00:00,22248.69104805335,24074.79181972614,25606.536526973683
2026-01-09 16:00:00,22248.69104805335,24284.7905836182,25775.34295133044
2026-01-09 20:00:00,22248.69104805335,24064.555543199644,25354.4657200428
2026-01-10 00:00:00,22248.69104805335,24145.82537501607,25408.01654796645
2026-01-10 04:00:00,22248.69104805335,24142.413282840567,25436.434060512525
2026-01-10 08:00:00,22248.69104805335,24160.09412411361,25449.645936979505
2026-01-10 12:00:00,22248.69104805335,24181.49724775992,25521.059277682652
2026-01-10 16:00:00,22248.69104805335,24162.88583589356,25489.655866768062
2026-01-10 20:00:00,22248.69104805335,24156.371841740336,25469.229686846476
2026-01-11 00:00:00,22248.69104805335,24131.8668161163,25415.34234455201
2026-01-11 04:00:00,22248.69104805335,24181.49724775992,25476.685445774972
2026-01-11 08:00:00,22248.69104805335,24174.67306340892,25467.77107643343
2026-01-11 12:00:00,22248.69104805335,24177.77496538665,25518.406413654346
2026-01-11 16:00:00,22237.566702529326,24211.58569694386,25725.948294279166
2026-01-11 20:00:00,22249.226353427177,24148.30689659825,25795.040991767528
2026-01-12 00:00:00,22245.84754722875,24259.354987400846,25865.122776237084
2026-01-12 04:00:00,22284.024230205978,24402.04247837625,26193.21714969054
2026-01-12 08:00:00,22096.50411545118,24240.12319513894,25961.584374613656
2026-01-12 12:00:00,21910.52251024037,24050.596984299875,25753.842920832103
2026-01-12 16:00:00,22037.129950607214,24315.49941319769,26096.888164682347
2026-01-12 20:00:00,21965.042460637575,24393.667343036388,25979.132851899638
2026-01-13 00:00:00,21862.737893937512,24251.910422654302,25728.544332492675
2026-01-13 04:00:00,21862.737893937512,24303.091805286786,25736.3110384936
2026-01-13 08:00:00,21851.80652499054,24431.82073736242,25910.57237255379
2026-01-13 12:00:00,21853.47196132394,24437.404160922328,26098.83705233829
2026-01-13 16:00:00,21960.72965675225,24870.11948681513,26504.801207754375
2026-01-13 20:00:00,22140.237890896184,25083.220152684917,26698.36388340339
2026-01-14 00:00:00,22550.070858183564,25402.095675995166,27081.76642431673
2026-01-14 04:00:00,22661.41728083395,25473.129231285096,27197.10093017632
2026-01-14 08:00:00,22515.47131961533,25338.816875649554,26998.419469635475
2026-01-14 12:00:00,22315.564782923677,25233.972588802408,26790.985193724387
2026-01-14 16:00:00,22775.46596787384,25749.81888769827,27366.407817002335
2026-01-14 20:00:00,22884.81920683376,25929.419012208615,27453.942683400055
2026-01-15 00:00:00,22814.04179641315,25828.91738813029,27384.54756166497
2026-01-15 04:00:00,22415.308446934614,25575.181806352288,26889.50674087396
2026-01-15 08:00:00,22680.46645782685,25779.597146684442,27199.48645099686
2026-01-15 12:00:00,22698.73291305711,25755.092121060406,27189.38081790135
2026-01-15 16:00:00,22650.12873916953,25859.00583731423,27108.279807791543
2026-01-15 20:00:00,22338.947678784203,25497.634256909132,26733.40454148809
2026-01-16 00:00:00,22409.4365418624,25533.616319850757,26862.14909297244
2026-01-16 04:00:00,22331.881761680834,25458.24010179201,26774.98023450326
2026-01-16 08:00:00,22393.915871898756,25554.399063101522,26918.26775624676
2026-01-16 12:00:00,22344.965999591044,25470.33751950514,26885.10359521371
2026-01-16 16:00:00,22223.950957581543,25301.28386171907,26582.52856154689
2026-01-16 20:00:00,22278.21782090768,25401.475295599623,26953.24416843894
2026-01-17 00:00:00,22368.977919606976,25553.158302310432,27107.58641823191
2026-01-17 04:00:00,22324.51914102659,25497.32406671136,27030.701595566134
2026-01-17 08:00:00,22317.930484076154,25432.804505574655,26937.505345154146
2026-01-17 12:00:00,22317.930484076154,25493.60178433809,27011.86019620311
2026-01-17 16:00:00,22317.930484076154,25566.496480814654,27100.084311764695
2026-01-17 20:00:00,22317.930484076154,25507.87053343563,27077.647425891064
2026-01-18 00:00:00,22317.930484076154,25458.860482187556,26993.106025821737
2026-01-18 04:00:00,22317.930484076154,25472.50885088955,26923.28748945583
2026-01-18 08:00:00,22317.930484076154,25435.906407552382,26830.968528893558
2026-01-18 12:00:00,22317.930484076154,25467.85599792296,26885.843410456157
2026-01-18 16:00:00,22317.930484076154,25449.244586056604,26849.584250872045
2026-01-18 20:00:00,22306.771518834117,25507.87053343563,26910.346890092795
2026-01-19 00:00:00,22137.063514025067,24991.714044341996,26181.523596482446
2026-01-19 04:00:00,22137.063514025067,24739.219223355085,25601.844316137987
2026-01-19 08:00:00,22137.063514025067,24770.548433330117,25568.602797799307
2026-01-19 12:00:00,22137.063514025067,24858.952639695315,25685.76211720713
2026-01-19 16:00:00,22137.063514025067,24804.97954528288,25589.552029894163
2026-01-19 20:00:00,22137.063514025067,24806.530496271742,25680.94791289048
2026-01-20 00:00:00,22137.063514025067,24670.97737984511,25488.930635806668
2026-01-20 04:00:00,22137.063514025067,24585.98526565541,25508.002535848613
2026-01-20 08:00:00,22137.063514025067,24172.811922222285,24879.315534418998
2026-01-20 12:00:00,22137.063514025067,24103.019127723448,24602.667508276994
2026-01-20 16:00:00,22137.063514025067,23964.984489714632,24367.26841419658
2026-01-20 20:00:00,22137.063514025067,23726.44822762749,24193.21080655267
2026-01-21 00:00:00,22137.063514025067,23363.215506035755,23841.592854895403
2026-01-21 04:00:00,22137.063514025067,23641.45611343779,24172.833867931164
2026-01-21 08:00:00,22137.063514025067,23594.617393574128,24148.304700704524
2026-01-21 12:00:00,22137.063514025067,23495.976910682435,24024.180745802933
2026-01-21 16:00:00,22137.063514025067,23923.10881301533,24601.31808746605
2026-01-21 20:00:00,22137.063514025067,23956.919544572545,24801.08061706404
2026-01-22 00:00:00,22137.063514025067,23757.777437602523,24475.565405034937
2026-01-22 04:00:00,22137.063514025067,23842.769551792222,24551.323160891505
2026-01-22 08:00:00,22137.063514025067,23817.023765377093,24521.7989164194
2026-01-22 12:00:00,22137.063514025067,23825.709090914726,24518.460909197252
2026-01-22 16:00:00,22137.063514025067,23513.967942153246,24057.895595044585
2026-01-22 20:00:00,22137.063514025067,23692.947686268046,24283.516651659666
2026-01-23 00:00:00,22137.063514025067,23618.502038802617,24169.709849761526
2026-01-23 04:00:00,22137.063514025067,23730.17051000076,24259.599599670346
2026-01-23 08:00:00,22137.063514025067,23638.354211460064,24134.274266295666
2026-01-23 12:00:00,22137.063514025067,23552.12133647928,24057.78632673399
2026-01-23 16:00:00,22137.063514025067,23658.206384117515,24117.667279784913
2026-01-23 20:00:00,22137.063514025067,23605.163860298395,24052.590431013465
2026-01-24 00:00:00,22137.063514025067,23488.22215573812,23932.416334343357
2026-01-24 04:00:00,22137.063514025067,23526.995930459696,23991.89742367153
2026-01-24 08:00:00,22137.063514025067,23487.2915851448,23899.212197735505
2026-01-24 12:00:00,22137.063514025067,23483.56930277153,23909.003988716097
2026-01-24 16:00:00,22137.063514025067,23399.817949372922,23843.75950316331
2026-01-24 20:00:00,22137.063514025067,23407.882894515013,23886.679556545652
2026-01-25 00:00:00,22137.063514025067,23379.965776715475,23864.15777550939
2026-01-25 04:00:00,22137.063514025067,23312.03412340327,23777.12028724297
2026-01-25 08:00:00,22137.063514025067,23232.31524257571,23730.974031286933
2026-01-25 12:00:00,22137.063514025067,23197.573940425176,23734.89288899415
2026-01-25 16:00:00,22137.063514025067,23171.517963812275,23601.05392070883
2026-01-25 20:00:00,22137.063514025067,22650.08824135651,22549.70293317907
2026-01-26 00:00:00,22137.063514025067,22647.9169099721,22598.462720936943
2026-01-26 04:00:00,22137.063514025067,22798.048965694044,22949.34282095093
2026-01-26 08:00:00,22137.063514025067,23039.37693956114,23260.143129375443
2026-01-26 12:00:00,22137.063514025067,22962.759960711304,23159.925549444226
2026-01-26 16:00:00,22137.063514025067,22838.373691404486,23179.67083231987
2026-01-26 20:00:00,22137.063514025067,22961.82939011799,23338.456152829305
2026-01-27 00:00:00,22137.063514025067,23061.090253405226,23381.34225829826
2026-01-27 04:00:00,22137.063514025067,23150.114840165967,23440.936594320723
2026-01-27 08:00:00,22137.063514025067,23069.155198547312,23418.369381590717
2026-01-27 12:00:00,22137.063514025067,22916.541621243185,23276.379952425545
2026-01-27 16:00:00,22137.063514025067,22822.24380112031,23282.048605456264
2026-01-27 20:00:00,22137.063514025067,22864.119477819615,23392.995074581675
2026-01-28 00:00:00,22125.994982268057,22998.431833455157,23566.539575464645
2026-01-28 04:00:00,22086.141852704135,23001.22354523511,23542.62477677528
2026-01-28 08:00:00,22091.13083063187,23029.450853232418,23576.167868641183
2026-01-28 12:00:00,22178.113663171727,23319.478688149815,23854.33961316861
2026-01-28 16:00:00,22085.813443595514,23214.634401302672,23617.145631658503
2026-01-28 20:00:00,22105.164093741027,23199.12489141404,23616.01331297485
2026-01-29 00:00:00,22037.613679716163,23094.590794764666,23470.085203102928
2026-01-29 04:00:00,21766.28446320101,22761.446522356877,23047.64395171317
2026-01-29 08:00:00,21791.96302606436,22862.258336632978,23178.60755451333
2026-01-29 12:00:00,21723.516948813274,22771.06241848783,23056.201750737993
2026-01-29 16:00:00,21723.516948813274,22048.31925767763,22202.63434208292
2026-01-29 20:00:00,21723.516948813274,21771.939791462228,21971.71204595291
2026-01-30 00:00:00,21723.516948813274,21914.006902042085,22131.962631877213
2026-01-30 04:00:00,21723.516948813274,21490.287091884693,21611.581059099903
2026-01-30 08:00:00,21723.516948813274,21489.976901686918,21717.366854011318
2026-01-30 12:00:00,21723.516948813274,21555.737223614713,21874.199244312105
2026-01-30 16:00:00,21723.516948813274,21574.969015876617,21879.316663594007
2026-01-30 20:00:00,21723.516948813274,21983.799696540926,22200.038822945375
2026-01-31 00:00:00,21723.516948813274,22023.50404185582,22132.476539675677
2026-01-31 04:00:00,21723.516948813274,21961.4660023013,22181.80387888327
2026-01-31 08:00:00,21723.516948813274,21838.940874181113,22020.616012437447
2026-01-31 12:00:00,21723.516948813274,21703.38775775448,21793.714615029265
2026-01-31 16:00:00,21723.516948813274,21253.611970984184,20805.184557909968
2026-01-31 20:00:00,21723.516948813274,20367.088385750045,19673.43036492511
2026-02-01 00:00:00,21723.516948813274,20645.01880295431,20236.262155690878
2026-02-01 04:00:00,21723.516948813274,20669.213638380574,20165.055359173977
2026-02-01 08:00:00,21723.516948813274,20521.56310424081,20083.36745542173
2026-02-01 12:00:00,21723.516948813274,20636.643667614448,20114.058012721536
2026-02-01 16:00:00,21723.516948813274,20316.83757371088,19543.493849241902
2026-02-01 20:00:00,21723.516948813274,20192.45130440406,19528.87475742815
2026-02-02 00:00:00,21723.516948813274,20137.547639398308,19341.82147118221
2026-02-02 04:00:00,21723.516948813274,19934.683250055015,19135.47314781091
2026-02-02 08:00:00,21723.516948813274,20035.495064331117,19306.07174653814
2026-02-02 12:00:00,21723.516948813274,20326.14327964406,19591.144523418294
2026-02-02 16:00:00,21723.516948813274,20742.728715252684,20122.158359969886
2026-02-02 20:00:00,21723.516948813274,20599.420843881737,19933.28992137139
2026-02-03 00:00:00,21723.516948813274,20696.200185586793,20038.44268139646
2026-02-03 04:00:00,21723.516948813274,20665.491356007304,19972.255864036117
2026-02-03 08:00:00,21723.516948813274,20676.658203127117,19995.28422839858
2026-02-03 12:00:00,21723.516948813274,20540.79489650271,19762.145451801276
2026-02-03 16:00:00,21723.516948813274,20506.984164945494,19712.503501457075
2026-02-03 20:00:00,21723.516948813274,19663.887207399523,18958.480461666186
2026-02-04 00:00:00,21723.516948813274,19868.61273792945,18944.74330456698
2026-02-04 04:00:00,21723.516948813274,20089.15796854578,19192.7364506183
2026-02-04 08:00:00,21723.516948813274,20044.490580066522,19061.58034771951
2026-02-04 12:00:00,21723.516948813274,19943.988955988196,18840.27851399666
2026-02-04 16:00:00,21723.516948813274,19466.91643181391,18235.310885567902
2026-02-04 20:00:00,21723.516948813274,19383.475268613074,18386.87838785919
2026-02-05 00:00:00,21723.516948813274,19191.467536191827,18059.937677782247
2026-02-05 04:00:00,21723.516948813274,18705.089306084363,17776.892255634153
2026-02-05 08:00:00,21723.516948813274,18569.225999459955,17633.35675187283
2026-02-05 12:00:00,21723.516948813274,18465.932663601674,17536.401535102013
2026-02-05 16:00:00,21723.516948813274,17729.851324287254,16624.940813552206
2026-02-05 20:00:00,21723.516948813274,17134.28614456383,16096.714502616145
2026-02-06 00:00:00,21723.516948813274,16546.785909982493,15467.304438136227
2026-02-06 04:00:00,21723.516948813274,16872.795807841514,15496.439543229015
2026-02-06 08:00:00,21723.516948813274,17055.497834329584,15849.889803170052
2026-02-06 12:00:00,21723.516948813274,17525.4359839551,16205.612761956516
2026-02-06 16:00:00,21723.516948813274,18037.56000047769,16740.62906391213
2026-02-06 20:00:00,21723.516948813274,18583.494748557496,17284.374418773223
2026-02-07 00:00:00,21723.516948813274,18549.994207198055,17316.922608731966
2026-02-07 04:00:00,21723.516948813274,18643.361456727613,17434.35462137223
2026-02-07 08:00:00,21723.516948813274,17897.66422128224,16828.37476535378
2026-02-07 12:00:00,21723.516948813274,17879.673189811427,16789.69899693573
2026-02-07 16:00:00,21723.516948813274,18219.95183676799,17122.112138049815
2026-02-07 20:00:00,21723.516948813274,18246.31800357866,17335.862947122987
2026-02-08 00:00:00,21723.516948813274,18218.400885779127,17247.12461127148
2026-02-08 04:00:00,21723.516948813274,18178.076160068686,17157.685144425617
2026-02-08 08:00:00,21723.516948813274,18338.44449231713,17267.342612983386
2026-02-08 12:00:00,21712.655190338868,18697.64474133782,17548.370781997535
2026-02-08 16:00:00,21616.13151473137,18736.418516059395,17475.506083120705
2026-02-08 20:00:00,21694.301092430418,18785.73875750524,17552.58411008848
2026-02-09 00:00:00,21434.26505738703,18467.79380478831,17263.510674141315
2026-02-09 04:00:00,21567.12328617995,18723.70071795072,17425.616763799364
2026-02-09 08:00:00,21316.466818517147,18434.60345362664,17041.627835353393
2026-02-09 12:00:00,21011.57611882235,18009.642882678156,16642.055125879167
2026-02-09 16:00:00,21141.2712985563,18111.695457745347,16851.774916249513
2026-02-09 20:00:00,21504.4653310298,18463.761332217266,17304.060912559566
2026-02-10 00:00:00,21346.46256307217,18282.92044691583,17115.93548276239
2026-02-10 04:00:00,21196.601452564104,18092.773855681215,16902.63097298672
2026-02-10 08:00:00,21196.601452564104,17946.984462728087,16670.04172150694
2026-02-10 12:00:00,21196.601452564104,17855.788544582938,16564.865956745845
2026-02-10 16:00:00,21196.601452564104,18043.453614235368,16684.690265380206
2026-02-10 20:00:00,21196.601452564104,18001.267747338294,16559.99942463846
2026-02-11 00:00:00,21196.601452564104,17958.771690243444,16553.789290746725
2026-02-11 04:00:00,21196.601452564104,17754.976730306837,16479.594930436397
2026-02-11 08:00:00,21196.601452564104,17447.2680541164,16072.883241663254
2026-02-11 12:00:00,21196.601452564104,17466.18965618053,16117.567626027048
2026-02-11 16:00:00,21196.601452564104,17402.29047543937,15960.348323404909
2026-02-11 20:00:00,21196.601452564104,17641.447117922056,16048.5510754637
2026-02-12 00:00:00,21196.601452564104,17518.301609406328,15957.74318436511
2026-02-12 04:00:00,21196.601452564104,17653.234345437417,16168.39892426011
2026-02-12 08:00:00,21196.601452564104,17561.10785669895,16160.591540633712
2026-02-12 12:00:00,21196.601452564104,17766.763957822193,16348.40141710492
2026-02-12 16:00:00,21196.601452564104,17521.713701581826,16039.90226911502
2026-02-12 20:00:00,21196.601452564104,17191.981521349535,15676.724431146067
2026-02-13 00:00:00,21196.601452564104,17308.61303571204,15809.340931780214
2026-02-13 04:00:00,21196.601452564104,17390.50324792401,15912.800473871725
2026-02-13 08:00:00,21196.601452564104,17314.816839667492,15864.30447307735
2026-02-13 12:00:00,21196.601452564104,17563.279188083357,16103.547565730445
2026-02-13 16:00:00,21186.003151837824,17987.92956883407,16635.09116556224
2026-02-13 20:00:00,21245.977112177778,18021.740300391288,16805.549898134806
2026-02-14 00:00:00,21178.587240775636,17991.65185120734,16746.46320233297
2026-02-14 04:00:00,21248.850403674125,18033.83771810442,16835.65883087075
2026-02-14 08:00:00,21308.04310217184,18104.561083196575,16884.111973826693
2026-02-14 12:00:00,21784.981887442922,18462.830761623947,17271.498316579506
2026-02-14 16:00:00,21683.881296639913,18275.47588216929,17208.669160988138
2026-02-14 20:00:00,21755.215242095994,18290.0548214646,17285.845728609114
2026-02-15 00:00:00,21728.878941587234,18276.71664296038,17261.315832355598
2026-02-15 04:00:00,21697.97791103013,18316.731178473045,17290.450072736334
2026-02-15 08:00:00,22090.13405541919,18553.406299373553,17627.39110759901
2026-02-15 12:00:00,21784.610003684964,18398.93158088279,17377.71844823409
2026-02-15 16:00:00,21306.68231239777,18074.472634012633,17016.639363013433
2026-02-15 20:00:00,21040.59877384985,17856.09873478071,16655.827236396042
2026-02-16 00:00:00,21104.12836881355,17990.41109041625,16803.387778283522
2026-02-16 04:00:00,21023.72372518762,17889.59927614015,16671.12756740555
2026-02-16 08:00:00,21021.738425345004,17941.401039168177,16702.618487008243
2026-02-16 12:00:00,21060.451772276007,17998.786225756114,16774.288251506423
2026-02-16 16:00:00,20861.394194581273,17680.84127303918,16428.610099595488
2026-02-16 20:00:00,20861.394194581273,17775.759473557602,16619.079428552846
2026-02-17 00:00:00,20861.394194581273,18038.80076126878,16919.316293280863
2026-02-17 04:00:00,20861.394194581273,17939.539897981544,16863.97058845128
2026-02-17 08:00:00,20861.394194581273,17932.095333235,16880.90233177472
2026-02-17 12:00:00,20861.394194581273,17791.579173644004,16680.577573758004
2026-02-17 16:00:00,20861.394194581273,17704.105537872125,16545.591698459808
2026-02-17 20:00:00,20861.394194581273,17751.564638131338,16668.280898933306
2026-02-18 00:00:00,20861.394194581273,17667.81328473273,16652.537792512594
2026-02-18 04:00:00,20861.394194581273,17715.892765387485,16706.93658743603
2026-02-18 08:00:00,20861.394194581273,17855.478354385163,16781.167748896867
2026-02-18 12:00:00,20861.394194581273,17663.780812161687,16441.025586659125
2026-02-18 16:00:00,20861.394194581273,17762.421295053377,16499.346406948796
2026-02-18 20:00:00,20861.394194581273,17419.661126514635,16159.455531216845
2026-02-19 00:00:00,20861.394194581273,17488.523350420157,16265.730642474267
2026-02-19 04:00:00,20861.394194581273,17620.974564869066,16344.775229662777
2026-02-19 08:00:00,20861.394194581273,17662.229861172822,16424.173826313818
2026-02-19 12:00:00,20861.394194581273,17504.653240704334,16237.173274844212
2026-02-19 16:00:00,20861.394194581273,17503.412479913244,16156.099099612355
2026-02-19 20:00:00,20861.394194581273,17676.498610270362,16362.435988213492
2026-02-20 00:00:00,20861.394194581273,17655.095486624054,16406.754925570054
2026-02-20 04:00:00,20861.394194581273,17767.69452841551,16519.5836555901
2026-02-20 08:00:00,20861.394194581273,17900.766123259964,16620.950117750966
2026-02-20 12:00:00,20861.394194581273,17745.360834175885,16537.42665966211
2026-02-20 16:00:00,20861.394194581273,17789.097652061824,16648.838063272364
2026-02-20 20:00:00,20861.394194581273,17804.917352148226,16683.905727687008
2026-02-21 00:00:00,20861.394194581273,17895.182699700057,16711.66128505215
2026-02-21 04:00:00,20861.394194581273,17803.676591357136,16636.429984234317
2026-02-21 08:00:00,20861.394194581273,17860.441397549526,16654.49742964265
2026-02-21 12:00:00,20840.532800386693,17926.20171947732,16807.52174884377
2026-02-21 16:00:00,20989.979836565377,18064.85673788168,16981.279894119623
2026-02-21 20:00:00,20941.432117421442,18045.624945619777,16939.963634749445
2026-02-22 00:00:00,20740.41422982281,17894.562319304514,16765.729952003283
2026-02-22 04:00:00,20744.266402811954,17910.071829193144,16764.75201674936
2026-02-22 08:00:00,20762.357882708828,17904.178215435466,16781.342819506255
2026-02-22 12:00:00,20805.32274955687,17962.183782418942,16812.358435568953
2026-02-22 16:00:00,20494.24348194184,17826.010285596763,16560.46388108354
2026-02-22 20:00:00,20455.156148244856,17751.87482832911,16504.898181713863
2026-02-23 00:00:00,20455.156148244856,17727.990183100617,16415.69886664588
2026-02-23 04:00:00,20455.156148244856,17040.298514638725,15586.238059163392
2026-02-23 08:00:00,20455.156148244856,17305.51113373431,15867.15117874739
2026-02-23 12:00:00,20455.156148244856,17428.966832447815,16047.043899499316
2026-02-23 16:00:00,20455.156148244856,17263.015076639465,15893.840428255102
2026-02-23 20:00:00,20455.156148244856,16915.60205513413,15621.356111771489
2026-02-24 00:00:00,20455.156148244856,17002.145120312693,15614.3322137787
2026-02-24 04:00:00,20455.156148244856,16748.09934833692,15410.869114767236
2026-02-24 08:00:00,20455.156148244856,16640.15315951205,15359.202208403221
2026-02-24 12:00:00,20455.156148244856,16650.079245840774,15363.154068335705
2026-02-24 16:00:00,20455.156148244856,16859.767819535064,15515.114941662177
2026-02-24 20:00:00,20455.156148244856,16969.88533974434,15659.995499879846
2026-02-25 00:00:00,20455.156148244856,16878.689421599192,15686.236644909299
2026-02-25 04:00:00,20455.156148244856,17202.838178271577,16115.081872319504
2026-02-25 08:00:00,20455.156148244856,17102.026363995476,16103.959499365443
2026-02-25 12:00:00,20455.156148244856,17238.199860817655,16318.244477141718
2026-02-25 16:00:00,20434.700992096612,17723.027139936257,16835.708176182314
2026-02-25 20:00:00,20888.948924197306,18145.50618930256,17381.54874179224
2026-02-26 00:00:00,20593.767411973484,17843.38093667203,17106.782433324675
2026-02-26 04:00:00,20600.491179142005,17902.31707424883,17114.674842237317
2026-02-26 08:00:00,20520.679467416747,17816.08419926804,17028.945223920917
2026-02-26 12:00:00,20542.952477863946,17894.562319304514,17028.395634899105
2026-02-26 16:00:00,20381.40776938532,17721.476188947392,16918.599373710855
2026-02-26 20:00:00,20380.247949439257,17776.690044150917,16917.674361447385
2026-02-27 00:00:00,20302.10923834361,17737.295889033798,16840.909530147015
2026-02-27 04:00:00,20512.30461165515,17770.79643039324,17042.283104660455
2026-02-27 08:00:00,20431.310913107292,17770.79643039324,16985.428606063244
2026-02-27 12:00:00,19758.670668962735,17388.02172634183,16415.934395565437
2026-02-27 16:00:00,19615.82211076316,17373.442787046515,16303.928865327827
2026-02-27 20:00:00,19615.82211076316,17173.990489878724,16090.288501144434
2026-02-28 00:00:00,19615.82211076316,17314.196459271945,16182.536543336024
2026-02-28 04:00:00,19615.82211076316,17293.103525823408,16159.860632654152
2026-02-28 08:00:00,19615.82211076316,16787.18331325627,15619.188723183757
2026-02-28 12:00:00,19615.82211076316,16803.003013342674,15648.429106006468
2026-02-28 16:00:00,19615.82211076316,17067.595252042716,15975.261895908887
2026-02-28 20:00:00,19615.82211076316,17466.18965618053,16305.074852028
2026-03-01 00:00:00,19615.82211076316,17620.974564869066,16583.64455798608
2026-03-01 04:00:00,19615.82211076316,17741.018171407068,17040.1287431034
2026-03-01 08:00:00,19615.82211076316,17642.377688515375,16852.805097931006
2026-03-01 12:00:00,19615.82211076316,17471.462889542665,16621.431265583087
2026-03-01 16:00:00,19615.82211076316,17569.48299203881,16724.2391858644
2026-03-01 20:00:00,19615.82211076316,17353.590614389068,16371.85332743802
2026-03-02 00:00:00,19615.82211076316,17358.243467355656,16422.888786546137
2026-03-02 04:00:00,19615.82211076316,17589.024974498487,16628.01939298062
2026-03-02 08:00:00,19615.82211076316,17481.38897587139,16422.04768463893
2026-03-02 12:00:00,19615.82211076316,17548.390058590274,16545.959236252955
2026-03-02 16:00:00,19586.442447092522,18355.815143392396,17470.763087085303
2026-03-02 20:00:00,19415.976576821115,18263.9988448517,17286.128613855668
2026-03-03 00:00:00,19319.231364136154,18258.415421291793,17192.003494266868
2026-03-03 04:00:00,19194.130979468853,18140.85333633597,17096.230865477562
2026-03-03 08:00:00,19152.41416228896,18157.913797213467,17056.64593332771
2026-03-03 12:00:00,18912.961627234898,17925.271148884003,16846.029478774228
2026-03-03 16:00:00,19110.335771952603,18156.3628462246,17039.812633021684
2026-03-03 20:00:00,19166.206565435154,18285.091778300237,17066.892387396263
2026-03-04 00:00:00,19286.64976619002,18262.137703665063,17238.419961167314
2026-03-04 04:00:00,19072.422429389004,18103.630512603257,17047.245133207765
2026-03-04 08:00:00,19359.042301350004,18567.36485827332,17421.96696104039
2026-03-04 12:00:00,19653.815738602694,18960.996219246772,17828.755518583093
2026-03-04 16:00:00,20393.04677894835,19574.86262063878,18464.72153557972
2026-03-04 20:00:00,20521.00047854738,19638.141420984393,18550.250464760516
2026-03-05 00:00:00,20106.355628602556,19382.85488821753,18175.277943084526
2026-03-05 04:00:00,20039.228307671998,19372.928801888807,18095.509804137335
2026-03-05 08:00:00,19986.883667108716,19272.737368008253,18073.883661087006
2026-03-05 12:00:00,20275.910261753754,19492.352028031266,18339.46950281556
2026-03-05 16:00:00,19885.110213760778,19200.463051927232,17987.212233685124
2026-03-05 20:00:00,19727.13222099701,19015.899884252525,17834.2151073099
2026-03-06 00:00:00,19665.982466557587,18958.514697664592,17782.033592080705
2026-03-06 04:00:00,19650.429283307516,18977.43629972872,17751.341278957472
2026-03-06 08:00:00,19658.15161062577,18990.154097837396,17787.81963564531
2026-03-06 12:00:00,19523.815461170707,18842.813753895403,17606.3594562264
2026-03-06 16:00:00,19342.458550274634,18360.467996358984,17074.15546389075
2026-03-06 20:00:00,19342.458550274634,18225.535260327895,17077.150425275904
2026-03-07 00:00:00,19342.458550274634,18203.51175628604,17001.33119891453
2026-03-07 04:00:00,19342.458550274634,18199.78947391277,16985.316275680932
2026-03-07 08:00:00,19342.458550274634,18133.408771589427,16938.69352713402
2026-03-07 12:00:00,19342.458550274634,18185.210534617454,17008.08423648613
2026-03-07 16:00:00,19342.458550274634,18154.81189523574,16899.1012655522
2026-03-07 20:00:00,19342.458550274634,17942.021419563724,16678.580673058506
2026-03-08 00:00:00,19342.458550274634,18000.026986547204,16792.272063095836
2026-03-08 04:00:00,19342.458550274634,17929.61381165282,16646.918387759506
2026-03-08 08:00:00,19342.458550274634,18022.670870984603,16758.7283951548
2026-03-08 12:00:00,19342.458550274634,18072.301302628224,16748.573532094608
2026-03-08 16:00:00,19342.458550274634,17998.786225756114,16646.769896216105
2026-03-08 20:00:00,19342.458550274634,18045.93513581755,16751.1224332396
2026-03-09 00:00:00,19342.458550274634,17771.10662059101,16575.176806432108
2026-03-09 04:00:00,19342.458550274634,18114.176979327527,16908.33196527782
2026-03-09 08:00:00,19342.458550274634,18131.857820600566,16880.844216845853
2026-03-09 12:00:00,19342.458550274634,18189.55319738627,16953.752669152713
2026-03-09 16:00:00,19342.458550274634,18447.011061537545,17198.60148432505
2026-03-09 20:00:00,19342.458550274634,18448.251822328635,17288.911301082924
2026-03-10 00:00:00,19342.458550274634,18275.47588216929,17062.06510801271
2026-03-10 04:00:00,19332.787320999498,18557.128581746823,17268.04552209488
2026-03-10 08:00:00,19377.82846408301,18742.312129817077,17430.35391240848
2026-03-10 12:00:00,19468.70245081601,18821.720820446866,17498.154316825938
2026-03-10 16:00:00,19696.001992318197,19011.86741168148,17729.866902307644
2026-03-10 20:00:00,19317.031079024637,18715.015392413086,17372.791019279604
2026-03-11 00:00:00,19303.77057506478,18697.64474133782,17355.041893609523
2026-03-11 04:00:00,19165.099226821054,18558.05915234014,17245.060506654198
2026-03-11 08:00:00,19164.101836687405,18611.722056554805,17251.05783688819
2026-03-11 12:00:00,19087.875010292428,18509.979671685385,17153.946373731058
2026-03-11 16:00:00,19324.45969779607,18848.08698725754,17424.595204811983
2026-03-11 20:00:00,19433.734272487847,18939.903285798235,17664.636959400348
2026-03-12 00:00:00,19352.527359599917,18872.592012881574,17573.402949010233
2026-03-12 04:00:00,19193.78432075923,18680.8944706581,17313.437943918958
2026-03-12 08:00:00,19271.65404919771,18762.164302474524,17437.618063860617
2026-03-12 12:00:00,19391.83333480549,18912.29635819647,17612.567904045252
2026-03-12 16:00:00,19453.950479592753,18945.176519160366,17644.654927352574
2026-03-12 20:00:00,19463.11489165658,18983.019723288628,17680.719728391665
2026-03-13 00:00:00,19469.21386885063,18989.843907639624,17680.203825922203
2026-03-13 04:00:00,19705.41695783203,19252.26481495526,18127.724785024868
2026-03-13 08:00:00,19676.832774610382,19394.64211573289,18097.276155364987
2026-03-13 12:00:00,19902.721026610227,19541.982459674884,18330.218083027874
2026-03-13 16:00:00,19874.331802853565,19476.842518142632,18262.24366421368
2026-03-13 20:00:00,19721.10600653522,19338.187499738273,18137.91397166998
2026-03-14 00:00:00,19614.289396700704,19263.431662075072,18031.46185667898
2026-03-14 04:00:00,19687.458182069833,19316.47418589419,18092.78373409505
2026-03-14 08:00:00,19489.39506345105,19191.157345994052,17912.264550165004
2026-03-14 12:00:00,19470.566344738043,19235.51454427554,17885.405972416316
2026-03-14 16:00:00,19442.745367488198,19194.879628367325,17851.189883095387
2026-03-14 20:00:00,19493.717439767643,19233.6534030889,17904.593559844994
2026-03-15 00:00:00,19678.409644440482,19374.169562679897,18080.476598815258
2026-03-15 04:00:00,19677.234592199893,19411.702576610383,18074.357535664694
2026-03-15 08:00:00,19762.01252861111,19448.30501994755,18149.782017799054
2026-03-15 12:00:00,19844.593117310666,19551.598355805836,18214.07560490035
2026-03-15 16:00:00,19680.841557522406,19443.652166980963,18081.377430287954
2026-03-15 20:00:00,19761.070809407025,19453.268063111915,18137.799678060608
2026-03-16 00:00:00,20351.666096670182,19762.527690291216,18726.840706631825
2026-03-16 04:00:00,20627.810396804533,19937.785152032742,18918.66304001517
2026-03-16 08:00:00,20732.3885388041,19950.50295014142,19008.80777764931
2026-03-16 12:00:00,20725.551299474675,19881.330536038127,18975.94143082846
2026-03-16 16:00:00,20656.562218975156,19792.616139475158,18886.955094900914
2026-03-16 20:00:00,21005.01172077054,19944.60933638374,19188.562958034156
2026-03-17 00:00:00,21247.19245827002,20206.40986330383,19416.426033665604
2026-03-17 04:00:00,20977.698825487038,20115.834325554224,19144.830362219313
2026-03-17 08:00:00,20998.750211344777,20046.972101648706,19162.388731597024
2026-03-17 12:00:00,20895.064872202172,19962.600367854553,19043.435681911928
2026-03-17 16:00:00,20831.9200607551,19905.52537146439,19006.7760050776
2026-03-17 20:00:00,20946.1703950953,20050.694384021976,19135.03185014744
2026-03-18 00:00:00,20869.105876708018,19880.089775247037,19066.024881147263
2026-03-18 04:00:00,21028.464415245875,20034.5644937378,19193.406128329134
2026-03-18 08:00:00,20842.91285057527,19895.90947533344,19020.06718323987
2026-03-18 12:00:00,20402.517119998512,19606.191830613814,18638.508058174702
2026-03-18 16:00:00,20150.29564301929,19259.399189504027,18180.973641268756
2026-03-18 20:00:00,20150.29564301929,19226.519028540133,18253.184358069604
2026-03-19 00:00:00,20150.29564301929,19283.28383473252,18338.523096714176
2026-03-19 04:00:00,20150.29564301929,19251.02405416417,18390.218059300045
2026-03-19 08:00:00,20150.29564301929,19015.58969405475,18152.931426161114
2026-03-19 12:00:00,20150.29564301929,18906.40274443879,18099.990224491383
2026-03-19 16:00:00,20150.29564301929,18697.334551140048,17724.869240563225
2026-03-19 20:00:00,20150.29564301929,18816.757777282503,17840.631922271776
2026-03-20 00:00:00,20150.29564301929,18734.557374872762,17835.519575113674
2026-03-20 04:00:00,20150.29564301929,18983.950293881946,18018.11553890466
2026-03-20 08:00:00,20150.29564301929,18995.11714100176,17987.51524361172
2026-03-20 12:00:00,20150.29564301929,18896.166467912295,17923.939627890293
2026-03-20 16:00:00,20150.29564301929,18776.433051572065,17882.37627673961
2026-03-20 20:00:00,20150.29564301929,18824.51253222682,17880.737386259956
2026-03-21 00:00:00,20150.29564301929,18904.541603252153,18004.908558294617
2026-03-21 04:00:00,20150.29564301929,18948.588611335865,18086.249043075004
2026-03-21 08:00:00,20150.29564301929,18961.616599642315,18060.181003167796
2026-03-21 12:00:00,20150.29564301929,18945.796899555913,18041.704712393213
2026-03-21 16:00:00,20150.29564301929,18940.213475996006,18025.715614644934
2026-03-21 20:00:00,20150.29564301929,18879.1060070348,17996.442615170425
2026-03-22 00:00:00,20150.29564301929,18488.2663578413,17558.43452841056
2026-03-22 04:00:00,20150.29564301929,18606.1386329949,17751.30887455912
2026-03-22 08:00:00,20150.29564301929,18491.368259819028,17586.63575155688
2026-03-22 12:00:00,20150.29564301929,18316.1107980775,17422.6047782049
2026-03-22 16:00:00,20150.29564301929,18491.988640214575,17569.234159611173
2026-03-22 20:00:00,20150.29564301929,18327.898025592858,17429.92555465617
2026-03-23 00:00:00,20150.29564301929,18211.266511230355,17297.9063109208
2026-03-23 04:00:00,20150.29564301929,18299.360527397777,17355.91581903524
2026-03-23 08:00:00,20150.29564301929,18384.97302198302,17348.487520065013
2026-03-23 12:00:00,20150.29564301929,18818.308728271368,17874.72049040172
2026-03-23 16:00:00,20150.29564301929,18775.192290780975,17923.516774163294
2026-03-23 20:00:00,20140.22049519778,18876.62448545262,18109.955105153196
2026-03-24 00:00:00,20150.28881703838,18944.24594856705,18144.25134728349
2026-03-24 04:00:00,20077.506795597426,18890.89323455016,18022.261607734385
2026-03-24 08:00:00,20146.139522029684,19049.71061580974,18221.057653278585
2026-03-24 12:00:00,20168.270620659772,19048.159664820876,18245.060711856768
2026-03-24 16:00:00,19809.93383598995,18715.015392413086,17898.37715183491
2026-03-24 20:00:00,19584.102392782577,18566.744477877775,17696.98034123986
2026-03-25 00:00:00,19693.962977628846,18844.36470488427,18041.981417421193
2026-03-25 04:00:00,19704.012296072804,18898.958179692247,18153.89382238303
2026-03-25 08:00:00,19727.197509339934,18966.88983300445,18206.8387800688
2026-03-25 12:00:00,19773.36205036324,19159.82813601902,18410.693768826495
2026-03-25 16:00:00,19590.402802244913,18983.64010368417,18232.869225374896
2026-03-25 20:00:00,19630.809607806237,19017.450835241387,18256.875749446703
2026-03-26 00:00:00,19664.611557800534,19133.461969208347,18292.31565807612
2026-03-26 04:00:00,19518.028766326832,19006.90436851712,18158.223475033123
2026-03-26 08:00:00,19229.689680056385,18811.174353722596,17876.529640533212
2026-03-26 12:00:00,18996.803683278245,18637.46784296993,17623.158479447877
2026-03-26 16:00:00,18996.803683278245,18560.23048372455,17579.17111943164
2026-03-26 20:00:00,18996.803683278245,18443.90915955982,17326.051917309353
2026-03-27 00:00:00,18996.803683278245,18506.257389312115,17460.21910244929
2026-03-27 04:00:00,18996.803683278245,18481.131983292533,17433.536916507324
2026-03-27 08:00:00,18996.803683278245,18450.733343910815,17401.675008247246
2026-03-27 12:00:00,18996.803683278245,17984.517476658573,16909.003298184492
2026-03-27 16:00:00,18996.803683278245,17796.542216808368,16828.82826245125
2026-03-27 20:00:00,18996.803683278245,17785.995750084097,16778.676323373104
2026-03-28 00:00:00,18996.803683278245,17894.562319304514,16847.44274646607
2026-03-28 04:00:00,18996.803683278245,17848.03378963862,16779.05960029967
2026-03-28 08:00:00,18996.803683278245,17938.919517585997,16935.708224791844
2026-03-28 12:00:00,18996.803683278245,17885.87699376688,16847.718581792316
2026-03-28 16:00:00,18996.803683278245,18080.986628165858,17040.572082195464
2026-03-28 20:00:00,18996.803683278245,18051.51855937746,16971.161902469947
2026-03-29 00:00:00,18996.803683278245,17896.113270293376,16757.477031632974
2026-03-29 04:00:00,18996.803683278245,18049.037037795275,16924.503788912174
2026-03-29 08:00:00,18996.803683278245,17974.59139032985,16836.38932079902
2026-03-29 12:00:00,18996.803683278245,18012.74478465588,16861.659945620147
2026-03-29 16:00:00,18996.803683278245,17936.437996003817,16739.50365286815
2026-03-29 20:00:00,18996.803683278245,17885.256613371334,16707.549166575704
2026-03-30 00:00:00,18996.803683278245,17823.528764014583,16677.91675206577
2026-03-30 04:00:00,18996.803683278245,18089.671953703488,16983.0922615971
2026-03-30 08:00:00,18996.803683278245,18235.151156458847,17152.370210297555
2026-03-30 12:00:00,18987.305281436606,18275.47588216929,17226.30777273712
2026-03-30 16:00:00,19012.96985321668,18308.04585293541,17289.46615843162
2026-03-30 20:00:00,18842.45492983383,18000.647366942747,16899.171015699776
2026-03-31 00:00:00,18842.45492983383,18078.81529678145,16949.13504499486
2026-03-31 04:00:00,18842.45492983383,18298.119766606687,17166.194489062953
2026-03-31 08:00:00,18842.45492983383,18207.23403865931,17065.825631322237
2026-03-31 12:00:00,18842.45492983383,17994.75375318507,16744.000499512193
2026-03-31 16:00:00,18842.45492983383,17962.80416281449,16730.154766206175
2026-03-31 20:00:00,18833.033702368914,18196.37738173727,17006.565427253452
2026-04-01 00:00:00,18848.724317894055,18286.642729289102,17075.08056378069
2026-04-01 04:00:00,18849.520971662438,18283.540827311375,17108.049026823373
2026-04-01 08:00:00,18915.601998911934,18395.20929850952,17209.197991204244
2026-04-01 12:00:00,18902.66613392721,18362.639327743393,17135.224294824537
2026-04-01 16:00:00,18916.17546192015,18410.71880839815,17163.099084165606
2026-04-01 20:00:00,18899.638977502,18256.244089907384,17177.56070042249
2026-04-02 00:00:00,18882.152891916598,18235.151156458847,16898.998124179547
2026-04-02 04:00:00,18524.65571925702,17898.594791875556,16510.166769127325
2026-04-02 08:00:00,18524.65571925702,18003.439078722702,16615.860423656748
2026-04-02 12:00:00,18524.65571925702,17836.866942518805,16414.87887352333
2026-04-02 16:00:00,18524.65571925702,17965.906064792216,16535.520390887148
2026-04-02 20:00:00,18524.65571925702,18009.953072875927,16559.810072010398
2026-04-03 00:00:00,18524.65571925702,17991.0314708118,16541.35571261499
2026-04-03 04:00:00,18524.65571925702,17910.692209588688,16517.31481613787
2026-04-03 08:00:00,18524.65571925702,18022.981061182378,16658.177142809418
2026-04-03 12:00:00,18524.65571925702,18014.605925842516,16672.891556022427
2026-04-03 16:00:00,18524.65571925702,17992.89261199843,16678.544189808694
2026-04-03 20:00:00,18524.65571925702,18015.846686633606,16680.65252798854
2026-04-04 00:00:00,18524.65571925702,18035.698859291053,16708.196135264887
2026-04-04 04:00:00,18524.65571925702,18003.749268920474,16672.376170363852
2026-04-04 08:00:00,18524.65571925702,18054.620461355185,16710.358200988943
2026-04-04 12:00:00,18524.65571925702,18088.431192912398,16706.14564090827
2026-04-04 16:00:00,18524.65571925702,18150.469232466923,16819.510006927805
2026-04-04 20:00:00,18524.65571925702,18125.03363624957,16798.820891751155
2026-04-05 00:00:00,18524.65571925702,18128.75591862284,16801.849529721796
2026-04-05 04:00:00,18524.65571925702,18084.08853014358,16743.106874000754
2026-04-05 08:00:00,18524.65571925702,18001.267747338294,16597.07322074745
2026-04-05 12:00:00,18524.65571925702,18050.58798878414,16650.542617995663
2026-04-05 16:00:00,18524.65571925702,18132.47820099611,16665.160840177614
2026-04-05 20:00:00,18524.65571925702,18145.816379500335,16706.74622906145
2026-04-06 00:00:00,18496.91035372643,18601.175589830535,17126.34603763389
2026-04-06 04:00:00,18568.80682107473,18605.828442797123,17170.466495721164
2026-04-06 08:00:00,18484.400557093773,18536.345838496058,17079.865865423948
2026-04-06 12:00:00,18655.80875754374,18700.746643315546,17237.429083255163
2026-04-06 16:00:00,18714.69031773936,18800.317696800554,17271.007968804384
2026-04-06 20:00:00,18612.308318307107,18740.45098863044,17191.717526977416
2026-04-07 00:00:00,18269.452741813628,18496.951683378935,16873.946016412996
2026-04-07 04:00:00,18277.71829638949,18495.0905421923,16858.307294068538
2026-04-07 08:00:00,18245.4072776057,18443.28877916427,16837.202806105146
2026-04-07 12:00:00,18144.500051528394,18344.338106074807,16709.120532547255
2026-04-07 16:00:00,18144.500051528394,18272.06378999379,16622.968124597937
2026-04-07 20:00:00,18144.500051528394,18465.002093008356,16985.121519487835
2026-04-08 00:00:00,18117.32406543025,19089.414961124636,17664.161619426737
2026-04-08 04:00:00,17992.405883792286,18946.72747014923,17516.059732708058
2026-04-08 08:00:00,18039.375711280918,19005.663607726026,17538.046265048943
2026-04-08 12:00:00,18017.917292004808,19012.7979822748,17524.804766231715
2026-04-08 16:00:00,17837.631461449702,18930.907770062826,17357.67366804019
2026-04-08 20:00:00,17852.034231441285,18971.852876168814,17372.979131416694
2026-04-09 00:00:00,17735.910317259382,18905.472173845472,17267.35823130326
2026-04-09 04:00:00,17657.761901969396,18891.20342474793,17194.327420470072
2026-04-09 08:00:00,17655.225130699822,18884.379240396935,17216.471457604126
2026-04-09 12:00:00,17643.26335074894,18892.754375736797,17187.887142511292
2026-04-09 16:00:00,17813.33465270504,19135.01292019721,17456.62717768707
2026-04-09 20:00:00,17812.06406884865,19120.744171099668,17493.233160843534
2026-04-10 00:00:00,17715.97362640525,19052.812517787464,17356.846148638273
2026-04-10 04:00:00,17712.58296833624,19072.35450024714,17316.112560547248
2026-04-10 08:00:00,17676.223070508906,18993.255999815123,17302.006051765937
2026-04-10 12:00:00,17794.966498208094,19110.1977043754,17413.502407937565
2026-04-10 16:00:00,17840.097440953006,19188.05544401633,17513.407719301846
2026-04-10 20:00:00,17973.699000009587,19381.924317624213,17727.51704997155
2026-04-11 00:00:00,17930.152807207236,19310.27038193874,17634.90841172509
2026-04-11 04:00:00,17901.592167396873,19291.65897007238,17576.57669919869
2026-04-11 08:00:00,17883.152976468198,19258.158428712937,17547.026233446217
2026-04-11 12:00:00,17940.29549584232,19315.853805498646,17590.288594206242
2026-04-11 16:00:00,17945.97832902202,19303.756387785514,17635.165337863953
2026-04-11 20:00:00,18183.302719429856,19516.8570536553,17921.675107156007
2026-04-12 00:00:00,17966.54747758891,19340.04864092491,17712.982467639587
2026-04-12 04:00:00,17460.456995442535,18966.269452608907,17244.821389956534
2026-04-12 08:00:00,17460.456995442535,18997.288472386168,17263.509057946354
2026-04-12 12:00:00,17460.456995442535,18940.213475996006,17222.67945144003
2026-04-12 16:00:00,17460.456995442535,18785.1183771097,17078.377390034613
2026-04-12 20:00:00,17460.456995442535,18871.351252090484,17184.152472659724
2026-04-13 00:00:00,17460.456995442535,18807.141881151554,17113.52461054551
2026-04-13 04:00:00,17460.456995442535,18850.56850883972,17164.259719195965
2026-04-13 08:00:00,17460.456995442535,18788.530469285197,17143.32000814638
2026-04-13 12:00:00,17460.456995442535,18837.230330335497,17149.46572644173
2026-04-13 16:00:00,17460.456995442535,19048.780045216423,17306.851681693144
2026-04-13 20:00:00,17460.456995442535,19350.284917451405,17575.22813395456
2026-04-14 00:00:00,17434.305537136832,19620.460579711355,18027.944259318832
2026-04-14 04:00:00,17385.420985330195,19622.631911095763,17973.89852278305
2026-04-14 08:00:00,17399.609552391925,19640.00256217103,17971.435596291005
2026-04-14 12:00:00,17338.470155151223,19557.802159761286,17908.419918041032
2026-04-14 16:00:00,17420.662360027847,19821.774018065786,18015.366663853165
2026-04-14 20:00:00,17064.36278495596,19541.362079279337,17654.769329138875
2026-04-15 00:00:00,17069.56132957308,19502.58830455776,17623.78931586824
2026-04-15 04:00:00,17116.39340044265,19580.44604419869,17645.958916796924
2026-04-15 08:00:00,17036.384197684954,19416.35542957697,17524.821268892694
2026-04-15 12:00:00,17130.114211152682,19547.876073432562,17664.511278320326
2026-04-15 16:00:00,17063.143344630447,19402.70706087498,17625.325216578432
2026-04-15 20:00:00,17264.0960557774,19723.753915569636,17944.93293898768
2026-04-16 00:00:00,17204.11407101549,19661.715876015114,17833.819116773127
2026-04-16 04:00:00,17195.989173090366,19666.678919179474,17858.88361060698
2026-04-16 08:00:00,17161.548324397518,19653.03055047748,17850.306058040984
2026-04-16 12:00:00,17152.234534357463,19637.83123078662,17831.651107929923
2026-04-16 16:00:00,17170.331488179643,19674.123483926018,18000.733795678534
2026-04-16 20:00:00,17263.48790804686,19843.79752210764,18422.953585608913
2026-04-17 00:00:00,17148.625943935946,19791.68556888184,18282.00545061688
2026-04-17 04:00:00,16964.498451752937,19650.859219093072,18073.88188724031
2026-04-17 08:00:00,17046.38882284928,19775.24548839989,18173.312184862785
2026-04-17 12:00:00,17083.391231149457,19893.73814394903,18242.21275812384
2026-04-17 16:00:00,17344.17039988016,20459.525064686284,18701.40476227605
2026-04-17 20:00:00,17282.583508458647,20412.68634482262,18630.491888514887
2026-04-18 00:00:00,17208.355713464185,20325.212709050742,18546.535333739288
2026-04-18 04:00:00,17144.09905628104,20312.494910942063,18480.219468107876
2026-04-18 08:00:00,17147.55258572325,20312.80510113984,18488.552197077435
2026-04-18 12:00:00,16818.16020813485,20045.11096046207,18143.927186274883
2026-04-18 16:00:00,16845.16440508412,20082.333784194783,18196.476386754835
2026-04-18 20:00:00,16763.16273761086,19960.11884627237,18078.830999443802
2026-04-19 00:00:00,16767.389035466076,19974.38759536991,18090.346324597587
2026-04-19 04:00:00,16744.478688235118,19926.9284951107,18007.055944629137
2026-04-19 08:00:00,16744.478688235118,19859.927412391815,17882.323257561824
2026-04-19 12:00:00,16744.478688235118,19969.11436200778,18020.037766893147
2026-04-19 16:00:00,16744.478688235118,20033.32373294671,18112.34010000513
2026-04-19 20:00:00,16744.478688235118,19814.949833714785,17910.837348702793
2026-04-20 00:00:00,16744.478688235118,19507.55134772212,17576.38941185126
2026-04-20 04:00:00,16744.478688235118,19703.591552714417,17765.987712940216
2026-04-20 08:00:00,16744.478688235118,19754.462745149125,17817.290777483708
2026-04-20 12:00:00,16744.478688235118,19833.561245581142,17877.631281318238
2026-04-20 16:00:00,16744.478688235118,19941.817624603787,17980.09820888617
2026-04-20 20:00:00,16744.478688235118,20091.32929993019,18045.835677591218
2026-04-21 00:00:00,16744.478688235118,19971.59588358996,17935.6554359498
2026-04-21 04:00:00,16744.478688235118,19951.43352073474,17923.891164090353
2026-04-21 08:00:00,16744.478688235118,20072.71788806383,18033.15389240685
2026-04-21 12:00:00,16744.478688235118,20162.983235615662,18080.38433835643
2026-04-21 16:00:00,16744.478688235118,20035.495064331117,18059.212756452867
2026-04-21 20:00:00,16744.478688235118,19850.311516260866,17858.274822016487
2026-04-22 00:00:00,16736.106448891,20168.256468977797,18129.234985521034
2026-04-22 04:00:00,16809.278286804656,20493.02560604573,18404.012545834008
2026-04-22 08:00:00,16935.928188104197,20586.08266537751,18535.92030535142
2026-04-22 12:00:00,17022.060591769892,20702.09379934447,18627.46521729754
2026-04-22 16:00:00,17130.793073868976,21000.186579403955,18745.255018916287
2026-04-22 20:00:00,17043.739629909673,20895.03210235904,18632.66292071363
2026-04-23 00:00:00,16909.4800291882,20721.635781804147,18494.664424801253
2026-04-23 04:00:00,16738.6075486568,20626.09720089018,18317.85255557763
2026-04-23 08:00:00,16769.691717160844,20698.991897366745,18352.58976443462
2026-04-23 12:00:00,16708.234125794406,20632.611195043406,18318.08600086115
2026-04-23 16:00:00,16750.64107592687,20785.845152743077,18410.998090805177
2026-04-23 20:00:00,16708.062437737186,20631.99081464786,18252.845223223238
2026-04-24 00:00:00,16751.15614009852,20787.706293929714,18407.852408815794
2026-04-24 04:00:00,16712.78385931064,20649.051275525355,18292.054295812133
2026-04-24 08:00:00,16704.371144507033,20618.652636143637,18258.534137952745
2026-04-24 12:00:00,16734.759930634347,20728.459966155144,18361.57744340205
2026-04-24 16:00:00,16719.22216145626,20672.3155403583,18365.385779913435
2026-04-24 20:00:00,16687.97493504286,20559.406308369067,18302.57254458966
2026-04-25 00:00:00,16673.12391809364,20505.743404154404,18261.33951455763
2026-04-25 04:00:00,16689.4342835292,20564.679541731202,18314.95965951614
2026-04-25 08:00:00,16670.01164283645,20525.28538661408,18287.76343951298
2026-04-25 12:00:00,16670.01164283645,20576.156579048788,18305.96473817381
2026-04-25 16:00:00,16670.01164283645,20479.687427541507,18254.542359761792
2026-04-25 20:00:00,16670.01164283645,20481.54856872814,18203.01530237078
2026-04-26 00:00:00,16670.01164283645,20564.36935153343,18294.760649014075
2026-04-26 04:00:00,16670.01164283645,20575.846388851016,18309.30798271094
2026-04-26 08:00:00,16670.01164283645,20700.54284835561,18402.334745007593
2026-04-26 12:00:00,16670.01164283645,20683.482387478114,18384.03381731773
2026-04-26 16:00:00,16661.67663701503,20677.898963918207,18404.596168113123
2026-04-26 20:00:00,16703.09562494683,20736.835101495006,18488.744049020366
2026-04-27 00:00:00,16705.391812333084,20852.53604526419,18537.054640420392
2026-04-27 04:00:00,16811.893755668432,20925.430741740754,18646.828996194265
2026-04-27 08:00:00,16319.27536348773,20507.29435514327,18151.175668291704
2026-04-27 12:00:00,16319.27536348773,20571.193535884428,18180.805404193135
2026-04-27 16:00:00,16319.27536348773,20308.772628568793,17933.882617729654
2026-04-27 20:00:00,16319.27536348773,20350.02792487255,17979.374578458952
2026-04-28 00:00:00,16319.27536348773,20477.205905959323,18098.37399284945
2026-04-28 04:00:00,16319.27536348773,20341.65278953269,17983.58796255262
2026-04-28 08:00:00,16319.27536348773,20388.80169959413,17995.795915209415
2026-04-28 12:00:00,16319.27536348773,20246.424398816496,17887.85123278919
2026-04-28 16:00:00,16319.27536348773,20131.033645245083,17824.644024909772
2026-04-28 20:00:00,16319.27536348773,20221.298992796914,17934.543788043313
2026-04-29 00:00:00,16319.27536348773,20206.099673106055,17921.277481229758
2026-04-29 04:00:00,16319.27536348773,20409.27425264712,18082.923540096526
2026-04-29 08:00:00,16319.27536348773,20415.788246800344,18112.70877503945
2026-04-29 12:00:00,16319.27536348773,20566.85087311561,18196.790957422138
2026-04-29 16:00:00,16319.27536348773,20135.3763080139,17816.30518857138
2026-04-29 20:00:00,16319.27536348773,20074.579029250468,17665.33797500786
2026-04-30 00:00:00,16319.27536348773,20119.86679812527,17778.345512221575
2026-04-30 04:00:00,16319.27536348773,20181.90483767979,17814.037718145424
2026-04-30 08:00:00,16319.27536348773,20227.502796752367,17848.14901178692
2026-04-30 12:00:00,16319.27536348773,20153.677529682485,17768.89269390296
2026-04-30 16:00:00,16319.27536348773,20224.09070457687,17814.244459004258
2026-04-30 20:00:00,16319.27536348773,20199.585678952833,17766.348882637812
2026-05-01 00:00:00,16319.27536348773,20182.83540827311,17763.55870231327
2026-05-01 04:00:00,16319.27536348773,20391.59341137408,17944.605729190676
2026-05-01 08:00:00,16319.27536348773,20390.04246038522,17944.324103659572
2026-05-01 12:00:00,16319.27536348773,20449.59897835756,17958.67385282965
2026-05-01 16:00:00,16311.115725805987,20697.440946377883,18111.346553104213
2026-05-01 20:00:00,16323.752107378812,20745.52042703264,18101.48175496739
2026-05-02 00:00:00,16313.235376908524,20705.50589151997,18063.90227304425
2026-05-02 04:00:00,16328.072934626296,20761.96050751459,18099.716959976195
2026-05-02 08:00:00,16310.382000424339,20694.649234597928,18058.787992919286
2026-05-02 12:00:00,16307.120998728125,20682.241626687024,18059.365953196706
2026-05-02 16:00:00,16329.132760177567,20765.99298008563,18125.402542984084
2026-05-02 20:00:00,16330.192585728833,20770.025452656675,18152.939553511434
2026-05-03 00:00:00,16334.494584258242,20817.484552915885,18178.35131134755
2026-05-03 04:00:00,16263.618549253999,20687.204669851384,18051.274249622573
2026-05-03 08:00:00,16298.517880383431,20738.075862286096,18105.745347915923
2026-05-03 12:00:00,16340.955644420337,20814.692841135933,18150.61521220379
2026-05-03 16:00:00,16361.948200198629,20818.10493331143,18181.107551730194
2026-05-03 20:00:00,16360.25810622015,20811.28074896043,18191.330664114863
2026-05-04 00:00:00,16293.170442721803,20761.650317316813,18119.39746254223
2026-05-04 04:00:00,16647.451544170242,21217.009527647017,18490.264099188542
2026-05-04 08:00:00,16544.094995574233,21085.488883791426,18384.11548272513
2026-05-04 12:00:00,16396.830875523163,20902.16647690781,18229.359042041433
2026-05-04 16:00:00,16510.509847638245,21223.833711998013,18396.517996440794
2026-05-04 20:00:00,16527.43138960832,21232.208847337875,18409.328244059016
2026-05-05 00:00:00,16497.093968645557,21185.059937276437,18353.298197350312
2026-05-05 04:00:00,16656.62562590439,21467.64320744729,18565.9033275048
2026-05-05 08:00:00,16646.97043292241,21454.92540933861,18563.350918903474
2026-05-05 12:00:00,16657.844923178483,21502.384509597825,18591.687131222378
2026-05-05 16:00:00,16675.48905114568,21610.330698422695,18670.402161976053
2026-05-05 20:00:00,16730.156121682096,21648.173902550952,18769.33220207053
2026-05-06 00:00:00,16607.712297738537,21414.910873825946,18633.362132970935
2026-05-06 04:00:00,16761.15664699091,21601.024992489518,18819.108010204887
2026-05-06 08:00:00,16731.915521143863,21507.037362564413,18799.587528456548
2026-05-06 12:00:00,16989.64331856591,21751.467238409234,19106.131447421423
2026-05-06 16:00:00,16769.420180306508,21563.802168756803,18904.2391178607
2026-05-06 20:00:00,16777.400175517865,21509.20869394882,18909.404633766946
2026-05-07 00:00:00,16768.447568542942,21504.866031180005,18897.919357450708
2026-05-07 04:00:00,16637.830634373506,21342.9467479427,18669.42065704721
2026-05-07 08:00:00,16821.898839228827,21497.11127623569,18967.772509524733
2026-05-07 12:00:00,16724.190997262413,21316.580581132028,18822.446100810535
2026-05-07 16:00:00,16650.35251713026,21066.257091529525,18579.09162237396
2026-05-07 20:00:00,16672.459846511145,21182.578415694257,18662.01714580744
2026-05-08 00:00:00,16669.806966985438,21163.03643323458,18646.17736972154
2026-05-08 04:00:00,16659.416522176423,21043.613207092123,18573.971878223496
2026-05-08 08:00:00,16655.95304057342,21046.40491887208,18569.154519401287
2026-05-08 12:00:00,16673.491521882253,21158.693770465765,18647.8140434772
2026-05-08 16:00:00,16727.43340557161,21119.919995744185,18712.320645380867
2026-05-08 20:00:00,16911.440077118496,21114.646762382054,19021.25307942288
2026-05-09 00:00:00,16871.425810939098,21115.577332975372,18946.583676009584
2026-05-09 04:00:00,16972.97214389529,21162.726243036806,19128.929166219605
2026-05-09 08:00:00,16982.47829552907,21120.850566337504,19129.089999752356
2026-05-09 12:00:00,16973.045834993223,21155.90205868581,19127.00434816061
2026-05-09 16:00:00,16935.31599284985,21204.291729538338,19088.57776955126
2026-05-09 20:00:00,16965.013505318173,21306.034114407757,19187.988674582302
2026-05-10 00:00:00,16942.3166471538,21241.20436307328,19123.583611294474
2026-05-10 04:00:00,16960.960494931678,21275.63547502604,19166.432650665716
2026-05-10 08:00:00,16962.06586140072,21256.40368276414,19159.866476032028
2026-05-10 12:00:00,16969.287588998475,21282.459659377037,19174.210059515517
2026-05-10 16:00:00,17032.21978663606,21437.244568065573,19356.19644335816
2026-05-10 20:00:00,17142.213368833924,21434.14266608785,19558.644375307358
2026-05-11 00:00:00,17162.340493351945,21670.197406592808,19659.385227983912
2026-05-11 04:00:00,16861.45906879812,21291.455175112445,19323.1663770199
2026-05-11 08:00:00,16885.998552441233,21269.74186126836,19358.05438054706
2026-05-11 12:00:00,16898.994198819582,21401.882885519495,19407.512082685025
2026-05-11 16:00:00,16973.420406890822,21438.795519054438,19545.705859515438
2026-05-11 20:00:00,17083.860613329674,21586.446053194202,19744.538235672357
2026-05-12 00:00:00,17028.71011793573,21523.477443046362,19642.767944883166
2026-05-12 04:00:00,16887.40138099753,21380.789952070958,19455.002505314988
2026-05-12 08:00:00,16887.99090978102,21343.256938140472,19427.039659977476
2026-05-12 12:00:00,16814.131390840404,21331.15952042734,19314.0133864094
2026-05-12 16:00:00,16814.131390840404,21234.690368920055,19149.52590147494
2026-05-12 20:00:00,16814.131390840404,21356.905306842466,19321.694610533912
2026-05-13 00:00:00,16814.131390840404,21276.255855421587,19224.624705212766
2026-05-13 04:00:00,16814.131390840404,21479.43043496265,19452.735694717267
2026-05-13 08:00:00,16814.131390840404,21462.990354480702,19432.90108882254
2026-05-13 12:00:00,16814.131390840404,21315.65001053871,19300.322329727675
2026-05-13 16:00:00,16814.131390840404,20870.527076735,18696.53536045664
2026-05-13 20:00:00,16814.131390840404,21093.553828933513,18844.338513526964
2026-05-14 00:00:00,16814.131390840404,20995.223536239595,18827.162060797706
2026-05-14 04:00:00,16814.131390840404,20923.259410356346,18668.24323561122
2026-05-14 08:00:00,16814.131390840404,21124.262658513002,18864.617691857355
2026-05-14 12:00:00,16814.131390840404,21003.90886177723,18785.003772684573
2026-05-14 16:00:00,16805.724325144984,21599.16385130288,19318.97828889173
2026-05-14 20:00:00,16815.222197311607,21635.76629464005,19306.50515329892
2026-05-15 00:00:00,16796.7093956309,21564.422549152347,19198.82710735329
2026-05-15 04:00:00,16798.963128009418,21573.10787468998,19184.944690321434
2026-05-15 08:00:00,16790.431141147877,21540.227713726083,19140.402647158073
2026-05-15 12:00:00,16780.04787411826,21500.213178213417,19089.173117090475
2026-05-15 16:00:00,16672.904953900717,21118.98942515087,18705.067674335387
2026-05-15 20:00:00,16672.904953900717,21119.299615348642,18747.427371136113
2026-05-16 00:00:00,16672.904953900717,21106.89200743774,18723.07636808447
2026-05-16 04:00:00,16672.904953900717,21102.54934466892,18709.72587482183
2026-05-16 08:00:00,16672.904953900717,20924.81036134521,18457.362714642513
2026-05-16 12:00:00,16672.904953900717,20847.883192297602,18277.417130618895
2026-05-16 16:00:00,16672.904953900717,20891.309819985767,18332.40117812385
2026-05-16 20:00:00,16672.904953900717,20900.615525918947,18357.842554654126
2026-05-17 00:00:00,16672.904953900717,20869.596506141686,18337.431200258594
2026-05-17 04:00:00,16672.904953900717,20832.683872606744,18317.326833329254
2026-05-17 08:00:00,16672.904953900717,20877.661451283773,18389.61995120479
2026-05-17 12:00:00,16672.904953900717,20936.907779058343,18404.47795020732
2026-05-17 16:00:00,16672.904953900717,20831.132921617882,18314.01652068246
2026-05-17 20:00:00,16672.904953900717,20926.671502531848,18388.59692280578
2026-05-18 00:00:00,16672.904953900717,20683.792577675886,18078.054435197693
2026-05-18 04:00:00,16672.904953900717,20531.179000371758,17963.246222776826
2026-05-18 08:00:00,16672.904953900717,20542.96622788712,17953.837262381705
2026-05-18 12:00:00,16672.904953900717,20585.152094784196,17996.1609968691
2026-05-18 16:00:00,16672.904953900717,20337.310126763874,17793.77832625359
2026-05-18 20:00:00,16672.904953900717,20466.969629432828,17934.587100533976
2026-05-19 00:00:00,16672.904953900717,20481.54856872814,17981.300677665517
2026-05-19 04:00:00,16672.904953900717,20444.6359351932,17949.18066071627
2026-05-19 08:00:00,16672.904953900717,20579.568671224286,18056.743110405405
2026-05-19 12:00:00,16672.904953900717,20469.451151015008,17888.065758154273
2026-05-19 16:00:00,16672.904953900717,20445.87669598429,17888.25134149546
2026-05-19 20:00:00,16672.904953900717,20515.669490483127,17910.634814051988
2026-05-20 00:00:00,16672.904953900717,20516.289870878674,17901.980630562568
2026-05-20 04:00:00,16672.904953900717,20495.50712762791,17883.762271528525
2026-05-20 08:00:00,16672.904953900717,20657.11622066744,18031.398448499836
2026-05-20 12:00:00,16672.904953900717,20679.760105104844,18021.16780044332
2026-05-20 16:00:00,16672.904953900717,20663.320024622895,18131.56312568899
2026-05-20 20:00:00,16672.904953900717,20707.056842508835,18164.571248213848
2026-05-21 00:00:00,16672.904953900717,20681.621246291477,18143.679195868517
2026-05-21 04:00:00,16664.568501423768,20826.16987845352,18292.19852045479
2026-05-21 08:00:00,16655.34519863067,20800.113901840617,18258.78631663128
2026-05-21 12:00:00,16593.38543067382,20632.611195043406,18084.49131055572
2026-05-21 16:00:00,16655.568343053084,20669.213638380574,18218.004035013015
2026-05-21 20:00:00,16724.445588104754,20721.635781804147,18344.178972380243
2026-05-22 00:00:00,16694.395472553057,20716.05235824424,18285.288569161643
2026-05-22 04:00:00,16677.362114975484,20763.20126830568,18283.782580340172
2026-05-22 08:00:00,16676.097629915137,20666.421926600622,18235.84039750138
2026-05-22 12:00:00,16704.80887893236,20692.788093411295,18294.22226853139
2026-05-22 16:00:00,16665.312316165146,20512.25739830763,18156.833349792818
2026-05-22 20:00:00,16515.41631489386,20257.59124593631,17783.280423921897
2026-05-23 00:00:00,16515.41631489386,20190.279973019653,17751.91182519322
2026-05-23 04:00:00,16515.41631489386,20207.030243699373,17791.142629514376
2026-05-23 08:00:00,16515.41631489386,19934.062869659472,17396.201037024017
2026-05-23 12:00:00,16515.41631489386,19991.758246445177,17435.563728553618
2026-05-23 16:00:00,16515.41631489386,20188.108641635245,17717.382734687308
2026-05-23 20:00:00,16515.41631489386,20308.152248173246,17861.67115883338
2026-05-24 00:00:00,16515.41631489386,20493.64598644127,18050.019882554065
2026-05-24 04:00:00,16515.41631489386,20492.09503545241,18052.81254893014
2026-05-24 08:00:00,16515.41631489386,20507.914735538812,18086.795923854945
2026-05-24 12:00:00,16515.41631489386,20644.708612756538,18196.13340273436
2026-05-24 16:00:00,16515.41631489386,20384.459036825312,17924.25867338142
2026-05-24 20:00:00,16515.41631489386,20468.52058042169,17956.49609435266
2026-05-25 00:00:00,16515.41631489386,20522.8038650319,17955.310652804394
2026-05-25 04:00:00,16515.41631489386,20512.25739830763,17914.24203112205
2026-05-25 08:00:00,16515.41631489386,20611.51826159487,18068.97046447421
2026-05-25 12:00:00,16515.41631489386,20591.045708541875,18040.09376552811
2026-05-25 16:00:00,16515.41631489386,20665.491356007304,18133.14688501007
2026-05-25 20:00:00,16515.41631489386,20612.448832188184,18041.05480174911
2026-05-26 00:00:00,16515.41631489386,20595.38837131069,17976.401388009217
2026-05-26 04:00:00,16515.41631489386,20424.783762535753,17816.801753450705
2026-05-26 08:00:00,16515.41631489386,20430.67737629343,17827.478328579513
2026-05-26 12:00:00,16515.41631489386,20558.47573777575,17989.64138280176
2026-05-26 16:00:00,16515.41631489386,20395.936074142897,17833.39318573817
2026-05-26 20:00:00,16515.41631489386,20254.489343958587,17688.088481914878
2026-05-27 00:00:00,16515.41631489386,20213.5442378526,17664.07543489031
2026-05-27 04:00:00,16515.41631489386,20132.89478643172,17615.989044173468
2026-05-27 08:00:00,16515.41631489386,20214.474808445917,17718.56340459106
2026-05-27 12:00:00,16515.41631489386,20169.80741996666,17673.81042797381
2026-05-27 16:00:00,16515.41631489386,20055.96761738411,17680.446896022728
2026-05-27 20:00:00,16515.41631489386,19991.137866049634,17588.553829377528
2026-05-28 00:00:00,16515.41631489386,19846.899424085364,17362.76794853664
2026-05-28 04:00:00,16515.41631489386,19579.2052834076,17075.586815088765
2026-05-28 08:00:00,16515.41631489386,19603.400118833863,17135.13598982137
2026-05-28 12:00:00,16515.41631489386,19597.19631487841,17087.53229656517
2026-05-28 16:00:00,16515.41631489386,19385.956790195258,17010.807379942096
2026-05-28 20:00:00,16515.41631489386,19531.746183148385,17197.87539378612
2026-05-29 00:00:00,16515.41631489386,19588.821179538547,17198.704555075572
2026-05-29 04:00:00,16515.41631489386,19520.2691458308,17135.81732916773
2026-05-29 08:00:00,16515.41631489386,19568.9690068811,17209.830145233267
2026-05-29 12:00:00,16515.41631489386,19546.3251224437,17149.25917898897
2026-05-29 16:00:00,16515.41631489386,19585.40908736305,17250.04599307388
2026-05-29 20:00:00,16515.41631489386,19529.264661566205,17174.43784449734
2026-05-30 00:00:00,16515.41631489386,19533.29713413725,17173.050468212958
2026-05-30 04:00:00,16515.41631489386,19545.08436165261,17241.347112499137
2026-05-30 08:00:00,16515.41631489386,19544.774171454836,17208.756335040915
2026-05-30 12:00:00,16515.41631489386,19556.871589167968,17211.619128717015
2026-05-30 16:00:00,16515.41631489386,19635.659899402213,17283.41966980905
2026-05-30 20:00:00,16515.41631489386,19666.678919179474,17327.95559179082
2026-05-31 00:00:00,16515.41631489386,19631.317236633397,17285.25076215814
2026-05-31 04:00:00,16515.41631489386,19698.00812915451,17366.38393127571
2026-05-31 08:00:00,16515.41631489386,19631.317236633397,17278.6513744842
2026-05-31 12:00:00,16515.41631489386,19650.238838697525,17292.50615878469
2026-05-31 16:00:00,16515.41631489386,19570.830148067736,17169.34775962522
2026-05-31 20:00:00,16515.41631489386,19546.3251224437,17114.874337210003
2026-06-01 00:00:00,16515.41631489386,19595.95555408732,17230.441554269128
2026-06-01 04:00:00,16515.41631489386,19627.28476406235,17276.281898306
2026-06-01 08:00:00,16515.41631489386,19352.456248835813,16940.517035740075
2026-06-01 12:00:00,16515.41631489386,19286.695926908018,16941.20610338018
2026-06-01 16:00:00,16515.41631489386,18952.000703511367,16711.075511314386
2026-06-01 20:00:00,16515.41631489386,19072.974880642687,16948.8039064312
2026-06-02 00:00:00,16515.41631489386,19015.899884252525,16935.784119995533
2026-06-02 04:00:00,16515.41631489386,18892.754375736797,16854.674017198253
2026-06-02 08:00:00,16515.41631489386,18648.94488028752,16615.30897902301
2026-06-02 12:00:00,16515.41631489386,18473.68741854599,16478.03967923484
2026-06-02 16:00:00,16515.41631489386,17903.86802523769,15956.990865675649
2026-06-02 20:00:00,16515.41631489386,17932.095333235,15895.234311561755
2026-06-03 00:00:00,16515.41631489386,17800.264499181638,15662.10253341969
2026-06-03 04:00:00,16515.41631489386,17549.32062918359,15382.973934844933
2026-06-03 08:00:00,16515.41631489386,17933.02590382832,15837.313019285648
2026-06-03 12:00:00,16515.41631489386,17890.84003693124,15808.063955303729
2026-06-03 16:00:00,16515.41631489386,17646.09997088865,15504.679998865984
2026-06-03 20:00:00,16515.41631489386,17491.625252397884,15280.661432145007
2026-06-04 00:00:00,16515.41631489386,17120.01739546629,15128.601922070404
2026-06-04 04:00:00,16515.41631489386,17192.60190174508,15143.217974683033
2026-06-04 08:00:00,16515.41631489386,16992.21903398397,14806.871518240492
2026-06-04 12:00:00,16515.41631489386,16656.283049796224,14587.119655939543
2026-06-04 16:00:00,16515.41631489386,17031.613189101092,14843.530642709382
2026-06-04 20:00:00,16515.41631489386,16980.121616270837,14787.528135276785
2026-06-05 00:00:00,16515.41631489386,17043.09022641868,14771.111638050883
2026-06-05 04:00:00,16515.41631489386,16744.997446359193,14454.955667169455
2026-06-05 08:00:00,16515.41631489386,16823.475566395668,14310.36993212896
2026-06-05 12:00:00,16515.41631489386,16504.289852887643,14162.305720378117
2026-06-05 16:00:00,16515.41631489386,16248.693129923007,13866.231374294712
2026-06-05 20:00:00,16515.41631489386,16232.253049441058,13782.951617754905
2026-06-06 00:00:00,16515.41631489386,16452.177899661845,13901.09498216544
2026-06-06 04:00:00,16515.41631489386,16357.569889341195,13756.476572447573
2026-06-06 08:00:00,16515.41631489386,16440.080481948713,13798.068018019338
2026-06-06 12:00:00,16515.41631489386,16399.75575623827,13745.305133541275
2026-06-06 16:00:00,16515.41631489386,16378.973012987506,13690.215047363588
2026-06-06 20:00:00,16515.41631489386,16342.68075984811,13634.132549181162
2026-06-07 00:00:00,16515.41631489386,16417.43659751131,13733.296290166334
2026-06-07 04:00:00,16515.41631489386,16636.120686941005,14001.013348213375
2026-06-07 08:00:00,16515.41631489386,16854.8047763707,14215.502406363132
2026-06-07 12:00:00,16515.41631489386,16910.018631574225,14269.512375527513
2026-06-07 16:00:00,16515.41631489386,16763.919048423322,14216.019504216707
2026-06-07 20:00:00,16515.41631489386,16535.92925306045,14001.184786856826
2026-06-08 00:00:00,16507.15860673641,17060.460877493944,14518.25930045977
2026-06-08 04:00:00,16482.135248683542,16982.913328050792,14462.078040630018
2026-06-08 08:00:00,16499.251225591706,17035.95585186991,14445.079928207757
2026-06-08 12:00:00,16498.504853891063,17059.220116702854,14510.676819307511
2026-06-08 16:00:00,16567.92503598529,17136.76766614601,14599.526860765676
2026-06-08 20:00:00,16571.039559083583,17055.187644131813,14602.141826322197
2026-06-09 00:00:00,16489.972067740662,16976.089143699795,14516.396503345579
2026-06-09 04:00:00,16395.872729726398,16904.435208014318,14378.390898443442
2026-06-09 08:00:00,16498.63931932667,16988.186561412927,14510.018435557125
2026-06-09 12:00:00,16357.349861073402,16804.243774133764,14333.15286723143
2026-06-09 16:00:00,16071.471431127778,16406.89013078704,13987.713044968215
2026-06-09 20:00:00,16071.471431127778,16686.37149898017,14227.168160105328
2026-06-10 00:00:00,16071.471431127778,16599.208053406062,14135.710122389497
2026-06-10 04:00:00,16071.471431127778,16527.86430791836,14043.446962223992
2026-06-10 08:00:00,16071.471431127778,16557.022186508988,14062.231626934921
2026-06-10 12:00:00,16071.471431127778,16403.788228809313,13894.167323656988
2026-06-10 16:00:00,16071.471431127778,16819.753284022394,14267.632731397389
2026-06-10 20:00:00,16071.471431127778,16635.810496743234,13987.041456411906
2026-06-11 00:00:00,16071.471431127778,16532.517160884952,13914.373536399282
2026-06-11 04:00:00,16071.471431127778,16818.822713429076,14243.884261547886
2026-06-11 08:00:00,16071.471431127778,16839.29526648207,14233.394384095885
2026-06-11 12:00:00,16071.471431127778,16955.30640044903,14378.69607999966
2026-06-11 16:00:00,16071.471431127778,16898.85178445441,14314.22413955778
2026-06-11 20:00:00,16071.471431127778,17029.441857716683,14491.651402054926
2026-06-12 00:00:00,16071.471431127778,17038.747563649864,14482.520327177794
2026-06-12 04:00:00,16071.471431127778,17012.691587036963,14487.030907093704
2026-06-12 08:00:00,16071.471431127778,16905.055588409865,14370.860360315095
2026-06-12 12:00:00,16063.435695412214,17079.0722893603,14495.670660392607
2026-06-12 16:00:00,16043.928705666827,17042.469846023134,14503.889763135463
2026-06-12 20:00:00,16013.61330767006,17047.432889187497,14475.003952097595
2026-06-13 00:00:00,16014.099791246497,17048.98384017636,14477.274939612107
2026-06-13 04:00:00,16014.73083299137,17031.613189101092,14477.133558918977
2026-06-13 08:00:00,16084.532654235152,17124.04986803733,14573.612357354668
2026-06-13 12:00:00,16136.891323645827,17153.828127023502,14638.60904972559
2026-06-13 16:00:00,16211.211537161787,17246.264805959745,14740.5321181035
2026-06-13 20:00:00,16171.97984822619,17244.403664773108,14701.306433607726
2026-06-14 00:00:00,16252.272704613293,17289.381243450138,14791.363216667174
2026-06-14 04:00:00,16268.337552590405,17320.090073029627,14806.125884643232
2026-06-14 08:00:00,16180.742174938623,17290.932194439,14715.330742362265
2026-06-14 12:00:00,16181.698401526057,17321.95121421626,14718.012647895786
2026-06-14 16:00:00,16036.11377825994,17178.022962449766,14585.32218159347
2026-06-14 20:00:00,16031.84031035432,17126.22119942174,14585.87421907943
2026-06-15 00:00:00,16437.9462517189,17575.066415598718,15144.85188189155
2026-06-15 04:00:00,16429.078911950397,17622.525515857928,15145.401696872188
2026-06-15 08:00:00,16392.64175789466,17549.32062918359,15116.203290146532
2026-06-15 12:00:00,16694.63051279388,17696.971163323356,15364.605512914663
2026-06-15 16:00:00,17238.886929296226,17982.03595507639,15823.868895271757
2026-06-15 20:00:00,17133.632772922614,17830.35294836558,15755.448650454895
2026-06-16 00:00:00,16920.284539111955,17737.295889033798,15561.194116649207
2026-06-16 04:00:00,16848.46522363853,17710.30934182758,15510.206266813108
2026-06-16 08:00:00,16896.555549030745,17753.1155891202,15581.784131495027
2026-06-16 12:00:00,16991.909689367603,17777.000234348692,15639.882254277105
2026-06-16 16:00:00,16752.0543396157,17580.960029356396,15402.550624579999
2026-06-16 20:00:00,16811.538123652794,17532.880548701643,15458.730994047572
2026-06-17 00:00:00,16790.777625442002,17533.190738899415,15434.138001437092
2026-06-17 04:00:00,16797.383364630485,17578.168317576445,15458.465988454765
2026-06-17 08:00:00,16741.030041949016,17500.310577935517,15384.103899633501
2026-06-17 12:00:00,16592.450090117985,17330.01615935835,15188.24116468957
2026-06-17 16:00:00,16767.16851283794,17587.16383331185,15464.548681517237
2026-06-17 20:00:00,16555.22857478947,17331.877300544984,15188.014843187528
2026-06-18 00:00:00,16584.337239412216,17379.026210606422,15259.09110813904
2026-06-18 04:00:00,16543.069259187563,17288.45067285682,15165.860248519497
2026-06-18 08:00:00,16550.489343359586,17367.238983091065,15220.439783663398
2026-06-18 12:00:00,16550.489343359586,17304.580563140997,15153.666517293539
2026-06-18 16:00:00,16550.489343359586,16848.600972415246,14658.224310961581
2026-06-18 20:00:00,16550.489343359586,17027.580716530047,14855.195089169396
2026-06-19 00:00:00,16550.489343359586,17028.201096925593,14890.518919938851
2026-06-19 04:00:00,16550.489343359586,17005.24702229042,14815.873463840519
2026-06-19 08:00:00,16550.489343359586,16960.57963381116,14730.428483220207
2026-06-19 12:00:00,16550.489343359586,16944.449743526988,14698.12119611019
2026-06-19 16:00:00,16550.489343359586,17093.651228655617,14868.55361851726
2026-06-19 20:00:00,16550.489343359586,17024.478814552323,14796.397909122075
2026-06-20 00:00:00,16550.489343359586,17172.749729087634,14943.481361153674
2026-06-20 04:00:00,16550.489343359586,17155.99945840791,14954.934718298657
2026-06-20 08:00:00,16550.489343359586,17210.903123413664,15160.726420898445
2026-06-20 12:00:00,16550.489343359586,17217.106927369117,15181.178231428352
2026-06-20 16:00:00,16550.489343359586,17337.770914302666,15258.969564193278
2026-06-20 20:00:00,16550.489343359586,17281.006108110276,15210.648193800644
2026-06-21 00:00:00,16542.214098687906,17378.40583021088,15393.5131533955
2026-06-21 04:00:00,16562.628812152965,17411.596181372548,15437.818705086676
2026-06-21 08:00:00,16509.707452594397,17346.146049642524,15365.761141950643
2026-06-21 12:00:00,16509.152900380035,17345.21547904921,15355.915635378078
2026-06-21 16:00:00,16581.16366676258,17354.210994784615,15456.394182794651
2026-06-21 20:00:00,16605.13320731629,17354.831375180158,15493.395535133586
2026-06-22 00:00:00,16376.132719702833,17117.535873884106,15187.842861231478
2026-06-22 04:00:00,16452.378353645414,17307.992655316495,15384.011478608554
2026-06-22 08:00:00,16499.277325577597,17383.989253770786,15505.887170041256
2026-06-22 12:00:00,16562.90886664705,17502.481909319926,15581.817805380899
2026-06-22 16:00:00,16455.5831186198,17580.960029356396,15489.387981148331
2026-06-22 20:00:00,16368.78360800527,17493.176203386745,15410.037748653587
2026-06-23 00:00:00,16235.811270957682,17363.20651052002,15276.197391188503
2026-06-23 04:00:00,16242.212087689153,17374.99373803538,15286.219595693547
2026-06-23 08:00:00,15989.487371149555,17074.10924619594,14936.944153222543
2026-06-23 12:00:00,15989.487371149555,17011.761016443645,14838.09022469832
2026-06-23 16:00:00,15989.487371149555,17008.659114465918,14799.294916577794
2026-06-23 20:00:00,15989.487371149555,16998.422837939423,14796.00182988997
2026-06-24 00:00:00,15989.487371149555,17082.4843815358,14910.74493201344
2026-06-24 04:00:00,15989.487371149555,17104.197695379884,14914.785592772369
2026-06-24 08:00:00,15989.487371149555,17102.336554193247,14916.830240202169
2026-06-24 12:00:00,15989.487371149555,17189.810189965126,15007.582527906223
2026-06-24 16:00:00,15989.487371149555,16450.62694867298,14419.258264929365
2026-06-24 20:00:00,15989.487371149555,16365.32464428551,14225.515098528613
2026-06-25 00:00:00,15989.487371149555,16666.209136124948,14570.69837983685
2026-06-25 04:00:00,15989.487371149555,16590.832918066204,14491.107805614469
2026-06-25 08:00:00,15989.487371149555,16886.133986345736,14820.4322571886
2026-06-25 12:00:00,15989.487371149555,16747.168777743602,14637.399355535737
2026-06-25 16:00:00,15989.487371149555,16218.604680739063,14156.795725187363
2026-06-25 20:00:00,15989.487371149555,16162.46025494222,14119.804314734512
2026-06-26 00:00:00,15989.487371149555,16307.629267499804,14342.638958533822
2026-06-26 04:00:00,15989.487371149555,16359.43103052783,14380.845406763074
2026-06-26 08:00:00,15989.487371149555,16466.446648759385,14693.534510797435
2026-06-26 12:00:00,15989.487371149555,16151.91378821795,14309.6481334866
2026-06-26 16:00:00,15981.49262746398,16392.6213816895,14786.003837811935
2026-06-26 20:00:00,16053.175455868395,16256.13769466955,14830.897162948997
2026-06-27 00:00:00,15969.601711222776,16352.29665597906,14757.0408745071
2026-06-27 04:00:00,15994.564202055373,16405.028989600407,14810.781061706712
2026-06-27 08:00:00,15998.780839020339,16469.858740934884,14844.861497711434
2026-06-27 12:00:00,15959.987778942655,16414.024505335812,14770.831925148344
2026-06-27 16:00:00,16036.983569922926,16539.65153543372,14945.856030631334
2026-06-27 20:00:00,15910.653126452558,16375.250730614234,14685.629339514137
2026-06-28 00:00:00,15867.137432974112,16337.407526485975,14608.90508137823
2026-06-28 04:00:00,15900.280199518744,16377.422061998643,14669.071173003133
2026-06-28 08:00:00,15911.918117542047,16390.760240502867,14689.695488740595
2026-06-28 12:00:00,15971.035367790864,16420.84868968681,14788.083884178883
2026-06-28 16:00:00,15985.709264428944,16297.082800775535,14763.783832497087
2026-06-28 20:00:00,15877.847690865125,16184.483758984075,14560.47840101509
2026-06-29 00:00:00,15931.820644016685,16210.849925794748,14648.369927046697
2026-06-29 04:00:00,16026.694975728411,16334.926004903795,14836.442136348462
2026-06-29 08:00:00,16021.803676849051,16303.906985126532,14809.742337013551
2026-06-29 12:00:00,16006.202120078678,16279.712149700268,14772.814199996163
2026-06-29 16:00:00,16096.185152911044,16219.845441530153,14877.697179857041
2026-06-29 20:00:00,16243.231714525167,16381.454534569686,15200.913661045812
2026-06-30 00:00:00,16142.964443211795,16344.852091232518,15090.969655751385
2026-06-30 04:00:00,15998.116955354952,16196.891366894979,14929.583122119344
2026-06-30 08:00:00,15997.610958919155,16182.312427599667,14931.915495201822
2026-06-30 12:00:00,15943.806671246195,16090.49612905897,14809.886365433144
2026-06-30 16:00:00,15903.587038550524,15841.723590445332,14661.847180130466
2026-06-30 20:00:00,15903.587038550524,15943.155785116978,14769.042931982432
2026-07-01 00:00:00,15903.587038550524,15913.687716328579,14757.010855170563
2026-07-01 04:00:00,15903.587038550524,16079.329281939157,15027.806877337927
2026-07-01 08:00:00,15903.587038550524,15963.938528367744,14909.383936798873
2026-07-01 12:00:00,15903.587038550524,15953.392061643475,14907.113196897575
2026-07-01 16:00:00,15887.683451511974,16379.903583580823,15378.026257652291
2026-07-01 20:00:00,15856.695176843157,16347.953993210243,15324.627881792308
2026-07-02 00:00:00,15859.548776281903,16349.81513439688,15358.473149485075
2026-07-02 04:00:00,16032.209658747173,16621.541747645693,15611.615384580753
2026-07-02 08:00:00,15789.429032552787,16335.236195101566,15388.04686507197
2026-07-02 12:00:00,16314.64298684307,16670.86198909154,15987.537655017855
2026-07-02 16:00:00,16334.068405983386,16682.649216606897,15873.080505282243
2026-07-02 20:00:00,16351.295948364412,16670.86198909154,15883.464211488019
2026-07-03 00:00:00,16357.267096441788,16699.089297088845,15887.055282678793
2026-07-03 04:00:00,16342.246225417966,16638.602208523185,15859.16436405072
2026-07-03 08:00:00,16419.37384491297,16706.53386183539,15934.726334632578
2026-07-03 12:00:00,16552.285119866654,16786.873123058496,16032.794386912297
2026-07-03 16:00:00,16507.02664524801,16783.150840685226,15996.51392858378
2026-07-03 20:00:00,16661.3456358567,16864.730862699424,16163.857883823555
2026-07-04 00:00:00,16729.170891899666,16963.371345591117,16204.938083201014
2026-07-04 04:00:00,16746.75470642498,16977.95028488643,16241.872764690695
2026-07-04 08:00:00,16758.567943367078,16961.820394602255,16244.548433743192
2026-07-04 12:00:00,16692.428700912496,16943.82936313144,16150.67688526422
2026-07-04 16:00:00,16865.734836369535,17069.766583427125,16280.033568183597
2026-07-04 20:00:00,16879.339027400165,17164.374593747772,16278.659394634848
2026-07-05 00:00:00,16824.65472942753,17125.911009223968,16243.773696489548
2026-07-05 04:00:00,16637.416716216496,17017.34444000355,16052.886857074584
2026-07-05 08:00:00,16702.528347706713,17090.54932667789,16107.720255970962
2026-07-05 12:00:00,16624.71299129702,16986.32542022629,16042.615101968448
2026-07-05 16:00:00,16737.093632940774,17016.72405960801,16153.353488924164
2026-07-05 20:00:00,16726.83398332131,17018.58520079464,16127.657683209924
2026-07-06 00:00:00,16810.808308924927,17246.885186355288,16260.437716358581
2026-07-06 04:00:00,16764.680405742456,17160.342121176727,16148.283592701304
2026-07-06 08:00:00,16730.429069947957,17112.262640521974,16133.01880018998
2026-07-06 12:00:00,16647.918808070313,16967.40381816216,16033.253007286476
2026-07-06 16:00:00,16830.13753199187,17248.436137344153,16270.74074762229
2026-07-06 20:00:00,16843.04021007933,17276.973635539234,16325.2277202123
2026-07-07 00:00:00,16893.633400100094,17355.141565377933,16353.397930028026
2026-07-07 04:00:00,16732.840818911962,17128.082340608376,16152.086396383118
2026-07-07 08:00:00,16713.194258072595,17120.947966059604,16203.541966515644
2026-07-07 12:00:00,16713.194258072595,17191.050950756216,16213.67402376249
2026-07-07 16:00:00,16704.837660943558,17356.07213597125,16379.416170098808
2026-07-07 20:00:00,16686.7996089788,17339.321865291528,16300.543520690997
2026-07-08 00:00:00,16636.892624935568,17236.959100026565,16180.013052237264
2026-07-08 04:00:00,16636.892624935568,17045.57174800086,15892.988939059709
2026-07-08 08:00:00,16636.892624935568,17065.113730460536,15845.138270263928
2026-07-08 12:00:00,16636.892624935568,16945.380314120306,15746.395688354536
2026-07-08 16:00:00,16636.892624935568,16787.493503454043,15581.800066854015
2026-07-08 20:00:00,16636.892624935568,16899.78235504773,15678.551881792107
2026-07-09 00:00:00,16636.892624935568,16908.777870783135,15737.548590626022
2026-07-09 04:00:00,16636.892624935568,16819.753284022394,15641.159867226757
2026-07-09 08:00:00,16636.892624935568,17082.17419133803,15832.035420730179
2026-07-09 12:00:00,16636.892624935568,17026.960336134503,15745.760365727496
2026-07-09 16:00:00,16636.892624935568,17039.367944045407,15741.595645809899
2026-07-09 20:00:00,16636.892624935568,17168.096876121042,15856.35787498322
2026-07-10 00:00:00,16636.892624935568,17146.693752474734,15828.27317532372
2026-07-10 04:00:00,16636.892624935568,17324.12254560067,16018.147751844182
2026-07-10 08:00:00,16636.892624935568,17343.97471825812,16012.680162386907
2026-07-10 12:00:00,16620.25573231063,17474.874981718163,16148.215915061643
2026-07-10 16:00:00,16547.380010558296,17357.933277157885,15967.655329314086
2026-07-10 20:00:00,16563.07195256705,17359.79441834452,15961.734561329315
2026-07-11 00:00:00,16596.47970200881,17425.244550074545,16016.203051219229
2026-07-11 04:00:00,16596.88062105809,17426.17512066786,15983.824718881428
2026-07-11 08:00:00,16606.45534508545,17426.17512066786,16005.958255068606
2026-07-11 12:00:00,16614.59490824652,17441.064250160947,16027.128802738549
2026-07-11 16:00:00,16653.50251078366,17432.99930501886,16067.324790846335
2026-07-11 20:00:00,16697.47593690244,17467.74060716939,16073.264009460428
2026-07-12 00:00:00,16540.54538834966,17336.840343709348,15843.614863273637
2026-07-12 04:00:00,16651.63652210244,17451.300526687442,15941.520100762791
2026-07-12 08:00:00,16583.313261770152,17358.243467355656,15840.032677226856
2026-07-12 12:00:00,16607.717322414075,17386.780965550737,15897.862658693026
2026-07-12 16:00:00,16676.27643310232,17436.101206996584,15989.865971754847
2026-07-12 20:00:00,16683.422573606826,17452.851477676308,16018.734710402332
2026-07-13 00:00:00,16607.43294420169,17341.183006478164,15888.69283158037
2026-07-13 04:00:00,16425.46097264969,17084.345522722437,15669.15385064921
2026-07-13 08:00:00,16425.46097264969,17098.614271819977,15723.625124490194
2026-07-13 12:00:00,16425.46097264969,17065.423920658308,15685.881834062118
2026-07-13 16:00:00,16425.46097264969,17026.960336134503,15638.161957733253
2026-07-13 20:00:00,16425.46097264969,16954.686020053483,15561.39489743199
2026-07-14 00:00:00,16425.46097264969,16974.8483829087,15555.142931968945
2026-07-14 04:00:00,16425.46097264969,17020.75653217905,15584.652271142637
2026-07-14 08:00:00,16425.46097264969,17010.520255652555,15552.527853497944
2026-07-14 12:00:00,16425.46097264969,17075.35000698703,15639.948142928733
2026-07-14 16:00:00,16409.035511677037,17567.00147045663,16085.404012445419
2026-07-14 20:00:00,16405.819531467278,17529.15826632837,16065.223784468431
2026-07-15 00:00:00,16483.365010594684,17645.4795904931,16190.257994646781
2026-07-15 04:00:00,16404.235969268942,17557.38557432568,16115.21016771415
2026-07-15 08:00:00,16379.610678496,17517.681229010785,16070.213134531776
2026-07-15 12:00:00,16447.369269479714,17583.75174113635,16132.287187697377
2026-07-15 16:00:00,16616.65262435992,17741.32836160484,16286.095610467557
2026-07-15 20:00:00,16449.679355922475,17572.274703818763,16102.069349331236
2026-07-16 00:00:00,16415.73753064683,17508.685713275376,16079.142397836335
2026-07-16 04:00:00,16384.349244012134,17471.773079740437,16037.980860514464
2026-07-16 08:00:00,16280.28237501816,17362.89632032225,15936.303769911086
2026-07-16 12:00:00,16208.259262555577,17367.85936348661,15887.553083536404
2026-07-16 16:00:00,16258.325757811508,17526.67674474619,15989.86473391105
2026-07-16 20:00:00,16208.368108183968,17420.90188730573,15870.706266262634
2026-07-17 00:00:00,16127.475237183451,17290.00162384568,15761.234636690693
2026-07-17 04:00:00,16083.024579473651,17221.449590137934,15712.709570551546
2026-07-17 08:00:00,16083.024579473651,17009.899875257008,15546.032049689362
2026-07-17 12:00:00,16083.024579473651,17170.888587900998,15654.456715369706
2026-07-17 16:00:00,16083.024579473651,17199.73627629385,15636.402052315698
2026-07-17 20:00:00,16083.024579473651,17389.882867528464,15758.038988462486
2026-07-18 00:00:00,16083.024579473651,17335.599582918258,15725.969654010067
2026-07-18 04:00:00,16083.024579473651,17358.243467355656,15772.84081119694
2026-07-18 08:00:00,16083.024579473651,17357.31289676234,15727.136221438515
2026-07-18 12:00:00,16083.024579473651,17370.651075266564,15738.06591620903
2026-07-18 16:00:00,16083.024579473651,17384.609634166332,15738.276097715505
2026-07-18 20:00:00,16083.024579473651,17503.722670111016,15845.779920087669
2026-07-19 00:00:00,16083.024579473651,17582.821170543033,15887.912895146048
2026-07-19 04:00:00,16083.024579473651,17541.565874239273,15921.286665076746
2026-07-19 08:00:00,16083.024579473651,17548.0798683925,15945.44486255831
2026-07-19 12:00:00,16083.024579473651,17478.597264091433,15914.20822702448
2026-07-19 16:00:00,16083.024579473651,17510.23666426424,15937.605399951233
2026-07-19 20:00:00,16083.024579473651,17479.21764448698,15889.84406241075
2026-07-20 00:00:00,16083.024579473651,17552.422531161315,15978.851442222229
2026-07-20 04:00:00,16066.941554894178,17575.37660579649,16021.247145381778
2026-07-20 08:00:00,15981.49324757834,17411.90637157032,15888.759923163056
2026-07-20 12:00:00,16136.465632360716,17626.2477982312,16105.172740968981
2026-07-20 16:00:00,16282.271163457772,17815.463818872497,16260.783994940124
2026-07-20 20:00:00,16221.103707949485,17694.489641741176,16196.937441085458
2026-07-21 00:00:00,16252.17714656669,17707.517630047627,16225.610009566546
2026-07-21 04:00:00,16379.439147200119,17808.6396345215,16332.269718066309
2026-07-21 08:00:00,16462.39768486882,17964.04492360558,16422.36730018411
2026-07-21 12:00:00,16471.54599925066,18013.054974853654,16424.153059611534
2026-07-21 16:00:00,16490.6996930128,18124.10306565625,16446.37728468745
2026-07-21 20:00:00,16431.012455585613,18067.02806926609,16386.72695936734
2026-07-22 00:00:00,16482.56778267025,18100.838800823305,16438.54133665411
2026-07-22 04:00:00,16420.74373997206,17993.51299239398,16366.391091679008
2026-07-22 08:00:00,16292.42895032743,17890.219656535697,16236.77981353039
2026-07-22 12:00:00,16381.729098540116,17943.262180354814,16321.28277340114
2026-07-22 16:00:00,16482.760861302428,17940.470468574862,16424.847574397663
2026-07-22 20:00:00,16368.013176092376,17913.483921368643,16311.086129190819
2026-07-23 00:00:00,16440.19485506057,17964.35511380335,16384.08122173272
2026-07-23 04:00:00,16302.156653773816,17814.53324827918,16249.456494762428
2026-07-23 08:00:00,16233.249673272456,17759.629583273425,16189.341853190108
2026-07-23 12:00:00,16277.175766282577,17840.58922489208,16308.81073461516
2026-07-23 16:00:00,16198.729316163386,17705.96667905876,16104.40607758774
2026-07-23 20:00:00,16131.708777659245,17666.57252394164,15999.989701827155
2026-07-24 00:00:00,16131.708777659245,17741.638551802615,16045.953214850317
2026-07-24 04:00:00,16131.708777659245,17826.63066599231,16068.761583688738
2026-07-24 08:00:00,16131.708777659245,17828.80199737672,16105.099875948541
2026-07-24 12:00:00,16131.708777659245,17733.263416462753,15981.766177803434
2026-07-24 16:00:00,16131.708777659245,17449.43938550081,15732.688905138439
2026-07-24 20:00:00,16131.708777659245,17507.134762286514,15762.133566083561
2026-07-25 00:00:00,16131.708777659245,17492.24563279343,15753.653436596105
2026-07-25 04:00:00,16131.708777659245,17468.050797367163,15760.676592468488
2026-07-25 08:00:00,16131.708777659245,17449.129195303034,15714.535997994695
2026-07-25 12:00:00,16131.708777659245,17471.15269934489,15743.33340713282
2026-07-25 16:00:00,16131.708777659245,17504.343050506563,15793.353398100033
2026-07-25 20:00:00,16131.708777659245,17561.10785669895,15861.30103797407
2026-07-26 00:00:00,16131.708777659245,17550.251199776907,15849.554783074323
2026-07-26 04:00:00,16131.708777659245,17603.91410399157,15928.163015111502
2026-07-26 08:00:00,16131.708777659245,17553.97348215018,15892.371421730786
2026-07-26 12:00:00,16131.708777659245,17589.024974498487,15919.013640199304
2026-07-26 16:00:00,16131.708777659245,17664.09100235946,16041.189330275178
2026-07-26 20:00:00,16131.708777659245,17624.076466846793,16000.547545153782
2026-07-27 00:00:00,16115.577068881586,17789.097652061824,16240.793600785099
2026-07-27 04:00:00,16065.172530908614,17744.430263582566,16171.88445290861
2026-07-27 08:00:00,16118.622009532999,17741.948742000386,16205.976170379621
2026-07-27 12:00:00,16120.87487624121,17725.508661518437,16207.734413651255
2026-07-27 16:00:00,15950.824255091717,17585.61288232299,16000.669638073607
2026-07-27 20:00:00,16070.681478559132,17716.202955585257,16155.877631984557
2026-07-28 00:00:00,15775.280667545989,17383.679063573014,15789.447130552282
2026-07-28 04:00:00,15775.280667545989,17261.4641256506,15631.161684057683
2026-07-28 08:00:00,15775.280667545989,17314.196459271945,15660.4129181983
2026-07-28 12:00:00,15775.280667545989,17302.40923175659,15635.014755041982
2026-07-28 16:00:00,15775.280667545989,17379.026210606422,15804.52994510673
2026-07-28 20:00:00,15775.280667545989,17392.67457930842,15822.299244017515
2026-07-29 00:00:00,15775.280667545989,17392.98476950619,15775.136472523496
2026-07-29 04:00:00,15775.280667545989,17331.25692014944,15628.532044553318
2026-07-29 08:00:00,15775.280667545989,17549.010438985817,15863.83184492929
2026-07-29 12:00:00,15775.280667545989,17562.658807687814,15837.129676572942
2026-07-29 16:00:00,15775.280667545989,17405.392377417094,15668.365237745671
2026-07-29 20:00:00,15775.280667545989,17213.384644995847,15504.475130466093
2026-07-30 00:00:00,15775.280667545989,17291.862765032318,15640.466271080124
2026-07-30 04:00:00,15775.280667545989,17367.549173288837,15682.053701989418
2026-07-30 08:00:00,15775.280667545989,17343.664528060344,15645.488428556666
2026-07-30 12:00:00,15775.280667545989,17492.866013188974,15772.436375461602
2026-07-30 16:00:00,15775.280667545989,17409.42484998814,15740.07746527118
2026-07-30 20:00:00,15775.280667545989,17416.55922453691,15752.74772523193
2026-07-31 00:00:00,15775.280667545989,17426.485310865635,15733.674594413646
2026-07-31 04:00:00,15775.280667545989,17325.363306391762,15654.201453899073
2026-07-31 08:00:00,15775.280667545989,17214.00502539139,15543.557659970025
2026-07-31 12:00:00,15775.280667545989,17221.759780335706,15556.24342194229
2026-07-31 16:00:00,15775.280667545989,16872.175427445967,15333.25759490754
2026-07-31 20:00:00,15775.280667545989,16925.217951265084,15349.235691160702
2026-08-01 00:00:00,15775.280667545989,16907.847300189816,15316.160282003842
2026-08-01 04:00:00,15775.280667545989,16937.935749373763,15351.347917995015
2026-08-01 08:00:00,15775.280667545989,16954.065639657936,15352.082832977725
2026-08-01 12:00:00,15775.280667545989,16964.612106382207,15349.451064493212
2026-08-01 16:00:00,15775.280667545989,16945.07012392253,15337.730428184612
2026-08-01 20:00:00,15775.280667545989,16820.063474220166,15099.133857300218
2026-08-02 00:00:00,15775.280667545989,16899.472164849958,15207.353952675003
2026-08-02 04:00:00,15775.280667545989,17077.52133837144,15432.173201637379
2026-08-02 08:00:00,15775.280667545989,17072.558295207076,15450.815695243822
2026-08-02 12:00:00,15775.280667545989,16951.273927877985,15335.685305841707
2026-08-02 16:00:00,15775.280667545989,16970.505720139885,15350.466423046088
2026-08-02 20:00:00,15775.280667545989,17049.914410769677,15468.116916174957
2026-08-03 00:00:00,15775.280667545989,17065.73411085608,15459.17586033709
2026-08-03 04:00:00,15775.280667545989,16891.717409905643,15299.82372909733
2026-08-03 08:00:00,15775.280667545989,16830.920131142208,15228.6295025939
2026-08-03 12:00:00,15775.280667545989,16808.896627100352,15205.295847059722
2026-08-03 16:00:00,15775.280667545989,17150.105844650232,15484.21811604418
2026-08-03 20:00:00,15767.393027212216,17196.634374316123,15548.999941407168
2026-08-04 00:00:00,15732.44270840142,17100.475413006614,15455.077533747455
2026-08-04 04:00:00,15744.392934505348,17179.57391343863,15504.71933678638
2026-08-04 08:00:00,15743.165171549463,17144.832611288097,15489.739066736645
2026-08-04 12:00:00,15748.54679896726,17198.49551550276,15536.81693536125
2026-08-04 16:00:00,15767.05073099736,17245.95461576197,15557.804436222657
2026-08-04 20:00:00,15787.333249325575,17269.218880594915,15584.444358000037
2026-08-05 00:00:00,15739.34094275189,17225.171872511204,15514.588126530285
2026-08-05 04:00:00,15746.390278463577,17243.162903982018,15518.953265796441
2026-08-05 08:00:00,15765.37508514329,17245.02404516865,15551.925019114766
2026-08-05 12:00:00,15721.86891601798,17190.740760558445,15487.780009170492
2026-08-05 16:00:00,15767.182345894018,17286.589531670183,15550.182139434888
2026-08-05 20:00:00,15827.933177841423,17399.498763659416,15693.59437957593
2026-08-06 00:00:00,15749.788595182694,17339.632055489303,15613.410596718877
2026-08-06 04:00:00,15670.642034230475,17315.74741026081,15543.200469425305
2026-08-06 08:00:00,15735.870803659107,17401.049714648278,15631.527904397008
2026-08-06 12:00:00,15711.678611159146,17348.627571224708,15568.984829623925
2026-08-06 16:00:00,15745.920150884893,17391.43381851733,15590.22856884079
2026-08-06 20:00:00,15724.95030998574,17341.183006478164,15524.722389490376
2026-08-07 00:00:00,15695.573500682429,17303.64999254768,15489.705842291067
2026-08-07 04:00:00,15676.239088917262,17292.17295523009,15472.65796510494
2026-08-07 08:00:00,15692.161392807468,17302.40923175659,15512.72231387721
2026-08-07 12:00:00,15780.942763270425,17479.52783468475,15652.326470544293
2026-08-07 16:00:00,15752.615324305256,17407.563708801503,15637.57933560164
2026-08-07 20:00:00,15759.152639441452,17423.073218690137,15650.761475073228
2026-08-08 00:00:00,15744.367422826592,17414.698083350275,15610.924644690509
2026-08-08 04:00:00,15756.262779746037,17442.925391347584,15743.149318541226
2026-08-08 08:00:00,15742.540007288557,17430.827973634452,15731.335104704558
2026-08-08 12:00:00,15817.759439755522,17432.689114821085,15822.140944540057
2026-08-08 16:00:00,15881.550713745783,17458.434901236215,15905.502782870335
2026-08-08 20:00:00,15858.662529807876,17458.745091433986,15878.460505602277
2026-08-09 00:00:00,15827.354649807494,17424.93435987677,15847.596710671667
2026-08-09 04:00:00,15797.515935646326,17382.438302781924,15826.724227671606
2026-08-09 08:00:00,15836.92006347622,17392.67457930842,15873.866301277398
2026-08-09 12:00:00,15846.75865799611,17424.313979481227,15899.015294149187
2026-08-09 16:00:00,15929.225789975357,17501.241148528836,16031.894868328294
2026-08-09 20:00:00,15891.257449605684,17482.93992686025,15992.684514282155
2026-08-10 00:00:00,15760.466511845123,17404.77199702155,15856.386991828022
2026-08-10 04:00:00,15797.058881882069,17436.72158739213,15916.32689925683
2026-08-10 08:00:00,15831.820070493988,17481.69916606916,15969.447976090338
2026-08-10 12:00:00,15836.553851960125,17472.703650333755,15971.62232542106
2026-08-10 16:00:00,15685.690548954952,17251.227849124105,15731.146037789047
2026-08-10 20:00:00,15705.968757834895,17197.875135107213,15745.745119373107
2026-08-11 00:00:00,15689.617949093754,17173.059919285406,15707.065890978047
2026-08-11 04:00:00,15697.633051417844,17219.898639149073,15745.423380112159
2026-08-11 08:00:00,15676.152577189287,17217.106927369117,15712.028039594701
2026-08-11 12:00:00,15712.621292763888,17298.686949383315,15812.752899153918
2026-08-11 16:00:00,15609.44608658683,17080.93343054694,15560.897782372398
2026-08-11 20:00:00,15609.44608658683,17061.701638285038,15659.575617124294
2026-08-12 00:00:00,15609.44608658683,17070.386963822668,15716.31358498742
2026-08-12 04:00:00,15609.44608658683,17147.934513265824,15770.459192054466
2026-08-12 08:00:00,15609.44608658683,17141.110328914827,15755.412338175098
2026-08-12 12:00:00,15609.44608658683,17244.403664773108,15877.249410205499
2026-08-12 16:00:00,15609.44608658683,17035.645661672137,15670.893832929112
2026-08-12 20:00:00,15609.44608658683,17056.118214725127,15676.516180026701
2026-08-13 00:00:00,15609.44608658683,17062.942399076128,15658.521817166631
2026-08-13 04:00:00,15609.44608658683,17117.84606408188,15755.704102394731
2026-08-13 08:00:00,15609.44608658683,17169.647827109908,15803.082636450814
2026-08-13 12:00:00,15609.44608658683,17054.257073538494,15656.73073905108
2026-08-13 16:00:00,15609.44608658683,17046.50231859418,15653.524924054316
2026-08-13 20:00:00,15609.44608658683,17047.122698989722,15722.629444990493
2026-08-14 00:00:00,15609.44608658683,17065.113730460536,15730.511927825177
2026-08-14 04:00:00,15609.44608658683,17004.936832092648,15648.104175004704
2026-08-14 08:00:00,15609.44608658683,16882.721894170238,15568.872285849378
2026-08-14 12:00:00,15609.44608658683,16848.290782217475,15547.176897305326
2026-08-14 16:00:00,15609.44608658683,16854.49458617293,15552.439072585243
2026-08-14 20:00:00,15609.44608658683,16869.383715666012,15505.11254718302
2026-08-15 00:00:00,15609.44608658683,16892.337790301186,15553.114734965879
2026-08-15 04:00:00,15609.44608658683,16892.958170696733,15553.662274120605
2026-08-15 08:00:00,15609.44608658683,16905.986159003183,15539.975681876287
2026-08-15 12:00:00,15609.44608658683,16887.06455693905,15534.104380890698
2026-08-15 16:00:00,15609.44608658683,16909.08806098091,15575.93933412346
2026-08-15 20:00:00,15609.44608658683,16917.46319632077,15579.225613641876
2026-08-16 00:00:00,15609.44608658683,16907.847300189816,15553.319839291453
2026-08-16 04:00:00,15609.44608658683,16919.014147309634,15579.799167182795
2026-08-16 08:00:00,15609.44608658683,16900.712925641048,15560.365348784831
2026-08-16 12:00:00,15609.44608658683,16887.684937334598,15538.871353384962
2026-08-16 16:00:00,15609.44608658683,16926.458712056174,15586.545172210546
2026-08-16 20:00:00,15609.44608658683,16910.63901196977,15546.745520974877
2026-08-17 00:00:00,15609.44608658683,16843.01754885534,15440.657802884434
2026-08-17 04:00:00,15601.641363543538,16976.089143699795,15605.402909707653
2026-08-17 08:00:00,15589.016442457507,16961.51020440448,15603.397615699207
2026-08-17 12:00:00,15597.232982869118,17008.659114465918,15623.142958618264
2026-08-17 16:00:00,15666.322365908272,17171.819158494316,15736.565735228589
2026-08-17 20:00:00,15651.496712196953,17213.384644995847,15723.171762498514
2026-08-18 00:00:00,15697.499489505572,17267.978119803825,15767.514520437813
2026-08-18 04:00:00,15589.120887962377,17182.98600561413,15667.32998988653
2026-08-18 08:00:00,15640.112999540619,17187.328668382946,15731.905503133072
2026-08-18 12:00:00,15682.194876785987,17228.894154884478,15775.540620938009
2026-08-18 16:00:00,15823.801492184328,17363.20651052002,15926.281059341192
2026-08-18 20:00:00,15798.12812423837,17312.955698480855,15903.51465676782
2026-08-19 00:00:00,15809.728863893226,17335.289392720486,15906.937717096524
2026-08-19 04:00:00,15743.018309591906,17214.625405786937,15842.601242146327
2026-08-19 08:00:00,15729.648737579562,17186.7082879874,15822.431493596687
2026-08-19 12:00:00,15799.142122826492,17233.236817653295,15900.034433898727
2026-08-19 16:00:00,16782.14771925088,18218.400885779127,16815.041318956268
2026-08-19 20:00:00,16838.44645182858,18170.941785519914,16864.133727660585
2026-08-20 00:00:00,17516.796559560054,18408.23728681597,17434.22003463761
2026-08-20 04:00:00,17429.170268543472,18358.296664974576,17319.97753761116
2026-08-20 08:00:00,17584.796095537975,18511.53062267425,17527.603310176895
2026-08-20 12:00:00,17958.234100206497,19079.799064993684,17885.68162267759
2026-08-20 16:00:00,18102.990250692834,19239.54701684658,17999.058985809737
2026-08-20 20:00:00,18117.688577692825,19302.20543679665,18015.809240946048
2026-08-21 00:00:00,18176.108222111638,19391.850403952936,18083.418106886
2026-08-21 04:00:00,18413.134814130422,19759.42578831349,18351.266275408034
2026-08-21 08:00:00,18732.989042417285,20249.526300794223,18683.580070368662
2026-08-21 12:00:00,18739.36720005357,20339.481458148282,18690.094982249855
2026-08-21 16:00:00,18939.915026082595,20499.849790396725,18893.518415608225
2026-08-21 20:00:00,18949.171596574022,20448.668407764242,18858.273974630036
2026-08-22 00:00:00,19505.814958244388,20782.43306056758,19369.895099968144
2026-08-22 04:00:00,19739.46590694992,20807.55846658716,19698.438736917786
2026-08-22 08:00:00,19274.095704818832,20531.489190569533,19263.318689258464
2026-08-22 12:00:00,19112.30076375862,20436.881180248885,19079.04126064181
2026-08-22 16:00:00,19047.543462579983,20390.04246038522,19026.75939790795
2026-08-22 20:00:00,19257.443798758744,20505.12302375886,19241.27976131172
2026-08-23 00:00:00,19128.773679662558,20406.79273106494,19111.291117192508
2026-08-23 04:00:00,19074.88559344928,20355.92153863023,19067.07678276361
2026-08-23 08:00:00,18838.858621247135,20105.9082392255,18820.41532871597
2026-08-23 12:00:00,19234.13187282352,20474.41419417937,19230.139269776424
2026-08-23 16:00:00,19295.94471176206,20436.881180248885,19304.366140069913
2026-08-23 20:00:00,19328.19120221763,20513.808349296494,19320.67413813677
2026-08-24 00:00:00,19446.41819214476,20634.47233623004,19428.24962285554
2026-08-24 04:00:00,19190.294184403458,20434.08946846893,19159.379757580675
2026-08-24 08:00:00,19326.597193852,20554.443265204707,19277.080344589624
2026-08-24 12:00:00,19632.591085245433,20851.605474670872,19584.116921641216
2026-08-24 16:00:00,19734.64636499266,21042.992826696576,19722.76357471926
2026-08-24 20:00:00,19667.514461936673,20946.21348499152,19677.321466432746
2026-08-25 00:00:00,19862.46506338882,21000.8069597995,19924.630917322167
2026-08-25 04:00:00,20220.51418976632,21403.123646310585,20350.390710497897
2026-08-25 08:00:00,20019.897812308205,21206.463060922746,20135.06988650614
2026-08-25 12:00:00,19860.990130386934,21048.88644045426,19925.68514801259
2026-08-25 16:00:00,19862.671285998636,21131.397033061774,19912.701841507776
2026-08-25 20:00:00,19733.379420057372,20973.820412593283,19796.095909912154
2026-08-26 00:00:00,19533.57180917941,20877.661451283773,19603.838748739752
2026-08-26 04:00:00,19578.252759949883,21023.761034434676,19735.58266275422
2026-08-26 08:00:00,19563.643701736182,20975.99174397769,19700.801977956027
2026-08-26 12:00:00,19529.68238459005,20864.943653175094,19676.541328381114
2026-08-26 16:00:00,19500.179676119526,20768.47450166781,19551.3032954643
2026-08-26 20:00:00,19525.699424082515,20883.24487484368,19683.507023483926
2026-08-27 00:00:00,19506.173724658434,21033.6871207634,20297.750263214697
2026-08-27 04:00:00,19405.048309839207,20983.126118526463,20162.89801765507
2026-08-27 08:00:00,19468.729676669445,21051.988342431985,20268.29614976365
2026-08-27 12:00:00,19633.507051453176,21178.856133320984,20543.386533701123
2026-08-27 16:00:00,19884.974226856782,21378.92881088432,20942.59713843826
2026-08-27 20:00:00,19955.538477168837,21284.94118095922,21079.68534085218
2026-08-28 00:00:00,19977.127666427576,21373.655577522186,21111.49240046714
2026-08-28 04:00:00,19778.279856004694,21260.746345532956,20824.745361818175
2026-08-28 08:00:00,19775.611239422502,21225.074472789103,20788.49579527998
2026-08-28 12:00:00,19754.658496241067,21205.222300131656,20730.04387619785
2026-08-28 16:00:00,19686.230610056253,20948.38481637593,20601.66141869207
2026-08-28 20:00:00,19463.993269627514,20753.895562372498,20306.859166891136
2026-08-29 00:00:00,19511.919216338225,20839.818247155512,20420.52410070636
2026-08-29 04:00:00,19497.801495601736,20757.928034943543,20362.33018808002
2026-08-29 08:00:00,19489.850989713294,20787.085913534167,20361.108784548072
2026-08-29 12:00:00,19476.847825877056,20783.984011556444,20341.58452480466
2026-08-29 16:00:00,19575.597567239118,20858.42965902187,20529.88376177974
2026-08-29 20:00:00,19600.266426631297,20950.245957562565,20609.438321412086
2026-08-30 00:00:00,19612.229337360634,20959.551663495742,20635.67608424151
2026-08-30 04:00:00,19579.535668286662,20935.667018267253,20577.73019448189
2026-08-30 08:00:00,19563.04022616298,20928.22245352071,20547.62885805557
2026-08-30 12:00:00,19583.02794657411,20940.630061431613,20588.86170503299
2026-08-30 16:00:00,19654.656803363447,21127.36456049073,20787.752312252327
2026-08-30 20:00:00,19616.161011130058,21122.71170752414,20773.27982145981
2026-08-31 00:00:00,19616.161011130058,20785.534962545305,20117.70542706477
2026-08-31 04:00:00,19616.161011130058,20813.141890147068,20170.710175158587
2026-08-31 08:00:00,19616.161011130058,20906.819329874397,20315.369076472984
2026-08-31 12:00:00,19616.161011130058,20939.699490838295,20373.942081272464
2026-08-31 16:00:00,19616.161011130058,20976.612124373238,20342.73873185089
2026-08-31 20:00:00,19616.161011130058,21071.530324891657,20472.622185084994
2026-09-01 00:00:00,19616.161011130058,20976.301934175466,20355.87890332678
2026-09-01 04:00:00,19616.161011130058,21024.691605027994,20456.050763232004
2026-09-01 08:00:00,19616.161011130058,21039.270544323306,20428.20582804627
2026-09-01 12:00:00,19616.161011130058,20888.828298403587,20269.94390610038
2026-09-01 16:00:00,19616.161011130058,20845.711860913194,20221.6925772593
2026-09-01 20:00:00,19616.161011130058,20689.376001235793,19938.731270361277
2026-09-02 00:00:00,19616.161011130058,20715.742168046465,19935.604207431446
2026-09-02 04:00:00,19616.161011130058,20766.92355067895,19991.300078163466
2026-09-02 08:00:00,19616.161011130058,20748.00194861482,19950.195129984
2026-09-02 12:00:00,19616.161011130058,20569.642584895562,19661.92574073971
2026-09-02 16:00:00,19616.161011130058,20667.662687391712,19807.266087262466
2026-09-02 20:00:00,19616.161011130058,20696.820565982336,19846.320700435237
2026-09-03 00:00:00,19616.161011130058,20699.61227776229,19937.153326393214
2026-09-03 04:00:00,19616.161011130058,20780.571919380942,19982.55625082989
2026-09-03 08:00:00,19616.161011130058,20758.548415339086,19951.244337278615
2026-09-03 12:00:00,19616.161011130058,20815.623411729248,20009.709524861188
2026-09-03 16:00:00,19586.78083987025,21713.00365388543,20871.492146615703
2026-09-03 20:00:00,19613.798383353693,21808.542234799395,20901.541298705677
2026-09-04 00:00:00,19467.863976828157,21669.577026197265,20721.448607818227
2026-09-04 04:00:00,19420.749856391656,21570.936543305572,20666.285713676705
2026-09-04 08:00:00,19403.874814882754,21528.13029601295,20644.815008960162
2026-09-04 12:00:00,19532.980393232036,21684.46615569035,20773.7339147909
2026-09-04 16:00:00,19017.469352105945,21208.324202109383,20254.330173985243
2026-09-04 20:00:00,19051.42025724132,21321.233434098616,20338.859288782187
2026-09-05 00:00:00,19041.906542066023,21289.59403392581,20349.259293846466
2026-09-05 04:00:00,19035.37752184768,21267.880720081725,20332.25782852041
2026-09-05 08:00:00,19043.865248131526,21296.108028079034,20379.50668092396
2026-09-05 12:00:00,19037.522771347994,21275.015094630497,20384.256509486706
2026-09-05 16:00:00,19055.524212807133,21334.88180280061,20475.787554423696
2026-09-05 20:00:00,19052.073159263153,21323.404765483025,20539.94836176421
2026-09-06 00:00:00,19055.24439765492,21333.95123220729,20522.006923560308
2026-09-06 04:00:00,19059.79376276956,21380.789952070958,20842.836404717364
2026-09-06 08:00:00,19000.19131235541,21328.057618449613,20737.444976690716
2026-09-06 12:00:00,19084.819386179395,21358.146067633556,20876.730971503526
2026-09-06 16:00:00,19024.304300971395,21299.830310452304,20757.44656724533
2026-09-06 20:00:00,19018.425587237318,21333.33085181175,20757.50643291555
2026-09-07 00:00:00,19110.360347254402,21467.64320744729,20931.06618094956
2026-09-07 04:00:00,19016.11084456323,21261.987106324046,20690.26884245684
2026-09-07 08:00:00,18980.584424480083,21190.022980440797,20592.0871881421
2026-09-07 12:00:00,19010.538072785483,21199.94906676952,20646.005403681687
2026-09-07 16:00:00,18896.004098781188,21024.071224632447,20389.350391098902
2026-09-07 20:00:00,18896.004098781188,21186.92107846307,20596.077604584014
2026-09-08 00:00:00,18896.004098781188,21103.479915262236,20497.30240993864
2026-09-08 04:00:00,18896.004098781188,21049.5068208498,20427.124287370003
2026-09-08 08:00:00,18896.004098781188,20960.17204389129,20358.61893465007
2026-09-08 12:00:00,18896.004098781188,20944.66253400266,20340.499898973812
2026-09-08 16:00:00,18896.004098781188,21055.09024440971,20531.3092253294
2026-09-08 20:00:00,18896.004098781188,20931.94473589398,20377.881560908987
2026-09-09 00:00:00,18896.004098781188,20936.907779058343,20394.469930350562
2026-09-09 04:00:00,18896.004098781188,20980.644596944283,20403.912329549967
2026-09-09 08:00:00,18896.004098781188,21127.36456049073,20590.921225620506
2026-09-09 12:00:00,18896.004098781188,21136.360076226134,20548.35035617869
2026-09-09 16:00:00,18896.004098781188,20969.78794002224,20381.471227176793
2026-09-09 20:00:00,18896.004098781188,20866.49460416396,20239.116859843783
2026-09-10 00:00:00,18896.004098781188,20876.730880690455,20168.6741131402
2026-09-10 04:00:00,18896.004098781188,20874.869739503818,20194.64582797692
2026-09-10 08:00:00,18896.004098781188,20813.141890147068,20118.762330350113
2026-09-10 12:00:00,18896.004098781188,20780.26172918317,20087.362406908192
2026-09-10 16:00:00,18896.004098781188,20607.485789023824,19864.65826185679
2026-09-10 20:00:00,18896.004098781188,20613.99978317705,19913.568258275314
2026-09-11 00:00:00,18896.004098781188,20453.321260730834,19728.84523043144
2026-09-11 04:00:00,18896.004098781188,20559.406308369067,19848.72948941314
2026-09-11 08:00:00,18896.004098781188,20637.88442840554,19935.72062759855
2026-09-11 12:00:00,18896.004098781188,20607.795979221595,19901.907837131403
2026-09-11 16:00:00,18886.556096731798,20779.641348787627,20288.54570274199
2026-09-11 20:00:00,18842.26724860835,20674.48687174271,20292.651297903558
2026-09-12 00:00:00,18780.131508107628,20654.014318689715,20277.066647211035
2026-09-12 04:00:00,18775.76258885367,20671.384969764982,20208.984554104878
2026-09-12 08:00:00,18804.803052129973,20675.7276325338,20229.098873823667
2026-09-12 12:00:00,18837.07023354809,20703.33456013556,20304.69673778493
2026-09-12 16:00:00,18833.358079933616,20708.607793497697,20299.5462955424
2026-09-12 20:00:00,18793.466706091927,20635.402906823358,20172.35850605207
2026-09-13 00:00:00,18808.515205744447,20678.519344313754,20244.61364182758
2026-09-13 04:00:00,18796.807644344954,20658.667171656307,20216.165476548522
2026-09-13 08:00:00,18788.726571476524,20632.611195043406,20115.411403133046
2026-09-13 12:00:00,18689.954044983064,20543.896798480437,19951.027479245793
2026-09-13 16:00:00,18689.954044983064,20629.199102867908,20029.236856553274
2026-09-13 20:00:00,18689.954044983064,20668.59325798503,20134.306675902095
2026-09-14 00:00:00,18689.954044983064,20562.508210346794,19903.910741939948
2026-09-14 04:00:00,18680.60906796057,20793.910097885167,20211.023242147898
2026-09-14 08:00:00,18717.968902109802,20918.606557389758,20353.84446651124
2026-09-14 12:00:00,18708.11780156299,20885.72639642586,20298.32948284545
2026-09-14 16:00:00,18773.636913690367,21104.410485855555,20434.530840817686
2026-09-14 20:00:00,18799.176149938223,21221.04200021806,20642.566859584498
2026-09-15 00:00:00,18681.909441308133,20989.01973228414,20453.004405704225
2026-09-15 04:00:00,18599.078688877507,20882.93468464591,20316.84969211637
2026-09-15 08:00:00,18448.818745137953,20670.454399171664,20100.399357556234
2026-09-15 12:00:00,18448.818745137953,20674.79706194048,20144.091606360227
2026-09-15 16:00:00,18448.818745137953,20554.133075006932,19886.193194739768
2026-09-15 20:00:00,18448.818745137953,20470.691911806098,19701.137692428114
2026-09-16 00:00:00,18448.818745137953,20323.661758061877,19533.80210677011
2026-09-16 04:00:00,18448.818745137953,20370.810668123315,19586.28170831858
2026-09-16 08:00:00,18448.818745137953,20336.999936566102,19526.265320403283
2026-09-16 12:00:00,18448.818745137953,20491.164464859092,19735.099884329997
2026-09-16 16:00:00,18448.818745137953,20365.227244563408,19555.964198186528
2026-09-16 20:00:00,18448.818745137953,20553.82288480916,19809.6912921939
2026-09-17 00:00:00,18448.818745137953,20600.9717948706,19900.450310756314
2026-09-17 04:00:00,18448.818745137953,20672.3155403583,20085.363845358894
2026-09-17 08:00:00,18448.818745137953,20658.35698145853,20088.776737972545
2026-09-17 12:00:00,18448.818745137953,20661.45888343626,20092.199652504365
2026-09-17 16:00:00,18448.818745137953,20732.182248528414,20258.819368271987
2026-09-17 20:00:00,18448.818745137953,20675.107252138252,20181.762485338746
2026-09-18 00:00:00,18448.818745137953,20635.713097021133,20231.583483924333
2026-09-18 04:00:00,18439.59433576538,20873.318788514956,20639.7431685674
2026-09-18 08:00:00,18499.4602121988,20997.394867624003,20812.066469616002
2026-09-18 12:00:00,18534.39403522411,21113.406001590964,20899.173546852027
2026-09-18 16:00:00,19255.227239466556,21834.908401610068,21782.406792730995
2026-09-18 20:00:00,19562.439293244643,21923.932988370812,22154.275641661778
2026-09-19 00:00:00,19373.787463700268,21820.019272116984,21928.766519786295
2026-09-19 04:00:00,19436.735897292914,21876.4738881116,22005.77458742476
2026-09-19 08:00:00,19351.32425461275,21868.09875277174,21847.136321265203
2026-09-19 12:00:00,19421.21198155318,21933.23869430399,21916.09113457096
2026-09-19 16:00:00,19451.491596755015,22036.2218399645,21943.11720084922
2026-09-19 20:00:00,19379.61399280538,21954.641817950298,21853.94785158491
2026-09-20 00:00:00,19350.83040246679,21909.974429471044,21821.311801977656
2026-09-20 04:00:00,19066.328418241726,21718.89726764311,21492.799022642317
2026-09-20 08:00:00,18994.034534576254,21665.234363428448,21412.159505655472
2026-09-20 12:00:00,19016.739689073125,21714.244414676523,21437.377507505927
2026-09-20 16:00:00,19168.59992978629,21847.93638991652,21570.311668796792
2026-09-20 20:00:00,19337.804798013156,21922.382037381947,21785.63560206988
2026-09-21 00:00:00,19413.21696717672,21932.928504106218,21879.57280622913
2026-09-21 04:00:00,19514.529379404277,22006.7537711761,21977.621532531328
2026-09-21 08:00:00,19557.318581907915,22083.06055982816,22047.35053930363
2026-09-21 12:00:00,20221.025716125943,22919.02314282537,22861.155824742717
2026-09-21 16:00:00,20483.365491942415,23242.551519102206,23154.459350929836
2026-09-21 20:00:00,20584.443309364426,23415.637649459328,23270.81384856206
2026-09-22 00:00:00,20644.899115510012,23429.28601816132,23338.442572049673
2026-09-22 04:00:00,20347.513744713367,23163.76320886796,22984.38447952526
2026-09-22 08:00:00,20303.88487782127,23119.71620078425,22938.222569979484
2026-09-22 12:00:00,20425.042090332812,23264.26483294629,23085.80800254504
2026-09-22 16:00:00,20524.722492441095,23447.277049632135,23198.849540138646
2026-09-22 20:00:00,20552.818587214773,23362.905315837983,23246.93870896529
2026-09-23 00:00:00,20569.318281462263,23352.04865891594,23271.930786055236
2026-09-23 04:00:00,20729.069262063695,23528.857071646333,23444.143062515297
2026-09-23 08:00:00,20562.96333659406,23403.850421943967,23259.593831622748
2026-09-23 12:00:00,20447.169505678845,23280.394723230467,23126.02952839526
2026-09-23 16:00:00,19964.19850940615,22868.462140588428,22583.119400554402
2026-09-23 20:00:00,20061.11367204961,23035.034276792325,22754.56538624801
2026-09-24 00:00:00,20081.646963617233,23006.496778597244,22801.72577285253
2026-09-24 04:00:00,20026.521549695688,22883.041079883744,22719.140297692975
2026-09-24 08:00:00,20107.70565454552,23013.32096294824,22852.577449889388
2026-09-24 12:00:00,19910.30252885018,22772.30317927892,22520.836940181034
2026-09-24 16:00:00,19985.038814511594,23026.659141452466,22949.0528612028
2026-09-24 20:00:00,19968.337715495185,23004.325447212836,23052.007946410973
2026-09-25 00:00:00,19968.337715495185,23013.32096294824,23019.230619522714
2026-09-25 04:00:00,19968.337715495185,22977.959280402163,22984.364701272963
2026-09-25 08:00:00,19968.337715495185,22888.004123048104,22872.86657327998
2026-09-25 12:00:00,19958.353546637438,23010.219060970518,23396.800990978656
2026-09-25 16:00:00,19925.245747436347,22802.08143826509,23226.358068543726
2026-09-25 20:00:00,20028.903942278466,22870.013091577293,23444.849810062362
2026-09-26 00:00:00,20039.332584911066,22900.101540761236,23472.085011726173
2026-09-26 04:00:00,19955.58932810831,22861.948146435207,23304.61252942901
2026-09-26 08:00:00,19961.18058831495,22900.41173095901,23330.482616639896
2026-09-26 12:00:00,19993.722979180537,22930.810370340725,23399.373069929945
2026-09-26 16:00:00,20025.825608007395,22924.916756583047,23459.38959440449
2026-09-26 20:00:00,19986.56114026417,22892.34678581692,23366.509235120422
2026-09-27 00:00:00,20000.570702354955,23005.566208003926,23446.219194557678
2026-09-27 04:00:00,19953.390517914693,22984.78346475316,23352.44680750683
2026-09-27 08:00:00,20148.2593860094,23098.933457533483,23808.203799866664
2026-09-27 12:00:00,20112.643387589895,23132.433998892928,23759.781058699045
2026-09-27 16:00:00,19911.966477146576,23017.663625717058,23480.071578877054
2026-09-27 20:00:00,20007.208480444402,23087.146230018127,23634.607176556266
2026-09-28 00:00:00,19917.73993897725,23026.34895125469,23506.94972443515
2026-09-28 04:00:00,19679.32190867453,22702.200194582307,23119.729449815473
2026-09-28 08:00:00,19679.32190867453,22601.69857050398,22908.31819376631
2026-09-28 12:00:00,19679.32190867453,22652.56976293869,23030.64037094252
2026-09-28 16:00:00,19679.32190867453,22746.557392863793,23087.585386866587
2026-09-28 20:00:00,19679.32190867453,22753.38157721479,23053.923394590853
2026-09-29 00:00:00,19679.32190867453,22768.89108710342,23117.862364683075
2026-09-29 04:00:00,19679.32190867453,22676.144217969406,22967.037170256248
2026-09-29 08:00:00,19669.482247720192,22949.421782207082,23314.39477865644
2026-09-29 12:00:00,19716.29913792014,23047.44188470323,23429.435590044133
2026-09-29 16:00:00,19576.78720775063,22731.04788297516,23081.645113570696
2026-09-29 20:00:00,19576.78720775063,22860.08700524857,23187.93796315272
2026-09-30 00:00:00,19576.78720775063,22884.902221070377,23220.474261773612
2026-09-30 04:00:00,19576.78720775063,22793.706302925228,23185.170672854136
2026-09-30 08:00:00,19576.78720775063,22764.858614532375,23090.793543518994
2026-09-30 12:00:00,19576.78720775063,22916.85181144096,23267.095273636667
2026-09-30 16:00:00,19576.78720775063,22994.08917068634,23266.340351258732
2026-09-30 20:00:00,19576.78720775063,22883.661460279287,23032.76238304508
2026-10-01 00:00:00,19576.78720775063,22884.592030872605,23136.258576309672
2026-10-01 04:00:00,19576.78720775063,22922.12504480309,23215.79545400973
