date,S1,S2,S3,S4,S5,B1,B2
2020-03-07,9998.768137208946,9991.726597786308,10000.0,9995.555555555562,9996.666666666666,9970.089730807578,9970.089730807575
2020-03-08,9976.507106894138,9841.325435098157,10000.0,9912.506345348287,9960.690651123972,9676.30294684227,9407.688811563294
2020-03-09,9954.44856221139,9494.791422229453,10000.0,9831.826910781285,9960.690651123972,8712.932744679396,8131.414137349896
2020-03-10,9954.44856221139,9473.661876892136,10000.0,9831.826910781285,9960.690651123972,8556.033659887227,8077.522239952064
2020-03-11,9954.44856221139,9516.280766799551,10000.0,9831.826910781285,9960.690651123972,8550.877351936311,8225.14706287875
2020-03-12,9954.44856221139,9433.344858823435,10000.0,9831.826910781285,9960.690651123972,8677.329665970688,7905.944899446983
2020-03-13,9954.44856221139,8571.515696930845,10000.0,9831.826910781285,9960.690651123972,5334.446113696837,4780.745690820634
2020-03-14,9954.44856221139,8811.351182021326,10000.0,9831.826910781285,9960.690651123972,6272.280314578982,5592.211157494396
2020-03-15,9954.44856221139,8710.167497266508,10000.0,9831.826910781285,9960.690651123972,5763.401827518307,5239.831906950017
2020-03-16,9954.44856221139,8734.698235685973,10000.0,9831.826910781285,9960.690651123972,5914.653527411854,5327.202550789246
2020-03-17,9954.44856221139,8635.70172173938,10000.0,9831.826910781285,9960.690651123972,5586.000280159399,4973.659329934819
2020-03-18,9954.415811502438,8734.82341145097,10000.0,9831.608425738825,9960.690651123972,5982.1766077214725,5312.990093091821
2020-03-19,9954.549063369763,8758.604009558689,10000.0,9832.497369545605,9960.690651123972,6078.427689471912,5396.368141868196
2020-03-20,9956.605560858117,9024.063620229364,10000.0,9846.473237981229,9957.370420906931,7154.254512659534,6353.632541578416
2020-03-21,9947.66986659798,8949.9985484593,10000.0,9791.40376517822,9956.686706684388,7149.834820130178,6039.541199036418
2020-03-22,9950.306706894078,8971.900370582985,10000.0,9807.840725191116,9954.160762473324,7133.506511618943,6130.613811416518
2020-03-23,9936.368567921158,8860.474812376868,10000.0,9722.75978904044,9882.90254683491,6672.876334670414,5652.5767048526795
2020-03-24,9939.078402050056,8989.173192809883,10000.0,9737.359803295232,10000.329835564982,7452.706527628051,6198.538854687721
2020-03-25,9939.537723811392,9000.584348801529,10000.0,9738.659828440013,10069.065322522318,7683.144385339241,6246.798069820036
2020-03-26,9937.348067947383,8994.93043290036,10000.0,9725.178143313411,10038.597594686142,7581.000380216327,6215.142787635122
2020-03-27,9938.130087265386,9010.450845389432,10000.0,9730.443003878889,10023.839789015492,7531.524377734915,6281.1801822499265
2020-03-28,9924.431454856129,8900.803656524335,10000.0,9650.00006938175,9867.742143069927,7018.226198144884,5813.079753485052
2020-03-29,9925.243361066337,8916.911942648889,10000.0,9654.115240902807,9854.408345528649,6932.901578480911,5881.6793627287625
2020-03-30,9919.89623245614,8857.200997391374,10000.0,9625.163150521414,9785.894171281065,6514.012942087418,5637.861786729757
2020-03-31,9919.863206127857,8947.141167335398,10000.0,9624.949258006956,9785.894171281065,7160.392974505863,6021.975645266976
2020-04-01,9919.900797242231,8963.107281808856,10000.0,9625.145805172895,9785.894171281065,7179.913283177189,6082.336414591473
2020-04-02,9921.864960909335,9019.269102267703,10000.0,9640.708104289157,9782.632206557304,7497.640068343179,6354.706124575257
2020-04-03,9925.379753268915,9049.617104376865,10000.0,9660.823205433197,9804.601746533437,7693.702539714928,6481.14481756568
2020-04-04,9927.404185679254,9057.788596043247,10000.0,9671.926087607699,9792.755658794638,7665.833922932595,6512.363534520325
2020-04-05,9933.180335787842,9078.778805365344,10000.0,9705.123986040115,9858.457088147707,7820.400392223159,6596.597471105628
2020-04-06,9932.131763049812,9076.504807269437,10000.0,9698.38607751983,9807.785056454435,7701.191463167449,6588.117186052681
2020-04-07,9977.603472804745,9230.665624904825,10000.0,9980.561571310296,10084.889575806934,8353.096111247589,7256.485672858805
2020-04-08,9964.09062903522,9191.288947945568,10000.0,9896.24851890345,9982.658360475192,8112.591176108419,7081.8889746839895
2020-04-09,9984.194191813958,9251.34769809773,10000.0,10026.70575233602,10072.051965305858,8322.89487896365,7358.403160498482
2020-04-10,9976.306799497042,9227.14221277219,10000.0,9973.50438348865,10023.989204039633,8209.82441175427,7237.92820774907
2020-04-11,9939.534471372186,9123.640141583099,10000.0,9730.89498742633,9815.338235722184,7734.461926374553,6742.41374878355
2020-04-12,9938.905644285685,9122.159042822106,10000.0,9725.809133461245,9818.31772689674,7755.578235125924,6730.068496246867
2020-04-13,9937.133745854435,9110.063140645867,9970.089730807575,9714.444670633215,9819.391729529429,7763.189927815371,6669.436774773275
2020-04-14,9936.857432495588,9111.276249919356,9987.756270532116,9713.437654566673,9817.5728541031,7750.2991579380805,6678.849981919377
2020-04-15,9936.283892566289,9103.422736398057,9946.031697520491,9710.020971824004,9804.944661857455,7660.800384218604,6652.499122073509
2020-04-16,9930.910482732863,9057.741562710262,9617.274223410339,9675.40336559695,9775.496202574055,7452.092681443418,6431.820939499583
2020-04-17,9935.737778755543,9169.248385990848,10412.275316666444,9706.322248881812,9857.177837241316,8053.416403909808,6966.5564183628385
2020-04-18,9935.12298323908,9167.266924983574,10407.469694362899,9703.22037601544,9830.522033901701,7955.446552842396,6961.682502834386
2020-04-19,9941.860605805037,9216.192964278202,10755.564208811706,9744.699723280512,9903.040516420877,8221.978566210002,7198.137207983991
2020-04-20,9935.633861271248,9183.723284364016,10536.997226230225,9706.879356046506,9859.148629718806,8060.659788888475,7050.7487798327065
2020-04-21,9920.911126125828,9114.23535304515,10034.447831898407,9611.740595900528,9764.415975652082,7735.689618743818,6714.186226981706
2020-04-22,9920.926297814824,9117.90072266164,10056.905181095572,9611.845339302716,9764.415975652082,7755.946542836704,6729.952888027745
2020-04-23,9924.867633237234,9173.52055445148,10456.819883988463,9637.065330044012,9764.415975652082,8101.541944785027,6998.992343603102
2020-04-24,9925.741155291224,9227.25955941008,10838.738894998332,9642.605204972318,9751.396754351212,8526.937350735627,7253.8020344540955
2020-04-25,9928.91848653852,9248.785336549528,11001.071882068018,9665.14451602662,9753.458685591722,8530.988735554205,7363.186919401235
2020-04-26,9943.550167889958,9289.408628056632,11316.562354126156,9759.692672184,9777.014687945417,8577.272737875524,7576.596309799354
2020-04-27,9959.397685518916,9333.638883840347,11664.99430793996,9865.262941062485,9858.179799503641,8736.749976643152,7810.506810287911
2020-04-28,9952.423740197191,9324.02975427311,11596.965138176154,9822.892344849279,9892.420354649066,8804.027518478919,7758.44995141433
2020-04-29,9964.07725371369,9359.712142849166,11824.458813366451,9892.579141920432,9902.105183202973,8823.056750202539,7907.671086666601
2020-04-30,10007.514032533803,9459.961176371156,12580.004134939092,10161.911387039247,10436.457788319167,9872.979264398653,8418.005615738291
2020-05-01,9974.670748458755,9391.402691153984,12034.493892006774,9952.651293797584,10343.046054847615,9689.439255193414,8043.7311904827975
2020-05-02,9998.17728308511,9444.726298441505,12418.25924160846,10128.68330577781,10433.208684546242,9866.59526407847,8393.652984067663
2020-05-03,10026.74880372628,9496.833195458099,12583.652816553584,10322.733474592656,10527.120280136705,10051.11742717912,8652.912298469697
2020-05-04,10007.282516452276,9452.315598600006,12313.824037768498,10194.092293949814,10504.189105431647,10006.061117227066,8408.31515442192
2020-05-05,10013.395476359645,9466.981097155442,12466.427065378466,10239.459035777702,10512.374347628822,10022.143887264447,8510.64546285586
2020-05-06,10034.3244723471,9485.749165939984,12658.628636272271,10412.405197837146,10619.969668724481,10233.55251325202,8665.403457233164
2020-05-07,10023.343011470795,9460.628686212242,12411.671840008445,10322.36299831441,10720.004575271607,10430.106061571474,8493.155420242381
2020-05-08,10052.680805258056,9531.461007163907,13016.804858404044,10524.772973402534,11169.443102937741,11313.185182784366,8907.255915701217
2020-05-09,10061.835647272175,9577.09825521298,13357.8135880635,10553.531657801652,11078.155783471562,11133.81932763463,9125.367632836485
2020-05-10,10045.666371726078,9546.236334238143,13067.705800578258,10439.09168143907,10923.38597490365,10829.719927767494,8928.046126974203
2020-05-11,9979.766120386332,9411.444766243043,11883.10127885848,9972.351981741625,10474.472576449294,9956.953422456434,8114.198757860202
2020-05-12,9973.823664268157,9392.670034269699,11690.444757892072,9931.397504132361,10394.923217358382,9730.19864185304,7978.414775703374
2020-05-13,10000.508591303136,9459.200882995776,12323.51190620175,10130.727915418429,10485.369158934407,9988.014039398859,8423.097689604696
2020-05-14,10005.270047617158,9492.947296649545,12606.891968922615,10157.770624793524,10704.37754603635,10612.295609170518,8616.68228144987
2020-05-15,10009.494132873013,9511.422112284625,12787.973735880525,10187.702324827695,10900.472961272368,11171.263944897239,8737.526916782683
2020-05-16,10002.649957046357,9474.021625519788,12460.63707791443,10143.534755476045,10693.93993620796,10591.424838893001,8511.03042870355
2020-05-17,10002.161573386795,9490.221905754224,12597.996329061152,10135.351807624564,10711.85012934771,10631.324840894138,8601.081605732204
2020-05-18,10001.012069461332,9505.514314780905,12703.004071917898,10119.912153039826,10864.059216892285,10970.413473285353,8662.962155329154
2020-05-19,9995.45069688235,9506.707023201203,12689.89477843596,10072.918547583204,10832.592385252912,10900.312239000277,8645.428778258378
2020-05-20,10002.025118335221,9527.416432655638,12879.786220143522,10116.977084375842,10867.4208223739,10977.902396737874,8769.68831841699
2020-05-21,9994.39669965753,9514.787143307649,12783.806906703085,10058.48527679836,10711.16040563258,10637.831610451247,8686.082051627267
2020-05-22,9970.914787225225,9433.27704188828,12095.722932293183,9892.409502110235,10551.31945780196,10171.308510130242,8213.058404041249
2020-05-23,9983.39605219321,9534.986220466748,13022.727110268928,9972.716184562956,10592.199018883663,10348.587288252224,8863.397869253351
2020-05-24,9977.694119283386,9517.394251091133,12861.849072688185,9932.402929673233,10589.849293419826,10338.397441587318,8756.639247617764
2020-05-25,9960.46035991942,9459.201632986786,12345.678904885604,9814.270682950118,10467.699071524135,9823.012184969535,8406.600693449109
2020-05-26,9981.123479080738,9526.550349450737,12982.582984722238,9967.137552092456,10494.381586649828,10048.293734729808,8855.61227876788
2020-05-27,9977.814380491838,9504.501274266771,12789.920817320573,9945.298427395439,10476.481763151338,9897.164804073189,8721.085982817116
2020-05-28,9988.693725506395,9527.786891716694,12982.771718023605,10029.398524530707,10520.642416250372,10270.014976619212,8858.318273652792
2020-05-29,9996.021081555273,9580.12077389351,13416.185281552382,10067.868444738113,10558.772300320332,10619.538994149187,9133.465695281673
2020-05-30,9992.68786611156,9562.227995586549,13251.385835648498,10048.191407424723,10517.148228840702,10431.210984703814,9015.267705196426
2020-05-31,10026.121738082447,9652.716052575453,14067.68710463575,10261.620629475674,10573.308121747757,10701.057767468435,9562.063425479435
2020-06-01,10011.35727961515,9611.885321558759,13696.349693442044,10166.944731227562,10484.646431972196,10431.947600125373,9319.279620191513
2020-06-02,10054.610929864222,9699.404506374945,14478.502960984795,10446.580771781993,10729.255247213312,11184.277484011456,9851.944932963175
2020-06-03,10049.940407672771,9678.920976250027,14325.342378807636,10431.293476053857,10411.413067166945,10462.271601646236,9752.252634462719
2020-06-04,10058.389962093013,9691.898119995809,14436.899233997869,10481.371973418794,10423.370189998466,10570.308530141629,9825.941201019272
2020-06-05,10042.481010822741,9669.051875205358,14200.797161520175,10365.739608732769,10428.51990539977,10616.838070936801,9665.625475889818
2020-06-06,10042.736781421087,9659.615821752617,14138.266414371308,10379.794154910605,10413.872429931156,10484.492833529948,9624.346501381171
2020-06-07,10064.100228391271,9687.3574047487,14440.066008786222,10537.723150755184,10418.030247643026,10522.060220029483,9833.44022950003
2020-06-08,10066.980484471325,9689.264464758344,14468.838080931931,10558.052752404426,10427.799760501963,10610.331301379692,9856.011895342412
2020-06-09,10066.557492493692,9694.5884887224,14535.961161850006,10559.221319412156,10428.116148867644,10644.092841534502,9888.358022051194
2020-06-10,10085.379374799748,9711.401420222533,14678.74479536956,10696.167803089633,10416.084388358548,10588.846684917542,10021.285678297636
2020-06-11,10113.376731731121,9766.059270455771,15316.155312091185,10903.3988399054,10439.158631290438,10694.79653638518,10488.363377900756
2020-06-12,10029.327779387151,9589.184224054015,14157.252608878483,10476.591326994421,10302.214470756484,10080.459274804572,9676.533357377843
2020-06-13,10076.29972202739,9691.357338767793,14973.862332927747,10726.265576108844,10331.234791320432,10335.942056848786,10246.486557313128
2020-06-14,10057.646071206736,9671.766239794722,14739.586067146709,10610.592346444842,10330.927993121295,10333.2411336364,10049.01608102236
2020-06-15,10028.023279106608,9606.293262809855,14270.88712761825,10463.413319179352,10313.914638441805,10183.462664585973,9733.117475914634
2020-06-16,10039.508494582416,9605.295425623808,14326.389170344293,10533.220171299286,10317.861178912539,10218.206358636196,9806.523330539261
2020-06-17,10043.348504132122,9629.028481659348,14420.512095172217,10543.26337359055,10332.775731313144,10379.034059010017,9869.28135863399
2020-06-18,10037.246821445506,9633.004829591735,14353.867283196838,10495.800713848035,10320.060510530542,10321.578056128375,9801.150553868325
2020-06-19,10017.740119780688,9591.672535045356,14032.656062208582,10389.226421989628,10308.404891479824,10268.910053486874,9546.953069862875
2020-06-20,9997.999739898782,9559.989999567171,13809.803574371126,10289.280161799321,10291.122715287958,10205.929434943539,9366.991552260253
2020-06-21,10003.651176057438,9578.469210215364,13940.280461656323,10323.850192142376,10299.185702478513,10277.872207782515,9463.889913839681
2020-06-22,10008.250886234315,9575.812685565024,13947.098923223268,10352.00643679115,10289.911891272995,10195.125742093998,9481.879133719602
2020-06-23,10034.339597179258,9667.79219747288,14504.078115691134,10457.358616693135,10323.597057460003,10556.190067895071,9877.51620809125
2020-06-24,10031.955565723423,9670.753999937035,14499.722324091183,10433.811910620985,10287.634244200775,10445.943293135002,9854.784394041912
2020-06-25,10007.285126741728,9599.285803332721,14122.048282450003,10334.349031846377,10179.151479203374,10133.372815919929,9602.758976753017
2020-06-26,10003.403809453486,9583.920753121549,14039.675796773046,10310.622850258746,10177.231879008894,10116.185122750208,9539.651174897812
2020-06-27,9990.600768898616,9551.094183078683,13857.420059279943,10257.812629708476,10162.23633249823,10011.954040599541,9407.434054745336
2020-06-28,9952.617494047281,9430.713443675033,13220.170936779954,10103.349588918576,10162.23633249823,9862.175571549114,8942.51925183414
2020-06-29,9975.326174277872,9499.063936858813,13592.10392712067,10195.03547286681,10162.23633249823,9983.717116106429,9249.327072539574
2020-06-30,9994.279833508392,9553.346272637511,13592.10392712067,10266.093472223447,10162.23633249823,10032.579272403207,9463.191060696543
2020-07-01,9981.709617390723,9511.514371185258,13592.10392712067,10212.139709021409,10162.23633249823,9973.158961730742,9305.302517522947
2020-07-02,10035.239258148616,9601.434667902719,13592.10392712067,10428.40715242472,10158.848920387398,10080.827582515354,9633.877900665097
2020-07-03,10030.94302411894,9572.9166988599,13592.10392712067,10412.843345615676,10138.982169693696,9933.258959729603,9542.130143759648
2020-07-04,10061.862153874677,9613.069464239465,13592.10392712067,10549.722454771274,10138.982169693696,9895.323265519291,9732.81344734789
2020-07-05,10127.772300464023,9713.404312413904,13592.10392712067,10846.987425270298,10138.982169693696,9981.50726984175,10197.69871802685
2020-07-06,10149.649946179867,9712.098174881894,13551.449578385509,10937.082120362158,10138.982169693696,9919.386035956899,10227.383905158204
2020-07-07,10187.723620707678,9850.075795102672,14184.563337083775,11067.520842405924,10132.222848247235,10139.388508529331,10662.043643665282
2020-07-08,10260.101091449611,9929.544809664887,14645.709700056317,11388.337460861045,10122.974603039636,10097.769737211222,11072.395745622942
2020-07-09,10365.82266455637,10104.844305196457,15488.347683032589,11811.953584015642,10154.511392007138,10239.690975098349,11751.304236704953
2020-07-10,10306.507544182332,10021.765303745211,14974.68390356557,11537.189839097231,10108.246486096465,10061.675581554808,11326.21300449999
2020-07-11,10289.842802690691,10010.219401794064,14892.63252555099,11468.312356324815,10108.246486096465,10110.78327632544,11241.293195882066
2020-07-12,10341.727315631866,10074.271088031923,15287.752053874638,11704.223495165283,10108.246486096465,10056.51927360389,11579.937792982755
2020-07-13,10377.73541186356,10116.171782093224,15497.121739223037,11799.677505004194,10108.246486096465,10113.852507248603,11711.811938911684
2020-07-14,10355.151262085108,10079.669877781902,15364.948029260191,11767.998991537872,10108.246486096465,9997.590039879131,11636.496085554125
2020-07-15,10404.451479683561,10126.585910339978,15627.209848777858,11967.537306914137,10108.246486096465,9976.964808075467,11871.725124790968
2020-07-16,10417.887863067957,10135.904594373007,15626.381801995361,12002.691029914511,10108.246486096465,9897.778650257822,11888.176189624435
2020-07-17,10402.291083279666,10091.926598533086,15342.513406021004,11922.403648552365,10108.246486096465,9846.338339985585,11666.115570319413
2020-07-18,10403.699510882641,10094.172038086417,15409.202090809784,11952.217366044206,10108.246486096465,9848.916493961044,11720.347074233578
2020-07-19,10398.145009852635,10106.120793444292,15465.343057470325,11958.57320102528,10108.246486096465,9877.644495401863,11766.0968087755
2020-07-20,10392.88123838504,10101.97850507615,15409.134180496878,11931.110626281588,10108.246486096465,9900.970650417912,11723.092400114649
2020-07-21,10309.298332799757,9981.32468181731,14761.30489994622,11559.220364155663,10108.246486096465,9835.166339425266,11149.331459091058
2020-07-22,10330.039508846026,10052.013188529469,15094.019635806633,11646.829695884007,10104.877070601098,10012.936194494954,11415.173310668386
2020-07-23,10345.947367106835,10122.208606373635,15444.773456459528,11709.005119315923,10113.904998443097,10123.182969255024,11653.113431398182
2020-07-24,10371.366704364778,10173.852650265453,15782.464128088022,11807.409741277921,10127.919745692994,10186.286357035286,11893.958387865243
2020-07-25,10331.405152660162,10103.09454768219,15406.576406978831,11629.517581040223,10104.47094679239,10080.704813278428,11566.477683057918
2020-07-26,10407.525267060213,10255.05480915785,16108.782696769038,11924.301615736385,10130.707123863293,10229.010051485735,12115.907705706346
2020-07-27,10386.252840675394,10210.792296174022,15769.539585459608,11796.056259701632,10236.749137671111,10469.760525098758,11860.545310715976
2020-07-28,10373.498245297977,10215.90192839779,15448.702968540256,11599.207175557425,10692.273656183082,11526.067039615054,11528.185408915775
2020-07-29,10437.46812748543,10329.563147566321,16069.262945859788,11889.433250176915,10637.747535690674,11450.563958905208,12036.441421099322
2020-07-30,10404.181980753863,10274.288913368597,15716.095368269871,11713.065994908338,10702.114955979274,11539.694424913905,11722.894183676744
2020-07-31,10455.04665563282,10352.48366219031,16162.131344046844,11925.470964094173,10694.046863353567,11528.522424353587,12080.491899657754
2020-08-01,10500.723633520953,10412.734774479577,16320.241467694479,12023.805591445866,10930.592699896248,11856.070748473703,12193.93810088471
2020-08-02,10635.06072443204,10622.316664626116,17273.723287439854,12454.19142826707,11282.397002520442,12343.219080598372,12889.118613280152
2020-08-03,10539.757774926584,10494.027922009953,16652.62768734101,12077.40937344568,10706.01601175434,11545.096271338674,12410.582623522061
2020-08-04,10630.109415569723,10630.708656000055,17375.01352011434,12417.079904208811,10860.905658096193,11759.574128249411,12965.351812940964
2020-08-05,10659.989302400449,10676.834581084588,17720.46262492,12584.361656195659,10795.385653146777,11668.847662160668,13242.184373653561
2020-08-06,10659.84150831287,10675.645222162026,17667.63820535665,12554.897642752583,11153.484841226193,12164.712610107126,13200.150733117776
2020-08-07,10685.14364603131,10721.00639067831,18020.171152712697,12719.038852797414,11154.814746604057,12166.554148661024,13465.421797165545
2020-08-08,10650.312251458454,10674.745831345886,17834.03950967852,12587.254393523435,11109.420643039644,12103.696299354615,13309.119779966464
2020-08-09,10777.574609217723,10860.86068695081,19063.37614603496,13221.730498190576,11220.866713704618,12258.017230171326,14259.420742224767
2020-08-10,10827.71351535404,10926.996294452807,19603.708407076145,13510.135940081323,11171.926195799235,12190.248611387853,14694.865510621785
2020-08-11,10895.581340557637,11024.631823222846,20140.15962988795,13770.059864882247,11344.46788110307,12438.979085401104,15091.358845172525
2020-08-12,10775.1309730268,10885.332767821601,19320.998584598154,13275.479130461357,10867.070085246984,11923.471059546395,14462.223881395437
2020-08-13,10884.792290153075,11004.36720030045,20213.143421381123,13824.306772875721,10966.260156765204,12063.30522040577,15267.515632267628
2020-08-14,10902.005858287957,11027.264505628693,20147.417539258684,13833.43560715157,11098.542613864569,12249.791691297245,15251.529228101386
2020-08-15,10969.719029120062,11096.725818305582,20693.225712378666,14198.24036812449,11083.04144377656,12227.938767124315,15713.94366997487
2020-08-16,10970.248413940242,11101.283387769516,20643.490990300008,14167.05527620687,11135.205493679468,12301.477540043335,15715.635601842274
2020-08-17,11028.476141600202,11172.819507830474,21059.142661208683,14405.556651429531,11177.877254034101,12361.63446613736,16049.200501905414
2020-08-18,11018.900960318628,11178.987298529371,20990.918425902448,14294.048076547739,11426.701636917789,12722.576022701505,15852.463809261764
2020-08-19,10917.139620691194,11051.043011145317,20102.078704288877,13828.991344866576,11058.759565411065,12321.120617951588,15156.45170894164
2020-08-20,10840.109409797245,10950.292203604007,19383.970893399808,13456.8358401896,10975.999993904123,12202.648304317438,14610.498341608572
2020-08-21,10895.794529975297,11027.799060840844,20059.43046082657,13778.024760121349,11031.31597693208,12281.834462135083,15149.098646327839
2020-08-22,10760.775033162738,10839.899900572847,18728.048740673774,13122.92659517591,10852.589606962683,12025.98337238009,14037.678560897371
2020-08-23,10824.31265041815,10940.652281373472,19488.121616190772,13467.799737850262,10957.304049252814,12175.884610667445,14748.487469080492
2020-08-24,10797.506054904727,10905.557554300363,19283.694783270446,13336.05407942295,10935.263417255628,12144.332916777314,14505.15069267742
2020-08-25,10839.906469910029,10987.269569563996,19800.173890502316,13526.375997549385,11012.276987424782,12254.579691537381,14937.68489078165
2020-08-26,10737.92870688528,10802.370729670212,18597.502101885133,13086.97484783511,10670.7758332894,11765.71259009574,14010.979769816264
2020-08-27,10749.672418099357,10824.794057763058,18713.88369241443,13130.398099611277,10755.545570875724,11897.07567360718,14136.103737879697
2020-08-28,10694.176906790728,10708.69848117086,17957.49967469786,12849.11320302236,10687.057552883402,11760.801820618677,13507.586237250409
2020-08-29,10720.778685552958,10759.907712836055,18287.03768085045,12969.321503314186,10760.728447912981,11907.388289509014,13793.975383219818
2020-08-30,10748.494952319013,10810.101013842937,18638.53076939136,13127.606528825967,10736.0480810689,11858.28059473838,14150.734740716556
2020-08-31,10805.01189859624,10914.790763240642,19214.166913875106,13388.104628914372,10847.541638287033,12080.124605864712,14688.305037043065
2020-09-01,10775.65404690223,10865.3360665771,18907.18990156049,13218.733019938358,10808.731761424717,12002.902755837891,14300.824105855854
2020-09-02,10825.768817233751,10968.29257764758,19219.914656888795,13389.016979749762,10941.269032593093,12280.606769765816,14620.016980404067
2020-09-03,10713.986517150708,10755.916760587726,18365.541699947396,12937.927779481299,10624.676075818978,11833.97228582692,13698.572091457663
2020-09-04,10502.452985409129,10279.076678697144,16199.017258621636,12040.16224852459,9990.706630628963,10575.464838092545,11458.222290854717
2020-09-05,10530.526476340521,10443.391033724449,16906.38484287744,12176.837391899084,10083.04265672509,10868.515006636291,12249.895805758244
2020-09-06,10450.683471251625,10178.799174605958,15551.791492713037,11752.783049634374,9985.174979296014,10557.908837212042,10911.972143099061
2020-09-07,10472.373367373413,10277.81169525287,15999.943798585871,11862.69832729164,10014.690014030555,10651.581764987024,11420.406035202543
2020-09-08,10469.899560516482,10267.161317072498,15999.943798585871,11839.719937506907,10057.357226759515,10786.996233317042,11318.373382031803
2020-09-09,10457.576413687735,10197.633220949896,15999.943798585871,11786.736314809956,9992.176579934221,10580.130069095754,11023.092057219139
2020-09-10,10477.730597825235,10294.67689870777,15999.943798585871,11906.13877501687,10013.7229421192,10648.51253406386,11537.45002682414
2020-09-11,10505.328705819511,10378.337627361569,15999.943798585871,12071.158930347261,10049.504602839317,10762.074078220947,11978.37036673105
2020-09-12,10502.687740535144,10373.454870677786,15999.943798585871,12056.698423523978,10056.197523333638,10793.503002874151,11963.58575142901
2020-09-13,10518.650536979463,10441.304099644456,15999.943798585871,12132.721142485221,10075.928507373656,10841.137466801663,12254.81756314675
2020-09-14,10492.343124289897,10334.040885280132,15999.943798585871,12012.643699749497,10030.618438353922,10731.75007670008,11783.392849369426
2020-09-15,10509.061975701694,10395.151164779829,15999.943798585871,12079.84678460623,10167.158882032913,11061.385477847949,12015.452840680406
2020-09-16,10494.365744932304,10313.458114817997,15999.943798585871,11992.45781130185,10222.232736969356,11194.344561439437,11544.554047688865
2020-09-17,10504.691118443381,10381.801624567555,15999.943798585871,12026.200504825181,10310.81875294284,11408.208572165537,11821.613348599452
2020-09-18,10505.325063157625,10397.316515309038,15999.943798585871,12028.281058251667,10286.409288151064,11349.27933844078,11904.841361827881
2020-09-19,10505.78061002526,10382.131934345703,15999.943798585871,12041.585977507588,10287.426349184054,11351.73472317931,11860.57004570895
2020-09-20,10509.880091890647,10407.46934725867,15999.943798585871,12050.122031670628,10351.653753417413,11506.792269417583,11984.472084525436
2020-09-21,10495.169647218487,10334.336159668805,15999.943798585871,11985.065407826134,10279.086448713531,11331.600568323352,11640.933058537285
2020-09-22,10466.972350237671,10153.984713338408,15999.943798585871,11872.016453888946,10089.889659880106,10883.124545830555,10833.853293919987
2020-09-23,10473.611213489952,10216.740362530567,15999.943798585871,11898.896351633386,10142.492838284106,11053.282708210794,11080.227685766304
2020-09-24,10439.868149505011,10040.218032418312,15999.943798585871,11725.912151310782,10059.602981405074,10785.154694763143,10225.088364495503
2020-09-25,10455.847950010853,10220.982893505723,15999.943798585871,11789.161520900676,10218.019768315824,11297.59348969469,11012.569211625058
2020-09-26,10456.841058022337,10329.924605757647,15999.943798585871,11794.289418757979,10215.211229209117,11288.508566162121,11483.60384283921
2020-09-27,10454.316145934927,10322.718203155744,15999.943798585871,11780.296091323595,10224.377574173664,11328.285798926334,11422.905639815332
2020-09-28,10456.831133050046,10336.396708861505,15999.943798585871,11783.4053975145,10244.279451153441,11377.884570644674,11448.528416602405
2020-09-29,10452.137164943018,10308.523764595018,15999.943798585871,11769.341710614462,10194.820331134397,11254.624256770385,11375.47670824004
2020-09-30,10452.054309750385,10335.079199025538,15999.943798585871,11760.294044628474,10231.766884933482,11346.70118446532,11449.958060497862
2020-10-01,10457.369234210217,10373.16683531084,15999.943798585871,11786.911577379577,10206.560354869554,11292.314412506847,11633.827930928263
2020-10-02,10443.287648002144,10312.857234165378,15999.943798585871,11722.392977379885,10149.075395448119,11112.457480409406,11358.849291193485
2020-10-03,10427.533122800478,10235.593929872695,15999.943798585871,11639.102046679822,10144.140262074055,11088.149171497944,10988.391118285974
2020-10-04,10432.752087126908,10256.575357473268,15999.943798585871,11668.512439766591,10143.691613585504,11085.939325233265,11084.136163218554
2020-10-05,10441.978427468277,10321.90035822267,15952.087535977937,11710.660292713834,10163.257672669544,11182.31317622063,11329.685650754973
2020-10-06,10430.874741943027,10287.444527808737,15710.110292515661,11652.68704158402,10173.626437738283,11233.385178782088,11157.843938619684
2020-10-07,10404.205276437882,10163.19281892479,14844.825707500024,11519.953633040102,10145.93485602826,11096.988556556656,10547.162626068899
2020-10-08,10406.815762184779,10200.323026555969,15063.622844750385,11528.49433986592,10152.839057768742,11130.99563518532,10699.532801424875
2020-10-09,10419.47638044334,10267.915356620713,15467.508003175853,11584.438374912323,10200.133846947192,11396.791033131367,10985.956243328903
2020-10-10,10431.230598679425,10350.763341349344,16050.250313186052,11638.281207722472,10235.41569452782,11485.430422192356,11394.033366003312
2020-10-11,10437.829332940657,10365.853662923404,16117.65437845445,11661.495772649725,10311.131633604266,11692.41935565057,11437.608017142164
2020-10-12,10448.918385671506,10402.288981981092,16270.980124247973,11699.301365749248,10385.305630255996,11818.50336197417,11587.559376291663
2020-10-13,10461.154242809189,10434.4971606136,16270.980124247973,11746.204457952137,10466.485350057892,11956.495984279645,11732.947940535367
2020-10-14,10468.350548714327,10458.98915432839,16270.980124247973,11769.654925555507,10469.157636207954,11961.03844604593,11817.02816882852
2020-10-15,10448.012105686947,10398.372016659874,16270.980124247973,11668.556827527322,10455.146189907626,11937.22121408217,11517.192476276481
2020-10-16,10451.680107388667,10403.83292073273,16270.980124247973,11680.227687941297,10520.942208359162,12049.063988922286,11535.816635954945
2020-10-17,10422.75691657749,10319.170229067895,16270.980124247973,11564.35513368002,10415.944847424902,11876.695980277367,11169.449473531537
2020-10-18,10423.419569495009,10332.524679676,16270.980124247973,11569.11950570767,10433.5369309941,11912.790135933783,11233.586612799763
2020-10-19,10432.704387513102,10372.57927778394,16270.980124247973,11602.72966594044,10513.479188301751,12076.809836467693,11403.354151916785
2020-10-20,10434.43070481393,10375.446966683801,16270.980124247973,11599.903099599946,10602.696183545544,12259.858768725226,11395.004810319062
2020-10-21,10410.760685287722,10277.58019555852,16270.980124247973,11483.40078513244,10645.520671392655,12361.63446613736,10900.375061553621
2020-10-22,10444.254660899844,10427.286451483329,16270.980124247973,11579.681309978912,11218.559154425844,13227.15758646975,11485.199972416405
2020-10-23,10469.364975097224,10520.901641462766,16270.980124247973,11668.082231358661,11412.233927279307,13455.508367153188,11903.60963253668
2020-10-24,10456.733775550822,10493.427787629536,16270.980124247973,11616.130008493848,11340.38683412399,13370.79759367385,11789.71169148695
2020-10-25,10476.663945160526,10540.022434949886,16270.980124247973,11697.100349673909,11506.988789266754,13567.228372756377,12002.111805837145
2020-10-26,10465.900097211568,10509.66432762467,16222.313184693901,11646.994540797838,11458.049464943566,13509.526831400884,11854.83050532968
2020-10-27,10438.55808496029,10425.624055099655,15662.241631307168,11519.663094229949,11530.937820318526,13595.465297249491,11461.641845287311
2020-10-28,10461.67576206861,10467.875176891323,15838.102799577973,11581.010652745998,12066.146601214654,14226.499175052113,11607.952505861378
2020-10-29,10438.061484433401,10393.585726379086,15371.516577400042,11493.211806920357,11778.758228593386,13887.656081134752,11274.542650334475
2020-10-30,10436.281889217571,10349.691155598108,15061.711677723155,11469.500536003045,12007.835916914686,14157.748402373229,11076.878984008543
2020-10-31,10433.389581646512,10314.697887215434,14843.026460175633,11450.002449705882,12128.62233439319,14300.16071720806,10922.431400254998
2020-11-01,10443.538024995914,10368.127098493675,15148.328932252254,11479.699359148195,12318.132058368084,14523.600728414436,11128.679242223468
2020-11-02,10448.875220126598,10435.555943580615,15459.70815502062,11497.703963702716,12336.874778321644,14545.699191061221,11419.764080990932
2020-11-03,10428.645033437284,10310.246486847964,14757.339598285525,11430.337264624486,12139.034956589612,14312.437640900718,10897.736556403202
2020-11-04,10432.667640581532,10255.199229361422,14386.55265707747,11431.981680919693,12429.547115869807,14654.963811925878,10610.623619808925
2020-11-05,10440.77101925069,10283.952519561299,14540.150593158898,11454.298908349481,12569.076253301871,14819.474589407495,10719.145780450468
2020-11-06,10478.92389115036,10378.805431503162,14946.37473002388,11539.076307180268,13766.527805890484,16231.320814063167,11004.222586176567
2020-11-07,10503.182440596185,10590.514346519416,16156.571921125309,11629.35674368122,13667.607895024468,16114.690038982917,11921.22998867977
2020-11-08,10438.68127601564,10411.319715875143,15205.020405994217,11419.268116096238,12947.054439032016,15265.12691945098,11216.049604767913
2020-11-09,10471.888808574973,10557.490530682671,15986.828084629085,11517.462127560164,13566.605459719169,15995.603879164133,11797.634815218491
2020-11-10,10465.22538490824,10535.742363681624,15889.623090788009,11497.514961577746,13498.923415442421,15915.803875161857,11725.14580535504
2020-11-11,10480.784432999535,10631.249043277872,16496.488326038325,11578.365936974022,13505.170988760274,15923.170029377452,12199.133600296791
2020-11-12,10489.777605140247,10626.396604492911,16330.63676971457,11572.473675472687,13886.272961149347,16372.505436528734,12067.755985058775
2020-11-13,10497.430559428178,10612.870734437289,16142.425132787275,11565.231308428065,14390.243875456206,16966.708543253382,11924.562039272932
2020-11-14,10519.476523521595,10700.049025571703,16674.838355702774,11660.149641077222,14373.58367994193,16947.06546534513,12325.484900689911
2020-11-15,10496.084142285297,10642.386499552813,16305.206509086483,11564.866076118422,14153.87735159741,16688.022375430046,12043.047926487518
2020-11-16,10477.000099284518,10572.236835703074,15920.112487639824,11492.30648964872,14049.751129633183,16565.253138503467,11751.92894133932
2020-11-17,10535.501899282397,10712.13160202203,16629.816991116615,11668.834428773724,14668.260888100693,17294.502405847354,12277.84083862038
2020-11-18,10591.425559354439,10839.364002438017,17258.928573623358,11829.24417305557,15488.775517178803,18261.923992828804,12747.059069257311
2020-11-19,10575.87083808077,10800.177719535692,17032.49634655406,11759.654420932467,15653.294947882283,18455.8993871728,12570.084033771165
2020-11-20,10590.956122653264,10807.978989406098,17049.747879113955,11799.91498725579,15652.253685662641,18454.671694803536,12581.546648553125
2020-11-21,10661.342378930458,10958.761745646585,17807.994763889576,12012.025401424118,16400.921221585435,19337.382508305647,13150.556504947743
2020-11-22,10839.932375519304,11378.283191443847,20039.11918225891,12665.810338863306,16386.343550510443,19320.194815135925,14806.583684054836
2020-11-23,10794.690491660198,11295.840631878751,19508.326953321128,12466.322296293998,16153.100813310573,19045.191724420387,14411.765108845033
2020-11-24,11001.679097337379,11610.779050185625,21538.078421846065,13394.755026539338,16154.142075530215,19046.419416789653,16064.155560790154
2020-11-25,11109.657153739121,11787.927390036883,22768.3907683521,13910.762671006381,16780.981931754864,19785.490223087665,17042.14525577798
2020-11-26,11008.168610847799,11642.817985809563,21814.47613519478,13460.729993654011,16366.55956833724,19296.868660119875,16294.203877751772
2020-11-27,10764.576071115904,11266.798616995553,19321.626069357986,12352.069752423358,14998.747798167768,17695.95781059727,14363.905483301578
2020-11-28,10757.775708113939,11234.08470099778,19129.06272264581,12319.777319777408,14938.007502021968,17603.880882902333,14244.567947799216
2020-11-29,10837.844075142559,11382.683172742509,20182.228824839305,12682.302401465573,15359.950092581454,18243.508607289816,15086.315338840364
2020-11-30,10874.79971963387,11487.380861601905,20847.26996436727,12835.843375136537,15640.165325467407,18668.290167055784,15554.316500816232
2020-12-01,10937.894529319887,11648.031428803506,21796.276442929888,13094.11956433722,16634.68644102796,20175.89639651419,16303.464450861218
2020-12-02,10859.63160015594,11448.283309403087,20430.187958736697,12730.724998946283,15922.582637274765,19111.487112360737,15264.390425235584
2020-12-03,10902.762170669195,11572.113236773184,21289.860666227236,12948.138334180392,16263.18904944233,19520.30867132625,15967.771810584321
2020-12-04,10930.54401454703,11615.338924869546,21608.49268038672,13078.804365086035,16390.02146718641,19672.542525115212,16188.261815698914
2020-12-05,10815.543248534776,11360.741261642379,19904.625631606268,12513.535466651603,15752.790852230271,18907.690179062614,14766.06933726207
2020-12-06,10890.214069292728,11524.738423961913,21053.54081957495,12872.43444848672,16161.927683662783,19398.767126768937,15693.01491916045
2020-12-07,10904.855133660192,11530.091907561575,21122.884083791596,12942.138226306737,16368.541783536202,19646.76098536063,15718.783603355829
2020-12-08,10898.068542341549,11505.43011723431,20971.696885287856,12918.704265864293,16211.024103434685,19457.696360493694,15603.499807365424
2020-12-09,10805.610430660952,11301.095628715739,19526.354748198723,12489.170817063266,15445.819578974773,18557.797853821863,14506.699720810962
2020-12-10,10831.293791969889,11363.942391682805,19942.306391432485,12599.278645087923,15614.247574581157,18861.037869030515,14814.883373705365
2020-12-11,10810.520281650783,11270.204595391862,19289.635620084733,12512.507521688301,15394.67747504571,18465.720926126927,14330.860980147485
2020-12-12,10782.359978583077,11211.45738994152,18874.96443784163,12375.985466881897,15295.120846063799,18286.47784021412,14008.084579859891
2020-12-13,10817.121907241266,11320.234871539902,19564.303985292532,12504.047043324017,15761.536833896862,19126.219420791927,14542.329547875466
2020-12-14,10837.29392934315,11375.338015694866,19893.590575291797,12588.132624981507,15878.140830855127,19336.15481593638,14782.22078938127
2020-12-15,10841.321085925858,11390.648211425145,19996.799095713897,12601.782571837395,15955.19493410825,19474.884053663416,14864.582670035663
2020-12-16,10840.979483106526,11385.589398424445,19944.244148622478,12590.0952808377,16035.820663702449,19638.167138775767,14832.123749642473
2020-12-17,10942.93586712265,11630.197167528782,21517.44224660211,13013.471571571608,17362.612347980896,21464.97338424328,16013.875075983711
2020-12-18,10957.308996398004,11605.222077824767,21280.499581061453,13020.359873347756,18342.547872861276,22814.207298066398,15813.512749586935
2020-12-19,11020.183107670666,11714.998811243984,22102.183114110016,13316.403491211579,18587.75466935091,23151.82269961449,16463.66272401283
2020-12-20,11081.343946829933,11805.106560489108,22762.365627268027,13591.954838923637,19076.384940173884,23824.598117972153,16988.64445724618
2020-12-21,11037.714784814374,11748.469437906675,22278.04887431988,13367.733845394403,18911.427640717226,23597.47502965798,16596.559897305247
2020-12-22,10975.893765610059,11589.458073836178,21241.72131055881,13145.191649492954,18348.789500408286,22822.801144651257,15888.01844627327
2020-12-23,11025.65226397548,11649.147349333602,21612.944109432556,13323.908249001617,19185.167591707468,23974.37658702258,16199.788880281454
2020-12-24,10956.199425502418,11273.179160541662,19038.842599240303,13047.593957212708,18776.786817917462,23412.093481898843,14412.528920682025
2020-12-25,11001.94304515385,11514.296233769881,20607.443843763263,13243.079667598473,19158.417759363143,23937.545815944606,15593.626868300553
2020-12-26,11055.531396416598,11589.643534549337,21145.1657148259,13470.117807134342,19827.16356797123,24858.315092893958,16070.415653667154
2020-12-27,11147.990263235159,11766.486401526452,22651.453608865253,13909.67117080327,21106.69721510804,26620.053642790383,17494.615109218237
2020-12-28,11127.227870260922,11784.619680849928,22554.104681774526,13770.10622344695,20829.39061980522,26238.24131594872,17252.766596333655
2020-12-29,11200.969682903586,11980.750298841445,23861.21528811758,14140.642932035253,21515.077988898047,27182.33674791412,18538.834570332456
2020-12-30,11207.580201412555,11949.357156713215,23583.427477209258,14167.927309352486,21678.25196619842,27407.004451489764,18308.691596688488
2020-12-31,11210.979288194965,11923.45351562729,23232.31733875787,14112.95089915568,22725.062071939614,28848.315293007814,17935.010199251654
2021-01-01,11198.227701654167,11902.556435337177,23084.68941432588,14057.177610274663,22902.50262649029,29092.62607449171,17917.60377081072
2021-01-02,11190.468804115739,11920.711201975571,23172.67957149304,13994.908526267085,23228.85058109104,29541.961481642993,18107.13594671878
2021-01-03,11238.645635540675,11959.042260794564,23387.593368004353,14128.801522552523,24997.906160128965,31977.703142266342,18161.660969744225
2021-01-04,11470.000331202302,12313.55790107623,25917.465960973797,15222.80786305082,25760.276381942185,33027.38011798861,20406.987090790175
2021-01-05,11488.168097239295,12380.032736354813,26531.884761785353,15286.452665069759,25083.5056236308,32095.56160971586,20867.682823445357
2021-01-06,11583.370879219581,12520.86004734108,27709.93223624128,15843.082516144867,26394.24740850265,33900.26939253659,21855.356792011415
2021-01-07,11861.387453734811,12994.891833430853,32939.987115692886,17585.52901002444,28380.868290607745,36635.567991260796,26096.316543058936
2021-01-08,11879.889051242539,13030.18023634149,33438.380268726,17625.927651079473,30385.32239427572,39395.42043737032,26504.530720945575
2021-01-09,11857.141640778944,12989.860507479158,32604.875078153218,17305.444982432877,31375.957852093834,40759.38665962462,25782.702907625928
2021-01-10,11996.236110639064,13189.224599838311,34930.142154692265,18302.8598464986,30876.627648333128,40071.878932835774,27635.32811028014
2021-01-11,11916.465156772167,13094.798344689374,33625.1273571929,17708.17554375192,29664.860243135274,38403.44500300355,26552.266406310508
2021-01-12,11693.552947692493,12805.804337511629,30373.76770354149,16181.221863945706,27762.94716345387,35784.7771793596,23869.509371701814
2021-01-13,11622.42741556831,12707.942923924504,29405.461846334758,15712.751218076919,26646.61646505211,34264.89402620853,23090.962968015934
2021-01-14,11772.041015552653,12968.261372581495,32315.258793621913,16702.88912762257,28737.92977013336,37720.84804569177,25524.32496737449
2021-01-15,11798.486824778867,13017.76771542717,32630.718710230867,16788.821839563643,29791.38705844782,39461.715825310675,25843.021946699537
2021-01-16,11772.644590036372,13001.016198325764,32266.16921183189,16608.76759914809,28537.341993091817,37389.37110599,25506.383649670646
2021-01-17,11829.33765691478,13083.614069470106,33374.80242865256,17065.264581305553,28058.902998963105,36598.73722018282,26411.246433717657
2021-01-18,11875.93480409073,13136.724594658757,34096.42978732694,17386.744845347446,27963.066616598815,36440.36490454753,27066.201052541503
2021-01-19,11936.752197202803,13234.773591882768,35251.76626236627,17853.7527730823,28424.418503794357,37202.7618658616,27931.49160436458
2021-01-20,11888.576579782763,13172.248735155608,34406.59963427252,17456.102209465764,27902.89028348635,36340.92182263701,27221.96474006126
2021-01-21,11947.604563936004,13237.300728198239,35200.423845540194,17913.386975265534,27662.92786872925,35944.37718736415,27939.221249515223
2021-01-22,11663.710792797092,12842.803986869398,30057.781675579266,15836.333820151209,24736.166870596273,31133.05079221147,23586.69040640027
2021-01-23,11778.69323771321,13031.431779007919,32403.261194430746,16625.414098031466,25677.504559954115,33264.324745256905,25626.52067064908
2021-01-24,11797.891325890976,13074.919610895377,33036.334073825354,16777.910488273017,25289.799232828045,32386.524701231854,26164.970360244686
2021-01-25,11833.362559329178,13136.848841707697,33826.61595129651,17029.542007197942,25374.389486019187,32578.04471083732,26834.218505056102
2021-01-26,11806.683762352468,13079.4666915572,32975.13379203189,16806.95703730383,25421.02257431687,32683.62625459418,26085.647006391322
2021-01-27,11824.515466339562,13095.536827246113,33155.629239214504,16917.48713040453,25467.655662614554,32789.20779835104,26215.77317367849
2021-01-28,11720.233481282137,12913.449167943028,30504.879469896714,16123.555606500346,24620.126395064835,30870.32462518859,24004.484727690135
2021-01-29,11803.330710753919,13112.616398315211,33326.6018701882,16736.634462171656,25935.613281229653,33848.706313027425,26428.366228736624
2021-01-30,11821.09691323721,13200.276515117392,34709.63121662284,16885.840907724436,26291.868386015427,34655.30019963506,27537.126799479993
2021-01-31,11823.252983761478,13253.001751755899,35733.125162578224,16891.913855549064,26305.42451633452,34685.9925088667,28298.643900256982
2021-02-01,11784.10919650468,13184.385659887685,35078.9647118308,16660.619038696845,25810.896882293993,33566.33706809629,27699.374528725984
2021-02-02,11860.081262413933,13292.091075780198,36715.09773939935,17256.657433870732,26059.78743495255,34129.84786558929,29018.572099856094
2021-02-03,11916.596233804858,13386.005335464666,37939.42738983822,17667.746715325437,26953.070753548996,36186.232584109515,30025.224381492546
2021-02-04,11986.75065808991,13496.684165754172,39586.833486108044,18209.669494646092,28215.493605794807,38364.15884718704,31360.719063033433
2021-02-05,11947.091574676097,13440.366629991058,38785.23341317938,17880.619701023294,27968.559710795205,37938.149595051815,30701.49941787068
2021-02-06,12106.219936684005,13663.166467260911,42576.95596222553,19376.94986274327,28614.715263128463,39052.89426634516,33776.94759696984
2021-02-07,12105.232489305658,13664.027287244246,42502.47716890839,19388.579142792092,29181.88043406415,40031.36508465,33781.40804243561
2021-02-08,12077.448472650416,13617.594898112042,41676.06857110335,19145.16601851688,28948.467415159626,39628.68198753082,33143.06316239828
2021-02-09,12195.18221853469,13797.064637546513,44460.61056370666,20032.34557870376,33384.026399403236,47280.88852516456,35306.06493648418
2021-02-10,12323.109900454281,13970.846836512652,47882.43518528094,21273.11051477155,33301.477892717485,47138.47621032973,37998.4217804494
2021-02-11,12404.373413503823,14065.378391425711,49667.10927036187,22082.11410940513,32325.83993869888,45455.309972066316,39848.212942136495
2021-02-12,12591.155497064574,14313.390417533537,54808.81771891754,24042.465481914205,34146.888461188755,48596.974745017505,43769.283897665846
2021-02-13,12745.734921691528,14511.03478427001,59780.32602697853,25930.80796539351,33819.54093467631,48032.236255155236,47517.93599087842
2021-02-14,12892.270761431751,14709.789592077403,64327.18063095052,27670.553885160003,33772.57368087235,47951.20855878369,50990.212465343175
2021-02-15,12805.272381712473,14606.553927764213,60722.01439030285,26311.612052123353,34583.11462151947,49349.55016737744,48104.875637305726
2021-02-16,12776.656602342428,14571.371630867663,59356.7804866033,25821.520324291938,34120.55833405623,48551.55012735467,47317.935813720935
2021-02-17,12770.65970033898,14561.45754190304,58854.071413967875,25662.98755083992,34923.98302412699,49937.61481225576,46970.48175793921
2021-02-18,12920.721253089654,14736.890179449496,63742.162022659286,27562.695633417967,36804.09642640063,53181.17805185601,50903.33783066981
2021-02-19,12962.256898937161,14786.471539012546,65362.10090909734,28195.93804498911,36372.85164147337,52437.196476080935,52363.97468609363
2021-02-20,13013.039482268898,14849.148060978578,66802.35104161748,28740.62809881083,38817.99533950979,56655.54745687823,53454.727430508916
2021-02-21,12963.966714113823,14785.502997439318,64693.51056045474,28029.46695838164,38877.060219293555,56757.44592352729,52202.83337886738
2021-02-22,13032.291531293968,14871.063397495342,67869.87936164433,29192.533946340736,39712.50803695792,58198.75676504534,54621.08476814999
2021-02-23,12888.781269971043,14701.62609811857,63688.81214052652,27384.009922281584,37697.89749879113,54723.159667653854,51359.82336062257
2021-02-24,12625.429222062363,14365.105951748908,54950.541194979625,24133.62319420517,34614.42612405544,49403.56863162514,44049.19581053189
2021-02-25,12673.512134213965,14455.259792640973,56923.69534856847,24678.5157175364,35084.810287152664,50215.073287709834,45793.34592499326
2021-02-26,12598.386929445354,14326.922164642758,53860.55368679516,23703.83346178764,33591.802957372565,47666.383929114025,43047.349565512115
2021-02-27,12613.238138197541,14347.590965271653,54452.44091851156,23886.539099449372,33356.938982996755,47166.71313482284,43747.3550586076
2021-02-28,12640.290622072893,14397.788037999264,55747.310058286675,24233.905338736782,33318.27587173587,47084.45774608204,44861.94010549142
2021-03-01,12590.69161595387,14296.41057851129,53377.592407940836,23611.241319229193,32772.952884548795,45924.288457125855,42686.90972214476
2021-03-02,12697.185329876338,14522.104173416632,58307.691385574086,24834.930289746946,34969.248428711784,50596.885614551495,46961.186075677695
2021-03-03,12666.178510318658,14472.40877799188,57123.52723403597,24466.038431426496,34354.67807807237,49289.39324128342,45988.62746216682
2021-03-04,12743.03586995375,14627.38998856763,60847.872060495836,25414.929884738885,35359.341909493225,51426.80565617518,49182.311648825984
2021-03-05,12711.877751991298,14578.521171720871,59873.530473633415,25048.96277799151,34554.91837072202,49715.40249341865,48353.39135005739
2021-03-06,12739.481440292782,14610.414870831331,60660.42408834949,25395.755838600937,34798.438265529374,50233.488673248816,48973.455352024976
2021-03-07,12741.996175756582,14624.67935264891,60837.80141102504,25406.638433405562,34857.875585825954,50359.9409872832,49156.43641176937
2021-03-08,12790.707817128696,14709.413794163243,63011.87454233359,25990.71075890869,35799.37087397135,52408.95955158782,51032.239318266686
2021-03-09,12841.01272339428,14805.034599614839,65232.50519598195,26635.254312417754,36849.570229555306,54137.55040751407,53023.575660036426
2021-03-10,12896.47211817277,14898.721748842643,67360.21722276877,27235.08549665768,38342.076558052104,56594.16283841494,54693.860961308375
2021-03-11,12834.979139113799,14802.815852920707,64592.21078593099,26401.293764489244,38914.16668996467,57535.80288564181,52398.60028374965
2021-03-12,12891.928477433417,14885.417729148132,66943.79247310673,27151.081640949647,39924.83439366941,59199.32604599697,54382.39373610625
2021-03-13,12841.895813542282,14814.011848255564,64633.538935490855,26481.205232683864,39615.29410065283,58689.833712751664,52577.99965704503
2021-03-14,12951.978904808571,14984.720508534412,69920.93087360483,27961.503719405657,41405.406638580025,61636.29539898958,56945.6381742004
2021-03-15,12985.769163708213,14999.577492992476,72686.71378772215,28865.49526453091,40791.547214115824,60625.90457908383,59245.86733636673
2021-03-16,13022.19732726736,15036.203451984707,75146.47919614894,29720.45341672391,38832.86574553381,57401.98441739184,61721.13614254049
2021-03-17,13032.302146828653,15080.512259215708,75609.72629284133,29686.070050123533,39569.049526756375,58613.716785857185,61521.56273998718
2021-03-18,13098.932283145128,15173.985475768746,79111.71705262708,30797.883904342227,40599.855996512786,60310.38764018252,64487.23903583798
2021-03-19,13064.764490978923,15123.91072835283,77588.73954116495,30311.66001751477,40051.634031772584,59408.033748772155,63382.1481940212
2021-03-20,13120.270084752112,15197.690977961487,80746.01945980033,31382.605779238722,40375.34604904775,59940.85223703351,66819.48634471308
2021-03-21,13155.538323214485,15251.17101279003,84743.47772186577,32089.63875258733,40387.28013263393,59960.49531494176,70448.04203582545
2021-03-22,13170.557602615556,15258.08576414151,86721.55178437105,32515.510530381354,40027.76586460022,59368.74759295565,72784.10018029167
2021-03-23,13098.636331151472,15148.389727752612,83062.48354975905,31348.36336242692,37868.44261572554,55814.57818393115,69002.1157091834
2021-03-24,13117.487158006421,15186.002363454116,84212.84827256824,31552.31021452235,38232.43216510407,56413.69206013287,68675.8925264481
2021-03-25,13051.217995821957,15049.520804049653,79523.41409441779,30543.816751076687,37018.331058700365,54456.750423523175,65951.89447310989
2021-03-26,13042.79842393962,15048.876464699453,79578.31723789073,30439.545855807413,36611.3483527283,53559.30730158988,66013.23268854998
2021-03-27,13156.537646789298,15270.486967437462,87410.50725136242,32359.356008299474,38308.662299638614,57333.23364471295,74502.1504752672
2021-03-28,13139.155469650901,15240.832839440263,86043.91323802763,31989.094567266853,38599.98116329437,58117.7290686738,72586.59330342432
2021-03-29,13161.734510196786,15272.935634514164,87267.99132588011,32367.24782294217,38598.613469098804,58114.045991566,73504.29163843421
2021-03-30,13252.826815588594,15417.711503443008,93020.60649675876,33904.19973155498,39284.05392180038,60026.79070288212,79864.81144173046
2021-03-31,13330.53897997857,15538.81122575395,99063.46764779637,35392.643142146924,40044.42301820506,61519.66462390934,87008.24504900504
2021-04-01,13344.175220837058,15566.473739102956,99423.59171522477,35443.576423049046,39993.1481284804,61418.993849629536,85093.78040090944
2021-04-02,13327.894580784447,15552.093563054417,98870.22929217078,35028.423565423116,39937.49611402315,61309.72922876488,84202.93345182126
2021-04-03,13433.473855052498,15699.177298360322,106936.36221466873,37154.47013012849,40050.05075000411,61530.71385523273,90294.40303775681
2021-04-04,13321.373647910676,15546.370572808692,101791.67693065645,35119.79842659011,39207.141587213395,59875.784541462424,84768.77572033102
2021-04-05,13448.567784084424,15719.66869208536,109549.25126499138,37582.83094700493,39719.26518092674,60881.264591891115,92047.88568341311
2021-04-06,13511.677740906398,15830.041953794987,114195.72547499636,38686.80559089013,39944.37445288866,61323.233844826806,96043.277391307
2021-04-07,13520.689284064963,15844.90895900665,114368.46613841997,38486.868266131016,39305.314241930115,60068.532243437156,95691.08831652805
2021-04-08,13396.527243457042,15695.437244211469,107161.52070613577,36212.83055880382,38188.71428278882,57924.98136669907,89102.53838046937
2021-04-09,13522.23241962193,15864.303995148532,116029.88738412091,38783.75060985056,38909.54098583011,59891.74454226288,96602.21507660284
2021-04-10,13534.835473036588,15882.271511345381,116977.80802282835,38983.12001093084,38977.03412281899,60075.89839765275,96941.928035808
2021-04-11,13603.604932816477,15959.901133431638,121149.19573176061,39992.33078196,39472.523062606015,61530.71385523273,100625.74145407762
2021-04-12,13617.93848476973,15981.108294177502,121743.76121638686,40211.93947516486,39664.52481832037,61867.101564411554,101267.99397976785
2021-04-13,13583.533561379143,15935.183065056242,119381.4040742486,39449.37435083177,39530.6841783881,61632.61232188179,99593.89853786564
2021-04-14,13717.38490455664,16089.83797938633,126022.47248237493,41678.61910196784,41631.49170989039,65313.23404494066,107072.81056688912
2021-04-15,13808.154518861144,16198.031151705574,130170.27534693952,43144.36442059318,41236.97715344083,64622.04324104402,111427.53710174313
2021-04-16,13877.726420221159,16292.897962252298,135437.1863181273,44681.230740768355,41415.664918795424,64935.1047952068,115311.16142471782
2021-04-17,13972.352266024467,16424.867292736515,141712.4613403569,46598.05919149842,40269.2602751871,62926.60007908794,120610.67311085138
2021-04-18,13971.13031683772,16433.53158565767,142480.50737592808,46866.71908572318,39768.93453219423,62050.02772743216,121338.57463051906
2021-04-19,13869.319254581846,16304.758589163675,135951.90229775765,44818.34776894361,37888.48693068226,58821.1967962631,116088.32395654777
2021-04-20,13735.39604677655,16110.386352566773,125887.05584908683,42128.00860826855,37232.797994298206,56990.70747368779,106817.58902150171
2021-04-21,13792.569384242122,16203.14462320076,130016.80812240926,43221.792888154785,37483.46378486756,57690.4921241693,111123.34018789914
2021-04-22,13746.395861787256,16118.350845615405,126268.97937461376,42261.77536952603,36503.821154291654,54984.658142307475,107380.7548727076
2021-04-23,13620.571061120183,15908.41197676833,114372.09191771936,39474.7814451382,35841.808765537426,52741.66418365885,96343.08587478139
2021-04-24,13602.322572935154,15869.410286601149,112887.6180572564,39208.26053612085,35633.09550011737,52034.51337896175,95652.94864349396
2021-04-25,13496.44558793361,15689.538012832285,104552.37925787111,37356.35424905298,35347.2018084222,51065.86409961103,87411.70517707708
2021-04-26,13481.540649912364,15664.646579497408,102901.02169307171,37042.875800345995,35007.680402695485,49915.51634960897,85654.24960584733
2021-04-27,13610.630210083284,16044.781359982919,118965.63466867783,39243.72017408189,36480.993140886334,54907.313523043726,100132.99867735573
2021-04-28,13677.66890844448,16293.875787180397,129980.12096990552,40399.07046421715,36786.81605063377,55943.485882704066,108580.76205659374
2021-04-29,13662.53921974874,16249.779788872751,127013.81723065038,40049.105454203986,36688.98170746812,55612.0089430023,105715.82364064729
2021-04-30,13646.486198788345,16209.831812461907,125170.03347187243,39772.7347729989,36281.58703524282,54273.82426050257,104390.70919262012
2021-05-01,13729.086905511365,16422.29789844516,135119.98766214988,41169.49010622133,38010.66866208221,58928.006032389225,113623.84947104372
2021-05-02,13753.909566480228,16471.30692469668,136657.57518976033,41444.838452628595,38024.80781545388,58966.064495836465,114946.80804304278
2021-05-03,13734.31419130793,16423.42090580726,135091.05256088352,41172.51961471482,37593.33558675695,57804.66751451102,113269.49573917077
2021-05-04,13796.622441219353,16521.716313814966,137907.95242951228,41850.61122003453,37755.25169794871,58240.49830560038,115809.08337345497
2021-05-05,13707.647424551784,16347.291754258493,128981.14479035181,40119.42989160007,36338.143648729514,54426.05811429153,108205.83038977222
2021-05-06,13948.84120046677,16799.962306141046,148814.40065291256,43873.88721806982,37913.06289364548,58665.27986536635,125323.82436971972
2021-05-07,13954.247931881799,16824.751330667357,150465.2089908159,44055.98644319824,37452.85625648353,57426.538264777155,126736.61491535178
2021-05-08,13940.339319378147,16810.892542764843,149332.71069379267,43911.465710919554,37674.065591492,58021.96906387107,125939.5066957456
2021-05-09,13970.021884610183,16837.732613308777,149850.96495268407,44132.6346086572,38202.16510254181,59505.021445944156,126337.91531817215
2021-05-10,14023.7452768935,16904.14641096987,152345.61091022604,44958.99896000719,37865.41190826856,58831.01833521723,128843.46129756952
2021-05-11,13880.122542524836,16668.15124665937,139402.93914013475,42283.4724839962,36723.000924846696,56591.707453676405,117790.91416304102
2021-05-12,13982.644169396348,16829.30826717794,147363.5284564747,44007.45393704515,37017.51282247588,57408.122879238166,125028.4119295433
2021-05-13,13728.813712805559,16389.632689598893,125266.57314563754,39706.46723769737,34470.411642619336,50402.9102202075,105782.92536437616
2021-05-14,13785.5974032425,16488.43405056346,130191.73919336109,40728.03470035644,34520.25781062436,50621.43946193681,110146.20883503249
2021-05-15,13845.60678551535,16599.178457365517,135375.10947039482,41639.032512581645,34493.93455336328,50506.03637922583,114728.86052357862
2021-05-16,13764.091191988484,16429.337599261155,127492.39665109712,40315.53742815337,33779.28612219014,47372.9654528595,107806.59297956357
2021-05-17,13766.21951120519,16434.230934440726,127734.20009117927,40407.62849179498,33670.07260802183,46894.16542884584,108277.07865847445
2021-05-18,13668.654524713598,16246.19910576243,127734.20009117927,38802.19599793446,33018.97055095899,44075.383749011555,100260.95891760185
2021-05-19,13693.035876449956,16320.920871628685,127734.20009117927,39193.599770504734,32863.805706877305,43143.56524073881,103342.67248893667
2021-05-20,13381.984717326823,15514.080523196411,127734.20009117927,34335.60905341503,31835.178704273952,37077.53724419649,70797.77770963826
2021-05-21,13406.00548954092,15890.681561538979,127734.20009117927,34694.26378616901,31835.178704273952,40905.482051567255,83092.40528775883
2021-05-22,13383.743582351846,15556.757295769443,127734.20009117927,34371.813829470906,31835.178704273952,37706.115737260574,71533.82079955415
2021-05-23,13377.704982385081,15416.40847756343,127734.20009117927,34291.13076432409,31835.178704273952,37869.398822372925,66451.41965657582
2021-05-24,13370.079959560851,15148.01103752362,127734.20009117927,34183.556013698304,31835.178704273952,35057.98329675424,57865.40092476082
2021-05-25,13378.716160130256,15623.74690788773,127734.20009117927,34314.46027862925,31835.178704273952,39154.792732994225,71667.13445882004
2021-05-26,13378.567224653825,15623.548448428295,127734.20009117927,34311.87868896669,31835.178704273952,38483.245007005826,71853.68545506593
2021-05-27,13388.254090024733,15952.463138989295,127734.20009117927,34474.004732057256,31824.566978039195,39580.80198512945,82137.19482575443
2021-05-28,13372.228938133496,15810.198544917695,127734.20009117927,34178.0726276242,31760.27343406103,38861.37425673969,76913.11466733468
2021-05-29,13350.382141554112,15584.623533595175,127734.20009117927,33795.418450369514,31492.24868030057,35970.15872711873,69159.64869419746
2021-05-30,13342.218072341704,15459.254970835558,127734.20009117927,33654.7279275823,31492.24868030057,34988.00483170609,64786.56644133357
2021-05-31,13348.431286133786,15569.105585058272,127734.20009117927,33748.930401938014,31492.24868030057,35944.37718736415,68641.55940756963
2021-06-01,13353.284365892785,15770.262045709427,127734.20009117927,33822.94273020875,31492.24868030057,37406.55879915972,75364.36595076803
2021-06-02,13352.676381990215,15740.410741063128,127734.20009117927,33810.54935526004,31492.24868030057,36908.1156972378,74309.76542127786
2021-06-03,13353.086643253959,15791.341510669512,127734.20009117927,33818.14482243943,31481.751264073802,37787.14343363212,75929.73962138667
2021-06-04,13363.441519775135,15932.055837192242,127734.20009117927,33985.50837414775,31648.34098136428,39694.97737547117,80616.37704851638
2021-06-05,13335.732452590499,15739.46934438777,127734.20009117927,33514.45183896526,31197.490853009724,37262.91879195562,74173.51168354151
2021-06-06,13330.420883473496,15667.462580936874,127734.20009117927,33420.67606084543,31197.490853009724,35961.56488053387,71851.98009250725
2021-06-07,13331.670462708189,15709.643146661694,127734.20009117927,33442.80838892396,31197.490853009724,36162.90642909346,73285.82799370626
2021-06-08,13323.890195258544,15519.377239575393,127734.20009117927,33308.193509983095,31197.490853009724,33845.02323591963,66824.90959899254
2021-06-09,13324.441248762101,15503.849371214135,127734.20009117927,33316.594794936624,31197.490853009724,33702.61092108479,66374.26557947639
2021-06-10,13325.744844894036,15636.74548285965,127734.20009117927,33337.02979711585,31187.091689392055,37746.629585446346,70405.52562903504
2021-06-11,13322.242675529045,15525.77722518033,127734.20009117927,33287.25219881503,31120.009767055126,37016.15262573319,66753.70219735621
2021-06-12,13319.722959509805,15436.310036369663,127734.20009117927,33244.61324232272,31198.365962053722,37869.398822372925,63566.962981400255
2021-06-13,13320.197528045985,15429.583267560145,127734.20009117927,33260.67875155248,31034.55078027968,36085.56180982972,63469.06035949908
2021-06-14,13325.054677174603,15569.063102984685,127734.20009117927,33317.33565462364,31352.2597838855,39545.198906420745,67617.26325549003
2021-06-15,13327.36572021153,15625.458954034248,127734.20009117927,33347.15275126083,31470.18825178842,41049.122058771354,69207.57747901583
2021-06-16,13324.490070784888,15597.395688441635,127734.20009117927,33303.68535776611,31378.204777889732,40689.40819457647,68338.76462804561
2021-06-17,13316.6337247135,15514.61058948431,127734.20009117927,33194.02125131598,31014.038123546816,39265.28504622814,65878.3381132838
2021-06-18,13317.665708925093,15541.359399722536,127734.20009117927,33211.78503324036,31012.46843969189,39259.146584381815,66760.41200293985
2021-06-19,13308.797133092825,15414.474034507262,127734.20009117927,33098.440550892796,30449.32081147923,37168.38647952215,62899.162035436675
2021-06-20,13307.845999648329,15362.17339295205,127734.20009117927,33083.93970289082,30449.32081147923,36835.681847451124,61279.86508401713
2021-06-21,13309.087757200867,15404.42230059299,127352.14366019874,33102.87136556007,30449.32081147923,36824.63261612773,62518.24491767934
2021-06-22,13300.840664051879,14967.896129618357,100855.66604691141,32977.11399374704,30449.32081147923,32580.50009557585,49595.420888775465
2021-06-23,13300.514595460809,14893.880257284449,96648.30660282177,32972.29622577467,30449.32081147923,33450.93398538531,47595.35730333509
2021-06-24,13300.514595460809,15096.844528854737,106819.86398343793,32972.29622577467,30449.32081147923,34679.85404702037,52509.75982752876
2021-06-25,13300.514595460809,15204.53531035602,112129.63806028472,32972.29622577467,30449.32081147923,35691.47255929539,55142.7615787994
2021-06-26,13300.514595460809,14989.5404993686,101344.98661170031,32972.29622577467,30449.32081147923,32532.620093174486,49869.57109209955
2021-06-27,13300.514595460809,15020.309104789276,102851.76942831867,32972.29622577467,30449.32081147923,33163.65397097711,50606.51143281363
2021-06-28,13300.435511521226,15130.436170811792,107648.72872525023,32971.56350808076,30439.1710378754,35698.83871351099,53127.00226079255
2021-06-29,13300.087148500768,15185.280305570384,107648.72872525023,32966.54783969716,30420.43850755218,35501.18024205919,54471.6803988117
2021-06-30,13307.06187573568,15356.661464790403,107648.72872525023,33097.55156668603,30556.846406926852,37044.38955022631,58683.209240183925
2021-07-01,13308.276361217197,15374.552171959187,107648.72872525023,33126.46998813662,30422.453183595106,36311.457205774626,59131.80384776064
2021-07-02,13294.178651757826,15258.274243696967,107648.72872525023,32884.33871035089,30113.62566049273,34731.41712652954,56088.80726417584
2021-07-03,13296.198622333113,15279.351835322293,107648.72872525023,32918.28828880051,30113.62566049273,34981.86636985976,56621.515791211306
2021-07-04,13300.3045335697,15327.665610875807,107648.72872525023,32997.51414691206,30113.62566049273,35857.211029146274,57902.26540068847
2021-07-05,13302.525015605228,15372.323670521379,107648.72872525023,33025.00076492918,30113.62566049273,36504.20490774936,58924.96889143555
2021-07-06,13296.485037334802,15289.217532403247,107648.72872525023,32917.73172170398,30113.62566049273,34906.97713533455,56808.11141455449
2021-07-07,13299.144515581585,15342.68105602995,107648.72872525023,32964.11906207248,30113.62566049273,35533.100243660105,58199.864337513325
2021-07-08,13303.548821302655,15361.273309290033,107648.72872525023,33054.83128314304,30113.62566049273,35280.19561559135,58823.457146128196
2021-07-09,13293.932849828327,15238.924530870234,107648.72872525023,32873.43914210935,30113.62566049273,34084.42324792646,55497.719997665605
2021-07-10,13293.901615052024,15266.94104196536,107648.72872525023,32880.17197706728,30113.62566049273,34976.955600382695,56104.33582781692
2021-07-11,13291.500483991327,15232.056492926864,107648.72872525023,32837.22738063325,30113.62566049273,34689.6755859745,55115.76761141235
2021-07-12,13294.190587664938,15266.911254191691,107648.72872525023,32892.294522234355,30113.62566049273,35422.60793042618,56088.8372877645
2021-07-13,13291.961926376944,15191.116347592782,107648.72872525023,32847.44487805169,30113.62566049273,34272.26018042413,54031.03560490278
2021-07-14,13289.147763260778,15145.070234624642,107648.72872525023,32790.119973872796,30113.62566049273,34113.88786478884,52731.30484076029
2021-07-15,13290.619036340706,15144.248895884297,107648.72872525023,32821.12145036532,30113.62566049273,34050.047861587016,52706.5533407864
2021-07-16,13289.684188090221,15066.977404970608,107648.72872525023,32801.42308406145,30113.62566049273,33115.77396857574,50751.25810422898
2021-07-17,13288.35981973537,14986.45972053117,107648.72872525023,32773.51706513097,30113.62566049273,32644.340098777673,48611.46577768291
2021-07-18,13288.467527145525,15001.840610296624,107648.72872525023,32775.78373287713,30113.62566049273,32795.346260197366,49012.71301951178
2021-07-19,13288.391689888733,15009.478365865156,107648.72872525023,32774.191992250344,30113.62566049273,33028.60781035787,49179.5771555246
2021-07-20,13287.335108680772,14895.941161303135,107648.72872525023,32752.015514549155,30113.62566049273,32095.56160971586,46339.34301503215
2021-07-21,13287.335108680772,14784.643264132153,107648.72872525023,32752.015514549155,30113.62566049273,31031.15232556241,43687.28277179319
2021-07-22,13287.169956142177,14971.84493604602,107648.72872525023,32749.832046848187,30103.587785272564,33473.03244803209,47878.00329619357
2021-07-23,13287.403699691911,15035.380006597548,107648.72872525023,32752.14553224978,30124.08201061357,33678.05707369948,49361.00911445465
2021-07-24,13293.037952530178,15112.692619381858,107648.72872525023,32838.06122728751,30248.544487910338,35019.924833307,51142.33833950929
2021-07-25,13299.261717984511,15169.104339099393,107648.72872525023,32943.314619275116,30385.264827786155,35731.98640748116,52494.0968059135
2021-07-26,13304.291284832296,15218.16031340548,107326.74847981086,33023.11473624945,30592.0537582096,36857.78031009791,53558.696323317185
2021-07-27,13321.640403248688,15307.942255604843,111423.16969018603,33288.65198031651,31104.61717684201,38743.51578929018,55416.44485505472
2021-07-28,13343.674751907583,15407.726026458673,115969.77858051358,33626.95323729649,31918.77512079289,41024.56821138604,57688.68234574464
2021-07-29,13346.762841531985,15423.451704563104,116547.28351662529,33657.21880056603,32091.422176722197,41508.279004876764,57954.17833060879
2021-07-30,13356.719478204799,15467.099167794484,118739.6903484731,33836.548229597836,32033.581031080903,41346.223612133675,59118.715322905104
2021-07-31,13382.309612017523,15566.201147048438,123569.00628584795,34239.20102488279,32862.1992614421,43667.78988241531,61540.06227980402
2021-08-01,13386.08541737346,15582.788026341845,124566.1970647487,34322.89963059794,32590.52115312696,42906.62061347051,61976.34919642084
2021-08-02,13367.307810275108,15530.470557636083,121961.0353515168,34012.177088547716,32006.851410746673,41271.334377608466,60720.82274029067
2021-08-03,13375.061305990612,15554.3294142883,123408.56771105832,34173.20988795985,31729.03863546957,40492.977415493944,61422.34258619761
2021-08-04,13362.8211269808,15516.101992978864,121643.16721722628,33975.29663175791,31369.30712602424,39515.734289558364,60517.225189697514
2021-08-05,13387.540439102626,15609.558790015008,126095.88851031418,34362.7211323008,31815.827443600647,41202.583604929576,62756.74224399142
2021-08-06,13401.76690570805,15654.693094230443,128209.01102820353,34582.142532488826,32123.58198562747,42365.20827862429,63826.02964202195
2021-08-07,13442.310178969032,15779.970369063132,134461.5001627064,35229.28141417961,32706.02280556007,44637.66685413529,66937.67608330186
2021-08-08,13492.304202235646,15910.917733598357,140989.04675360277,36042.60727928863,33435.56777075236,46428.8700208941,70208.88067135174
2021-08-09,13458.836567822726,15824.096807380998,136413.50743534253,35454.16997035293,33165.05109757277,45764.6884491213,67927.9415824254
2021-08-10,13511.771906438673,15970.12676164056,143822.9646861347,36320.91157225168,34237.617204726615,48398.08858119645,71679.73932037666
2021-08-11,13550.777517442586,16077.670304688938,149604.49601213099,37014.9511187398,33977.101147930734,47758.46085680896,74808.4166443953
2021-08-12,13619.672756263068,16252.796722682242,160006.92277345262,38226.2256001598,33928.5981584697,47639.37469699018,79974.94788874712
2021-08-13,13587.37250827974,16178.903967750772,155607.7061261034,37676.4549025852,33441.88833629614,46474.29463855693,77740.68545459377
2021-08-14,13692.174416382097,16427.58987303447,169924.4873121219,39468.10739259416,34456.39183485886,49711.71941631085,84985.98128051098
2021-08-15,13741.655367573137,16534.70145870531,177974.20225054206,40411.88551006195,34133.96935861597,49014.39015056787,88877.83408259337
2021-08-16,13776.483051984505,16605.63880651522,184195.86766371163,41066.33054864642,34086.85480662978,48912.491683918815,91827.05381375331
2021-08-17,13726.468935315965,16498.932650384093,177260.62450444023,40134.27827126097,33610.03283472127,47881.23009373554,87930.20134929006
2021-08-18,13651.763977524497,16338.945766343091,166733.70784891976,38747.236400723385,33120.90323827191,46868.38388909125,82332.64686394353
2021-08-19,13663.823243838082,16366.49090031025,168244.78290437668,38904.18114639481,33141.352519421984,46933.45158466234,83347.6423295356
2021-08-20,13736.633423328965,16564.221417157172,179030.32125515756,39993.91605501284,33824.66717822918,49107.69477063208,88930.43579573059
2021-08-21,13784.889956825127,16686.843494723133,185591.65407057473,40642.8700286535,34649.52903468067,51797.56875169345,92007.60581506559
2021-08-22,13760.167797933518,16625.03472964194,182501.4191918849,40299.22166218748,34436.97228553553,51321.22411241832,90142.24921488222
2021-08-23,13792.953191618266,16677.41582294735,185122.58051734927,40744.4934246304,34623.78118104711,51739.86721033796,91463.45587344441
2021-08-24,13838.892243428007,16760.916143088474,190471.39173190194,41479.76763019015,34636.92902120042,51769.33182720034,94037.64205072877
2021-08-25,13724.551889359678,16510.691069233995,176630.91189497357,39729.26559581925,33780.67593121624,49850.448654037886,86866.64738874228
2021-08-26,13766.773374268208,16612.30512435255,182292.3297895459,40332.46444623951,34340.554791077935,51105.150255427536,89649.35950351793
2021-08-27,13658.328227424568,16353.56522923936,168759.75604988236,38875.10426248731,33357.54872288776,48949.32245499679,82602.84057196276
2021-08-28,13750.400276493037,16598.058596774415,180356.69016253846,40044.64430282158,33997.886266517606,51062.18102250323,88875.7445473971
2021-08-29,13742.968544338708,16585.27488621039,179735.21411613942,39953.31389589779,33946.16812673576,50891.53178317529,88374.45643808556
2021-08-30,13740.53584981887,16580.937523999393,179709.56065058228,39936.55823138307,33911.56534256518,50777.35639283357,88218.41664673242
2021-08-31,13692.611189621894,16438.520078848713,173000.67761438998,39321.78826607238,33337.1182900187,48918.63014576514,84689.6698872601
2021-09-01,13708.702120028734,16509.456563032632,176284.57272276605,39509.80826292561,33351.90402414221,48983.69784133623,86314.82890545331
2021-09-02,13783.306706880203,16748.862158386048,188000.0940116695,40443.40890015106,33720.43147276796,50605.479461136354,92387.61718185118
2021-09-03,13799.298976195489,16798.634351139845,190111.15289003024,40618.65727934566,33791.5658780317,50963.96563296197,93385.68987153657
2021-09-04,13839.513016232002,16917.414566921503,194754.77111208136,41055.66222867505,34000.3803784882,51672.34413002834,95872.31601380846
2021-09-05,13828.566981651551,16915.175927352942,194237.19006739708,40993.80730739569,33984.095018833876,51617.09797341138,96292.19445912086
2021-09-06,13943.96041331344,17153.818360095906,205336.6537848434,42453.76940918574,34495.38078634069,53425.48883333991,102171.25042824869
2021-09-07,13930.326582276597,17139.296033854585,203996.88957774435,42258.39262571197,34953.84354237085,54489.89811749335,101478.97911310558
2021-09-08,13598.70097992033,16496.062362205994,171405.27567409974,37942.41302098613,32414.551167894373,48690.279365081704,84807.20374876777
2021-09-09,13591.1931045372,16469.38363299245,170432.65862504093,37864.65864985472,32292.889543955174,47868.953170042885,84321.59355501854
2021-09-10,13601.90568377293,16513.642848294832,172582.8719682119,37991.243727379544,32337.807961164413,48172.19318525153,85435.4573273722
2021-09-11,13574.410972988573,16398.180317543945,167035.06026766342,37653.98012801151,32111.761027597262,46646.17157025415,82622.82866319487
2021-09-12,13595.236649726858,16459.549921302532,170074.4333816382,37892.694231634145,32163.044402710646,46992.3808183871,84123.54315865862
2021-09-13,13606.955261792706,16541.58475975417,173383.9921817386,38043.58292119311,32288.525001392332,47839.488553180505,86110.78571446684
2021-09-14,13579.348112411326,16412.02794637043,173383.9921817386,37742.70277288164,32127.036926567205,46749.297729272475,83297.80839204758
2021-09-15,13605.516779853984,16545.265155330842,173383.9921817386,38057.05462521394,32454.97755869338,49035.260920845394,86438.38332698584
2021-09-16,13632.157773336074,16648.363031114826,173383.9921817386,38390.9310093892,32670.1092799283,50010.04866204244,89084.3825144515
2021-09-17,13607.774431535241,16571.330337333544,173383.9921817386,38052.11870820045,32633.802415135506,49845.53788456082,86922.48828892995
2021-09-18,13576.063415688233,16461.862620571457,173383.9921817386,37639.49856909018,32569.58803486765,49554.57479304483,83985.4449586142
2021-09-19,13590.000596817805,16517.383861521528,173383.9921817386,37815.36769138332,32798.61612708644,50638.62715510653,85427.44424434594
2021-09-20,13558.098428623936,16392.669026154606,173383.9921817386,37414.70162783713,32458.846496446662,49494.417866950804,82205.55139464204
2021-09-21,13479.158145691812,15950.614981783838,173383.9921817386,36457.70334834515,31483.27287915831,45072.269952855386,72554.05903530683
2021-09-22,13461.892610805155,15736.43031051221,173383.9921817386,36266.99557641603,31093.207145360902,42688.0913717412,67862.3095018257
2021-09-23,13473.617391555306,16149.58950464442,173383.9921817386,36400.665746508486,31093.207145360902,45812.56845152267,76358.45677732243
2021-09-24,13476.857103774231,16216.834937934458,173383.9921817386,36438.089306561196,31093.207145360902,46970.28235574032,77890.52756376343
2021-09-25,13472.408078356579,15957.140796597447,173383.9921817386,36385.08159801552,31093.207145360902,44910.2145601123,72466.45507409172
2021-09-26,13471.96608514391,15937.930334083325,173383.9921817386,36378.85666782735,31093.207145360902,44765.346860538935,72031.50337967458
2021-09-27,13471.732020222556,15939.283892612359,173383.9921817386,36379.632970381586,31093.207145360902,45208.54380584389,72080.64365617806
2021-09-28,13466.822785096383,15818.111904027377,173383.9921817386,36321.97096951065,31093.207145360902,44308.64529917206,69674.84121150726
2021-09-29,13461.850466275782,15693.75367160574,173383.9921817386,36264.38762468709,31093.207145360902,43143.56524073881,67076.13598623643
2021-09-30,13463.30678946835,15808.009148254245,173383.9921817386,36280.74484608844,31093.207145360902,43956.29758919277,69267.88136588152
2021-10-01,13466.301618488305,15993.589180381154,173383.9921817386,36317.45323826831,31082.842742979115,46491.48233172666,72878.19744366355
2021-10-02,13493.054725742542,16395.4181038174,173383.9921817386,36630.54854501254,31393.86126491771,50946.77793979225,80823.78303368726
2021-10-03,13500.843195525718,16440.546303143576,173383.9921817386,36740.1430968557,31277.2835189162,50379.58406519145,81902.29019866479
2021-10-04,13544.864296748563,16567.841763981625,173383.9921817386,37402.49645484214,31403.197577909174,50992.202557455086,84994.68452994658
2021-10-05,13530.442125095875,16509.700652098625,173383.9921817386,37172.0125121305,31625.755093002965,52075.02722714752,83596.4406626681
2021-10-06,13559.614559361025,16694.786056486864,173383.9921817386,37464.5976888843,32096.247222901362,54513.224272509404,87282.70829175945
2021-10-07,13567.055527420182,16698.62535402624,173383.9921817386,37433.47310836045,33751.20075805152,58725.43679146037,86809.39392403819
2021-10-08,13554.11645119117,16675.40810212603,173383.9921817386,37275.54839567822,33133.30641863813,57152.76286643088,86244.66911969692
2021-10-09,13545.64430319653,16653.983979413082,173383.9921817386,37133.124942714625,33197.459382839515,57316.04595154323,85696.07604199821
2021-10-10,13570.66754700841,16775.365964703,173383.9921817386,37457.408667864715,33575.62422444772,58278.55676904762,88227.92829552043
2021-10-11,13515.83243374776,16586.442741195624,173383.9921817386,36714.385652677636,33498.93007927463,58083.35368233435,83981.15689236521
2021-10-12,13531.377901729176,16619.924003367778,173383.9921817386,36825.17558548672,34682.14226864313,61094.88306414337,84390.8062916781
2021-10-13,13513.80741946079,16538.952486024544,173383.9921817386,36657.838453734126,34103.800884602024,59622.87991339367,82790.37048807077
2021-10-14,13534.622579256958,16658.135575678447,173383.9921817386,36898.37133952922,34522.4833878111,60688.51688991639,85368.49425551202
2021-10-15,13538.61558256741,16711.712982683897,173383.9921817386,36914.0601017367,34547.5657497545,60752.35689311821,86373.38329391078
2021-10-16,13555.04500345369,16746.76893640452,173383.9921817386,36988.20469428311,36284.036961220714,65172.049422475095,86681.77330192397
2021-10-17,13546.25258522728,16737.297827767798,173383.9921817386,36918.325135370265,35921.78977238429,64250.05245315648,86644.1491381325
2021-10-18,13540.527780454864,16706.927376708187,172865.39599375738,36805.59915944643,36294.648729735236,65199.05865459894,85799.8772357524
2021-10-19,13531.080689242937,16663.214872111137,170900.2777569652,36695.584530536864,36409.82728137381,65573.50482722501,84855.96673024543
2021-10-20,13552.368264626857,16696.802555237122,172012.4820280287,36900.22251671506,37625.26055559476,67762.48032162593,85458.03807415756
2021-10-21,13600.056389906527,16907.458631971887,180947.1356752219,37396.79958249549,38580.97421260978,69483.70502333659,89933.07260222672
2021-10-22,13564.24445297334,16830.761537767172,178017.91885500454,37054.62368996098,36483.44859018808,65706.09560310571,88452.12019872425
2021-10-23,13552.543801925918,16837.258749556182,179000.48762921343,36987.61274068337,35486.33794389832,63952.95089979415,88862.5770818796
2021-10-24,13586.742961845363,16921.046116876794,182433.01940314105,37343.24412394845,35834.14560858471,64758.31709403252,90576.04892982531
2021-10-25,13553.978465316386,16820.309670995906,177849.94181359917,36958.19893090158,35623.12815348534,64269.69553106473,88324.72351599122
2021-10-26,13605.655873584337,16986.782586823218,185284.979049403,37525.461461626765,36676.09465053898,66707.89257642662,92047.30516861513
2021-10-27,13588.11709106277,17016.266394562863,187256.0490911384,37397.52613428055,35469.37171635264,63913.66474397765,92968.93939206284
2021-10-28,13479.359243379316,16664.76033375209,171326.3952474494,36147.70813065054,34614.16780912831,61933.39695235191,85233.6371424496
2021-10-29,13524.205625435807,16844.14363697975,179185.28745943288,36622.23801593216,35386.66135706746,63722.14473437218,89216.44541407927
2021-10-30,13567.269621198384,17031.42744596426,187789.34017651028,37105.25137251975,36407.816177472945,66086.68023757811,93528.00729401592
2021-10-31,13579.122201980563,17013.860023004312,188060.02392327168,37282.492085744205,36271.55616249672,65771.16329867681,93759.86048670036
2021-11-01,13576.150005151998,17109.942713715922,192547.74947642672,37251.968995412826,36027.1364469168,65205.19711644527,95863.24614178263
2021-11-02,13576.805207816067,17143.26775437084,194268.59659444442,37266.295365066646,35739.77096786188,64539.787852303205,96730.90697779256
2021-11-03,13649.766634692518,17317.528295116535,202184.27587039748,38131.586307593854,36853.70984515779,67119.16952013066,100725.20460025397
2021-11-04,13641.45086419018,17312.797128945713,201575.5648777927,38027.10230442605,36612.471297242686,66560.56949211472,100548.5812536312
2021-11-05,13626.567421960062,17287.19737080617,200885.0941142978,37874.63990723387,36203.69125231401,65614.01867541079,100232.61002473372
2021-11-06,13624.486676221099,17282.92663268505,200769.2580591596,37854.14539106845,35864.896896011254,64829.52325144994,100186.4331305834
2021-11-07,13664.071638053018,17339.083459612702,204529.34356115604,38368.10860941639,36133.70556368809,65451.9632826677,102087.71749873846
2021-11-08,13665.301626255783,17358.317551772532,204383.8325850812,38297.90506900796,36909.38027929205,67248.07721890356,102080.066258647
2021-11-09,13739.136181886472,17557.86931989461,213227.14018247108,39074.59898362102,38731.45599383835,71521.67435631782,106558.76527142113
2021-11-10,13754.292228733406,17625.925103350986,215850.44998574315,39171.05780968827,38416.32287436637,70939.74817328583,107781.80502575898
2021-11-11,13674.24772833535,17448.48232483655,206855.9570533477,38172.222484544945,37609.20977934741,69449.32963699715,103149.82099860595
2021-11-12,13703.895008556927,17508.078696341192,209830.81095286677,38525.11594940745,37677.68807324111,69575.78195103153,104720.85648886362
2021-11-13,13675.775684405136,17452.719342431606,207198.61138854438,38238.19024552124,37274.13152573163,68830.57268288718,103371.65592707478
2021-11-14,13685.689226445624,17476.956606495758,208440.73901393492,38352.969278403136,37451.64321961142,69158.36654548116,103976.32475443602
2021-11-15,13706.10697192375,17499.671932786667,209471.30327546113,38550.721563233776,38077.92043172663,70314.85275732954,104560.7983326395
2021-11-16,13684.9498418144,17465.0374745756,208242.58990186994,38351.14639168151,37241.55447329676,68770.41575679315,103765.96170404962
2021-11-17,13560.094226051377,17147.259687510923,193202.6226510395,36955.148881465895,35288.35053430534,65250.62173410811,95909.11538568624
2021-11-18,13569.78206026419,17179.040628827886,194617.7474017103,37065.05284863782,35383.64395299237,65567.36636537868,96695.74857413617
2021-11-19,13492.499519087003,16871.42422256668,180811.8748690234,36217.99191694788,34157.75691182088,61492.65539178549,89623.77790868044
2021-11-20,13557.502249986923,17165.607262285645,194815.14967867342,37034.65788085274,34717.328730855166,63352.609331223175,96958.08463855383
2021-11-21,13575.915828907397,17254.596758895324,198822.82022976378,37230.357739415485,35264.71185680158,65172.049422475095,99056.70122954193
2021-11-22,13554.516042892843,17205.79286960535,196205.5617985573,36946.644061367704,34909.392985573206,63991.00936324139,97560.62747757821
2021-11-23,13533.39591651557,17040.19081721841,189238.7740610365,36795.878192061224,34162.55851818883,61508.61539258594,94160.6019892056
2021-11-24,13562.082526388807,17122.24908393953,193135.02255367066,37147.5029831506,34567.0015161047,62852.93853693199,96303.23755656746
2021-11-25,13569.725709064367,17036.779508451527,189957.916816365,37365.706323009654,34510.490302697275,62665.10160443433,95042.02774033212
2021-11-26,13583.678890554049,17158.592848518325,194675.16109489955,37470.58081571001,35105.15078365121,64641.68631895227,97380.14296144461
2021-11-27,13491.946605837225,16730.199128715707,175292.76644792283,36496.29403288921,33242.866221558215,58451.6613931141,87267.18974474307
2021-11-28,13491.207167950835,16748.625420467193,175570.91839281283,36462.079120355695,33559.402887506985,59503.793753574886,87330.2033008006
2021-11-29,13516.534654471918,16851.421539269693,179305.56024563877,36726.11588879892,34428.86299444211,62393.781590826584,89610.64510486291
2021-11-30,13518.658423791352,16954.88507323972,179305.56024563877,36702.82931881455,34582.51439821654,62904.50161644116,91815.15713832185
2021-12-01,13509.239519098091,16896.73774211189,179305.56024563877,36582.70904659962,34243.447117772004,61777.48002145515,90273.22056656955
2021-12-02,13508.372750017108,16892.020209398812,179305.56024563877,36579.86917108773,34356.46954458685,62153.15388645049,90172.84145542166
2021-12-03,13495.81187326377,16881.665311076937,179305.56024563877,36381.34422710293,34125.25373025321,61384.6184632901,89563.53349625895
2021-12-04,13441.349241320026,16649.145921127656,179305.56024563877,35715.826475972375,33200.02111858265,58309.24907827927,84049.36671229404
2021-12-05,13416.515221242831,16361.074922898388,179305.56024563877,35451.84682588034,32012.819379773624,54419.919652445205,77182.58596493726
2021-12-06,13400.439944567821,16184.076816836976,179305.56024563877,35141.953252996034,31964.888085755323,54175.60887096131,72874.79181755634
2021-12-07,13419.757105939347,16317.425861936612,179305.56024563877,35478.595555131666,32130.600298240694,55020.26122101618,75937.2140898793
2021-12-08,13417.940192101776,16310.692162468502,179305.56024563877,35462.15627966516,32160.94875575982,55174.950459543674,75830.1859278987
2021-12-09,13423.861745747865,16426.206565019245,179305.56024563877,35555.140196408785,32067.735636236794,54699.83351263781,78195.4648823548
2021-12-10,13399.69804801866,16137.922843028715,179305.56024563877,35284.32447599309,31488.465474859888,51747.233364553555,72417.62821801583
2021-12-11,13385.529950111859,15957.668690026061,179305.56024563877,35081.45366373709,31373.13804916084,51259.83949395503,68734.06161173091
2021-12-12,13397.75868604659,16164.154520195469,179305.56024563877,35238.81400303559,31540.303895763856,53716.4519248559,72546.61868360627
2021-12-13,13401.024311346657,16199.332137204423,179305.56024563877,35277.096358658964,31586.251529762685,54391.68272795209,73243.2422575017
2021-12-14,13375.521927352052,15828.123280477783,179305.56024563877,34928.86708706579,31345.06822184519,50847.33485788172,65971.35619640785
2021-12-15,13382.510766918851,15957.32116796216,179305.56024563877,35021.74095349347,31476.394913929118,52777.26726236756,68324.32444292199
2021-12-16,13389.855332782408,16053.68882637445,179305.56024563877,35100.775246219535,31502.459753579365,53160.30728157849,70133.25573022557
2021-12-17,13381.748023199438,15924.064476700587,179305.56024563877,34979.9311149061,31398.534559589283,51633.057974211835,67684.16584772631
2021-12-18,13378.007435202106,15859.667786102404,179305.56024563877,34936.48464562055,31318.41859412587,50455.70099208593,66501.18448883037
2021-12-19,13381.301076538219,15956.48901951379,179305.56024563877,34963.75069323368,31369.211614982756,51202.137952599536,68239.5523024444
2021-12-20,13377.125339581165,15913.263779211517,179305.56024563877,34908.04772309696,31356.09565400491,51009.390250624805,67386.00979523842
2021-12-21,13379.052501716656,15915.305654867814,179305.56024563877,34920.597573293024,31362.528322764745,51103.92256305827,67400.05927720672
2021-12-22,13397.72562835433,16081.855215112198,179305.56024563877,35216.15806563396,31495.65980338936,53209.41497634912,70713.1230346124
2021-12-23,13399.195059144871,16173.285740539635,179305.56024563877,35177.61535190822,31431.36702976687,52720.79341338133,72015.0053515356
2021-12-24,13435.125589705183,16444.43312282236,179305.56024563877,35569.80752520842,31732.3323716184,55084.101224218,76872.39683451726
2021-12-25,13406.612901565632,16319.534328865717,179305.56024563877,35268.843301263936,31753.084541779142,55192.13815271339,74565.28616291934
2021-12-26,13426.355465215744,16419.685201741588,179305.56024563877,35502.81162835443,31676.443004253662,54793.138132702006,76522.53251926071
2021-12-27,13431.292554085787,16447.036069329188,179305.56024563877,35590.79879633725,31737.75623427405,55112.33814871112,77140.03007810544
2021-12-28,13444.629336699589,16532.28569352676,179305.56024563877,35685.2865647265,31706.863799148392,54951.51044833729,78271.19021062422
2021-12-29,13369.592018395355,16244.923767942932,179305.56024563877,34935.839045346125,31052.86714308129,51647.79028264302,73006.61797352102
2021-12-30,13338.434812527245,16069.030942015443,179305.56024563877,34568.04068087618,30950.297731294195,50264.180982480466,69579.22138046462
2021-12-31,13339.733253443346,16102.760411943504,179305.56024563877,34583.385989121445,30950.297731294195,51111.28871727386,70058.4452974038
2022-01-01,13337.753072717223,16011.084842204858,179305.56024563877,34598.144607745606,30950.297731294195,49941.29788936356,68508.60130142752
2022-01-02,13340.579162555534,16136.17909543255,179305.56024563877,34616.56027170297,30950.297731294195,51590.08874128753,70855.97392757646
2022-01-03,13342.72350528225,16169.907577895843,179305.56024563877,34635.34680608371,30950.297731294195,51133.38717992065,71553.76528473952
2022-01-04,13339.00429632792,16141.106859382107,179305.56024563877,34591.13377767409,30950.297731294195,50496.2148402717,71046.99224647065
2022-01-05,13337.674524836548,16114.110505793622,179305.56024563877,34581.17491289225,30950.297731294195,49887.27942511586,70518.37081318827
2022-01-06,13324.659274738355,15894.633817712727,179305.56024563877,34375.70888696455,30950.297731294195,47204.77159827008,66171.54108644163
2022-01-07,13324.075325038439,15900.702713158853,179305.56024563877,34384.48894656548,30950.297731294195,46872.066966199054,66386.82869913246
2022-01-08,13319.173411754313,15713.202985909977,179305.56024563877,34318.758345947244,30950.297731294195,44910.2145601123,62832.40439930625
2022-01-09,13315.164579949247,15590.789182099325,179305.56024563877,34280.24360619871,30950.297731294195,45061.220721531994,60411.26257062016
2022-01-10,13324.692702933933,15670.888189999001,179305.56024563877,34378.1154728557,30950.297731294195,45314.12534960075,61947.61999501704
2022-01-11,13326.502310202242,15562.979351546368,179305.56024563877,34398.65932339882,30950.297731294195,45349.728428309456,59931.935024786195
2022-01-12,13322.093004733812,15679.51376332869,179305.56024563877,34348.13282674525,30950.297731294195,46207.88539442625,61686.68091365315
2022-01-13,13322.3624333602,15866.584966528213,179305.56024563877,34348.52283967179,30939.980965383762,47223.18698380907,64836.577545928034
2022-01-14,13300.96266240307,15668.51314962384,179305.56024563877,34139.05874827351,30815.927029562976,45656.65152062591,61307.11389004064
2022-01-15,13307.862565467543,15770.85443611589,179305.56024563877,34204.931739384716,30815.927029562976,46345.386939784024,63011.08738575995
2022-01-16,13308.430017534172,15782.560764498494,179305.56024563877,34209.869647648855,30815.927029562976,46406.77155824731,63075.71895311252
2022-01-17,13312.114792605884,15816.816320177513,179305.56024563877,34245.76781155525,30815.927029562976,46363.80232532301,63688.06108808494
2022-01-18,13310.509745286306,15740.60566571325,179305.56024563877,34220.31915434972,30815.927029562976,45452.85458732778,62500.48258920027
2022-01-19,13296.39478565388,15670.99777061353,179305.56024563877,34055.64031008266,30815.927029562976,45932.882303710714,61018.28245776415
2022-01-20,13285.135501104523,15536.497101132849,179305.56024563877,33927.46754412958,30815.927029562976,45128.743801841614,58530.35491316492
2022-01-21,13284.347058004169,15395.640964848424,179305.56024563877,33921.47224129312,30815.927029562976,44166.23298433723,56009.86415272926
2022-01-22,13279.636573364303,14919.6128545399,179305.56024563877,33885.65382661019,30815.927029562976,39502.22967349644,48223.60273304718
2022-01-23,13279.636573364303,14679.495646753732,179305.56024563877,33885.65382661019,30815.927029562976,38032.681907485276,44403.73447483503
2022-01-24,13279.636573364303,14812.537740507527,179305.56024563877,33885.65382661019,30815.927029562976,39295.977355459785,46402.91454710366
2022-01-25,13279.636573364303,14714.86509316521,179305.56024563877,33885.65382661019,30815.927029562976,39825.11276661335,44922.19657579058
2022-01-26,13279.636573364303,14759.506753159287,179305.56024563877,33885.65382661019,30815.927029562976,40194.64816976235,45487.208091788816
2022-01-27,13279.480972407116,14797.937353980695,179305.56024563877,33884.14779755124,30805.655053886454,40267.08201954904,46005.04833896029
2022-01-28,13279.115878368788,14782.799809654962,179305.56024563877,33863.93683934598,30865.99431159786,40976.68820898467,45752.17524386887
2022-01-29,13279.55815971724,14863.172215271432,179305.56024563877,33869.609037167524,30917.564542237018,41583.16823940198,46867.58081024519
2022-01-30,13284.723229005118,14930.524881703883,179305.56024563877,33924.74629295992,30963.601934366307,42124.5805742482,47855.704842543906
2022-01-31,13283.609089963422,14914.904564709555,179305.56024563877,33922.45611963625,30934.163057766626,41778.37132611524,47766.94462139507
2022-02-01,13286.021297033985,14942.97939369463,179305.56024563877,33952.05482873405,30951.717250887872,42101.254419232144,48144.18599616515
2022-02-02,13286.820772293218,14972.05810170571,179305.56024563877,33954.93001196747,30968.36991620349,42203.15288588121,48454.08020565285
2022-02-03,13261.212821768357,14772.841495676015,179305.56024563877,33692.62786880334,30611.424047853623,40139.402013145394,45633.849611913734
2022-02-04,13260.940412560367,14790.612959394475,179305.56024563877,33689.39675124268,30611.424047853623,40082.928164159166,46007.98253595524
2022-02-05,13264.11674099279,15097.746911138493,179305.56024563877,33737.20907668334,30591.01643182172,44570.14377382567,50010.93614393279
2022-02-06,13270.202693946745,15160.371430612206,179305.56024563877,33803.84005088788,30567.969047034698,44419.13761240598,50964.66298274342
2022-02-07,13289.023411196415,15296.724645264738,179305.56024563877,33980.258065138405,30725.178444077872,45449.17151021999,52959.66735923407
2022-02-08,13343.892274181178,15595.902912173118,179305.56024563877,34505.5759412779,30967.601876028184,47099.19005451322,56784.22668005683
2022-02-09,13338.479941381862,15548.810947801325,179305.56024563877,34431.620813339185,31031.158768845355,47435.577763692054,56101.202746773066
2022-02-10,13355.363361425347,15643.324433116084,179305.56024563877,34610.94544210446,31127.565463745377,47767.05470339382,57372.58220095377
2022-02-11,13305.662618809716,15439.046721712191,179305.56024563877,34061.7182153839,30863.69676918569,46859.79004250639,54250.30266130391
2022-02-12,13258.20932186118,15200.1116761171,179305.56024563877,33578.93676361715,30562.181960442744,45855.537684446965,50771.07687997819
2022-02-13,13265.380263012208,15211.153745766758,179305.56024563877,33641.60855231609,30542.810903590384,45768.37152622909,50851.8670862267
2022-02-14,13260.628308610978,15134.179971721875,179305.56024563877,33600.86510326757,30466.41800332756,45424.61766283467,49854.7464081809
2022-02-15,13263.351713915794,15181.54124556304,179305.56024563877,33619.31188143656,30644.57716001193,46226.30077996524,50520.751195128134
2022-02-16,13277.04554506679,15408.854812183825,179305.56024563877,33726.5426317448,31079.99353485181,48227.4393418685,53624.98542621393
2022-02-17,13269.553192842048,15357.817495367757,179305.56024563877,33665.550789368855,30846.085400130818,47411.02391630674,52945.09900394871
2022-02-18,13236.79972488814,15044.813018234687,179305.56024563877,33396.07617625696,29789.165491713728,43818.796043835006,48559.421738338075
2022-02-19,13237.873878527635,15000.966106621738,179305.56024563877,33406.56157961343,29757.049225995466,43394.014484069034,47936.82431285683
2022-02-20,13240.657790993833,15014.343934060944,179305.56024563877,33431.17502901829,29761.597483279264,43454.17141016306,48115.89456831286
2022-02-21,13235.73839793456,14825.348099071642,179305.56024563877,33391.67994750191,29616.53573675605,41660.51285866572,45456.08182706539
2022-02-22,13230.133228568167,14581.433002697115,179305.56024563877,33341.85562819178,29616.53573675605,40210.60817056281,42370.221323575155
2022-02-23,13230.133228568167,14702.859952409606,179305.56024563877,33341.85562819178,29616.53573675605,41433.38977035155,43795.15355454829
2022-02-24,13230.133228568167,14597.425536413259,179305.56024563877,33341.85562819178,29616.53573675605,40451.23587493891,42484.57354674985
2022-02-25,13230.133228568167,14595.765183912967,179305.56024563877,33341.85562819178,29616.53573675605,42059.51287867711,42363.58438278463
2022-02-26,13229.85176640254,14787.077308078771,179305.56024563877,33339.632837816556,29606.663558177133,42737.19906651183,44654.93984392304
2022-02-27,13230.153280289049,14784.306557141554,179305.56024563877,33343.43180008378,29600.140904208125,42652.48829303249,44639.065942592606
2022-02-28,13220.354783427949,14621.601337170805,179305.56024563877,33253.884283822146,29496.511908416254,41430.93438561302,42714.94282980178
2022-03-01,13219.069521005329,15036.057641636853,179305.56024563877,33241.321705314935,29476.847567143977,47296.84852596502,47445.38016154121
2022-03-02,13227.784546677583,15113.693843388091,179305.56024563877,33323.96355140951,29692.22845278483,48989.83630318256,48375.932141668534
2022-03-03,13221.875661121276,15059.1909935735,179305.56024563877,33269.098871257505,29567.47096510126,48526.99627996935,47742.68562832434
2022-03-04,13208.334348818016,14973.166729319692,179305.56024563877,33139.8282411851,29186.58006769068,47113.92236294442,46704.49244081828
2022-03-05,13172.581863514502,14741.097330527007,179305.56024563877,32801.4179509936,28310.792100881834,43996.81143737854,43881.07890331384
2022-03-06,13174.508387954,14843.103676055782,179305.56024563877,32820.81011536664,28310.792100881834,44260.76529677069,45167.43303604148
2022-03-07,13171.940196196574,14685.987296965,179305.56024563877,32795.38374305528,28310.792100881834,43363.32217483739,43142.31981304992
2022-03-08,13171.940196196574,14614.488175473763,179305.56024563877,32795.38374305528,28310.792100881834,42916.442152424635,42289.52404114615
2022-03-09,13171.940196196574,14666.912180318534,179305.56024563877,32795.38374305528,28310.792100881834,43632.1868037066,42941.56662738094
2022-03-10,13171.390550046784,14859.973474455366,179305.56024563877,32790.28223891747,28301.35517018154,46582.33156705232,45279.94778725338
2022-03-11,13167.08127092949,14718.561309902781,179305.56024563877,32763.758557049892,28116.936043857597,43983.30682131662,43642.92386491944
2022-03-12,13159.83672555579,14716.46942000664,179305.56024563877,32674.3374497757,28116.936043857597,43583.07910893597,43419.285264909864
2022-03-13,13156.560406211474,14710.088797751077,179305.56024563877,32639.968854371815,28116.936043857597,43705.84834586255,43306.70128138514
2022-03-14,13149.73640926672,14637.069692302854,179305.56024563877,32569.308940785664,28116.936043857597,42479.38366896602,42451.77631419733
2022-03-15,13156.31999512409,14757.840445334221,179305.56024563877,32642.95543954309,28116.936043857597,44497.709924038994,43942.32775232781
2022-03-16,13148.69835306224,14738.397853623912,179305.56024563877,32568.631594615224,28116.936043857597,44009.088361071204,43620.31276401428
2022-03-17,13157.558108317835,14894.379806469211,179305.56024563877,32645.7363455556,28107.563731842976,45805.20229730707,45473.703068591814
2022-03-18,13145.709636387115,14835.94271228163,179305.56024563877,32529.757880822493,28074.070255510916,45314.12534960075,44722.37473544232
2022-03-19,13160.284795584303,14938.185289804629,179305.56024563877,32669.025053284087,28146.081229624848,46369.94078716934,45980.187123610725
2022-03-20,13185.744143198977,15110.095872829228,179305.56024563877,32922.22692423715,28172.22310728429,46888.02696699951,48242.95592085727
2022-03-21,13150.798425145847,14971.766283156927,178769.2524881743,32556.460193893738,28036.61569832955,45872.72537761669,46414.14989026593
2022-03-22,13164.52439894554,15028.223503037763,181242.62341114698,32676.812270342427,28006.320529395714,45713.125369612135,47047.02115545549
2022-03-23,13185.69997066091,15126.935248234719,185565.2642839423,32859.842739366475,28094.69203095909,47144.61467217606,48162.14059933696
2022-03-24,13249.963892548947,15350.788010832219,198339.6700837965,33581.31002571041,28181.47886377079,47868.953170042885,51503.57805258213
2022-03-25,13289.031276163561,15502.519121591715,204711.47521542496,33919.419273647036,28393.887468402656,49045.08245979952,53089.686897339925
2022-03-26,13270.590662128716,15448.94792812935,201903.9334506684,33731.64895955476,28575.642605270583,49609.82094966179,52398.00482497727
2022-03-27,13312.95406528695,15562.452899874861,207617.0853513374,34141.54881358061,28639.256903174355,49807.47942111358,53882.3085170609
2022-03-28,13438.165112686374,15891.940497306046,224375.29098892995,35378.84699117819,29465.847656060665,52375.81185761764,58195.24485240913
2022-03-29,13404.559528454483,15812.747341235598,219639.52208890198,35001.768233288276,29541.315549847128,52610.30110014741,56863.744250503616
2022-03-30,13417.597802073939,15838.192197283104,222005.8083215439,35175.32885927537,29520.7693169838,52546.46109694559,57490.705090622076
2022-03-31,13491.142976591453,16018.98356092479,232104.30382912225,35950.07424702967,29284.487639055493,51812.30106012464,60134.502179778836
2022-04-01,13425.330231564645,15863.042093701415,223091.7663095919,35255.53250110778,28855.387468102086,50479.02714710198,57756.096162991045
2022-04-02,13465.520037764423,15967.204528301034,227711.26968499093,35673.51510117857,29136.317690521857,51351.91642164996,59224.88965758607
2022-04-03,13450.730483160101,15933.408277174907,226387.5902058935,35489.933856858435,28992.8891803413,50906.26409160648,58644.64670945559
2022-04-04,13486.584376417455,16049.062544225046,231770.6669333427,35869.01329501966,29217.71238224967,51604.82104971872,60369.41495795561
2022-04-05,13474.45279737207,16007.225735367927,229062.36920764693,35704.65737644666,29363.11649174401,52056.61184160854,59638.657013558026
2022-04-06,13447.777251668007,15930.94290440818,224730.9899488636,35425.0661634407,29090.878906304875,51210.731799184396,58482.16210048759
2022-04-07,13329.041854364212,15558.572909119914,203360.5038988034,34147.5893469031,28237.700716864558,48617.84551529502,52784.06956085791
2022-04-08,13348.380697738878,15674.779120028412,210240.09187028906,34362.45491406494,28332.124133320347,49105.23938589355,54618.01238356947
2022-04-09,13311.276507611074,15487.062597338678,199310.9686572266,33964.95028652084,28065.027164353472,47726.54085520805,51693.74935451084
2022-04-10,13320.65785573552,15603.247351972543,207067.23615889213,34059.301977833755,28183.47265905116,48337.93165510242,53694.94609001338
2022-04-11,13308.408674307162,15489.446968801429,200005.83802238884,33922.691911166825,28037.675293087945,47585.35623274248,51844.95540787577
2022-04-12,13276.63029130541,15153.783112934521,181222.29524461005,33629.498974378745,27442.09543155179,44645.03300835089,46827.60263438253
2022-04-13,13277.307630515912,15270.671028517398,187121.00656539638,33634.726145826695,27442.09543155179,45494.596127882825,48419.98141222495
2022-04-14,13278.045046769434,15343.040732136764,190628.75510762254,33640.41694465525,27442.09543155179,46286.457706059264,49377.13071078685
2022-04-15,13277.239307604244,15282.98186687857,188303.23085625266,33634.198883315425,27442.09543155179,45352.18381304799,48725.18533334304
2022-04-16,13277.334397111073,15350.9477944394,190903.77295565282,33634.80389601232,27442.09543155179,46101.07615830013,49497.20308613952
2022-04-17,13278.107348025867,15368.886316226926,192114.87632683874,33640.23404098174,27442.09543155179,45919.37768764879,49806.26004345046
2022-04-18,13273.912641659703,15253.340822519065,186810.10935910937,33621.19285959969,27442.09543155179,45075.95302996318,48461.99984941077
2022-04-19,13278.776394423938,15394.293134734111,186810.10935910937,33684.565477938966,27432.94806640794,46490.25463935739,50480.14347502706
2022-04-20,13279.901039928207,15467.100997218022,186810.10935910937,33687.3818820013,27480.61575561923,47217.048521962744,51359.71615941822
2022-04-21,13270.294132576902,15381.568158743727,186810.10935910937,33576.663754290705,27455.332555598376,46831.55311801328,50156.430519160866
2022-04-22,13261.08851703383,15269.137661070265,186810.10935910937,33472.410152108096,27381.3335408418,45840.80537601578,48613.253644084354
2022-04-23,13261.470577047317,15258.359459522191,186810.10935910937,33477.20210372892,27381.3335408418,45188.90072793564,48479.39926156908
2022-04-24,13262.958008290942,15231.852095657927,186810.10935910937,33508.70903711853,27381.3335408418,44874.61148140359,48371.702599742006
2022-04-25,13261.750125448672,15201.106890681402,186810.10935910937,33486.66005675935,27381.3335408418,44843.91917217195,47839.08448142494
2022-04-26,13260.281374812086,15243.55600897361,186810.10935910937,33462.94761655979,27381.3335408418,46314.69463055238,48179.845110489856
2022-04-27,13256.855864785623,14988.787367606063,186810.10935910937,33414.773555948916,27381.3335408418,43999.266822117075,44799.13446204973
2022-04-28,13256.855864785623,15099.448258641927,186810.10935910937,33414.773555948916,27381.3335408418,45654.196135887374,46229.111217710175
2022-04-29,13256.6383825503,15109.31517535583,186810.10935910937,33413.28845490199,27372.206429661517,46422.73155904777,46234.00012415658
2022-04-30,13254.27500772397,14910.612087886075,186810.10935910937,33397.20698655765,27269.385928544863,44988.78687174531,43623.601349062745
2022-05-01,13253.884685217148,14686.034964809556,186810.10935910937,33392.01186547085,27269.385928544863,43888.77450888315,40878.722572687286
2022-05-02,13245.377450571428,14799.598130354865,186810.10935910937,33278.782130250045,27269.385928544863,44810.77147820177,42253.37128656189
2022-05-03,13233.073901159887,14755.690439911257,186810.10935910937,33115.02414070809,27269.385928544863,45009.65764202283,41533.61219463052
2022-05-04,13216.591907111504,14682.72755475485,186810.10935910937,32895.73678260408,27269.385928544863,44015.22682291753,40623.75149632496
2022-05-05,13218.900694823353,15000.78597306685,186810.10935910937,32931.53305049072,27260.296133235348,45835.89460653871,44967.428593434626
2022-05-06,13177.12081173652,14664.557749128617,186810.10935910937,32456.01871710045,27037.599191474623,42594.786751677,40639.71314851684
2022-05-07,13177.12081173652,14608.399540700859,186810.10935910937,32456.01871710045,27037.599191474623,41934.288257012,40019.78869254469
2022-05-08,13177.12081173652,14492.213298443534,186810.10935910937,32456.01871710045,27037.599191474623,41298.343609732314,38516.25448339509
2022-05-09,13177.12081173652,14409.070638024035,186810.10935910937,32456.01871710045,27037.599191474623,39687.61122125558,37620.50993312335
2022-05-10,13177.12081173652,13886.582454413976,186810.10935910937,32456.01871710045,27037.599191474623,34990.46021644462,31421.738692159073
2022-05-11,13177.12081173652,14017.826015611994,186810.10935910937,32456.01871710045,27037.599191474623,36176.411045155386,32917.70329183188
2022-05-12,13177.12081173652,13380.255098595204,186810.10935910937,32456.01871710045,27037.599191474623,33826.60785038064,25520.482571698554
2022-05-13,13177.12081173652,13214.264926924492,186810.10935910937,32456.01871710045,27037.599191474623,34205.96479248378,23800.189566157744
2022-05-14,13177.12081173652,13464.50327256296,186810.10935910937,32456.01871710045,27037.599191474623,34520.25403901582,26193.393324117482
2022-05-15,13177.12081173652,13554.410736846574,186810.10935910937,32456.01871710045,27037.599191474623,35439.79562359591,27097.01277815461
2022-05-16,13177.012857579186,13711.025467638148,186810.10935910937,32455.297472240072,27028.586658410797,36959.678776746965,28575.264999956886
2022-05-17,13175.058910953367,13522.936437017968,186810.10935910937,32441.848685442972,26869.54226839445,35108.31868389414,26719.8949110411
2022-05-18,13175.216914267867,13685.496050964388,186810.10935910937,32444.113842019415,26869.54226839445,35421.38023805692,28187.560759884516
2022-05-19,13170.180585998727,13446.027504494337,186810.10935910937,32369.408911524857,26869.54226839445,33621.58322471325,25722.56676940035
2022-05-20,13172.866003213125,13595.566730843335,186810.10935910937,32416.648085134566,26869.54226839445,35151.287916818445,27227.47644874464
2022-05-21,13171.526597900021,13516.181404202689,186810.10935910937,32389.958503544924,26869.54226839445,33906.40785438292,26464.946502958304
2022-05-22,13171.025759789061,13552.82876121742,186810.10935910937,32380.968347968606,26869.54226839445,34176.5001756214,26841.093912930464
2022-05-23,13170.784860050437,13637.618632791608,186810.10935910937,32376.79668663894,26869.54226839445,35127.96176180239,27763.124634477193
2022-05-24,13167.2064486315,13577.312782516658,186810.10935910937,32294.24817719992,26869.54226839445,33438.65706169265,27051.464291057033
2022-05-25,13164.847110447367,13587.172902646973,186810.10935910937,32268.73055084007,26869.54226839445,33899.04170016733,27116.079491309418
2022-05-26,13166.337774568934,13566.269140184853,186810.10935910937,32298.552556121453,26869.54226839445,33875.71554515127,26958.068637042987
2022-05-27,13159.429170489375,13376.662847644453,186810.10935910937,32190.293498947143,26869.54226839445,33372.3616737523,24901.82166038898
2022-05-28,13156.19686477384,13291.70944734866,186810.10935910937,32144.463277012466,26869.54226839445,32713.09087145656,24043.841474767545
2022-05-29,13156.19686477384,13370.187997191315,186810.10935910937,32144.463277012466,26869.54226839445,33204.16781916288,24787.608588049832
2022-05-30,13156.19686477384,13407.368481694368,186810.10935910937,32144.463277012466,26869.54226839445,33682.96784317654,25133.898420260004
2022-05-31,13154.996829232226,13695.8392994217,186810.10935910937,32130.891170295516,26851.62924021552,36151.85719777007,27964.301566839506
2022-06-01,13165.024395126584,13791.78304162357,186810.10935910937,32290.199157453186,26887.519777878333,36369.15874713012,28934.94190822026
2022-06-02,13125.033114785418,13586.039560825773,186810.10935910937,31799.35762704438,26536.940803216577,34349.60479968787,26736.481859282234
2022-06-03,13132.335137687163,13672.49140375658,186810.10935910937,31901.210758869955,26536.940803216577,34778.06943656164,27754.92267411401
2022-06-04,13125.17839264181,13577.598083395214,186810.10935910937,31825.927960314028,26536.940803216577,34051.275553956286,26809.181464452326
2022-06-05,13126.52633599257,13615.860594037265,186810.10935910937,31847.80231006656,26536.940803216577,34214.55863906864,27167.130771195807
2022-06-06,13124.761141260646,13621.64144812111,186810.10935910937,31816.375548669097,26536.940803216577,34244.02325593102,27150.25798762585
2022-06-07,13131.623558438754,13718.40949694491,186810.10935910937,31904.221768290976,26528.095156282172,36013.127960043035,28113.741047660984
2022-06-08,13149.528718128606,13759.090069007898,186810.10935910937,32198.467667984147,26501.65933500824,35690.24486692613,28736.466218995134
2022-06-09,13141.629699914436,13704.156885200555,186810.10935910937,32070.530574020864,26403.200676678152,34591.46019643323,27963.310191490636
2022-06-10,13143.650144391975,13752.573082526997,186810.10935910937,32064.8014071329,26403.200676678152,34795.257129731355,28371.141516255157
2022-06-11,13124.221806155867,13613.223886587595,186810.10935910937,31866.8879957601,26403.200676678152,33955.51554915355,27041.643870912012
2022-06-12,13111.780937538135,13447.25880696304,186810.10935910937,31717.191343693376,26403.200676678152,33184.52474125462,25209.034088946657
2022-06-13,13103.610921426374,13253.462191134873,186810.10935910937,31593.864131928072,26403.200676678152,31071.66617374818,23142.791463191945
2022-06-14,13103.610921426374,13012.70105936537,186810.10935910937,31593.864131928072,26403.200676678152,26504.650560079397,21341.290049472136
2022-06-15,13103.610921426374,13037.949146241885,186810.10935910937,31593.864131928072,26403.200676678152,26017.256689480873,21535.800041343842
2022-06-16,13103.566006537521,13218.398680080412,186810.10935910937,31593.162046058475,26403.200676678152,26496.056713494538,23222.122731272884
2022-06-17,13101.592417641079,12919.565131426823,186810.10935910937,31562.311944633846,26403.200676678152,23737.43195975428,20521.442638710625
2022-06-18,13101.592417641079,12988.599899003726,186810.10935910937,31562.311944633846,26403.200676678152,23928.951969359747,21249.505181071898
2022-06-19,13101.592417641079,12826.70158735244,186810.10935910937,31562.311944633846,26403.200676678152,22206.499575279824,19763.184850682675
2022-06-20,13101.592417641079,12996.406141931762,186810.10935910937,31562.311944633846,26403.200676678152,24052.94889865559,21139.58411016209
2022-06-21,13101.558538107,13046.131479182737,186810.10935910937,31561.610559923964,26403.200676678152,23969.46581754552,21932.846570965816
2022-06-22,13100.138751937797,13091.368647209063,186810.10935910937,31536.904385226797,26394.399609785927,24145.025826350527,22285.293781872457
2022-06-23,13092.782862936356,13005.070872400132,186810.10935910937,31445.161311818803,26279.092670790134,23196.01962490806,21769.642628150348
2022-06-24,13100.30751263235,13148.545557725634,186810.10935910937,31538.02390644518,26452.873503817427,24626.28123510272,22922.223223230263
2022-06-25,13113.530065620038,13266.191234765532,186810.10935910937,31721.46785238006,26461.972757735595,24701.170469627934,24006.896868121963
2022-06-26,13122.505918675628,13329.308183375273,186810.10935910937,31851.9724034495,26497.176428632112,24990.905868774666,24499.803111635614
2022-06-27,13097.054998071599,13193.318496157786,186810.10935910937,31485.9985044282,26428.40993590629,24424.93968654313,23068.378003630958
2022-06-28,13099.19650040393,13200.279375294767,186810.10935910937,31529.109165567934,26373.403454289997,24044.355052070732,23301.846130008173
2022-06-29,13083.628642100151,13104.538717905776,186810.10935910937,31306.667611047247,26373.403454289997,23615.890415196965,22338.14229146395
2022-06-30,13079.59486058028,13129.405712645683,186810.10935910937,31249.067547190883,26373.403454289997,23598.702722027247,22337.45813275091
2022-07-01,13078.702563416098,13098.132180477158,186810.10935910937,31237.131258170662,26373.403454289997,23364.213479497477,22017.47107906863
2022-07-02,13075.561812286123,13035.430003717101,186810.10935910937,31193.363030880962,26373.403454289997,22675.478060339363,21509.708707691323
2022-07-03,13075.398755766022,13057.360865220704,186810.10935910937,31191.090741693584,26373.403454289997,22650.924212954047,21742.875993331974
2022-07-04,13083.675271027847,13093.059984038999,186810.10935910937,31306.304461925065,26373.403454289997,22708.625754309538,22032.190278727085
2022-07-05,13077.390119618336,13178.861710751858,186810.10935910937,31213.825137841966,26364.612319805234,23793.905808740506,22741.7853000866
2022-07-06,13078.387270430781,13167.716383900264,186810.10935910937,31226.423651478784,26408.762282303745,24152.39198056612,22634.93936243757
2022-07-07,13081.373228740807,13231.056995378352,186810.10935910937,31252.935857835895,26476.158776856493,24768.693549937554,23155.53418443859
2022-07-08,13096.8945634033,13350.60130331203,186810.10935910937,31428.826236342684,26783.320683190956,26095.829001113885,24233.169787742896
2022-07-09,13086.180521345697,13302.076170769637,186810.10935910937,31291.634227700837,26764.414367540667,26040.582844496927,23739.944485249907
2022-07-10,13099.413253267869,13361.89572220835,186810.10935910937,31465.485296841212,26754.751139541626,26012.345920003812,24358.045621554495
2022-07-11,13075.148373221482,13252.297968162638,186810.10935910937,31189.001651452887,26469.475843396118,25178.742801272332,23333.583730137387
2022-07-12,13055.180308742049,13133.134499253218,186810.10935910937,30970.848731437134,26190.49481232919,24385.653530726624,22205.6268992377
2022-07-13,13049.983573188523,13058.663796866465,186810.10935910937,30911.705290886024,25986.00989134067,23599.93041439651,21533.472832106145
2022-07-14,13056.963648759584,13203.627455930911,186810.10935910937,31012.354534990896,25986.00989134067,24757.644318614162,22930.080366197955
2022-07-15,13062.21722721145,13290.14088757939,186810.10935910937,31087.342442186713,25986.00989134067,25184.88126311866,23749.02144923393
2022-07-16,13060.50429873335,13293.804760548584,186810.10935910937,31064.782922523853,25977.347888043558,25348.164348231014,23740.718126595293
2022-07-17,13075.290882830013,13402.68834615272,186810.10935910937,31218.12523711422,26028.11082691849,25793.8166782745,24676.12929761424
2022-07-18,13063.401008500061,13345.531304222142,186251.35529322972,31068.036462130796,25967.558891566296,25262.225882382405,24070.057529461985
2022-07-19,13109.653989001597,13540.952998521221,200165.86243723254,31576.890245490402,26154.903678460338,27132.001360774222,25906.71789003241
2022-07-20,13133.195483770949,13616.155401141386,206297.32662465435,31868.8762997972,26558.734222171362,28073.641408001095,26633.583796138642
2022-07-21,13093.403574743263,13511.772106789638,197397.82657074672,31347.251543954644,26532.935399952534,28013.484481907068,25516.977241560402
2022-07-22,13104.698067995452,13540.320403038806,199714.3537533804,31493.42900826416,26449.747360961213,27819.50908756307,25847.24397735955
2022-07-23,13075.887811914316,13459.872926917853,193416.82394110877,31144.47932910142,26227.56158593377,27301.422907732904,25006.372738838385
2022-07-24,13086.94237784622,13500.636407039374,197022.04650926363,31299.522159099026,26094.656747008223,27011.687508586176,25461.012650439567
2022-07-25,13091.810291971366,13510.632188760728,197199.90297873286,31341.492556858462,26146.067676081686,27171.287516590728,25510.804503323645
2022-07-26,13034.89507847869,13307.80377452683,182346.07860562904,30683.512715184967,25613.81509001637,25569.148974698855,23550.1555011792
2022-07-27,13035.950639776542,13332.364824921262,184151.44249944252,30692.68896733675,25637.47021034763,25781.53975458184,23785.643547709904
2022-07-28,13055.265587696415,13521.509760748042,198014.3798956719,30910.09180567163,25832.65487325374,27605.890615310822,25653.027459200664
2022-07-29,13073.92816783604,13649.523823750871,207219.14507214056,31118.933668740345,26049.24046340507,28728.001440819764,26871.1944189907
2022-07-30,13075.360233375804,13655.155646961724,208129.30889865948,31147.46657748976,25985.37488399342,28569.629125184478,26930.967443653997
2022-07-31,13080.93773691926,13675.246765976946,209614.65574445509,31203.25723893697,25917.053566483286,28400.207578225796,27093.55039949395
2022-08-01,13074.919105544554,13673.63146495796,209752.57623999286,31149.801536640145,25771.99453727698,28040.493714030916,27137.879402063994
2022-08-02,13071.533003897563,13667.959132359192,209467.45589433576,31106.375660457612,25684.788816917062,27844.06293494839,27124.475551271087
2022-08-03,13062.007718188266,13642.701157692152,207479.36454907982,30996.72135412132,25671.949978467208,27802.32139439335,26858.685409820926
2022-08-04,13073.878304383612,13672.496656341964,210122.8964175227,31156.755950308274,25604.3572701577,27582.564460294772,27197.27448900173
2022-08-05,13069.917266783175,13666.613401423481,210245.53805096314,31119.72183264594,25446.412830761372,27095.17058969625,27225.357017735372
2022-08-06,13115.163762976306,13806.099363148061,221036.19343755132,31675.726799324613,25649.806529883514,28108.016794340536,28609.1700724878
2022-08-07,13098.419684730388,13761.254981820564,217602.7592856327,31461.53938908083,25525.78513280068,27700.42292774429,28163.517826567244
2022-08-08,13112.166851673315,13800.849908538858,220616.05718546122,31630.949846379226,25613.944921088478,27990.158326891018,28544.509600441128
2022-08-09,13126.796270738821,13847.059829122652,224137.7455420649,31811.033239569922,25806.27847910578,28649.429129186756,29012.170362444856
2022-08-10,13087.807450107908,13751.398683677484,217094.56646128616,31346.27030034506,25476.122826157436,27866.161397595173,28125.717833109615
2022-08-11,13132.42744672477,13884.516059215917,226911.75189333007,31828.04627634125,25619.882346158887,28573.312202292276,29381.238484046702
2022-08-12,13119.78715899967,13847.810681318439,223409.86824706107,31656.25698087187,25599.41658115868,28472.641428012477,28911.554018129646
2022-08-13,13156.92867065049,13946.90151246413,231032.58175335158,32065.107606836784,25723.815089601765,29208.029157202694,29884.829301635775
2022-08-14,13146.04482720864,13925.358520781323,229188.9573421716,31934.896492596185,25759.891640256297,29281.69069935864,29641.286539534038
2022-08-15,13125.769129630433,13880.169468336693,225313.8644072611,31691.55977980872,25684.13088388178,29127.00146083115,29133.585152119256
2022-08-16,13121.737900958162,13879.468294350532,225081.08870887634,31655.159431152846,25688.339814791474,29135.595307416013,29103.56811336866
2022-08-17,13111.196187217076,13868.023533197691,224645.2287561508,31571.59239784863,25508.104216237007,28784.475289805992,29048.631756766426
2022-08-18,13059.31846510654,13750.675611197483,214995.79235246946,31016.950302130343,25246.911392252627,28163.262950957498,27790.30949661015
2022-08-19,13030.179061155879,13652.878785000137,207686.56030864554,30740.69836001348,25254.98744352254,28203.776799143267,26837.822609852057
2022-08-20,12964.55128683663,13368.29257575937,188485.97043903737,30138.388656511026,24695.720893081183,25474.61666226539,24372.74954664089
2022-08-21,12964.554481280284,13372.294351387332,188634.18502701263,30138.946569939693,24695.720893081183,25888.348990707964,24383.67920078139
2022-08-22,12966.036209087022,13441.721257944977,193209.33139917316,30156.4213795444,24695.720893081183,26332.773628382187,24975.05327529523
2022-08-23,12967.602366181134,13453.148781082302,193850.793065148,30175.88709898718,24695.720893081183,26426.078248446385,25052.234866177816
2022-08-24,12968.566523061541,13485.714301680106,196006.56520754992,30187.239532648025,24695.720893081183,26526.749022726184,25329.95470823456
2022-08-25,12968.41099268002,13478.183735463665,195694.43770597928,30186.13399790039,24695.720893081183,26326.635166535856,25295.61243711724
2022-08-26,12971.422091285593,13525.915064331119,198768.24638734758,30223.55685398611,24687.488986116823,26557.441331957827,25699.501394211933
2022-08-27,12943.70860720387,13287.911358324189,182690.1025926352,29938.546614388775,24514.8498026407,24961.441251912285,23621.736343685767
2022-08-28,12942.779463111206,13280.214126444353,182426.80099955248,29927.32333761858,24514.8498026407,24715.902778059124,23590.21296853214
2022-08-29,12939.954265867347,13187.985711252117,175766.76621972813,29894.303075951106,24514.8498026407,24168.351981366577,22808.2035133382
2022-08-30,12939.954265867347,13333.004929316654,175766.76621972813,29894.303075951106,24514.8498026407,24885.324325017806,24004.7770535951
2022-08-31,12939.860410420526,13280.537474903407,175766.76621972813,29892.97444025884,24514.8498026407,24286.210448816095,23652.727113916815
2022-09-01,12938.533886106175,13276.1822718267,175766.76621972813,29875.533860827134,24514.8498026407,24536.659692146317,23578.814553299868
2022-09-02,12937.133642704908,13345.400504418092,175766.76621972813,29861.357898232636,24514.8498026407,24817.801244708186,24179.95780459948
2022-09-03,12938.37878225719,13332.896643402079,175766.76621972813,29879.06720377406,24514.8498026407,24632.41969694905,24031.3495104554
2022-09-04,12938.774183914313,13336.774362497898,175766.76621972813,29876.107456742175,24514.8498026407,24486.32430500642,24041.785562153615
2022-09-05,12943.250936004924,13404.983335226549,175766.76621972813,29910.52964424258,24514.8498026407,24787.108935476543,24524.51756153273
2022-09-06,12945.290022711344,13418.384272031743,175766.76621972813,29952.867634021284,24514.8498026407,24407.751993373407,24683.35791825728
2022-09-07,12908.399285142159,13216.129017370673,175766.76621972813,29548.58553185791,24514.8498026407,23358.075017651146,22996.447969865203
2022-09-08,12913.629005496103,13336.518744581583,175766.76621972813,29610.676024405206,24514.8498026407,23714.105804738232,23971.348413991283
2022-09-09,12915.097791906548,13363.132643295381,175766.76621972813,29621.25531682002,24514.8498026407,23685.868880245118,24091.725499114025
2022-09-10,12926.903347764033,13537.015964516151,175766.76621972813,29734.679553995775,24498.50656943894,26093.373616375353,25432.86248089143
2022-09-11,12933.332725664366,13573.771824787449,175766.76621972813,29791.702452606918,24571.556684907428,26443.265941616108,25705.808301581612
2022-09-12,12931.417001465705,13561.620886578985,175766.76621972813,29772.14230730082,24593.85331335852,26588.133641189474,25552.678186183704
2022-09-13,12923.800022408082,13540.018421007848,175766.76621972813,29684.06779206104,24765.00682034063,27143.050592097614,25360.30178581206
2022-09-14,12856.487638114058,13299.849862739622,175766.76621972813,29121.565337010423,24033.924993924746,24847.265861570566,23572.05648031593
2022-09-15,12860.37811915745,13405.896595318074,175766.76621972813,29172.182959934868,24033.924993924746,24853.404323416893,24473.604010512558
2022-09-16,12854.735469755404,13273.714991439161,175766.76621972813,29090.76265481776,24033.924993924746,24230.964292199133,23425.67548162788
2022-09-17,12857.269574759417,13322.83671116511,175766.76621972813,29114.952550135455,24033.924993924746,24265.339678538574,23676.058549301433
2022-09-18,12871.124551061168,13449.358967605991,175766.76621972813,29222.709177640274,24033.924993924746,24672.933545134823,24541.41137548207
2022-09-19,12846.412993351294,13186.287276993107,175766.76621972813,29030.449876324696,24033.924993924746,23766.89657661666,22571.460928674453
2022-09-20,12866.527109326453,13284.27366434069,175766.76621972813,29185.386755970245,24033.924993924746,23906.85350671296,23230.64458729688
2022-09-21,12873.904546348705,13223.856718209716,175766.76621972813,29176.9985849008,24033.924993924746,23243.899627309427,22755.389197593722
2022-09-22,12860.669817694805,13171.18534756004,175766.76621972813,29080.781440853163,24033.924993924746,23080.616542197076,22363.03573755665
2022-09-23,12943.630793577991,13445.087486409868,175766.76621972813,29669.98516595786,24033.924993924746,24221.142753245007,24130.21472824337
2022-09-24,12960.495233935497,13558.05793903154,175766.76621972813,29801.24852082776,24025.913685593438,24412.662762850472,24933.844121418286
2022-09-25,12950.820590967647,13519.180223985537,175766.76621972813,29730.99362265336,23977.030671049873,23965.78274043772,24671.831881951348
2022-09-26,12945.016261603283,13494.482432571776,175241.0430904567,29674.183698632824,23963.735565445993,23844.241195880404,24515.567316607612
2022-09-27,12951.922814440599,13574.45805504734,179385.82586221752,29749.306707821994,24037.73155724133,24520.69969134586,25032.288223285563
2022-09-28,12951.247205415179,13565.300350346875,178937.14069959856,29757.705523131444,24026.58515557343,24418.8012246968,24976.11887453768
2022-09-29,12938.707908149972,13526.785537279336,177073.89794535007,29649.332293844862,24030.42620155937,24526.83815319219,24695.182401177524
2022-09-30,12942.770691703103,13523.998223193432,176281.94350193892,29645.74385628805,24020.800251803754,24482.64122789862,24645.86004454995
2022-10-01,12946.345846095506,13506.017668517798,175909.22038691823,29691.582434698877,23987.91159013872,24331.635066478928,24570.862806885925
2022-10-02,12953.361674564067,13499.127092008443,174226.39497940277,29784.084941983434,23947.475218377516,24181.8565974285,24552.862557578355
2022-10-03,12919.64456075117,13393.882178420612,169244.59769534413,29482.63578704481,23908.77241065426,23901.9427372359,23818.919105022233
2022-10-04,12936.083711333693,13491.399425779002,173894.0690173212,29621.240369186842,23908.77241065426,24521.927383715127,24444.476068574513
2022-10-05,12927.48104744661,13514.569183558093,174786.05252799494,29528.362800955216,23884.863638243605,25004.41048483659,24538.843706415646
2022-10-06,12929.258166310388,13543.868040077583,176445.1933059214,29540.4623447962,23873.907260647524,24970.035098497145,24780.938982049407
2022-10-07,12930.95755555388,13539.724224718446,176040.8032982667,29540.65491062886,23896.21131503955,25040.013563545297,24736.75480698764
2022-10-08,12932.887115714166,13533.893837103358,175391.57627425645,29529.806668127516,23765.126083086405,24628.736619841253,24631.898824377524
2022-10-09,12928.54459138582,13495.186907445946,173353.94176656,29472.7443009413,23703.156263323206,24458.087380513305,24285.887332843224
2022-10-10,12942.008417474935,13537.399980849264,175188.58479088233,29578.173085838942,23714.000111612273,24508.422767653203,24532.40244747001
2022-10-11,12894.302367958575,13361.61517883544,166428.793712425,29155.63789862725,23634.31725245799,24174.490443212908,23284.552616978763
2022-10-12,12897.769941000655,13342.726247581637,165788.92535373484,29198.910108007116,23627.513551488042,24111.87813238035,23192.478483788702
2022-10-13,12895.862429124722,13325.20093836937,164869.1595313759,29177.958158902136,23631.756792992965,24223.59813798354,23064.711740766907
2022-10-14,12898.694648416309,13287.730223678514,163107.5937323863,29206.446227487944,23631.756792992965,24353.73352912571,22814.578331493198
2022-10-15,12911.512501451254,13279.223198548412,162494.77147094064,29297.920215434227,23631.756792992965,24221.142753245007,22743.456510400963
2022-10-16,12934.81889411451,13288.235666009934,163008.10504184442,29472.488784656864,23631.756792992965,24082.413515517972,22831.63219137047
2022-10-17,12945.073178727693,13338.486825691003,165311.17270217603,29568.37487655571,23631.756792992965,24280.071986969764,23170.75735957816
2022-10-18,12961.77475521386,13405.64737379472,168597.52101978948,29719.382425936477,23631.756792992965,24378.28737651103,23663.124001811815
2022-10-19,12920.657535861013,13277.98175142733,162897.67608044783,29420.46020317256,23631.756792992965,24056.63197576339,22779.70550271021
2022-10-20,12903.499830989009,13179.808269753776,158323.6961319136,29290.448255979318,23631.756792992965,24034.533513116603,22121.1972776315
2022-10-21,12899.661193714905,13121.760679352163,155813.47524616754,29257.685924240574,23631.756792992965,23911.764276190024,21761.986162986064
2022-10-22,12919.145334481185,13192.043971666308,158968.38328995477,29428.726071992576,23631.756792992965,23872.47812037352,22251.304927237303
2022-10-23,12910.072880259226,13194.767091116963,159039.0606612252,29360.386819150055,23631.756792992965,23928.951969359747,22229.738097432673
2022-10-24,12906.817187260789,13254.572158598989,160898.39446653746,29336.68440181926,23623.879540728634,24357.41660623351,22548.435581567017
2022-10-25,12897.975612843742,13178.796134339922,160898.39446653746,29283.821969016768,23579.05649306594,24013.662742839086,22122.25594571222
2022-10-26,12907.453057331219,13350.8276900933,160898.39446653746,29344.367549977025,23563.33712207056,24760.099703352695,23019.416299855948
2022-10-27,12913.335349007106,13384.521167205316,160898.39446653746,29380.546392757235,23653.29621054222,25258.54280527461,23205.383262784006
2022-10-28,12895.514976847586,13325.349920138877,160898.39446653746,29254.78790769281,23538.765132146003,24983.53971455907,22854.410512045193
2022-10-29,12927.593113844056,13478.99704844546,160898.39446653746,29467.104902592244,23701.86965896919,25375.17358035486,23681.258737849428
2022-10-30,12950.16114822478,13581.449492123342,160898.39446653746,29619.623726117414,23805.152149308637,25623.16743894655,24198.050500702913
2022-10-31,12933.218458165758,13557.340197521313,160417.14303742524,29512.397941816627,23729.479829653992,25441.468968295212,24113.911621955875
2022-11-01,12951.738522293628,13599.52052212569,161933.42410401895,29626.38528032087,23737.149321510882,25459.8843538342,24337.988184254536
2022-11-02,12966.326533650083,13626.770007766278,161484.2262420641,29815.624029728227,23737.66062096801,25461.112046203467,24786.26199750044
2022-11-03,12915.008137730729,13507.130838079289,158537.76549490087,29420.46594885739,23618.856685033024,25194.70280207279,23980.58161769194
2022-11-04,12938.267050627817,13589.114211191489,161500.06760152522,29588.806151267025,23701.3655756112,25458.656661464935,24445.46698886041
2022-11-05,13009.75354265554,13809.272225525445,169276.03341737302,30084.809828266436,23890.83615744747,26088.462846898292,25654.133085293728
2022-11-06,13013.619426353966,13837.33704831355,170023.4220721123,30084.36003720848,23962.81202003918,26265.250548072567,25742.545949445677
2022-11-07,12920.522074058406,13697.499652369403,163746.24374743327,29417.876669216996,23798.866999691396,25862.567450953382,25498.265777734152
2022-11-08,12922.095925769896,13683.452725233472,161901.0482844603,29352.532669849184,23548.771435657403,25285.55203739846,25045.063472038535
2022-11-09,12720.80502472087,13067.957351067778,134528.6339139201,27767.295065034265,22983.76582098622,22625.142673199465,20723.495906148513
2022-11-10,12700.754395612306,12376.856889809056,107139.32837974852,27601.642297963754,22983.76582098622,19533.813287388173,16504.407278657498
2022-11-11,12700.754395612306,12849.512984651466,126141.67789429778,27601.642297963754,22983.76582098622,21176.465677465818,19517.214938564775
2022-11-12,12700.754395612306,12679.911293482368,119882.08208477862,27601.642297963754,22983.76582098622,20218.865629438493,18546.892982769223
2022-11-13,12700.754395612306,12543.147255471831,114703.40339690834,27601.642297963754,22983.76582098622,19859.151765243612,17790.700380408427
2022-11-14,12700.754395612306,12445.886410443898,110538.48711471425,27601.642297963754,22983.76582098622,19396.311742030404,17183.090245801286
2022-11-15,12700.754395612306,12516.549403586056,110538.48711471425,27601.642297963754,22983.76582098622,19719.19483514731,17552.404597434375
2022-11-16,12700.754395612306,12590.599701405088,110538.48711471425,27601.642297963754,22983.76582098622,19997.881002970647,18030.72658963592
2022-11-17,12700.707070803472,12526.506010470453,110538.48711471425,27601.02892813491,22983.76582098622,19656.582524314756,17667.857468193142
2022-11-18,12701.046485424842,12522.384354952013,110538.48711471425,27605.428030705832,22983.76582098622,19776.896376502802,17730.61269603735
2022-11-19,12703.394843001346,12551.671004454043,110538.48711471425,27635.851457372868,22983.76582098622,19814.95483995004,17991.152167229928
2022-11-20,12700.55108745537,12533.411056640049,110538.48711471425,27598.312976658395,22983.76582098622,19835.825610227563,17826.72334614203
2022-11-21,12694.801089637165,12346.005953811202,110538.48711471425,27520.917036510404,22983.76582098622,19332.471738828583,16570.444822784397
2022-11-22,12694.306698728346,12300.455177794402,110538.48711471425,27509.07210108645,22983.76582098622,18886.819408785097,16251.287226566566
2022-11-23,12694.163837299124,12383.029283324722,110538.48711471425,27507.849475659736,22983.76582098622,19273.542505103826,16665.180468210092
2022-11-24,12695.815047031252,12468.486181145314,110538.48711471425,27521.766916809527,22983.76582098622,19569.416366096884,17130.85966406624
2022-11-25,12696.781990201209,12477.428961474829,110538.48711471425,27530.986716294774,22983.76582098622,19562.050211881287,17141.02541240013
2022-11-26,12696.285624193397,12495.799813718373,110538.48711471425,27521.30849410538,22983.76582098622,19467.517899447823,17249.620003064658
2022-11-27,12697.242557481253,12494.105946863241,110538.48711471425,27531.5576484318,22983.76582098622,19434.370205477644,17231.601873215124
2022-11-28,12699.317793662365,12513.49661309732,110538.48711471425,27557.112481381013,22983.76582098622,19446.647129170302,17335.11666290363
2022-11-29,12693.85048412486,12460.765785748885,110538.48711471425,27499.81977211555,22983.76582098622,19253.89942719557,17055.201057319613
2022-11-30,12698.692509784583,12525.351533815141,110538.48711471425,27549.609232456532,22983.76582098622,19551.000980557896,17437.34448166336
2022-12-01,12705.629045960195,12624.351467876564,110538.48711471425,27617.386814453635,22968.443310438895,20228.68716839262,17966.76010702593
2022-12-02,12684.679704585404,12541.04459463989,110538.48711471425,27438.435933988418,22864.600761565645,19817.410224688574,17424.87502304507
2022-12-03,12690.349665693764,12581.270448582396,110538.48711471425,27479.16686798378,22894.358626317382,19935.268692138092,17687.00632819785
2022-12-04,12674.020543938035,12516.096794675705,110538.48711471425,27339.211008015547,22822.084522279358,19708.14560382392,17293.68957497087
2022-12-05,12678.568801477975,12563.923081045163,110538.48711471425,27384.20919298151,22822.084522279358,19929.13023029176,17629.061103246866
2022-12-06,12680.571535263944,12554.568856171707,110538.48711471425,27381.543613703016,22822.084522279358,19829.687148381232,17550.34607499897
2022-12-07,12677.932419129364,12556.655235224573,110538.48711471425,27362.223702692612,22814.47716077193,20038.39485115642,17603.81507992199
2022-12-08,12657.708866733901,12450.163622374552,110538.48711471425,27174.973449625086,22759.472236396214,19662.720986161083,16880.069014332235
2022-12-09,12660.560158552915,12498.536546669415,110538.48711471425,27199.387587600555,22759.472236396214,20027.345619833028,17119.284827038766
2022-12-10,12655.38885765277,12487.500890261388,110538.48711471425,27147.00592378599,22759.472236396214,19934.040999768826,17291.934444632283
2022-12-11,12652.999271848357,12474.680026879934,110538.48711471425,27067.849320887595,22759.472236396214,19965.96100136974,17038.336766603883
2022-12-12,12651.096568183846,12436.071039033144,110207.86352414185,27042.455541465395,22759.472236396214,19950.001000569282,16785.56214389861
2022-12-13,12650.445018923941,12431.459564018081,109726.57157255766,27035.64801676975,22759.472236396214,20027.345619833028,16717.05284957995
2022-12-14,12649.957736815797,12465.405994108016,110297.23074039421,27033.51206506926,22729.126273414353,20539.293337816867,16781.217464747504
2022-12-15,12644.589031172602,12407.71472750308,108059.19247617529,26997.40104965706,22708.569135709964,20497.55179726183,16450.138230912824
2022-12-16,12631.90266468045,12348.884043071987,106333.65183535959,26918.039406415704,22459.981266812523,20022.434850355963,16196.401023581291
2022-12-17,12612.594339495083,12106.386991130235,96045.40121692648,26781.748369197994,22258.145964396503,19271.087120365293,14630.981340230443
2022-12-18,12612.594339495083,12133.223713940146,96957.31169143404,26781.748369197994,22258.145964396503,19454.0132833859,14752.295430216385
2022-12-19,12612.594339495083,12114.028669457462,95454.20262820052,26781.748369197994,22258.145964396503,19433.142513108378,14570.630851290163
2022-12-20,12612.594339495083,11987.121580043782,95454.20262820052,26781.748369197994,22258.145964396503,18987.490183064892,13827.587301672116
2022-12-21,12612.594339495083,12077.093902762295,95454.20262820052,26781.748369197994,22258.145964396503,19521.536363695515,14259.381054630445
2022-12-22,12612.501962743589,12047.914151132609,95454.20262820052,26781.153219234235,22258.145964396503,19474.884053663416,14082.407524599306
2022-12-23,12612.507314218265,12087.357921046276,95454.20262820052,26781.147258162786,22258.145964396503,19473.65636129415,14391.026692563008
2022-12-24,12612.063525529948,12066.886439219197,95454.20262820052,26778.09510752285,22258.145964396503,19361.936355690963,14230.140176826957
2022-12-25,12611.845918378887,12061.429922258001,95454.20262820052,26776.33239263757,22258.145964396503,19424.54866652352,14165.650256849305
2022-12-26,12612.32785851762,12060.93731133728,95454.20262820052,26778.15046372796,22258.145964396503,19462.60712997076,14100.450622687033
2022-12-27,12612.473535968393,12100.99166026829,95454.20262820052,26778.944984412017,22250.72658240837,19520.30867132625,14327.169372422077
2022-12-28,12608.782942174494,12062.921807934876,95454.20262820052,26758.21235572039,22213.37753791419,19283.36404405795,14144.53283404564
2022-12-29,12602.63652670402,11960.700756277049,95454.20262820052,26712.307406204392,22213.37753791419,19088.160957344688,13555.37509310705
2022-12-30,12601.498581085261,11948.518613167846,95454.20262820052,26704.85386627283,22213.37753791419,19144.634806330916,13465.811681390815
2022-12-31,12600.851887410818,11928.258570383092,95454.20262820052,26698.961287265593,22213.37753791419,19058.69634048231,13330.245191480153
2023-01-01,12600.717332864882,11932.087052604285,95454.20262820052,26697.774666763937,22213.37753791419,18935.92710355573,13349.391700450018
2023-01-02,12598.83928020669,11947.825226626292,95454.20262820052,26681.374002634984,22213.37753791419,19068.517879436436,13411.628013799593
2023-01-03,12599.745699383648,12024.337689255812,95454.20262820052,26687.46124363194,22205.973078734885,19154.45634528504,13803.487086583693
2023-01-04,12605.965277216344,12100.592106574248,95454.20262820052,26754.529305020595,22234.76450655682,19377.89635649142,14251.67664584466
2023-01-05,12615.941139479188,12170.531184338512,95454.20262820052,26842.24087196493,22250.10938841796,19496.9825163102,14572.164993590373
2023-01-06,12612.971110896235,12163.02066297809,95454.20262820052,26815.189045753377,22254.41747285938,19644.305600622098,14533.979722558317
2023-01-07,12622.987943616172,12204.591281307514,95454.20262820052,26917.40992941196,22220.088100459543,19553.456365296428,14784.709047824143
2023-01-08,12654.767854800251,12257.35136798214,95454.20262820052,27275.208181530732,22221.479831773053,19557.139442404226,15114.349950765469
2023-01-09,12665.5360676395,12325.627667952102,95454.20262820052,27303.838294271052,22285.963382632195,19727.78868173217,15366.720276721127
2023-01-10,12699.343702168324,12418.595263745327,95454.20262820052,27671.312803344164,22252.0979206702,19638.167138775767,15978.86063388211
2023-01-11,12749.526603104192,12515.188637261192,95454.20262820052,28172.711557133785,22362.972515312904,19931.585615030293,16597.081107710135
2023-01-12,12759.262156422836,12553.798279057877,95454.20262820052,28192.696198431804,22561.526182706533,20457.037949076057,16685.246363014976
2023-01-13,12795.95772943506,12627.248653627017,95454.20262820052,28562.226403815494,22865.780941714667,21299.234914392397,17143.1226270738
2023-01-14,12892.099676558508,12821.724316144744,95454.20262820052,29435.35701464471,23649.731107112482,22612.865749506807,18297.858845235027
2023-01-15,12967.46020816717,12968.721209984808,95454.20262820052,30090.703518900555,24309.128442493824,23717.788881846027,19240.497093884704
2023-01-16,12959.98033665998,12956.748318132994,95168.69653858479,29924.063938561623,24276.891239430734,23663.77041759833,19008.114093725413
2023-01-17,12966.754030401244,12967.110217458292,95228.2678220886,29956.72690101373,24493.02703269462,24025.939666531744,19044.83841736868
2023-01-18,13003.906124491585,13018.452438866712,97210.22165402518,30432.059226920588,24499.62100604843,24036.988897855135,19603.589522019967
2023-01-19,12903.774144149798,12842.793879920484,91758.54181715763,29430.09517665086,24177.981639123536,23498.031947747448,18402.43621472495
2023-01-20,12950.450903887408,12934.701825355238,94502.58599674745,29876.514729759278,24402.90939685917,23874.93350511205,19016.535247366486
2023-01-21,13073.399091828578,13186.523809481643,101630.79444152577,30886.303267225023,25429.37124893612,25594.930514453437,20506.76910496418
2023-01-22,13048.034096501953,13131.765805214518,99762.0056902317,30625.357077957902,25515.825566241678,25739.798214026803,20073.860042802535
2023-01-23,13056.304366194341,13161.791553263529,100946.02794162846,30743.797460057933,25473.33107129488,25668.59205660939,20273.182303206657
2023-01-24,13092.753007278428,13225.124924688927,102718.97509659131,31058.879685136082,25599.349228723313,25879.755144123104,20670.111211464166
2023-01-25,13008.547237682094,13072.737085155331,97892.70553466148,30249.820625633125,25386.144090283346,25522.496664666756,19638.935604579292
2023-01-26,13054.726541387314,13186.138947430223,101314.26183009263,30665.021830362464,25646.972369611965,25959.555148125382,20350.423863341683
2023-01-27,13057.305921074072,13194.146544781986,101472.24772449376,30679.888947933927,25622.79446731465,25919.04129993961,20346.28137031011
2023-01-28,13092.728473426892,13261.016389107424,103566.50559857528,30997.010600578396,25722.436731327827,26086.00746215976,20812.03694592824
2023-01-29,13086.993011679035,13236.95613925716,102955.81066905259,30983.243470560636,25696.060837912577,26041.81053686619,20744.482527273267
2023-01-30,13131.642810537158,13336.00506965102,105703.78084232748,31351.1171346662,26156.173645267554,26812.801344765114,21296.358782197236
2023-01-31,13036.371959747206,13159.323216650408,100842.46187616047,30488.442587876765,25576.17640259844,25861.33975858412,20248.7076463848
2023-02-01,13084.018634091552,13267.343866285924,105064.85580936354,31046.587393650247,25699.26938810414,26141.253618776722,21040.71477346436
2023-02-02,13117.654990438468,13340.600175943611,106742.50989655084,31343.382501811044,25842.877871194123,26467.819789001423,21470.120690474512
2023-02-03,13113.849066144261,13337.810269569134,106054.38689144168,31266.65773364689,25850.436212409382,26485.007482171146,21406.159677829917
2023-02-04,13171.907246715227,13473.986209343828,109650.38735588614,31902.655269271985,25917.92140183137,26638.46902832937,22346.772523459596
2023-02-05,13187.173843657503,13500.22687702215,110628.40946755739,32006.949302282206,25879.049932724305,26550.075177742234,22441.57864751745
2023-02-06,13187.309187367135,13461.329874068771,111824.88210355754,32311.71121100664,25685.772350219744,26110.561309545075,22471.089032914606
2023-02-07,13166.889685518305,13415.028226682025,110487.39972400048,32112.161054175416,25653.91934081257,26038.127459758394,22175.92125201203
2023-02-08,13258.956679633236,13608.06147911808,116903.05151825896,33076.24720265446,25896.86602273171,26590.589025928006,23662.497051440318
2023-02-09,13210.676881051186,13519.881557649438,113819.78088918596,32547.55321425478,25772.69327419526,26308.21978099687,22932.37509446382
2023-02-10,13026.036692956688,13139.035880544187,103326.6939563228,31007.378875293027,25158.145434854574,24928.29355794211,20669.04286270024
2023-02-11,13046.36410611738,13175.893700155708,104629.9634702015,31208.810667601098,25142.033331241575,24880.41355554074,20991.218314692094
2023-02-12,13060.089589125715,13240.106334113098,105949.77214998745,31276.347493125013,25240.771607228904,25173.832031795268,21253.73478904813
2023-02-13,13042.570669793495,13184.73347354815,104945.92469915717,31130.541869147284,25206.89487655543,25073.161257515472,21009.563627181993
2023-02-14,13020.113413403378,13100.681067521004,102577.08025857889,30958.10239817493,25147.690830910928,24922.15509609578,20507.68049791079
2023-02-15,13061.096188734706,13256.68066575078,106649.49827992318,31367.068764846852,25245.823627737554,25396.04435063238,21454.80742160546
2023-02-16,13158.036649008467,13609.49976669105,114356.03333078817,31984.483360687336,26045.328480153137,27907.90293815021,23057.700138262542
2023-02-17,13054.584250694857,13367.331681532212,108190.29650367431,31209.548998248276,25427.873413299516,27058.339818618275,21710.926210475987
2023-02-18,13143.155905002413,13612.66882285432,113840.76003807582,31783.32863481073,26265.72067887112,28211.142953358863,22903.45853393903
2023-02-19,13145.501213593137,13624.256257167031,113861.57542692423,31769.738281664733,26310.334484279618,28272.527571822153,22894.080049432825
2023-02-20,13153.11117510242,13631.856563946865,114194.10978697194,31821.286208032783,26025.698405773397,27880.893706026363,22936.41471877563
2023-02-21,13203.61910147945,13756.945879927996,117282.79421876503,32145.83961260251,26491.466534238123,28521.749122783112,23559.871461033563
2023-02-22,13146.716677493407,13633.595190081656,114650.36130742726,31816.68571121693,26242.521500058698,28179.22295175795,23053.5258011223
2023-02-23,13142.034712645875,13633.27561840104,114441.06248486685,31779.592228461377,26121.171949347583,28012.2567895378,23028.324939023576
2023-02-24,13135.274393761223,13600.047026405397,113700.79343636146,31718.640362020044,25926.65575776653,27744.619853037857,22876.381736447955
2023-02-25,13060.774847265737,13434.234593497706,110452.22534680167,31355.3646289374,25386.828712323695,27001.865969632046,22291.547492191043
2023-02-26,13038.943067245758,13391.738907892943,108759.44031191386,31089.368724298365,25426.404374963255,27079.210588895792,21866.332462069913
2023-02-27,13069.674643527464,13477.128078315895,110899.25563955873,31292.921434528977,25601.994727669524,27415.598298074623,22312.19470543365
2023-02-28,13043.956214995138,13383.664218886242,108792.45820635668,31130.3095317052,25493.051808107237,27206.890595299436,21882.336436261856
2023-03-01,13020.139352097498,13301.370092464098,106878.63865933655,30989.032294102304,25323.229021730738,26881.552117444,21492.132854507618
2023-03-02,13055.810522019892,13410.515514713752,108907.83560002461,31351.57168982031,25489.8476045907,27200.75213345311,22149.653819416144
2023-03-03,13032.526876518154,13335.910826060039,107649.28534712776,31127.627070417326,25477.67163122786,27177.42597843706,21709.85615359505
2023-03-04,12965.281468565985,13137.233025864356,103882.31157052671,30647.067822440826,24735.330500076067,25785.22283168964,20712.781490801928
2023-03-05,12942.10812557786,13050.332491739005,102664.29260714742,30415.72452887299,24744.75808976275,25814.687448552017,20172.253536870157
2023-03-06,12944.818532441092,13058.601728467496,102409.84956597506,30433.031528031817,24781.682816035594,25930.090531263002,20224.64705964379
2023-03-07,12937.199867691967,13041.7743158342,102409.84956597506,30351.32050699248,24729.831072758832,25768.035138519917,20175.180186727495
2023-03-08,12929.895010434258,13063.057664891803,102409.84956597506,30260.601816402224,24739.651478682463,25798.72744775156,20216.99977020551
2023-03-09,12893.80208703485,12885.299831235021,102409.84956597506,29849.048500531353,24571.526129269936,25273.2751137058,19118.850915343686
2023-03-10,12857.578302016107,12615.270071590334,102409.84956597506,29586.841903624074,24020.122121145287,23620.80118467403,17811.615247639467
2023-03-11,12859.27829866033,12674.11455246062,102409.84956597506,29619.388848752205,24020.122121145287,23308.967322880515,18148.76647483714
2023-03-12,12855.661546739015,12637.186830181432,102409.84956597506,29564.486504679153,24020.122121145287,23609.75195335064,17935.379817054072
2023-03-13,12866.858270241622,12970.361644534241,102409.84956597506,29737.795506213883,24020.122121145287,25389.90588878605,19604.164861232723
2023-03-14,12869.718903634359,13103.174396977542,102409.84956597506,29767.267620806422,24004.108706397856,27426.647529398015,20208.268108882246
2023-03-15,12890.088097551934,13245.684790054687,102409.84956597506,30019.50486210118,24143.117432436382,28180.450644127217,21016.070406152914
2023-03-16,12862.52275701139,13097.730485948878,102409.84956597506,29777.27167781169,24147.325991243455,28195.182952558407,20315.927457917445
2023-03-17,12876.270847623751,13176.883858081921,102409.84956597506,29890.234372697,24327.819578891635,28939.164528333484,20714.426205954423
2023-03-18,12964.121213727452,13538.49963662753,102409.84956597506,30563.227253288358,26051.91441380958,31572.56466040863,22652.298643663144
2023-03-19,12927.648477258428,13404.360743116238,102409.84956597506,30319.041720484347,25670.121851298616,30989.410785007374,22119.490192731595
2023-03-20,12957.248685058586,13519.822315575973,102409.84956597506,30459.723104385965,26489.97114342743,32241.657001658492,22542.504141150188
2023-03-21,12896.605370615915,13342.41139117298,102409.84956597506,29936.30994778425,26230.352200919973,31845.112366385638,21617.247474006188
2023-03-22,12918.599241547407,13601.49324462819,102409.84956597506,30027.798853559972,26415.22017855686,32127.481611316773,22475.290540017326
2023-03-23,12828.611814181237,13368.786230225825,102409.84956597506,29384.760880066005,25597.782207875483,30878.91847177345,21303.367928953914
2023-03-24,12910.790199034189,13580.02163864145,102409.84956597506,30093.848171348494,26395.929606977363,32098.016994454392,22525.940386811475
2023-03-25,12866.805375419537,13442.738421717237,102409.84956597506,29739.887868441518,25949.835139201386,31416.64772951187,21785.484515990393
2023-03-26,12842.971307095124,13382.020352564723,102409.84956597506,29429.603932469658,25929.74079380607,31385.95542028023,21299.332019697693
2023-03-27,12881.52902220406,13462.84304862052,102409.84956597506,29841.416018249627,26250.44654631529,31875.80467561728,21905.879057162852
2023-03-28,12842.03365740213,13322.261207192525,102409.84956597506,29438.664039360956,25609.035041296862,30896.106164943172,21049.033022284486
2023-03-29,12904.376223298968,13464.452966064777,102409.84956597506,30098.69454572865,25624.3067437973,30919.43231995922,22064.879675498556
2023-03-30,12939.409022824177,13612.712318840107,102409.84956597506,30401.964374729774,26404.7711189513,32111.521610516316,22829.45066905694
2023-03-31,12916.0731275529,13535.151882225084,102409.84956597506,30190.834529436914,26058.344604336082,31582.386199362754,22386.896075233974
2023-04-01,12950.218136684716,13660.532242615824,102409.84956597506,30440.521596197723,26482.737179085118,32230.607770335097,22974.92991433176
2023-04-02,12944.75953122501,13689.778201746443,102409.84956597506,30406.22703856517,26469.073024216304,32209.73700005758,23148.060080680516
2023-04-03,12917.83803096426,13609.41424921987,102103.53894912772,30139.16214136013,26343.684308949545,32018.216990452114,22669.20581091551
2023-04-04,12940.848731191625,13663.458485381516,103601.81039102758,30401.27357437603,25882.31813867313,31313.521570493544,23035.99546289746
2023-04-05,12941.197017107126,13686.35757197564,103853.76850639493,30324.76722013905,26064.774794862584,31592.20773831688,23078.03822408527
2023-04-06,12950.274398699212,13709.757935494357,104337.84476240618,30386.879274071525,26133.09556920665,31696.561589704474,23188.237992512026
2023-04-07,12925.184911615705,13640.916427610897,102592.97618106713,30212.568814589915,26054.32573525702,31576.247737516427,22804.249422686662
2023-04-08,12918.320751400046,13632.781032029081,102296.69074818655,30134.477345694955,25940.208871884766,31430.152345573795,22735.485570512967
2023-04-09,12910.893215639397,13611.716062558757,101685.50065326768,30050.178316884063,25988.090845144274,31534.50619696139,22597.00551144356
2023-04-10,12926.080878697578,13646.778986428284,102768.03641566705,30220.240892975125,26143.566428904553,31873.34929087875,22838.60618194734
2023-04-11,12973.082171088055,13788.47704060217,106528.3032584812,30629.00532504342,26841.828845325133,33450.93398538531,23690.77430653562
2023-04-12,12974.458042264105,13797.135593364299,106933.57057067758,30632.914415599378,27204.702334003254,33959.19862626135,23789.701935728397
2023-04-13,12954.132887910146,13741.064204448325,105428.65289237644,30456.715995460952,26789.238484647143,33377.272443229354,23456.592119352732
2023-04-14,12992.013058504825,13846.719634398327,108013.23231127499,30754.377080210426,27076.732456353482,33779.95554034854,24030.076097207275
2023-04-15,13064.611387762136,14006.610351278814,113124.06587824409,31520.086472085342,27259.922212715144,34036.54324552509,25195.742125147866
2023-04-16,13075.156714510673,14034.119467142466,113740.65420295553,31594.297294336433,27147.729443268767,33879.39862225907,25335.539143388334
2023-04-17,13113.358567007135,14104.946552522904,116315.52383931713,32029.747872822954,27151.235467313967,33884.30939173613,25943.850744647592
2023-04-18,13081.383929909238,14048.843557989087,115100.58510316114,31823.288468243598,26615.690294409782,33134.18935411473,25663.49092299227
2023-04-19,13110.04266249118,14126.438536310903,116629.52762080591,31953.85287658961,27212.590888104955,33970.24785758474,25930.598258427908
2023-04-20,12940.511354266773,13792.316396764796,108068.51958474844,30638.590651265207,26001.804963238686,32322.684698030032,24024.714963720988
2023-04-21,12907.331639011989,13682.25293347838,104924.57517717168,30323.864209989682,25750.39919434747,31620.444662809994,23264.070846884606
2023-04-22,12857.438910103561,13471.785275232498,99384.67176889066,29884.78568156634,25327.580401212235,30439.404603576295,21963.50792955496
2023-04-23,12873.731047927542,13581.214329718043,102135.99970552862,30040.698788281552,25639.20048887635,31309.83849338575,22611.21501531352
2023-04-24,12854.308005856645,13501.686758828862,99515.32846568804,29796.627182503376,25479.654520156924,30864.18616334226,21998.804508299607
2023-04-25,12849.65390112695,13470.785284278942,99515.32846568804,29772.95973350413,25372.41149986067,30564.629225241406,21857.85826369798
2023-04-26,12884.020467050279,13605.552989407704,99515.32846568804,30145.66335625911,25752.885509807667,31652.364664410907,22857.261818115006
2023-04-27,12877.989985037877,13518.397712849022,99515.32846568804,30075.790758114083,25734.566521493973,31611.850816225135,22370.535435431517
2023-04-28,12902.176361705608,13626.502457387176,99515.32846568804,30286.951346456055,26270.25814945516,32796.573952566636,23053.633660917472
2023-04-29,12889.914155141993,13618.786185271807,99515.32846568804,30148.81409414415,26203.088525638264,32648.02317588547,22910.06040272021
2023-04-30,12888.301553272737,13641.634893877392,99515.32846568804,30121.33974930997,26167.005669868857,32568.223171883194,22985.644482171603
2023-05-01,12873.591799149737,13556.428770213039,99217.6754393699,29974.679025291807,26174.22224102274,32584.18317268365,22431.3963199898
2023-05-02,12857.41926153201,13473.398524109823,97110.27616818044,29866.1080717341,25663.373746747362,31473.1215784981,21955.209255079553
2023-05-03,12863.000861047276,13507.04605508111,98098.1550529154,29896.622922688162,25838.284588805658,31955.60467961956,22177.913632163043
2023-05-04,12873.073624431294,13542.460862304393,99361.78600815877,30003.29667389009,25921.066819398133,32183.955460302997,22462.421410837615
2023-05-05,12860.025775812535,13483.254177330384,97394.32213724716,29824.23703052569,25907.269780966053,32145.896996855758,22017.950358814276
2023-05-06,12882.408328352683,13580.701071486197,99667.33715429471,29998.930801957424,26150.148855669442,32861.641648137724,22531.804011570395
2023-05-07,12844.46545724192,13395.190334950494,94925.64524237544,29689.051275600723,25817.12172692626,32234.290847442895,21460.04341757691
2023-05-08,12836.655077083331,13355.305691436875,93919.7548958957,29641.670867824854,25543.861812672174,31750.58005395217,21296.398981454236
2023-05-09,12816.542285589449,13136.091808876794,93919.7548958957,29451.685086726942,25250.875098565495,30931.70924365188,20059.219883681908
2023-05-10,12808.930556701884,13150.835721763795,93919.7548958957,29361.212690399665,25256.14622385677,30946.44155208307,19986.52888055012
2023-05-11,12813.657327232599,13205.484892419514,93919.7548958957,29420.452999482404,25231.986899605094,30878.91847177345,20311.44524590681
2023-05-12,12798.576873702898,13073.128938768874,93919.7548958957,29280.669701370396,25053.647160583638,30380.475369851534,19550.372141955355
2023-05-13,12803.047801957435,13170.340969058454,93919.7548958957,29324.340784065986,25025.48704088704,30322.773828496043,20053.534476452893
2023-05-14,12800.266683585925,13121.363644324536,93919.7548958957,29301.117837302525,25028.5276095643,30333.823059819435,19791.88583476846
2023-05-15,12802.672596068565,13162.176580096246,93919.7548958957,29318.05790809143,25067.717161404507,30476.23537465427,19989.69906950874
2023-05-16,12807.220805668298,13200.423294585637,93919.7548958957,29362.00227228588,25121.77171566686,30672.666153736795,20240.697194859396
2023-05-17,12805.453132449204,13220.520651229055,93919.7548958957,29338.303792205377,25083.59568671907,30533.93691600976,20329.368456746386
2023-05-18,12819.631791069001,13317.610015183554,93919.7548958957,29451.517542178357,25206.99738893623,31011.509247654158,20872.767493639476
2023-05-19,12809.476943546953,13270.07259697052,93919.7548958957,29391.57388482187,25036.974902514667,30563.40153287214,20637.00539793347
2023-05-20,12816.551543431477,13292.217319630901,93919.7548958957,29473.243258548202,25033.956818876242,30552.352301548748,20802.907450734147
2023-05-21,12819.22892722616,13298.036827683341,93919.7548958957,29498.566689775624,25096.33054740377,30780.703082232187,20826.732151230364
2023-05-22,12798.791874370869,13190.342834904848,93919.7548958957,29319.413601136293,24980.637341263995,30357.149214835485,20240.890031813164
2023-05-23,12799.9032004772,13215.029220577293,93919.7548958957,29319.495760629085,25019.53708593708,30499.561529670318,20318.67531320534
2023-05-24,12809.509438746396,13280.435144627081,93919.7548958957,29373.761252339667,25142.183354317895,31009.053862915625,20585.04578814552
2023-05-25,12780.740561880173,13125.925575683437,93919.7548958957,29203.4035513066,24713.404837940783,30093.19535544334,19814.774070251904
2023-05-26,12781.763870809651,13131.323980645355,93919.7548958957,29204.647620478205,24770.23772558049,30300.675365849256,19835.42395787405
2023-05-27,12787.461265617214,13181.907118118244,93919.7548958957,29240.541676188815,24843.548787742948,30568.3123023492,20088.227843796074
2023-05-28,12790.373568823486,13256.288138348333,93919.7548958957,29257.736151714817,24888.611550723544,30732.82307983082,20428.973046212308
2023-05-29,12816.299786491812,13405.338282026554,93919.7548958957,29439.52905660426,25249.188962605156,32137.3031502709,21161.030674708192
2023-05-30,12813.957099418469,13393.481783322022,93919.7548958957,29446.761620038636,25083.77034050721,31821.786211369585,21151.7297671057
2023-05-31,12828.52588264469,13430.120475782374,93919.7548958957,29566.03450566158,25005.244768927645,31672.007742319158,21348.34817883988
2023-06-01,12806.38898953137,13350.442332814182,93919.7548958957,29394.821709196105,24796.701447683547,31274.235414677038,20914.756762927504
2023-06-02,12783.496332643108,13296.260033705588,93919.7548958957,29276.91775840454,24430.570820414654,30621.10307422763,20705.88342940802
2023-06-03,12816.2858952252,13429.353302194038,93919.7548958957,29511.41323158693,24601.49520012716,31263.186183353646,21371.118741326856
2023-06-04,12813.725209250533,13419.999379002089,93919.7548958957,29513.633827582864,24546.917052111883,31058.161557686257,21329.107966114854
2023-06-05,12818.472648471072,13526.655535263024,93638.83838075341,29537.861238682424,24559.33603189979,31104.81386771836,21800.10933063576
2023-06-06,12725.480680992794,13158.841543717357,85618.91006983079,28861.70929139153,24137.417534368542,29519.863018996206,19900.826327534607
2023-06-07,12750.988086739457,13312.402315890518,88843.21270262692,29026.3490697729,24595.285710233205,31239.860028337596,20664.04660166613
2023-06-08,12729.858129716204,13122.235704730829,85383.30119046304,28878.78553070953,24319.453632838646,30203.68766867726,19851.479286674865
2023-06-09,12729.88135424863,13161.894361272334,86793.62694400344,28878.886240870248,24314.878219232574,30186.499975507537,20192.285100794303
2023-06-10,12730.06293305781,13062.464371788283,84259.14785812526,28826.17489406981,24331.2189821114,30247.88459397083,19610.409587092072
2023-06-11,12690.477819055173,12671.31792424917,75658.39952670025,28478.469007499385,24160.257227496557,29634.03840933793,17598.108908048634
2023-06-12,12693.79078479517,12644.168323807076,74880.81052129973,28499.542642343084,24164.929657675068,29659.81994909251,17468.027806047714
2023-06-13,12692.88522578266,12632.65540651006,74880.81052129973,28493.640855152342,24141.345010107358,29529.684557950335,17405.48289528016
2023-06-14,12693.801098021173,12652.209643881277,74880.81052129973,28511.722361371838,24137.785063304684,29510.04148004208,17535.57219378745
2023-06-15,12674.829098951184,12459.087088919103,74880.81052129973,28386.291618459243,23938.727748963473,28452.998350104226,16730.583790904257
2023-06-16,12674.478328911244,12502.570524795334,74880.81052129973,28380.998951803518,23961.229274600595,28693.626054480323,17034.835123913686
2023-06-17,12677.131836113396,12568.514304547469,74880.81052129973,28398.005696709006,24039.066184712676,29526.001480842537,17278.88426863795
2023-06-18,12681.541681662498,12638.474686800571,74880.81052129973,28449.903320412403,24051.000467464,29735.93687598699,17585.02340618738
2023-06-19,12676.84037830011,12601.371961826455,74880.81052129973,28389.284692730027,24014.800233421745,29534.595327427396,17373.100449690322
2023-06-20,12686.81968411632,12690.80950191057,74880.81052129973,28465.137952664645,24124.94606748933,30147.21381969103,17790.708668096813
2023-06-21,12712.40342283606,12898.524604793503,74880.81052129973,28646.749847130104,24406.200216137957,31797.23236398427,18739.18951835705
2023-06-22,12765.112676682882,13099.530707578699,74880.81052129973,28986.35404392826,24962.14025214523,33471.80475566282,19566.894228113
2023-06-23,12764.80133410779,13110.022749526968,74880.81052129973,28967.930190860756,24984.12776876968,33516.00168095639,19581.06758071336
2023-06-24,12814.144474962333,13286.755528205347,74880.81052129973,29263.11030717769,25480.25354555634,34563.22327194012,20283.727408671115
2023-06-25,12785.892273552405,13187.40683377281,74880.81052129973,29041.524022135156,25360.785159664487,34401.16787919703,19782.121229256416
2023-06-26,12791.899576586384,13223.822070015744,74880.81052129973,29106.61688625125,25275.70918789301,34285.76479648605,20005.43257702917
2023-06-27,12779.7169241511,13154.045212941075,74880.81052129973,29139.97607850754,25106.46230787955,34056.18632343334,19942.915156479696
2023-06-28,12796.296111462087,13232.866674881825,74880.81052129973,29275.615486337025,25363.500350252936,34404.850956304836,20327.467635133282
2023-06-29,12779.034817332353,13072.664493694021,74880.81052129973,29369.717502120257,24931.785046689183,33819.241696165045,20112.146486835696
2023-06-30,12809.970339380923,13235.012314432253,74880.81052129973,29674.411311475233,25342.68388907481,34376.61403181172,21064.346169408807
2023-07-01,12820.022418470167,13419.131734539738,74880.81052129973,29713.202224320958,25259.418044362304,34263.66633383927,21648.57076944448
2023-07-02,12824.836975106395,13464.536166139578,74880.81052129973,29679.586225282837,25345.39907966326,34380.29710891952,21753.764954452385
2023-07-03,12845.876712219932,13500.553214468644,74656.84000129583,29833.345463008118,25364.40541378242,34406.0786486741,21917.16823596634
2023-07-04,12839.773181395876,13528.988458656439,74817.6214176977,29684.782446097914,25821.46249617172,35026.063295153326,21980.5397777785
2023-07-05,12812.620032762137,13472.737529861646,73935.59623081711,29508.30120658223,25592.481423212328,34715.45712572908,21716.466909529227
2023-07-06,12779.527909583143,13381.839820629604,72638.02797413777,29297.69790987088,25444.956067906474,34515.34326953875,21319.08641839349
2023-07-07,12723.29779192483,13215.932657100697,69945.44974764454,28908.39072783438,24872.65422942958,33761.540154809554,20530.415671704854
2023-07-08,12743.465703381997,13297.785092440326,71183.09841681278,29028.16720263918,25024.000964082137,34025.4940142017,20900.12500930745
2023-07-09,12748.628867377238,13352.608851629684,72212.64061292475,29079.013208927136,24988.100110745952,33962.881703369145,21190.740349168565
2023-07-10,12733.38034903623,13287.763896585464,70977.93905027599,28954.328821938572,24904.33145296151,33816.78631142651,20841.283832371424
2023-07-11,12738.1974343062,13312.941186542643,71429.50609809563,28966.52587259184,24978.244974536014,33945.694010199426,20974.337248835553
2023-07-12,12742.335013772608,13351.435075128917,72277.85620315155,28976.512250783788,25105.657806964453,34167.90632903653,21199.425051233673
2023-07-13,12715.947993462863,13269.898673872709,70942.34961965067,28808.611972498296,24726.235062881984,33506.18014200227,20818.0650739389
2023-07-14,12819.759868314966,13822.636098823692,78521.8076437093,29389.53453052078,25265.45180122553,34446.59249685987,23073.991990736173
2023-07-15,12765.832593591187,13710.17951346004,76408.38885045533,29020.595275029744,24572.072575026585,33237.31551313306,22455.035994896687
2023-07-16,12773.058979058602,13746.236187744187,77189.67523960935,29066.61524927019,24557.99380901239,33212.76166574774,22683.84569936747
2023-07-17,12756.052185492845,13686.435411766895,76445.80191611596,28953.192436997426,24515.0535726691,33137.872431222524,22454.88963510029
2023-07-18,12751.145803236343,13671.160338143114,76107.92758419734,28922.32806866221,24417.910087171178,32968.450884263846,22347.81670039974
2023-07-19,12732.404553147042,13595.50667744483,74834.26925804901,28821.364765518265,24253.188524805133,32681.170869855647,21996.923565898156
2023-07-20,12751.001408091359,13629.651168730228,75487.72545550489,28984.628913362867,24315.13509526758,32789.20779835104,22251.884647376486
2023-07-21,12751.124759310595,13640.74814057423,75541.39060568954,28984.321761134226,24361.121943055463,32897.24472684643,22233.342497913018
2023-07-22,12743.146703815726,13654.672424560209,75708.58581885144,28894.226043972052,24400.543506181115,32993.00473164916,22254.882604172897
2023-07-23,12715.624053023583,13592.513551645947,74545.75769027218,28663.874090543286,24366.68139426549,32910.749342908355,21856.297500372464
2023-07-24,12726.052477653517,13644.200703146329,75222.48999707175,28725.418181792684,24502.12984192799,33239.77089787159,22067.117749484696
2023-07-25,12686.910125818818,13486.871835947513,72357.89299706476,28450.413983853687,24158.96008087263,32406.16777914011,21180.49918123559
2023-07-26,12685.753920427493,13499.832427325233,72555.58404575946,28443.995517408002,24193.83300209917,32490.878552619448,21240.523938957576
2023-07-27,12695.982679165341,13524.15706344781,72954.14815491505,28517.633525648587,24211.016760384715,32532.620093174486,21397.49731793549
2023-07-28,12699.219877455043,13556.202587608528,73595.86586703312,28540.508027373988,24250.438323510367,32628.380097977217,21584.645864005637
2023-07-29,12700.021600599644,13604.31936889677,74291.84993419475,28535.504503637476,24251.954537476737,32632.063175085015,21770.450469106603
2023-07-30,12717.533646651786,13668.337018130736,75153.46676943653,28620.55809453098,24272.170723695017,32681.170869855647,22025.39278874164
2023-07-31,12695.728466161521,13600.615099117378,73842.44187319427,28485.328555537937,24240.330230401225,32603.8262505919,21680.28997465288
2023-08-01,12686.797552534574,13567.93147381429,73842.44187319427,28414.62224318637,24250.438323510367,32628.380097977217,21468.169056043895
2023-08-02,12694.111142353337,13594.361952914398,73842.44187319427,28474.767294727026,24429.351571542167,33062.983196697314,21590.634495422208
2023-08-03,12637.828397124402,13462.43101001492,73842.44187319427,28015.28789083638,24288.343672669645,32720.457025672153,20854.23360195017
2023-08-04,12620.858678518738,13403.175786326303,73842.44187319427,27855.024984620526,24292.3869099133,32730.27856462628,20480.15605094279
2023-08-05,12607.420321652748,13377.888535581198,73842.44187319427,27700.615006210282,24181.197885712747,32460.186243387805,20234.387903617448
2023-08-06,12646.424359534547,13462.104886564266,73842.44187319427,27888.971758240736,24172.606006569975,32439.315473110284,20427.848918758074
2023-08-07,12623.84885446637,13420.459443956339,73621.57714176894,27761.258768888816,24166.541150704492,32424.583164679094,20245.528528922798
2023-08-08,12620.642093115484,13412.962334386251,73547.12249159568,27776.37973460119,24208.489737107426,32526.481631328155,20217.19797443492
2023-08-09,12648.643624975848,13519.05871479916,75386.52412869647,27986.569066416443,24499.076393350057,33291.33397738075,20736.46117319273
2023-08-10,12647.627773184906,13524.424667442685,75603.86101766767,27958.8122875778,24356.791425405227,33074.032428020706,20787.545084098634
2023-08-11,12642.0673983473,13512.092360996587,75048.97537774153,27882.2894157713,24245.857382600785,32904.61088106202,20652.140126972386
2023-08-12,12650.875552403706,13537.84515570381,75547.97122600635,27926.39277556627,24279.619917367356,32956.173960571185,20798.29484613467
2023-08-13,12655.000134832084,13546.330925406322,75559.2716893106,27941.376556404088,24327.852109891024,33029.83550272713,20811.15295412582
2023-08-14,12635.588754298504,13493.022565999487,74379.73727195479,27808.894845936353,24198.39356194977,32856.73087866066,20542.328302823124
2023-08-15,12644.770057284286,13536.301973477504,74379.73727195479,27875.83662652263,24305.15706985174,33074.032428020706,20758.19901993366
2023-08-16,12587.039428824384,13356.613408318284,74379.73727195479,27436.453772352746,24177.6452372442,32830.94933890607,19749.949850472232
2023-08-17,12542.886401630216,13184.430976029194,74379.73727195479,27120.342266840842,24002.792677114732,32403.712394401577,18842.73251573308
2023-08-18,12494.998216404256,12863.076743429543,74379.73727195479,26727.642940616533,23033.098905111485,30087.056893597008,17240.977898526093
2023-08-19,12501.3283777665,12947.874850133785,74379.73727195479,26772.99742435894,22924.391386021514,29448.65686157879,17703.609838349876
2023-08-20,12502.223188114885,12998.240168164666,74379.73727195479,26778.62900415543,22942.997096019604,29557.92148244345,17975.165979684753
2023-08-21,12500.681498266096,13018.391722247441,74379.73727195479,26767.697887385813,22946.969101524817,29581.2476374595,18074.35723782207
2023-08-22,12495.848964040728,12929.330621465402,74379.73727195479,26731.690727846624,22925.22759770682,29453.567631055856,17624.24979570706
2023-08-23,12493.085480580796,12896.985502330996,74379.73727195479,26710.814035930423,22929.408656133357,29478.12147844117,17455.702336237227
2023-08-24,12497.318242344707,13016.889380439272,74379.73727195479,26739.133378814327,22987.311859090394,29863.616882390634,18110.698750234427
2023-08-25,12492.906644843888,12962.489143305384,74379.73727195479,26705.714060834016,22960.52762670613,29759.26303100304,17830.03939370338
2023-08-26,12489.470604120621,12934.995925610237,74379.73727195479,26674.466442989666,22926.495896147306,29626.672255122332,17664.488126016404
2023-08-27,12489.422428137123,12913.676029345886,74379.73727195479,26671.38703234599,22908.90767574902,29587.386099305826,17554.373666220265
2023-08-28,12486.090086172999,12923.892614785334,74379.73727195479,26650.582859810485,22921.58618884469,29661.047641461773,17591.066292972377
2023-08-29,12483.692060260953,12912.673298704152,74379.73727195479,26629.236627783142,22910.386835610178,29595.97994589069,17530.646602977904
2023-08-30,12485.962733905682,13076.359030972551,74379.73727195479,26645.266400348282,23187.42517052419,31291.42310784676,18364.290077729052
2023-08-31,12463.96170348954,12954.153504685613,74379.73727195479,26495.93052601746,22973.399121017726,30641.97384450515,17761.952027714713
2023-09-01,12452.993400076928,12858.780216843576,74379.73727195479,26424.259775141287,22545.09104627441,29384.81685837697,17300.55750463962
2023-09-02,12464.673515372473,12861.765652450216,74379.73727195479,26529.92602267075,22549.698898697785,29411.826090500817,17361.00577896495
2023-09-03,12471.501920178418,12885.716230516136,74379.73727195479,26547.163503351905,22559.12405138196,29467.07224711778,17391.338671689507
2023-09-04,12464.349344203867,12868.927597254795,74379.73727195479,26490.48224397538,22580.278282961997,29591.069176413625,17332.516593871238
2023-09-05,12478.257552573683,12887.192643686236,74379.73727195479,26627.628507693214,22542.99656790015,29372.53993468431,17518.21026353982
2023-09-06,12467.699230744309,12923.922832506647,74379.73727195479,26547.760290409788,22567.71141271643,29517.407634257677,17644.49421213052
2023-09-07,12476.431213527707,12937.091336572015,74379.73727195479,26600.341584931015,22561.21852975622,29479.349170810437,17698.111538921785
2023-09-08,12472.837701807246,12960.004072585047,74379.73727195479,26551.686272964114,22663.505397055094,30121.43227993645,17777.590829365046
2023-09-09,12461.657996781238,12919.34605922855,74379.73727195479,26480.334974419464,22560.68466385273,29740.84764546405,17616.259009786758
2023-09-10,12451.11960773788,12899.551596107998,74379.73727195479,26413.069150963856,22559.235507422007,29732.253798879192,17631.93975710637
2023-09-11,12439.232444435413,12800.661684214872,74379.73727195479,26310.89164805587,22538.326250350106,29608.256869583347,17194.092763383796
2023-09-12,12418.656970903703,12642.257807916953,74379.73727195479,26140.29202537203,22390.512294416087,28731.684517927562,16461.92277554932
2023-09-13,12417.806960498336,12721.065616288648,74379.73727195479,26131.186378262046,22519.901261445164,29498.99224871869,16706.458160799495
2023-09-14,12426.208628421438,12804.629177163733,74379.73727195479,26182.567339559086,22594.656606663222,29986.386119317212,17019.99217424159
2023-09-15,12435.202996911054,12914.410080299553,74379.73727195479,26230.198147418887,22743.780156123117,30608.826150534973,17441.07281752305
2023-09-16,12464.471602748845,13016.578199443225,74379.73727195479,26409.073447761562,22746.213552949765,30616.19230475057,17894.524918992327
2023-09-17,12470.311412336774,13003.547613935043,74379.73727195479,26447.30574292536,22734.857701092067,30581.816918411125,17841.87147066737
2023-09-18,12443.923463481695,12901.156846620794,74379.73727195479,26278.351621339054,22715.39052647887,30522.887684686368,17366.2957054492
2023-09-19,12456.35147175672,12975.478862482447,74379.73727195479,26351.828584996674,22786.36460058948,30737.733849307882,17699.99101198162
2023-09-20,12475.623691636007,13056.178761292967,74379.73727195479,26468.676985689905,22960.35247369491,31264.413875722912,18071.654959767846
2023-09-21,12458.088453210708,13022.605009455736,74379.73727195479,26362.876288896234,22962.785870521562,31271.780029938505,17913.089439561754
2023-09-22,12431.196003407618,12913.218797919246,74379.73727195479,26203.1659199793,22740.535627020916,30599.004611580847,17446.21406664647
2023-09-23,12434.696779033993,12939.379804690187,74379.73727195479,26226.7396533269,22758.786103220787,30654.25076819781,17569.07316981907
2023-09-24,12433.23670782778,12953.131253099877,74379.73727195479,26215.84568048854,22767.30299211406,30680.03230795239,17597.028320539066
2023-09-25,12415.128467880852,12867.309231689283,74379.73727195479,26109.083486350195,22618.00074983242,30250.33997870936,17234.406931992122
2023-09-26,12432.876301280989,12944.268806148248,74379.73727195479,26217.38920923892,22669.728089775843,30457.81998911528,17583.495476775814
2023-09-27,12430.442392551033,12926.33027215753,74379.73727195479,26206.279872983567,22665.44298469177,30440.632295945557,17519.691549684972
2023-09-28,12436.683005058841,12950.34781588347,74379.73727195479,26245.21255272337,22750.579973566484,30811.39539146383,17625.84112641668
2023-09-29,12459.830127872172,13064.140725407082,74379.73727195479,26394.07385188729,22921.401029625114,31377.361573695365,18146.609720562414
2023-09-30,12476.237342654851,13099.316142573676,74379.73727195479,26495.923939353226,22847.812229648523,31226.355412275672,18296.16785867703
2023-10-01,12484.230977887057,13132.901062149871,74379.73727195479,26507.665496221016,22895.076580853,31323.34310944767,18371.62300590884
2023-10-02,12529.672123901602,13305.802537160638,74157.2654755282,26750.7194938662,23470.624756279653,32504.383168681372,19164.285083700615
2023-10-03,12469.301954811886,13181.272089834594,72282.14923968125,26373.2761386086,23341.99392705228,32240.429309289226,18688.10705058621
2023-10-04,12440.599550136347,13130.483207941741,71075.093579484,26044.80053402185,23298.91755633428,32152.03545870209,18360.173665772825
2023-10-05,12421.966186270796,13076.302443063261,70078.25817794513,25888.692883380834,23447.291722140733,32456.503166280007,18101.727046391643
2023-10-06,12402.379442106905,12997.096715120815,68989.88787943489,25773.489736558848,23187.63693197944,31923.684678018646,17817.66464044209
2023-10-07,12438.475955331607,13111.672755444542,71588.12263682377,26227.48953296252,23428.146668488287,32417.2170104635,18486.269628677124
2023-10-08,12419.805882043507,13061.74601465787,70392.76023359058,26018.01658783631,23435.924346534593,32433.177011263957,18180.283380816014
2023-10-09,12417.11828941484,13051.302323507407,70097.80054225755,25973.45365210301,23451.479702627206,32465.097012864866,18106.39853879959
2023-10-10,12397.774486425476,12887.425329077209,67841.53557188009,25870.096444600284,23229.202813642376,32025.58314466771,17522.00190101605
2023-10-11,12393.26662747502,12859.573723627638,67149.76780828249,25811.56381755448,23100.401157729655,31724.798514197588,17346.351002351304
2023-10-12,12391.161999592174,12806.172062964468,66301.77091540975,25794.611741821827,22873.743794598136,31047.112326362865,17123.87061459813
2023-10-13,12389.741045139857,12813.58039393193,66458.82371115283,25779.025533231812,22906.9191102848,31182.1584869821,17162.995577644055
2023-10-14,12394.682354376899,12879.90707359686,67429.6666016281,25829.581366671704,22956.983677593773,31385.95542028023,17413.56665567435
2023-10-15,12400.826714232993,12921.734163155452,68187.72402468915,25933.296636184143,22950.962938861667,31393.32157449582,17603.663444267644
2023-10-16,12415.729619968359,12949.155684695375,69180.23508895672,26154.763468910172,23001.64129831424,31705.155436289337,17853.981095100626
2023-10-17,12424.948420279132,13032.660071942952,70166.5911395333,26198.95806233053,23201.815711632946,33171.0201251927,18116.84868902641
2023-10-18,12399.579373245695,12907.380310784969,68287.67666216561,26012.605942265196,23089.42530931299,32964.76780715605,17630.989575657517
2023-10-19,12395.32073778913,12861.773680352097,67618.92442170353,26000.243878554935,23106.819062052982,32996.68780875696,17453.209182462724
2023-10-20,12405.749419322263,12919.984808824698,68314.36914264751,26072.57986482935,23288.115484842914,33329.39244082799,17631.9783555259
2023-10-21,12441.99298236374,13065.841485932346,70891.66033457778,26455.942912098893,23869.4682206527,34396.257109719976,18297.1524891717
2023-10-22,12506.110208305046,13269.91453313287,73430.09018755978,26770.555557674925,24001.92833767265,34639.3401988346,18956.349844247252
2023-10-23,12549.260810822763,13379.555358528483,74733.93002618603,27003.354845411886,24066.820415202626,34758.426358653385,19283.117373367382
2023-10-24,12673.79712282937,13681.919902146943,79294.31160550706,27946.906226066458,25864.39786183196,38057.23575487059,20594.695167169277
2023-10-25,12676.78958378711,13728.362167209596,80008.4234154676,27969.205516274124,26558.140999961703,39330.35274179923,20767.002067825924
2023-10-26,12816.941400715452,13949.188009433947,84490.08015211197,29149.568517457985,26984.287942091545,40112.39278102155,22106.89636864017
2023-10-27,12826.0897547856,13965.795279642494,84504.05575228852,29130.428518540473,26756.162185001627,39693.74968310191,22092.26874893073
2023-10-28,12810.690643026626,13937.490165591764,83970.54836921093,29031.37380414477,26588.245572011692,39385.59889841619,21894.499049069105
2023-10-29,12854.768166517815,14030.634698594358,85306.24654575072,29269.494069548928,26728.064584421638,39642.186603592745,22225.99164478926
2023-10-30,12929.063178930704,14171.894353221058,88127.8863400908,29849.244426416837,27014.39251414153,40167.638937638505,22964.926365760446
2023-10-31,13024.055601331891,14301.123948119533,92233.92146850668,30973.49420017784,26881.93239712158,39924.55584852388,24154.747930593672
2023-11-01,13041.677381300145,14305.916973712714,92448.5622554312,31087.070770334383,27047.84203864152,40229.0235561018,24186.212228193603
2023-11-02,13163.441213832897,14503.606582159424,94202.07623752329,31694.953420864957,27530.853172421343,41115.417446711705,24865.533554925583
2023-11-03,13059.064821258355,14352.74133319486,92041.24014431569,30834.027015701085,27152.20455508148,40420.54356570727,23957.898490321993
2023-11-04,13117.920130194574,14425.446323861477,93769.29789189479,31605.031191153463,26788.942719011615,39753.90660919593,24610.969664941273
2023-11-05,13242.739624878162,14597.669403636073,99453.56548495768,32969.93993722403,27015.061504631532,40168.866630007775,25782.232550582106
2023-11-06,13286.722043954478,14690.128191712281,99645.42645751269,33040.87737610165,26990.308856501542,40123.44201234494,25882.25036370103
2023-11-07,13432.542392606956,14935.098610104993,103182.35669277249,33998.732552316505,27014.39251414153,40167.638937638505,26822.767578615807
2023-11-08,13378.009602906217,14848.852584085222,101864.07739722903,33635.889197073426,27290.01659602143,40673.44819377602,26433.3487825616
2023-11-09,13459.776223146539,14976.196114313345,104441.31489502436,34306.128794589735,27372.971416781398,40825.68204756498,27122.70745459447
2023-11-10,13571.394558959633,15134.638849684117,105635.86732391016,34675.75475413026,28166.394137921106,42281.72519751422,27502.28546169908
2023-11-11,13795.438645299242,15456.276084232617,111413.82692908797,36197.990651019616,28507.57928782098,42907.848305839776,29137.545699373837
2023-11-12,13862.577694407828,15551.546078970903,112531.63730301266,36533.56432096248,28434.659324411004,42774.029837589806,29304.413563977138
2023-11-13,13909.48983233278,15610.991548472732,115030.63859485007,37159.056285600214,28352.373494141037,42623.02367617011,30056.020216346606
2023-11-14,13656.91933482542,15279.649923832712,107781.45999934038,35163.22288019313,27940.27535230119,41866.76517670238,27864.84497895775
2023-11-15,13594.329821022198,15167.303659974414,107581.25757112289,35083.197022341265,26998.078956117814,40159.045091053646,27869.939377413353
2023-11-16,13886.518739940584,15653.969116100252,117368.57045926398,37436.98178295551,28216.272373258118,42875.92830423887,30776.12103890781
2023-11-17,13761.964454111314,15401.755552185812,112491.35772981451,36460.81965642978,27353.683541509876,40952.134361599354,29447.40478239408
2023-11-18,13783.632501574652,15430.638910232195,113435.41312922827,36774.81814371045,27486.897643158296,41249.23591496168,29826.766867918846
2023-11-19,13768.621713739663,15407.898796736758,112330.682575212,36465.03730390471,27486.34717166388,41248.00822259241,29374.166461975008
2023-11-20,13851.031386558489,15576.630463310226,115356.67123452743,37105.41926157926,27860.117316371638,42081.61134132389,30242.07521607997
2023-11-21,13788.54267579898,15469.15779939765,112805.13894936156,36501.72160508533,27838.648928089457,42033.731338922524,29455.8948714985
2023-11-22,13611.646602978746,15113.18849492434,105631.09894901227,35149.426312036034,27035.51101773803,40242.52817216372,27492.7342334799
2023-11-23,13793.604819822845,15519.840347449264,114689.55079499881,36785.09174751326,27907.457864891327,42187.19288508075,29989.242685376128
2023-11-24,13770.616863537643,15510.388556954418,114093.00727140442,36440.95574168657,27838.09845659504,42032.50364655326,29738.284749131057
2023-11-25,13792.635489346074,15553.114536078807,114647.82068542998,36604.07187869836,27981.22104514293,42351.70366256237,29962.532627118373
2023-11-26,13815.433201129179,15621.606255179566,115764.93131004043,36740.29996766675,28024.157821707297,42447.463667365104,30250.484086376073
2023-11-27,13774.1494342444,15545.748903810407,113306.25548265569,36239.87442550339,27846.906000505678,42052.14672446151,29499.59110684743
2023-11-28,13696.47663769222,15387.713477203939,109378.07830357183,35524.667966421504,27713.691898857258,41755.04517109919,28518.7534812452
2023-11-29,13753.291820231336,15505.625044454657,111912.15747847708,36013.02386356552,27932.22908214,42242.43904169771,29270.10033956072
2023-11-30,13760.604939208424,15505.36736198363,112021.55694833404,36089.91108637494,27998.285661469792,42389.76212600961,29381.930279424978
2023-12-01,13773.365685341323,15525.087682728548,112706.27873610995,36213.242643132326,28046.171548854676,42535.85751795224,29554.007832492454
2023-12-02,13832.690849007118,15639.550395639319,114752.20344605733,36585.588111403114,28703.52503170554,43656.74065109192,30075.82557806488
2023-12-03,13929.712921251692,15807.19014100966,118050.28303324973,37379.33923004984,29219.75991363771,44536.9960798555,31077.37597066347
2023-12-04,13932.391724174055,15806.199459649502,117403.16766659454,37550.356458749586,29540.156737152094,45083.31918417878,31207.46349883265
2023-12-05,13996.387110497271,15937.498030418923,118397.62117749309,37679.46218041568,31003.18223239082,47577.99007852689,31459.705050585668
2023-12-06,14098.273591487405,16074.049830596374,120067.26976742546,38147.70081108665,32501.48737785922,50132.81789896902,31866.692708574144
2023-12-07,14112.605264230382,16101.002734592501,120296.14940061148,38186.47166994609,32379.808584209935,49925.3378885631,31898.11559138005
2023-12-08,14194.360279719343,16222.834559762112,123232.52413945166,38843.6568255429,32004.69230319646,49285.710164175616,32663.76520380783
2023-12-09,14460.692417931565,16604.254143254122,131084.6835703002,40768.93203881067,32674.285664698436,50427.46406759282,34720.365406160716
2023-12-10,14428.089939848653,16548.9093064353,130017.1703604427,40508.18202805772,32376.208619900783,49919.199426716776,34445.87561644442
2023-12-11,14592.192559698127,16757.82839676566,136959.70996687675,42365.608337881094,32410.0482844068,49976.90096807227,36252.72326258829
2023-12-12,14399.326668216301,16478.361720797315,130068.48735767121,40877.14716638917,30684.945387461925,47035.350051311405,34408.32307322491
2023-12-13,14470.210994129617,16574.171506421255,132145.49093237147,41410.91843072146,30766.304580848722,47174.07928903844,34882.77814818778
2023-12-14,14640.644477356902,16794.657845855436,137701.83169886816,42817.783631777944,31496.377342744425,48418.95935147396,36377.73744448436
2023-12-15,14663.347913515303,16833.18276148814,138981.79001834354,43096.151879706595,31289.019398537363,48065.38394912541,36638.11210460322
2023-12-16,14542.955275922595,16655.803752622738,133995.93647669855,41897.26555637721,30832.54392413709,47287.0269870109,35295.43188099084
2023-12-17,14587.377525980755,16720.106596981594,135454.87589616716,42181.643105549534,31046.381804100623,47651.65162068284,35731.806541331476
2023-12-18,14503.790684356569,16587.531725042223,132007.49252993122,41413.62472015742,30448.067735919827,46631.439261822954,34758.574176063456
2023-12-19,14651.004730446957,16770.54125135946,136469.35379856723,42688.152055515806,31219.180090939844,47946.29778930663,36139.23614729429
2023-12-20,14601.863024460677,16678.584289986164,134338.05216142355,42294.639537489464,30840.46384561722,47300.53160307281,35548.92729551515
2023-12-21,14764.198351978917,16913.215104731637,141226.13805465322,43949.146584750066,31809.57423764051,48953.00553210459,37589.529039370274
2023-12-22,14840.461697289878,17033.09836114844,144860.0085395656,44689.32494810741,31836.213973528225,48998.430149767424,38501.50389394442
2023-12-23,14843.200693910756,17049.028640523356,144625.95628864018,44564.08527812439,31889.49344530365,49089.27938509309,38366.34517980717
2023-12-24,14901.853613259547,17120.667834783344,148399.6456072267,45391.81127600272,31758.454744450573,48865.839373886716,39462.92139742594
2023-12-25,14850.997181523077,17048.556376448676,146730.72880973693,45098.29739674559,31321.419077319715,48120.63010574237,38941.9044719924
2023-12-26,14968.200015782026,17218.05136081097,151451.22669899202,46098.720464832775,31613.0161863609,48617.84551529502,40404.48492195246
2023-12-27,14836.540076968202,17020.750199995113,144865.88239663167,44570.62811977883,30819.644391235655,47301.75929544208,38448.60577122973
2023-12-28,14866.34580821113,17087.397716615345,145573.20507990476,44582.6944788885,31148.369407794664,48058.017794909814,38445.217688402954
2023-12-29,14766.414292506115,16944.708084166334,140535.65611888713,43474.11824097336,30805.235989535828,47268.61160147191,36959.87112844595
2023-12-30,14756.039560382811,16907.662455251346,139586.16780688238,43438.55380346079,30668.622995641173,46954.32235493986,36849.20481017823
2023-12-31,14744.821746034857,16905.801928274723,140075.05376019576,43322.56589465441,30691.569709459418,47007.11312681829,36921.054465759626
2024-01-01,14706.431681437552,16834.10331448448,137311.13032175275,42900.92608957577,30768.94816303256,47185.12852036183,36145.552672996455
2024-01-02,14845.554342726406,17056.057388746278,144450.3123996961,44345.50900295879,31606.5032646131,49182.58400515729,37991.82678492305
2024-01-03,14842.759507399327,17042.097689419923,143486.59154551203,44316.44123003866,32509.861798798018,50588.291767966635,37783.936062333094
2024-01-04,14664.184624635545,16703.34240477181,132992.19239570867,42567.742036149924,31173.559153845337,48573.64859000145,35040.66470323014
2024-01-05,14732.978639266603,16863.28174296445,138639.6211651712,43294.67255282775,31573.298592553074,49693.30403077186,36504.31385068962
2024-01-06,14664.256070819567,16731.798755324344,134107.71939025715,42490.46905277449,31563.655755215827,49666.294798648014,35302.16323072655
2024-01-07,14592.734353296211,16586.806654434098,129268.50275987406,41604.59490467,31538.233729508538,49595.0886412306,34001.231270075805
2024-01-08,14514.972141660224,16409.827977798,122770.63668560471,40687.84465014223,31473.802043664196,49414.61786294853,32395.07513886305
2024-01-09,14670.612291771855,16770.22649957904,122770.63668560471,42407.43213367307,32596.584232063768,52675.368795718496,35217.33863035227
2024-01-10,14615.245663204294,16646.947252317543,122770.63668560471,41725.92700247784,32083.7726356287,51846.67644646408,34036.2773711012
2024-01-11,14737.757989576292,16964.709546921582,122770.63668560471,43045.668030865694,32361.07075814544,52294.7841612461,36401.809767371524
2024-01-12,14729.095272229464,16960.283046534118,122770.63668560471,42849.247088206655,32094.408727999205,51863.864139633806,36287.01780513193
2024-01-13,14600.973589597856,16724.947800842394,122770.63668560471,41677.77890683995,29699.621623497507,48058.017794909814,34880.56032201847
2024-01-14,14635.43077911548,16793.65402261031,122770.63668560471,42061.1276697319,29723.257384320852,48126.768567588704,35404.87078672249
2024-01-15,14569.072596902613,16660.880537478894,122403.42640638557,41412.23902434022,29268.691055629024,46804.543885889434,34400.01150944645
2024-01-16,14622.29500542671,16772.687547702426,126251.39591380101,42117.36856132051,29573.845610544708,47692.16546886861,35499.23419738297
2024-01-17,14658.469745476394,16847.103758775113,128121.56730160183,42410.985958443496,29917.830343955884,48692.734749820236,36023.10678920831
2024-01-18,14643.678000723947,16804.946501300503,127411.60059448684,42330.79983046083,29748.159346616874,48199.20241737538,35805.13777569978
2024-01-19,14539.061230801366,16568.739301147834,119967.80444300197,41050.491469847184,29218.887131036976,46659.67618631607,33720.71982673972
2024-01-20,14546.488277145843,16578.08103467364,119707.64382252881,41074.83177398492,29308.36536843964,46919.946968600416,33669.380769345276
2024-01-21,14541.665676655015,16598.284372238155,120291.85199923611,41060.24124158437,29324.825987584467,46967.826971001785,33815.375048856156
2024-01-22,14518.499608027989,16530.12851278237,118057.57608084982,40810.44888801244,29266.185131488863,46824.186963797685,33301.31278970398
2024-01-23,14418.394406307354,16288.378993614671,118057.57608084982,39818.35400621953,28632.68787507151,44575.05454330274,31468.37541056313
2024-01-24,14414.342283022428,16273.876425405482,118057.57608084982,39785.93211209581,28746.28084671786,45105.41764682556,31288.464375892538
2024-01-25,14438.989197935425,16334.004333551584,118057.57608084982,40171.981843389054,28772.838462774063,45229.41457612141,31925.237502398842
2024-01-26,14411.862672476442,16266.217844010967,118057.57608084982,39790.01656873859,28774.41614293582,45236.78073033701,31215.71512144287
2024-01-27,14479.388351856393,16472.106949132183,118057.57608084982,40669.94314413607,29213.92457975359,47328.76852756593,32966.15558102687
2024-01-28,14495.48275811996,16525.164477098733,118057.57608084982,40812.91846085372,29319.036860113734,47711.80854677686,33398.87935075775
2024-01-29,14495.737548812074,16514.527600982023,118057.57608084982,40754.838082339134,29283.66253499253,47582.90084800395,33291.85206887425
2024-01-30,14561.308522427566,16689.314360770353,118057.57608084982,41680.26069541919,29694.341604732967,49079.45784613896,34724.638262948814
2024-01-31,14519.741211310333,16589.17406009835,118057.57608084982,40973.92558110661,29573.058204317414,48637.48859320328,33752.0279709139
2024-02-01,14465.457350789475,16464.86444127071,118057.57608084982,40146.69589655344,29505.678537419888,48391.95011935011,32416.51520978076
2024-02-02,14476.860794598173,16496.0675823203,118057.57608084982,40226.43948878755,29577.77478100024,48654.676286373,32513.56162496507
2024-02-03,14535.16463681656,16636.7037384516,118057.57608084982,40931.47673536501,29696.026096405403,49085.596307985295,33646.58643510259
2024-02-04,14511.30058197332,16630.346612091096,118057.57608084982,40649.6192661957,29657.282787939323,48944.41168551973,33716.307173232366
2024-02-05,14496.54108147964,16541.885465958,117704.46269277149,40475.63533234745,29541.052862541088,48520.857818123026,32940.64378009944
2024-02-06,14524.958854033457,16612.690694789206,120026.54456831489,40804.13278187594,29622.24536115261,48816.731679116085,33602.24851905813
2024-02-07,14523.651101050356,16622.376296438764,120085.69029306655,40852.365656673726,29688.84688498982,49128.5655409096,33582.8259735499
2024-02-08,14560.504847421285,16730.64270356927,122731.60360039907,41191.54992046316,30217.91631295364,50440.96868365474,34319.59089843721
2024-02-09,14557.359497649115,16753.03342029629,122968.46324537542,41095.599652135366,30665.323948949233,51550.80258547102,34363.98215512341
2024-02-10,14613.52441085632,16882.577744624803,126642.03461754372,41689.81116693263,31325.18522221959,53260.978055858286,35379.864418700505
2024-02-11,14673.467309911559,16977.516254696573,129526.18297835831,42348.170837168014,31811.85453600093,54088.44271274344,36205.740179546236
2024-02-12,14688.412511313298,16999.46300367713,129650.67714758104,42415.468572786245,32196.713206988254,54742.802745562105,36250.28725471289
2024-02-13,14797.315481094829,17191.313686418394,134822.77220248748,43533.20065411974,33404.721755884675,56796.7320793438,37675.86200952362
2024-02-14,14778.326255868307,17165.044819013674,133631.55081902983,43245.58393717704,33523.86186979257,56999.30132027265,37330.174216840074
2024-02-15,14911.795601723992,17384.870693809407,139428.61693817165,44497.04526777816,34879.17092315693,59303.679897384565,38946.26384240674
2024-02-16,14956.13956545903,17519.809985061944,142987.97948494236,44818.56368205938,34788.913261105496,59150.21835122634,39930.55308876857
2024-02-17,14932.66536578222,17489.07084391447,141686.75482777008,44500.52180617357,34961.48591094784,59443.63682748086,39535.11219850567
2024-02-18,14947.303731483236,17511.414009914195,142961.22179978967,44819.10062953562,34632.225959784206,58883.80910709566,39873.29204069859
2024-02-19,15010.170380464415,17602.061542782234,145470.44891276734,45437.159975067785,34927.549030016504,59385.93528612537,40565.69628753589
2024-02-20,15068.389789336787,17691.104354769337,148265.04550143966,46156.21510158377,34705.15415072176,59007.80603639151,41415.81086161344
2024-02-21,15040.99595370029,17628.42512274601,146005.8272945622,45646.71358525642,34907.33131371698,59351.55989978593,40792.95508638245
2024-02-22,14984.819917693516,17526.118376528088,143567.31217254023,45185.07040067499,34622.117101634445,58866.62141392594,40135.11111938904
2024-02-23,14940.749275786802,17444.18093783765,140960.05099966543,44696.88234113998,34212.708346569125,58170.519840552224,39409.145747410956
2024-02-24,14884.856514687137,17361.675638726043,138697.94986315226,44142.22245442665,33811.79199509801,57527.20903905695,38720.588226910164
2024-02-25,14944.913293368423,17475.281279682502,141676.16124095253,44699.442943703965,34231.87121154362,58445.52293126777,39588.8184058766
2024-02-26,14994.582682489177,17547.02315636205,144024.50502475296,45162.02284999563,34349.24628672696,58702.11063644432,40283.07028418649
2024-02-27,15083.757785599217,17697.533766480778,147576.40774310692,45926.66589928993,35570.776142821705,61421.44923436807,41357.88017229764
2024-02-28,15130.300597584002,17833.895308771494,150232.4082965025,46249.3301102753,37393.04076912696,64568.02477679632,41998.83706083854
2024-02-29,15300.646995560455,18073.465980008106,155961.13314248543,47802.22556491948,40917.41289265219,70653.6958512469,43989.28571166331
2024-03-01,15351.385055373668,18155.486374729346,158405.93796635367,48410.260959040366,40202.86901850596,69419.86502013478,44785.45444161331
2024-03-02,15525.598657357328,18395.438983458076,164667.7152765729,50576.93206726278,40883.996412965746,70595.99430989141,47015.5042967664
2024-03-03,15609.288797033369,18529.39436016458,167444.30414432564,51491.283060457135,40624.48545369871,70147.88659510939,48099.08999389295
2024-03-04,15559.822804325508,18452.845631472483,165098.69505261228,50752.98471877319,41381.68866361486,71455.37896837747,47316.10157298227
2024-03-05,15632.72301965824,18553.349022163144,166083.70088656453,50986.0233009109,44699.873997585455,77185.01925574096,47574.97325311217
2024-03-06,15415.017293893121,18262.456509422558,158113.0632807037,48761.04572165316,41840.27652314155,72247.24054655392,45294.33276413855
2024-03-07,15636.723253461669,18574.231166906207,168581.54715032494,51729.95919595235,43112.23571801478,74443.58219517043,48446.900077950086
2024-03-08,15717.323847933827,18696.575595737166,172633.10023569287,52760.89869009418,43405.163156968265,74949.39145130794,49696.7097750507
2024-03-09,15743.644945495078,18714.07989294899,174422.48104476315,53256.067099730295,44335.84766568211,76556.44076267688,50174.37104946744
2024-03-10,15785.981734394038,18773.724636706087,177166.78403765042,53860.6685606318,44417.61139257446,76697.62538514244,51036.30733381496
2024-03-11,15752.099916467945,18728.258582310344,174536.65479907522,53261.950688231445,44842.78277241471,77431.78542196339,50174.60072282914
2024-03-12,15912.095801846343,19044.681294785678,181744.03701820466,54759.293664281504,46778.09463851026,80773.56405110491,52325.759786165945
2024-03-13,15907.70332662603,19058.05717377017,182145.27189304374,54778.87679241956,46497.96500028776,80289.85325761419,52503.34931660555
2024-03-14,15936.589142998939,19095.670821232117,182780.7298951016,54959.29551004549,47479.84071192551,81985.29641957025,52649.979472632614
2024-03-15,15906.429795549588,19044.032354853778,181516.08449545753,54732.09709358794,46688.51003339342,80618.87481257741,52450.19884706259
2024-03-16,15788.929674593832,18871.27858765755,175835.88962817393,53271.260199936696,45427.926661392165,78442.17624186915,50692.53520517721
2024-03-17,15564.741809282672,18525.834827979532,164652.48613857717,50491.510963740504,42514.37176309597,73460.20060738853,47224.825309158026
2024-03-18,15738.06967473487,18807.028351487068,174004.4870184015,52620.676376283,44209.29037225101,77223.07771918821,50277.08637551951
2024-03-19,15648.662458267214,18657.840647597986,168009.45435813273,51363.93328433129,43785.14597642004,76281.43767196134,48343.051189799466
2024-03-20,15415.377635118246,18215.603002294167,155364.64068566106,48729.04599471329,40901.29587960323,69879.02196624018,44445.18729387373
2024-03-21,15651.290541702896,18701.95040934773,170945.7547101543,51451.1284284047,43761.920338056414,76229.87459245218,49214.191469136575
2024-03-22,15594.946956129765,18650.063168015527,168640.3192447649,50729.12822945943,42785.337544004935,74061.76986832877,48314.25033647631
2024-03-23,15567.857251139108,18569.306032090302,166409.3350770758,50437.69953283435,42134.46667843381,72616.77594970292,47606.37697644275
2024-03-24,15595.207314382129,18624.599113234453,168520.17140576502,50867.28424404739,42186.44786905716,72732.1790324139,48191.1020604362
2024-03-25,15683.036317629534,18830.871565663692,175037.39275378714,51938.70814830651,43810.0305889525,76336.6838285783,50257.327916133516
2024-03-26,15759.511498272956,19008.756739140874,181166.656079785,52924.502710032524,45027.164637484384,79038.83473333233,52061.41097031155
2024-03-27,15790.32652410577,19071.796061397883,183626.71337451317,53415.365812673,45137.76291540641,79284.37320718549,52887.13462516673
2024-03-28,15738.06261787944,18954.396389310543,179914.46616704843,52761.00371396186,44935.92105819871,78836.26549240347,52050.53982584755
2024-03-29,15801.020151793486,19074.125557461044,184273.70780874454,53643.57156207094,45684.671399730825,80498.56096038937,53373.785050101804
2024-03-30,15772.153385964506,19029.193716250982,182132.9393565986,53165.24371300317,45246.702219159604,79526.22860393085,52689.1563982538
2024-03-31,15758.100473145558,18981.090032230746,180607.1327260619,53035.950780330386,45137.2099240168,79283.14551481622,52440.350896794596
2024-04-01,15810.38923305197,19081.12312614317,183602.85312862042,53558.40191514868,45954.53119786057,81097.67483659108,53161.18909564728
2024-04-02,15697.101937763604,18857.05645345175,175109.207132584,51962.38863420894,45336.286824276445,79725.11476775192,50670.28489427284
2024-04-03,15524.66197430186,18515.463688808475,162728.14928887557,49686.89318593427,43075.217761298714,74770.14836539513,47073.41444029724
2024-04-04,15505.205546941514,18457.623190161426,160717.64033545365,49418.96124695797,43083.08170771548,74794.70221278045,46477.617611592985
2024-04-05,15542.054512419627,18556.1402650484,164296.04777323373,49917.94276760974,44016.92534470607,77710.47158978673,47505.52329120592
2024-04-06,15513.394348647242,18485.87275029205,162011.01103804106,49628.5756882415,43757.41511295289,76900.1946260713,46834.96333263445
2024-04-07,15550.84608284099,18571.991259946186,164894.44340657516,50070.89401661785,44135.27773827835,78080.00699293574,47680.87675073275
2024-04-08,15597.757909361466,18662.22712108202,167746.43672368772,50695.425450717536,44302.38659963456,78601.7762498737,48653.649833153206
2024-04-09,15669.998627344616,18841.238482477842,167746.43672368772,51550.00879848034,45039.238378885246,80902.47174987782,50411.70421124306
2024-04-10,15551.277080740369,18603.349421514165,167746.43672368772,50095.68528171332,44161.22876145367,78161.03468930729,47865.2270697856
2024-04-11,15599.126814184458,18706.500237639,167746.43672368772,50663.44450360595,44971.21524238025,80690.08096999483,48865.44003828209
2024-04-12,15579.175980945885,18663.20342814897,167746.43672368772,50356.843772799126,44787.59209354883,80116.7486335477,48339.228665538714
2024-04-13,15377.765605919176,18162.100319533958,167746.43672368772,47705.16453415047,44197.00971764994,78272.75469491047,43012.809158995675
2024-04-14,15253.124628899266,17721.315814042544,167746.43672368772,46089.50746897383,43177.449064716624,75089.34838140424,38736.85479408267
2024-04-15,15310.493593648005,17961.656250615826,167746.43672368772,46813.50385607017,43460.94433304093,75974.51457964489,41012.26289437287
2024-04-16,15259.33878980622,17774.34311509806,167746.43672368772,46201.364891000056,42647.02587890597,73433.19137526468,39239.70411976323
2024-04-17,15257.807678980855,17779.99349437701,167746.43672368772,46224.62457796655,42762.232693911545,73792.90523945956,39363.95863212848
2024-04-18,15213.531679715417,17641.16502964309,167746.43672368772,45704.754951106865,41723.79856957801,70550.56969222857,38132.953980919556
2024-04-19,15251.876471199279,17836.689359763826,167746.43672368772,46138.18858800827,42614.3905012764,73331.29290861562,39854.07765396642
2024-04-20,15259.925060055524,17870.35682607988,167746.43672368772,46241.857598815914,42729.990513602825,73692.23446517976,40143.161852415564
2024-04-21,15321.89880113896,18203.555816406246,167746.43672368772,47140.49357199215,43140.09531923701,74972.71760632399,43287.15882705862
2024-04-22,15308.332010429123,18137.432635766156,167746.43672368772,46972.08295453733,43105.49395500324,74864.6806778286,42707.6401275629
2024-04-23,15351.404856952382,18309.976346776344,167746.43672368772,47483.987723780796,43811.28314590772,77068.38848066072,44282.18406948982
2024-04-24,15327.708734965574,18215.431881724693,167746.43672368772,47204.08024096141,43525.42869365839,76175.85612820448,43462.7717171147
2024-04-25,15268.344283851584,18007.18037025194,167746.43672368772,46508.1672024459,42760.26670730735,73786.76677761323,41603.309859489
2024-04-26,15269.765045880229,18007.029460698806,167746.43672368772,46547.328860469504,42790.5429010119,73881.2990900467,41667.82405893248
2024-04-27,15251.822883384508,17931.888366681178,167746.43672368772,46298.47669537874,42587.653083459416,73247.80982750554,40916.232856870716
2024-04-28,15259.443276332153,17947.50680301088,167746.43672368772,46371.099131879506,42465.717035860784,72908.96673358818,41056.03873824021
2024-04-29,15249.041241049696,17887.22548442449,167746.43672368772,46228.05683010936,42329.016514662915,72381.05901480389,40530.50368231669
2024-04-30,15242.95123207346,17878.252648103276,167746.43672368772,46131.08955000402,42520.71515252876,73121.35751347116,40350.73702298506
2024-05-01,15186.471175243452,17605.799681514844,167746.43672368772,45467.148344157016,41657.59441984918,69788.1727309145,37800.285822860664
2024-05-02,15179.374388329712,17602.89003495282,167746.43672368772,45417.58907691726,40874.90445894416,66765.59411778211,37810.87912858599
2024-05-03,15186.33507861172,17652.83604758566,167746.43672368772,45480.48694528611,41090.764119161264,67599.19723651359,38242.172701885225
2024-05-04,15225.618445609396,17851.411117988406,167746.43672368772,45976.15504868819,42182.46083961124,71815.09283257235,40235.32557851216
2024-05-05,15228.411528345121,17885.839529899953,167746.43672368772,46001.25443871612,42468.57820956028,72920.01596491157,40601.002064194756
2024-05-06,15241.002439763706,17931.622488651472,167746.43672368772,46219.470646267175,42504.183926709484,73057.51751026935,41238.08588356014
2024-05-07,15229.885146069722,17903.468923780663,167746.43672368772,46072.933079957584,42221.74392967822,72022.57284297828,40943.39737491937
2024-05-08,15202.79605129609,17796.45279159297,167746.43672368772,45727.184116503995,41939.36139750015,71155.82203027661,39944.14803445215
2024-05-09,15169.507773346175,17702.3725686385,167746.43672368772,45242.768938538706,41519.63716872054,69907.2588907333,38903.99158154158
2024-05-10,15202.31208570775,17854.71472775512,167746.43672368772,45694.51454445296,42029.55766215824,71838.4189875884,40585.742350795525
2024-05-11,15174.12086025259,17693.936126718858,167746.43672368772,45351.84854502311,41397.10064836488,69443.19117515082,39077.665869542536
2024-05-12,15167.404983298204,17671.271647189453,167746.43672368772,45254.9223584105,41380.56794323753,69380.57886431826,38928.487083663436
2024-05-13,15166.523570511428,17664.35029798906,167746.43672368772,45219.067067114775,41572.47699099031,70107.37274692362,38788.38867550855
2024-05-14,15175.215843399852,17687.50072086228,167746.43672368772,45328.186169233246,41956.943427873404,71563.41589687286,38961.073078413014
2024-05-15,15153.855698603224,17588.1248187105,167746.43672368772,45041.98406624452,41512.181242878796,69879.02196624018,37984.3922750309
2024-05-16,15206.694708985762,17862.44010463952,167746.43672368772,45747.837809044606,42655.98327751718,74365.00988353742,40680.40451730124
2024-05-17,15198.802844441132,17879.101142913187,167746.43672368772,45659.088711607605,42272.215235275624,73505.62522505136,40769.93881398157
2024-05-18,15243.891297070713,18041.724996226596,167746.43672368772,46133.20434494752,43228.89414057782,75647.94840942019,42104.91187321979
2024-05-19,15243.170130784207,18035.64933351995,167746.43672368772,46090.53276775205,43184.48669568986,75548.50532750966,41919.723254873425
2024-05-20,15212.065849442826,17943.687389308587,167746.43672368772,45704.88059062074,42825.38945616383,74744.36682564055,40981.815960566804
2024-05-21,15331.027838273149,18291.112509384606,167746.43672368772,46991.51161913861,44670.76549928541,78876.77934058924,44167.05212552348
2024-05-22,15322.395454206302,18275.928984026887,167746.43672368772,46892.376154543526,44686.11622097508,78911.15472692868,43918.034171018386
2024-05-23,15307.625992726402,18242.792586229974,167746.43672368772,46747.98933955589,44459.69307605256,78404.1177784219,43738.66080345856
2024-05-24,15270.333566332763,18155.628937424648,167746.43672368772,46161.85243497862,43940.50973890575,77241.4931047272,42668.84970149907
2024-05-25,15264.320291111198,18157.45076217981,167746.43672368772,46092.53529135116,44132.94200008687,77672.4131263395,42654.827385221026
2024-05-26,15285.814480071573,18209.683642667005,167746.43672368772,46370.85912750049,44504.64876100085,78504.7885527017,43233.68013351919
2024-05-27,15256.562682644146,18127.31120192132,167244.70261584024,45948.58501136841,44080.859194354096,77555.78235125924,42297.52503401149
2024-05-28,15293.570123376057,18252.886809437245,172045.3976984634,46350.04481951373,44453.66243538876,78390.61316235998,43531.090425982096
2024-05-29,15275.951107907842,18209.40288770984,170910.01115904993,46174.12601382584,43963.53582144024,77293.05618423635,43248.21732540728
2024-05-30,15265.473733261466,18170.482700528126,169295.61137787532,46068.420279545106,43746.980997603925,76808.11769837637,42842.2326321878
2024-05-31,15240.331144397036,18094.46574499796,165924.8581918506,45666.28354354802,44025.48694825923,77431.78542196339,41981.518433307116
2024-06-01,15233.992829397073,18084.733747845807,165666.96019537793,45582.68733971976,43604.438581914204,76488.91768236726,41901.07208163962
2024-06-02,15233.133089054609,18089.350794099402,166105.76762388094,45502.419627573036,43692.70523162976,76686.57615381906,41859.29495863406
2024-06-03,15208.87840221974,18020.655915370742,164131.35140003316,45115.26166298009,43693.253471690114,76687.80384618831,41073.93202108698
2024-06-04,15213.56173994503,18032.139644342584,164979.41611089002,45248.86169955259,44022.74574795751,77425.64696011707,41291.0081555377
2024-06-05,15245.28405519366,18123.775587539065,168727.58727435258,45691.63610489782,44908.701685475186,79409.5978288506,42233.90694787496
2024-06-06,15273.343227788486,18201.968904972313,171875.09258776752,46076.25380902669,45254.0929234926,80183.04402148805,43022.88501449195
2024-06-07,15250.171708666283,18131.228359096058,169406.41964986027,45841.01723585833,45073.17370357871,79777.90553963034,42391.07428138685
2024-06-08,15177.683602787854,17913.77462946242,160192.21735239355,44784.38739800542,44712.97998393199,78971.31165302271,40107.53430051918
2024-06-09,15158.927600281326,17835.11443635665,157532.1687473295,44502.89915836518,44713.528223992325,78972.53934539198,39426.478575358495
2024-06-10,15171.626771804174,17898.403050506684,159729.85624124383,44656.60425392706,44918.57000656139,79431.69629149738,39969.32540926819
2024-06-11,15147.843160827571,17818.544131004594,156360.79773313456,44316.041543570536,44829.20687672515,79231.58243530706,39140.043775019025
2024-06-12,15108.973226460066,17623.388927146432,149745.7099427411,43897.24770953902,43818.28318252945,77035.24078669054,37475.322672835726
2024-06-13,15103.04641588125,17704.309092968295,152355.79352409852,43763.497272597466,43986.77202278824,77568.0592749519,38110.33912707687
2024-06-14,15073.884571706363,17524.5282623474,145986.15354316877,43388.5299234833,43614.07781392087,76389.47460045673,36514.21916355233
2024-06-15,15061.219913580468,17415.898190481763,142156.99645019489,43209.52185315061,43422.63958237166,75828.41918770225,35542.72124045907
2024-06-16,15071.291583873135,17465.905547062303,143821.20399589994,43323.66810920962,43446.70659484943,75922.95150013572,35949.688798424984
2024-06-17,15085.028695592782,17553.715399048095,146534.17646582343,43483.658389153454,43585.1700562475,76466.81921972048,36726.7852342024
2024-06-18,15049.990803645205,17304.407186582444,146534.17646582343,43035.599079533145,43475.77454498492,76037.12689047745,34592.36584447096
2024-06-19,15023.787521858832,17058.396785712852,146534.17646582343,42758.559037812556,43085.07629047566,74502.51142889519,32598.326233607404
2024-06-20,15029.469669492533,17162.80061894195,146534.17646582343,42830.72533065634,43001.697342719155,74228.73603054891,33397.11199452174
2024-06-21,15027.586676326127,17218.38120998415,146534.17646582343,42814.5788496476,43034.66095195769,74399.38526987686,33893.77933308977
2024-06-22,15028.785122940033,17214.347322352347,146534.17646582343,42847.78503448072,42891.18624987631,73656.63138647105,33990.92149145569
2024-06-23,15024.960468317277,17158.260760430003,146534.17646582343,42807.437309168265,42892.134842947926,73661.54215594812,33598.33197916502
2024-06-24,15008.992992562491,17050.215349838265,146534.17646582343,42646.38058633835,42683.6815154611,72582.40056336348,32849.2879011906
2024-06-25,15003.809305489354,17063.54668255684,146534.17646582343,42669.43073001735,41982.19693900374,68950.88653507523,33137.6787704797
2024-06-26,15024.78695009626,17244.920441144957,146534.17646582343,42880.576477273695,42362.3456124524,70918.87740300832,34320.424639240664
2024-06-27,15021.236255059117,17186.906221516714,146534.17646582343,42860.11892992415,42169.306922379285,69919.53581442595,34016.47028661905
2024-06-28,15029.444931139522,17273.54782753549,146534.17646582343,42885.853196358614,42308.2758073705,70638.9635428157,34392.85569908739
2024-06-29,15000.863377363132,17086.72379945301,146534.17646582343,42558.2390558276,42032.7095200671,69212.38500972885,33026.9234271511
2024-06-30,14998.929305324962,17055.76551221979,146534.17646582343,42522.89948499575,42156.97521244832,69855.69581122413,32771.12071406498
2024-07-01,15013.389828699132,17209.384995162236,146534.17646582343,42657.42167650758,42501.83817729082,71719.33282776961,33738.727308812486
2024-07-02,15010.08585344133,17167.17845616821,146534.17646582343,42604.17870110361,42545.50653254069,71885.0712976205,33275.78827377797
2024-07-03,15013.5092446668,17242.80748881916,146534.17646582343,42633.02333062532,42284.46680893585,70894.32355562299,33868.766759144884
2024-07-04,14961.293577425067,16931.24051396493,146534.17646582343,42139.33878885573,41646.375658100784,68519.96651346293,31677.06867248168
2024-07-05,14917.146649444037,16503.398822627147,146534.17646582343,41770.695453814085,40887.808324058155,64836.88940566553,28882.620864846136
2024-07-06,14916.052449383897,16438.106200912407,146534.17646582343,41768.9917943907,40798.833259463965,64202.17245075511,28413.299563617995
2024-07-07,14931.807134193374,16743.346058061008,146534.17646582343,41929.559578321554,41044.07400810365,65951.63407695889,30430.790121646485
2024-07-08,14904.808993692766,16377.557609305477,146534.17646582343,41653.4988668971,40677.84782346839,63339.10471516125,28017.033737633643
2024-07-09,14912.684811781894,16562.480992588542,146534.17646582343,41712.0519640908,40802.619432425425,64229.18168287896,29100.372702767803
2024-07-10,14917.855759474567,16651.10902165235,146534.17646582343,41742.21382967632,41034.26437815806,65881.65561191073,29644.27892928438
2024-07-11,14920.65693042595,16683.480184666903,146534.17646582343,41762.504754386995,40972.30882060699,65439.68635897504,29836.6874755437
2024-07-12,14915.147715945435,16622.349829407056,146534.17646582343,41713.99623546247,40877.99869411257,64766.91094061738,29324.036491001185
2024-07-13,14922.590507604757,16737.380148598088,146534.17646582343,41774.42192321266,40934.10289345049,65167.13865299803,29994.19253387458
2024-07-14,14943.198431635916,16927.35797501475,146534.17646582343,41905.05270194308,41127.33343439553,66639.14180374773,30895.900752174188
2024-07-15,14961.043231445872,17083.24801650388,146534.17646582343,42039.85323282396,41514.744608907626,68585.03420903403,31919.987867193347
2024-07-16,15057.993679555662,17506.169357333645,146534.17646582343,42825.00364531329,42680.66253914705,72917.56058017304,34722.20650954302
2024-07-17,15085.028822989967,17603.799556174992,146534.17646582343,43063.26389322324,42779.777126585934,73285.86829095279,35346.23791023804
2024-07-18,15075.691762501341,17548.127146493236,146534.17646582343,42906.155749580386,42417.348118517744,71939.08976186819,34926.08657340976
2024-07-19,15037.84117238667,17454.622860559342,146534.17646582343,42663.12673117214,42458.315481325815,72091.32361565715,34397.14809552488
2024-07-20,15103.225179672976,17666.161707502797,146534.17646582343,43256.235032419136,43253.089380031124,75140.91146091341,35828.356691822446
2024-07-21,15126.3986778619,17731.790217279093,146534.17646582343,43449.60636875555,43433.639454628705,75611.11763834221,36186.617731644
2024-07-22,15163.561543262087,17832.808865593128,146095.8887994252,43767.0776830789,43847.066126749014,76687.80384618831,36791.73419640422
2024-07-23,15098.3556662689,17639.183530076658,140310.45739191762,43118.49232802416,43629.7460630689,76121.83766395679,35380.3728894345
2024-07-24,15056.823052027981,17516.3258894127,137399.11459241546,42748.634960609925,43047.55456926207,74605.63758791352,34600.207315339976
2024-07-25,15044.581353552634,17439.281852868746,134958.9124000441,42637.64138095162,42846.26244954101,74081.41294623702,34034.21681910723
2024-07-26,15009.443091809966,17300.618379300882,131405.72398067126,42335.48179372458,43006.54188913155,74498.8283517874,33138.812226224036
2024-07-27,15054.320306750607,17533.967076315374,137465.79078134,42699.35805017662,43876.29355396847,76763.92077308279,34659.41699635402
2024-07-28,15044.761256689513,17485.009956319143,136162.2309926153,42621.68692472785,43811.7103680158,76595.72691849338,34331.59497570858
2024-07-29,15046.584061681246,17434.915102575127,134563.81346464285,42598.68203852649,44022.90210018217,77145.73309992446,33923.192079174936
2024-07-30,15038.5301448975,17417.727702169395,134216.0538323444,42553.4502130126,43479.366235923655,75730.20379816099,33817.70357476705
2024-07-31,15033.48716129218,17348.284177733745,131911.27626901318,42479.293458414264,43216.20158198096,75120.04069063588,33261.836287297825
2024-08-01,15009.292661656613,17230.68509672822,129625.090973304,42292.435482208755,42754.7674897884,73316.56060018443,32579.650611670517
2024-08-02,14994.942197855333,17182.578520733376,128380.18197646012,42172.76728078601,43035.27167244868,74412.88988593878,32246.93005375938
2024-08-03,14931.279408629527,16715.889964475686,118762.96266777378,41741.39184381632,41674.346436170366,69192.7419318206,29373.95220621775
2024-08-04,14923.168440547928,16533.857083926727,114852.19687921756,41680.41499997611,41571.25643923902,68422.97881629094,28127.544922041627
2024-08-05,14902.844962225008,16257.525792133434,109275.33956814263,41554.87714409309,41175.66707302399,65469.15097583742,26552.770087103447
2024-08-06,14889.84056779645,15856.462848885541,109275.33956814263,41476.51330437756,40539.31088517904,60799.00920315031,24226.100653600795
2024-08-07,14895.92964496604,16085.241260440376,109275.33956814263,41522.92254202978,40707.805008660784,63072.69547103057,25513.400692382518
2024-08-08,14894.649311220746,16040.690793513124,109275.33956814263,41515.819753246855,40626.65125156267,61977.59387764548,25039.899958485283
2024-08-09,14907.445928292891,16615.213801585618,109275.33956814263,41600.442742607716,41164.14425593915,69392.85578801093,28192.64645150737
2024-08-10,14897.195392588055,16472.963479782247,109275.33956814263,41503.32910377013,41044.99645791625,68489.27420423129,27378.19599899134
2024-08-11,14896.682689186326,16510.82116296776,109275.33956814263,41493.56777339756,41058.43296231286,68591.17267088036,27605.032758263995
2024-08-12,14870.462946446758,16220.241548987044,109275.33956814263,41223.36909852149,40725.91994989569,66069.4925444084,25904.744290431336
2024-08-13,14873.080874002491,16414.201069673283,109275.33956814263,41248.47493930321,40802.49183639682,66650.19103507113,27034.95234414092
2024-08-14,14874.223379877541,16432.87326431398,109275.33956814263,41258.22865263697,40923.24922126679,67665.49262445394,27124.293918250572
2024-08-15,14866.939817277385,16308.28984035414,109275.33956814263,41190.59975108775,40778.82927134045,65517.030978238785,26431.51816066463
2024-08-16,14862.286874451178,16170.783011560929,109275.33956814263,41146.77446552954,40708.26981009073,64467.35400251653,25623.146900017648
2024-08-17,14862.040332830546,16149.607012178634,109275.33956814263,41139.29884192258,40787.081839907674,65639.80021516536,25426.72044084425
2024-08-18,14864.008391090665,16228.080654688234,109275.33956814263,41158.556072906744,40831.15055605662,66295.3879403533,25887.360726377574
2024-08-19,14862.049412533746,16169.045849164671,109275.33956814263,41140.539221189094,40751.26569232594,65106.98172690401,25550.863716940134
2024-08-20,14862.471776374732,16263.702612977848,109275.33956814263,41141.98725702957,40803.00929724241,65876.74484243366,26120.96407538026
2024-08-21,14859.258286700133,16273.903328800452,109275.33956814263,41105.30519025045,40752.91620603939,65131.53557428932,26229.207661992543
2024-08-22,14874.98334345882,16451.354693915462,109275.33956814263,41256.68336070264,40885.210629740206,67303.32337552053,27206.31804290132
2024-08-23,14890.996935112693,16543.184107084955,109275.33956814263,41441.677049890524,40805.30097712369,66711.57565353441,27824.90678694294
2024-08-24,14942.85959585314,16890.662542053793,109275.33956814263,41979.703471669905,41251.53456956565,70212.95429068049,29948.63318917078
2024-08-25,14963.629953648953,16967.86848446705,109275.33956814263,42216.57457037304,41267.8944435684,70275.56660151304,30480.00706304139
2024-08-26,14947.599624848814,16910.526842923275,109275.33956814263,42077.65668480925,41314.40781083112,70453.58199505658,30219.759819625768
2024-08-27,14897.090533070948,16733.924538655585,109275.33956814263,41566.0400997687,40965.717947282305,69119.08038966465,29142.972332110323
2024-08-28,14837.370382014065,16426.81088234241,109275.33956814263,41012.40893149224,39937.260333060076,65327.966353371856,27365.383420296374
2024-08-29,14831.373501006816,16428.45439773482,109275.33956814263,40942.42088890469,39926.99334511102,65176.96019195216,27303.316908605724
2024-08-30,14817.05122577414,16368.915045896701,109275.33956814263,40747.6030488882,39970.14808307576,65811.67714686258,26755.35803148141
2024-08-31,14821.642943927956,16380.682540689882,109275.33956814263,40805.230426532,39965.891039292,65749.06483603003,26891.510451156377
2024-09-01,14817.368730600785,16307.554308816736,109275.33956814263,40747.18042477221,39951.951307686366,65544.04021036264,26390.297775645064
2024-09-02,14812.517668302835,16106.836368366532,109275.33956814263,40699.40000594365,39830.33340978574,63755.29242834236,25239.3329821672
2024-09-03,14818.516587314174,16272.582051470781,109275.33956814263,40767.57063002255,39956.37529436361,65609.10790593372,26240.721086412443
2024-09-04,14808.215554531738,16099.558483916002,109275.33956814263,40651.392331586845,39840.349983394575,63902.61551265426,25223.67740755217
2024-09-05,14810.312355865695,16176.714161507552,109275.33956814263,40672.91603399923,39864.22281716231,64253.735530264275,25734.490384728102
2024-09-06,14805.1287309307,16057.682698334254,109275.33956814263,40617.77873103765,39716.89571366566,62086.85849851013,25030.204879311557
2024-09-07,14802.42664241801,15933.086131904996,109275.33956814263,40598.70258486788,39569.15125293531,59913.843004909664,24404.82480709772
2024-09-08,14804.571388128807,16015.201421867907,109275.33956814263,40624.20400232846,39580.336426798516,60078.353782391285,24861.6445907592
2024-09-09,14807.672460174472,16134.223379963765,109275.33956814263,40660.57941224173,39631.587895097065,60832.15689712048,25569.596367018326
2024-09-10,14813.67238210099,16317.982155404152,109275.33956814263,40714.4973150187,39812.30357728983,63490.11087658095,26673.32980133738
2024-09-11,14818.561081510667,16375.450939352027,109275.33956814263,40774.297814386446,39850.25060666098,64246.36937604868,27066.5068447262
2024-09-12,14811.449474062201,16337.53497825594,109275.33956814263,40712.53549253036,39812.670390636726,63973.82167007167,26867.436317034928
2024-09-13,14827.806315791891,16429.51524805631,109275.33956814263,40893.86404243973,39875.6426445152,64430.52323143855,27486.60172793205
2024-09-14,14852.46809497703,16581.605015195113,109275.33956814263,41114.213557469906,40229.81334131146,67089.70490326828,28308.1655196921
2024-09-15,14846.937033846765,16545.158999928193,109275.33956814263,41071.11556590015,40105.85189570652,66469.72025678905,28114.005747163228
2024-09-16,14810.944501209573,16371.043785684082,108948.49408588502,40727.39628017978,39911.68654229362,65498.615592699796,27126.840653952913
2024-09-17,14795.855776049817,16273.730119178406,106538.89898677153,40549.24336434521,39647.74367838457,64239.00322183309,26504.274946068464
2024-09-18,14820.963266641693,16392.80773773123,109609.05950394462,40868.03366537823,39969.62060953607,66585.12333950003,27343.315747525532
2024-09-19,14849.783537427256,16559.140367315795,113862.3544506572,41241.67686640831,40170.65429430152,68236.36957616254,28476.408400552555
2024-09-20,14863.248649031813,16687.073495495,117133.49308766922,41389.30618612335,40415.899357288676,69173.09885391235,29301.95731722718
2024-09-21,14895.311191215971,16801.368246875685,120369.20800007327,41747.98532556136,40494.96919411022,69475.11117675173,30163.078243732572
2024-09-22,14913.860520376691,16879.65712027318,122200.74557443563,41924.71834221856,40539.9682882363,69646.98810844895,30605.36662865898
2024-09-23,14899.210044279062,16804.885754155475,120602.23619480162,41810.08506515975,40621.93092396595,69960.04966261172,30289.130859083263
2024-09-24,14920.991282030442,16900.074237523062,123067.9431440178,42041.214090885536,40636.073496405574,70014.06812685942,30854.857369695903
2024-09-25,14970.956274714856,17045.222073156547,126717.5835887816,42624.90050412557,40758.535316848705,70481.8189195497,31922.98727172329
2024-09-26,14949.520341988904,16994.370532677724,125298.65372814074,42379.47302370211,40541.896820841706,69654.35426266454,31532.253253726758
2024-09-27,15033.21578730959,17250.011155352957,131472.4511214413,43146.27998496243,41046.52951925564,71581.83128241185,32939.27243996786
2024-09-28,15104.076927674954,17440.1164572336,137041.97920928625,43920.11960674653,41246.4540660158,72345.45593609518,34299.42225169721
2024-09-29,15095.102249434836,17440.124006766655,136962.61356845943,43849.914916055466,41260.27521635452,72398.24670797361,34269.31009510325
2024-09-30,15092.386506766172,17419.95145347854,136462.6004285662,43847.758831882056,41184.74102264289,72109.73900119614,34243.3627958059
2024-10-01,14993.032146364809,17172.381860252568,130002.0223699537,42867.94671250997,40562.37426443593,69786.94503854525,32622.45071075876
2024-10-02,14923.865416597004,16919.910585550788,124750.06038934035,42134.46381410748,40095.19434099599,67440.8249208783,30854.16896821528
2024-10-03,14910.09595093872,16802.387577796377,122436.19618350401,42014.79514167216,40088.54213880255,67390.4895337384,30076.308607683226
2024-10-04,14878.554116142775,16702.38453763691,119605.54310323058,41581.98506894092,40117.097933584155,67606.56339072918,29227.12080241406
2024-10-05,14900.784945283523,16914.97416811718,124395.56810733242,41856.656295568064,40362.41817057157,69462.83425305907,30756.132861857724
2024-10-06,14893.115572662773,16861.163853127742,123245.14873630503,41753.92831597818,40353.98123120428,69398.99424985725,30331.72669758401
2024-10-07,14910.952462405712,17009.455546164907,126441.78149130386,41990.69833046786,40459.82058834349,70295.20967942128,31462.01997634074
2024-10-08,14910.820902804562,16952.71402620421,125168.25781834316,42033.97239444144,40325.04916841167,69592.96964420125,31120.400765131842
2024-10-09,14901.798519803413,16886.959317610035,123305.75906145581,41936.79271163826,40307.37809062342,69500.8927165063,30643.526056433217
2024-10-10,14875.77279504797,16758.90570436099,119641.20399572207,41627.85977034377,40005.10511814616,67990.83110230937,29707.459575193272
2024-10-11,14874.060109486802,16777.594920012263,120154.76660054029,41609.50355761568,39953.00629044989,67693.72954894706,29838.225356080755
2024-10-12,14902.53639891157,16971.659339226273,125670.25932632454,41984.4724299478,40113.998461305906,70147.88659510939,31243.221334654794
2024-10-13,14926.494430077166,17043.573301395743,128060.13204457708,42279.19210513876,40128.68381392791,70771.55431869642,31841.903126905177
2024-10-14,14935.705944079085,17014.34639606251,127639.65771088879,42409.35554745988,40093.8549351428,70587.40046330655,31719.491351309225
2024-10-15,14964.111948122221,17275.841994579874,134119.1540789749,42623.631571257494,40707.52838062214,74040.89909805125,33370.88828294504
2024-10-16,14932.332849167178,17200.93115880499,131492.3922725014,42186.58541165522,41257.04675278909,75538.68378855553,32647.80417253176
2024-10-17,14931.285329496339,17181.08369986418,130953.17814589194,42178.658408065065,41555.22803342393,76351.4161370095,32526.2722010048
2024-10-18,14900.930191770418,17073.766724190307,128001.96724923543,41844.73348331581,41542.16571146259,76315.81305830077,31746.014187504195
2024-10-19,14928.955553499261,17215.96949185682,131864.17195083707,42139.579381108924,41880.43480777191,77237.8100276194,32762.821300436153
2024-10-20,14930.710777949089,17220.94681771229,131935.7036851779,42129.91980610098,41832.68976887872,77107.67463647723,32754.214335283334
2024-10-21,14960.815423685579,17361.374064893243,135333.23115091375,42411.14865948061,42067.361139287714,77747.3023608647,33663.883735702424
2024-10-22,14925.193393070771,17247.091282224243,132169.4606059452,42056.97501894811,41570.99290475659,76394.38536993379,32824.902386191316
2024-10-23,14921.559756424738,17226.169209098378,131491.37447244406,41995.197098269244,41661.528308695575,76641.15153615622,32643.167713242234
2024-10-24,14900.063737014692,17126.960047706627,129176.40563032303,41861.677038037094,41373.706800650754,75856.65611219537,32051.542718330416
2024-10-25,14908.671907043292,17181.775380038292,130293.98029624777,41883.306887603416,41902.95605253285,77299.19464608269,32322.325981221464
2024-10-26,14861.625953730358,16814.26108734782,120497.45212572442,41420.28292519269,41330.38166133822,75778.08380056235,29773.824748411946
2024-10-27,14874.064765873603,16905.28497797546,122745.0622036246,41537.232335930625,41486.30430402972,76292.48690328473,30359.41690172569
2024-10-28,14881.432594928461,16964.891402453974,123738.61284514007,41572.13504337711,41786.98567704818,77284.4623376515,30697.203499338222
2024-10-29,14890.112499624633,17021.227002171927,123738.61284514007,41627.88543414135,42366.365230216936,79284.37320718549,31032.630050053158
2024-10-30,14925.751314974643,17231.072961268932,123738.61284514007,41994.74231007915,43614.177163360466,82352.37643798073,32497.908837167848
2024-10-31,14919.00166865803,17208.906698847288,123738.61284514007,41953.36291071011,43308.58728773949,81775.3610244258,32359.872301890802
2024-11-01,14865.661670173427,16955.996232437174,123738.61284514007,41466.03849352283,41949.687628063235,79209.48397266028,30768.52402106255
2024-11-02,14858.697158851162,16942.88498851622,123738.61284514007,41404.65379953933,41696.90498333202,78784.7024128943,30597.554372108232
2024-11-03,14850.89339757609,16880.491059066615,123738.61284514007,41290.31448221367,41699.4335047615,78790.84087474064,30119.556025975082
2024-11-04,14815.514947141004,16693.90609998302,123738.61284514007,40939.78017450819,41272.61908746393,77754.6685150803,28891.854032765666
2024-11-05,14804.237840348671,16599.984538740835,123738.61284514007,40813.31491285095,40792.20001586121,76588.3607642778,28266.42696665438
2024-11-06,14842.521640976553,16808.81188411096,123738.61284514007,41188.31344570786,41367.18578892678,77984.246988133,29653.250892817476
2024-11-07,14960.489218878174,17472.459217812404,123738.61284514007,42253.17091304955,44761.1309060205,86290.81355858542,33651.33177781503
2024-11-08,15021.578630812008,17637.271742688696,123738.61284514007,42677.754592127414,44754.12573522126,86277.3089425235,34500.21562702271
2024-11-09,15109.748592102813,17772.26900310836,123738.61284514007,43277.137252482134,45474.384660125004,87665.82901216311,35111.62320680337
2024-11-10,15250.516772900308,18054.055637758553,123738.61284514007,44588.10310616186,45544.43636811741,87800.87517278235,37106.212086369116
2024-11-11,15565.96193576714,18613.377999950284,123368.50732317056,47423.89707634617,47560.015057171644,91686.52152150862,40642.84621618554
2024-11-12,15869.593577896001,19088.45946468834,133422.14693812534,50215.63380282704,52424.78776038974,101064.86353033008,44075.359263410304
2024-11-13,15886.23187439538,19117.62625152939,133275.08463075772,50187.56182212199,52520.94965045204,101250.24507808922,44145.6539906965
2024-11-14,16015.617096657455,19295.52096006303,137800.9521924496,51558.937456587184,54354.39389872602,104784.77140920547,45906.91532873803
2024-11-15,15961.56247103464,19202.809398498,134972.74170933754,50762.10471910311,52809.43532063896,101806.38972136662,44864.94503181108
2024-11-16,16274.384464888932,19645.552923447245,146502.60636307116,54051.15943213407,54864.497699652544,105768.15299698737,48846.902653226454
2024-11-17,16392.61827036337,19822.655712401236,150114.26075290164,54956.96196072982,54537.80200692432,105138.34681155402,49843.86769332244
2024-11-18,16362.249659389798,19747.62039547203,147447.02094447234,54426.22944944173,54172.259457945765,104433.65139159544,49061.76962407922
2024-11-19,16427.93884997883,19890.3237589091,150845.82032104552,55036.51603348481,54388.7829190132,104851.06679714582,49989.030554510515
2024-11-20,16398.903753022365,19819.422219861008,148683.10590414325,54649.22773432167,55501.33140867442,106995.84536625317,49436.06818505237
2024-11-21,16379.49622983612,19770.01081188445,146450.52385857212,54200.89307922349,56846.32420212862,109588.73165014254,48889.89587175388
2024-11-22,16594.565366401443,20128.033173956006,155057.39773511357,56508.216762421675,59592.98798913996,114883.76883878595,51861.542479255164
2024-11-23,16812.9287162539,20451.75247875294,163137.72906705987,58863.84254555055,60334.89926015045,116314.0304489806,55094.7719308715
2024-11-24,16834.700509631428,20556.861229259062,166757.60986107466,59235.91815658668,59354.81218196578,114424.61189268054,56036.89567731499
2024-11-25,16852.085427935857,20633.97063689094,169110.83930900178,59520.289461465436,59488.547260860374,114682.42729022636,56433.31380333141
2024-11-26,16685.166555141186,20398.414588734755,162213.18063049988,57514.993867876066,56607.957769397544,109202.00855382382,53829.763038626355
2024-11-27,16660.2484345526,20339.24656409907,160846.0301586039,57286.33698565555,55954.6371432421,107582.68231876222,53472.74987234065
2024-11-28,16799.225095272923,20601.78767504606,167846.64518072625,58972.17456052768,57539.15017058952,111510.07020804353,55793.05527673835
2024-11-29,16805.927512230177,20658.982955779877,169983.1869970446,59194.888899641635,57416.3120240493,111205.60250046561,56462.8014199084
2024-11-30,16924.678443757057,20828.607964324663,175676.65445009645,60824.9790816721,58179.59260396252,113097.4764415042,58766.5073619798
2024-12-01,17012.237139366498,20988.020538111567,182081.5406022306,62265.237976947355,57691.707223550766,111888.19945777739,60456.24635215419
2024-12-02,17213.57541828141,21255.020135956227,189343.24909249585,65377.87157477212,58164.733150752014,113060.64567042624,63866.09421433206
2024-12-03,17383.611641787385,21470.015005531124,198778.82046722597,68964.31996638534,57748.66846085772,112029.38408024296,67334.98310407042
2024-12-04,17453.690270374973,21549.90057463632,202820.8878875361,69824.00432893267,57746.687200429646,112024.4733107659,68529.35091354356
2024-12-05,17474.928330834424,21614.312287994366,201849.9839238715,69750.64148813665,58947.43705875382,115093.7042339304,68219.40876705339
2024-12-06,17422.954184107297,21554.07718373285,199666.5007586307,68933.72600228792,57673.51646865019,112606.39949379789,67358.33868757023
2024-12-07,17614.976680983,21814.017487519923,211669.3530785117,72184.11388113235,59374.38280440059,115927.30735266188,71582.83027600609
2024-12-08,17650.108777295532,21872.740047712734,212765.1627453092,72761.50477799748,59341.68592844532,115863.46734946006,72065.97156255473
2024-12-09,17675.195817637392,21907.05478224568,213973.96220785033,73214.9353457124,60169.16840454422,117479.11050741385,72566.42592288036
2024-12-10,17248.989384819088,21306.445101002268,188955.58642927013,65835.4083411015,57979.412510840484,113279.17491215555,63883.18534053088
2024-12-11,17217.77893133744,21242.284195946348,187223.26382163857,65352.08654241193,57769.11850095719,112751.26719337126,63266.96142607971
2024-12-12,17403.15138408056,21575.748567746014,199125.58421998686,68195.31019270192,59889.36361593906,118170.3013113105,67332.1995573188
2024-12-13,17400.645411364654,21567.180857165094,198414.4304134201,68028.7186889252,59385.38056558364,117175.8704922052,66995.37103978392
2024-12-14,17444.06874977499,21630.170809593532,201433.83015064755,68895.98840412742,60071.046394585705,118528.78748313611,68236.38010948116
2024-12-15,17349.492252165874,21475.989325811384,194842.47279866724,67169.024839967,60044.2917388261,118475.99671125769,65818.79788810262
2024-12-16,17419.53557027494,21581.968952840252,198652.1478182699,68255.68369788256,61655.79309736997,121655.7199476561,67091.90742393084
2024-12-17,17373.576436771185,21487.398560720907,194346.34331807384,67268.04719389103,62705.446684962066,123726.83697460752,65488.45341221044
2024-12-18,17366.503650228686,21458.72848428694,193236.39101084066,67185.9189686006,62941.88317772139,124193.36007492853,65205.64273746311
2024-12-19,17175.368902886283,21077.46357794889,179592.1015524672,64003.897918273185,60308.727289938506,118997.76596819566,60418.820248096046
2024-12-20,17007.41762217596,20711.136551868884,166593.5136756943,61374.40777235868,58426.95910972922,115438.6857896941,55925.553473391505
2024-12-21,17050.695434901532,20835.19539844021,171164.55825266853,62125.10008746478,58380.294012474085,115272.94731984321,57625.30430455583
2024-12-22,16993.380397355646,20646.860563539834,164643.5062751646,61244.66428437152,58249.977407546794,114810.10729663,55276.69842763955
2024-12-23,16972.68243392017,20591.686304540657,162971.41686533348,61079.63188229384,57444.91806304901,111950.81176860994,55006.292835587956
2024-12-24,17045.297916878637,20836.99046597111,162971.41686533348,62316.67810319068,57429.017363243554,111894.33791962372,58225.13519966746
2024-12-25,17105.610688462362,21019.298667937554,162971.41686533348,63375.25947658227,58708.678030195384,116439.25507064573,60793.67392173036
2024-12-26,17074.735951474213,20930.91867308683,162971.41686533348,62732.640274218415,58966.2002335663,117353.88588574874,59376.40071795538
2024-12-27,16962.450531247185,20637.202172362413,162971.41686533348,60934.35816763933,57679.62621887297,112784.41488734142,55594.84698150547
2024-12-28,16951.233725533515,20608.51717458153,162971.41686533348,60776.776676528854,57163.54480996991,110951.47018002758,55197.249189048
2024-12-29,16988.857765808003,20745.862842522816,162971.41686533348,61421.93641462654,57455.633752048336,111988.87023205719,56935.362345909605
2024-12-30,16939.954282864433,20573.596821737257,162971.41686533348,60590.87218756223,56938.16967359699,110151.01475526628,54716.44050939103
2024-12-31,16943.144719352975,20581.631905501006,162971.41686533348,60668.656535043905,56694.81983309615,109286.71932730316,54782.49604972141
2025-01-01,16953.906985913356,20598.648816965593,162971.41686533348,60848.06709735829,57081.96730662021,110661.73478088086,54944.803884288965
2025-01-02,17028.383555242483,20815.475251491793,162971.41686533348,62145.6189461856,57438.69605008166,111928.71330596316,57856.976114719706
2025-01-03,17103.783216222353,21044.116772321235,162971.41686533348,63215.050125489084,58551.74503646331,115881.88273499905,60391.59371969427
2025-01-04,17243.156713643875,21377.317535673814,162971.41686533348,65558.34444587679,58842.7969763805,116915.59970992085,64620.63758351345
2025-01-05,17255.818833113197,21395.210064980478,162971.41686533348,65652.49873670908,58866.30235870161,116999.08279103093,64744.3317087413
2025-01-06,17241.90626399422,21380.604151493124,162971.41686533348,65416.718962705694,58882.77171445068,117194.28587774419,64546.460728295766
2025-01-07,17245.023656270456,21384.35041330624,162971.41686533348,65280.21110816904,60342.205126480614,120926.47068031222,64380.251496548495
2025-01-08,17045.694745818677,20958.07330076031,162971.41686533348,62186.66742359489,58117.52932669552,115237.3442411345,59060.102917234406
2025-01-09,17022.45496610385,20857.62036133624,162971.41686533348,61823.488176363,57328.886253719946,113316.00568323352,57771.09215641679
2025-01-10,16960.34467105613,20678.902943778085,162971.41686533348,60841.17121162608,56528.5078207972,110470.2147712754,55609.08306584861
2025-01-11,17022.07305024952,20833.103193640993,162971.41686533348,61783.77294761802,57404.15911755824,113583.64261973347,57538.268340658346
2025-01-12,17045.853695392532,20891.66924579959,162971.41686533348,62252.908936881926,57291.595110167036,113183.41490735281,58414.26662740936
2025-01-13,17010.79338628161,20807.561032545425,162971.41686533348,61635.20553303414,57317.14644926811,113274.26414267848,57177.34746725919
2025-01-14,16990.944909726426,20714.526421384762,162971.41686533348,61334.53881794872,57270.18723146073,113107.29798045833,56090.21285577246
2025-01-15,17035.95477539943,20853.421502606147,162971.41686533348,62071.71087494088,57818.15986866885,115055.64577048316,57863.945217957254
2025-01-16,17175.9330278605,21250.362845340263,162971.41686533348,64388.88588648119,59118.86114425989,119680.36292550743,62819.482921362054
2025-01-17,17183.31792256436,21239.037305079968,162971.41686533348,64730.557591486344,58950.36042153931,119081.24904930573,62986.663680633195
2025-01-18,17284.539221346324,21578.176782110426,162971.41686533348,66528.57018194982,60284.370242673256,124095.14468538726,67343.76016765411
2025-01-19,17235.087923086423,21456.165298451037,162971.41686533348,65178.5738311123,60505.03918796203,124549.3908620156,64898.37236835207
2025-01-20,17073.172147068988,21094.67377759023,162483.96497042224,62326.255977899265,58777.26098660642,120992.76606825257,59706.5272361079
2025-01-21,17062.02196306527,21069.497196074808,161920.0501221033,62305.43751678709,58545.260392775795,120515.19373660818,59529.11927816402
2025-01-22,17125.951921593158,21235.241760339395,167553.80309074928,63131.782022460466,60844.98864421771,125249.17551249711,61578.81937460424
2025-01-23,17081.0018601231,21101.312747929525,162414.48346962564,62388.769326498135,59447.02105568559,122371.46459893808,59841.20772244175
2025-01-24,17072.912271224734,21098.32679200719,162190.29720738463,62243.86263013611,59546.620282342956,122576.48922460547,59695.554131601966
2025-01-25,17050.21529578079,21022.351159941067,159268.90302963136,61847.43779438533,59637.27347067781,122763.09846473386,58640.53587493326
2025-01-26,17055.300361049314,21029.939000756654,159575.58821450625,61938.240800410655,59587.772058626535,122661.1999980848,58770.635913227045
2025-01-27,16994.64195839187,20878.291580512076,154311.17461306206,61058.71790464295,58463.913867508294,120428.0275783903,56843.1498490877
2025-01-28,16977.279611750964,20814.431342134812,151722.92588603235,60781.239478414966,58348.87444137577,120123.55987081239,55987.641355851825
2025-01-29,16919.801539088854,20589.993824036123,143146.99433534077,59878.265661082216,58041.79339258653,119310.82752235844,53063.01567011738
2025-01-30,16947.84105998256,20703.675635334886,147150.10317731535,60253.289306987164,59123.99896180903,122175.03381985554,54449.199846228374
2025-01-31,17000.657142285785,20940.88495967309,156284.23630499744,60979.28492268518,59673.21944786108,123628.62158506626,57555.23038432525
2025-02-01,16982.437964647957,20942.286986141487,156413.45142606634,60760.88770198976,58826.659154748755,121388.08301115617,57438.32863459186
2025-02-02,16886.683383211,20643.31069735543,146140.17973400376,59228.404521208824,58111.37369065055,119494.9813777483,53459.00765155281
2025-02-03,16785.966299145104,20278.284612334697,133176.46153677005,57525.4940621916,57152.22241965849,117105.89202715705,48509.338138386884
2025-02-04,16826.002884638045,20456.70386542544,133176.46153677005,58170.12956291858,57947.62881399199,120769.3260570462,50665.01909193315
2025-02-05,16769.54534630758,20157.44988122106,133176.46153677005,57223.54987165454,56876.60237550941,115836.45811733621,46905.34599064934
2025-02-06,16740.225589175207,20036.22566941954,133176.46153677005,56747.72020564341,56510.61947355904,114150.83649433426,45383.321136729144
2025-02-07,16723.356718455052,19873.797644215698,133176.46153677005,56440.13030326239,56527.679128129195,114229.40880596728,43509.91519391252
2025-02-08,16728.571365270247,19893.21715727167,133176.46153677005,56534.547823079854,56671.35340646222,114891.13499300154,43809.72039384226
2025-02-09,16733.024203827168,19967.855656217984,133176.46153677005,56607.773498290684,56670.8202922569,114888.67960826302,44653.10165225915
2025-02-10,16728.08804752717,19942.027397867372,133176.46153677005,56502.16071895406,56678.017334028686,114921.82730223319,44281.750545826035
2025-02-11,16735.9497243765,20025.99881280654,133176.46153677005,56611.111996196894,56925.85594075548,116151.97505623753,45146.458916530246
2025-02-12,16722.64260013063,19978.243815777947,133176.46153677005,56480.12014005912,56194.12631228289,113530.85184785504,44720.25058143344
2025-02-13,16741.9423564131,20160.61554179267,133176.46153677005,56738.600017889716,56649.07648336759,115598.28579769864,46633.63988415842
2025-02-14,16722.343297053318,20039.44304352098,133176.46153677005,56490.14573098987,56147.33068837522,113403.17184145139,45422.38819916936
2025-02-15,16738.00863565272,20154.70383795494,133176.46153677005,56738.77027463631,56270.15644521103,114147.15341722647,46692.99808619499
2025-02-16,16730.99365323129,20074.356624771382,133176.46153677005,56630.52598169198,56292.65423235423,114283.42727021498,45831.86326888205
2025-02-17,16716.648170681656,19987.464307522227,133176.46153677005,56432.068985381076,56010.11445507845,112572.02410745845,44944.13836058545
2025-02-18,16704.57591408969,19962.277339875905,133176.46153677005,56239.62627312551,55951.539135399325,112217.22101274063,44634.29823339604
2025-02-19,16696.124753725628,19801.81540448827,133176.46153677005,56093.4095808968,55970.793998269626,112333.85178782088,42931.207487405896
2025-02-20,16711.065448810965,19900.92100488919,133176.46153677005,56271.97240998728,56215.837463640084,113818.13186226324,44011.381337945815
2025-02-21,16713.74726800238,19978.25066895125,133176.46153677005,56287.80458165561,56388.29692158066,114973.39038174236,44770.41204218203
2025-02-22,16699.436764723312,19800.811385754823,133176.46153677005,56124.64424240249,55928.396897274,112946.47028008451,43003.6017137237
2025-02-23,16703.890581621752,19925.740661920296,133176.46153677005,56183.128545703614,56000.35763730027,113382.30107117388,44163.120651825026
2025-02-24,16702.455670709107,19875.272064392084,133176.46153677005,56159.54733731925,55917.65346284755,112881.40258451343,43653.691279813946
2025-02-25,16654.660507153283,19316.138411795993,133176.46153677005,55614.154157686076,55023.11051711258,107463.59615894344,38470.312735288695
2025-02-26,16647.73618432281,19321.1165293727,133176.46153677005,55589.50428130763,54367.15289816893,103490.7836519993,38655.683866249004
2025-02-27,16632.708203443734,19182.607563428515,133176.46153677005,55470.93240125793,53537.881384232445,98468.2941693329,37683.15123699968
2025-02-28,16636.572885493286,19216.82154335033,133176.46153677005,55497.97508796099,53785.79120128068,99969.76193694498,37923.96342939293
2025-03-01,16633.997757983856,19205.370674301383,133176.46153677005,55465.433822376275,53759.439380989366,99810.16192894043,37828.81214047227
2025-03-02,16641.716124288705,19263.026950805553,133176.46153677005,55552.694152926546,54113.7700107525,101956.16819041705,38404.017959753684
2025-03-03,16701.693629410343,20145.5171959286,133176.46153677005,56233.675776784316,55633.428941534876,111275.58096551376,45465.286937549274
2025-03-04,16535.08431012879,19261.6178772697,133176.46153677005,53798.99872384754,53301.54414396305,100847.56198097003,37155.88619319984
2025-03-05,16531.744531906945,19226.08752850686,133176.46153677005,53749.14986003498,53325.34260600591,100982.60814158927,37011.07237558989
2025-03-06,16535.753405221116,19343.91517463701,133176.46153677005,53770.7138637485,53700.49290766324,103111.42670989617,37991.71024266835
2025-03-07,16536.625232451766,19292.800146771802,133176.46153677005,53801.432147483225,53585.39489123781,102458.29436944677,37464.25127973291
2025-03-08,16520.743838457263,19089.216255185194,133176.46153677005,53639.925752478,52849.806064458724,98284.14031394303,35563.45214503706
2025-03-09,16517.125245586394,19022.814425785837,133176.46153677005,53595.61790740218,52756.775712836665,97756.23259515874,34898.523790855004
2025-03-10,16492.54062990069,18605.615470007084,133176.46153677005,53357.12419176442,51560.15572347518,91239.64149909587,31445.22008772382
2025-03-11,16488.859790711165,18345.802960811223,133176.46153677005,53301.47606580404,51560.15572347518,88958.58907700001,29374.78491759042
2025-03-12,16494.394967925582,18543.70370753648,133176.46153677005,53368.26432651759,51560.15572347518,93335.31237343259,30905.641064243282
2025-03-13,16497.343288125554,18657.132294330015,133176.46153677005,53403.8391908001,51560.15572347518,94409.54319654017,31819.416602640158
2025-03-14,16498.109764277982,18527.901886315914,133176.46153677005,53413.08760455744,51560.15572347518,91750.36152471045,30833.35385729972
2025-03-15,16501.45821008587,18707.442166761797,133176.46153677005,53451.35814290634,51542.96900490069,94835.5524486754,32179.078612074518
2025-03-16,16504.97599170428,18768.56831478224,133176.46153677005,53506.7981940956,51568.77789527366,95262.7893931799,32636.718434164748
2025-03-17,16484.071006902475,18565.4752258314,133176.46153677005,53197.75703614533,51428.03230065422,93212.543136506,31059.024349335272
2025-03-18,16486.44252473659,18705.317808459535,133176.46153677005,53235.01443150183,51428.03230065422,94462.33396841859,32135.456065971368
2025-03-19,16481.0278895648,18623.65351048646,133176.46153677005,53149.06486428864,51428.03230065422,92828.27542492581,31525.865419742073
2025-03-20,16493.31829689985,18920.911321642663,133176.46153677005,53318.278273333824,51393.74694578711,97755.00490278949,33687.13691536123
2025-03-21,16466.02870638655,18766.9391494011,133176.46153677005,52962.4586062822,51078.56350848138,95198.94938997808,32577.85236384946
2025-03-22,16452.533118443374,18688.64702204321,133176.46153677005,52761.6366187912,51090.497348890145,95399.0632461684,31953.907148565464
2025-03-23,16451.811367560837,18698.280022922703,133176.46153677005,52746.38205368712,51075.195676218784,95142.47554099186,32001.07060998653
2025-03-24,16457.64933045152,18784.053570582626,133176.46153677005,52818.29422838714,51218.18211988946,97540.15873816797,32611.25528541734
2025-03-25,16464.865867257642,18987.05169683275,133176.46153677005,52905.01465413759,51316.40740866687,99462.7249884382,34099.146240784015
2025-03-26,16473.16546727872,19051.358756712052,133176.46153677005,53018.71624722256,51329.079679537885,99573.21730167214,34598.89431729216
2025-03-27,16468.98325099657,19028.007165280094,133176.46153677005,52969.7494161965,51306.410394979735,99375.55883022034,34452.81836576818
2025-03-28,16468.118211322995,19026.89370352297,133176.46153677005,52965.46975914037,51279.93942916028,99144.75266479836,34473.29841999626
2025-03-29,16410.03691750839,18710.48940850094,133176.46153677005,52160.77208375918,50855.288112197326,95729.31249350091,32107.104707834886
2025-03-30,16403.75283175163,18500.111275891133,133176.46153677005,52065.88158188628,50855.288112197326,93730.62931633618,30523.262297879577
2025-03-31,16402.872202090344,18478.020879683743,133176.46153677005,52051.68548259582,50855.288112197326,93493.68468906789,30328.466385750045
2025-04-01,16401.33461908901,18416.826327334053,133176.46153677005,52029.092392525905,50855.288112197326,93654.5123894417,29881.18675393878
2025-04-02,16403.157753219162,18568.588592408305,133176.46153677005,52055.88134218023,50855.288112197326,96848.96793427132,30927.533599797625
2025-04-03,16398.545004215164,18261.929399211094,133176.46153677005,51988.10207197049,50855.288112197326,92855.28465704966,28616.77602205424
2025-04-04,16399.06485370609,18225.459995871908,133176.46153677005,51995.74068813698,50855.288112197326,92483.29386916212,28288.635235676466
2025-04-05,16401.755623958423,18335.010248689967,133176.46153677005,52035.27859575934,50855.288112197326,93925.83240304944,29101.39119739528
2025-04-06,16402.143680620666,18306.97860847278,133176.46153677005,52040.98066134841,50855.288112197326,93517.01084408392,28988.93455005735
2025-04-07,16394.424889482973,17850.53722613046,133176.46153677005,51927.561520233,50855.288112197326,87538.14900575948,25662.234536772226
2025-04-08,16394.424889482973,17949.622557055554,133176.46153677005,51927.561520233,50855.288112197326,89040.84446574081,26308.916039759948
2025-04-09,16394.424889482973,17751.856296035345,133176.46153677005,51927.561520233,50855.288112197326,85287.78889289526,24932.058900631586
2025-04-10,16393.970155926178,18303.842258006043,133176.46153677005,51920.637845363635,50855.288112197326,92617.1123374121,28608.78498918416
2025-04-11,16385.188500381093,18008.581347019834,133176.46153677005,51787.3761535615,50855.288112197326,86805.21666130779,26707.71148328306
2025-04-12,16397.64692935263,18206.013943625687,133176.46153677005,51988.86978936223,50855.288112197326,90127.35221254105,28089.863932503868
2025-04-13,16414.6135998798,18471.252667298544,133176.46153677005,52283.86851542844,50855.288112197326,92220.56770213925,30081.29707045158
2025-04-14,16398.296738471297,18333.309747687763,133176.46153677005,52028.23108631363,50855.288112197326,90640.52762289415,29068.18932609966
2025-04-15,16397.47345134172,18335.75608037738,133176.46153677005,52012.11422390027,50855.288112197326,91669.3338283389,29052.354794770818
2025-04-16,16375.559816049268,18181.51061570251,133176.46153677005,51643.20879369092,50855.288112197326,90957.27225416474,27766.2356989023
2025-04-17,16375.120391248556,18148.31136359498,133176.46153677005,51635.3201473348,50855.288112197326,90515.30300122904,27499.150341842258
2025-04-18,16377.05316704048,18220.11521561345,133176.46153677005,51659.499706410934,50855.288112197326,91712.3030612632,27962.796014932625
2025-04-19,16378.446896105785,18241.350944068603,133176.46153677005,51684.166855556985,50855.288112197326,91044.4384123826,28171.891155213267
2025-04-20,16393.704969273465,18347.002753449233,133176.46153677005,51931.49758679932,50855.288112197326,91659.51228938477,29041.820427810584
2025-04-21,16396.475682777633,18332.791879612047,133176.46153677005,51967.86745521469,50855.288112197326,91382.0538139307,28932.85094755316
2025-04-22,16391.233463511133,18340.826041409935,133176.46153677005,51884.42544068462,50821.384586789194,93297.25390998535,28880.547743303883
2025-04-23,16455.227622906983,18883.737558771467,133176.46153677005,52783.849505256294,51744.88746591781,101187.63276725665,32867.30518048312
2025-04-24,16466.017547931293,18929.254872165475,133176.46153677005,52971.60405776459,51824.18069569841,101536.29740012815,33294.749780977596
2025-04-25,16498.001559175376,19033.29660536853,133176.46153677005,53468.95849051171,51817.2006578656,101505.60509089651,34243.569487946304
2025-04-26,16529.815338553646,19132.25699782047,133176.46153677005,53998.911455643814,52002.311261191426,102319.56513171973,35291.61146989366
2025-04-27,16535.786077638975,19150.531390190503,133176.46153677005,54095.356017880316,52013.20012021059,102367.4451341211,35491.21408487084
2025-04-28,16499.1735902501,19048.43090893964,132778.12715530422,53500.412191271374,51794.47049606616,101482.27893588046,34434.492064541555
2025-04-29,16503.903792246078,19071.508203510573,133603.47974671584,53564.54988733672,51929.65031323684,102276.59589879542,34595.41211693992
2025-04-30,16484.763309240538,19003.563191324603,131327.36797823818,53276.98654433059,51822.67648573856,101648.01740573134,34030.00151682094
2025-05-01,16489.577161344816,19011.94587375514,131748.50084274184,53363.282944870465,51906.876588242085,102142.77743054545,34201.6803833652
2025-05-02,16505.284907568046,19090.332872369843,134014.63493476147,53547.94229261357,52358.18848340269,104890.35295296232,34733.34495420037
2025-05-03,16497.908821510355,19070.64655757025,133358.3133456601,53424.88200908771,52449.187687330676,105300.4022042971,34547.64087497604
2025-05-04,16454.683248888177,18927.535164615983,129243.33124742233,52721.23641261518,52196.98344186043,104243.35907435924,33251.828197076626
2025-05-05,16431.277496262806,18831.628777264035,126298.09669088648,52407.431777200516,51617.31734856833,102281.50666827249,32464.262481143876
2025-05-06,16436.43811471976,18841.94428770524,126627.57505182794,52483.82303404712,51712.58627886456,102847.47285050403,32540.455693776486
2025-05-07,16440.33480398913,18868.15639926754,127349.80093096007,52523.07655582876,52050.47066288701,104854.74987425361,32725.622121456632
2025-05-08,16443.691537530838,18888.086243084937,128067.45978270858,52574.91502103343,52105.858367022636,105383.88528540717,32906.70222901899
2025-05-09,16552.93682188674,19532.962583128283,149205.21724758626,54118.921653547,54140.00981071323,112784.41488734142,38329.63902715586
2025-05-10,16619.060015654144,19690.9527806536,155231.36334979086,55192.553261621986,54006.71687437319,112299.47640148143,39846.85361186407
2025-05-11,16798.324943799533,20110.153315230258,169943.3663863181,58054.0951841331,54540.22607020511,114240.45803729066,43627.15996369511
2025-05-12,16726.096786280745,19954.49729466431,164105.4259791124,56915.643940258946,54423.468206980666,113815.6764775247,42129.03107610978
2025-05-13,16800.498116929866,20097.39111231286,170293.21374376531,58265.14403236177,54385.33630367326,113676.94723979766,43877.30129370213
2025-05-14,16852.15101083747,20207.70974796185,174278.83406452098,59086.320979111166,54542.92567397909,114250.2795762448,44943.958643891754
2025-05-15,16782.713476481596,20058.036068129644,168622.73212565406,57924.43803515754,54374.20043810561,113636.43339161189,43439.01562009205
2025-05-16,16683.970859894558,19836.38550899861,159597.02272851183,56147.26620046397,54420.70961159008,113883.19955783432,40986.12284410235
2025-05-17,16664.51057564812,19787.334853636385,157842.51515929642,55806.46130986314,54392.799250814125,113751.83647432287,40542.24115438177
2025-05-18,16631.013135665184,19692.133712717805,153855.6249582699,55223.19673174154,54329.674883451684,113454.73492096056,39457.66711298546
2025-05-19,16706.51275567199,19905.87160727731,162443.0796823885,56500.59103751888,55000.92726538298,116781.78124167088,41818.783914948115
2025-05-20,16664.150925414586,19774.928208756963,157257.73184952402,55757.479662901824,54575.475800812506,115427.6365583707,40412.27709828572
2025-05-21,16664.14785783633,19779.92439050758,157258.97148694107,55732.33467013327,54822.72366009599,116214.58736707008,40386.053287931834
2025-05-22,16700.597815892957,19893.52518654456,161917.25164663733,56326.2048684672,55611.13961075967,118723.99056984938,41678.85640283315
2025-05-23,16770.182149092805,20125.42682806889,171050.93104642179,57471.78731407995,56430.79905066198,121332.8368545392,44151.29537286127
2025-05-24,16654.408784524585,19786.373436752456,158522.83692126148,55592.87550217851,54699.25420532873,115937.12889161601,40775.10837279242
2025-05-25,16660.047364854454,19808.9356100065,159355.90967379577,55682.358949392175,54820.07086661578,116512.91661280167,40986.750565021954
2025-05-26,16658.923488761866,19811.91377403747,159183.13392871444,55630.297125189856,55083.085389375,117766.39052182205,40936.77761271736
2025-05-27,16659.99919505451,19794.068025479453,158601.47734931324,55648.44872745041,55142.592103143244,118049.98745912245,40823.504592381454
2025-05-28,16673.336283030105,19864.214712313034,161074.7616106213,55850.31464504408,55128.68144278183,117983.6920711821,41443.68644057227
2025-05-29,16677.6552240105,19862.76853221957,161124.4128965438,55934.14222285652,55108.33066188274,117886.70437401009,41493.785717163955
2025-05-30,16624.845002765556,19661.088284306155,153888.2180668244,55117.556631397994,54283.769275246144,114040.34418110034,39512.684878174
2025-05-31,16555.045927307416,19344.403617390934,141725.46470740353,53923.928516568034,54065.332749672576,112664.10103515338,36117.273476776274
2025-06-01,16554.97446320929,19360.766407249906,142287.6495500947,53899.40530366433,54189.84741500845,113448.59645911423,36192.01550118736
2025-06-02,16559.346187419127,19400.707875282144,143447.05584450235,53963.8267116389,54351.969796165635,114470.03651034337,36558.14814213002
2025-06-03,16566.524067353672,19425.801600951076,144747.3053505152,54099.24788934771,54209.9178540219,113575.0487731486,36910.77891479134
2025-06-04,16573.809732303976,19465.390303808053,145939.49189635896,54212.88442335605,54237.0032037585,113745.69801247655,37220.61768363074
2025-06-05,16561.04280770988,19344.27526333176,141868.51835611177,54005.487701892285,54062.0201529422,112643.23026487586,36090.513897312725
2025-06-06,16518.35462042261,19018.56330508182,132269.08716652243,53433.816462138995,53456.54791407897,108930.68854021607,33508.03319429007
2025-06-07,16528.02016885076,19205.512514221722,137025.61907579,53526.7667049841,53843.85705374715,112481.17487213277,34798.7102074892
2025-06-08,16538.668773121466,19324.00361102618,140676.64787384207,53686.8287470784,53970.94602731749,113799.71647672425,35790.82341873109
2025-06-09,16535.46479855601,19327.9492378575,140327.87734964714,53645.30975503328,53985.50675718559,113891.79340441918,35819.02982931846
2025-06-10,16565.37324052814,19627.833790256034,140327.87734964714,54034.93901044594,54696.41840976191,118493.1844044274,38229.148165086815
2025-06-11,16601.63371136904,19765.541186823444,140327.87734964714,54490.22132246265,54673.99532117838,118383.91978356276,39271.12958330032
2025-06-12,16552.447541359885,19573.85943047749,140327.87734964714,53848.345803741446,54170.35763490339,115929.76273740041,37738.67484706978
2025-06-13,16466.23352395698,19254.981522022514,140327.87734964714,52783.82385630713,53307.12874114479,111885.74407303886,35299.908283810306
2025-06-14,16460.036719517273,19180.876959443947,140327.87734964714,52685.02160173004,53409.229420500356,112849.48258291252,34685.06628362104
2025-06-15,16447.24689553147,19084.026516381557,140327.87734964714,52518.24637870752,53337.43378355224,112171.79639507779,33943.89302590824
2025-06-16,16448.42361395444,19154.867009313413,140327.87734964714,52536.78932092978,53361.10553341557,112395.23640628417,34454.0695676922
2025-06-17,16448.920700940165,19144.798501882517,140327.87734964714,52528.875580025015,53481.93550936629,113535.7626173321,34269.7195174858
2025-06-18,16441.71980911195,19003.25405288908,140327.87734964714,52430.84536703312,53299.71506124254,111815.7656079907,33202.77658305402
2025-06-19,16440.77249439427,19037.397589528013,140327.87734964714,52414.78927910426,53349.139593924214,112282.28870831171,33448.42871708875
2025-06-20,16438.732278431897,19014.226711175386,140327.87734964714,52394.60299302457,53277.86421521485,111609.51328995405,33296.70699389249
2025-06-21,16431.972785615966,18830.023924313406,140327.87734964714,52324.81100146713,53121.78674358852,110136.28244683509,31980.229113621794
2025-06-22,16424.64127806398,18641.77012395655,140327.87734964714,52246.7393087043,52977.49608216273,108934.37161732388,30584.279263164593
2025-06-23,16421.917105633205,18517.9075098591,140327.87734964714,52218.659770146136,52915.78040745569,107792.61771390667,29732.846335617065
2025-06-24,16430.14933800436,18956.931412315553,140327.87734964714,52302.347774741174,53122.7601810162,111621.79021364672,32729.839109413013
2025-06-25,16431.77823247433,19021.442302745236,140327.87734964714,52326.67455928332,53140.299887860965,112265.10101514199,33177.183245755354
2025-06-26,16422.63731228962,18885.06179684098,140327.87734964714,52180.671548317165,53204.89015721083,112878.94719977489,32146.929622177777
2025-06-27,16415.383192871293,18767.11524029859,140327.87734964714,52087.71846790703,53148.17990072165,112339.9902496672,31339.08105323611
2025-06-28,16417.754554468724,18829.717395573058,140327.87734964714,52118.93955612135,53142.49595701886,112285.9717854195,31772.125347247376
2025-06-29,16419.579296471322,18954.187655752365,140327.87734964714,52140.030540246924,53166.65271775571,112515.55025847221,32681.742884887557
2025-06-30,16429.218873002308,19102.073724461246,140327.87734964714,52256.29822568118,53253.07235449102,113502.61492336192,33747.33517915822
2025-07-01,16405.891476024335,18974.393889500203,140327.87734964714,51977.07493251918,52942.129374918026,111624.24559838524,32864.43045415523
2025-07-02,16382.309203298271,18770.90197321917,140327.87734964714,51715.2101478671,52748.90507479091,109954.58397618376,31431.251318918403
2025-07-03,16396.714403798924,19073.33693930097,140327.87734964714,51867.67738391203,52926.241382805216,113280.40260452482,33609.09383716323
2025-07-04,16401.69276418693,19157.371149984305,140327.87734964714,51930.32950372837,52933.66010097481,114401.28573766448,34162.12565626656
2025-07-05,16360.508199729886,18948.39133508027,140327.87734964714,51407.43006188672,52579.853957114276,112682.51642069237,32617.07400623493
2025-07-06,16362.534730321408,18984.41174972881,140327.87734964714,51426.90471245202,52629.38681725475,112923.14412506846,32929.79934202142
2025-07-07,16376.032763287014,19093.643234605526,140327.87734964714,51576.37975238354,52817.409510849204,113836.54724780221,33677.36934024991
2025-07-08,16366.887309837432,19039.590588091305,140327.87734964714,51463.42684450912,52677.09981498438,113238.66106396978,33255.352354988485
2025-07-09,16380.589359317475,19149.007243668213,140327.87734964714,51600.25107800408,52812.49621249748,114111.55033851776,33993.49279408507
2025-07-10,16423.503325364723,19393.055822805178,140327.87734964714,52062.7951232363,53145.77549461489,116368.0489132283,35697.170933517584
2025-07-11,16542.378054877714,19768.447803172,140327.87734964714,53292.8234388493,54146.36539996056,121296.00608346124,38242.43906817152
2025-07-12,16554.232044540142,19789.84910345875,140327.87734964714,53243.331934079615,54398.22725528023,122793.7907739655,38114.32531957476
2025-07-13,16536.51115498357,19734.591502469397,140327.87734964714,53023.6185064669,54342.3359398021,122631.73538122242,37701.74074198904
2025-07-14,16596.445310599895,19890.731596594796,139908.15289097416,53580.97071515332,55105.337079889956,124844.0370306394,38712.698010392494
2025-07-15,16652.954818324997,20023.569139784588,143296.7156627717,54183.76516205615,55458.847158743396,125973.51401036394,39674.28580930102
2025-07-16,16700.192710439773,20181.05793738037,148004.91820767097,54839.68904667304,54804.864066821756,124488.00624355231,40976.12243043178
2025-07-17,16763.437629849377,20333.235375945333,151157.66538565693,55388.64245067135,55107.533927545825,125175.51397034117,41842.30299489407
2025-07-18,16876.68782166062,20576.4860118239,155815.82839892022,56338.17075139409,55464.2519776849,125985.7909340566,43188.442941958805
2025-07-19,16875.907381046614,20574.19810200479,155971.72313515333,56452.1612279735,54826.48334258776,124537.11393832295,43219.50908681132
2025-07-20,16905.53499934238,20662.408172464216,158459.77549109154,56829.139804343344,54799.45924788025,124475.72931985966,43920.56672374353
2025-07-21,16989.034514117528,20873.772539978116,164970.7007130248,57982.20716495989,54475.17011139019,123739.11389830017,45729.34054689131
2025-07-22,17027.678640743743,20979.01239602203,167657.42059480152,58446.93061243254,54228.20591788986,123260.31387428651,46450.75694008204
2025-07-23,17051.089496473007,21030.80886844403,168268.2067697199,58555.26647221479,54984.88056970002,125470.16013896496,46619.377786014105
2025-07-24,16802.073479723553,20521.53813215116,154478.6475505486,55700.09682015033,54442.59706923607,123886.43698261207,42780.164381296636
2025-07-25,16763.2948007815,20425.087539725548,151360.7421787915,55137.06578480886,54333.29961953015,123567.23696660297,41937.55873546627
2025-07-26,16798.61392753856,20529.567846639628,154447.9313027965,55603.071608118844,54114.70472011833,122928.83693458475,42796.68404102608
2025-07-27,16809.930325922902,20554.445031936768,154973.00629760147,55710.133031904814,54228.20591788986,123260.31387428651,42962.11595731921
2025-07-28,16875.563025431024,20721.248500260845,159636.269241654,56438.16169534872,54724.24818963208,124708.99087002016,44247.84605923512
2025-07-29,16798.4662860172,20510.093692858052,153416.15641668095,55451.26316851806,54816.73064707554,124979.08319125864,42508.40609235305
2025-07-30,16783.267845166796,20450.685042256326,151525.77284831047,55224.07720516549,54934.435592912676,125322.83705465306,41985.2087237427
2025-07-31,16782.32518755058,20426.917063918823,150652.93586607795,55136.72040803272,55310.44305686466,126525.97557653354,41745.523135292766
2025-08-01,16711.25700225051,20214.35990097458,145036.36321569845,54423.460084291626,54349.04708967296,124451.17547247434,40156.59538101312
2025-08-02,16599.3074712842,19885.948854026617,138691.4166556325,53334.00944344229,53087.12890181113,120121.10448607386,38025.03610079736
2025-08-03,16555.57572610753,19716.194375003215,135358.10487458587,52891.730667773714,52867.447085154716,119367.30137134466,36873.92664760129
2025-08-04,16598.316594327476,19960.348940304808,139454.50306837316,53310.97936116137,53379.799465369666,121125.35684413329,38533.25837207773
2025-08-05,16628.319361104826,20166.80162231937,144463.7422347095,53598.724874322776,53633.113351677064,121994.56304157348,39887.15266249083
2025-08-06,16596.012028541136,19932.592134095008,138294.86365429612,53253.47493267775,53361.552278644136,121062.74453330073,38169.75663639897
2025-08-07,16603.68249013823,20000.8132864185,140132.8643709632,53338.27332181583,53372.64370586946,121100.80299674797,38680.37060697618
2025-08-08,16661.403144207856,20399.923820492157,149692.0862207178,53895.17695106103,54084.28398816523,123542.68311921765,41296.953499900534
2025-08-09,16693.43849488753,20527.993665695525,153007.63049898756,54246.04836299416,53908.96788041012,122941.1138582774,42213.52880682545
2025-08-10,16747.623892643613,20676.778158701825,156978.22931501697,54787.70827818752,53730.431680879905,122328.49536601377,43282.53696416465
2025-08-11,16756.3034433458,20675.937753432263,156419.9985191622,54744.32629168744,54660.32262793205,125519.26783373559,43123.14204159973
2025-08-12,16689.000950083162,20448.82799899934,150240.6305804574,53955.16962559169,54631.69958993122,125421.05244419433,41337.82113420246
2025-08-13,16811.066501440604,20823.242001701426,159092.85288725517,55117.705223100114,54846.372374937484,126157.66786575381,43893.42920682866
2025-08-14,16862.759446967604,20995.855394249957,163092.5189826248,55572.41959622722,55518.6039580386,128649.88337536338,45026.92178666944
2025-08-15,16744.8351727477,20645.814165613443,154335.7561299476,54434.3004781647,53797.92459150859,124745.82164109814,42498.86138835218
2025-08-16,16714.15752385417,20558.706919402062,152473.95858859055,54189.301293608325,53264.0319703229,123260.31387428651,41942.97705281528
2025-08-17,16721.801839040043,20617.241031579906,153975.87463167583,54264.269060868275,53284.67690244362,123346.25234013512,42387.834838474686
2025-08-18,16773.5623580251,20708.691708512582,155610.1244106733,54742.944987264076,53252.23486625392,123211.20617951588,43039.368682450266
2025-08-19,16730.23717647008,20525.38831744648,155610.1244106733,54351.71536432679,53053.7485902933,122384.969215,41793.17565107648
2025-08-20,16626.04814142546,20200.13380393016,155610.1244106733,53451.55036933237,52254.78971722147,119059.15058665894,39621.184626276925
2025-08-21,16701.078519305327,20478.043014566785,155610.1244106733,54182.526043916965,52587.468051966775,120443.98757919077,41558.14840464254
2025-08-22,16656.526493534555,20294.75276008135,155610.1244106733,53761.1344037777,52220.2831878197,118915.51057945484,40319.61488562127
2025-08-23,16769.057907687107,20767.896218213144,155610.1244106733,54772.861622253935,52920.736241915525,121831.27995646112,43454.52399300622
2025-08-24,16743.20898674301,20680.484044137913,155610.1244106733,54538.860311582685,52532.906445647735,120216.86449087659,42855.10697240013
2025-08-25,16733.529841647305,20611.36435942013,155610.1244106733,54439.730172775475,52200.67605210954,118900.77827102365,42352.63333422995
2025-08-26,16607.414865512274,20163.90987353568,155610.1244106733,53264.35640346707,51699.22340104176,116415.92891562967,39217.0153830081
2025-08-27,16656.794117386693,20392.143860307264,155610.1244106733,53743.20221895617,51923.55644615895,117930.90129930367,40758.19884761033
2025-08-28,16641.872545942035,20330.22542144604,155610.1244106733,53584.70970800372,51826.47877509528,117275.31357411573,40330.729726475896
2025-08-29,16668.0229700847,20436.94603453825,155610.1244106733,53836.41560020264,51980.45777770003,118315.16901088387,41112.70417435251
2025-08-30,16603.75815114865,20154.732478122332,155610.1244106733,53240.31867421219,51324.729014541415,113886.88263494211,39235.247510014
2025-08-31,16602.143472614407,20178.416521638486,155610.1244106733,53214.67197935937,51407.4450076762,114445.48266295806,39409.893867445426
2025-09-01,16588.422236264752,20079.38630620777,155144.69033965433,53080.134508654664,51292.551584245026,113669.58108558207,38710.90340732498
2025-09-02,16565.517359815964,19974.141695951897,151861.42324876436,52818.39037628856,51409.26294159125,114457.75958665072,37892.24345859732
2025-09-03,16614.36213645847,20231.27228578644,158838.1294121691,53282.31732582442,51840.65865963267,117371.07357891847,39632.50484022273
2025-09-04,16627.016803412866,20278.111208746952,160154.25321154256,53399.023095610915,51864.83154423493,117648.53205437254,39960.68183857801
2025-09-05,16573.93657677508,20069.063268889087,154324.6030531533,52858.162332409775,51665.83726038916,116633.23046498971,38506.492593403964
2025-09-06,16578.139315655117,20146.712655300507,156873.03963597078,52931.25683056147,51546.00757072146,116021.83966509535,39141.67869978658
2025-09-07,16564.663989983757,20088.26673443838,155305.52533131745,52806.67989291641,51436.399970463535,115546.72271818949,38750.768116560495
2025-09-08,16584.469578449174,20217.486638408616,158335.01931928622,52998.01961818001,51579.08623843912,116508.0058433246,39625.64405860392
2025-09-09,16614.90104007105,20388.918995152257,158335.01931928622,53333.54479517479,51638.85775299338,116910.68894044378,40863.99852912029
2025-09-10,16625.988830144874,20420.940920566045,158335.01931928622,53448.07651270645,51636.85145240388,117010.13202235432,41077.967052535474
2025-09-11,16672.702692392384,20554.347765860366,158335.01931928622,53887.183960583076,52130.87764949279,119528.12907171847,41912.200691905935
2025-09-12,16724.06960193636,20691.329269275262,158335.01931928622,54417.0553099665,52395.11301673147,120874.90760080307,42854.244170844926
2025-09-13,16802.86961386773,20903.547957129096,158335.01931928622,55239.32835499257,52460.083777135995,121377.03377983278,44307.25936977589
2025-09-14,16812.78632001668,20953.9174326663,158335.01931928622,55371.00963178268,52349.998620225655,120995.22145299111,44718.95031457286
2025-09-15,16740.362050136042,20777.71969554184,157861.43501424347,54560.260300119,52267.16927386868,120707.94143858291,43424.204936611946
2025-09-16,16655.303713458994,20562.131882952974,152153.12098846067,53613.35530259335,52185.04787064297,120423.11680891324,41831.36073736695
2025-09-17,16659.8656739181,20608.924901544036,153547.4053005299,53672.87299793633,52305.752174522146,120841.75990683289,42235.92258959627
2025-09-18,16716.371930329995,20811.24477903401,158738.4687287715,54269.72715853999,52331.94607037863,120932.60914215856,43672.63630490213
2025-09-19,16736.939670749758,20898.71660927692,160908.95873488128,54462.84663215994,52633.529844293764,121978.60304077301,44258.58576118719
2025-09-20,16655.363677363388,20642.701869895245,154217.5624844494,53605.01934437454,52346.45890456937,120982.94452929845,42404.30434107539
2025-09-21,16663.383164686777,20660.500334329456,154693.46401520414,53688.447240705485,52373.00677199148,121075.02145699339,42537.614422646104
2025-09-22,16629.31375204961,20555.45751481728,151433.14367962844,53329.05021911095,52240.26743488095,120614.63681851872,41756.30873464133
2025-09-23,16509.68278927954,20134.69508200764,151433.14367962844,52213.862518311085,51248.49865707885,117348.97511627169,38820.8760070122
2025-09-24,16493.451099523412,20038.622333952386,151433.14367962844,52070.77247961368,51113.254914088655,116420.83968510674,38214.64183186759
2025-09-25,16504.644147067596,20125.99807914717,151433.14367962844,52142.90562319988,51418.98448653608,118518.96594418198,38722.858052065785
2025-09-26,16449.568932258146,19780.379651692936,151433.14367962844,51687.332453823714,50863.16876330999,114816.24575847633,36484.15922590565
2025-09-27,16468.84277145092,19966.569828361666,151433.14367962844,51863.11831110639,50898.228934043276,115172.2765455634,37697.67605475
2025-09-28,16465.73887696191,19914.650261728315,151433.14367962844,51833.54756529331,50900.40508257155,115194.37500821019,37352.74915411009
2025-09-29,16485.687112750267,20065.85813581864,151433.14367962844,51989.53013309823,51152.7174147108,117756.56898286793,38247.42956590496
2025-09-30,16489.47893135167,20053.188648288266,151433.14367962844,51995.57084768964,51329.085015532706,119709.82754236982,38070.40341313868
2025-10-01,16477.150876118332,19970.824378747977,151433.14367962844,51897.3481343956,51275.550109838194,119335.38136974374,37597.19939671789
2025-10-02,16521.30781167551,20293.04771816165,151433.14367962844,52288.83345983745,51905.54731441281,124096.37237775653,39612.927112805235
2025-10-03,16592.09815465415,20517.773923435663,151433.14367962844,52831.677723554625,52502.47953285689,126235.01248501755,40937.35764582899
2025-10-04,16634.698682830334,20546.370481850063,151433.14367962844,52996.93252338773,52912.998934519346,127705.78794339798,40877.60325105526
2025-10-05,16571.404768812175,20371.49257011228,151433.14367962844,52448.85228988787,52902.37614532775,127667.72947995075,39782.06180992054
2025-10-06,16581.908980999204,20378.381299414865,150980.20307041713,52504.65750930874,53231.09130479358,129030.46800983578,39808.26529295009
2025-10-07,16656.059432673825,20615.413534047457,156601.2705671311,53105.60772753558,53801.388248744086,130412.84961762908,41290.729808878226
2025-10-08,16613.968742542726,20346.544643863643,149121.08685672437,52517.61812853196,52751.96083500924,127869.07102851034,39356.92122061171
2025-10-09,16638.77909660656,20482.598089365947,152564.04262107625,52757.73064527099,53706.67641169369,130183.27114457637,40260.502393675866
2025-10-10,16596.402247804675,20253.000593129287,147286.93065883403,52418.829200698165,53282.75230682107,129155.69263150089,38864.444009080325
2025-10-11,16439.602876130455,19251.29821064867,123239.24543973224,51074.05094912532,49758.21589712457,120854.03683052554,32544.736616093607
2025-10-12,16437.54887769334,18937.709446134802,115478.68406193833,51047.35606425426,49474.732435608916,118909.37211760851,30516.152633757094
2025-10-13,16492.44491255277,19398.03731230823,125640.6684160362,51451.06693145374,49768.59864590968,122086.6399692684,33315.024314236245
2025-10-14,16494.800854779147,19620.308862864345,125640.6684160362,51470.70472495019,49801.073814435964,122437.75998687843,34777.48103813686
2025-10-15,16465.153179167522,19320.082913605496,125640.6684160362,51196.511711086154,49558.19134773065,119811.72600901888,32973.495861766445
2025-10-16,16444.78285359907,19052.830180263794,125640.6684160362,51034.087812072394,49282.03886571695,116825.97816696444,31320.448644264157
2025-10-17,16434.6596020479,18824.251061323685,125640.6684160362,50952.365941235075,48982.608727941406,113588.55338921053,29932.868657952265
2025-10-18,16413.53479942653,18708.891712368477,125640.6684160362,50787.77607432342,48861.79201706041,112282.28870831171,29269.1077474519
2025-10-19,16420.20430500096,18797.686670873583,125640.6684160362,50843.05755669139,48936.73471365953,113092.56567202714,29855.242971477564
2025-10-20,16426.64543245885,18937.42942024543,125640.6684160362,50896.407565118214,49064.02374833771,114468.8088179741,30619.6784568843
2025-10-21,16423.141026991794,18978.728936890504,125640.6684160362,50855.19639944251,49259.89670535813,116586.57815495762,30899.181723325382
2025-10-22,16407.684038578547,18809.141606787423,125640.6684160362,50718.74640845976,49078.89873811724,114629.63651834792,29972.794702350115
2025-10-23,16404.4451768472,18660.72664131009,125640.6684160362,50676.69541279073,49000.77665438968,113784.98416829306,29114.92613446686
2025-10-24,16415.288719059463,18827.024182872166,125640.6684160362,50765.810497132625,49238.2087431605,116352.08891242785,30089.78919316331
2025-10-25,16414.22655267486,18957.370632082315,125640.6684160362,50756.929697968364,49304.539326194215,117250.75972673041,30825.114552545743
2025-10-26,16416.49453464896,18970.11423083184,125640.6684160362,50767.6243979675,49371.23210310697,117842.50744871653,30877.439203241476
2025-10-27,16437.464989819637,19194.306075271816,125640.6684160362,50991.726591256316,49939.03673398342,120890.86760160352,32160.92396167024
2025-10-28,16415.955057345695,19072.575135770217,125640.6684160362,50754.316859947365,49797.94311447043,120133.38140976652,31486.00026241281
2025-10-29,16377.305019274969,18907.049781238966,125640.6684160362,50344.33059178632,49577.26994942984,118948.65827342501,30484.831231979122
2025-10-30,16376.07894017413,18927.183804018794,125640.6684160362,50335.94675064778,49076.38776157977,116433.11660879939,30577.29272625689
2025-10-31,16362.620106166654,18610.180196394802,125640.6684160362,50207.27412223418,48937.95952607527,114956.20268857264,28727.227181386508
2025-11-01,16364.840632128473,18690.314097383532,125640.6684160362,50225.3608830168,49081.79601350721,116490.81815015488,29198.10336666305
2025-11-02,16374.350965549593,18792.635174461862,125640.6684160362,50334.39643082166,49125.982582446304,116962.25201995295,29767.824770663905
2025-11-03,16368.576882863132,18787.61412761434,125640.6684160362,50262.224593995204,49187.08432230739,117614.15666803309,29727.490306920434
2025-11-04,16305.716836802858,18197.741881324575,125640.6684160362,49679.127932374395,48808.16147981669,113571.36569604081,26533.145484764187
2025-11-05,16248.78862010805,17933.637446969144,125640.6684160362,49095.01250905872,48332.81065615162,108499.76851860379,25234.3072172881
2025-11-06,16252.376071946914,18117.006611639747,125640.6684160362,49080.16742040117,48561.45313657343,110939.19325633493,26110.35072540254
2025-11-07,16243.09375417866,17966.522628400453,125640.6684160362,49030.94471962968,48227.731658207944,107701.76847858101,25451.179072495208
2025-11-08,16249.100766950798,18481.786258339584,125640.6684160362,49080.5819057278,48227.731658207944,109623.10703648199,28262.55127905199
2025-11-09,16247.305689032215,18404.936747472646,125640.6684160362,49029.48332079012,48227.731658207944,108539.05467442029,27750.61331031017
2025-11-10,16257.959799799517,18543.914883657246,125640.6684160362,49142.73373103248,48211.655747655204,111281.71942736009,28446.025482369834
2025-11-11,16260.271842409158,18623.451594949776,125640.6684160362,49170.65742506255,48272.72468697751,112549.92564481166,28843.262378528947
2025-11-12,16213.887958961268,18308.63354687058,125640.6684160362,48686.6523019769,48095.67536798838,109200.78086145455,27117.753226527384
2025-11-13,16205.796117507727,18219.209673512938,125640.6684160362,48582.242681765885,48095.67536798838,107668.62078461083,26583.079341275177
2025-11-14,16193.55153527173,18012.8115631941,125640.6684160362,48450.65360179982,48095.67536798838,105214.4637384485,25471.31179577891
2025-11-15,16187.82838788143,17787.617409615068,125640.6684160362,48382.99134966605,48095.67536798838,99887.50654820418,24339.545872634775
2025-11-16,16187.82838788143,17886.81201294532,125640.6684160362,48382.99134966605,48095.67536798838,101028.0327592521,24897.143814591655
2025-11-17,16187.82838788143,17735.14540685594,125640.6684160362,48382.99134966605,48095.67536798838,99499.55575951618,24116.361937453872
2025-11-18,16187.82838788143,17580.090219583388,125640.6684160362,48382.99134966605,48095.67536798838,97451.76488758082,23346.2507618373
2025-11-19,16187.632086234185,17784.447906870337,125640.6684160362,48380.84099449496,48095.67536798838,98507.58032514942,24475.130811661053
2025-11-20,16188.246761733355,17677.42601230562,125640.6684160362,48404.655895288415,48095.67536798838,97314.26334222306,24122.623700088396
2025-11-21,16187.139799319577,17420.295357355,125640.6684160362,48386.30264041797,48095.67536798838,92074.47231019661,22935.854699399544
2025-11-22,16185.71048761846,17192.26592263671,125640.6684160362,48362.60488734764,48095.67536798838,90768.2076292978,21728.09780651019
2025-11-23,16185.71048761846,17160.581609694986,125640.6684160362,48362.60488734764,48095.67536798838,90355.70299322449,21510.31581225887
2025-11-24,16185.71048761846,17266.209317454563,125640.6684160362,48362.60488734764,48095.67536798838,92618.34002978136,21918.68471346285
2025-11-25,16185.334881366582,17507.805328330294,125640.6684160362,48359.38071368848,48095.67536798838,94100.16471948518,22963.290810648094
2025-11-26,16183.499745717096,17501.412644865868,125640.6684160362,48343.18484632016,48095.67536798838,92757.0692675084,22979.38090949798
2025-11-27,16186.223342484822,17605.259084850208,125640.6684160362,48370.62151187717,48079.643476199046,95775.964803533,23308.45930664622
2025-11-28,16182.824569104889,17581.811428208457,125640.6684160362,48330.994719821705,48130.81367931318,96693.05100337457,23165.255178000563
2025-11-29,16174.643450653917,17524.970342233497,125640.6684160362,48252.04355883623,48108.20836870051,96287.91252151685,22943.487906391576
2025-11-30,16168.487186624428,17471.105693996993,125640.6684160362,48189.249442814835,48105.33132916799,96236.34944200769,22667.61602621753
2025-12-01,16164.036937091565,17402.96073212587,125640.6684160362,48144.71036884248,48072.9303839565,95655.65095134496,22331.246902072875
2025-12-02,16157.52372510653,17094.047862104933,125640.6684160362,48105.62983760085,47812.89902994506,91269.10611595825,20906.658050217986
2025-12-03,16157.109234808848,17479.53065763466,125640.6684160362,48100.28476761889,47812.89902994506,96386.12791105811,22645.59640090541
2025-12-04,16159.831771773457,17664.182633014738,125640.6684160362,48130.99766031388,47781.0237639251,98340.61416292927,23439.772494104323
2025-12-05,16144.958950487871,17532.324111538663,125640.6684160362,47981.31847200934,47647.848699282345,97108.0110241864,22794.967916088644
2025-12-06,16117.01349116738,17301.628607800816,125640.6684160362,47716.30405688582,47313.92509120583,94300.27857567552,21682.724142384046
2025-12-07,16120.079391612395,17336.270347680456,125640.6684160362,47748.26288625363,47313.92509120583,94236.4385724737,21882.7791247205
2025-12-08,16118.800139684447,17322.73160740157,125640.6684160362,47733.807619240164,47313.92509120583,95306.98631847347,21748.16130270831
2025-12-09,16121.09129124134,17421.17469315424,125640.6684160362,47756.54687180879,47313.92509120583,95622.50325737479,22221.87749133858
2025-12-10,16126.038172858634,17663.468012254976,125640.6684160362,47802.8291862052,47298.15378284209,97797.97413571378,23462.003025234655
2025-12-11,16097.05167723824,17483.830064022404,125640.6684160362,47437.41512329396,47229.58574622848,96522.40176404662,22470.67398703598
2025-12-12,16081.758614367882,17408.12890693013,125640.6684160362,47284.403334309216,47243.64252370557,96783.90023870023,22122.260183923303
2025-12-13,16068.580419520182,17277.88182848226,125640.6684160362,47163.21799106829,47106.245839143805,94511.44166318922,21544.49500957236
2025-12-14,16069.88572990458,17318.13793960255,125640.6684160362,47178.89407198603,47106.245839143805,94456.19550657227,21763.50847942892
2025-12-15,16065.590042888067,17166.70854504592,125640.6684160362,47126.62488806337,47106.245839143805,92280.72462823326,21027.29680452308
2025-12-16,16065.590042888067,17014.234788644066,125640.6684160362,47126.62488806337,47106.245839143805,90306.59529845386,20322.447383057337
2025-12-17,16065.590042888067,17039.894455875037,125640.6684160362,47126.62488806337,47106.245839143805,91714.75844600174,20388.33582518097
2025-12-18,16065.590042888067,16828.537535396204,125640.6684160362,47126.62488806337,47106.245839143805,90101.57067278647,19351.387078852236
2025-12-19,16065.590042888067,16689.27016314533,125640.6684160362,47126.62488806337,47106.245839143805,89507.36756606182,18645.10704183244
2025-12-20,16065.377544559311,16954.416252089413,125640.6684160362,47125.57762973252,47090.543757197425,92349.47540091215,19811.847941327185
2025-12-21,16065.36472195688,16975.184187467432,125640.6684160362,47123.558909944004,47107.382376355934,92646.57695427448,19916.27532266881
2025-12-22,16060.853414957532,16924.86924286468,125640.6684160362,47042.499611820196,47123.45560373452,92930.17389157487,19601.57854855711
2025-12-23,16059.556461723614,16914.248174839035,125640.6684160362,47033.009815798425,47092.07454075729,92376.484633036,19543.100252210203
2025-12-24,16056.006266352895,16836.564228551015,125640.6684160362,47006.66771964374,47000.127678328674,91027.25071921288,19226.73949345247
2025-12-25,16055.26204657133,16819.494823263987,125640.6684160362,46999.84998422249,47000.127678328674,91336.62919626787,19161.745610377322
2025-12-26,16055.26204657133,16731.18519369768,125640.6684160362,46999.84998422249,47000.127678328674,90855.37378751567,18734.84964272946
2025-12-27,16055.200632658672,16788.544286612578,125640.6684160362,46998.80554311173,47000.127678328674,91089.86303004544,19007.551626638382
2025-12-28,16055.020021267039,16903.33875253845,125640.6684160362,46998.91002003489,47000.127678328674,91582.16767012102,19546.31079963929
2025-12-29,16051.659439653034,16875.9270259759,125640.6684160362,46955.25430245691,46984.46096910257,91626.36459541459,19392.106727925904
2025-12-30,16045.65947667996,16789.83209737125,125640.6684160362,46885.03858176817,46925.82068337708,90870.10609594686,18978.119233074893
2025-12-31,16046.374083077017,16817.76676455204,125640.6684160362,46893.16208955362,46910.178743149285,92356.84155512774,19029.492694517616
2026-01-01,16042.247054920945,16729.440816989027,125640.6684160362,46859.83771865547,46842.15816322799,91426.25073922427,18650.51781691425
2026-01-02,16041.494424187242,16988.982266493334,125640.6684160362,46850.8327481659,46810.93005778584,92714.1000345841,19853.09963837271
2026-01-03,16091.967860700637,17313.788941219256,125640.6684160362,47431.619034758696,46985.983990842564,94273.26934355167,21409.060207415758
2026-01-04,16104.956327104195,17370.860705557072,125640.6684160362,47597.11671111903,47051.96196390614,94995.15245667996,21710.79242981905
2026-01-05,16168.614201348,17597.70633173597,125264.87379465225,48442.56513049356,47219.645021948934,96010.45404606278,23056.919800350282
2026-01-06,16225.617332484217,17777.051570234573,129253.79446815551,49010.02745223687,47599.48542344694,98399.54339665403,23749.38650644551
2026-01-07,16237.108163274597,17820.851577198715,130596.65084658883,49151.32868068889,47611.63072874067,98456.01724564025,23967.97555334684
2026-01-08,16165.24726060919,17606.63133002838,124643.70143127324,48349.72690003204,47069.51016311619,96004.31558421644,22872.406072524733
2026-01-09,16152.137231511913,17567.813093466255,123749.96448754257,48178.20632394834,47053.05250160696,95903.64480993665,22664.46133179939
2026-01-10,16146.589444644513,17546.72002395687,123370.87989389946,48142.510444338535,46997.85912459429,95566.02940838855,22613.099693645796
2026-01-11,16137.577951985642,17517.048752121125,122435.35636282327,48010.1613539525,46988.82748108312,95510.78325177159,22413.09498915588
2026-01-12,16140.774316704963,17525.157182659048,122595.09373847014,48032.76920557744,47071.31649181842,96015.36481553984,22429.52447624894
2026-01-13,16125.362476302542,17459.823961713442,120677.56574359607,47859.83810147275,47050.80194727087,95985.90019867745,22065.888728319205
2026-01-14,16188.208307891598,17833.58576760543,130083.52337555516,48469.55763739292,47516.31712446589,100538.18350391505,23860.809877064778
2026-01-15,16178.976808204186,17794.486141448855,128630.76377675106,48302.26778770175,47871.38890809055,102227.48820402479,23544.058620985612
2026-01-16,16118.708122286158,17628.04205989542,124139.8005205539,47678.223939824806,47625.72877872232,101058.72506848375,22687.589758053302
2026-01-17,16119.723787265548,17631.450137216267,124400.40300469381,47688.99353159059,47641.985699048164,101136.0696877475,22732.26497221674
2026-01-18,16115.258386676593,17615.162996925174,123887.63425386789,47640.125674203584,47563.53960731713,100762.85120749069,22618.55384982171
2026-01-19,16055.621848909384,17380.992737947254,117325.57337487504,47083.79412294839,47174.92179762327,98913.9464993764,21379.463276984065
2026-01-20,16028.006026786084,17268.055491855856,114462.764622487,46855.574114437346,46893.43881867675,97644.51258955555,20864.51664131114
2026-01-21,15986.225269302015,16945.10290467335,107078.02846693622,46531.033738566315,46020.18062439874,92468.56156073093,19512.016296383954
2026-01-22,15986.225269302015,17101.200497794984,110694.42854069347,46531.033738566315,46020.18062439874,94030.18625443704,20180.965464177
2026-01-23,15986.225269302015,17003.442959342974,108386.91831147962,46531.033738566315,46020.18062439874,93478.95238063669,19743.41428476667
2026-01-24,15986.225269302015,16967.624474213066,107592.38669358449,46531.033738566315,46020.18062439874,92963.32158554505,19608.40332792293
2026-01-25,15986.225269302015,16955.91560384241,107422.30735608512,46531.033738566315,46020.18062439874,92534.8569486713,19573.53537455627
2026-01-26,15986.225269302015,16702.403785164563,101429.99366935204,46531.033738566315,46020.18062439874,89637.502957204,18529.00767854056
2026-01-27,15986.225269302015,16854.449349976825,101429.99366935204,46531.033738566315,46020.18062439874,91272.78919306604,19158.37584179837
2026-01-28,15986.081540100738,16872.886395935362,101429.99366935204,46529.99971559434,46020.18062439874,91024.79533447436,19204.66482982698
2026-01-29,15986.042860347028,16859.456366732495,101429.99366935204,46529.72144400073,46020.18062439874,91405.37996894676,19157.187183678496
2026-01-30,15982.957196713642,16548.041237598823,101429.99366935204,46507.522426317504,46020.18062439874,86732.78281152112,17892.927346863406
2026-01-31,15982.957196713642,16495.101398656116,101429.99366935204,46507.522426317504,46020.18062439874,87166.15821787194,17664.903259979685
2026-02-01,15982.957196713642,16109.974599006826,101429.99366935204,46507.522426317504,46020.18062439874,81710.29332885472,16092.913495131766
2026-02-02,15982.957196713642,15944.973261334864,101429.99366935204,46507.522426317504,46020.18062439874,79701.78861273587,15549.982491112562
2026-02-03,15982.957196713642,16130.136674382504,101429.99366935204,46507.522426317504,46020.18062439874,81912.86256978357,16151.76131124481
2026-02-04,15982.957196713642,15961.146671711747,101429.99366935204,46507.522426317504,46020.18062439874,78637.3793285824,15634.273777922966
2026-02-05,15982.957196713642,15835.368576603192,101429.99366935204,46507.522426317504,46020.18062439874,75957.32688647516,15292.708208849537
2026-02-06,15982.957196713642,15099.685492157441,101429.99366935204,46507.522426317504,46020.18062439874,65490.02174611494,12940.079018583927
2026-02-07,15982.957196713642,15635.375883193603,101429.99366935204,46507.522426317504,46020.18062439874,73418.45906683349,14542.028050386416
2026-02-08,15982.957196713642,15588.716555621128,101429.99366935204,46507.522426317504,46020.18062439874,72106.05592408834,14383.467846938558
2026-02-09,15982.957196713642,15532.598837087979,101429.99366935204,46507.522426317504,46020.18062439874,73093.12058897805,14180.29205803579
2026-02-10,15982.957196713642,15488.526652439152,101429.99366935204,46507.522426317504,46020.18062439874,72361.41593689563,14042.918766206634
2026-02-11,15982.957196713642,15346.939675353035,101429.99366935204,46507.522426317504,46020.18062439874,71078.47741101286,13596.076481303764
2026-02-12,15982.957196713642,15229.03974416841,101429.99366935204,46507.522426317504,46020.18062439874,69335.15424665542,13238.205058859434
2026-02-13,15982.957196713642,15305.08602669314,101429.99366935204,46507.522426317504,46020.18062439874,68505.23420503175,13514.02170093227
2026-02-14,15982.33839537875,15508.81925554991,101429.99366935204,46501.32142332734,46020.18062439874,71208.61280215504,14133.766702380133
2026-02-15,15994.387011633426,15849.910529775661,101429.99366935204,46631.33470160396,46020.18062439874,72336.86208951032,15338.20844821107
2026-02-16,15963.87071465895,15642.279022735223,101429.99366935204,46278.4347474401,46020.18062439874,71203.70203267797,14601.549222897549
2026-02-17,15971.026574105565,15699.187169251436,101429.99366935204,46358.414886259525,46020.18062439874,71395.22204228345,14797.041285393187
2026-02-18,15962.691771066484,15630.658551872959,101429.99366935204,46271.80960656972,46020.18062439874,69926.90196864154,14579.081368380479
2026-02-19,15950.613738441254,15517.826474981679,101429.99366935204,46137.59562083236,46020.18062439874,69217.29577920592,14209.842761715621
2026-02-20,15949.821714170093,15502.437748485798,101429.99366935204,46129.09723520119,46020.18062439874,69876.56658150165,14149.071608163911
2026-02-21,15949.813125670647,15631.39504238803,101429.99366935204,46130.120919940535,46020.18062439874,70826.80047531339,14553.87641404883
2026-02-22,15946.434344527883,15593.465194810497,101429.99366935204,46090.429620946845,46020.18062439874,70824.34509057485,14404.669170118088
2026-02-23,15939.214796353985,15459.968388210102,101429.99366935204,46017.30143856728,46020.18062439874,70165.07428827911,13971.838694136244
2026-02-24,15938.519792652745,15293.537812806364,101429.99366935204,46008.35004180739,46020.18062439874,67292.27414419713,13480.901827162555
2026-02-25,15938.519792652745,15255.779846558113,101429.99366935204,46008.35004180739,46020.18062439874,66803.65258122934,13348.817256068027
2026-02-26,15936.485703052316,15692.852934857754,101429.99366935204,45989.94670179068,46020.18062439874,70621.77584964599,14663.161364033302
2026-02-27,15921.433769585821,15590.727118959283,101429.99366935204,45850.189427315774,46020.18062439874,70201.90505935709,14308.047209809813
2026-02-28,15893.864688200872,15425.28640453988,101429.99366935204,45594.35161140259,46020.18062439874,68527.33266767854,13807.616879382704
2026-03-01,15895.141689420254,15478.595352189666,101429.99366935204,45607.06495681594,46020.18062439874,69741.52042088241,13939.22381417994
2026-03-02,15892.080866589427,15401.641677958398,101429.99366935204,45581.62121544999,46020.18062439874,68701.66498411428,13699.684835833154
2026-03-03,15898.041050377267,15574.89022198373,101429.99366935204,45652.49129887758,45989.500503982475,72264.42823972364,14234.64046155448
2026-03-04,15894.054732971324,15529.086906916573,101429.99366935204,45605.50979193155,45991.5853886562,72279.16054815482,14092.15906168387
2026-03-05,15912.274553125713,15762.93503533736,101429.99366935204,45768.78005229147,46605.25965357424,76714.81307831216,14800.102688339448
2026-03-06,15888.426538628235,15661.91295058095,101429.99366935204,45537.3347524898,46265.0544093855,75035.32991715654,14484.764566885098
2026-03-07,15843.292591734436,15477.941774762845,101429.99366935204,45112.24927265758,45646.40476851615,72047.12669036358,13912.15352128706
2026-03-08,15838.132059866957,15426.366932192808,101429.99366935204,45074.083863726795,45502.88309253384,71241.76049612522,13743.658023202901
2026-03-09,15839.89968061712,15414.958907803006,101429.99366935204,45097.95038593042,45502.88309253384,70335.72352760706,13728.445398071175
2026-03-10,15848.416812604237,15539.467441990713,101429.99366935204,45194.74032808291,45502.88309253384,72331.95132003326,14098.590884808835
2026-03-11,15852.519358415368,15619.509342070847,101429.99366935204,45237.22064209642,45502.88309253384,74002.84063460401,14317.301886953323
2026-03-12,15868.736472660314,15692.468114164829,101429.99366935204,45422.250442473305,45487.71546483633,74695.25913086992,14558.739850842101
2026-03-13,15888.950078502554,15763.52672306123,101429.99366935204,45635.311156505944,45519.126678962864,75159.3268464524,14781.382886074218
2026-03-14,15900.660625005055,15829.145532246424,101429.99366935204,45734.08392043704,45592.41951192477,76242.15151614483,14971.984669186804
2026-03-15,15917.213470491444,15868.059880082397,101429.99366935204,45933.90809770506,45622.085658599826,76680.43769197272,15119.663475091993
2026-03-16,15956.238827464693,16040.863091935276,101126.61382786841,46318.09059537618,45681.03960758752,78217.5085382935,15678.928458013233
2026-03-17,16038.87492765189,16290.098371747295,106597.22439860653,47151.295220491644,46137.504196872,79974.33631871287,16475.376593998164
2026-03-18,16008.258959155291,16196.224973134325,104586.76964249981,46860.93413288369,45801.934142415485,78682.80394624524,16179.103669457618
2026-03-19,15936.035947822678,16016.03587802025,101011.88801946818,46161.12758178619,45173.90949331157,76320.72382777784,15640.045379668843
2026-03-20,15885.743735211145,15856.183435995106,97608.77862911948,45648.59920928122,44716.29596903646,74148.93602654664,15139.622155777732
2026-03-21,15882.79845151893,15875.795540062307,97949.5731842098,45599.13392431091,44761.405669476495,74821.7114449043,15165.353896300589
2026-03-22,15863.329221093303,15742.840265629675,95245.16104598701,45404.275428233814,44636.21727820549,73174.1482853496,14754.04982796489
2026-03-23,15857.461895345046,15666.811133078507,93712.63297869448,45338.75543874348,44636.21727820549,72077.81899959523,14513.875362447798
2026-03-24,15881.581373776275,15898.87625625714,98615.69643773942,45619.79089812541,44636.21727820549,74978.85606817032,15296.317146916452
2026-03-25,15920.576507783146,15983.682958536428,100811.7920251876,46064.589495283275,44636.21727820549,74583.53912526673,15700.809382119669
2026-03-26,15923.705545726254,16031.430489312803,101691.44769177564,46087.88570284638,44621.33853911276,75727.74841342247,15845.861537228287
2026-03-27,15898.825006697018,15842.774880204735,97983.33772545497,45831.74807392302,44444.369996702124,73245.35444276701,15275.540475739728
2026-03-28,15872.197088906014,15669.849813457822,94204.72471970579,45488.81136707635,44444.369996702124,70824.34509057485,14680.874824603672
2026-03-29,15874.848037948206,15672.99008879191,94389.45464189522,45516.76281210789,44444.369996702124,70830.48355242118,14701.956845035671
2026-03-30,15867.645913533988,15625.943641312158,93335.07867858493,45427.39507899412,44444.369996702124,70543.20353801298,14543.898262299059
2026-03-31,15859.044055546197,15665.41034531836,93967.15621131656,45312.35916509343,44444.369996702124,71553.59435791873,14619.117352319598
2026-04-01,15852.215281489054,15669.826506821672,93979.71447818025,45237.68458568671,44444.369996702124,72376.14824532683,14590.885272836033
2026-04-02,15854.661681683236,15703.244454224929,94443.76517905734,45265.618520645294,44444.369996702124,72172.3513120287,14701.911097652888
2026-04-03,15837.361541766688,15597.595738321028,92802.69909712435,45082.70211851461,44444.369996702124,71206.15741741651,14363.633183295056
2026-04-04,15845.778832682834,15652.85631727921,93756.49556250671,45188.36494982381,44444.369996702124,71382.94511859078,14553.958281576048
2026-04-05,15843.486530368426,15658.473374723904,94020.0248220267,45164.09648352548,44444.369996702124,71751.25282937053,14556.34453367932
2026-04-06,15847.041747380066,15712.52107422951,95111.89786820555,45205.953946787246,44414.74041670433,73621.02830776235,14707.814468173809
2026-04-07,15835.955255340195,15636.856753267886,93465.25625734022,45090.867276785895,44359.40143093292,73208.52367168904,14455.834568818327
2026-04-08,15855.370088375003,15892.006896386769,98933.88702576097,45299.36335257602,44673.977213145365,75553.41609698672,15300.679284989552
2026-04-09,15819.848881336804,15750.711347164679,96087.47448698094,44964.22331813619,44576.31049123334,74825.3945220121,14852.97057838572
2026-04-10,15820.369117331333,15781.960623114475,96735.04579624564,44962.7281872406,44654.5426883804,75408.54839741335,14948.021513507314
2026-04-11,15811.855745071985,15789.105874051204,96752.58928859148,44857.173132510456,44777.21100425082,76427.53306390397,14939.386882775376
2026-04-12,15822.428979620043,15825.766066957945,97730.1178061635,44978.56533640875,44800.23511202224,76545.39153135348,15082.39880342781
2026-04-13,15791.213654104446,15651.833615059437,93918.74960090435,44658.705519337615,44374.1674410109,74436.21604095484,14532.964442636272
2026-04-14,15818.082130562567,15881.382428185156,93918.74960090435,44941.3900761428,44786.811167334294,77655.22543316978,15252.6088503877
2026-04-15,15784.41260744347,15720.079828958631,93918.74960090435,44589.680198761875,44697.09589047532,77188.70233284877,14732.460597246669
2026-04-16,15797.80137131211,15812.455226115146,93918.74960090435,44732.111056346985,44818.211514234936,77818.50851828212,15029.962681065917
2026-04-17,15809.772750772554,15993.296457460936,93918.74960090435,44864.626048867925,44917.134411613646,78332.91162100449,15617.862080237717
2026-04-18,15810.914840915708,15991.520866498246,93918.74960090435,44822.880801947926,45294.0853444864,80444.54249614167,15542.31286696942
2026-04-19,15758.445704809765,15808.64808166841,93918.74960090435,44342.69685687224,44859.47128597557,79056.02242650205,14950.161665071664
2026-04-20,15716.345633202878,15675.208397990722,93918.74960090435,43943.04970791068,44252.91998556047,77208.34541075701,14528.955395153975
2026-04-21,15721.013910856618,15761.95763999158,93918.74960090435,43974.38051868429,44604.03906569005,79044.97319517865,14781.813969801122
2026-04-22,15720.261786095296,15791.176605874833,93918.74960090435,43956.37101838269,44752.84220526369,79823.33015729318,14849.140875202638
2026-04-23,15729.92645360921,15817.90251777383,93918.74960090435,44039.78548958623,45143.30752303384,82013.53334406337,14917.740448001796
2026-04-24,15729.126933880369,15829.625970258003,93918.74960090435,44032.50712803362,45223.32340317326,82275.03181871698,14952.659839138161
2026-04-25,15722.525221297976,15802.047731544348,93918.74960090435,43976.9584430084,44881.847182296595,81159.05945505438,14868.545623408505
2026-04-26,15723.60250525242,15796.008507647417,93918.74960090435,43985.75207135566,44952.84718861748,81391.09331284561,14846.209506937594
2026-04-27,15735.532864584573,15860.682918528386,93637.83609262647,44087.36035318788,45301.83663767626,82531.61952389353,15042.652754477991
2026-04-28,15711.91030710601,15757.44931599425,91685.88915374552,43892.14016673959,44832.68485066954,81046.11175708192,14729.595735980443
2026-04-29,15703.099023631908,15720.048088456177,90999.12016935565,43821.125821705384,44568.79514038656,79973.1086263436,14609.249742272526
2026-04-30,15707.79922882294,15709.334556913833,90823.18824893101,43860.32549753472,44470.589638464735,79631.8101476877,14582.557432248552
2026-05-01,15706.371598423835,15684.457668393781,90384.45475272607,43845.95434267015,44516.99732908061,79881.03169864867,14510.58299960891
2026-05-02,15719.731416473423,15762.91608279145,91842.99733766541,43950.16114759317,44902.204022123755,81949.69334086154,14752.905283790804
2026-05-03,15725.055096670409,15825.913608384757,93060.37506657225,44005.600702971926,44970.77962632621,82392.8902861665,14972.634643552707
2026-05-04,15723.142829080236,15799.14832813809,92627.73677066466,43985.6995669428,44917.15615274861,82171.90565969865,14883.510507659781
2026-05-05,15734.362883739388,15855.503266408068,93594.33008105232,44077.41074497704,45294.19193197286,83847.70574374647,15037.160676237821
2026-05-06,15768.949585803854,16001.703664907502,96448.5049682326,44394.23563196805,45622.02415899198,84757.42578937243,15494.2978286156
2026-05-07,15784.425066665026,16092.909199254495,98486.3992158027,44568.91530155389,45750.325570375986,85113.45657645952,15820.6202142388
2026-05-08,15750.167769101765,15998.675561986733,96851.22122697362,44299.519265268515,45262.780207116775,83760.5395855286,15559.863535652557
2026-05-09,15797.23228882476,16160.795889774743,99853.97894671065,44696.27804134143,45195.09015214522,83572.70265303094,16046.682343978113
2026-05-10,15799.624466874973,16165.550424182853,99727.11078178031,44680.18966285456,45359.00565728481,84069.91806258359,16027.06437531873
2026-05-11,15920.984746207978,16471.907174888172,104937.86852572627,45578.152044074406,45868.11170438616,85767.81660927819,16867.715684463048
2026-05-12,15886.450041618464,16404.095381527302,103650.09998431697,45321.96537178139,45693.99228263711,85187.11811861547,16648.777700734587
2026-05-13,15809.613583099508,16229.034687979392,100523.24539365168,44737.16487015544,45400.60289757581,84208.64730031062,16132.616047089432
2026-05-14,15770.25323341977,16135.068640812817,98755.95789581366,44430.626399197354,45052.430160461015,83096.3580137558,15837.283932663768
2026-05-15,15818.088426464135,16309.621179592894,101504.66058369937,44746.63250787158,45595.456157289875,85349.17351135855,16276.534431051005
2026-05-16,15740.957391026976,16093.22484631571,97582.98742092523,44175.17324362519,45158.96387101055,83538.3272666915,15628.653467348302
2026-05-17,15685.006959310596,15925.120417456761,94695.38146057996,43767.06134547229,44917.78241544745,82599.14260420315,15157.282319966214
2026-05-18,15705.307957449224,15865.571411876175,93683.92301833259,43954.81300342049,44784.436125009874,81863.75487501294,14994.065983769455
2026-05-19,15703.849187650223,15862.852644018458,93837.54645786148,43977.08346578544,44624.95366920432,81063.29945025164,15030.075527122632
2026-05-20,15703.034265431024,15803.09854546078,92841.01769434776,43979.139772986884,44641.77994795985,81200.8009956094,14869.220299173538
2026-05-21,15746.373030396255,15940.348803027886,95356.31449647888,44340.72748911527,44721.855006680344,81855.16102842808,15284.176656597741
2026-05-22,15767.985215825904,16050.822067589499,97601.45723071169,44531.82630243888,44738.53105080413,81991.43488141659,15657.928616722556
2026-05-23,15729.005466427077,15859.45069106216,94406.98325633322,44225.15366408361,44483.88334999503,79910.49631551105,15130.69895945958
2026-05-24,15764.637622456468,16013.029342801892,97351.0901595136,44548.5893871471,44630.8128198424,81111.179452653,15616.300486259732
2026-05-25,15781.466092883093,15957.04294989965,96523.75660099335,44706.95814152467,44644.93487522651,81226.58253536398,15481.10786343866
2026-05-26,15794.051472375173,16048.960304052724,98511.53145388854,44837.827323923375,44680.08977905502,81513.86254977218,15798.71784126077
2026-05-27,15804.454836736095,16026.026300206056,98938.85437260708,44972.66498567144,44495.150947375965,80002.57324320599,15854.914162522278
2026-05-28,15771.041765546282,15864.882167744126,96092.22322979868,44654.91632590267,44317.57361265246,78551.44086273381,15370.622937793654
2026-05-29,15756.718327543344,15744.669918062016,93590.66765771926,44501.193143739794,44178.846856818185,77530.00081150465,14983.252552167842
2026-05-30,15778.25383832522,15776.065393265011,94208.1921392245,44709.693584067376,44164.92876713644,77310.24387740609,15102.846609925942
2026-05-31,15819.151845558768,15943.587683485159,97664.4110700932,45104.53716462516,44189.49924947963,77698.19466609407,15704.287845974475
2026-06-01,15829.370455830467,15935.708658482088,97662.73365685185,45198.76009917221,44165.89899017023,77558.23773599777,15725.369744382084
2026-06-02,15865.547844026172,15950.129617665614,98349.00859483832,45529.09536922532,44165.89899017023,75262.45300547073,15822.600567623287
2026-06-03,15812.52834699735,15504.524704399526,92262.19776679213,45080.05589029892,44165.89899017023,70451.12661031804,14798.194440796458
2026-06-04,15861.026140271377,15501.670508324012,93458.81055009399,45549.86037630316,44165.89899017023,67758.79724451814,14961.036403725888
2026-06-05,15737.558788732516,15043.345092244816,85240.84064098999,44352.72181563538,44165.89899017023,67454.32953694022,13638.670824829891
2026-06-06,15699.385912650734,14629.473266050803,79273.89705606751,43951.89508434099,44165.89899017023,65115.575573488866,12641.19232159793
2026-06-07,15682.20701807078,14577.211348375316,78240.68478911681,43754.23433870732,44165.89899017023,64978.0740281311,12479.292253467931
2026-06-08,15696.829255900713,14898.988989730686,82724.1258005977,43895.693160754076,44165.89899017023,67523.08030961911,13267.44496936055
2026-06-09,15712.987817823316,14958.200814278978,82724.1258005977,44048.00659027135,44165.89899017023,67189.1479851788,13435.730113747995
2026-06-10,15690.53084473012,14797.405434437394,82724.1258005977,43840.382315867886,44165.89899017023,65697.50175652085,13049.328457953845
2026-06-11,15671.122662005599,14601.320565296439,82724.1258005977,43655.1462184025,44165.89899017023,65433.54789712871,12510.790939589851
2026-06-12,15682.132446783773,14859.436452522661,82724.1258005977,43767.39091259015,44165.89899017023,67437.1418437705,13153.710096339692
2026-06-13,15681.963394343757,14846.365987955873,82724.1258005977,43764.61889263668,44165.89899017023,67477.65569195627,13094.922563969682
2026-06-14,15686.633141993036,15048.102069046383,82724.1258005977,43816.87906994036,44136.45505751012,68429.11727813727,13681.804307437977
2026-06-15,15703.331211108527,15195.902663943245,82724.1258005977,43956.06754845301,44298.62964803462,69559.82195023107,14036.269727602983
2026-06-16,15726.034415787903,15288.463173532462,82724.1258005977,44130.88927442026,44390.722276530076,70201.90505935709,14261.62870418269
2026-06-17,15726.368297968553,15255.947158925264,82724.1258005977,44176.419396078156,44274.8581282509,69394.08348038018,14192.430747995966
2026-06-18,15702.873708541041,15169.44217983733,82724.1258005977,43982.97526301401,44172.47623431052,68783.92037285508,13955.19652906223
2026-06-19,15678.901327016054,15069.00631409547,82724.1258005977,43819.23788082219,44058.93373395299,67395.40030321546,13729.445551818464
2026-06-20,15674.9847469857,15022.714018133458,82724.1258005977,43782.937310602414,44058.93373395299,67967.50494729333,13583.373352838926
2026-06-21,15679.198868277259,15065.062218203217,82724.1258005977,43807.16222850194,44058.93373395299,68781.46498811655,13637.851518987436
2026-06-22,15663.618582852627,14937.00871204284,82724.1258005977,43663.05749585142,44058.93373395299,67748.97570556401,13308.634334768747
2026-06-23,15661.967754229163,14985.54998029205,82724.1258005977,43647.445383202576,44058.93373395299,68721.30806202252,13401.056984855408
2026-06-24,15649.146162818752,14822.76242810788,82724.1258005977,43529.90590336643,44058.93373395299,67610.24646783697,12987.801823510243
2026-06-25,15651.550054336773,14729.34899375536,82724.1258005977,43554.65551381717,44058.93373395299,65962.68330828227,12826.21898263667
2026-06-26,15653.622478599313,14625.425071968348,82724.1258005977,43568.04398084862,44058.93373395299,64543.47092941101,12585.21990234656
2026-06-27,15644.826752592815,14694.51172496079,82724.1258005977,43490.285493331285,44058.93373395299,64720.25863058528,12723.305705839868
2026-06-28,15638.838880309342,14644.08505732162,82724.1258005977,43432.00475105342,44058.93373395299,64661.32939686052,12597.798645217164
2026-06-29,15641.759151439031,14633.078189749338,82724.1258005977,43454.913944476815,44058.93373395299,64160.43091020008,12570.446828921438
2026-06-30,15649.77861108947,14728.005239145577,82724.1258005977,43537.964637593526,44058.93373395299,64690.7940137229,12818.126256760766
2026-07-01,15635.562430778715,14585.080684857352,82724.1258005977,43419.710154002765,44058.93373395299,62984.30162044344,12457.740453041562
2026-07-02,15640.14863248114,14709.06220822244,82724.1258005977,43431.67736879222,44058.93373395299,64710.43709163115,12687.699231612512
2026-07-03,15662.287683998784,14903.647488152666,82724.1258005977,43595.17749591143,44044.247422708344,66092.81869942445,13189.976669289736
2026-07-04,15700.017586510408,15114.717314817,82724.1258005977,43889.50074031812,44121.72327287052,67138.81259803892,13725.704461732967
2026-07-05,15706.32578966554,15151.040110716542,82724.1258005977,43908.63718798588,44154.98817810399,67782.12339953419,13767.702512988923
2026-07-06,15706.036738793546,15143.511152388637,82476.69571345732,43902.44024719974,44224.3224104867,68260.92342354785,13726.40525869998
2026-07-07,15697.48696755209,15109.79443787335,81860.92534608474,43831.75881349331,44286.36765946506,68689.38806042162,13623.795986716797
2026-07-08,15663.81584838888,14975.850723837051,79631.25824019354,43586.92641844139,44218.63344782965,68221.63726773135,13252.87425705951
2026-07-09,15631.860490038744,14822.682757135575,77385.03102781864,43363.96131811856,44016.14605703595,66922.73874104813,12873.984192922373
2026-07-10,15633.03793579082,14858.997204266903,77880.12769766136,43364.193298901446,44084.9831843151,67864.378788275,12954.865006110565
2026-07-11,15642.54752584091,14946.041893395159,79039.59651304835,43418.83602495499,44136.53693378069,68966.8465358757,13146.456696835308
2026-07-12,15635.146751860872,14889.499440882379,78273.593753619,43372.04733908284,44061.847923346795,68616.95421063494,13017.845845388238
2026-07-13,15639.479264243619,14910.612832008046,78573.36666532535,43398.80530225982,44065.51685719267,68634.14190380466,13099.834222105766
2026-07-14,15619.743442479717,14797.873272402681,78573.36666532535,43259.92320421576,43727.5774045059,67184.23721570175,12792.324740265478
2026-07-15,15650.23152335738,14999.757924836238,78573.36666532535,43439.3409855883,43890.89532501787,69838.50811805441,13255.95113334968
2026-07-16,15653.858356622155,15030.980879291137,78573.36666532535,43466.21358375002,43777.40186350674,69297.09578320819,13391.750232215576
2026-07-17,15617.695989123948,14885.860126047413,78573.36666532535,43199.44927453785,43581.995848136496,68431.5726628758,13006.13177821997
2026-07-18,15613.062625304447,14901.305552376041,78573.36666532535,43177.122735366866,43607.545451893944,68612.04344115788,13055.434423713115
2026-07-19,15613.38554643299,14912.490699465612,78573.36666532535,43133.42010640235,43746.06949403466,69590.51425946271,13028.305307582335
2026-07-20,15615.008437986882,14917.47944417467,78573.36666532535,43141.57885213999,43729.03642486303,69470.20040727466,13016.451153103983
2026-07-21,15631.24659770969,14996.533137426239,78573.36666532535,43262.62211352075,43787.284395683244,70084.04659190757,13237.789590568436
2026-07-22,15659.995686122258,15105.30991043786,78573.36666532535,43459.06601401084,44219.837321412124,71640.76051613661,13501.88542985941
2026-07-23,15653.083777055108,15073.94241218454,78573.36666532535,43417.178092750946,44069.74009166393,71100.57587365965,13428.705718955407
2026-07-24,15614.018632417477,14943.346580104091,78573.36666532535,43175.34853943148,43810.09968578243,70219.0927525268,13135.745975129092
2026-07-25,15594.563234342673,14839.40231468646,78573.36666532535,43043.49315513608,43576.07845689946,69232.0280876371,12826.617942554822
2026-07-26,15596.190639631002,14879.316460429536,78573.36666532535,43049.08409830516,43592.144740299045,69461.6065606898,12902.154888199657
2026-07-27,15615.699185644668,15019.075578590668,78338.35161049388,43194.98097117528,43658.30002488559,70406.92968502447,13249.652479390994
2026-07-28,15578.647946826444,14766.38315308728,74324.12854191774,42954.97387778402,43546.00787299647,68802.33575839407,12591.324959647382
2026-07-29,15583.543660895111,14795.967204882258,74602.77060271129,42990.80309353781,43548.58535161673,68839.16652947204,12657.543948168815
2026-07-30,15574.045605024672,14715.132120937971,73309.64381503133,42920.512114550664,43520.57675060996,68438.93881709139,12443.850761095642
2026-07-31,15580.365486092684,14772.438575024751,74213.80678498193,42978.524357905575,43557.86427464965,68971.75730535276,12600.845367741718
2026-08-01,15557.809627471748,14641.54290935234,72478.23278639854,42801.03594875666,43400.16347908414,66919.05566394034,12286.234611907494
2026-08-02,15560.558658473677,14625.402765180374,72294.2277672362,42827.460216513,43400.16347908414,66885.90796997015,12176.717912071908
2026-08-03,15564.175074656087,14732.342624150557,73342.51396481146,42839.70006439181,43400.16347908414,67543.95107989662,12405.204552031595
2026-08-04,15571.180210303217,14732.677264313661,73342.51396481146,42915.94923520544,43400.16347908414,67681.4526252544,12408.362093061962
2026-08-05,15585.454982668705,14776.094424793027,73342.51396481146,43088.37278030896,43400.16347908414,68174.98495769924,12595.595924858544
2026-08-06,15582.137621952004,14818.38539982617,73342.51396481146,43067.03612761016,43385.696757924445,68628.00344195832,12963.940506390265
2026-08-07,15582.488499250183,14761.82454185763,73342.51396481146,43019.681040548,43375.68996213122,68485.5911271235,12650.894659462216
2026-08-08,15568.040105224825,14711.957143090583,73342.51396481146,42824.50494993943,43406.573004320664,68925.10499532065,12414.934054819292
2026-08-09,15577.243107300366,14800.30499436741,73342.51396481146,42944.25573667145,43395.01804219758,68965.61884350643,12645.15280197346
2026-08-10,15588.808634160396,14788.913840577341,73342.51396481146,43120.82483000994,43383.85604927967,68885.81883950415,12646.656475213498
2026-08-11,15589.982971887664,14759.965020619322,73342.51396481146,43180.22763263957,43241.476222511534,67968.73263966259,12591.275359837482
2026-08-12,15583.389917503415,14792.683199714036,73342.51396481146,43119.01712870939,43198.409112476715,67562.36646543561,12680.898355679836
2026-08-13,15579.80998465967,14736.281627350145,73342.51396481146,43107.56646907908,43198.409112476715,67532.90184857324,12552.565775356743
2026-08-14,15600.577021567267,14795.94848795862,73342.51396481146,43316.17742027263,43198.409112476715,67541.4956951581,12750.220092578571
2026-08-15,15585.554058969103,14728.715714295853,73342.51396481146,43154.08239914615,43198.409112476715,66857.67104547704,12556.750306078973
2026-08-16,15594.73670784173,14725.995193999439,73342.51396481146,43141.20698054136,43198.409112476715,66919.05566394034,12499.660355957118
2026-08-17,15585.788214554284,14683.41438230063,73342.51396481146,43066.15831396425,43198.409112476715,66662.46795876378,12408.691147759257
2026-08-18,15599.747892962658,14762.953288163015,73342.51396481146,43190.62231331233,43184.00964277255,68344.40650465793,12573.697924805148
2026-08-19,15618.305805170645,14758.652223043333,73342.51396481146,43395.65309601772,43202.71954670354,68610.8157487886,12622.617877262996
2026-08-20,15701.640490302088,15248.590787355888,73342.51396481146,43852.741282938194,43443.80585674081,72857.40365407901,13632.04271725398
2026-08-21,15862.487158406475,15631.142209236717,73342.51396481146,45220.19132159905,44735.13935006363,76750.41615702087,14550.431411045967
2026-08-22,16168.45583860415,16276.910925535414,73342.51396481146,47377.9899310759,46560.761567208465,82254.16104843946,16009.054643052623
2026-08-23,16160.02614726967,16210.778080849177,73342.51396481146,47658.38766770499,46067.603301546544,80767.42558925858,16119.346435522726
2026-08-24,16246.029925114639,16367.944367122971,73123.14453121784,48443.55504577821,46366.51177966037,81668.55178829968,16596.724153725994
2026-08-25,16208.372453171572,16320.160960048239,72126.38193650232,47898.4667270578,46847.453077551974,83118.45647640259,16286.308499658568
2026-08-26,16102.638906722663,16132.276358023604,69586.53133353998,46966.530019565034,46685.781870724735,82631.06260580407,15704.862314002947
2026-08-27,16187.319158866208,16268.739159926095,71411.26499331315,47755.769245431016,46890.6196970071,83248.59186754476,16170.431846763711
2026-08-28,16269.880067650134,16405.37307127922,72895.1006156487,48384.33567777836,47336.9462528828,84594.14270426008,16493.70305180978
2026-08-29,16134.342813361609,16180.191292893305,69846.45985324096,47254.782858630984,46636.09953512544,82481.28413675363,15808.891426625696
2026-08-30,16172.468746424893,16227.12453815131,70456.23440576805,47678.459820153716,46793.291187103554,82955.17339129024,16034.258319344986
2026-08-31,16063.19486606213,16027.165015342682,67539.73937019525,46622.30089508799,46564.83388979857,82266.43797213212,15290.822948465786
2026-09-01,16106.537557185584,16123.070549462313,68775.35392436973,46983.48825948975,46815.28172909013,83021.46877923059,15552.18993220611
2026-09-02,16101.108296144854,16094.385513634696,67888.47221253606,46999.05757131148,46453.58110947256,81990.20718904732,15499.753107895825
2026-09-03,16083.04012752258,16084.968833915005,67747.22182773726,46784.83863402185,46437.498702875906,81926.36718584549,15452.782971922903
2026-09-04,16213.470457755011,16387.168626488856,70570.54664462653,47858.55397824393,47358.81464223012,85765.36122453965,16297.09566446446
2026-09-05,16166.510282540818,16305.77397181357,69916.8393986403,47501.085955185976,46712.28295550549,84261.43807218905,16067.320062264223
2026-09-06,16240.05280426435,16468.36408354411,70785.49077800712,48069.225572599724,46787.75563403743,84436.99808099406,16533.698435591818
2026-09-07,16365.897777457725,16745.414692887734,73489.9999190211,49072.90055656248,47015.229231570745,84966.13349214762,17329.199706320116
2026-09-08,16310.064412885451,16680.1361324181,73120.81673686208,48783.68589621447,46365.21924692491,83524.82265062958,17244.857052003208
2026-09-09,16280.228455723216,16627.143638267084,72391.92698996403,48515.86974306463,46161.771584163376,82865.55184833384,17059.317410223484
2026-09-10,16181.535375991978,16459.74959216253,70204.81450776047,47710.41522939353,46088.27280096833,82627.37952869627,16515.687830895284
2026-09-11,16072.574891807391,16236.684092019972,67260.25799219219,46718.73744258356,45556.9470522686,80951.57944464845,15837.94836769753
2026-09-12,16096.335777005193,16299.027322852451,67907.31236356124,46822.91425663834,45755.68270399209,81745.89640756343,15980.806721881307
2026-09-13,16117.739867276043,16332.783423936155,68380.0499951885,47058.06960691482,45779.94872638182,81842.88410473542,16108.395575755574
2026-09-14,16060.294557795685,16201.157544896758,66603.52866869801,46557.574206841644,45665.069076081076,81383.72715863,15686.979979308273
2026-09-15,16146.677365985546,16390.97357659879,68914.32364135905,47259.274447203745,46087.420731598526,83071.8041663705,16240.909698632391
2026-09-16,16020.176016673144,16073.118725493812,65121.73005373945,46346.4322749636,45428.5521489913,80438.40403429534,15349.55930346996
2026-09-17,16087.698121505968,16274.959671556382,67597.9697056163,46920.83811641057,45703.15751628774,81535.96101241896,15966.711988433832
2026-09-18,16219.3342159725,16608.959420476676,71919.27482224334,48167.409436692615,45737.55997840989,81673.46255777674,17063.587160084957
2026-09-19,16440.15143626553,17131.320441808755,78537.99614779731,50126.599732914976,46865.67954710343,86360.79202363358,18695.26549640961
2026-09-20,16431.83674810729,17182.55222207008,78889.41143060935,49972.61052253314,47016.095819103415,86716.82281072065,18744.34862112059
2026-09-21,16517.385615758612,17285.474822412456,80728.6708518791,50857.73778632851,47054.47790230341,86807.67204604633,19225.29443514451
2026-09-22,16841.826909766303,17827.429262816135,86727.9147909602,53363.92833017306,49556.57478550316,92730.06003538455,20666.13031145579
2026-09-23,16906.78013551241,17918.34016275733,88071.41859251392,54105.819018220674,49427.424262303175,92424.36463543736,21100.58694317919
2026-09-24,16676.780462034058,17599.005840211674,83462.14880158645,51901.92583875359,48849.61830710323,91056.71533607527,19948.15884420243
2026-09-25,16875.90751206678,17898.667963849402,87460.29871316007,53697.9901623393,48861.02919670323,91083.72456819912,20993.91353688386
2026-09-26,17079.428116035408,18208.760677323247,92292.77057137004,55771.055097368175,48671.71216470325,90635.6168534171,22264.211104691753
2026-09-27,17084.179905315832,18217.04172148188,92496.7781517944,55873.1328248883,48848.06227670323,91053.03225896746,22333.484171974815
2026-09-28,17179.817631736045,18359.112479268802,95328.77497040974,57117.777129215516,48882.81362230323,91135.28764770828,23074.91345268874
2026-09-29,17008.52041747563,18128.660771442286,91072.87985976099,54953.59782016886,48452.31187830327,90116.30298121765,21811.891930374866
2026-09-30,17011.431582346428,18131.88008979368,91608.4573514021,55306.921293197425,48646.29700150325,90575.45992732307,21919.094342685075
