time,S6,HB1,HB3
2021-08-03 16:00:00,10000.0,9970.089730807578,9970.089730807576
2021-08-03 20:00:00,10000.0,9925.798869313156,9887.092939248676
2021-08-04 00:00:00,10000.0,9969.160551895107,9902.646084932983
2021-08-04 04:00:00,10000.0,9909.383375192845,9799.902481631718
2021-08-04 08:00:00,10000.0,9864.782787394264,9784.269885128531
2021-08-04 12:00:00,10000.0,9967.611920374324,9924.921045537645
2021-08-04 16:00:00,9990.0,10285.700834743364,10362.890171591986
2021-08-04 20:00:00,10017.156667404619,10403.706556627107,10514.327300638355
2021-08-05 00:00:00,10055.825400339458,10394.72449380656,10510.066399833968
2021-08-05 04:00:00,10039.738026713894,10322.248538633867,10601.824376703891
2021-08-05 08:00:00,9995.75603276511,10157.474144822447,10435.521010126136
2021-08-05 12:00:00,9923.141465574496,9937.258742566957,10303.648437047344
2021-08-05 16:00:00,10090.361596930115,10146.323997872802,10553.11833730753
2021-08-05 20:00:00,10134.677699800752,10648.080610606827,10800.684000543242
2021-08-06 00:00:00,10185.297254023913,10688.035303843055,10898.735985279283
2021-08-06 04:00:00,10057.69725144179,10522.331731119164,10622.90691974973
2021-08-06 08:00:00,10110.76550356793,10673.168441243528,10792.887165946857
2021-08-06 12:00:00,10061.42597055716,10624.231685186753,10733.680003708108
2021-08-06 16:00:00,10355.475930236633,11110.501982712938,11306.978541755763
2021-08-06 20:00:00,10518.89018932287,11286.73624977816,11513.726453029842
2021-08-07 00:00:00,10463.447879506894,11261.338692837302,11399.49556784939
2021-08-07 04:00:00,10582.849885998196,11495.182052475691,11586.859437595156
2021-08-07 08:00:00,10549.372379903325,11383.061130370927,11548.444943757408
2021-08-07 12:00:00,10837.183389686377,11550.313334615601,11859.672868330723
2021-08-07 16:00:00,10626.180076585271,11410.626771440882,11621.36656376135
2021-08-07 20:00:00,10684.756374636489,11554.030050265483,11685.55740925149
2021-08-08 00:00:00,10894.725130133964,11713.229370602081,11914.89599305362
2021-08-08 04:00:00,10766.79624872265,11655.000825420602,11772.07063488973
2021-08-08 08:00:00,10842.711602080595,11790.660946641283,11853.536847542267
2021-08-08 12:00:00,10714.242492626374,11685.044276923813,11711.664377316974
2021-08-08 16:00:00,10520.615294250827,11554.33977656964,11510.195285768605
2021-08-08 20:00:00,10435.414611622662,11471.95257966393,11394.25948726778
2021-08-09 00:00:00,10514.17137711677,11545.66744005325,11508.770213042426
2021-08-09 04:00:00,10397.730998918336,11460.182980105972,11349.876010092177
2021-08-09 08:00:00,10423.059319339216,11540.402092882585,11421.543409579217
2021-08-09 12:00:00,10835.371092956993,12100.696977102245,11996.151538991127
2021-08-09 16:00:00,10884.321378388191,12106.581776881225,12118.328101498886
2021-08-09 20:00:00,10876.34812464052,12140.03221773016,12057.185843268759
2021-08-10 00:00:00,10914.37026260845,12210.030362469599,12029.434880156694
2021-08-10 04:00:00,10803.298911080055,12059.193652345233,12021.070257001074
2021-08-10 08:00:00,10860.159206478089,12137.864133601062,12117.194022781974
2021-08-10 12:00:00,10870.32025811173,11991.363591734893,12142.956365994776
2021-08-10 16:00:00,10791.10089462244,11941.497656765647,12047.412824796116
2021-08-10 20:00:00,10885.857469120177,12033.176642796063,12155.17802744966
2021-08-11 00:00:00,10897.366239595915,12048.662958003903,12169.741122368552
2021-08-11 04:00:00,10993.973592575749,12049.282410612215,12286.874034911256
2021-08-11 08:00:00,11219.028015720854,12262.683834176256,12537.910343447194
2021-08-11 12:00:00,11167.845786964304,12144.368385988355,12485.579999948579
2021-08-11 16:00:00,11217.009107607817,12261.444928959629,12534.070039690443
2021-08-11 20:00:00,11287.210806812078,12255.560129180649,12622.143675532167
2021-08-12 00:00:00,10967.684649613337,12018.619506500692,12256.364944581475
2021-08-12 04:00:00,11165.648978739358,12113.395755572676,12487.723653805264
2021-08-12 08:00:00,10910.549186133387,11949.860266977881,12193.592444506978
2021-08-12 12:00:00,10716.891161168525,11816.987682494611,11999.918491388536
2021-08-12 16:00:00,10646.39791712831,11668.628782803502,11791.412831256857
2021-08-12 20:00:00,10646.39791712831,11722.521159726786,11963.949245040729
2021-08-13 00:00:00,10646.39791712831,11724.689243855884,11953.784207965764
2021-08-13 04:00:00,10646.39791712831,11929.108604599376,12262.896024585425
2021-08-13 08:00:00,10635.751519211182,12181.535542487172,12563.906305768209
2021-08-13 12:00:00,10659.069211969676,12156.757438154627,12558.737929954026
2021-08-13 16:00:00,10643.14025313054,12176.579921620663,12537.010246542544
2021-08-13 20:00:00,10629.13044595877,12201.667752257365,12542.64369558751
2021-08-14 00:00:00,10697.26969122868,12541.43750791738,12886.273456062645
2021-08-14 04:00:00,10605.386167955636,12476.704710348607,12776.06133610507
2021-08-14 08:00:00,10671.328201141276,12511.703782718327,12854.790371742087
2021-08-14 12:00:00,10483.419017996293,12254.011497659865,12628.392427122395
2021-08-14 16:00:00,10552.021257764354,12342.902946952869,12711.265416947741
2021-08-14 20:00:00,10512.267134600452,12360.247619985648,12663.734853292202
2021-08-15 00:00:00,10551.5880031803,12365.512967156315,12710.079266303652
2021-08-15 04:00:00,10549.121002779482,12324.009642399302,12705.377459333962
2021-08-15 08:00:00,10279.202668219657,12028.53074823371,12404.102141656858
2021-08-15 12:00:00,10544.90921656645,12088.61765124013,12737.182018037429
2021-08-15 16:00:00,10704.77455045802,12149.324006854864,12943.778444339916
2021-08-15 20:00:00,11051.85312950112,12179.367458358074,13429.955764573071
2021-08-16 00:00:00,11092.539144849276,12339.8056839113,13660.133710921502
2021-08-16 04:00:00,11515.232299586589,12438.918101241477,14128.297785796454
2021-08-16 08:00:00,11772.014792680131,12439.227827545634,14450.376754852097
2021-08-16 12:00:00,11770.95925926308,12502.411993593623,14493.55003577887
2021-08-16 16:00:00,12209.389457672793,12194.544047261757,14816.769394946987
2021-08-16 20:00:00,11856.361508460857,12123.306997305692,14310.0304082984
2021-08-17 00:00:00,11784.969066434849,12079.635588419584,14172.326554715408
2021-08-17 04:00:00,12602.527676732672,12220.56105681093,15247.1530926593
2021-08-17 08:00:00,12783.215806215161,12101.626156014716,15389.927203225212
2021-08-17 12:00:00,12465.500247682756,12333.301431524007,15217.81616335571
2021-08-17 16:00:00,12454.369168012036,12092.644093194169,15009.972496473441
2021-08-17 20:00:00,12062.094567202468,12033.176642796063,14467.999219206435
2021-08-18 00:00:00,11984.848712590996,11824.111387490218,14165.41465393771
2021-08-18 04:00:00,12158.723853654337,11908.976394829184,14447.168200252154
2021-08-18 08:00:00,12263.125704359034,11879.24266963013,14531.173124258781
2021-08-18 12:00:00,12863.628261077789,11827.8281031401,15184.527395132254
2021-08-18 16:00:00,13093.062842911368,12134.766870559495,15710.334035313535
2021-08-18 20:00:00,12754.428531204674,11890.083090275617,15119.13868105692
2021-08-19 00:00:00,12691.86418684855,11840.526881610529,15014.77245065405
2021-08-19 04:00:00,12488.338152524408,11705.176486694005,14682.939731083272
2021-08-19 08:00:00,12601.280228148884,11847.960312910292,14885.603407293172
2021-08-19 12:00:00,12446.020858258995,11716.946086251963,14630.056000152104
2021-08-19 16:00:00,12771.604938627599,12129.191797084672,15274.083268605207
2021-08-19 20:00:00,12678.046294843516,12380.689556059999,15358.94078270205
2021-08-20 00:00:00,12699.111540824964,12389.052166272231,15449.21149950431
2021-08-20 04:00:00,12676.767237019092,12478.872794477706,15456.424330223754
2021-08-20 08:00:00,12567.886630397672,12402.370397350975,15330.92425081935
2021-08-20 12:00:00,12621.589886531381,12446.041806237085,15386.442039816062
2021-08-20 16:00:00,12910.375304332203,12898.861662914334,15800.287438603198
2021-08-20 20:00:00,13281.160244549772,12897.932484001863,16221.441325982574
2021-08-21 00:00:00,13406.83389711189,13067.662498679794,16373.188456970627
2021-08-21 04:00:00,13474.30795364649,12991.160101553063,16459.138495401854
2021-08-21 08:00:00,13456.435410881393,13019.964647839646,16445.585638665907
2021-08-21 12:00:00,13125.60677525014,12897.622757697707,16044.80397971922
2021-08-21 16:00:00,13170.576840038533,13083.45854019179,16094.86606646394
2021-08-21 20:00:00,12891.44813206708,13010.982585019097,15766.997385118619
2021-08-22 00:00:00,12868.937578983485,12947.488692666953,15808.54680733994
2021-08-22 04:00:00,12874.269627307209,12952.754039837619,15860.9096863423
2021-08-22 08:00:00,12943.02062026799,13067.04304607148,16076.682134012659
2021-08-22 12:00:00,12929.09030930771,13045.67193108466,16194.221057984852
2021-08-22 16:00:00,12812.986581077763,12878.110000535828,15793.091358043679
2021-08-22 20:00:00,12818.000551779414,12902.578378564216,15656.839351056477
2021-08-23 00:00:00,12915.300843083402,13053.105362384424,15762.867031292291
2021-08-23 04:00:00,13065.638691524671,13286.948722022811,16213.522810601307
2021-08-23 08:00:00,13040.020290387203,13251.020470740623,15942.82630123161
2021-08-23 12:00:00,13083.576653046444,13327.522867867354,15957.59338324509
2021-08-23 16:00:00,12981.740071549855,13083.45854019179,15763.61864692327
2021-08-23 20:00:00,12930.856780457078,12983.7266702533,15763.290342256627
2021-08-24 00:00:00,12954.320697927265,13060.538793684187,16084.089490969842
2021-08-24 04:00:00,12955.468340098418,13022.752184577057,16308.215030418361
2021-08-24 08:00:00,12976.743860348213,13140.7579064608,16308.592291785526
2021-08-24 12:00:00,12958.469865776811,13061.777698900814,16302.580108122285
2021-08-24 16:00:00,12862.952137552931,12729.441374540562,15452.980198546116
2021-08-24 20:00:00,12862.952137552931,12717.362048678446,15423.907969135802
2021-08-25 00:00:00,12862.952137552931,12576.4365802871,15231.155275259718
2021-08-25 04:00:00,12862.952137552931,12666.56693479673,15293.343764485173
2021-08-25 08:00:00,12862.952137552931,12713.335606724408,15368.579901312463
2021-08-25 12:00:00,12862.952137552931,12558.162728341847,14916.999171824604
2021-08-25 16:00:00,12862.952137552931,12869.747390323595,15459.125673890097
2021-08-25 20:00:00,12862.952137552931,12811.518845142115,15339.785123149075
2021-08-26 00:00:00,12862.952137552931,12892.976863135355,15531.317887668265
2021-08-26 04:00:00,12862.952137552931,12611.12592635266,15182.014888112099
2021-08-26 08:00:00,12862.952137552931,12347.858567819378,14773.729843295285
2021-08-26 12:00:00,12862.952137552931,12349.097473036005,14702.594590880852
2021-08-26 16:00:00,12862.952137552931,12332.681978915693,15429.263615967167
2021-08-26 20:00:00,12862.952137552931,12372.326945847764,15465.989756644636
2021-08-27 00:00:00,12862.952137552931,12349.097473036005,15466.408851328386
2021-08-27 04:00:00,12850.089185415378,12353.743367598356,16100.010634645085
2021-08-27 08:00:00,12864.05185200081,12506.128709243505,16212.726695908403
2021-08-27 12:00:00,12892.718565698335,12506.748161851818,16310.200216977468
2021-08-27 16:00:00,12894.201326751654,12671.832281967396,16466.862728753582
2021-08-27 20:00:00,13055.019119326344,12692.5839443459,16754.07778305845
2021-08-28 00:00:00,13156.392848284635,12882.136442489867,17076.72339112636
2021-08-28 04:00:00,13064.998607148253,12855.190254028224,16924.16965688137
2021-08-28 08:00:00,13058.438200357414,12853.64162250744,16934.589671321886
2021-08-28 12:00:00,13331.868726096116,12790.147730155295,17418.15772920892
2021-08-28 16:00:00,13486.114539091945,12819.571729050193,17686.595589641867
2021-08-28 20:00:00,13407.62229834322,12780.546214726435,17549.62708233585
2021-08-29 00:00:00,13558.332878012785,12839.08448621207,17823.937777211664
2021-08-29 04:00:00,13319.880642957909,12682.672702612885,17435.111983804738
2021-08-29 08:00:00,13354.231274026493,12757.316741914674,17566.05220641398
2021-08-29 12:00:00,13227.702330809836,12658.82377719281,17265.30479362039
2021-08-29 16:00:00,13244.568737791353,12739.972068881892,17331.80307497605
2021-08-29 20:00:00,13336.994176781645,12822.66899209176,17572.798502234302
2021-08-30 00:00:00,13340.021480598842,12810.279939925487,17573.718443005775
2021-08-30 04:00:00,13521.968618183342,12586.657548324274,17746.706077408373
2021-08-30 08:00:00,13664.00477074931,12590.993716582469,18035.049887632158
2021-08-30 12:00:00,13691.497631946288,12586.347822020118,18093.59911850338
2021-08-30 16:00:00,13946.717878249032,12620.417715477366,18613.966078972677
2021-08-30 20:00:00,14126.756896728903,12765.36962582275,19172.115617869633
2021-08-31 00:00:00,13998.753872901152,12341.354315432083,18955.34223486125
2021-08-31 04:00:00,14248.537328675055,12361.486525202276,19420.594509839575
2021-08-31 08:00:00,14478.514549783886,12515.730224672365,20075.168078496004
2021-08-31 12:00:00,14829.490760655459,12551.658475954555,20642.63280678628
2021-08-31 16:00:00,14366.800652501894,12443.56399580383,19800.770333471482
2021-08-31 20:00:00,14311.475648257183,12415.688628429718,19656.826982051687
2021-09-01 00:00:00,13971.564277382333,12357.769809552394,19031.141647470708
2021-09-01 04:00:00,13993.338576563521,12349.097473036005,19331.921908936733
2021-09-01 08:00:00,14101.01929048299,12379.760377147528,19346.88855530414
2021-09-01 12:00:00,14119.051131992412,12515.420498368208,19979.728348620214
2021-09-01 16:00:00,14177.90978446656,12422.812333425323,20067.47292609481
2021-09-01 20:00:00,14366.053338329013,12592.542348103254,20088.345503194454
2021-09-02 00:00:00,14523.746895680273,12766.918257343536,19902.18181640859
2021-09-02 04:00:00,14428.33094687963,12982.487765036672,20193.680372562827
2021-09-02 08:00:00,14398.324562056674,13041.026036522308,20204.564466537144
2021-09-02 12:00:00,14452.78989669238,13083.768266495947,20319.88962941912
2021-09-02 16:00:00,14392.586583141672,12941.603892887973,20888.076822309722
2021-09-02 20:00:00,14384.337497191027,12871.605748148535,21388.769561678524
2021-09-03 00:00:00,14421.604703211688,12857.358338157323,21497.612822658804
2021-09-03 04:00:00,14702.132655366207,12908.772904647352,22212.716442584664
2021-09-03 08:00:00,14979.124431421018,12859.836148590577,23080.735048344923
2021-09-03 12:00:00,15117.319542720119,13095.22813974975,22861.003312342575
2021-09-03 16:00:00,15177.000372134607,13178.54451556793,22941.456259522303
2021-09-03 20:00:00,15231.219368249689,13171.730536876481,23171.401228672436
2021-09-04 00:00:00,15288.848396482834,13036.070415655799,23446.378727342948
2021-09-04 04:00:00,15354.634969363375,13107.61719191602,23643.426613165975
2021-09-04 08:00:00,15270.476384479902,13094.608687141435,23411.904793417358
2021-09-04 12:00:00,15071.49174968511,13028.636984356035,22963.634976722053
2021-09-04 16:00:00,15135.298066855179,13012.84094284404,23065.014479938887
2021-09-04 20:00:00,14941.394499269907,13043.503846955562,22654.055686789387
2021-09-05 00:00:00,14972.119122951626,13022.132731968743,22685.83701563933
2021-09-05 04:00:00,14952.45340630358,12977.84187047432,22769.70344199486
2021-09-05 08:00:00,14961.147480664997,13015.938205885606,22691.010053746824
2021-09-05 12:00:00,15102.562102235703,13093.679508228965,22902.35323137299
2021-09-05 16:00:00,14934.262320070195,13089.033613666614,22473.487151843277
2021-09-05 20:00:00,15055.025845862689,13203.012893596318,22682.103374182854
2021-09-06 00:00:00,15318.400516399583,13478.359577991718,23185.580915323888
2021-09-06 04:00:00,15229.222209385702,13459.775999742309,23050.334775857795
2021-09-06 08:00:00,15487.57685466146,13526.057428831866,23623.208999905597
2021-09-06 12:00:00,15270.397765771733,13421.060211722708,23194.394448199615
2021-09-06 16:00:00,15623.811260735862,13472.474778212738,24105.483918628073
2021-09-06 20:00:00,16011.518353135863,13510.880839928182,25165.43976171119
2021-09-07 00:00:00,16148.73646771708,13746.892283695668,25410.18378006723
2021-09-07 04:00:00,16422.541041897835,13738.219947179277,26255.714115436756
2021-09-07 08:00:00,16815.015136318376,13656.452202881881,27571.46837050525
2021-09-07 12:00:00,16504.317393190006,13310.178194834572,26795.177599824732
2021-09-07 16:00:00,16208.09224959286,12341.973768040398,25275.55083638382
2021-09-07 20:00:00,16229.614551967818,12233.569561585515,25217.153019366728
2021-09-08 00:00:00,16213.570653833758,12283.745222858917,25211.806278685974
2021-09-08 04:00:00,16206.135676649683,12192.685689436817,25159.721935080357
2021-09-08 08:00:00,15488.244802293191,11803.359725111712,22761.677640255082
2021-09-08 12:00:00,15488.244802293191,12190.827331611876,23975.814379881824
2021-09-08 16:00:00,15488.244802293191,12088.927377544287,24464.544651020464
2021-09-08 20:00:00,15472.756557490899,12179.057732053918,27342.554816216456
2021-09-09 00:00:00,15381.258469721424,12076.538325378015,26942.17891564627
2021-09-09 04:00:00,15906.119075933311,12061.981189082646,28780.470796572845
2021-09-09 08:00:00,15817.441134704673,12136.625228384435,28530.70914633124
2021-09-09 12:00:00,15787.359571602381,12128.2626181722,28388.002272805774
2021-09-09 16:00:00,15645.098846097786,12320.912379357735,28001.402562716645
2021-09-09 20:00:00,15222.390214587438,12204.455288994775,26361.44918579325
2021-09-10 00:00:00,15292.893878108438,12153.040722504746,26547.268769734103
2021-09-10 04:00:00,15453.328881320667,12230.782024848104,27198.715734545385
2021-09-10 08:00:00,15136.219070283994,12074.989693857231,25920.920077438383
2021-09-10 12:00:00,15195.755497257283,12129.191797084672,26147.778872657065
2021-09-10 16:00:00,15067.068763752983,11904.020773962675,25536.353504059887
2021-09-10 20:00:00,15067.068763752983,11969.063297835602,25720.971479320226
2021-09-11 00:00:00,15067.068763752983,11768.050926437836,25352.517678800567
2021-09-11 04:00:00,15067.068763752983,11860.039638772407,25670.34693084891
2021-09-11 08:00:00,15067.068763752983,11817.297408798768,25345.00972766309
2021-09-11 12:00:00,15067.068763752983,11965.966034794035,25715.004202058393
2021-09-11 16:00:00,15067.068763752983,11975.877276527053,26430.452814373588
2021-09-11 20:00:00,15067.068763752983,11901.852689833577,25756.030976642447
2021-09-12 00:00:00,15067.068763752983,11855.393744210056,25392.850289674512
2021-09-12 04:00:00,15067.068763752983,11896.897068967068,25523.289088369136
2021-09-12 08:00:00,15067.068763752983,11908.35694222087,25421.113705513584
2021-09-12 12:00:00,15067.068763752983,12102.24560862303,25758.019928305177
2021-09-12 16:00:00,15067.068763752983,12036.27390583763,25673.138031000122
2021-09-12 20:00:00,15067.068763752983,12026.672390408768,25490.635528072376
2021-09-13 00:00:00,15067.068763752983,12069.104894078251,25196.733086863394
2021-09-13 04:00:00,15067.068763752983,11711.061286472985,23021.779097879356
2021-09-13 08:00:00,15067.068763752983,11691.858255615261,22818.563995061566
2021-09-13 12:00:00,15067.068763752983,11808.005619674064,23662.002521396986
2021-09-13 16:00:00,15067.068763752983,11650.045204554093,23143.083811229077
2021-09-13 20:00:00,15067.068763752983,11744.821453626077,23952.911342771273
2021-09-14 00:00:00,15067.068763752983,11794.067935987008,24421.259996545756
2021-09-14 04:00:00,15067.068763752983,11856.322923122527,24406.009552520736
2021-09-14 08:00:00,15067.068763752983,11988.885781301638,24257.611970004193
2021-09-14 12:00:00,15067.068763752983,12060.122831257704,24246.931654978707
2021-09-14 16:00:00,15052.00169498923,12253.082318747394,23810.884774798094
2021-09-14 20:00:00,15027.753823483818,12193.924594653445,23265.631958913058
2021-09-15 00:00:00,15100.243533586385,12370.77831432698,23870.89439722529
2021-09-15 04:00:00,15089.833452625946,12345.380757386123,23637.81872479452
2021-09-15 08:00:00,15102.401721102575,12376.043661497646,24124.637314154614
2021-09-15 12:00:00,15142.264714048644,12473.297721002884,23765.531747909605
2021-09-15 16:00:00,15211.461243662072,12679.26571326716,24362.441234032885
2021-09-15 20:00:00,15229.210085876608,12605.55085287784,24349.361615874757
2021-09-16 00:00:00,15348.550090985473,12616.700999827484,24171.372384996073
2021-09-16 04:00:00,15199.138016601248,12485.377046864998,23690.14290323198
2021-09-16 08:00:00,15440.292065760119,12718.91068019923,24472.275692605024
2021-09-16 12:00:00,15379.432432359621,12606.789758094466,24212.65468147055
2021-09-16 16:00:00,15387.091320443094,12643.027735680813,23891.237451142595
2021-09-16 20:00:00,15243.619005257822,12488.164583602409,23534.869113742578
2021-09-17 00:00:00,15290.769547944632,12575.197675070473,23564.30730895484
2021-09-17 04:00:00,15297.485001380197,12620.417715477366,23229.225478063403
2021-09-17 08:00:00,15203.46662500478,12554.446012691966,22646.220469504704
2021-09-17 12:00:00,15037.60199767978,12450.997427103594,22037.33692394736
2021-09-17 16:00:00,15075.179850902827,12542.676413134008,22724.585971499655
2021-09-17 20:00:00,15080.257939176212,12555.06546530028,22694.43248247185
2021-09-18 00:00:00,15058.422159600657,12501.792540985309,22951.428582136752
2021-09-18 04:00:00,15123.929498327321,12661.611313930222,22833.932127351552
2021-09-18 08:00:00,15202.639866564783,12853.64162250744,24183.457285888777
2021-09-18 12:00:00,15169.759244994617,12773.422509730828,24397.475913921422
2021-09-18 16:00:00,15163.847729337453,12796.032529934275,24692.367085734273
2021-09-18 20:00:00,15106.122404431533,12747.0957738775,24509.446812274087
2021-09-19 00:00:00,15315.426155440242,12775.280867555768,25127.947326441674
2021-09-19 04:00:00,15111.280282507103,12648.293082851478,24634.495621856055
2021-09-19 08:00:00,15027.978537007188,12744.308237140089,24444.653523956695
2021-09-19 12:00:00,14845.076878409542,12520.995571843032,23647.96323324523
2021-09-19 16:00:00,14963.510229620295,12601.834137227957,24090.975594396965
2021-09-19 20:00:00,14802.339461153064,12519.756666626405,23524.01502966447
2021-09-20 00:00:00,14742.518666802061,12486.615952081625,23360.219692245184
2021-09-20 04:00:00,14742.518666802061,12058.264473432764,22289.528962273478
2021-09-20 08:00:00,14742.518666802061,11851.677028560174,21553.500629437258
2021-09-20 12:00:00,14742.518666802061,11581.905417639597,21189.514883069765
2021-09-20 16:00:00,14742.518666802061,11585.31240698532,21838.049172583815
2021-09-20 20:00:00,14742.518666802061,11588.099943722733,21331.183497792714
2021-09-21 00:00:00,14742.518666802061,11370.98180450881,20559.345795410998
2021-09-21 04:00:00,14742.518666802061,11264.43595587887,20888.77187737699
2021-09-21 08:00:00,14742.518666802061,11451.200917285423,21775.155082132384
2021-09-21 12:00:00,14742.518666802061,11429.829802298604,21672.7006526747
2021-09-21 16:00:00,14742.518666802061,11394.521003624728,21207.734780888874
2021-09-21 20:00:00,14742.518666802061,11099.971288371606,19789.944888994218
2021-09-22 00:00:00,14742.518666802061,10769.493321836295,19278.47395529887
2021-09-22 04:00:00,14742.518666802061,11121.652129662583,19978.37235564729
2021-09-22 08:00:00,14742.518666802061,11242.755114587893,20501.076361877498
2021-09-22 12:00:00,14742.518666802061,11082.316889034668,19994.539225380882
2021-09-22 16:00:00,14742.518666802061,11412.485129265824,21471.390777645887
2021-09-22 20:00:00,14742.518666802061,11508.81000985859,22045.715642212614
2021-09-23 00:00:00,14742.518666802061,11557.746765915364,22285.871466723587
2021-09-23 04:00:00,14742.518666802061,11676.991393015735,22450.2281606263
2021-09-23 08:00:00,14742.518666802061,11715.707181035335,22742.97552168517
2021-09-23 12:00:00,14742.518666802061,11532.968661582821,21886.091937342204
2021-09-23 16:00:00,14742.518666802061,11550.003608311445,22071.070538298427
2021-09-23 20:00:00,14727.776148135257,11812.651514236417,22539.3586475548
2021-09-24 00:00:00,14743.238030897577,11849.818670735232,22575.305118457756
2021-09-24 04:00:00,14672.757615306007,11680.39838236146,21944.115441212452
2021-09-24 08:00:00,14736.409032677553,11833.403176614922,21993.018835074843
2021-09-24 12:00:00,14374.021155435703,10995.283797566606,20485.868661118497
2021-09-24 16:00:00,14374.021155435703,11109.882530104624,20832.018203885375
2021-09-24 20:00:00,14374.021155435703,11217.977010255348,20984.14137644144
2021-09-25 00:00:00,14374.021155435703,11330.097932360113,21139.838307572274
2021-09-25 04:00:00,14374.021155435703,11289.52378651557,21171.39992576773
2021-09-25 08:00:00,14374.021155435703,11210.543578955587,21119.086189874935
2021-09-25 12:00:00,14374.021155435703,11253.595535233382,21193.170818344413
2021-09-25 16:00:00,14374.021155435703,11292.62104955714,21059.943567260074
2021-09-25 20:00:00,14374.021155435703,11298.50584933612,20931.33858394589
2021-09-26 00:00:00,14374.021155435703,11293.55022846961,20806.174137755475
2021-09-26 04:00:00,14374.021155435703,11172.447243544299,20204.883541780415
2021-09-26 08:00:00,14374.021155435703,10931.170452606148,19641.49304063411
2021-09-26 12:00:00,14374.021155435703,11396.998814057983,20834.11138587052
2021-09-26 16:00:00,14374.021155435703,11455.227359239463,21424.044165083767
2021-09-26 20:00:00,14374.021155435703,11434.785423165113,21064.84082883466
2021-09-27 00:00:00,14374.021155435703,11405.361424270217,20957.514106293358
2021-09-27 04:00:00,14374.021155435703,11654.691099116446,21543.113687831323
2021-09-27 08:00:00,14374.021155435703,11579.427607206342,21344.023029774133
2021-09-27 12:00:00,14359.647134280269,11601.108448497318,22247.098067836087
2021-09-27 16:00:00,14285.132914214531,11476.288747922124,21934.871317712066
2021-09-27 20:00:00,14231.908471310435,11399.786350795393,21667.47351747052
2021-09-28 00:00:00,13974.57779423393,11178.332043323278,20778.67769984952
2021-09-28 04:00:00,13974.57779423393,11292.001596948825,21051.841987319924
2021-09-28 08:00:00,13974.57779423393,11079.2196259931,20493.752494854514
2021-09-28 12:00:00,13974.57779423393,11176.16395919418,20796.77725007933
2021-09-28 16:00:00,13974.57779423393,11005.814491907937,20116.69935782961
2021-09-28 20:00:00,13974.57779423393,11030.282869936325,20216.6504402687
2021-09-29 00:00:00,13974.57779423393,10884.401780678469,20168.68233852304
2021-09-29 04:00:00,13974.57779423393,11187.623832447982,21058.175368481745
2021-09-29 08:00:00,13974.57779423393,11282.090355215809,21223.833692295844
2021-09-29 12:00:00,13974.57779423393,11284.258439344905,21247.593421984267
2021-09-29 16:00:00,13974.57779423393,11113.908972058662,20737.147497474187
2021-09-29 20:00:00,13974.57779423393,11011.38956538276,20324.826342792923
2021-09-30 00:00:00,13974.57779423393,11089.440594030275,20758.95157868822
2021-09-30 04:00:00,13974.57779423393,11640.133962821075,21614.511536543323
2021-09-30 08:00:00,13974.57779423393,11543.499355924152,21200.7008707671
2021-09-30 12:00:00,13974.57779423393,11528.942219628781,21258.385782024234
2021-09-30 16:00:00,13974.57779423393,11550.313334615601,21376.687260146547
2021-09-30 20:00:00,13960.603216439697,11653.761920203975,21576.136616177497
2021-10-01 00:00:00,13990.687222215834,11729.025412114079,21759.113411500726
2021-10-01 04:00:00,13970.631218365075,11678.849750840676,21585.444206263433
2021-10-01 08:00:00,14064.876715796943,11984.239886739288,22120.950024094316
2021-10-01 12:00:00,14880.953838906013,12677.407355442218,23546.705976902802
2021-10-01 16:00:00,14993.21542458178,12645.815272418224,23918.342690284455
2021-10-01 20:00:00,15339.131292954888,12826.385707741641,24595.833566520974
2021-10-02 00:00:00,15315.43303768315,12853.022169899126,24474.5267873062
2021-10-02 04:00:00,15039.631380507859,12690.415860216805,23901.892157849357
2021-10-02 08:00:00,15141.955274284415,12752.361121048165,24121.09541038324
2021-10-02 12:00:00,15170.268972359087,12739.662342577736,24182.572940569593
2021-10-02 16:00:00,15702.749380205245,12781.475393638904,25440.742784762
2021-10-02 20:00:00,15964.550084620672,12856.119432940695,25942.054552246158
2021-10-03 00:00:00,15610.839615970643,12709.928617378682,25246.223692693533
2021-10-03 04:00:00,15714.08050669693,12769.39606777679,25447.489990975617
2021-10-03 08:00:00,15744.618332514896,12781.785119943062,25557.346489163756
2021-10-03 12:00:00,15749.08639625314,12804.39514014651,25483.771203875047
2021-10-03 16:00:00,15775.032561031254,12761.033457564556,25633.542787438262
2021-10-03 20:00:00,16075.041938354749,13016.247932189764,26113.102786906304
2021-10-04 00:00:00,15834.508557404044,12864.48204315293,25710.427975584218
2021-10-04 04:00:00,15464.06509851193,12686.699144566923,24992.47948827879
2021-10-04 08:00:00,15655.82556961127,12782.404572551375,25328.926333256193
2021-10-04 12:00:00,15346.275594394494,12653.248703717987,24759.129864717368
2021-10-04 16:00:00,15437.807977060333,12741.21097409852,24915.116266400226
2021-10-04 20:00:00,15838.302832036416,13160.890116230992,25444.98413676223
2021-10-05 00:00:00,15711.965689239882,13137.66064341923,25190.200021033954
2021-10-05 04:00:00,15734.414602557297,13166.774916009972,25206.598756132087
2021-10-05 08:00:00,15733.104062027174,13211.375503808551,25164.793208045558
2021-10-05 12:00:00,15931.4274199524,13316.992173526021,25488.06391101224
2021-10-05 16:00:00,15666.170923184054,13295.621058539202,24856.578614596547
2021-10-05 20:00:00,15926.957574285727,13656.452202881881,25042.308268353365
2021-10-06 00:00:00,15993.90554613612,13752.777083474648,25373.059955007277
2021-10-06 04:00:00,15960.576625063055,13760.520241078568,24710.182959019134
2021-10-06 08:00:00,15945.352342349463,13797.06794496907,24529.53788601547
2021-10-06 12:00:00,15820.561153712437,13773.838472157311,24149.939609550423
2021-10-06 16:00:00,16188.144532839055,14733.990015043408,25523.289285488194
2021-10-06 20:00:00,16149.777922629855,14737.087278084977,25384.493020141876
2021-10-07 00:00:00,16159.135810703792,14815.448033036648,24784.17528255484
2021-10-07 04:00:00,16025.05840802667,14679.47818551181,24503.806758461556
2021-10-07 08:00:00,16159.968595394057,14665.230775520598,25274.311024422033
2021-10-07 12:00:00,16060.206294319036,14554.968211240775,25090.944378175205
2021-10-07 16:00:00,16032.558702465754,14440.369478702756,24890.097143369465
2021-10-07 20:00:00,16081.64887347119,14466.696214556085,24967.872226293333
2021-10-08 00:00:00,16024.58431198222,14418.68863741178,24757.2619880893
2021-10-08 04:00:00,16011.935625576083,14419.927542628408,24784.00617665083
2021-10-08 08:00:00,16180.474440555354,14721.291236572979,25349.873362719234
2021-10-08 12:00:00,16212.282244104728,14790.05047609579,25678.81035812686
2021-10-08 16:00:00,16131.088640888185,14554.039032328305,26016.7734709378
2021-10-08 20:00:00,16166.04631254874,14636.735955538172,25753.01911223353
2021-10-09 00:00:00,16006.63378854957,14459.882235864636,25174.669416037046
2021-10-09 04:00:00,16099.549063106275,14623.107998155272,25389.579562717125
2021-10-09 08:00:00,16171.49543921273,14709.211910710865,25343.187288583147
2021-10-09 12:00:00,16140.902941037188,14674.212838341145,25230.711447849193
2021-10-09 16:00:00,16150.954571005856,14698.06176376122,25189.540410793084
2021-10-09 20:00:00,16086.647109437858,14617.223198376292,24969.969688624635
2021-10-10 00:00:00,16094.43109023156,14702.707658323572,25008.15891366396
2021-10-10 04:00:00,16110.773019295139,14743.59153047227,24848.48401583533
2021-10-10 08:00:00,16163.265276287248,14874.915483434756,24911.187375178084
2021-10-10 12:00:00,16115.229909039754,14754.741677421915,24838.73793890942
2021-10-10 16:00:00,16141.104630057089,14819.474474990688,24826.503142547852
2021-10-10 20:00:00,16148.285174645633,14837.438600631782,24698.59108421322
2021-10-11 00:00:00,16074.746493859519,14653.461175962639,23918.055724473525
2021-10-11 04:00:00,16265.64993792044,15131.059136972433,24609.406047053595
2021-10-11 08:00:00,16295.238733724953,15205.08372366591,24773.747532586574
2021-10-11 12:00:00,16249.555613842671,15090.794717432049,24371.497886362326
2021-10-11 16:00:00,16369.767834454315,15391.538958768308,24425.506408982386
2021-10-11 20:00:00,16377.443589014481,15410.741989626029,23745.401507965966
2021-10-12 00:00:00,16378.434008957729,15413.219800059283,24112.678642262905
2021-10-12 04:00:00,16291.524658937775,15195.791934541207,23757.885682187814
2021-10-12 08:00:00,16365.68235218842,15381.317990731133,23872.410235229567
2021-10-12 12:00:00,16351.445065504238,15345.6994657531,23743.453696905308
2021-10-12 16:00:00,16251.536453729164,15095.750338298558,23837.9016864074
2021-10-12 20:00:00,16139.009644272135,14858.809715618601,24352.40996400355
2021-10-13 00:00:00,16139.009644272135,15041.857961375274,24691.396566155734
2021-10-13 04:00:00,16139.009644272135,15087.697454390482,24399.552961531113
2021-10-13 08:00:00,16139.009644272135,14645.718018358719,23767.14071185787
2021-10-13 12:00:00,16139.009644272135,14783.236497404341,23986.1252780382
2021-10-13 16:00:00,16139.009644272135,15047.123308545939,24034.16184105707
2021-10-13 20:00:00,16139.009644272135,15313.178203816635,23989.29988941758
2021-10-14 00:00:00,16122.870634627863,15310.70039338338,24383.162999185988
2021-10-14 04:00:00,16163.674405319622,15500.87234413566,24664.153071690795
2021-10-14 08:00:00,16066.573424856455,15293.975172958913,24623.030113169196
2021-10-14 12:00:00,16257.925757481,15385.963885293484,25135.86644260841
2021-10-14 16:00:00,16350.405566188367,15323.708898157967,25134.557878926404
2021-10-14 20:00:00,16364.355660168161,15442.953525258337,24877.578742000806
2021-10-15 00:00:00,16327.92766914036,15326.806161199534,24826.712024002605
2021-10-15 04:00:00,16541.099244127003,15834.44757371254,25104.73601440173
2021-10-15 08:00:00,16485.082915227318,15799.44850134282,26071.945753763903
2021-10-15 12:00:00,16364.91666577075,15876.260624773708,25736.553837427615
2021-10-15 16:00:00,16503.34614399552,16030.504324243797,25987.33395281106
2021-10-15 20:00:00,16723.2703993191,16361.91146969158,26255.346889661276
2021-10-16 00:00:00,16860.220176370392,16441.820856164035,26539.35069938806
2021-10-16 04:00:00,16672.770587456136,16435.316603776744,26086.061884646217
2021-10-16 08:00:00,16687.77095731685,16456.06826615525,26070.501786015506
2021-10-16 12:00:00,16955.391904712716,16419.210835960588,26570.4394027273
2021-10-16 16:00:00,16734.331064787122,16234.304232378976,26201.869439247675
2021-10-16 20:00:00,16561.494703744633,16187.845286755455,25935.51520880195
2021-10-17 00:00:00,16526.294715188043,16209.216401742275,25844.66950735562
2021-10-17 04:00:00,16802.409894427885,16267.754673227912,26465.164313247114
2021-10-17 08:00:00,16716.38798285891,16078.82162769226,26339.359864703343
2021-10-17 12:00:00,16787.929799605587,16251.339179107601,26511.612193369918
2021-10-17 16:00:00,16591.009312873422,16206.119138700707,26140.868146868528
2021-10-17 20:00:00,16461.136689453473,16164.615813943694,25904.96849190813
2021-10-18 00:00:00,16609.010849638522,16448.634834855486,26264.460509617118
2021-10-18 04:00:00,16654.331175645617,16587.70194542189,26312.212732747612
2021-10-18 08:00:00,16611.098234544694,16574.693440647305,26155.063568907026
2021-10-18 12:00:00,16453.573100253547,16264.03795757803,25791.876875403545
2021-10-18 16:00:00,16510.820656699696,16538.145736756804,25834.41664534808
2021-10-18 20:00:00,16461.249034295382,16395.671636844672,25785.462483686206
2021-10-19 00:00:00,16512.544887044198,16543.101357623313,25849.484273927315
2021-10-19 04:00:00,16548.645959882124,16646.85966951584,26085.70515743411
2021-10-19 08:00:00,16517.286520491565,16556.72931500621,25926.155984206118
2021-10-19 12:00:00,16499.28986627087,16505.005022212023,25822.916488360384
2021-10-19 16:00:00,16530.43377686836,16594.51592411334,25731.339943517058
2021-10-19 20:00:00,16700.27046580141,17082.644579464468,25814.28787480294
2021-10-20 00:00:00,16704.68880605919,17095.343357934897,26050.971829576447
2021-10-20 04:00:00,16659.427759516115,16965.258310189038,25945.803197609664
2021-10-20 08:00:00,16687.7697958038,17046.716328182276,26126.13061136563
2021-10-20 12:00:00,16672.467251496382,17002.73519299201,26445.73389298642
2021-10-20 16:00:00,16907.33404741798,17770.236974692576,27771.235270487326
2021-10-20 20:00:00,17022.73334152537,17636.435211296837,28160.44385720759
2021-10-21 00:00:00,17175.482658398858,17529.579636362738,28550.89719305743
2021-10-21 04:00:00,17325.930254536706,17266.312277829453,29159.9352320321
2021-10-21 08:00:00,17449.808517313788,17315.24903388623,29523.474503088604
2021-10-21 12:00:00,17479.92946874505,17243.702257626006,29542.11170476047
2021-10-21 16:00:00,16989.13753199719,16737.609476633785,28782.38346192187
2021-10-21 20:00:00,17072.57667911279,16741.635918587825,29042.696864689835
2021-10-22 00:00:00,17204.549093586946,16576.551798472246,29477.121629173726
2021-10-22 04:00:00,17705.056706093306,16863.04862981729,30816.78388943745
2021-10-22 08:00:00,17723.05524074059,16871.720966333683,30914.28875133912
2021-10-22 12:00:00,17737.721437396973,16872.03069263784,31007.811807952985
2021-10-22 16:00:00,17572.087598418617,16133.0237309197,30736.04932442017
2021-10-22 20:00:00,17301.45863062743,16235.85286389976,29972.580424591833
2021-10-23 00:00:00,17256.2920997512,16134.262636136327,29785.9014511478
2021-10-23 04:00:00,17445.84344244489,16286.338251477318,30475.695776283173
2021-10-23 08:00:00,17412.523870487013,16204.88023348408,30341.105061987248
2021-10-23 12:00:00,17441.771050316704,16388.85765815322,30532.655801941455
2021-10-23 16:00:00,17349.58690123325,16359.12393295417,30308.040359574916
2021-10-23 20:00:00,17177.435779450898,16243.905747807838,29738.573214500288
2021-10-24 00:00:00,17307.752327552807,16337.443091663192,30279.160910274117
2021-10-24 04:00:00,17261.845361744177,16285.099346260693,30078.71573487152
2021-10-24 08:00:00,17184.099693842472,16154.085119602363,29745.015238606178
2021-10-24 12:00:00,17005.74742950129,16072.00764900081,29133.35874192957
2021-10-24 16:00:00,17005.74742950129,15940.683696038324,28829.76021845108
2021-10-24 20:00:00,17005.74742950129,16155.014298514834,29473.353587250294
2021-10-25 00:00:00,17005.74742950129,16214.172022608784,30516.012016787387
2021-10-25 04:00:00,17005.74742950129,16509.650916774375,30585.75656822879
2021-10-25 08:00:00,16988.741682071788,16665.443247765248,31277.628315038746
2021-10-25 12:00:00,17010.356867873506,16756.50278118735,31378.15774030995
2021-10-25 16:00:00,17270.52806793878,16973.930646705427,32600.842713111168
2021-10-25 20:00:00,16916.135193914593,16692.699162531047,31684.00030431803
2021-10-26 00:00:00,16996.483175735084,16829.2884626642,31719.898516578764
2021-10-26 04:00:00,16947.758055183454,16758.36113901229,31584.646000297515
2021-10-26 08:00:00,16911.34698273556,16666.062700373564,31626.133355568345
2021-10-26 12:00:00,16877.76934962779,16732.034403158963,31409.14651859645
2021-10-26 16:00:00,16850.863471957997,16708.804930347203,31394.823552661896
2021-10-26 20:00:00,16830.223289444613,16558.587672831152,31380.90674092788
2021-10-27 00:00:00,16352.527491895526,16124.35139440331,30437.776801944885
2021-10-27 04:00:00,16453.803633185868,16198.685707400944,30821.13110202571
2021-10-27 08:00:00,16358.905866385394,16008.513756648665,29817.267841496337
2021-10-27 12:00:00,16155.829156965548,15656.664675126533,29115.832868380974
2021-10-27 16:00:00,16155.829156965548,15711.486230962288,29043.48508224479
2021-10-27 20:00:00,16155.829156965548,15775.28984961859,29091.737109876452
2021-10-28 00:00:00,16155.829156965548,15624.762865798382,28540.334015051798
2021-10-28 04:00:00,16155.829156965548,15711.795957266444,28882.24996104314
2021-10-28 08:00:00,16155.829156965548,15757.015997673338,28869.661843497233
2021-10-28 12:00:00,16155.829156965548,16297.798124731122,30130.261468547724
2021-10-28 16:00:00,16155.829156965548,16205.80941239655,30053.277774409227
2021-10-28 20:00:00,16139.673327808583,16255.985073669952,30293.881618111023
2021-10-29 00:00:00,16178.802999114514,16076.034090954849,30018.722979040398
2021-10-29 04:00:00,16295.45371734729,16357.575301433384,30835.72757668644
2021-10-29 08:00:00,16207.301212556193,16075.414638346534,30293.557144009985
2021-10-29 12:00:00,16228.5641282847,16210.765033263058,30254.316548471874
2021-10-29 16:00:00,16424.950780499374,16686.81436275207,31304.767623809214
2021-10-29 20:00:00,16354.684140297599,16730.17604533402,31178.22293810438
2021-10-30 00:00:00,16357.451545247226,16672.566952760855,31117.809280906717
2021-10-30 04:00:00,16212.211234491499,16526.066410894688,30635.715632214138
2021-10-30 08:00:00,16221.16420004181,16513.677358728415,30789.74429552174
2021-10-30 12:00:00,16202.97884734855,16510.889821991004,30637.352459218902
2021-10-30 16:00:00,16115.309023926544,16444.918119205602,30183.991716633984
2021-10-30 20:00:00,16214.938859992348,16540.3138208859,30427.63899601584
2021-10-31 00:00:00,16223.253725422623,16592.96729259256,30525.894185015757
2021-10-31 04:00:00,16253.431412557307,16528.8539476321,30154.473499548563
2021-10-31 08:00:00,16175.437104670655,16466.289234192423,29999.946833328173
2021-10-31 12:00:00,15966.976385814658,16240.498758462112,29362.460531321023
2021-10-31 16:00:00,15955.123047272209,16227.490253687527,30224.71136281087
2021-10-31 20:00:00,15984.422016213859,16310.806629505707,30385.77341031513
2021-11-01 00:00:00,15968.437594197645,16450.18346637627,31105.78261404245
2021-11-01 04:00:00,15910.71455122276,16079.131353996416,30643.294742861763
2021-11-01 08:00:00,16157.40460856806,16670.708594935917,31905.14194313561
2021-11-01 12:00:00,16020.388332875042,16557.65849391868,31370.953473339963
2021-11-01 16:00:00,15980.893619260647,16476.819928533754,31230.771495529134
2021-11-01 20:00:00,15982.412646707355,16428.502625085293,31234.501796549495
2021-11-02 00:00:00,15984.235479643405,16282.31180952328,31134.15498911377
2021-11-02 04:00:00,15975.728925941841,16328.770755146801,31115.714739533207
2021-11-02 08:00:00,15967.22237224028,16434.38742486427,31150.28574311049
2021-11-02 12:00:00,15962.739451758203,16796.147748119423,31463.986210362782
2021-11-02 16:00:00,16322.965955293692,17140.56339834179,32175.075921428463
2021-11-02 20:00:00,16520.860933348966,17021.628497545575,33000.3503395548
2021-11-03 00:00:00,16658.344185791415,16933.04677455673,33348.38017749511
2021-11-03 04:00:00,16888.25473311548,16921.896627607086,34218.26257186114
2021-11-03 08:00:00,17017.367188102995,16976.71818344284,34572.19403482514
2021-11-03 12:00:00,16934.369773734565,16896.49907066623,34438.69702334629
2021-11-03 16:00:00,16648.672851039377,16650.88611146988,33684.98957494968
2021-11-03 20:00:00,17004.670578807818,16769.20155965778,34698.33208020218
2021-11-04 00:00:00,17198.112953757005,16792.121306165383,35461.900749881606
2021-11-04 04:00:00,17000.34725029245,16686.81436275207,34935.14695666697
2021-11-04 08:00:00,16920.088811923193,16571.28645130158,34889.947100091806
2021-11-04 12:00:00,16951.067266737777,16486.11171765846,34971.81183427313
2021-11-04 16:00:00,16931.66438836481,16400.317531407025,34947.11727914766
2021-11-04 20:00:00,16969.171934925955,16438.723593122468,35098.71492438522
2021-11-05 00:00:00,17098.116428679532,16553.322325660487,35588.33155880604
2021-11-05 04:00:00,17093.61627182288,16698.274236005873,35489.754178388626
2021-11-05 08:00:00,17076.31756912802,16664.204342548623,35445.50918135656
2021-11-05 12:00:00,16868.14843089705,16469.076770929834,34746.97722618094
2021-11-05 16:00:00,16757.127261015732,16318.24006080547,34333.717474139004
2021-11-05 20:00:00,16834.549322165036,16378.017237507735,34613.21863972311
2021-11-06 00:00:00,16851.866235057503,16355.407217304288,34641.843567176686
2021-11-06 04:00:00,16953.944879476247,16410.228773140043,35063.92277360812
2021-11-06 08:00:00,17114.05037235922,16326.292944713547,35601.54455887084
2021-11-06 12:00:00,17027.769613386234,16224.702716950114,35122.926444300356
2021-11-06 16:00:00,17302.40977575095,16288.506335606417,36199.57375631278
2021-11-06 20:00:00,17360.74042970452,16430.05125660608,36588.602414462526
2021-11-07 00:00:00,17438.210829486605,16512.438453511786,36934.725576246376
2021-11-07 04:00:00,17349.803432088225,16671.947500152542,36703.288474051034
2021-11-07 08:00:00,17315.777217281975,16580.887966730443,36533.915614115365
2021-11-07 12:00:00,17285.41086765905,16610.00223932118,36561.421943069014
2021-11-07 16:00:00,17256.44948550476,16616.506491708475,36434.10354327074
2021-11-07 20:00:00,17124.196660982816,16684.336552318815,35960.72798823986
2021-11-08 00:00:00,17206.92361822411,16965.568036493194,36382.512276279725
2021-11-08 04:00:00,17425.42882920171,17473.519175310357,36484.027912950834
2021-11-08 08:00:00,17404.333715064975,17657.4965999795,36343.91177446296
2021-11-08 12:00:00,17416.68617377265,17679.487167574633,36114.407232327954
2021-11-08 16:00:00,17468.880425898533,17739.574070581053,36575.007339904405
2021-11-08 20:00:00,17413.122827049672,17602.365317839587,36298.09727353067
2021-11-09 00:00:00,17608.288771070915,18043.725301263035,36728.188063700174
2021-11-09 04:00:00,17676.300968883734,18285.002092201186,36625.228567485436
2021-11-09 08:00:00,17599.828465872084,18129.51948751447,36518.08495351256
2021-11-09 12:00:00,17581.210895970453,18078.4146473286,36485.36074016572
2021-11-09 16:00:00,17537.890641966602,17870.898023543537,35886.72536334212
2021-11-09 20:00:00,17479.062091090444,17854.17280311907,35749.03368598396
2021-11-10 00:00:00,17467.323256162173,17896.915033092708,35640.313282176634
2021-11-10 04:00:00,17394.82272382353,17790.98863707108,35356.047478214474
2021-11-10 08:00:00,17439.995102503628,17807.094404887237,35862.08549788737
2021-11-10 12:00:00,17477.165116487693,17851.0755400775,35884.407496332686
2021-11-10 16:00:00,17775.532784744693,18356.54886846141,36759.707938655345
2021-11-10 20:00:00,17494.37905085901,17948.639325886896,35661.949091598246
2021-11-11 00:00:00,17279.305479572133,17520.90729984635,35102.249852593246
2021-11-11 04:00:00,17253.510342738307,17482.81096443506,35683.50605579908
2021-11-11 08:00:00,17253.510342738307,17655.3285158504,36409.98134781435
2021-11-11 12:00:00,17253.510342738307,17639.222748034248,36003.03216569376
2021-11-11 16:00:00,17253.510342738307,17501.084816380313,35861.946653094776
2021-11-11 20:00:00,17253.510342738307,17654.39933693793,35909.07657369185
2021-11-12 00:00:00,17253.510342738307,17552.809109174497,35353.196976354404
2021-11-12 04:00:00,17253.510342738307,17572.631592640533,35334.97623371121
2021-11-12 08:00:00,17253.510342738307,17442.236818590518,34793.10128970509
2021-11-12 12:00:00,17253.510342738307,17260.11775174632,34342.174247238705
2021-11-12 16:00:00,17253.510342738307,17102.77678923466,33941.10714589844
2021-11-12 20:00:00,17253.510342738307,17297.284908245132,34819.813857766836
2021-11-13 00:00:00,17253.510342738307,17364.805242551316,34872.68448900593
2021-11-13 04:00:00,17253.510342738307,17267.551183046082,34357.541435454346
2021-11-13 08:00:00,17253.510342738307,17346.22166430191,34585.43007717737
2021-11-13 12:00:00,17253.510342738307,17225.1186793766,34481.61051406812
2021-11-13 16:00:00,17253.510342738307,17534.535257229247,35375.604816976425
2021-11-13 20:00:00,17253.510342738307,17319.585202144423,35570.911800230046
2021-11-14 00:00:00,17253.510342738307,17447.502165761183,36077.86321620957
2021-11-14 04:00:00,17253.510342738307,17525.862920712858,35620.19586022312
2021-11-14 08:00:00,17253.510342738307,17522.45593136713,35393.11842039373
2021-11-14 12:00:00,17253.510342738307,17495.20001660133,35566.33382834082
2021-11-14 16:00:00,17253.510342738307,17384.627726017352,35281.533216754884
2021-11-14 20:00:00,17253.510342738307,17391.441704708803,35278.91929296327
2021-11-15 00:00:00,17236.25683239557,17739.264344276897,35792.09639474838
2021-11-15 04:00:00,17232.663362454292,17781.38712164222,36421.8811814036
2021-11-15 08:00:00,17166.59708107206,17754.131206876424,36142.602001736566
2021-11-15 12:00:00,17220.884521865733,17795.01507902512,36384.9874376573
2021-11-15 16:00:00,17043.586924582578,17452.148060323536,35904.45633461466
2021-11-15 20:00:00,17091.69161595266,17483.120690739215,36021.00764864409
2021-11-16 00:00:00,16972.418775259343,17349.628653647633,35697.47977740025
2021-11-16 04:00:00,16699.25600539792,16598.54236606738,34016.07585909347
2021-11-16 08:00:00,16699.25600539792,16585.84358759695,34014.275939048995
2021-11-16 12:00:00,16699.25600539792,16545.579168056567,33859.94225538599
2021-11-16 16:00:00,16699.25600539792,16596.064555634126,33894.39955050335
2021-11-16 20:00:00,16699.25600539792,16496.022959391477,33964.29912215746
2021-11-17 00:00:00,16699.25600539792,16461.64333963007,33221.42659257536
2021-11-17 04:00:00,16699.25600539792,16208.59694913396,32427.35269240411
2021-11-17 08:00:00,16699.25600539792,16385.14094250334,32772.395970840495
2021-11-17 12:00:00,16699.25600539792,16661.107079507055,33472.03633446082
2021-11-17 16:00:00,16699.25600539792,16373.990795553695,32616.3370371403
2021-11-17 20:00:00,16699.25600539792,16505.314748516183,32849.73151333364
2021-11-18 00:00:00,16699.25600539792,16541.552726102527,33350.07919473892
2021-11-18 04:00:00,16699.25600539792,16378.636690116047,32994.35751107019
2021-11-18 08:00:00,16699.25600539792,16350.14187013362,32557.29592586666
2021-11-18 12:00:00,16699.25600539792,16190.013370884553,31907.921316992157
2021-11-18 16:00:00,16699.25600539792,15860.154856957555,30502.478959831416
2021-11-18 20:00:00,16699.25600539792,15809.979195684153,30847.430431298402
2021-11-19 00:00:00,16699.25600539792,15513.571122606088,30080.133357272916
2021-11-19 04:00:00,16699.25600539792,15274.462415797036,29756.064085846407
2021-11-19 08:00:00,16699.25600539792,15306.05449882103,30297.37791884654
2021-11-19 12:00:00,16699.25600539792,15666.885643163707,31325.999465568104
2021-11-19 16:00:00,16699.25600539792,15884.00378237763,32556.066652675043
2021-11-19 20:00:00,16682.556749392523,15983.116199707807,33161.22530373513
2021-11-20 00:00:00,16684.015951601992,15982.806473403649,32911.34834629209
2021-11-20 04:00:00,16669.1320890654,16103.90945832896,32898.42672044818
2021-11-20 08:00:00,16671.612732821497,16098.02465854998,32701.89845223459
2021-11-20 12:00:00,16721.225607943485,16142.625246348562,33053.32258051261
2021-11-20 16:00:00,16576.47274876404,15859.53540434924,31924.399839881764
2021-11-20 20:00:00,16825.996326583445,16368.105995774717,33233.880381123
2021-11-21 00:00:00,16839.566907131517,16441.820856164035,33479.39179010042
2021-11-21 04:00:00,16744.135082632165,16137.979351786209,32653.86938082952
2021-11-21 08:00:00,16752.014774563308,16254.746168453325,32930.12068072671
2021-11-21 12:00:00,16718.45312374549,16170.81034002683,32638.170540339524
2021-11-21 16:00:00,16776.967132345246,16298.72730364359,33075.458386791666
2021-11-21 20:00:00,16726.078978843,16304.61210342257,34404.33467541335
2021-11-22 00:00:00,16663.672032262588,16143.864151565189,34409.42045729856
2021-11-22 04:00:00,16291.487189140682,15784.271912439137,33202.51492196688
2021-11-22 08:00:00,16381.644227993635,15785.510817655764,33614.59882836991
2021-11-22 12:00:00,16369.549991074337,15728.211451386755,33513.08634895757
2021-11-22 16:00:00,16379.170406805597,16049.087902493206,33766.15562198368
2021-11-22 20:00:00,16098.832042134714,15474.855334586488,32255.636689891206
2021-11-23 00:00:00,16098.832042134714,15517.597564560127,32584.53317991884
2021-11-23 04:00:00,16098.832042134714,15716.13212552464,33326.88917635962
2021-11-23 08:00:00,16098.832042134714,15441.71462004171,32288.76875803866
2021-11-23 12:00:00,16098.832042134714,15484.766576319505,32310.53088530074
2021-11-23 16:00:00,16098.832042134714,15662.239748601356,32816.21910522085
2021-11-23 20:00:00,16098.832042134714,15919.622307355661,33954.58684834672
2021-11-24 00:00:00,16098.832042134714,15856.74786761183,33615.19285261511
2021-11-24 04:00:00,16098.832042134714,15557.861984100513,33010.619722338524
2021-11-24 08:00:00,16098.832042134714,15573.967751916665,32966.54950004779
2021-11-24 12:00:00,16098.832042134714,15649.231243826769,32835.501493901145
2021-11-24 16:00:00,16098.832042134714,15691.973473800408,32596.644240183385
2021-11-24 20:00:00,16098.832042134714,15732.857345949107,31552.32463288752
2021-11-25 00:00:00,16098.832042134714,15809.359743075838,31998.23980169373
2021-11-25 04:00:00,16098.832042134714,15969.797968629064,32634.419491759345
2021-11-25 08:00:00,16098.832042134714,15927.984917567896,32035.50116524416
2021-11-25 12:00:00,16082.73321009258,16037.008576631091,32481.069186185992
2021-11-25 16:00:00,16185.178914772645,16339.920902096446,33344.08242867339
2021-11-25 20:00:00,16199.08684240895,16285.718798869006,32968.122569546205
2021-11-26 00:00:00,16228.540694058232,16308.019092768296,32952.49202224833
2021-11-26 04:00:00,16008.403236448943,16007.584577736194,32269.249249859593
2021-11-26 08:00:00,15781.91622285815,15720.158567478678,31554.318732920943
2021-11-26 12:00:00,15316.23011776577,14763.723740242462,29029.237986187803
2021-11-26 16:00:00,15316.23011776577,14907.746471675377,29857.642066678993
2021-11-26 20:00:00,15316.23011776577,14907.746471675377,30423.43957526084
2021-11-27 00:00:00,15316.23011776577,14746.37906720968,29784.401271136707
2021-11-27 04:00:00,15316.23011776577,14895.66714581326,30222.226164634707
2021-11-27 08:00:00,15316.23011776577,14905.888113850437,30141.30013514856
2021-11-27 12:00:00,15316.23011776577,14985.797500322891,30373.188831940246
2021-11-27 16:00:00,15316.23011776577,15070.662507661857,30440.743947074607
2021-11-27 20:00:00,15316.23011776577,15070.3527813577,30388.93009415406
2021-11-28 00:00:00,15316.23011776577,15011.814509872063,29940.207360628683
2021-11-28 04:00:00,15316.23011776577,14845.181758235702,29243.58175895767
2021-11-28 08:00:00,15316.23011776577,14959.161038165406,29660.397612385026
2021-11-28 12:00:00,15316.23011776577,14936.55101796196,29689.399242133222
2021-11-28 16:00:00,15316.23011776577,14861.906978660169,29488.2590820103
2021-11-28 20:00:00,15316.23011776577,14957.92213294878,29526.595509296174
2021-11-29 00:00:00,15316.23011776577,15740.910229857185,31332.932583517766
2021-11-29 04:00:00,15316.23011776577,15770.643955056237,31390.90278639547
2021-11-29 08:00:00,15316.23011776577,15841.26155240399,31796.488374378016
2021-11-29 12:00:00,15316.23011776577,15626.00177101501,31532.523644348035
2021-11-29 16:00:00,15300.913887648006,15721.707198999462,32027.446113186066
2021-11-29 20:00:00,15248.748095887171,15905.06517106029,32070.072856942745
2021-11-30 00:00:00,15240.301685366901,15869.756372386415,31893.981135782986
2021-11-30 04:00:00,15159.864345769845,15680.513600546607,31788.566729576516
2021-11-30 08:00:00,14988.280768719416,15476.094239803115,31400.482973273243
2021-11-30 12:00:00,15389.090145924994,15728.211451386755,32244.34528805495
2021-11-30 16:00:00,15643.161741565767,15759.184081802436,33071.29473401363
2021-11-30 20:00:00,15714.689184106724,15788.298354393175,33234.55607214439
2021-12-01 00:00:00,15436.30383033621,15585.427625170469,32403.14415146534
2021-12-01 04:00:00,15765.497069389821,15692.592926408723,33236.95068028018
2021-12-01 08:00:00,15846.207886053264,15634.983833835557,33592.361612917404
2021-12-01 12:00:00,15828.254120024725,15659.452211863945,33769.55579652843
2021-12-01 16:00:00,16198.547880016718,16035.769671414464,34761.44083660382
2021-12-01 20:00:00,16053.900344153486,15731.61844073248,34666.784007646675
2021-12-02 00:00:00,15951.600596876227,15680.20387424245,34540.302004449884
2021-12-02 04:00:00,15601.494083303656,15424.989399617243,33740.95581763948
2021-12-02 08:00:00,15667.239099912385,15584.188719953841,33810.19640248505
2021-12-02 12:00:00,15676.491973939555,15402.689105717953,33994.24676969286
2021-12-02 16:00:00,15758.174089282451,15490.651376098485,34387.291103969255
2021-12-02 20:00:00,15884.309056512637,15530.296343030557,34842.95994163768
2021-12-03 00:00:00,15865.694424784833,15486.315207840289,34785.12670832072
2021-12-03 04:00:00,15782.900988144756,15481.669313277938,34431.124156230915
2021-12-03 08:00:00,15848.191114354213,15590.383246036976,34838.11106594872
2021-12-03 12:00:00,15971.547778341443,15631.267118185675,35404.88702458149
2021-12-03 16:00:00,15653.709887347319,15392.777863984935,33842.031821419674
2021-12-03 20:00:00,15333.791047224222,14770.227992629754,32058.544344711852
2021-12-04 00:00:00,15333.791047224222,14710.450815927492,31935.82595708459
2021-12-04 04:00:00,15333.791047224222,14287.364684449294,30063.153628596327
2021-12-04 08:00:00,15333.791047224222,13051.55673086364,29208.502573379224
2021-12-04 12:00:00,15333.791047224222,12786.740740809571,28585.340823817045
2021-12-04 16:00:00,15333.791047224222,13921.887645544264,31342.5451384815
2021-12-04 20:00:00,15333.791047224222,14164.403341699042,31417.982752443182
2021-12-05 00:00:00,15333.791047224222,13729.23788435873,30518.48218970133
2021-12-05 04:00:00,15333.791047224222,13621.453130512162,30140.847578601257
2021-12-05 08:00:00,15333.791047224222,14077.060523926824,30881.948049594488
2021-12-05 12:00:00,15333.791047224222,13834.235101467888,30234.173103224733
2021-12-05 16:00:00,15333.791047224222,13161.199842535148,28616.128364634005
2021-12-05 20:00:00,15333.791047224222,13497.56260884944,29361.82166264785
2021-12-06 00:00:00,15333.791047224222,13667.602349831526,30076.672994672623
2021-12-06 04:00:00,15333.791047224222,13520.482355357044,29729.21622946119
2021-12-06 08:00:00,15333.791047224222,13349.20370915833,28706.746404997182
2021-12-06 12:00:00,15333.791047224222,13360.663582412131,28322.54349391553
2021-12-06 16:00:00,15333.791047224222,13466.280252129602,29133.702425321193
2021-12-06 20:00:00,15333.791047224222,13516.765639707162,29150.543276025353
2021-12-07 00:00:00,15333.791047224222,13880.694047091409,30097.592977820343
2021-12-07 04:00:00,15333.791047224222,14007.062379187386,30273.17030908273
2021-12-07 08:00:00,15318.457256176996,14009.849915924797,30695.128316754566
2021-12-07 12:00:00,15398.78599954809,14185.464730381706,31284.515146112753
2021-12-07 16:00:00,15363.820878515753,14273.427000762238,30826.10374410892
2021-12-07 20:00:00,15166.981361172267,14013.876357878835,30155.044515673617
2021-12-08 00:00:00,15127.606129751375,13919.719561415166,29725.91555554605
2021-12-08 04:00:00,15064.839763343918,13786.227524323584,29290.664296203417
2021-12-08 08:00:00,15177.100241072878,13876.977331441527,29704.446078407494
2021-12-08 12:00:00,14926.461914758558,13530.703323394218,29152.653527214046
2021-12-08 16:00:00,15058.931555803803,13867.99526862098,29935.871308080998
2021-12-08 20:00:00,15025.979567172168,13774.148198461467,29870.93690646358
2021-12-09 00:00:00,15091.35419522047,13799.855481706481,30140.046514768786
2021-12-09 04:00:00,15009.172729596998,13542.782649256333,29409.711507841814
2021-12-09 08:00:00,15031.934745840535,13708.176495676067,29666.687526403806
2021-12-09 12:00:00,14952.400026291893,13472.165051908582,29213.660076151205
2021-12-09 16:00:00,14827.89576755885,13320.708889175903,28804.69171186042
2021-12-09 20:00:00,14827.89576755885,13073.237572154616,28257.24704078687
2021-12-10 00:00:00,14827.89576755885,13054.963720209364,28186.078141052392
2021-12-10 04:00:00,14827.89576755885,13275.48884876901,28165.62280015914
2021-12-10 08:00:00,14827.89576755885,13092.750329316495,27582.389338796893
2021-12-10 12:00:00,14827.89576755885,13394.114023261067,28170.872789882706
2021-12-10 16:00:00,14827.89576755885,13142.61626428574,27330.55133248064
2021-12-10 20:00:00,14827.89576755885,13176.68615774299,27324.663539157682
2021-12-11 00:00:00,14827.89576755885,12932.002377459112,26469.81367362627
2021-12-11 04:00:00,14827.89576755885,13255.976091607132,26993.544389641822
2021-12-11 08:00:00,14827.89576755885,13179.783420784557,26850.88354758505
2021-12-11 12:00:00,14827.89576755885,13219.428387716629,26994.255480472653
2021-12-11 16:00:00,14827.89576755885,13377.079076532442,27208.54258208018
2021-12-11 20:00:00,14827.89576755885,13275.798575073168,26791.113736584768
2021-12-12 00:00:00,14827.89576755885,13551.764712076882,27401.730376587602
2021-12-12 04:00:00,14827.89576755885,13519.553176444573,27083.968118663193
2021-12-12 08:00:00,14827.89576755885,13529.154691873435,27182.026002128983
2021-12-12 12:00:00,14827.89576755885,13470.616420387798,27009.51894852894
2021-12-12 16:00:00,14827.89576755885,13601.630647046126,27157.43000151152
2021-12-12 20:00:00,14813.067871791292,13755.254893907902,27755.16991487283
2021-12-13 00:00:00,14801.15952440642,13722.114179363123,27585.874012233653
2021-12-13 04:00:00,14689.755265226438,13412.078148902161,26764.787049468847
2021-12-13 08:00:00,14681.853464625261,13390.087581307029,26436.810350065567
2021-12-13 12:00:00,14697.990944726258,13434.997895409766,26875.646791754123
2021-12-13 16:00:00,14524.503907617318,12991.160101553063,25493.35896131648
2021-12-13 20:00:00,14524.503907617318,12847.447096424305,24875.852823185156
2021-12-14 00:00:00,14524.503907617318,12827.934339262425,25085.236765553112
2021-12-14 04:00:00,14524.503907617318,12883.065621402337,24970.81652130487
2021-12-14 08:00:00,14524.503907617318,12916.516062251272,25089.335865862726
2021-12-14 12:00:00,14524.503907617318,13027.707805443566,25467.103848156956
2021-12-14 16:00:00,14524.503907617318,12876.561369015044,25374.933835393014
2021-12-14 20:00:00,14524.503907617318,12902.888104868372,25054.06847095795
2021-12-15 00:00:00,14524.503907617318,13314.824089396925,26000.13241228812
2021-12-15 04:00:00,14524.503907617318,13274.249943552382,25965.4875653942
2021-12-15 08:00:00,14524.503907617318,13267.126238556777,26518.652960222542
2021-12-15 12:00:00,14524.503907617318,13235.534155532781,26403.143317778562
2021-12-15 16:00:00,14524.503907617318,12836.29694947466,25202.378265202824
2021-12-15 20:00:00,14509.979403709702,13382.344423703109,27556.45403575444
2021-12-16 00:00:00,14586.517500260348,13411.458696293848,27904.6539125317
2021-12-16 04:00:00,14611.407938162998,13412.697601510476,27994.922271393578
2021-12-16 08:00:00,14581.228282206035,13362.83166654123,27867.54797226192
2021-12-16 12:00:00,14759.522499476887,13504.066861236734,28733.46141116605
2021-12-16 16:00:00,14735.064823159973,13318.231078742649,28790.833170661135
2021-12-16 20:00:00,14323.023411872611,13087.794708449987,27848.236656952497
2021-12-17 00:00:00,14185.821375597283,13026.15917392278,27454.548016127796
2021-12-17 04:00:00,14280.085912426592,13061.777698900814,27749.396790696494
2021-12-17 08:00:00,14124.450089676127,12874.703011190104,27423.18890560665
2021-12-17 12:00:00,14067.513212973818,12902.888104868372,27155.789303554808
2021-12-17 16:00:00,14110.138087882104,12776.210046468239,27290.070530251396
2021-12-17 20:00:00,14148.096005683645,12869.437664019437,27532.972452316575
2021-12-18 00:00:00,14090.84799850755,12729.131648236405,27279.599495157894
2021-12-18 04:00:00,14052.267819758445,12779.92676211812,27172.386642828846
2021-12-18 08:00:00,14110.449218355887,12791.386635371922,27400.866026923148
2021-12-18 12:00:00,14224.634102234291,12983.7266702533,27977.094622839755
2021-12-18 16:00:00,14266.636716195015,12925.807851375976,28086.442310766783
2021-12-18 20:00:00,14267.570107616364,12859.216695982263,28064.313246789792
2021-12-19 00:00:00,14298.060894047108,12917.445241163743,28207.435873071725
2021-12-19 04:00:00,14350.330813642671,13167.394368618285,28542.277379729967
2021-12-19 08:00:00,14420.646300717657,13108.856097132648,28751.147967418452
2021-12-19 12:00:00,14353.753248854286,12995.496269811258,28394.818189542846
2021-12-19 16:00:00,14329.173941425419,13021.51327936043,28314.920054581184
2021-12-19 20:00:00,14203.45669540577,12868.818211411124,27839.409207985147
2021-12-20 00:00:00,14203.45669540577,12868.818211411124,27847.74813763569
2021-12-20 04:00:00,14203.45669540577,12871.915474452691,27660.167707721597
2021-12-20 08:00:00,14203.45669540577,12784.88238298463,27201.798337048604
2021-12-20 12:00:00,14203.45669540577,12669.044745229985,26814.76792835198
2021-12-20 16:00:00,14203.45669540577,12621.346894389837,26493.07973431307
2021-12-20 20:00:00,14203.45669540577,12811.828571446273,27276.28346794002
2021-12-21 00:00:00,14203.45669540577,12892.667136831198,27231.262206784664
2021-12-21 04:00:00,14189.253238710364,13152.527506018758,27580.788718231197
2021-12-21 08:00:00,14161.367666733548,13341.770277858566,27910.52946129523
2021-12-21 12:00:00,14219.813799717867,13422.608843243494,28077.64256281684
2021-12-21 16:00:00,14129.901071583485,13316.062994613552,27770.6292484194
2021-12-21 20:00:00,14179.020610253529,13360.044129803819,27763.05817125974
2021-12-22 00:00:00,14207.074975468608,13423.84774846012,28065.81651942306
2021-12-22 04:00:00,14289.979854649264,13529.774144481747,28123.369161831655
2021-12-22 08:00:00,14298.470523125343,13542.472922952176,28828.90617327313
2021-12-22 12:00:00,14211.70293903338,13426.015832589217,28622.284853160494
2021-12-22 16:00:00,14171.66069423691,13392.255665436125,28485.314223903377
2021-12-22 20:00:00,14152.734776645511,13387.300044569616,27971.87676400097
2021-12-23 00:00:00,14106.047592477526,13300.57667940571,27732.42185162644
2021-12-23 04:00:00,14065.164650514329,13255.046912694661,27938.12220096381
2021-12-23 08:00:00,13962.942207274855,13172.969442093108,27565.370840021373
2021-12-23 12:00:00,13984.113159696306,13232.74661879537,27736.982424239322
2021-12-23 16:00:00,14032.70762561704,13369.955371536837,28001.515790767135
2021-12-23 20:00:00,14216.498250204095,13967.417412255314,29455.259124063592
2021-12-24 00:00:00,14146.308946621459,13896.799814907563,29303.251545929255
2021-12-24 04:00:00,14090.827129337471,13966.178507038687,29063.374744411012
2021-12-24 08:00:00,14105.77034880207,13955.028360089042,29155.465524172003
2021-12-24 12:00:00,14081.448954854422,13937.993413360418,29107.40840112199
2021-12-24 16:00:00,14288.671560968169,13957.506170522296,29869.136298262896
2021-12-24 20:00:00,14200.431849003342,14017.902799832873,29492.02286787773
2021-12-25 00:00:00,14096.203444774357,13924.055729673362,29269.537728273583
2021-12-25 04:00:00,14115.039361845165,13932.418339885595,29355.734254171355
2021-12-25 08:00:00,14188.180180253352,13960.913159868021,29573.299607754336
2021-12-25 12:00:00,14101.266432406446,13891.534467736898,29291.8785749936
2021-12-25 16:00:00,14174.605702180103,13894.631730778465,29504.538219307164
2021-12-25 20:00:00,14161.189421995903,13954.099181176573,29395.822623529086
2021-12-26 00:00:00,14188.07227560865,13823.3946808224,29586.26749283733
2021-12-26 04:00:00,13976.68077082243,13627.957382899454,29204.521548877383
2021-12-26 08:00:00,14071.958327282538,13696.097169813953,29434.353486754462
2021-12-26 12:00:00,14130.401975104825,13647.470140061334,29746.45774430471
2021-12-26 16:00:00,14224.873807741296,13725.521168708849,29993.887032638373
2021-12-26 20:00:00,14291.49181257423,13803.262471052207,30096.667600308334
2021-12-27 00:00:00,14282.747359486832,13903.923519903168,30023.16936214805
2021-12-27 04:00:00,14398.485177473776,13951.931097047474,30374.920149309444
2021-12-27 08:00:00,14262.879275738142,13876.048152529056,30056.146492271848
2021-12-27 12:00:00,14323.124110297176,13911.356951202932,30280.44725080121
2021-12-27 16:00:00,14407.490892419508,14078.299429143452,30483.339185989644
2021-12-27 20:00:00,14362.120739577898,14019.1417050495,30334.272861149017
2021-12-28 00:00:00,14166.250210641369,13863.349374058627,29710.979447338963
2021-12-28 04:00:00,14066.543909954715,13622.692035728789,28976.086208635894
2021-12-28 08:00:00,14066.543909954715,13483.315198858227,28904.722930893215
2021-12-28 12:00:00,14066.543909954715,13467.209431042073,29097.257095490077
2021-12-28 16:00:00,14066.543909954715,13423.228295851806,28460.12594162303
2021-12-28 20:00:00,14066.543909954715,13074.166751067087,27678.5274265277
2021-12-29 00:00:00,14066.543909954715,13029.875889572662,27288.22752526787
2021-12-29 04:00:00,14066.543909954715,13163.677652968403,27662.08293559839
2021-12-29 08:00:00,14066.543909954715,13047.220562605444,27246.803595044206
2021-12-29 12:00:00,14066.543909954715,13079.741824541908,27160.462663277438
2021-12-29 16:00:00,14066.543909954715,13096.157318662219,27163.86237784531
2021-12-29 20:00:00,14066.543909954715,12865.720948369557,26800.29440201025
2021-12-30 00:00:00,14066.543909954715,12680.814344787943,26218.04947343711
2021-12-30 04:00:00,14066.543909954715,12717.671774982602,26222.598826013415
2021-12-30 08:00:00,14066.543909954715,12866.030674673713,26765.3901238077
2021-12-30 12:00:00,14066.543909954715,13008.504774585843,26955.436940605832
2021-12-30 16:00:00,14066.543909954715,12892.976863135355,26769.886301507766
2021-12-30 20:00:00,14066.543909954715,13017.486837406392,26938.997682420657
2021-12-31 00:00:00,14066.543909954715,12894.525494656138,26614.203824624765
2021-12-31 04:00:00,14066.543909954715,12920.852230509467,26641.796510967717
2021-12-31 08:00:00,14066.543909954715,12924.568946159348,26708.142544163158
2021-12-31 12:00:00,14066.543909954715,13142.925990589898,27112.005020098433
2021-12-31 16:00:00,14066.543909954715,13073.237572154616,27039.679243435625
2021-12-31 20:00:00,14066.543909954715,12453.475237536848,25793.963508871744
2022-01-01 00:00:00,14066.543909954715,12599.356326794703,26185.343204517372
2022-01-01 04:00:00,14066.543909954715,12774.971141251612,26609.54119464963
2022-01-01 08:00:00,14066.543909954715,12865.411222065399,26655.626443549136
2022-01-01 12:00:00,14066.543909954715,12766.608531039377,26418.79716638406
2022-01-01 16:00:00,14066.543909954715,12882.446168794024,26748.972151134087
2022-01-01 20:00:00,14052.47736604476,12918.374420076214,27116.015606229557
2022-01-02 00:00:00,14096.318019494509,13015.318753277294,27330.09061907451
2022-01-02 04:00:00,14059.98432725191,12898.861662914334,27145.1055333203
2022-01-02 08:00:00,14008.036155698443,12877.180821623358,26931.523589668992
2022-01-02 12:00:00,14007.735877250156,12891.737957918727,26934.77548536301
2022-01-02 16:00:00,14021.848964319595,12918.993872684527,27042.908583635246
2022-01-02 20:00:00,13979.629167390536,12798.820066671686,26926.40501938165
2022-01-03 00:00:00,14049.420257016354,12900.100568130962,27119.46990862705
2022-01-03 04:00:00,13885.206196879666,12781.165667334748,26659.88306186786
2022-01-03 08:00:00,13920.46655288986,12861.075053807204,26810.973651657736
2022-01-03 12:00:00,13950.430887048722,12924.878672463507,27028.47238271051
2022-01-03 16:00:00,13904.299749343685,12803.465961234038,26614.54159602318
2022-01-03 20:00:00,13849.94584086947,12714.264785636879,26426.339096582607
2022-01-04 00:00:00,13882.558185953998,12739.35261627358,26495.292581224698
2022-01-04 04:00:00,13857.750504650383,12698.778470429037,26198.949715080245
2022-01-04 08:00:00,13884.648720895315,12778.687856901493,26423.981515043302
2022-01-04 12:00:00,13978.583424258444,12827.005160349956,26840.615121358634
2022-01-04 16:00:00,13978.16531727018,12840.633117732856,26774.80193790476
2022-01-04 20:00:00,13944.577389213038,12633.73594655611,26381.517960299996
2022-01-05 00:00:00,13910.71072316372,12585.728369411803,26273.07182457731
2022-01-05 04:00:00,13931.058596592527,12739.972068881892,26451.21916757521
2022-01-05 08:00:00,13946.528555158267,12718.600953895073,26536.000307234535
2022-01-05 12:00:00,13903.742273359334,12661.611313930222,26284.841352436793
2022-01-05 16:00:00,13938.86326037344,12736.565079536169,26313.518634848588
2022-01-05 20:00:00,13732.588087178854,12244.100255926847,25009.153113190765
2022-01-06 00:00:00,13732.588087178854,11908.976394829184,24328.777660503307
2022-01-06 04:00:00,13732.588087178854,11749.777074492586,23524.465920035847
2022-01-06 08:00:00,13732.588087178854,11862.82717550982,23854.188496822193
2022-01-06 12:00:00,13732.588087178854,11749.467348188427,23312.0021440453
2022-01-06 16:00:00,13732.588087178854,11786.01505207893,23631.321392019185
2022-01-06 20:00:00,13732.588087178854,11935.303130682512,24169.577354095156
2022-01-07 00:00:00,13732.588087178854,11825.04056640269,23712.858623567794
2022-01-07 04:00:00,13732.588087178854,11472.8817585764,22267.14493165591
2022-01-07 08:00:00,13732.588087178854,11416.201844915706,22124.40767745341
2022-01-07 12:00:00,13732.588087178854,11589.029122635202,22290.51053595948
2022-01-07 16:00:00,13732.588087178854,11287.045976082318,21642.324782339656
2022-01-07 20:00:00,13732.588087178854,11394.830729928884,22177.90350291135
2022-01-08 00:00:00,13732.588087178854,11330.097932360113,21799.54216767389
2022-01-08 04:00:00,13732.588087178854,11409.697592528411,22115.5682783634
2022-01-08 08:00:00,13732.588087178854,11440.670222944093,22652.71355060779
2022-01-08 12:00:00,13732.588087178854,11470.094221838988,22874.60288188095
2022-01-08 16:00:00,13732.588087178854,11369.12344668387,22526.326389018905
2022-01-08 20:00:00,13732.588087178854,11141.164886824461,21340.740195150946
2022-01-09 00:00:00,13732.588087178854,11368.1942677714,22185.74660915996
2022-01-09 04:00:00,13732.588087178854,11428.28117077782,22263.32069855566
2022-01-09 08:00:00,13732.588087178854,11420.847739478057,22104.28245522332
2022-01-09 12:00:00,13732.588087178854,11430.449254906918,22122.06860886199
2022-01-09 16:00:00,13732.588087178854,11362.309467992422,22016.424840750362
2022-01-09 20:00:00,13732.588087178854,11683.495645403029,22804.46358994599
2022-01-10 00:00:00,13732.588087178854,11431.997886427702,22155.92301257845
2022-01-10 04:00:00,13732.588087178854,11464.828874668323,22192.2251157863
2022-01-10 08:00:00,13732.588087178854,11514.075357029256,22482.420715112443
2022-01-10 12:00:00,13732.588087178854,11367.574815163087,22009.99538406024
2022-01-10 16:00:00,13732.588087178854,11218.286736559507,21210.90343800105
2022-01-10 20:00:00,13732.588087178854,11312.133806719019,21195.09105124732
2022-01-11 00:00:00,13732.588087178854,11440.979949248249,21641.321311342403
2022-01-11 04:00:00,13732.588087178854,11550.932787223916,21849.855930330494
2022-01-11 08:00:00,13732.588087178854,11536.685377232703,21865.167776168208
2022-01-11 12:00:00,13732.588087178854,11443.457759681503,21615.452570083566
2022-01-11 16:00:00,13732.588087178854,11411.86567665751,21815.15172323119
2022-01-11 20:00:00,13705.122911004497,11732.74212776396,22579.127021877583
2022-01-12 00:00:00,13678.166311567638,11657.478635853857,22310.690070790617
2022-01-12 04:00:00,13649.438222454206,11604.8251641472,22245.64223657273
2022-01-12 08:00:00,13635.740969860584,11621.550384571667,22155.81859776456
2022-01-12 12:00:00,13750.966655428807,11720.662801901844,22488.418355788115
2022-01-12 16:00:00,13887.508781879393,11831.544818789982,23190.64892613206
2022-01-12 20:00:00,14060.87640292211,11856.94237573084,23694.783077182405
2022-01-13 00:00:00,14025.468649578,11913.622289391535,23544.4262535053
2022-01-13 04:00:00,13865.885668920702,11802.430546199243,23243.64009687287
2022-01-13 08:00:00,13931.10647296551,11824.421113794375,23451.443734099106
2022-01-13 12:00:00,13874.250069773312,11799.023556853517,23317.776744325416
2022-01-13 16:00:00,13935.250215341151,11692.477708223576,23707.8954817802
2022-01-13 20:00:00,13585.744621945167,11551.242513528072,22863.440401188276
2022-01-14 00:00:00,13521.104863595903,11518.41152528745,22730.251559458793
2022-01-14 04:00:00,13589.979005493717,11528.632493324625,22870.240943808538
2022-01-14 08:00:00,13586.10028875981,11528.942219628781,22874.357581093558
2022-01-14 12:00:00,13351.720652255748,11377.486056896105,22341.038127776577
2022-01-14 16:00:00,13351.720652255748,11685.973455836283,22975.931037381775
2022-01-14 20:00:00,13351.720652255748,11713.229370602081,23159.51432226802
2022-01-15 00:00:00,13351.720652255748,11692.16798191942,22945.61933526391
2022-01-15 04:00:00,13351.720652255748,11673.894129974167,22933.554139923035
2022-01-15 08:00:00,13351.720652255748,11724.689243855884,22911.192121576656
2022-01-15 12:00:00,13351.720652255748,11709.5126549522,23009.35565399867
2022-01-15 16:00:00,13351.720652255748,11807.695893369908,23258.8930559575
2022-01-15 20:00:00,13351.720652255748,11821.94330336112,23232.17472136169
2022-01-16 00:00:00,13351.720652255748,11707.65429712726,23098.996950165012
2022-01-16 04:00:00,13351.720652255748,11694.95551865683,23036.807550546262
2022-01-16 08:00:00,13351.720652255748,11756.90077948819,23362.749728705086
2022-01-16 12:00:00,13351.720652255748,11692.16798191942,23157.11400773134
2022-01-16 16:00:00,13351.720652255748,11760.617495138073,23384.072279030144
2022-01-16 20:00:00,13351.720652255748,11639.514510212763,23090.982649390753
2022-01-17 00:00:00,13351.720652255748,11696.81387648177,23187.8506054338
2022-01-17 04:00:00,13351.720652255748,11584.073501768693,22500.805730741784
2022-01-17 08:00:00,13351.720652255748,11567.03855504007,22531.84787537309
2022-01-17 12:00:00,13351.720652255748,11588.719396331046,22428.752234991574
2022-01-17 16:00:00,13351.720652255748,11549.384155703132,22397.924429905765
2022-01-17 20:00:00,13351.720652255748,11489.916705305024,22130.337497297056
2022-01-18 00:00:00,13351.720652255748,11466.996958797421,22083.677522509337
2022-01-18 04:00:00,13351.720652255748,11437.572959902525,22003.94598890011
2022-01-18 08:00:00,13351.720652255748,11441.289675552407,22072.023343594148
2022-01-18 12:00:00,13351.720652255748,11389.875109062377,21831.059963867116
2022-01-18 16:00:00,13351.720652255748,11365.716457338145,21711.269591277145
2022-01-18 20:00:00,13351.720652255748,11406.600329486844,21813.420126316996
2022-01-19 00:00:00,13351.720652255748,11588.099943722733,22340.97842743422
2022-01-19 04:00:00,13351.720652255748,11401.954434924492,21875.221213859895
2022-01-19 08:00:00,13351.720652255748,11290.143239123885,21406.6913846976
2022-01-19 12:00:00,13351.720652255748,11484.961084438515,21723.04162807196
2022-01-19 16:00:00,13351.720652255748,11467.926137709892,21775.97357675032
2022-01-19 20:00:00,13351.720652255748,11439.741044031622,21759.47749723324
2022-01-20 00:00:00,13351.720652255748,11385.229214500025,21577.674918425386
2022-01-20 04:00:00,13351.720652255748,11450.58146467711,21808.108460235406
2022-01-20 08:00:00,13351.720652255748,11475.359569009655,21827.570353641593
2022-01-20 12:00:00,13351.720652255748,11506.95165203365,21932.485080166523
2022-01-20 16:00:00,13311.785296366648,11830.615639877511,22702.729772291692
2022-01-20 20:00:00,13145.449212711192,11763.095305571327,22346.438673728037
2022-01-21 00:00:00,12212.9028114866,11142.403792041088,20638.722797542345
2022-01-21 04:00:00,12212.9028114866,10553.614087839002,19894.560724351988
2022-01-21 08:00:00,12212.9028114866,10713.123134479756,20193.68784056723
2022-01-21 12:00:00,12212.9028114866,10636.930463657181,19665.27764133869
2022-01-21 16:00:00,12212.9028114866,10612.152359324637,19608.261052278976
2022-01-21 20:00:00,12212.9028114866,10379.547904902876,19236.624325778495
2022-01-22 00:00:00,12212.9028114866,9965.753562549384,18062.24928079175
2022-01-22 04:00:00,12212.9028114866,9939.117100391899,17812.7264682588
2022-01-22 08:00:00,12212.9028114866,9665.319047517281,16611.697952226226
2022-01-22 12:00:00,12212.9028114866,9691.64578337061,16451.947921074512
2022-01-22 16:00:00,12212.9028114866,9531.51728412154,15783.792796424414
2022-01-22 20:00:00,12212.9028114866,9456.253792211437,15445.660821074816
2022-01-23 00:00:00,12212.9028114866,9595.011176473687,15985.250586283286
2022-01-23 04:00:00,12212.9028114866,9590.984734519649,15976.535781871582
2022-01-23 08:00:00,12212.9028114866,9747.706244422992,16803.672308919937
2022-01-23 12:00:00,12212.9028114866,9782.395590488555,16903.44320842139
2022-01-23 16:00:00,12212.9028114866,9663.150963388183,16456.78677814821
2022-01-23 20:00:00,12212.9028114866,9511.694800655507,15917.28876504745
2022-01-24 00:00:00,12212.9028114866,9913.71954345104,16773.40769357962
2022-01-24 04:00:00,12212.9028114866,9680.495636420965,15834.13971884497
2022-01-24 08:00:00,12212.9028114866,9555.056483237458,15159.2025780403
2022-01-24 12:00:00,12212.9028114866,9240.684284518302,14593.47974151546
2022-01-24 16:00:00,12212.9028114866,9385.32646855953,15039.341975868334
2022-01-24 20:00:00,12212.9028114866,9869.428681956617,15549.181874176098
2022-01-25 00:00:00,12212.9028114866,10047.211580542624,15902.774799610599
2022-01-25 04:00:00,12212.9028114866,9986.814951232047,15699.350544440862
2022-01-25 08:00:00,12212.9028114866,9891.728975855907,15619.937053477763
2022-01-25 12:00:00,12212.9028114866,10024.911286643333,15923.181993008844
2022-01-25 16:00:00,12200.689908675115,10055.574190754856,16037.1680603199
2022-01-25 20:00:00,12245.454752960424,10166.146481338837,16441.894500291928
2022-01-26 00:00:00,12235.04724014339,10140.439198093822,16291.577675644457
2022-01-26 04:00:00,12286.457845625122,10267.426982798112,16347.993751494174
2022-01-26 08:00:00,12285.454711859624,10264.949172364857,16310.08637954857
2022-01-26 12:00:00,12360.730421095319,10481.447858970465,16887.489498621002
2022-01-26 16:00:00,12433.792110279404,10448.616870729844,17014.566907751614
2022-01-26 20:00:00,12361.813511022503,10361.274052957624,16920.713331728177
2022-01-27 00:00:00,12102.72858802904,10158.713050039074,16069.64658970285
2022-01-27 04:00:00,11821.611237183717,9879.339923689635,15291.733609486468
2022-01-27 08:00:00,11880.419954185989,10024.601560339177,15687.169932890843
2022-01-27 12:00:00,11946.752174429488,10188.446775238126,16105.592896536924
2022-01-27 16:00:00,11948.88383368117,10193.712122408793,16251.143912387954
2022-01-27 20:00:00,11902.363505306239,10078.803663566618,15862.202064407868
2022-01-28 00:00:00,12007.190983800692,10337.734853841706,15946.501910663666
2022-01-28 04:00:00,12027.50444255201,10387.910515115109,16300.462733811486
2022-01-28 08:00:00,11966.689458018744,10237.69325759906,15872.492611636395
2022-01-28 12:00:00,11919.000980373892,10150.35043982684,15772.750637467392
2022-01-28 16:00:00,11919.000980373892,10333.708411887668,16125.52193768426
2022-01-28 20:00:00,11919.000980373892,10351.98226383292,16212.58355377827
2022-01-29 00:00:00,11907.081979393519,10490.739648095168,16341.441795547427
2022-01-29 04:00:00,11913.650667011254,10508.08432112795,16442.624206013985
2022-01-29 08:00:00,11928.430214151158,10547.109835451707,17020.549631267604
2022-01-29 12:00:00,11916.935010820122,10516.75665764434,16908.878922656553
2022-01-29 16:00:00,11898.050033919131,10466.890722675094,16728.260575632918
2022-01-29 20:00:00,11916.033061156284,10545.87093023508,16856.518280759723
2022-01-30 00:00:00,11963.953349197134,10627.32894822832,16981.5047267052
2022-01-30 04:00:00,11900.067107019138,10568.17122413437,16755.05019044157
2022-01-30 08:00:00,12002.847888870754,10655.204315602434,17076.952020309698
2022-01-30 12:00:00,11993.906978657109,10604.09947541656,17010.25437579621
2022-01-30 16:00:00,11965.93782511861,10576.224108042448,16875.874676626052
2022-01-30 20:00:00,11822.592003254122,10439.325081605139,16414.066805581566
2022-01-31 00:00:00,11926.9490044798,10539.986130456102,16666.864520387637
2022-01-31 04:00:00,11674.487593885326,10286.01056104752,16123.498312789685
2022-01-31 08:00:00,11702.313186698215,10308.620581250967,16126.43347628904
2022-01-31 12:00:00,11749.25820524757,10352.911442745391,16316.124039499417
2022-01-31 16:00:00,11821.297470076035,10430.033292480435,16766.61946327737
2022-01-31 20:00:00,11882.29609041561,10585.825623471308,17165.903987967937
2022-02-01 00:00:00,11933.932789929177,10621.444148449342,17265.781078412
2022-02-01 04:00:00,12346.020581863031,10645.602800173572,18155.4937148052
2022-02-01 08:00:00,12240.580680146299,10582.418634125585,17924.652990925373
2022-02-01 12:00:00,12315.965488369922,10578.082465867388,18050.32221752281
2022-02-01 16:00:00,12434.342103854864,10649.938968431767,18337.70680812201
2022-02-01 20:00:00,12374.160178574313,10580.560276300643,18210.097894915914
2022-02-02 00:00:00,12502.068968037669,10647.151431694356,18472.911138706306
2022-02-02 04:00:00,12507.15306052126,10591.090970641973,18500.619432101077
2022-02-02 08:00:00,12368.860232963629,10526.667899377358,18200.07016607492
2022-02-02 12:00:00,12429.2466033369,10549.277919580805,18336.955720977065
2022-02-02 16:00:00,12112.27205353961,10270.52424583968,17724.53325248993
2022-02-02 20:00:00,12267.310037189978,10303.045507776145,18185.973506268776
2022-02-03 00:00:00,11949.771623184948,10126.501514406766,17299.630579988265
2022-02-03 04:00:00,11748.365161600594,10108.227662461513,16777.63085441853
2022-02-03 08:00:00,11748.365161600594,10172.031281117816,17063.118776310184
2022-02-03 12:00:00,11748.365161600594,10113.183283328022,16783.096269533053
2022-02-03 16:00:00,11748.365161600594,10028.318275989059,16714.233230332487
2022-02-03 20:00:00,11748.365161600594,9915.887627580138,16470.835022836258
2022-02-04 00:00:00,11748.365161600594,10112.254104415553,17130.096849353817
2022-02-04 04:00:00,11748.365161600594,10096.458062903555,17166.921603562805
2022-02-04 08:00:00,11748.365161600594,10239.861341728156,17619.30146395936
2022-02-04 12:00:00,11748.365161600594,10213.844332178985,17586.640776692868
2022-02-04 16:00:00,11724.868431277391,10685.5574934098,18095.064424744847
2022-02-04 20:00:00,11962.773447621776,11018.822996682524,18647.279072185444
2022-02-05 00:00:00,12098.924420951527,11244.303746108677,18963.212439830677
2022-02-05 04:00:00,12080.511981657488,11215.189473517938,19106.79787693281
2022-02-05 08:00:00,12133.400168966486,11211.472757868056,19258.759200882585
2022-02-05 12:00:00,12140.416479093472,11231.604967638248,19232.104800644207
2022-02-05 16:00:00,12285.40165065796,11323.903406276977,19473.548909271172
2022-02-05 20:00:00,12089.16947945564,11242.445388283737,19075.011039075314
2022-02-06 00:00:00,12098.208594606953,11206.20741069739,19120.77598670339
2022-02-06 04:00:00,12132.347707988456,11229.127157204994,19204.971162486494
2022-02-06 08:00:00,12135.614375699686,11276.515281740985,19183.77479250732
2022-02-06 12:00:00,12126.452826497225,11255.144166754166,19178.973349196356
2022-02-06 16:00:00,12056.956124266186,11257.312250883264,19021.78681397924
2022-02-06 20:00:00,12085.160603978473,11295.098859990394,19046.260644081314
2022-02-07 00:00:00,12288.427891763777,11466.06777988495,19387.70996218221
2022-02-07 04:00:00,12522.003872358846,11616.594763705158,19892.569065719726
2022-02-07 08:00:00,12458.661787765159,11591.816659372615,19698.172609400044
2022-02-07 12:00:00,12439.440709919567,11583.45404916038,19688.57949446467
2022-02-07 16:00:00,12754.10147843459,11888.534458754833,20239.609342408192
2022-02-07 20:00:00,12817.472025719444,12001.894286076225,20228.336410854325
2022-02-08 00:00:00,12648.908043097283,11882.339932671697,19891.46556847696
2022-02-08 04:00:00,12712.130808333706,11980.832897393562,19976.661814531755
2022-02-08 08:00:00,12859.7507438241,12218.70269898599,20133.94397314516
2022-02-08 12:00:00,12508.169523390636,11939.32957263655,19560.851696207887
2022-02-08 16:00:00,12412.125316540216,11807.076440761593,19274.14365874978
2022-02-08 20:00:00,12351.159701148823,11675.752487799109,19060.2877264142
2022-02-09 00:00:00,12351.159701148823,11967.204940010663,19517.7296487354
2022-02-09 04:00:00,12351.159701148823,11762.78557926717,19165.287195149118
2022-02-09 08:00:00,12351.159701148823,11910.21530004581,19318.752510390088
2022-02-09 12:00:00,12351.159701148823,11862.207722901505,19508.67173746977
2022-02-09 16:00:00,12351.159701148823,11911.14447895828,19538.325335106936
2022-02-09 20:00:00,12338.808541447674,12055.78666299951,19862.49799626092
2022-02-10 00:00:00,12340.256678357178,12050.831042133,19769.43514622406
2022-02-10 04:00:00,12258.292129279323,11879.24266963013,19311.506449512366
2022-02-10 08:00:00,12265.967254899686,11963.48822436078,19487.039446941235
2022-02-10 12:00:00,12341.84962895763,12168.217311408429,19772.4277042491
2022-02-10 16:00:00,12279.724555539964,12158.306069675411,19496.29653749413
2022-02-10 20:00:00,12155.801108391413,12018.619506500692,19040.303841913097
2022-02-11 00:00:00,12155.801108391413,11821.94330336112,18689.471544811706
2022-02-11 04:00:00,12155.801108391413,11802.740272503399,18574.277359968884
2022-02-11 08:00:00,12155.801108391413,11808.625072282377,18718.706242615004
2022-02-11 12:00:00,12155.801108391413,11797.474925332734,18667.990143032584
2022-02-11 16:00:00,12155.801108391413,11883.578837888324,18832.667089047896
2022-02-11 20:00:00,12155.801108391413,11691.238803006949,17987.056019984742
2022-02-12 00:00:00,12155.801108391413,11568.587186560853,17507.095284444473
2022-02-12 04:00:00,12155.801108391413,11568.587186560853,17594.19850864561
2022-02-12 08:00:00,12155.801108391413,11511.287820291844,17235.449776952195
2022-02-12 12:00:00,12155.801108391413,11583.763775464537,17502.88802014148
2022-02-12 16:00:00,12155.801108391413,11505.093294208707,17280.641484595686
2022-02-12 20:00:00,12155.801108391413,11661.814804112051,17664.879815318378
2022-02-13 00:00:00,12155.801108391413,11546.596618965721,17448.052857642397
2022-02-13 04:00:00,12155.801108391413,11554.649502873797,17494.063422612857
2022-02-13 08:00:00,12155.801108391413,11597.701459151593,17518.01765809399
2022-02-13 12:00:00,12155.801108391413,11621.860110875825,17533.66571539401
2022-02-13 16:00:00,12155.801108391413,11622.169837179981,17441.413686168915
2022-02-13 20:00:00,12155.801108391413,11471.333127055615,16967.588804632687
2022-02-14 00:00:00,12155.801108391413,11459.873253801814,17040.322309136976
2022-02-14 04:00:00,12155.801108391413,11445.935570114758,17105.987524617194
2022-02-14 08:00:00,12155.801108391413,11558.675944827835,17300.349571276023
2022-02-14 12:00:00,12155.801108391413,11550.313334615601,17165.461586124093
2022-02-14 16:00:00,12155.801108391413,11680.088656057304,17632.018342873947
2022-02-14 20:00:00,12155.801108391413,11555.578681786268,17278.55362694459
2022-02-15 00:00:00,12155.801108391413,11662.12453041621,17612.933877419848
2022-02-15 04:00:00,12119.44278005126,11922.91407851624,18319.61678744523
2022-02-15 08:00:00,12198.436797986618,11974.638371310426,18441.520318082865
2022-02-15 12:00:00,12290.530943246044,12081.493946244524,18546.67771206165
2022-02-15 16:00:00,12327.565455209842,12068.795167774095,18594.46941965253
2022-02-15 20:00:00,12230.391997299008,12008.398538463518,18418.27663864021
2022-02-16 00:00:00,12545.204936128077,12166.978406191802,18973.918072894943
2022-02-16 04:00:00,12324.35629142403,12015.831969763281,18582.89916238097
2022-02-16 08:00:00,12386.147739225567,12041.539253008295,18718.94701568866
2022-02-16 12:00:00,12289.938534737139,12025.123758887985,18516.76961008482
2022-02-16 16:00:00,12033.492812659704,11891.941448100559,18064.97007781973
2022-02-16 20:00:00,12372.624538521333,12044.326789745706,18654.116731373753
2022-02-17 00:00:00,12226.367455984479,11961.010413927526,18413.682865562838
2022-02-17 04:00:00,12081.06408100898,11912.383384174907,18129.783115339418
2022-02-17 08:00:00,12184.299032610701,11975.567550222897,18326.111985180563
2022-02-17 12:00:00,11960.16533258891,11765.882842308738,18019.8407405629
2022-02-17 16:00:00,11844.008110908075,11436.02432838174,17619.39146248548
2022-02-17 20:00:00,11844.008110908075,11232.843872854875,17190.96929380396
2022-02-18 00:00:00,11844.008110908075,11054.751247964712,16990.512601611463
2022-02-18 04:00:00,11844.008110908075,11096.874025330038,17108.630937197537
2022-02-18 08:00:00,11844.008110908075,11093.77676228847,17176.7827461551
2022-02-18 12:00:00,11844.008110908075,10968.957061713278,16992.59703908611
2022-02-18 16:00:00,11844.008110908075,10890.286580457449,16569.9715588511
2022-02-18 20:00:00,11844.008110908075,10993.115713437508,16635.7390978205
2022-02-19 00:00:00,11844.008110908075,10947.585946726458,16481.79220108544
2022-02-19 04:00:00,11844.008110908075,10992.805987133352,16678.983076255743
2022-02-19 08:00:00,11844.008110908075,11040.813564277656,16798.276498902767
2022-02-19 12:00:00,11844.008110908075,10909.48961131517,16348.52082429589
2022-02-19 16:00:00,11844.008110908075,10943.55950477242,16549.86424899788
2022-02-19 20:00:00,11844.008110908075,10932.099631518617,16420.256494612448
2022-02-20 00:00:00,11844.008110908075,10962.762535630141,16599.43186392656
2022-02-20 04:00:00,11844.008110908075,10874.49053894545,16198.173097031055
2022-02-20 08:00:00,11844.008110908075,10596.35631781264,15915.187731507356
2022-02-20 12:00:00,11844.008110908075,10484.235395707876,16053.423822815275
2022-02-20 16:00:00,11844.008110908075,10478.97004853721,16072.181743049267
2022-02-20 20:00:00,11844.008110908075,10505.916236998853,16356.229857496788
2022-02-21 00:00:00,11844.008110908075,10510.252405257048,16195.213685212271
2022-02-21 04:00:00,11844.008110908075,10625.47059040338,16636.738972927313
2022-02-21 08:00:00,11832.164102797167,10714.052313392227,16856.77030890253
2022-02-21 12:00:00,11563.752589683152,10259.683825194192,15925.150176689174
2022-02-21 16:00:00,11563.752589683152,10605.028654329031,16237.47626542116
2022-02-21 20:00:00,11563.752589683152,10446.13906029659,15904.609573962152
2022-02-22 00:00:00,11563.752589683152,10144.46564004786,15235.469182096222
2022-02-22 04:00:00,11563.752589683152,10031.10581272647,15020.029893919142
2022-02-22 08:00:00,11563.752589683152,10076.325853133363,15070.56401316481
2022-02-22 12:00:00,11563.752589683152,10250.392036069488,15470.54982980446
2022-02-22 16:00:00,11563.752589683152,10318.222096679829,15623.879848662651
2022-02-22 20:00:00,11563.752589683152,10412.99834575181,15732.904355260482
2022-02-23 00:00:00,11563.752589683152,10452.953038988038,15769.282797646354
2022-02-23 04:00:00,11563.752589683152,10322.558264938023,15767.186110108894
2022-02-23 08:00:00,11563.752589683152,10443.04179725502,16106.478298633683
2022-02-23 12:00:00,11563.752589683152,10611.532906716324,16491.018719203494
2022-02-23 16:00:00,11563.752589683152,10542.463940889356,16186.93747163362
2022-02-23 20:00:00,11563.752589683152,10308.930307555123,15896.297094654115
2022-02-24 00:00:00,11563.752589683152,10205.171995662595,15423.037345110719
2022-02-24 04:00:00,11563.752589683152,9625.674080585211,14337.204523832981
2022-02-24 08:00:00,11563.752589683152,9727.264308348644,14796.138299332719
2022-02-24 12:00:00,11563.752589683152,9824.208641549723,14853.69477968298
2022-02-24 16:00:00,11563.752589683152,10019.336213168512,15454.950108525558
2022-02-24 20:00:00,11552.188837093468,10323.79717015465,16273.547328419056
2022-02-25 00:00:00,11482.139956698567,10610.91345410801,16200.137405131321
2022-02-25 04:00:00,11470.27904092853,10755.865364453395,16294.887612958268
2022-02-25 08:00:00,11399.819403053667,10639.09854778628,16158.178091352122
2022-02-25 12:00:00,11485.333185494372,10744.095764895437,16347.297569649005
2022-02-25 16:00:00,11553.33400833932,10861.482034170866,16595.38458458576
2022-02-25 20:00:00,11320.757131634262,10653.655684081648,16267.778682378712
2022-02-26 00:00:00,11624.02695994945,10781.882374002567,16753.494946804574
2022-02-26 04:00:00,11693.855190609775,10846.305445267182,16824.333021154835
2022-02-26 08:00:00,11647.231479150041,10795.510331385467,16743.650777018243
2022-02-26 12:00:00,11506.92567633694,10726.751091862656,16522.045359826378
2022-02-26 16:00:00,11594.073893901896,10796.749236602092,16638.633086346003
2022-02-26 20:00:00,11623.707389189145,10807.899383551738,16652.986018977652
2022-02-27 00:00:00,11532.058889114123,10760.511259015748,16517.808222887368
2022-02-27 04:00:00,11251.457493967651,10625.160864099224,16048.199182243136
2022-02-27 08:00:00,11390.136219948708,10681.531051455762,16301.74560894569
2022-02-27 12:00:00,11645.471004448716,10849.40270830875,16658.364964308847
2022-02-27 16:00:00,11626.561197453311,10809.448015072523,16666.397258202735
2022-02-27 20:00:00,10923.356934451684,10376.140915557151,15640.47953744122
2022-02-28 00:00:00,10950.468530205475,10452.333586379726,15824.822553952155
2022-02-28 04:00:00,10962.165640836893,10516.75665764434,15978.893282580855
2022-02-28 08:00:00,10962.165640836893,10628.567853444947,16155.475066111867
2022-02-28 12:00:00,10962.165640836893,10611.84263302048,16419.03720125813
2022-02-28 16:00:00,10940.241309555218,11270.630481962005,17310.223636659437
2022-02-28 20:00:00,11019.165520721566,11420.847739478057,17431.59961146764
2022-03-01 00:00:00,11305.495877819518,11932.205867640943,18107.375494854874
2022-03-01 04:00:00,11221.267484598537,11937.161488507452,17888.424522025616
2022-03-01 08:00:00,11219.944367318963,12000.34565455544,17852.227354569564
2022-03-01 12:00:00,11288.56533270409,12085.210661894405,17993.20723465013
2022-03-01 16:00:00,11391.174873539083,12145.607291204982,18132.559820902163
2022-03-01 20:00:00,11402.382672276037,12191.756510524347,18142.84862892969
2022-03-02 00:00:00,11534.804440585107,12359.31844107318,18346.80368951316
2022-03-02 04:00:00,11809.797176802054,12356.840630639925,18984.989726869713
2022-03-02 08:00:00,11673.358846899118,12286.223033292172,18740.98896539901
2022-03-02 12:00:00,11811.030645414194,12328.655536961654,19016.28545194704
2022-03-02 16:00:00,11642.15090571821,12356.22117803161,18645.162613272598
2022-03-02 20:00:00,11519.888660380364,12180.606363574701,18471.638506863186
2022-03-03 00:00:00,11535.632656343101,12242.551624406064,18455.630344982244
2022-03-03 04:00:00,11370.253021201246,12104.10396644797,18172.428244663428
2022-03-03 08:00:00,11431.7823637011,12128.572344476359,18313.02227520506
2022-03-03 12:00:00,11444.803554403294,12130.430702301299,18326.782534778427
2022-03-03 16:00:00,11127.62938534244,11905.569405483458,17760.815268233702
2022-03-03 20:00:00,11039.386330551799,11822.562755969435,17626.611508520404
2022-03-04 00:00:00,11072.926920389258,11886.056648321579,17739.747601856474
2022-03-04 04:00:00,10979.672145710716,11633.319984129626,17132.322900743566
2022-03-04 08:00:00,10979.672145710716,11653.452193899819,17213.28767175199
2022-03-04 12:00:00,10979.672145710716,11760.617495138073,17441.56607033754
2022-03-04 16:00:00,10979.672145710716,11530.800577453723,17129.285602503067
2022-03-04 20:00:00,10979.672145710716,11263.5067769664,16670.72074476599
2022-03-05 00:00:00,10979.672145710716,11099.66156206745,16600.14454085137
2022-03-05 04:00:00,10979.672145710716,11084.17524685961,16548.88193592716
2022-03-05 08:00:00,10979.672145710716,11075.812636647375,16691.717750939
2022-03-05 12:00:00,10979.672145710716,11108.643624887996,16697.633595263556
2022-03-05 16:00:00,10979.672145710716,11108.953351192153,16719.919457277614
2022-03-05 20:00:00,10979.672145710716,11193.508632226962,16887.41405224144
2022-03-06 00:00:00,10979.672145710716,11166.252717461162,16810.47664518556
2022-03-06 04:00:00,10979.672145710716,11143.023244649403,16578.843219951825
2022-03-06 08:00:00,10979.672145710716,11179.26122223575,16668.332991742718
2022-03-06 12:00:00,10979.672145710716,10885.640685895096,16378.558608181156
2022-03-06 16:00:00,10979.672145710716,11021.300807115778,16470.304172659915
2022-03-06 20:00:00,10979.672145710716,10967.71815649665,16231.054272284358
2022-03-07 00:00:00,10979.672145710716,10939.842789122538,16104.209550126965
2022-03-07 04:00:00,10979.672145710716,10798.91732073119,15811.589698619806
2022-03-07 08:00:00,10979.672145710716,10803.563215293543,15736.04267772249
2022-03-07 12:00:00,10979.672145710716,10955.638830634534,15999.37628166144
2022-03-07 16:00:00,10979.672145710716,11127.84665574572,16330.684525210356
2022-03-07 20:00:00,10979.672145710716,10651.177873648394,15486.113606990932
2022-03-08 00:00:00,10979.672145710716,10827.10241440946,15712.716648160078
2022-03-08 04:00:00,10979.672145710716,11011.079839078602,16034.087304008073
2022-03-08 08:00:00,10979.672145710716,10989.08927148347,15968.553065075841
2022-03-08 12:00:00,10979.672145710716,11097.493477938351,16158.850021272116
2022-03-08 16:00:00,10979.672145710716,11008.911754949506,15969.070852183617
2022-03-08 20:00:00,10979.672145710716,11002.71722886637,15981.250692104173
2022-03-09 00:00:00,10979.672145710716,11007.672849732879,15906.888553785686
2022-03-09 04:00:00,10957.712801419295,11701.459771044123,16952.939483722224
2022-03-09 08:00:00,11064.594793712366,11855.0840179059,17135.362032246136
2022-03-09 12:00:00,11055.371917824259,11893.180353317186,16974.574342902808
2022-03-09 16:00:00,11057.948097078159,11917.958457649731,17007.29318177679
2022-03-09 20:00:00,10955.294905260587,11802.430546199243,16651.16439638204
2022-03-10 00:00:00,10953.103979094194,11751.945158621682,16764.834272415064
2022-03-10 04:00:00,10767.551411035374,11421.467192086371,16305.677791624657
2022-03-10 08:00:00,10523.23097612721,10983.514198008646,15806.413695033796
2022-03-10 12:00:00,10523.23097612721,10971.434872146532,15749.118059593882
2022-03-10 16:00:00,10523.23097612721,11017.893817770053,15787.754551574828
2022-03-10 20:00:00,10523.23097612721,11118.554866621014,15935.6638830859
2022-03-11 00:00:00,10523.23097612721,11096.254572721724,15909.657838004268
2022-03-11 04:00:00,10523.23097612721,10910.109063923484,15697.167179956796
2022-03-11 08:00:00,10523.23097612721,11042.052469494283,15883.518183440097
2022-03-11 12:00:00,10523.23097612721,11223.861810034328,16078.966120181427
2022-03-11 16:00:00,10523.23097612721,11028.114785807227,15782.370814674636
2022-03-11 20:00:00,10523.23097612721,11010.150660166133,15703.864255266217
2022-03-12 00:00:00,10523.23097612721,10995.283797566606,15702.808716548485
2022-03-12 04:00:00,10523.23097612721,11088.82114142196,15888.604502701028
2022-03-12 08:00:00,10523.23097612721,11105.54636184643,15893.231599593788
2022-03-12 12:00:00,10523.23097612721,11090.989225551059,15816.018399726785
2022-03-12 16:00:00,10523.23097612721,11097.183751634195,15877.482416241128
2022-03-12 20:00:00,10523.23097612721,11083.865520555451,15872.931319631229
2022-03-13 00:00:00,10523.23097612721,11026.256427982287,15791.985131817886
2022-03-13 04:00:00,10523.23097612721,11144.571876170186,15989.715283324636
2022-03-13 08:00:00,10523.23097612721,11105.236635542273,15893.80541023367
2022-03-13 12:00:00,10523.23097612721,11010.770112774446,15768.112039958221
2022-03-13 16:00:00,10523.23097612721,11042.981648406754,15807.230149717623
2022-03-13 20:00:00,10523.23097612721,11012.938196903544,15681.709447201483
2022-03-14 00:00:00,10523.23097612721,10716.839850129638,15324.722816427744
2022-03-14 04:00:00,10523.23097612721,10850.022160917064,15521.299301141726
2022-03-14 08:00:00,10523.23097612721,11069.927836868395,15769.345293817667
2022-03-14 12:00:00,10523.23097612721,11004.57558669131,15718.933730380963
2022-03-14 16:00:00,10523.23097612721,11001.788049953899,15673.461949318364
2022-03-14 20:00:00,10523.23097612721,10974.5321351881,15548.647224454531
2022-03-15 00:00:00,10512.707745151081,11226.029894163426,15851.20337325719
2022-03-15 04:00:00,10411.099507035215,10933.648263039402,15470.817444688342
2022-03-15 08:00:00,10411.099507035215,10824.624603976206,15369.645671798356
2022-03-15 12:00:00,10411.099507035215,10902.365906319565,15500.15689032078
2022-03-15 16:00:00,10411.099507035215,11015.416007336798,15696.557464042346
2022-03-15 20:00:00,10390.277308021145,11236.2508622006,16282.01041273728
2022-03-16 00:00:00,10266.354281975471,11102.758825109018,15992.93000376125
2022-03-16 04:00:00,10230.993933928545,11061.255500352005,15902.631637284803
2022-03-16 08:00:00,10305.574160239898,11192.269727010334,16072.086304932422
2022-03-16 12:00:00,10382.187426302222,11411.86567665751,16307.497741563475
2022-03-16 16:00:00,10405.249149122323,11449.032833156327,16314.834257814731
2022-03-16 20:00:00,10516.026901635834,11463.899695755854,16519.53538343836
2022-03-17 00:00:00,10655.019316247603,11555.888408090424,16788.787174229314
2022-03-17 04:00:00,10639.225540054624,11518.101798983294,16785.864236512592
2022-03-17 08:00:00,10564.159251734816,11432.927065340173,16655.040286536812
2022-03-17 12:00:00,10592.797347436215,11419.918560565586,16701.0168395656
2022-03-17 16:00:00,10657.560573098777,11388.63620384575,16847.597078947452
2022-03-17 20:00:00,10766.070428940027,11417.440750132333,17057.013114397218
2022-03-18 00:00:00,10631.038430603105,11431.997886427702,16739.348860349124
2022-03-18 04:00:00,10481.877953775656,11328.859027143486,16466.201450419205
2022-03-18 08:00:00,10506.632252182064,11348.991236913678,16490.425394819467
2022-03-18 12:00:00,10521.42719928976,11349.610689521991,16497.707781719324
2022-03-18 16:00:00,10803.815391126765,11474.120663793028,16976.81823960406
2022-03-18 20:00:00,11087.947051057869,11777.342715562541,17445.892618786864
2022-03-19 00:00:00,10981.853612425557,11698.362508002556,17256.720854936117
2022-03-19 04:00:00,11021.523158713995,11712.919644297925,17333.212618670535
2022-03-19 08:00:00,10929.765708594,11664.91206715362,17171.948829196626
2022-03-19 12:00:00,11016.608199267492,11695.884697569301,17340.159264174075
2022-03-19 16:00:00,11218.281452077523,11769.289831654463,17762.299590878338
2022-03-19 20:00:00,11137.650003158335,11775.794084041756,17594.025161871625
2022-03-20 00:00:00,11132.23461942624,11829.067008356727,17565.548297078683
2022-03-20 04:00:00,11013.850077229572,11738.62692754294,17342.528979773935
2022-03-20 08:00:00,11023.87162917326,11738.317201238782,17376.263107577128
2022-03-20 12:00:00,10903.779893662468,11663.363435632837,17173.80525718238
2022-03-20 16:00:00,10759.614637464645,11569.82609177748,16999.440334799674
2022-03-20 20:00:00,10759.614637464645,11595.223648718338,17107.202669798615
2022-03-21 00:00:00,10759.614637464645,11572.92335481905,16999.81648203398
2022-03-21 04:00:00,10759.614637464645,11460.182980105972,16833.294375111243
2022-03-21 08:00:00,10759.614637464645,11527.703314412154,17129.598783811776
2022-03-21 12:00:00,10759.614637464645,11590.26802785183,17227.591583595113
2022-03-21 16:00:00,10759.614637464645,11558.675944827835,17218.564557239803
2022-03-21 20:00:00,10759.614637464645,11572.613628514891,17120.53264394148
2022-03-22 00:00:00,10759.614637464645,11532.658935278663,17029.243737657343
2022-03-22 04:00:00,10738.095408189716,11886.676100929893,17610.25838907824
2022-03-22 08:00:00,10738.351544892326,11915.790373520633,17534.63999392945
2022-03-22 12:00:00,10821.688947581586,12109.369313618636,17808.359668280427
2022-03-22 16:00:00,10751.894773042832,11969.37302413976,17766.657237004372
2022-03-22 20:00:00,10696.907648632432,11873.667596155306,17565.9588084457
2022-03-23 00:00:00,10688.54934255629,11893.799805925499,17458.041602710393
2022-03-23 04:00:00,10643.585221336045,11825.660019011002,17371.715917044014
2022-03-23 08:00:00,10650.45249522186,11839.287976393902,17505.24776038255
2022-03-23 12:00:00,10666.61005449079,11860.659091380721,17577.13548630356
2022-03-23 16:00:00,10797.57747901677,12010.876348896772,18159.72245125322
2022-03-23 20:00:00,10565.842860906188,11891.631721796402,17715.974684978064
2022-03-24 00:00:00,10795.503602623812,12076.538325378015,18120.83451913274
2022-03-24 04:00:00,10761.639439828723,12045.875421266492,18067.22083410451
2022-03-24 08:00:00,10919.033393503621,12159.854701196196,18401.827703477895
2022-03-24 12:00:00,11019.40240501137,12122.068092089065,18686.705238592003
2022-03-24 16:00:00,11220.016179493443,12377.59229301843,18995.809742902646
2022-03-24 20:00:00,11259.31613513827,12358.389262160708,19122.97522962483
2022-03-25 00:00:00,11244.105622858808,12373.256124760235,19069.725173972947
2022-03-25 04:00:00,11282.813445693355,12343.522399561181,19161.524268860412
2022-03-25 08:00:00,11261.138883079293,12346.61966260275,19109.176238239263
2022-03-25 12:00:00,11430.270692401702,12555.06546530028,19396.369623457096
2022-03-25 16:00:00,11228.111349107978,12494.359109685545,18934.775405749395
2022-03-25 20:00:00,11172.097663635735,12530.90681357605,18769.389437932678
2022-03-26 00:00:00,11158.3293510836,12515.730224672365,18759.19252583621
2022-03-26 04:00:00,11191.045223074418,12540.50832900491,18824.822136336097
2022-03-26 08:00:00,11315.955447199716,12575.817127678785,19102.34393766951
2022-03-26 12:00:00,11252.735126512516,12528.429003142795,18974.06151400269
2022-03-26 16:00:00,11262.765255216302,12480.42142599849,19042.212418668794
2022-03-26 20:00:00,11329.478867797488,12523.473382276286,19199.235601247514
2022-03-27 00:00:00,11331.084724029886,12565.596159641611,19135.90592662584
2022-03-27 04:00:00,11346.878610000162,12616.08154721917,19159.384925150884
2022-03-27 08:00:00,11387.058359771854,12631.258136122855,19236.3078298923
2022-03-27 12:00:00,11290.58020876371,12568.383696379022,19018.71081259795
2022-03-27 16:00:00,11389.12795092106,12659.75295610528,19200.447818459143
2022-03-27 20:00:00,11450.498274408485,12640.859651551715,19376.90384404261
2022-03-28 00:00:00,11902.643561851579,13213.54358793765,20117.462100216588
2022-03-28 04:00:00,11958.621034662858,13288.187627239438,20187.47005374734
2022-03-28 08:00:00,12056.189906125466,13289.426532456066,20439.030252014963
2022-03-28 12:00:00,12137.093726954114,13359.114950891348,20584.550485883992
2022-03-28 16:00:00,12134.26876365778,13373.672087186718,20558.473302540177
2022-03-28 20:00:00,12291.052593565455,13513.668376665593,20826.162322022887
2022-03-29 00:00:00,11910.046474625513,13272.701312031599,20041.211269390573
2022-03-29 04:00:00,12107.201483279943,13342.38973046688,20480.438584590553
2022-03-29 08:00:00,12141.567042928042,13330.620130908921,20557.01348377403
2022-03-29 12:00:00,12333.400698703354,13396.901559998478,20954.27780457185
2022-03-29 16:00:00,12127.173552306034,13229.95908205796,20589.78240441582
2022-03-29 20:00:00,12276.393308566978,13327.522867867354,20899.214181272244
2022-03-30 00:00:00,12116.574287673811,13256.595544215445,20548.27828990088
2022-03-30 04:00:00,12065.80542664009,13229.649355753803,20459.85881831945
2022-03-30 08:00:00,12126.21919663788,13185.668220563537,20615.370799799864
2022-03-30 12:00:00,12097.852821535533,13153.456684931229,20559.323230316244
2022-03-30 16:00:00,12412.682468006467,13079.122371933596,21525.619190399768
2022-03-30 20:00:00,12384.12368394066,13080.980729758536,21419.38383574111
2022-03-31 00:00:00,12337.289192737055,13071.379214329676,21351.51021696136
2022-03-31 04:00:00,12367.077992120318,13059.919341075873,21411.484668389327
2022-03-31 08:00:00,12443.819832747084,13107.926918220179,21653.093312725607
2022-03-31 12:00:00,12614.222961828445,13166.465189705814,22179.38538728928
2022-03-31 16:00:00,12534.53804535155,12964.21391309142,21809.18323695752
2022-03-31 20:00:00,12476.919721129794,12777.758677989023,21504.79626402429
2022-04-01 00:00:00,12453.6272070827,12735.016448015384,21418.09738250331
2022-04-01 04:00:00,12432.786536619513,12490.332667731507,21234.084255655816
2022-04-01 08:00:00,12599.511900325018,12620.10798917321,21791.33380625686
2022-04-01 12:00:00,12524.730671015932,12638.38184111846,21597.94365970317
2022-04-01 16:00:00,12829.985197212041,13055.583172817678,22791.51447489103
2022-04-01 20:00:00,12997.593736885114,13006.95614306506,23324.621371895508
2022-04-02 00:00:00,12869.27959073163,12955.231850270873,22985.81025729009
2022-04-02 04:00:00,12900.859056973586,13070.140309113049,23065.47549187378
2022-04-02 08:00:00,12955.493439791964,13061.777698900814,23195.756388512524
2022-04-02 12:00:00,13027.343970684798,13063.945783029912,23386.851911672464
2022-04-02 16:00:00,13000.600306619031,12980.939133515887,23339.191746225362
2022-04-02 20:00:00,12934.995854177883,12940.05526136719,23122.51964665566
2022-04-03 00:00:00,12780.589939109257,12842.801201861952,22721.5547937198
2022-04-03 04:00:00,12920.904075976865,12899.790841826805,23093.658195534
2022-04-03 08:00:00,13041.22410758491,13028.946710660193,23398.96703041513
2022-04-03 12:00:00,13083.282475856204,12978.461323082633,23518.005177696476
2022-04-03 16:00:00,12996.944837521933,13020.893826752115,23259.199194814537
2022-04-03 20:00:00,12942.11012756792,13012.221490235725,23130.27389927205
2022-04-04 00:00:00,13041.406132825046,13019.035468927175,23342.390664875362
2022-04-04 04:00:00,12940.210680890617,12911.250715080607,23090.48528081481
2022-04-04 08:00:00,13039.821485583678,12971.027891782871,23348.34678723095
2022-04-04 12:00:00,12956.083107033603,12997.664353940356,23154.591105093576
2022-04-04 16:00:00,12678.310275068305,12869.437664019437,22486.137801710214
2022-04-04 20:00:00,12770.698657697698,12977.222417866005,22740.335935229326
2022-04-05 00:00:00,12785.934067907105,13133.01474885688,23011.401198337684
2022-04-05 04:00:00,12808.087055529779,13166.774916009972,23171.8185019038
2022-04-05 08:00:00,12802.148788783796,13166.774916009972,23135.72831367955
2022-04-05 12:00:00,12814.165319161033,13191.862746646673,23309.689402447977
2022-04-05 16:00:00,12668.10020188266,12986.51420699071,22894.51829716424
2022-04-05 20:00:00,12691.5770704133,13069.520856504734,22915.196020269897
2022-04-06 00:00:00,12600.880403310377,12919.61332529284,22343.574969232628
2022-04-06 04:00:00,12600.880403310377,12860.145874894733,21925.18430724051
2022-04-06 08:00:00,12600.880403310377,12874.08355858179,22125.838714912432
2022-04-06 12:00:00,12600.880403310377,12735.635900623698,21568.608162533725
2022-04-06 16:00:00,12600.880403310377,12542.366686829851,21040.330196313218
2022-04-06 20:00:00,12600.880403310377,12429.00685950846,21107.259146048964
2022-04-07 00:00:00,12600.880403310377,12265.471370913667,20361.640494654916
2022-04-07 04:00:00,12600.880403310377,12303.567706324953,20489.057095296448
2022-04-07 08:00:00,12600.880403310377,12350.33637825263,20827.181410153207
2022-04-07 12:00:00,12600.880403310377,12429.00685950846,20975.402506615843
2022-04-07 16:00:00,12600.880403310377,12319.363747836951,20464.563630099205
2022-04-07 20:00:00,12600.880403310377,12367.681051285412,21006.36161068455
2022-04-08 00:00:00,12600.880403310377,12388.432713663919,21104.732992600046
2022-04-08 04:00:00,12600.880403310377,12434.89165928744,21574.15574024432
2022-04-08 08:00:00,12600.880403310377,12474.536626219511,21295.688127735906
2022-04-08 12:00:00,12600.880403310377,12341.664041736241,20851.650632152872
2022-04-08 16:00:00,12600.880403310377,12431.79439624587,21010.455364160356
2022-04-08 20:00:00,12600.880403310377,12175.650742708192,20517.801011616742
2022-04-09 00:00:00,12600.880403310377,12040.610074095825,20047.45832340048
2022-04-09 04:00:00,12600.880403310377,12074.370241248916,20062.969259097503
2022-04-09 08:00:00,12600.880403310377,12099.148345581461,20173.79808800802
2022-04-09 12:00:00,12600.880403310377,12092.644093194169,20161.238195220234
2022-04-09 16:00:00,12600.880403310377,12043.397610833237,20055.440656782826
2022-04-09 20:00:00,12600.880403310377,12127.023712955574,20162.30112260101
2022-04-10 00:00:00,12600.880403310377,12194.853773565914,20534.77085040517
2022-04-10 04:00:00,12600.880403310377,12198.570489215796,20592.839948354263
2022-04-10 08:00:00,12600.880403310377,12162.022785325293,20352.955626154326
2022-04-10 12:00:00,12600.880403310377,12173.792384883252,20309.605350284808
2022-04-10 16:00:00,12600.880403310377,12194.544047261757,20463.725969417235
2022-04-10 20:00:00,12600.880403310377,12303.567706324953,20712.100626925385
2022-04-11 00:00:00,12600.880403310377,12004.991549117793,20137.02694940655
2022-04-11 04:00:00,12600.880403310377,11994.460854776462,19985.93319251566
2022-04-11 08:00:00,12600.880403310377,12025.433485192141,20090.666666051955
2022-04-11 12:00:00,12600.880403310377,11671.106593236756,19056.553895157384
2022-04-11 16:00:00,12600.880403310377,11563.321839390188,18719.79887579751
2022-04-11 20:00:00,12600.880403310377,11384.300035587554,18661.50059622304
2022-04-12 00:00:00,12600.880403310377,11263.197050662242,18433.039696829128
2022-04-12 04:00:00,12600.880403310377,11333.19519540168,18454.05015005763
2022-04-12 08:00:00,12600.880403310377,11456.46626445609,18909.153200749366
2022-04-12 12:00:00,12600.880403310377,11526.774135499685,19229.248858382995
2022-04-12 16:00:00,12600.880403310377,11479.386010963693,19277.36028222437
2022-04-12 20:00:00,12600.880403310377,11240.896756762953,18576.101194818817
2022-04-13 00:00:00,12600.880403310377,11477.527653138752,18996.243228032985
2022-04-13 04:00:00,12600.880403310377,11461.4218853226,19067.90076219382
2022-04-13 08:00:00,12600.880403310377,11474.120663793028,19087.281792249167
2022-04-13 12:00:00,12600.880403310377,11367.884541467243,18708.34655694386
2022-04-13 16:00:00,12600.880403310377,11735.529664501371,19315.30484822663
2022-04-13 20:00:00,12600.880403310377,11691.238803006949,19126.64863101426
2022-04-14 00:00:00,12600.880403310377,11677.301119319893,19240.6182434051
2022-04-14 04:00:00,12600.880403310377,11745.750632538546,19358.83602870148
2022-04-14 08:00:00,12600.880403310377,11724.689243855884,19412.34376087101
2022-04-14 12:00:00,12600.880403310377,11654.071646508131,19080.695273290177
2022-04-14 16:00:00,12600.880403310377,11456.156538151932,18808.260226889455
2022-04-14 20:00:00,12600.880403310377,11385.538940804181,18515.633082897388
2022-04-15 00:00:00,12600.880403310377,11441.599401856563,18724.327818240432
2022-04-15 04:00:00,12600.880403310377,11528.013040716312,18937.55026255484
2022-04-15 08:00:00,12600.880403310377,11538.8534613618,18894.704658688082
2022-04-15 12:00:00,12600.880403310377,11517.792072679138,18865.233306267804
2022-04-15 16:00:00,12600.880403310377,11582.52487024791,18960.456988018508
2022-04-15 20:00:00,12600.880403310377,11567.96773395254,18740.931205149525
2022-04-16 00:00:00,12600.880403310377,11630.532447392214,18905.13243928773
2022-04-16 04:00:00,12600.880403310377,11593.365290893398,18846.576354989673
2022-04-16 08:00:00,12600.880403310377,11579.117880902184,18863.446184152435
2022-04-16 12:00:00,12600.880403310377,11584.073501768693,18930.606434300276
2022-04-16 16:00:00,12600.880403310377,11492.084789434122,18769.1315111823
2022-04-16 20:00:00,12600.880403310377,11534.517293103605,18915.75822385633
2022-04-17 00:00:00,12600.880403310377,11584.692954377007,18990.773264088923
2022-04-17 04:00:00,12600.880403310377,11546.286892661563,18887.9627801275
2022-04-17 08:00:00,12600.880403310377,11563.321839390188,18929.144539133616
2022-04-17 12:00:00,12600.880403310377,11603.895985234729,19042.914997986096
2022-04-17 16:00:00,12600.880403310377,11607.922427188767,19357.169081665685
2022-04-17 20:00:00,12600.880403310377,11577.5692493814,19190.60808877642
2022-04-18 00:00:00,12600.880403310377,11371.910983421281,18590.01259265367
2022-04-18 04:00:00,12600.880403310377,11413.724034482451,18751.850907041633
2022-04-18 08:00:00,12600.880403310377,11169.659706806888,18035.75420418301
2022-04-18 12:00:00,12600.880403310377,11185.146022014727,18087.306885125196
2022-04-18 16:00:00,12600.880403310377,11283.019534128278,18333.90584850081
2022-04-18 20:00:00,12588.279522907067,11687.831813661223,18897.86210419205
2022-04-19 00:00:00,12602.972090687057,11728.715685809922,19095.25057276012
2022-04-19 04:00:00,12595.737114128728,11708.58347603973,18952.204161235557
2022-04-19 08:00:00,12582.825463655405,11672.65522475754,18958.556026072903
2022-04-19 12:00:00,12581.601083007072,11669.248235411815,19026.919129579044
2022-04-19 16:00:00,12639.547660341199,11900.304058312793,19643.53169611723
2022-04-19 20:00:00,12654.120016743374,11895.348437446284,19690.18927099977
2022-04-20 00:00:00,12709.36766438563,11912.073657870751,19843.21763083255
2022-04-20 04:00:00,12644.194684348346,11843.624144652096,19757.6004471443
2022-04-20 08:00:00,12599.96637528294,11852.296481168487,19623.092377786423
2022-04-20 12:00:00,12874.961968388861,12042.468431920766,20110.479946591608
2022-04-20 16:00:00,12458.436414769363,11778.891347083325,19365.19942086418
2022-04-20 20:00:00,12468.878793796692,11764.334210787954,19397.72257740278
2022-04-21 00:00:00,12482.219321086188,11814.819598365513,19382.60654085958
2022-04-21 04:00:00,12622.420964784395,11931.276688728472,19627.7100111068
2022-04-21 08:00:00,12534.696879808602,11875.216227676092,19475.731470499453
2022-04-21 12:00:00,12773.844122052036,12077.777230594642,19857.037051549727
2022-04-21 16:00:00,12679.418962353018,12043.087884529079,19703.798560415176
2022-04-21 20:00:00,12350.880184795067,11790.351220337127,19184.24256054635
2022-04-22 00:00:00,12146.884771233848,11564.870470910972,18786.840369055717
2022-04-22 04:00:00,12146.884771233848,11570.755270689951,18894.27786765353
2022-04-22 08:00:00,12146.884771233848,11676.991393015735,19016.812027946395
2022-04-22 12:00:00,12146.884771233848,11611.948869142807,18903.632128420006
2022-04-22 16:00:00,12146.884771233848,11324.213132581133,18510.367393023836
2022-04-22 20:00:00,12146.884771233848,11345.274521263796,18659.022615596616
2022-04-23 00:00:00,12146.884771233848,11400.405803403708,18628.05300405241
2022-04-23 04:00:00,12146.884771233848,11332.885469097524,18526.91961944636
2022-04-23 08:00:00,12146.884771233848,11370.052625596341,18696.158923668976
2022-04-23 12:00:00,12146.884771233848,11386.777846020808,18766.88225494485
2022-04-23 16:00:00,12146.884771233848,11436.334054685898,18842.101049646608
2022-04-23 20:00:00,12146.884771233848,11426.42281295288,18795.247573946956
2022-04-24 00:00:00,12146.884771233848,11321.115869539566,18600.861230725022
2022-04-24 04:00:00,12146.884771233848,11420.228286869744,18742.82108936829
2022-04-24 08:00:00,12146.884771233848,11413.724034482451,18747.12403840763
2022-04-24 12:00:00,12146.884771233848,11376.86660428779,18664.32666526722
2022-04-24 16:00:00,12146.884771233848,11391.42374058316,18576.5271039295
2022-04-24 20:00:00,12146.884771233848,11374.388793854536,18584.350741485825
2022-04-25 00:00:00,12146.884771233848,11313.372711935646,18386.92233756717
2022-04-25 04:00:00,12146.884771233848,11284.87789195322,18232.953851218597
2022-04-25 08:00:00,12146.884771233848,11094.70594120094,17808.03078988138
2022-04-25 12:00:00,12146.884771233848,11199.083705701783,18092.972340140557
2022-04-25 16:00:00,12146.884771233848,11285.187618257376,18198.20324529099
2022-04-25 20:00:00,12122.59100169138,11633.93943673794,18899.70898741381
2022-04-26 00:00:00,12136.272222624168,11684.424824315498,18944.851592017392
2022-04-26 04:00:00,12126.206147550412,11708.893202343887,18923.862165971
2022-04-26 08:00:00,12174.33312337429,11781.36915751658,19017.17921711084
2022-04-26 12:00:00,12165.038085322065,11740.175559063724,18975.043567601897
2022-04-26 16:00:00,11763.909140493686,11196.296168964373,18177.95031885382
2022-04-26 20:00:00,11763.909140493686,11142.094065736932,18158.780874153133
2022-04-27 00:00:00,11763.909140493686,11100.281014675764,18012.679805824733
2022-04-27 04:00:00,11763.909140493686,11168.111075286104,18170.654776153402
2022-04-27 08:00:00,11763.909140493686,11382.441677762614,18642.06506333241
2022-04-27 12:00:00,11763.909140493686,11418.679655348958,18674.679916518566
2022-04-27 16:00:00,11763.909140493686,11459.253801193501,18580.85783993813
2022-04-27 20:00:00,11763.909140493686,11390.49456167069,18456.33969992108
2022-04-28 00:00:00,11763.909140493686,11517.792072679138,18672.052310574887
2022-04-28 04:00:00,11763.909140493686,11599.86954328069,18829.550200997764
2022-04-28 08:00:00,11763.909140493686,11553.720323961326,18819.598934708127
2022-04-28 12:00:00,11752.145231353192,11721.591980814315,19045.2277100567
2022-04-28 16:00:00,11650.344547339679,11644.779857383428,18676.462562373137
2022-04-28 20:00:00,11676.666722741016,11785.395599470618,18914.464904833418
2022-04-29 00:00:00,11638.048623202436,11711.680739081297,18831.329373105887
2022-04-29 04:00:00,11568.293955356086,11641.992320646017,18694.621586267116
2022-04-29 08:00:00,11555.290170130267,11602.657080018102,18644.000897052763
2022-04-29 12:00:00,11474.059107544908,11391.114014279005,18258.26124826502
2022-04-29 16:00:00,11474.059107544908,11461.112159018441,18367.389777034532
2022-04-29 20:00:00,11474.059107544908,11266.913766312124,17871.785809930545
2022-04-30 00:00:00,11474.059107544908,11349.92041582615,18064.778309286303
2022-04-30 04:00:00,11474.059107544908,11356.734394517598,18076.855812444246
2022-04-30 08:00:00,11474.059107544908,11363.858099513205,18079.205663283414
2022-04-30 12:00:00,11474.059107544908,11344.96479495964,18067.204736340085
2022-04-30 16:00:00,11474.059107544908,11304.700375419256,17860.007988091682
2022-04-30 20:00:00,11474.059107544908,11311.204627806548,17767.43072262922
2022-05-01 00:00:00,11474.059107544908,11072.40564730165,16844.8800861801
2022-05-01 04:00:00,11474.059107544908,11180.809853756533,17323.25049393373
2022-05-01 08:00:00,11474.059107544908,11158.199833553086,17377.03178203079
2022-05-01 12:00:00,11474.059107544908,11158.819286161399,17294.147238532714
2022-05-01 16:00:00,11474.059107544908,11309.965722589921,17599.66032558805
2022-05-01 20:00:00,11474.059107544908,11114.21869836282,17241.746202380666
2022-05-02 00:00:00,11474.059107544908,11305.010101723412,17598.975152623927
2022-05-02 04:00:00,11474.059107544908,11380.583319937672,17637.394857287072
2022-05-02 08:00:00,11474.059107544908,11425.803360344566,17675.281524086495
2022-05-02 12:00:00,11474.059107544908,11347.132879088736,17257.724050273406
2022-05-02 16:00:00,11474.059107544908,11380.893046241828,17421.18085626504
2022-05-02 20:00:00,11474.059107544908,11370.052625596341,17416.842607394647
2022-05-03 00:00:00,11462.585048437364,11355.185762996814,17465.33345671856
2022-05-03 04:00:00,11450.49006672199,11348.371784305364,17546.3139369437
2022-05-03 08:00:00,11442.332986030226,11352.088499955245,17524.537699206427
2022-05-03 12:00:00,11438.676363651157,11336.911911051562,17514.136652406734
2022-05-03 16:00:00,11407.032516140003,11271.869387178633,17339.958037145236
2022-05-03 20:00:00,11332.346847883497,11094.396214896784,17009.077881586985
2022-05-04 00:00:00,11332.346847883497,11104.307456629802,17053.205877789638
2022-05-04 04:00:00,11332.346847883497,11200.32261091841,17205.76557404446
2022-05-04 08:00:00,11332.346847883497,11379.96386732936,17392.624975704075
2022-05-04 12:00:00,11309.682154187729,11475.049842705497,17603.889198303812
2022-05-04 16:00:00,11261.499730800011,11444.077212289818,17391.969968521054
2022-05-04 20:00:00,11432.14854797954,11637.346426083664,18007.458221700123
2022-05-05 00:00:00,11431.699902806922,11563.631565694344,18072.631590079945
2022-05-05 04:00:00,11501.760375134178,11581.595691335438,18247.1041975278
2022-05-05 08:00:00,11448.208470315196,11557.127313307052,18120.598693672564
2022-05-05 12:00:00,11443.327527582764,11580.976238727126,18084.070553201207
2022-05-05 16:00:00,10674.816240887994,10894.313022411487,16859.0922602188
2022-05-05 20:00:00,10674.816240887994,10676.88515689341,16569.330734480107
2022-05-06 00:00:00,10674.816240887994,10745.954122720377,16740.185424146464
2022-05-06 04:00:00,10674.816240887994,10718.698207954578,16550.87118068011
2022-05-06 08:00:00,10674.816240887994,10705.999429484149,16485.391705655566
2022-05-06 12:00:00,10674.816240887994,10491.978553311796,16163.477084807993
2022-05-06 16:00:00,10674.816240887994,10548.658466972493,16243.865370703597
2022-05-06 20:00:00,10674.816240887994,10567.2420452219,16307.227203155891
2022-05-07 00:00:00,10674.816240887994,10579.321371084015,16285.959510799594
2022-05-07 04:00:00,10674.816240887994,10520.163646990066,16096.159330567814
2022-05-07 08:00:00,10674.816240887994,10553.304361534843,16119.806821484075
2022-05-07 12:00:00,10674.816240887994,10599.453580854208,16308.788647996274
2022-05-07 16:00:00,10674.816240887994,10573.12684500088,16336.4418267835
2022-05-07 20:00:00,10674.816240887994,10543.083393497669,16233.778742035567
2022-05-08 00:00:00,10674.816240887994,10418.88314553079,15858.61785772771
2022-05-08 04:00:00,10674.816240887994,10134.864124619,15449.939228220741
2022-05-08 08:00:00,10674.816240887994,10166.456207642994,15556.071742105425
2022-05-08 12:00:00,10674.816240887994,10225.9236580411,15701.883759542163
2022-05-08 16:00:00,10674.816240887994,10098.006694424339,15371.517766355279
2022-05-08 20:00:00,10674.816240887994,10164.90757612221,15393.517709807933
2022-05-09 00:00:00,10674.816240887994,10012.522234477061,15180.51177844305
2022-05-09 04:00:00,10674.816240887994,9892.658154768376,15053.460796245028
2022-05-09 08:00:00,10674.816240887994,9873.455123910655,14890.209705143257
2022-05-09 12:00:00,10674.816240887994,9714.565529878213,14559.527587322285
2022-05-09 16:00:00,10674.816240887994,9491.562590885314,14183.012229523956
2022-05-09 20:00:00,10674.816240887994,9094.493468956289,13363.526521881133
2022-05-10 00:00:00,10674.816240887994,8827.509394773122,12909.93211715346
2022-05-10 04:00:00,10674.816240887994,8982.372546851526,13291.973945385853
2022-05-10 08:00:00,10674.816240887994,9282.187609275314,13982.970320421757
2022-05-10 12:00:00,10674.816240887994,9282.807061883626,14342.006741301913
2022-05-10 16:00:00,10674.816240887994,9214.977001273286,14043.592735389133
2022-05-10 20:00:00,10674.816240887994,9214.357548664973,13809.731878273953
2022-05-11 00:00:00,10674.816240887994,9126.705004588597,13714.961689285079
2022-05-11 04:00:00,10674.816240887994,9165.730518912354,13672.399432230623
2022-05-11 08:00:00,10674.816240887994,8975.558568160075,13148.243509396818
2022-05-11 12:00:00,10674.816240887994,9249.35662103469,13236.135281569837
2022-05-11 16:00:00,10674.816240887994,9094.183742652132,12334.25772362266
2022-05-11 20:00:00,10674.816240887994,8635.169359891746,11178.867848112634
2022-05-12 00:00:00,10674.816240887994,8533.88885843247,11416.865960547602
2022-05-12 04:00:00,10674.816240887994,8326.991687255724,10544.090424302976
2022-05-12 08:00:00,10674.816240887994,8225.401459492292,10371.441493570936
2022-05-12 12:00:00,10674.816240887994,8402.564905469984,10476.834633464068
2022-05-12 16:00:00,10674.816240887994,8621.541402508847,10676.174311333041
2022-05-12 20:00:00,10674.816240887994,8531.720774303372,10638.61789271684
2022-05-13 00:00:00,10674.816240887994,8629.594286416923,10671.578226087802
2022-05-13 04:00:00,10674.816240887994,9091.705932218878,11684.990022286485
2022-05-13 08:00:00,10674.816240887994,8953.568000564943,11393.822815778352
2022-05-13 12:00:00,10674.816240887994,9143.73995131722,12035.963374240413
2022-05-13 16:00:00,10674.816240887994,9027.59258725842,11926.82830035772
2022-05-13 20:00:00,10674.816240887994,8951.090190131688,11693.78097605841
2022-05-14 00:00:00,10674.816240887994,8708.884220281065,11245.067097253155
2022-05-14 04:00:00,10674.816240887994,8794.058953924186,11640.154366563364
2022-05-14 08:00:00,10674.816240887994,8737.379040263491,11473.609976846295
2022-05-14 12:00:00,10674.816240887994,8633.93045467512,11070.448330392119
2022-05-14 16:00:00,10674.816240887994,8576.011635797795,10873.215200953191
2022-05-14 20:00:00,10674.816240887994,8730.255335267884,11268.266360628364
2022-05-15 00:00:00,10674.816240887994,8940.869222094512,11764.744416494505
2022-05-15 04:00:00,10674.816240887994,8845.473520414216,11423.891067207685
2022-05-15 08:00:00,10674.816240887994,8879.853140175623,11613.97588550501
2022-05-15 12:00:00,10664.141424647107,9009.318735313167,11970.400741603698
2022-05-15 16:00:00,10604.336793579612,8932.816338186436,11823.194299513985
2022-05-15 20:00:00,10781.75030119852,9055.777680936688,12216.089376880034
2022-05-16 00:00:00,10977.848695182076,9324.310386640638,12722.769470252271
2022-05-16 04:00:00,10564.816311043092,9029.760671387516,12218.603495810406
2022-05-16 08:00:00,10196.198139328893,8796.8464906616,11789.895132708032
2022-05-16 12:00:00,10200.198910496038,8908.038233853891,11858.583786689986
2022-05-16 16:00:00,10169.917211489545,8813.881437390222,11750.893928669655
2022-05-16 20:00:00,10212.753054503286,8772.687838937367,11795.008715080336
2022-05-17 00:00:00,10195.508351196628,8857.243119972176,11817.893782191915
2022-05-17 04:00:00,10314.082931133213,8997.239409451051,12130.89379195582
2022-05-17 08:00:00,10317.669829420998,8995.071325321955,12126.880850599846
2022-05-17 12:00:00,10276.489477924697,8908.347960158047,12022.636103012488
2022-05-17 16:00:00,10253.174639054094,8853.526404322294,11938.653164647896
2022-05-17 20:00:00,10246.138800104978,8818.837058256731,11887.665830372542
2022-05-18 00:00:00,10370.438621539375,8936.223327532161,12196.962031645307
2022-05-18 04:00:00,10237.240533198743,8766.803039158389,11850.41650134066
2022-05-18 08:00:00,10272.419727944325,8798.395122182383,11922.691294460237
2022-05-18 12:00:00,10177.828736472575,8774.855923066465,11769.941009872771
2022-05-18 16:00:00,10177.828736472575,8544.729279077957,11185.897205357756
2022-05-18 20:00:00,10177.828736472575,8650.965401403742,11427.818171822999
2022-05-19 00:00:00,10177.828736472575,8482.164565638284,11076.974002803217
2022-05-19 04:00:00,10177.828736472575,8615.037150121554,11250.38360929913
2022-05-19 08:00:00,10177.828736472575,8605.745360996849,11289.644546010128
2022-05-19 12:00:00,10177.828736472575,8675.743505736287,11321.564708668357
2022-05-19 16:00:00,10177.828736472575,8884.499034737973,11630.65903406268
2022-05-19 20:00:00,10177.828736472575,8757.82097633784,11365.873847360763
2022-05-20 00:00:00,10177.828736472575,8868.083540617663,11521.784191405473
2022-05-20 04:00:00,10177.828736472575,8831.226110423004,11449.578737475756
2022-05-20 08:00:00,10177.828736472575,8847.95133084747,11510.338452258715
2022-05-20 12:00:00,10177.828736472575,8906.179876028951,11696.08592112206
2022-05-20 16:00:00,10177.828736472575,8540.393110819763,11039.187469850622
2022-05-20 20:00:00,10177.828736472575,8589.020140572382,11159.294557975514
2022-05-21 00:00:00,10177.828736472575,8554.021068202663,11048.757512632706
2022-05-21 04:00:00,10177.828736472575,8571.985193843757,11141.17335275748
2022-05-21 08:00:00,10177.828736472575,8622.780307725474,11162.521499140232
2022-05-21 12:00:00,10177.828736472575,8585.613151226657,11071.256551793282
2022-05-21 16:00:00,10177.828736472575,8651.275127707899,11245.418878098579
2022-05-21 20:00:00,10177.828736472575,8632.072096850177,11184.396281249037
2022-05-22 00:00:00,10177.828736472575,8622.16085511716,11184.880587422198
2022-05-22 04:00:00,10177.828736472575,8596.143845567987,11145.325127073917
2022-05-22 08:00:00,10177.828736472575,8626.187297071197,11181.962191385861
2022-05-22 12:00:00,10177.828736472575,8750.387545038078,11416.502139912162
2022-05-22 16:00:00,10177.828736472575,8730.874787876199,11414.21524617125
2022-05-22 20:00:00,10177.828736472575,8767.422491766702,11390.396392693136
2022-05-23 00:00:00,10177.828736472575,8862.198740838685,11588.32600141879
2022-05-23 04:00:00,10177.828736472575,8817.288426735948,11524.079576314636
2022-05-23 08:00:00,10157.473078999628,8890.383834516953,11724.115411212475
2022-05-23 12:00:00,10156.828001918315,8819.456510865046,11708.138614194957
2022-05-23 16:00:00,10132.337521912783,8803.970195657204,11670.380787871163
2022-05-23 20:00:00,9726.061567538902,8426.104104585902,11008.824423979077
2022-05-24 00:00:00,9726.061567538902,8436.01534631892,10900.58719704349
2022-05-24 04:00:00,9726.061567538902,8502.296775408477,11040.75714899854
2022-05-24 08:00:00,9726.061567538902,8484.952102375695,10977.561479262025
2022-05-24 12:00:00,9726.061567538902,8457.696187609896,10920.868581689589
2022-05-24 16:00:00,9726.061567538902,8467.91715564707,10951.688688529459
2022-05-24 20:00:00,9726.061567538902,8476.899218467617,10865.886639364733
2022-05-25 00:00:00,9726.061567538902,8552.162710377721,10971.719974068998
2022-05-25 04:00:00,9726.061567538902,8713.220388539261,11146.341751782089
2022-05-25 08:00:00,9726.061567538902,8605.125908388536,10932.092298457854
2022-05-25 12:00:00,9726.061567538902,8536.676395169881,10745.91329338438
2022-05-25 16:00:00,9726.061567538902,8604.196729476065,10873.984137598887
2022-05-25 20:00:00,9726.061567538902,8566.100394064779,10830.314581577037
2022-05-26 00:00:00,9726.061567538902,8546.277910598743,10758.763306471486
2022-05-26 04:00:00,9726.061567538902,8628.04565489614,10819.404109584579
2022-05-26 08:00:00,9726.061567538902,8607.60371882179,10598.730611374758
2022-05-26 12:00:00,9726.061567538902,8383.361874612263,10063.159830274852
2022-05-26 16:00:00,9726.061567538902,8479.68675520503,10295.486118499746
2022-05-26 20:00:00,9726.061567538902,8478.757576292559,10133.212209161706
2022-05-27 00:00:00,9726.061567538902,8419.290125894451,9996.962474050786
2022-05-27 04:00:00,9726.061567538902,8352.389244196582,9844.50463689958
2022-05-27 08:00:00,9726.061567538902,8353.318423109053,9680.500546765103
2022-05-27 12:00:00,9726.061567538902,8340.92937094278,9751.48188080126
2022-05-27 16:00:00,9726.061567538902,8342.478002463564,9804.658562354665
2022-05-27 20:00:00,9726.061567538902,8328.540318776508,9740.795479123364
2022-05-28 00:00:00,9726.061567538902,8252.967100562248,9618.922230668068
2022-05-28 04:00:00,9726.061567538902,8309.647014222943,9704.919428844556
2022-05-28 08:00:00,9726.061567538902,8334.115392251331,9756.22206549698
2022-05-28 12:00:00,9726.061567538902,8316.151266610235,9746.03984129864
2022-05-28 16:00:00,9726.061567538902,8365.397748971167,9932.28938297608
2022-05-28 20:00:00,9726.061567538902,8365.397748971167,10080.868778823035
2022-05-29 00:00:00,9726.061567538902,8376.85762222497,10076.122239031414
2022-05-29 04:00:00,9726.061567538902,8355.48650723815,9842.086289373106
2022-05-29 08:00:00,9726.061567538902,8373.450632879245,9853.16791137049
2022-05-29 12:00:00,9726.061567538902,8427.033283498373,10091.268097827447
2022-05-29 16:00:00,9726.061567538902,8432.298630669038,10149.85400562514
2022-05-29 20:00:00,9726.061567538902,8396.680105691004,10066.883198576896
2022-05-30 00:00:00,9716.335505971363,8497.650880846124,10219.809592614896
2022-05-30 04:00:00,9791.031318056524,8744.193018954942,10484.779235491344
2022-05-30 08:00:00,9949.831906203173,8822.244047602457,10672.964305916903
2022-05-30 12:00:00,9853.190192281148,8814.191163694379,10541.585091812982
2022-05-30 16:00:00,9846.846372284868,8799.014574790695,10524.89260029585
2022-05-30 20:00:00,9840.918414912512,8803.350743048892,10511.391623153246
2022-05-31 00:00:00,10217.399654291496,9120.510478505461,10906.253869591314
2022-05-31 04:00:00,10264.669206817729,9147.146940662946,10973.158093415961
2022-05-31 08:00:00,10121.230016376066,9097.590731997856,10792.824460589962
2022-05-31 12:00:00,10196.920777388823,9185.55300237839,10871.3314867005
2022-05-31 16:00:00,10210.318853503442,9254.621968205358,10869.28611086648
2022-05-31 20:00:00,10024.618753781726,9118.65212068052,10678.953336262679
2022-06-01 00:00:00,10063.758868123035,9175.332034341214,10719.26155755976
2022-06-01 04:00:00,9954.617067191983,9129.182815021852,10590.692729431194
2022-06-01 08:00:00,9940.710351653928,9094.183742652132,10558.151847368634
2022-06-01 12:00:00,9976.314717586021,9142.501046100593,10591.411046751324
2022-06-01 16:00:00,9816.948340270392,8943.03730622361,10303.065222736328
2022-06-01 20:00:00,9628.642436207636,8756.582071121213,9989.052517529024
2022-06-02 00:00:00,9628.642436207636,8665.83226400327,9821.090138799034
2022-06-02 04:00:00,9628.642436207636,8644.46114901645,9665.049581838826
2022-06-02 08:00:00,9628.642436207636,8686.274200077618,9772.403398368093
2022-06-02 12:00:00,9628.642436207636,8740.47630330506,9952.14572932887
2022-06-02 16:00:00,9628.642436207636,8722.821903968123,9856.657567617887
2022-06-02 20:00:00,9628.642436207636,8722.202451359808,9824.395240576698
2022-06-03 00:00:00,9628.642436207636,8773.926744153994,9898.397164014868
2022-06-03 04:00:00,9628.642436207636,8788.174154145208,9918.431236421364
2022-06-03 08:00:00,9628.642436207636,8764.015502420976,9810.606554423233
2022-06-03 12:00:00,9628.642436207636,8588.710414268226,9473.595964036558
2022-06-03 16:00:00,9628.642436207636,8527.694332349334,9440.429715444921
2022-06-03 20:00:00,9628.642436207636,8538.84447929898,9428.481453868097
2022-06-04 00:00:00,9628.642436207636,8590.568772093166,9508.072109967106
2022-06-04 04:00:00,9628.642436207636,8537.295847778196,9258.781561787111
2022-06-04 08:00:00,9628.642436207636,8580.347804055991,9388.819305316025
2022-06-04 12:00:00,9628.642436207636,8580.657530360148,9352.268020145082
2022-06-04 16:00:00,9628.642436207636,8625.877570767041,9464.972032968086
2022-06-04 20:00:00,9628.642436207636,8568.268478193875,9401.992305104377
2022-06-05 00:00:00,9628.642436207636,8631.762370546021,9643.596863079107
2022-06-05 04:00:00,9628.642436207636,8599.860561217869,9529.53922201114
2022-06-05 08:00:00,9628.642436207636,8572.294920147913,9564.783046431687
2022-06-05 12:00:00,9628.642436207636,8582.206161880931,9643.334301130873
2022-06-05 16:00:00,9628.642436207636,8655.301569661939,9735.504415952859
2022-06-05 20:00:00,9628.642436207636,8685.654747469305,9750.286844877981
2022-06-06 00:00:00,9628.642436207636,8639.195801845784,9580.723479691427
2022-06-06 04:00:00,9599.842907485181,9014.274356179676,10149.875553346186
2022-06-06 08:00:00,9712.552617885554,9008.07983009654,10294.877620294807
2022-06-06 12:00:00,9827.56430924979,9049.583154853552,10430.710520793562
2022-06-06 16:00:00,9752.349869577753,9123.607741547028,10330.79433792787
2022-06-06 20:00:00,9656.500650740041,9100.687995039425,10223.023276192813
2022-06-07 00:00:00,9665.998088152583,9085.511406135742,10239.199827137672
2022-06-07 04:00:00,9073.807977247827,8573.224099060384,9630.132340994936
2022-06-07 08:00:00,9073.807977247827,8569.817109714659,9602.328001606062
2022-06-07 12:00:00,9073.807977247827,8572.604646452071,9476.52277722612
2022-06-07 16:00:00,9073.807977247827,8658.708559007662,9630.129406297416
2022-06-07 20:00:00,9073.807977247827,8967.19595794784,9967.595939557226
2022-06-08 00:00:00,9073.807977247827,9004.053388142502,9805.58670567768
2022-06-08 04:00:00,9073.807977247827,8695.87571550648,9592.744845010651
2022-06-08 08:00:00,9073.807977247827,8853.83613062645,9760.136660989414
2022-06-08 12:00:00,9073.807977247827,8774.855923066465,9708.76550760363
2022-06-08 16:00:00,9073.807977247827,8785.07689110364,9764.966631891215
2022-06-08 20:00:00,9073.807977247827,8703.928599414556,9612.920969153489
2022-06-09 00:00:00,9073.807977247827,8726.84834592216,9630.795168129018
2022-06-09 04:00:00,9073.807977247827,8740.47630330506,9666.807089874543
2022-06-09 08:00:00,9073.807977247827,8816.668974127633,9777.277911476078
2022-06-09 12:00:00,9073.807977247827,8742.644387434157,9891.017262502899
2022-06-09 16:00:00,9073.807977247827,8797.156216965755,9859.728196202017
2022-06-09 20:00:00,9073.807977247827,8756.272344817056,9774.95652011508
2022-06-10 00:00:00,9073.807977247827,8778.26291241219,9813.079953299613
2022-06-10 04:00:00,9073.807977247827,8761.537691987722,9851.642808618502
2022-06-10 08:00:00,9073.807977247827,8749.768092429764,9838.906134292725
2022-06-10 12:00:00,9073.807977247827,8781.360175453758,9756.51661891782
2022-06-10 16:00:00,9073.807977247827,8665.522537699113,9541.423085493312
2022-06-10 20:00:00,9073.807977247827,8530.172142782589,9334.413602404631
2022-06-11 00:00:00,9073.807977247827,8566.410120368935,9332.810187999869
2022-06-11 04:00:00,9073.807977247827,8614.727423817396,9408.450164121858
2022-06-11 08:00:00,9073.807977247827,8632.691549458492,9423.252707918216
2022-06-11 12:00:00,9073.807977247827,8466.678250430443,8987.1153385733
2022-06-11 16:00:00,9073.807977247827,8370.663096141834,8685.711401667686
2022-06-11 20:00:00,9073.807977247827,8420.219304806922,8782.274984786074
2022-06-12 00:00:00,9073.807977247827,8371.902001358461,8723.790923217548
2022-06-12 04:00:00,9073.807977247827,8116.99725303741,8367.666893107424
2022-06-12 08:00:00,9073.807977247827,8151.067146494658,8477.083581129664
2022-06-12 12:00:00,9073.807977247827,8090.670517184081,8415.85611294012
2022-06-12 16:00:00,9073.807977247827,8276.506299678165,8695.171943829602
2022-06-12 20:00:00,9073.807977247827,8060.007613072557,8400.56200126669
2022-06-13 00:00:00,9073.807977247827,7838.863031904598,8047.774886166824
2022-06-13 04:00:00,9073.807977247827,7528.517275139478,7625.675726571598
2022-06-13 08:00:00,9073.807977247827,7337.725871778886,7346.783135573874
2022-06-13 12:00:00,9073.807977247827,7023.043946755572,7060.454678356087
2022-06-13 16:00:00,9073.807977247827,6910.613298346651,7180.322172710414
2022-06-13 20:00:00,9073.807977247827,6893.26862531387,7222.308815197619
2022-06-14 00:00:00,9073.807977247827,6686.68118044128,7149.504779121452
2022-06-14 04:00:00,9073.807977247827,6571.153268990792,7086.83515630478
2022-06-14 08:00:00,9073.807977247827,6769.068377346991,7461.902770972474
2022-06-14 12:00:00,9073.807977247827,6515.712260546724,7084.022109129914
2022-06-14 16:00:00,9073.807977247827,6736.547115410526,7490.148685028307
2022-06-14 20:00:00,9073.807977247827,6601.506446798159,7204.588979538345
2022-06-15 00:00:00,9073.807977247827,6563.719837691028,7196.457093784011
2022-06-15 04:00:00,9073.807977247827,6358.681024339223,6993.26599943876
2022-06-15 08:00:00,9073.807977247827,6120.191770138483,6654.879584879829
2022-06-15 12:00:00,9073.807977247827,6264.214501571398,6877.43123778454
2022-06-15 16:00:00,9073.807977247827,6373.2381606345925,7014.943172537373
2022-06-15 20:00:00,9073.807977247827,6395.538454533883,7283.661987049045
2022-06-16 00:00:00,9064.734169270578,6684.513096312183,7831.146758811305
2022-06-16 04:00:00,8989.69353293798,6577.038068769771,7664.690688998868
2022-06-16 08:00:00,8893.590457974966,6480.403461872847,7454.510653343068
2022-06-16 12:00:00,8785.542883182585,6266.692312004651,7164.821135990722
2022-06-16 16:00:00,8747.338719606207,6190.4996411820775,7078.311721520373
2022-06-16 20:00:00,8688.400727913804,6112.758338838719,6955.783423695337
2022-06-17 00:00:00,8688.400727913804,5988.55809087184,6812.606814623331
2022-06-17 04:00:00,8688.400727913804,5988.867817175997,6808.584033468134
2022-06-17 08:00:00,8688.400727913804,6210.63185095227,7103.171588839667
2022-06-17 12:00:00,8688.400727913804,6187.402378140509,7095.22609455754
2022-06-17 16:00:00,8688.400727913804,6108.731896884681,7018.440162740734
2022-06-17 20:00:00,8688.400727913804,6046.476909749163,6985.336089907811
2022-06-18 00:00:00,8688.400727913804,6036.875394320302,6939.303696392095
2022-06-18 04:00:00,8688.400727913804,6035.946215407831,6863.634605142296
2022-06-18 08:00:00,8688.400727913804,5687.8138495355815,6467.939657737174
2022-06-18 12:00:00,8688.400727913804,5680.070691931662,6627.573749183396
2022-06-18 16:00:00,8688.400727913804,5587.15280068462,6551.525265743108
2022-06-18 20:00:00,8688.400727913804,5322.336810630551,6163.566344491175
2022-06-19 00:00:00,8688.400727913804,5602.3293895883035,6795.4100764267605
2022-06-19 04:00:00,8688.400727913804,5392.025229065832,6468.181782376769
2022-06-19 08:00:00,8688.400727913804,5399.148934061439,6366.442035912427
2022-06-19 12:00:00,8688.400727913804,5807.9876555484225,7004.265755231823
2022-06-19 16:00:00,8679.71232718589,5848.561801392964,7149.189234314124
2022-06-19 20:00:00,8658.888609364376,5941.479692640006,7198.844966078648
2022-06-20 00:00:00,8737.710886789318,6068.157751040139,7391.268732337013
2022-06-20 04:00:00,8413.439087070225,5867.764832250686,7015.306336834932
2022-06-20 08:00:00,8436.575372454981,5908.02925179107,7051.517953683785
2022-06-20 12:00:00,8956.741138870424,6115.855601880287,7644.404509552067
2022-06-20 16:00:00,8815.714396223382,6118.023686009385,7502.6151100494635
2022-06-20 20:00:00,8695.14600047923,5911.436241136796,7326.768866376056
2022-06-21 00:00:00,8795.157140584026,6047.096362357476,7463.126048268725
2022-06-21 04:00:00,8804.86036803862,6056.697877786338,7475.320815019146
2022-06-21 08:00:00,8969.30870162024,6188.331557052979,7707.7662338220325
2022-06-21 12:00:00,8971.110339830446,6153.332484683261,7729.9150973845
2022-06-21 16:00:00,9156.026262190171,6274.125743304415,7884.737330923365
2022-06-21 20:00:00,8872.138082475907,6135.98781165048,7636.873047180787
2022-06-22 00:00:00,8844.732658902234,6091.3872238519,7609.043681763624
2022-06-22 04:00:00,8560.331327594016,5980.8149332679195,7340.610245739559
2022-06-22 08:00:00,8425.305722201987,5923.515566998911,7211.662071846347
2022-06-22 12:00:00,8674.166213075845,6036.875394320302,7456.432579567236
2022-06-22 16:00:00,8440.651110935883,5872.101000508881,7255.570835053511
2022-06-22 20:00:00,8400.60078828724,5895.640199624799,7234.698076843721
2022-06-23 00:00:00,8400.60078828724,5851.968790738689,7168.839324232034
2022-06-23 04:00:00,8400.60078828724,5919.489125044873,7322.019965058258
2022-06-23 08:00:00,8400.60078828724,6022.627984329089,7496.972541159868
2022-06-23 12:00:00,8400.60078828724,6073.732824514962,7639.770909510914
2022-06-23 16:00:00,8400.60078828724,5999.398511517328,7632.46556812824
2022-06-23 20:00:00,8400.60078828724,6148.996316425066,7764.269306449944
2022-06-24 00:00:00,8392.200187498953,6212.799935081368,7865.876554502465
2022-06-24 04:00:00,8451.390406089577,6196.0747146569,7951.892045893328
2022-06-24 08:00:00,8408.138991459304,6151.783853162477,7873.648124764721
2022-06-24 12:00:00,8544.89172996154,6228.286250289208,8182.300506636328
2022-06-24 16:00:00,8518.665828144762,6135.678085346323,8114.889475983367
2022-06-24 20:00:00,8664.1215682073,6233.86132376403,8301.71462296184
2022-06-25 00:00:00,8708.27934397826,6231.693239634933,8373.219513559834
2022-06-25 04:00:00,8662.565724091644,6250.276817884341,8326.596557132229
2022-06-25 08:00:00,8776.06331679736,6308.195636761664,8451.80674968812
2022-06-25 12:00:00,8698.661975631952,6262.0464174423,8383.94673251717
2022-06-25 16:00:00,8419.8708058995,6148.6865901209085,8079.778163372754
2022-06-25 20:00:00,8546.620424960951,6228.286250289208,8195.509301422293
2022-06-26 00:00:00,8799.787715913813,6304.788647415939,8471.386544828869
2022-06-26 04:00:00,8717.01295102095,6289.612058512255,8370.97318172882
2022-06-26 08:00:00,8715.08896019085,6280.629995691708,8360.899918902236
2022-06-26 12:00:00,8883.065575883811,6371.689529113809,8515.976949499445
2022-06-26 16:00:00,8610.563425276987,6265.763133092181,8243.052728803053
2022-06-26 20:00:00,8629.252324399313,6253.374080925909,8267.777236481928
2022-06-27 00:00:00,8397.908767015571,6162.004821199651,8043.3680935598795
2022-06-27 04:00:00,8455.89567302768,6207.844314214859,8181.208838880862
2022-06-27 08:00:00,8464.932593445152,6250.586544188498,8240.58619515821
2022-06-27 12:00:00,8447.10977817736,6235.409955284815,8191.75054956409
2022-06-27 16:00:00,8355.086064489547,6061.3437723486895,7901.8595812701205
2022-06-27 20:00:00,8355.086064489547,6104.086002322329,7909.094196031547
2022-06-28 00:00:00,8355.086064489547,6065.989666911041,7903.790566021302
2022-06-28 04:00:00,8355.086064489547,6067.538298431826,7805.841532580559
2022-06-28 08:00:00,8355.086064489547,6110.280528405465,7952.072310660926
2022-06-28 12:00:00,8355.086064489547,6149.925495337536,8056.244681432584
2022-06-28 16:00:00,8355.086064489547,6052.671435832299,7747.436016714073
2022-06-28 20:00:00,8355.086064489547,5956.656281543689,7564.962465892566
2022-06-29 00:00:00,8355.086064489547,5957.895186760316,7475.702372140413
2022-06-29 04:00:00,8355.086064489547,5961.611902410198,7491.25591639172
2022-06-29 08:00:00,8355.086064489547,5912.055693745109,7447.237179538501
2022-06-29 12:00:00,8355.086064489547,5908.958430703541,7381.937602547845
2022-06-29 16:00:00,8355.086064489547,5935.594892861026,7379.274386968284
2022-06-29 20:00:00,8355.086064489547,5997.230427388231,7405.679307265891
2022-06-30 00:00:00,8355.086064489547,5953.559018502121,7304.719090218818
2022-06-30 04:00:00,8355.086064489547,5936.21434546934,7193.077996335756
2022-06-30 08:00:00,8355.086064489547,5757.502267970863,6955.199977771301
2022-06-30 12:00:00,8355.086064489547,5685.336039102327,6876.513196796899
2022-06-30 16:00:00,8355.086064489547,5656.221766511588,6900.224627162514
2022-06-30 20:00:00,8355.086064489547,5593.037600463599,6841.697098233997
2022-07-01 00:00:00,8355.086064489547,5894.401294408171,7210.298127611897
2022-07-01 04:00:00,8355.086064489547,5837.721380747475,7159.216429387638
2022-07-01 08:00:00,8355.086064489547,5799.625045336188,7118.381898607135
2022-07-01 12:00:00,8355.086064489547,5691.8402914896205,6978.939891613483
2022-07-01 16:00:00,8355.086064489547,5737.989510808984,7009.718302409434
2022-07-01 20:00:00,8355.086064489547,5754.714731233452,7130.4172413355955
2022-07-02 00:00:00,8355.086064489547,5720.6448377762035,7059.075975205791
2022-07-02 04:00:00,8355.086064489547,5678.522060410877,6935.559826713357
2022-07-02 08:00:00,8355.086064489547,5681.309597148289,6971.035196055924
2022-07-02 12:00:00,8355.086064489547,5702.370985830951,7025.620323753394
2022-07-02 16:00:00,8355.086064489547,5712.591953868126,7047.082711071862
2022-07-02 20:00:00,8355.086064489547,5724.051827121928,7094.182757741233
2022-07-03 00:00:00,8355.086064489547,5714.450311693067,7122.429030516343
2022-07-03 04:00:00,8355.086064489547,5717.857301038792,7099.218964004506
2022-07-03 08:00:00,8355.086064489547,5681.619323452445,7053.731487846451
2022-07-03 12:00:00,8355.086064489547,5668.9205449820165,7056.14884082812
2022-07-03 16:00:00,8355.086064489547,5655.91204020743,6965.858991046905
2022-07-03 20:00:00,8346.730978425057,5793.430519253053,7181.463430735222
2022-07-04 00:00:00,8331.90839492893,5729.007447988437,7132.48787433215
2022-07-04 04:00:00,8274.504571571204,5668.61081867786,6997.256088502128
2022-07-04 08:00:00,8264.754006645933,5673.8761658485255,7016.549557629782
2022-07-04 12:00:00,8240.033904931139,5862.49948508002,7318.977786686075
2022-07-04 16:00:00,8281.20278141008,5873.339905725508,7344.838614399079
2022-07-04 20:00:00,8362.954088354723,5886.967863108408,7427.715228738897
2022-07-05 00:00:00,8631.13338412066,6002.805500863054,7708.207250463773
2022-07-05 04:00:00,8558.640083276108,6017.362637158423,7604.719107469744
2022-07-05 08:00:00,8624.364363920233,6023.247436937402,7667.318533824409
2022-07-05 12:00:00,8304.633249067447,5865.906474425745,7365.104252496784
2022-07-05 16:00:00,8280.940618359946,5892.233210279073,7357.51616598248
2022-07-05 20:00:00,8529.943363346403,6146.208779687654,7717.435542842836
2022-07-06 00:00:00,8476.150875878753,6093.245581676841,7658.033892318939
2022-07-06 04:00:00,8430.097496437083,6016.123731941796,7633.544567674153
2022-07-06 08:00:00,8486.068014019733,6079.307897989785,7719.008831114728
2022-07-06 12:00:00,8498.199098194096,6104.086002322329,7719.468377408979
2022-07-06 16:00:00,8520.251375532484,6131.651643392284,7755.707611455375
2022-07-06 20:00:00,8578.925838730045,6176.871683799178,7851.3682521776245
2022-07-07 00:00:00,8764.450531407763,6248.728186363557,8024.88592524198
2022-07-07 04:00:00,8704.44933793834,6207.534587910702,7980.724254723564
2022-07-07 08:00:00,8692.904366135384,6208.463766823173,7956.033518785389
2022-07-07 12:00:00,8759.459580261035,6227.04734507258,8027.938672452166
2022-07-07 16:00:00,9003.221257517242,6361.158834772477,8254.48842191743
2022-07-07 20:00:00,9262.150182519128,6640.841687426073,8473.387098258385
2022-07-08 00:00:00,9163.827611425466,6583.542321157064,8373.315607465966
2022-07-08 04:00:00,9322.068186744966,6747.697262360171,8494.418262335928
2022-07-08 08:00:00,9181.118862506211,6678.628296533204,8341.618970642317
2022-07-08 12:00:00,9034.711754365877,6576.728342465614,8218.995992113887
2022-07-08 16:00:00,9211.877142064122,6681.106106966457,8412.419588821187
2022-07-08 20:00:00,9221.690427363535,6631.240171997212,8437.253158882553
2022-07-09 00:00:00,9065.117006061764,6569.604637470008,8288.173754373456
2022-07-09 04:00:00,9091.350728571653,6573.32135311989,8318.131560644464
2022-07-09 08:00:00,9139.850616839007,6580.135331811339,8368.39497326182
2022-07-09 12:00:00,9037.841547464213,6525.313775975585,8271.720027819192
2022-07-09 16:00:00,9061.639356026948,6556.286406391265,8283.283146760175
2022-07-09 20:00:00,9101.948073353564,6571.772721599105,8329.495013794385
2022-07-10 00:00:00,9067.105927220968,6562.480932474401,8286.632736525688
2022-07-10 04:00:00,8882.439610313475,6472.350577964771,8133.826119648596
2022-07-10 08:00:00,8892.016995452343,6492.79251403912,8128.264083456032
2022-07-10 12:00:00,8874.499812921458,6474.828388398025,8075.320698553487
2022-07-10 16:00:00,8874.499812921458,6355.583761297655,7977.9564688840965
2022-07-10 20:00:00,8874.499812921458,6362.397739989105,8063.183532135508
2022-07-11 00:00:00,8874.499812921458,6352.17677195193,7991.044451894693
2022-07-11 04:00:00,8874.499812921458,6265.143680483868,7855.318185830233
2022-07-11 08:00:00,8874.499812921458,6258.329701792418,7788.507837959529
2022-07-11 12:00:00,8874.499812921458,6283.107806124963,7796.428808130102
2022-07-11 16:00:00,8874.499812921458,6267.311764612965,7803.156095170188
2022-07-11 20:00:00,8874.499812921458,6313.151257628173,7863.5660437018705
2022-07-12 00:00:00,8874.499812921458,6152.093579466634,7515.006172820125
2022-07-12 04:00:00,8874.499812921458,6156.739474028986,7537.363396011715
2022-07-12 08:00:00,8874.499812921458,6100.9887392807605,7483.232504662511
2022-07-12 12:00:00,8874.499812921458,6099.13038145582,7515.909516099817
2022-07-12 16:00:00,8874.499812921458,6112.138886230406,7552.99901641846
2022-07-12 20:00:00,8874.499812921458,5980.505206963763,7325.132701771112
2022-07-13 00:00:00,8874.499812921458,5953.868744806278,7286.903594951201
2022-07-13 04:00:00,8874.499812921458,6006.831942817092,7362.761273439843
2022-07-13 08:00:00,8874.499812921458,6076.83008755653,7487.037306766222
2022-07-13 12:00:00,8874.499812921458,6102.537370801545,7529.013010312867
2022-07-13 16:00:00,8874.499812921458,5974.310680880627,7367.79013596476
2022-07-13 20:00:00,8874.499812921458,6049.574172790731,7474.772842106664
2022-07-14 00:00:00,8874.499812921458,6245.940649626145,7754.7153004188895
2022-07-14 04:00:00,8874.499812921458,6230.454334418306,7700.568320888164
2022-07-14 08:00:00,8874.499812921458,6161.695094895495,7632.746110366529
2022-07-14 12:00:00,8874.499812921458,6100.9887392807605,7539.316629389928
2022-07-14 16:00:00,8865.625313108536,6295.8065845953915,7847.820184569448
2022-07-14 20:00:00,8990.468059298097,6363.636645205732,8080.541687632898
2022-07-15 00:00:00,9003.490304145336,6353.725403472714,8107.4907922371885
2022-07-15 04:00:00,9061.365152624505,6364.875550422359,8170.042857047054
2022-07-15 08:00:00,9147.465095331863,6426.82081125372,8246.753081925573
2022-07-15 12:00:00,9130.945168717204,6390.273107363218,8244.625380224552
2022-07-15 16:00:00,9138.032879245196,6378.503507805259,8241.467229313646
2022-07-15 20:00:00,9411.207127229101,6502.084303163824,8490.902958600342
2022-07-16 00:00:00,9154.560589068466,6394.919001925569,8239.881539585025
2022-07-16 04:00:00,9104.050523073134,6364.875550422359,8197.587412310371
2022-07-16 08:00:00,8935.820733961387,6305.7178263284095,8035.222155977321
2022-07-16 12:00:00,8992.829806652791,6336.69045674409,8101.204096702538
2022-07-16 16:00:00,9332.054001609184,6436.422326682581,8387.116647829927
2022-07-16 20:00:00,9587.293409461661,6501.155124251353,8598.448677943374
2022-07-17 00:00:00,9648.236508174537,6507.3496503344895,8636.826138873346
2022-07-17 04:00:00,9716.11992665844,6550.0918803081295,8725.983771442232
2022-07-17 08:00:00,9771.60211671361,6591.904931369298,8770.329948518362
2022-07-17 12:00:00,9773.261318681376,6590.046573544357,8771.175602680993
2022-07-17 16:00:00,9663.424311448987,6503.323208380451,8671.034900705159
2022-07-17 20:00:00,9615.558360958883,6459.342073190185,8625.559215056946
2022-07-18 00:00:00,9499.855859821115,6373.2381606345925,8526.12066354914
2022-07-18 04:00:00,9822.725479474833,6526.552681192212,8891.79820516711
2022-07-18 08:00:00,10068.45370696865,6787.032502988085,9218.988547799363
2022-07-18 12:00:00,10051.732940245802,6758.227956701502,9180.192216569716
2022-07-18 16:00:00,10252.522875125185,6908.7549405217105,9346.749975514538
2022-07-18 20:00:00,9829.064281126432,6600.886994189846,8941.543577845634
2022-07-19 00:00:00,10385.91671900284,6844.951321865408,9575.695456492216
2022-07-19 04:00:00,10182.830299900845,6692.875706524416,9370.43874552989
2022-07-19 08:00:00,10132.053357393828,6585.710405286161,9303.656406673552
2022-07-19 12:00:00,10373.334226604537,6643.319497859327,9598.507096738254
2022-07-19 16:00:00,10448.797765206853,6993.000495252361,9831.748678637308
2022-07-19 20:00:00,10464.669072484234,7095.519901928264,9785.237533950429
2022-07-20 00:00:00,10361.346153260482,7082.511397153678,9684.173779140841
2022-07-20 04:00:00,10458.983267255864,7092.732365190853,9779.010897078433
2022-07-20 08:00:00,10302.746525069164,7079.41413411211,9622.953872749957
2022-07-20 12:00:00,10638.559588075776,7219.10069728683,9901.35502746285
2022-07-20 16:00:00,10659.4732099926,7336.7966928664155,9923.320966349896
2022-07-20 20:00:00,10343.135913721868,7205.163013599773,9595.185903043654
2022-07-21 00:00:00,10100.298798151893,7067.334808249995,9368.839093184066
2022-07-21 04:00:00,9943.428231655276,6909.993845738338,9025.91250600916
2022-07-21 08:00:00,9968.848410207087,6968.2223909198165,9160.380039206048
2022-07-21 12:00:00,9920.806615718524,6874.065594456148,9219.074573265621
2022-07-21 16:00:00,9920.806615718524,6881.499025755911,9259.217823780089
2022-07-21 20:00:00,9920.806615718524,7029.548199142864,9620.840993077787
2022-07-22 00:00:00,9920.806615718524,7018.398052193219,9519.447772471824
2022-07-22 04:00:00,9920.806615718524,6964.815401574092,9463.175552086326
2022-07-22 08:00:00,9910.885809102805,7066.095903033368,9638.721068864328
2022-07-22 12:00:00,9976.568506244424,7191.8447825210305,9836.244509889097
2022-07-22 16:00:00,9824.912597239092,7054.326303475409,9374.278476564145
2022-07-22 20:00:00,9722.86072131235,6856.1014688150535,9087.83330471237
2022-07-23 00:00:00,9722.86072131235,6887.693551839047,9148.970820509881
2022-07-23 04:00:00,9722.86072131235,6922.692624208767,9274.765001774145
2022-07-23 08:00:00,9722.86072131235,6909.374393130024,9308.308992955293
2022-07-23 12:00:00,9722.86072131235,6743.051367797819,8978.870414601235
2022-07-23 16:00:00,9722.86072131235,6739.334652147937,9041.832818046465
2022-07-23 20:00:00,9722.86072131235,6764.112756480482,8949.440570546589
2022-07-24 00:00:00,9722.86072131235,6814.598144058041,9089.908933638391
2022-07-24 04:00:00,9722.86072131235,6782.076882121577,9051.409017910191
2022-07-24 08:00:00,9722.86072131235,6890.171362272302,9284.455741820515
2022-07-24 12:00:00,9722.86072131235,6879.64066793097,9305.244630482957
2022-07-24 16:00:00,9722.86072131235,6937.86921311245,9351.77367658983
2022-07-24 20:00:00,9722.86072131235,6892.649172705556,9281.269482131309
2022-07-25 00:00:00,9722.86072131235,6854.862563598426,9275.256922041739
2022-07-25 04:00:00,9722.86072131235,6637.434698080348,8747.003924050374
2022-07-25 08:00:00,9722.86072131235,6680.486654358144,8852.605287524322
2022-07-25 12:00:00,9722.86072131235,6647.345939813366,8875.416103441166
2022-07-25 16:00:00,9722.86072131235,6646.107034596739,8821.352701382455
2022-07-25 20:00:00,9722.86072131235,6631.859624605526,8702.452478962383
2022-07-26 00:00:00,9722.86072131235,6450.669736673794,8413.166419623369
2022-07-26 04:00:00,9722.86072131235,6403.901064746116,8334.481226660522
2022-07-26 08:00:00,9722.86072131235,6387.795296929963,8239.193283262448
2022-07-26 12:00:00,9722.86072131235,6447.882199936383,8326.420476652336
2022-07-26 16:00:00,9722.86072131235,6355.274034993498,8159.691927491622
2022-07-26 20:00:00,9722.86072131235,6404.830243658587,8171.702629707292
2022-07-27 00:00:00,9722.86072131235,6504.252387292921,8463.68767304919
2022-07-27 04:00:00,9722.86072131235,6437.351505595052,8339.904439181288
2022-07-27 08:00:00,9722.86072131235,6525.313775975585,8548.838990561906
2022-07-27 12:00:00,9722.86072131235,6469.5630412273595,8436.840906254827
2022-07-27 16:00:00,9722.86072131235,6604.603709839726,8670.822808618621
2022-07-27 20:00:00,9722.86072131235,6903.7993196552015,9105.616040935007
2022-07-28 00:00:00,9703.414999869725,6964.505675269936,9301.090232321138
2022-07-28 04:00:00,9745.435030167326,7015.300789151652,9270.500285612621
2022-07-28 08:00:00,9657.132059875556,6954.904159841074,9161.419532145916
2022-07-28 12:00:00,9778.796692206219,7073.839060637288,9427.094100752136
2022-07-28 16:00:00,10104.681545351361,7231.4897494531015,9737.971015244211
2022-07-28 20:00:00,10102.487636267559,7235.206465102983,9740.247776888637
2022-07-29 00:00:00,10176.074656866142,7247.595517269256,9838.876518567296
2022-07-29 04:00:00,10211.438765510848,7251.621959223294,9888.640656842734
2022-07-29 08:00:00,10130.556978403294,7247.905243573413,9796.760190785348
2022-07-29 12:00:00,9973.64363365902,7195.251771866756,9629.507637985309
2022-07-29 16:00:00,10163.762095685317,7298.080904846815,9810.327116054146
2022-07-29 20:00:00,10065.656321388067,7240.781538577806,9692.400166600502
2022-07-30 00:00:00,10061.018567385105,7207.6408240330275,9697.38126879169
2022-07-30 04:00:00,10018.015566247079,7217.861792070203,9656.630149723658
2022-07-30 08:00:00,10082.645608842424,7236.44537031961,9729.865205101702
2022-07-30 12:00:00,10082.964134205013,7268.656905951919,9733.34543695366
2022-07-30 16:00:00,10524.271300287766,7430.024310417614,10262.690911861122
2022-07-30 20:00:00,10254.74285834176,7254.4094959607055,9996.924932780325
2022-07-31 00:00:00,10130.613001709717,7164.898594059388,9841.681409013008
2022-07-31 04:00:00,10101.29548671128,7201.136571645735,9792.174418143288
2022-07-31 08:00:00,10158.558545721755,7192.773961433501,9867.721870727595
2022-07-31 12:00:00,10251.582591362496,7221.888234024241,9964.618619241613
2022-07-31 16:00:00,10213.72558598705,7213.525623812007,9923.194061411326
2022-07-31 20:00:00,10194.298084016924,7234.896738798827,9896.953657021353
2022-08-01 00:00:00,9991.138690237289,7074.148786941444,9632.039081955067
2022-08-01 04:00:00,9991.138690237289,7088.086470628501,9716.822528727731
2022-08-01 08:00:00,9991.138690237289,7067.6445345541515,9704.711006456517
2022-08-01 12:00:00,9991.138690237289,7036.052451530158,9572.95007009269
2022-08-01 16:00:00,9991.138690237289,7042.55670391745,9582.512018378387
2022-08-01 20:00:00,9991.138690237289,6936.010855287509,9329.602646634261
2022-08-02 00:00:00,9991.138690237289,7024.592578276355,9428.538089444275
2022-08-02 04:00:00,9991.138690237289,6895.436709442967,9133.963485313343
2022-08-02 08:00:00,9991.138690237289,6935.391402679195,9242.43045503648
2022-08-02 12:00:00,9991.138690237289,6936.630307895823,9229.612051669325
2022-08-02 16:00:00,9991.138690237289,6987.735148081696,9444.924656536481
2022-08-02 20:00:00,9991.138690237289,6996.0977582939295,9441.601364450315
2022-08-03 00:00:00,9991.138690237289,7014.0618839350245,9287.131031788787
2022-08-03 04:00:00,9991.138690237289,6954.28470723276,9095.680039545008
2022-08-03 08:00:00,9991.138690237289,6995.478305685616,9108.440086118826
2022-08-03 12:00:00,9991.138690237289,7119.3688273483385,9341.41211387399
2022-08-03 16:00:00,9991.138690237289,7135.164868860335,9423.323200512637
2022-08-03 20:00:00,9991.138690237289,7141.049668639314,9390.14181821463
2022-08-04 00:00:00,9991.138690237289,6958.620875490956,9113.153093522898
2022-08-04 04:00:00,9991.138690237289,7041.008072396667,9274.806781787542
2022-08-04 08:00:00,9991.138690237289,6988.974053298323,9194.798090076469
2022-08-04 12:00:00,9991.138690237289,6972.2488328738555,9121.88932896017
2022-08-04 16:00:00,9991.138690237289,6954.904159841074,9098.45824534959
2022-08-04 20:00:00,9991.138690237289,6794.775660592006,8944.252929757244
2022-08-05 00:00:00,9991.138690237289,6835.659532740704,9024.469362978962
2022-08-05 04:00:00,9991.138690237289,7007.867357851888,9314.661826007527
2022-08-05 08:00:00,9991.138690237289,7019.9466837140035,9318.19174549392
2022-08-05 12:00:00,9981.147551547052,7088.705923236815,9520.408181331506
2022-08-05 16:00:00,9918.888171307663,7007.867357851888,9366.754618816605
2022-08-05 20:00:00,9938.779347102995,6976.585001132051,9357.001736331002
2022-08-06 00:00:00,10043.406931786441,7091.183733670069,9540.976197361902
2022-08-06 04:00:00,10037.638490805795,7043.176156525764,9525.695535880914
2022-08-06 08:00:00,10009.79084469233,7060.830555862702,9493.372791036374
2022-08-06 12:00:00,9995.46919811969,7048.7512300005865,9467.503668274241
2022-08-06 16:00:00,10005.01696250145,7063.92781890427,9489.829447084006
2022-08-06 20:00:00,10001.43655085829,7053.397124562938,9535.214723974039
2022-08-07 00:00:00,9955.686846529026,6988.35460069001,9385.382352061053
2022-08-07 04:00:00,9944.348876325686,7002.602010681222,9362.878293783031
2022-08-07 08:00:00,9949.520582032474,7010.964620893456,9384.984512307357
2022-08-07 12:00:00,9961.25637575172,7016.539694368278,9421.28716445126
2022-08-07 16:00:00,9972.992169470966,7006.009000026947,9437.230306129313
2022-08-07 20:00:00,9990.09858065495,7046.273419567332,9491.83589013166
2022-08-08 00:00:00,9978.760610451613,7061.450008471015,9495.22756651112
2022-08-08 04:00:00,9970.40486632676,7091.803186278383,9661.81344813357
2022-08-08 08:00:00,10119.978805718672,7228.082760107377,9804.621350087255
2022-08-08 12:00:00,10332.83166143974,7331.53134569575,10002.28155885078
2022-08-08 16:00:00,10214.575201243731,7282.594589638975,9868.704309311168
2022-08-08 20:00:00,10233.389299766848,7276.400063555839,9885.573740954242
2022-08-09 00:00:00,10175.532589868782,7227.77303380322,9827.503909954168
2022-08-09 04:00:00,10205.116531912923,7244.4982542276875,9860.084687719078
2022-08-09 08:00:00,10204.975503878177,7246.046885748472,9862.900754164395
2022-08-09 12:00:00,9794.95554933308,7054.636029779565,9481.82093222406
2022-08-09 16:00:00,9794.95554933308,6997.026937206399,9363.523498498507
2022-08-09 20:00:00,9794.95554933308,7005.0798211144765,9375.20136978009
2022-08-10 00:00:00,9794.95554933308,7030.167651751178,9411.402207323645
2022-08-10 04:00:00,9794.95554933308,6935.391402679195,9230.42420720775
2022-08-10 08:00:00,9794.95554933308,6971.939106569698,9312.171303487336
2022-08-10 12:00:00,9794.95554933308,6988.974053298323,9357.590001418208
2022-08-10 16:00:00,9785.160593783747,7190.605877304403,9797.322763454686
2022-08-10 20:00:00,9761.468008498192,7109.767311919477,9687.692018673628
2022-08-11 00:00:00,9825.56655318547,7208.570002945498,9892.238141968654
2022-08-11 04:00:00,9870.78492314454,7320.071472441949,10134.088228079736
2022-08-11 08:00:00,9884.320747898379,7324.7173670043,10166.973064331369
2022-08-11 12:00:00,9893.576202132914,7372.724944148606,10183.28695874726
2022-08-11 16:00:00,9785.92153242068,7298.080904846815,10063.999003142999
2022-08-11 20:00:00,9796.855762925228,7272.373621601801,10074.476467990771
2022-08-12 00:00:00,9677.342335293386,7183.17244600464,9948.556233339761
2022-08-12 04:00:00,9789.300969742097,7216.003434245262,10073.832282698742
2022-08-12 08:00:00,9745.342495059398,7211.047813378753,10025.83481593666
2022-08-12 12:00:00,9621.218721751407,7140.120489726844,9896.311717071218
2022-08-12 16:00:00,9759.332021210974,7249.4538750941965,10098.056447475868
2022-08-12 20:00:00,9915.365970493716,7306.133788754892,10314.802728431983
2022-08-13 00:00:00,10024.117359215628,7368.698502194567,10461.08025922733
2022-08-13 04:00:00,10228.310436594156,7479.580519082703,10769.33654074573
2022-08-13 08:00:00,10172.13454958226,7407.4142902141675,10709.303314110868
2022-08-13 12:00:00,10113.831681994983,7372.724944148606,10643.909748550323
2022-08-13 16:00:00,10102.970548729536,7401.219764131031,10614.543432892577
2022-08-13 20:00:00,10070.501877574388,7374.583301973546,10589.210724714641
2022-08-14 00:00:00,10116.782715423607,7387.282080443975,10643.306630448791
2022-08-14 04:00:00,10141.081610747744,7417.944984555499,10670.299361784015
2022-08-14 08:00:00,10305.692844138212,7511.482328410854,10851.968610958542
2022-08-14 12:00:00,10155.312638095167,7425.997868463576,10680.9625529662
2022-08-14 16:00:00,10085.183220985693,7409.272648039108,10590.605403911777
2022-08-14 20:00:00,9883.016015394818,7342.371766341238,10384.61301474943
2022-08-15 00:00:00,9857.152055521732,7348.256566120218,10363.55810179803
2022-08-15 04:00:00,9924.654806243643,7511.792054715011,10671.036136409846
2022-08-15 08:00:00,9818.991139677539,7277.638968772466,10186.169848696936
2022-08-15 12:00:00,9818.991139677539,7315.735304183753,10213.544241129057
2022-08-15 16:00:00,9818.991139677539,7373.963849365233,10361.712896187852
2022-08-15 20:00:00,9818.991139677539,7310.779683317244,10233.059023016578
2022-08-16 00:00:00,9818.991139677539,7350.424650249315,10260.744977530969
2022-08-16 04:00:00,9818.991139677539,7341.752313732924,10221.765551632223
2022-08-16 08:00:00,9818.991139677539,7342.371766341238,10187.706816245596
2022-08-16 12:00:00,9818.991139677539,7354.7608185075105,10340.997418107741
2022-08-16 16:00:00,9818.991139677539,7278.568147684936,10169.865850610175
2022-08-16 20:00:00,9818.991139677539,7291.266926155366,10129.08214351571
2022-08-17 00:00:00,9818.991139677539,7261.842927260469,10102.773646907779
2022-08-17 04:00:00,9818.991139677539,7305.204609842422,10255.996907110508
2022-08-17 08:00:00,9818.991139677539,7247.905243573413,10132.615659473551
2022-08-17 12:00:00,9818.991139677539,7228.392486411533,10062.836354222123
2022-08-17 16:00:00,9818.991139677539,7132.377332122924,9778.92339062093
2022-08-17 20:00:00,9818.991139677539,7088.086470628501,9727.279044881936
2022-08-18 00:00:00,9818.991139677539,7105.121417357125,9694.545681131403
2022-08-18 04:00:00,9818.991139677539,7141.049668639314,9774.056761768952
2022-08-18 08:00:00,9818.991139677539,7140.430216031001,9785.144566352512
2022-08-18 12:00:00,9818.991139677539,7163.969415146918,9857.934661054454
2022-08-18 16:00:00,9818.991139677539,7185.650256437894,9907.605235497329
2022-08-18 20:00:00,9818.991139677539,7167.376404492643,9864.836761636278
2022-08-19 00:00:00,9818.991139677539,7115.3423853942995,9673.376290629105
2022-08-19 04:00:00,9818.991139677539,6993.310221556518,9455.742942253108
2022-08-19 08:00:00,9818.991139677539,6724.777515852567,9070.370925051751
2022-08-19 12:00:00,9818.991139677539,6619.160846135097,8969.323388746689
2022-08-19 16:00:00,9818.991139677539,6619.160846135097,9022.615844181208
2022-08-19 20:00:00,9818.991139677539,6584.161773765378,9050.894431883715
2022-08-20 00:00:00,9818.991139677539,6426.82081125372,8686.201371264558
2022-08-20 04:00:00,9818.991139677539,6517.880344675821,8847.47945301204
2022-08-20 08:00:00,9818.991139677539,6580.754784419652,8951.774319920823
2022-08-20 12:00:00,9818.991139677539,6557.835037912049,8859.714759309758
2022-08-20 16:00:00,9818.991139677539,6578.896426594712,8867.636332407797
2022-08-20 20:00:00,9818.991139677539,6471.111672748144,8484.517167072505
2022-08-21 00:00:00,9818.991139677539,6531.1985757545635,8624.854487598273
2022-08-21 04:00:00,9818.991139677539,6545.1362594416205,8618.633258097198
2022-08-21 08:00:00,9818.991139677539,6557.215585303736,8661.09498380758
2022-08-21 12:00:00,9818.991139677539,6647.655666117523,8840.084462518902
2022-08-21 16:00:00,9818.991139677539,6615.134404181058,8802.689277976311
2022-08-21 20:00:00,9818.991139677539,6643.629224163485,8848.931787181375
2022-08-22 00:00:00,9818.991139677539,6643.319497859327,8858.81627972394
2022-08-22 04:00:00,9818.991139677539,6607.391246577138,8761.384578072135
2022-08-22 08:00:00,9818.991139677539,6528.411039017153,8564.482521390004
2022-08-22 12:00:00,9818.991139677539,6576.108889857301,8574.06786891945
2022-08-22 16:00:00,9818.991139677539,6669.026781104342,8708.122894931983
2022-08-22 20:00:00,9818.991139677539,6558.764216824519,8592.766560966706
2022-08-23 00:00:00,9818.991139677539,6666.858696975245,8822.857925741238
2022-08-23 04:00:00,9818.991139677539,6615.753856789372,8748.860663549067
2022-08-23 08:00:00,9818.991139677539,6639.293055905289,8732.02353502869
2022-08-23 12:00:00,9809.172148537862,6692.875706524416,8857.612793078599
2022-08-23 16:00:00,9787.711870284807,6669.026781104342,8856.4240035976
2022-08-23 20:00:00,9817.816306263925,6690.397896091162,8847.495583402728
2022-08-24 00:00:00,9849.09850408426,6692.256253916103,8899.306975477019
2022-08-24 04:00:00,9717.58289742343,6621.019203960038,8688.600157311908
2022-08-24 08:00:00,9750.347437878187,6634.027708734623,8744.128607517036
2022-08-24 12:00:00,9836.012399852956,6688.229811962065,8885.634909071083
2022-08-24 16:00:00,9898.41668164235,6720.441347594372,8982.706752444781
2022-08-24 20:00:00,9897.48449331783,6739.644378452094,8952.837386713773
2022-08-25 00:00:00,9798.784247462294,6641.770866338544,8785.207965655078
2022-08-25 04:00:00,9820.025783004694,6661.283623500422,8835.871610759712
2022-08-25 08:00:00,9891.492631558565,6729.733136719076,9027.07620812929
2022-08-25 12:00:00,9882.179008503701,6742.431915189505,9056.601213710703
2022-08-25 16:00:00,9807.122163647071,6709.91065325304,8975.338168012804
2022-08-25 20:00:00,9810.99781976791,6710.839832165511,8978.961488532117
2022-08-26 00:00:00,9732.541580826768,6699.999411520023,8903.505950855164
2022-08-26 04:00:00,9710.706402461883,6691.327075003633,8871.91978977135
2022-08-26 08:00:00,9630.044753856919,6659.115539371324,8765.60619413851
2022-08-26 12:00:00,9554.624994501923,6568.365732253381,8620.010732885326
2022-08-26 16:00:00,9554.624994501923,6436.422326682581,8415.373681208337
2022-08-26 20:00:00,9554.624994501923,6420.316558866428,8329.262070855651
2022-08-27 00:00:00,9554.624994501923,6297.355216116175,8075.525048626421
2022-08-27 04:00:00,9554.624994501923,6293.948226770451,8091.229821592054
2022-08-27 08:00:00,9554.624994501923,6314.080436540643,8153.6873980323635
2022-08-27 12:00:00,9554.624994501923,6290.541237424726,8107.428890899122
2022-08-27 16:00:00,9554.624994501923,6218.994461164503,7956.80580228822
2022-08-27 20:00:00,9554.624994501923,6225.808439855953,7973.637973901472
2022-08-28 00:00:00,9554.624994501923,6235.409955284815,8015.835447621444
2022-08-28 04:00:00,9554.624994501923,6218.684734860347,7991.640037784124
2022-08-28 08:00:00,9554.624994501923,6237.887765718069,8047.453943456774
2022-08-28 12:00:00,9554.624994501923,6231.073787026619,8033.800332239476
2022-08-28 16:00:00,9554.624994501923,6232.93214485156,8045.4879612858385
2022-08-28 20:00:00,9554.624994501923,6214.658292906308,8004.952468605366
2022-08-29 00:00:00,9554.624994501923,6097.272023630879,7748.520444981106
2022-08-29 04:00:00,9554.624994501923,6200.720609219252,7868.435234685136
2022-08-29 08:00:00,9554.624994501923,6200.101156610938,7840.1410632338775
2022-08-29 12:00:00,9554.624994501923,6144.040695558557,7788.927708132831
2022-08-29 16:00:00,9554.624994501923,6281.8689009083355,8081.610708446187
2022-08-29 20:00:00,9554.624994501923,6225.1889872476395,8050.339676603829
2022-08-30 00:00:00,9554.624994501923,6278.152185258454,8190.984381105798
2022-08-30 04:00:00,9554.624994501923,6274.745195912728,8176.16589210344
2022-08-30 08:00:00,9535.515744512919,6307.266457849193,8282.558440446155
2022-08-30 12:00:00,9534.344409545729,6306.6470052408795,8282.194431057686
2022-08-30 16:00:00,9259.89323757371,6106.254086451427,7952.919280204873
2022-08-30 20:00:00,9296.706787640955,6169.438252499414,8035.654468098421
2022-08-31 00:00:00,9259.692070633451,6127.005748829933,7987.180860088789
2022-08-31 04:00:00,9417.809285676372,6293.638500466293,8272.241815937585
2022-08-31 08:00:00,9383.208571951967,6270.71875395869,8231.940417485834
2022-08-31 12:00:00,9406.141603141397,6282.488353516649,8282.930903471703
2022-08-31 16:00:00,9319.03631800961,6202.269240740036,8095.10820362344
2022-08-31 20:00:00,9350.217193749628,6242.533660280421,8158.797329737321
2022-09-01 00:00:00,9311.995475100575,6190.18991487792,8044.080750952324
2022-09-01 04:00:00,9308.977970996702,6186.782925532196,8020.853460833254
2022-09-01 08:00:00,9296.304453760438,6141.253158821145,7967.445466015735
2022-09-01 12:00:00,9371.540889416992,6212.799935081368,8103.843881057934
2022-09-01 16:00:00,9303.546463609731,6163.863179024592,7977.844450758101
2022-09-01 20:00:00,9361.683709344343,6183.685662490628,8064.315919388893
2022-09-02 00:00:00,9398.29609247133,6261.11723852983,8171.48007190058
2022-09-02 04:00:00,9420.02212201921,6259.258880704889,8187.675652918526
2022-09-02 08:00:00,9408.957940305012,6234.480776372344,8162.284745265964
2022-09-02 12:00:00,9408.555606424496,6225.1889872476395,8155.3777936427905
2022-09-02 16:00:00,9481.780372678468,6290.541237424726,8310.112716364501
2022-09-02 20:00:00,9343.165286658877,6194.835809440273,8055.973040449975
2022-09-03 00:00:00,9343.165286658877,6214.348566602152,8100.730077054492
2022-09-03 04:00:00,9343.165286658877,6193.287177919488,8042.585148793774
2022-09-03 08:00:00,9343.165286658877,6164.172905328749,8015.502902234441
2022-09-03 12:00:00,9343.165286658877,6167.889620978631,8029.950687857272
2022-09-03 16:00:00,9343.165286658877,6160.456189678867,8036.33219083252
2022-09-03 20:00:00,9343.165286658877,6140.014253604518,8007.426413896765
2022-09-04 00:00:00,9343.165286658877,6177.4911364074915,8054.159552742072
2022-09-04 04:00:00,9343.165286658877,6157.6686529414565,8072.102179444413
2022-09-04 08:00:00,9343.165286658877,6117.094507096915,8011.576710306536
2022-09-04 12:00:00,9343.165286658877,6179.039767928276,8151.923990419071
2022-09-04 16:00:00,9343.165286658877,6161.075642287181,8127.226246051904
2022-09-04 20:00:00,9343.165286658877,6196.3844409610565,8152.474793654472
2022-09-05 00:00:00,9333.822121372219,6253.374080925909,8258.370601047816
2022-09-05 04:00:00,9329.887874219632,6206.605408998232,8229.008423625977
2022-09-05 08:00:00,9285.747540312568,6173.464694453453,8146.8638102495315
2022-09-05 12:00:00,9236.654469026635,6153.022758379104,8098.25502903097
2022-09-05 16:00:00,9236.654469026635,6195.145535744429,8233.50259241231
2022-09-05 20:00:00,9236.654469026635,6143.7309692543995,8166.81827240137
2022-09-06 00:00:00,9236.654469026635,6157.6686529414565,8257.707838884475
2022-09-06 04:00:00,9218.181160088581,6158.28810554977,8369.158286009855
2022-09-06 08:00:00,9247.394521668688,6178.110589015805,8403.80711509021
2022-09-06 12:00:00,9330.884582820561,6213.419387689682,8502.948979044848
2022-09-06 16:00:00,9388.559046983253,6187.712104444667,8562.436035846771
2022-09-06 20:00:00,8937.591920270785,5891.923483974917,8003.262364434402
2022-09-07 00:00:00,8937.591920270785,5892.852662887387,7965.455196542927
2022-09-07 04:00:00,8937.591920270785,5877.98580028786,7884.809004890562
2022-09-07 08:00:00,8937.591920270785,5873.959358333822,7908.421224018788
2022-09-07 12:00:00,8937.591920270785,5880.773337025272,7935.782292995667
2022-09-07 16:00:00,8937.591920270785,5886.967863108408,7993.073163014471
2022-09-07 20:00:00,8937.591920270785,5885.4192315876235,8043.996810726387
2022-09-08 00:00:00,8937.591920270785,5982.67329109286,8257.084349449968
2022-09-08 04:00:00,8937.591920270785,5961.9216287143545,8232.019710332683
2022-09-08 08:00:00,8937.591920270785,5950.461755460553,8183.658691595587
2022-09-08 12:00:00,8937.591920270785,5976.169038705568,8264.880053054267
2022-09-08 16:00:00,8937.591920270785,5990.106722392624,8360.485041815697
2022-09-08 20:00:00,8937.591920270785,5997.230427388231,8372.528184648658
2022-09-09 00:00:00,8937.591920270785,5975.549586097254,8359.375904975564
2022-09-09 04:00:00,8928.654328350513,6130.412738175657,8549.42672505349
2022-09-09 08:00:00,8957.433602593897,6320.5846889279355,8717.749028927461
2022-09-09 12:00:00,9056.160701511206,6460.271252102655,8803.241481712053
2022-09-09 16:00:00,9094.598087028162,6553.80859595801,8814.534835647864
2022-09-09 20:00:00,9082.568456093235,6565.578195515969,8795.847737143506
2022-09-10 00:00:00,9074.8148028341,6582.922868548751,8782.89675848685
2022-09-10 04:00:00,9089.449874679427,6554.737774870481,8798.070486907523
2022-09-10 08:00:00,9027.113768965564,6560.62257464946,8731.100227867715
2022-09-10 12:00:00,9072.405930937548,6558.144764216206,8783.022415822636
2022-09-10 16:00:00,9029.085504137342,6531.508302058721,8739.789865592162
2022-09-10 20:00:00,9165.723994354363,6651.062655463248,8865.005941709238
2022-09-11 00:00:00,9243.294694472317,6671.19486523344,8938.032004171113
2022-09-11 04:00:00,9184.721515420104,6641.770866338544,8878.677188396643
2022-09-11 08:00:00,9179.878011985578,6653.540465896503,8869.007099726961
2022-09-11 12:00:00,9205.353646366144,6658.186360458854,8895.306305471715
2022-09-11 16:00:00,9251.035528809189,6669.646233712656,8952.91352872037
2022-09-11 20:00:00,9213.147478838477,6643.009771555171,8917.052522520478
2022-09-12 00:00:00,9222.89220546964,6707.742569123943,8909.008312426857
2022-09-12 04:00:00,9124.247792665697,6648.584845029994,8825.793128684354
2022-09-12 08:00:00,9223.632082666743,6759.466861918129,8913.607599366816
2022-09-12 12:00:00,9435.768136495435,6812.430059928944,9178.984975543231
2022-09-12 16:00:00,9292.178644031977,6766.590566913736,9044.438329779272
2022-09-12 20:00:00,9390.436386849065,6863.844626418973,9182.262205579189
2022-09-13 00:00:00,9358.511780392331,6847.738858602819,9122.86108628429
2022-09-13 04:00:00,9450.071678003707,6792.607576462908,9256.24186286032
2022-09-13 08:00:00,9424.6402808793,6799.731281458515,9219.18938680414
2022-09-13 12:00:00,9441.511586193232,6858.889005552464,9248.689573882115
2022-09-13 16:00:00,8946.86229612719,6438.900137115836,8567.506377008627
2022-09-13 20:00:00,8946.86229612719,6307.885910457507,8491.213159451481
2022-09-14 00:00:00,8946.86229612719,6268.550669829592,8308.630223590644
2022-09-14 04:00:00,8946.86229612719,6307.266457849193,8419.70491763754
2022-09-14 08:00:00,8946.86229612719,6284.656437645746,8387.572369730235
2022-09-14 12:00:00,8946.86229612719,6272.577111783631,8353.296586357359
2022-09-14 16:00:00,8946.86229612719,6256.471343967477,8381.539169021366
2022-09-14 20:00:00,8946.86229612719,6198.862251394311,8378.813886912732
2022-09-15 00:00:00,8946.86229612719,6270.099301350377,8532.66964776342
2022-09-15 04:00:00,8946.86229612719,6220.543092685288,8350.602552932847
2022-09-15 08:00:00,8946.86229612719,6273.816017000258,8599.553333248743
2022-09-15 12:00:00,8946.86229612719,6247.799007451086,8428.94187367213
2022-09-15 16:00:00,8946.86229612719,6121.43067535511,8119.005737116357
2022-09-15 20:00:00,8946.86229612719,6135.678085346323,8188.068296793465
2022-09-16 00:00:00,8946.86229612719,6113.068065142876,8095.978314388403
2022-09-16 04:00:00,8946.86229612719,6118.9528649218555,8067.710067554028
2022-09-16 08:00:00,8946.86229612719,6142.182337733616,8096.394624521746
2022-09-16 12:00:00,8946.86229612719,6175.013325974237,8144.916159250546
2022-09-16 16:00:00,8946.86229612719,6082.095434727195,7946.727127435162
2022-09-16 20:00:00,8946.86229612719,6072.803645602491,7890.162529621215
2022-09-17 00:00:00,8946.86229612719,6121.740401659266,7929.287159814642
2022-09-17 04:00:00,8946.86229612719,6151.783853162477,8014.390341614611
2022-09-17 08:00:00,8946.86229612719,6139.394800996204,8003.995214638034
2022-09-17 12:00:00,8946.86229612719,6129.793285567343,7954.043415555885
2022-09-17 16:00:00,8946.86229612719,6179.968946840746,8092.044031976315
2022-09-17 20:00:00,8946.86229612719,6191.738546398705,8125.24661902068
2022-09-18 00:00:00,8946.86229612719,6224.569534639326,8183.93521998371
2022-09-18 04:00:00,8946.86229612719,6188.951009661293,8112.868280363584
2022-09-18 08:00:00,8946.86229612719,6203.81787226082,8171.700618472022
2022-09-18 12:00:00,8946.86229612719,6164.482631632905,8067.474392717248
2022-09-18 16:00:00,8946.86229612719,6127.005748829933,7972.523911339172
2022-09-18 20:00:00,8946.86229612719,6102.537370801545,7862.2779209467135
2022-09-19 00:00:00,8946.86229612719,5995.991522171604,7599.855616241937
2022-09-19 04:00:00,8946.86229612719,5819.137802498068,7471.028051232357
2022-09-19 08:00:00,8946.86229612719,5734.58252146326,7486.2811709995585
2022-09-19 12:00:00,8946.86229612719,5799.934771640345,7533.402316549513
2022-09-19 16:00:00,8946.86229612719,5916.082135699147,7682.143852030775
2022-09-19 20:00:00,8946.86229612719,6037.185120624458,7852.467319587925
2022-09-20 00:00:00,8946.86229612719,6031.300320845479,7850.413528069413
2022-09-20 04:00:00,8946.86229612719,5981.434385876233,7769.818750799446
2022-09-20 08:00:00,8946.86229612719,5977.717670226352,7764.476484933208
2022-09-20 12:00:00,8946.86229612719,5961.611902410198,7760.347061324297
2022-09-20 16:00:00,8946.86229612719,5965.9480706683935,7826.374314610934
2022-09-20 20:00:00,8946.86229612719,5904.622262445346,7708.393390386631
2022-09-21 00:00:00,8946.86229612719,5864.048116600804,7605.649892529722
2022-09-21 04:00:00,8946.86229612719,5914.84323048252,7690.7929618131375
2022-09-21 08:00:00,8946.86229612719,5923.515566998911,7709.395584256883
2022-09-21 12:00:00,8946.86229612719,5998.779058909015,7803.122457994101
2022-09-21 16:00:00,8946.86229612719,6017.362637158423,7745.52223241705
2022-09-21 20:00:00,8946.86229612719,5975.859312401411,7717.01525919829
2022-09-22 00:00:00,8946.86229612719,5822.854518147949,7463.502745720787
2022-09-22 04:00:00,8946.86229612719,5899.047188970523,7569.486911619688
2022-09-22 08:00:00,8946.86229612719,5953.868744806278,7672.361880769722
2022-09-22 12:00:00,8928.968571534937,6040.90183627434,7806.2142569353555
2022-09-22 16:00:00,8866.125212760915,5978.95657544298,7689.539849100336
2022-09-22 20:00:00,8966.062960992942,6076.83008755653,7871.861382070492
2022-09-23 00:00:00,8978.821964376677,6110.590254709621,7882.37041552125
2022-09-23 04:00:00,9029.255522019183,6109.661075797151,7971.845523245347
2022-09-23 08:00:00,8997.459479030651,6086.1218766812335,7932.980965888945
2022-09-23 12:00:00,8877.668270642152,5985.7705541344285,7745.503252527661
2022-09-23 16:00:00,8856.745118475817,5966.25779697255,7754.574011901099
2022-09-23 20:00:00,8897.186302875467,6016.123731941796,7826.402609177376
2022-09-24 00:00:00,9049.982877620587,6158.907558158084,8129.806239679438
2022-09-24 04:00:00,9048.983018307033,6110.899981013778,8131.974222997286
2022-09-24 08:00:00,9005.940757535944,6066.2993932151985,8093.054018535102
2022-09-24 12:00:00,9088.635509088585,6086.1218766812335,8197.42858278751
2022-09-24 16:00:00,9017.545599187903,6106.563812755583,8136.544302860442
2022-09-24 20:00:00,9053.970882920104,6104.395728626486,8181.4254142975515
2022-09-25 00:00:00,8922.191020911247,6046.167183445006,8057.060898044965
2022-09-25 04:00:00,8975.328768634625,6086.741329289547,8101.219362861445
2022-09-25 08:00:00,9016.967012497797,6101.608191889074,8146.300630401136
2022-09-25 12:00:00,8986.721396851266,6104.395728626486,8110.102278382993
2022-09-25 16:00:00,8878.876744434474,6059.485414523749,8009.090067857385
2022-09-25 20:00:00,8795.907546206503,6045.857457140849,7941.000924970052
2022-09-26 00:00:00,8778.484733797875,6015.504279333482,7873.557768137736
2022-09-26 04:00:00,8778.484733797875,6066.918845823512,7960.057549263953
2022-09-26 08:00:00,8778.484733797875,6053.290888440612,7908.7636884840285
2022-09-26 12:00:00,8778.484733797875,6066.2993932151985,7943.891902045038
2022-09-26 16:00:00,8778.484733797875,6153.332484683261,8098.979007161518
2022-09-26 20:00:00,8769.706249064078,6183.066209882314,8197.549572775462
2022-09-27 00:00:00,8762.40086952761,6186.163472923882,8222.273675763057
2022-09-27 04:00:00,8983.77617188687,6455.315631236146,8484.569912338928
2022-09-27 08:00:00,8954.149191934519,6476.377019918809,8444.364365230891
2022-09-27 12:00:00,8994.732427551153,6498.057861209786,8481.864686277513
2022-09-27 16:00:00,8874.46017223679,6397.0870860546665,8377.788132881755
2022-09-27 20:00:00,8530.022344504958,6155.810295116516,8062.924561212705
2022-09-28 00:00:00,8530.022344504958,6160.456189678867,8076.915825514598
2022-09-28 04:00:00,8530.022344504958,6075.591182339903,7960.44716292902
2022-09-28 08:00:00,8530.022344504958,6075.281456035746,7945.669334308812
2022-09-28 12:00:00,8530.022344504958,6137.8461694754205,8014.583199933388
2022-09-28 16:00:00,8530.022344504958,6235.719681588971,8101.013351063653
2022-09-28 20:00:00,8530.022344504958,6222.091724206071,8125.844674753274
2022-09-29 00:00:00,8530.022344504958,6187.712104444667,8104.419986323212
2022-09-29 04:00:00,8530.022344504958,6237.887765718069,8183.655210670065
2022-09-29 08:00:00,8530.022344504958,6210.941577256427,8120.437853047268
2022-09-29 12:00:00,8530.022344504958,6197.933072481841,8149.959919275607
2022-09-29 16:00:00,8530.022344504958,6118.643138617698,8114.8086584399525
2022-09-29 20:00:00,8530.022344504958,6131.032190783971,8093.779841345917
2022-09-30 00:00:00,8530.022344504958,6176.5619574950215,8093.695527037635
2022-09-30 04:00:00,8530.022344504958,6131.651643392284,8101.517107169746
2022-09-30 08:00:00,8530.022344504958,6163.243726416278,8127.758703293399
2022-09-30 12:00:00,8530.022344504958,6174.703599670081,8134.508874586558
2022-09-30 16:00:00,8530.022344504958,6250.276817884341,8249.890653392657
2022-09-30 20:00:00,8530.022344504958,6163.553452720435,8083.023958771877
2022-10-01 00:00:00,8530.022344504958,6138.465622083734,8002.120339665094
2022-10-01 04:00:00,8530.022344504958,6135.05863273801,7982.792703593606
2022-10-01 08:00:00,8530.022344504958,6105.0151812347995,7975.34797209552
2022-10-01 12:00:00,8530.022344504958,6106.87353905974,7968.371309489265
2022-10-01 16:00:00,8530.022344504958,6109.970802101308,7959.868563036693
2022-10-01 20:00:00,8530.022344504958,6094.484486893468,7905.091568383419
2022-10-02 00:00:00,8530.022344504958,6100.679012976604,7871.404020785487
2022-10-02 04:00:00,8530.022344504958,6105.324907538956,7918.444172861086
2022-10-02 08:00:00,8530.022344504958,6096.0331184142515,7915.391635691791
2022-10-02 12:00:00,8530.022344504958,6067.538298431826,7856.955354281111
2022-10-02 16:00:00,8530.022344504958,6052.981162136456,7833.280473715762
2022-10-02 20:00:00,8530.022344504958,6091.3872238519,7901.6031361692985
2022-10-03 00:00:00,8530.022344504958,6030.061415628852,7760.246864646235
2022-10-03 04:00:00,8530.022344504958,6055.458972569711,7806.649851464012
2022-10-03 08:00:00,8530.022344504958,6056.078425178024,7797.974873372743
2022-10-03 12:00:00,8530.022344504958,6101.298465584918,7884.731646054696
2022-10-03 16:00:00,8530.022344504958,6109.970802101308,7933.6070431064
2022-10-03 20:00:00,8530.022344504958,6161.075642287181,7956.255696849286
2022-10-04 00:00:00,8530.022344504958,6186.473199228039,7963.728846708571
2022-10-04 04:00:00,8530.022344504958,6169.438252499414,7983.63559766306
2022-10-04 08:00:00,8504.508818050806,6259.878333313202,8101.651249372457
2022-10-04 12:00:00,8479.898143334794,6249.347638971871,8073.006121205484
2022-10-04 16:00:00,8482.158138346793,6245.321197017832,8086.0474569454545
2022-10-04 20:00:00,8484.138392983188,6275.674374825199,8081.895869060509
2022-10-05 00:00:00,8520.293762637886,6308.195636761664,8113.564632895652
2022-10-05 04:00:00,8493.551243590691,6279.081364170924,8093.24332428225
2022-10-05 08:00:00,8521.462098804604,6308.50536306582,8118.920863945008
2022-10-05 12:00:00,8435.433628913694,6263.285322658927,8030.563265710993
2022-10-05 16:00:00,8466.603012208636,6278.152185258454,8068.025412948187
2022-10-05 20:00:00,8530.629115220057,6306.956731545037,8125.865477972729
2022-10-06 00:00:00,8534.342820593321,6299.523300245273,8134.140707985892
2022-10-06 04:00:00,8613.436593978813,6357.751845426753,8202.41972958724
2022-10-06 08:00:00,8567.856363433337,6315.009615453114,8156.59050785876
2022-10-06 12:00:00,8617.953987317343,6351.247593039459,8206.179803502126
2022-10-06 16:00:00,8591.739668003138,6318.416604798838,8179.050351669392
2022-10-06 20:00:00,8584.733838946398,6331.115383269267,8166.173373448593
2022-10-07 00:00:00,8546.353846823193,6317.177699582211,8124.355393323833
2022-10-07 04:00:00,8570.625933109393,6317.177699582211,8156.140483561935
2022-10-07 08:00:00,8542.831505319826,6297.045489812019,8123.392798225562
2022-10-07 12:00:00,8550.515569088015,6333.902920006679,8135.069971471289
2022-10-07 16:00:00,8431.757455277388,6199.171977698468,8006.890154279813
2022-10-07 20:00:00,8431.757455277388,6193.596904223646,8027.619603445388
2022-10-08 00:00:00,8431.757455277388,6213.419387689682,8043.852230866471
2022-10-08 04:00:00,8431.757455277388,6206.2956826940745,8030.454126348585
2022-10-08 08:00:00,8431.757455277388,6206.2956826940745,8044.746616497725
2022-10-08 12:00:00,8431.757455277388,6211.870756168897,8040.698879543983
2022-10-08 16:00:00,8431.757455277388,6194.835809440273,8005.851407482322
2022-10-08 20:00:00,8431.757455277388,6194.216356831959,7996.8531695907695
2022-10-09 00:00:00,8431.757455277388,6170.367431411885,7958.359658094847
2022-10-09 04:00:00,8431.757455277388,6163.243726416278,7941.896477456345
2022-10-09 08:00:00,8431.757455277388,6179.349494232432,7975.217463296964
2022-10-09 12:00:00,8431.757455277388,6195.145535744429,8007.3973506083985
2022-10-09 16:00:00,8431.757455277388,6214.348566602152,8052.7742080286525
2022-10-09 20:00:00,8431.757455277388,6194.526083136116,8015.712552456004
2022-10-10 00:00:00,8431.757455277388,6183.066209882314,8014.52939303934
2022-10-10 04:00:00,8431.757455277388,6191.738546398705,8036.108153580595
2022-10-10 08:00:00,8431.757455277388,6199.791430306782,8024.455917157119
2022-10-10 12:00:00,8431.757455277388,6180.58839944906,8002.996083476737
2022-10-10 16:00:00,8431.757455277388,6153.951937291575,7970.08812466619
2022-10-10 20:00:00,8431.757455277388,6135.98781165048,7939.57390850536
2022-10-11 00:00:00,8431.757455277388,6098.820655151663,7834.80803546874
2022-10-11 04:00:00,8431.757455277388,6091.0774975477425,7765.727102637437
2022-10-11 08:00:00,8431.757455277388,6089.219139722802,7785.711079553839
2022-10-11 12:00:00,8431.757455277388,6104.086002322329,7784.760434401187
2022-10-11 16:00:00,8431.757455277388,6085.50242407292,7769.999325154926
2022-10-11 20:00:00,8431.757455277388,6062.582677565317,7723.113494879639
2022-10-12 00:00:00,8431.757455277388,6083.024613639666,7690.816078896107
2022-10-12 04:00:00,8431.757455277388,6086.1218766812335,7715.630404210393
2022-10-12 08:00:00,8431.757455277388,6102.847097105701,7764.801301936623
2022-10-12 12:00:00,8431.757455277388,6096.652571022565,7766.861284482151
2022-10-12 16:00:00,8431.757455277388,6117.094507096915,7797.006227081045
2022-10-12 20:00:00,8431.757455277388,6115.855601880287,7766.521878923126
2022-10-13 00:00:00,8431.757455277388,6111.209707317935,7761.975731001446
2022-10-13 04:00:00,8431.757455277388,6090.1483186352725,7692.31048722635
2022-10-13 08:00:00,8431.757455277388,6068.777203648453,7550.360169357314
2022-10-13 12:00:00,8431.757455277388,5962.231355018512,7331.151078812831
2022-10-13 16:00:00,8431.757455277388,6039.353204753556,7491.345635168373
2022-10-13 20:00:00,8431.757455277388,6142.492064037772,7646.730412046857
2022-10-14 00:00:00,8431.757455277388,6144.040695558557,7641.813617053625
2022-10-14 04:00:00,8414.893940366834,6271.64793287116,7879.6527665107715
2022-10-14 08:00:00,8383.105405422182,6226.11816616011,7826.154463746323
2022-10-14 12:00:00,8413.569941555079,6240.055849847166,7855.685538250655
2022-10-14 16:00:00,8333.64504684019,6150.854674250007,7737.452326102819
2022-10-14 20:00:00,8284.47194746388,6105.634633843113,7641.790401076985
2022-10-15 00:00:00,8282.608987354452,6110.590254709621,7623.649904292043
2022-10-15 04:00:00,8290.681814495312,6118.9528649218555,7643.298741692284
2022-10-15 08:00:00,8278.67607156788,6107.492991668054,7620.521333941828
2022-10-15 12:00:00,8264.807368531016,6107.183265363897,7605.112719616922
2022-10-15 16:00:00,8260.253466041298,6099.13038145582,7590.6164066640085
2022-10-15 20:00:00,8246.465698271411,6090.458044939429,7573.208566492085
2022-10-16 00:00:00,8246.465698271411,6075.591182339903,7524.7694925864
2022-10-16 04:00:00,8246.465698271411,6096.342844718409,7577.356452461227
2022-10-16 08:00:00,8246.465698271411,6101.298465584918,7572.8319924258285
2022-10-16 12:00:00,8246.465698271411,6100.679012976604,7595.483554092459
2022-10-16 16:00:00,8246.465698271411,6101.917918193231,7598.939620973557
2022-10-16 20:00:00,8246.465698271411,6168.509073586944,7698.837537199166
2022-10-17 00:00:00,8246.465698271411,6125.457117309148,7645.060525680431
2022-10-17 04:00:00,8246.465698271411,6102.847097105701,7614.914410124659
2022-10-17 08:00:00,8246.465698271411,6126.386296221619,7667.10064720069
2022-10-17 12:00:00,8246.465698271411,6183.066209882314,7731.686867164652
2022-10-17 16:00:00,8246.465698271411,6145.899053383498,7721.394563676412
2022-10-17 20:00:00,8246.465698271411,6143.7309692543995,7699.504956596302
2022-10-18 00:00:00,8229.972766874867,6150.235221641693,7754.692431813155
2022-10-18 04:00:00,8224.390979993026,6151.47412685832,7747.328069768593
2022-10-18 08:00:00,8226.979031493389,6180.58839944906,7757.956685729869
2022-10-18 12:00:00,8193.888465237516,6162.314547503808,7717.692031269952
2022-10-18 16:00:00,8089.608355046901,6095.413665805938,7601.684929168809
2022-10-18 20:00:00,8089.608355046901,6041.211562578497,7539.525385947754
2022-10-19 00:00:00,8089.608355046901,6069.086929952609,7568.269948855948
2022-10-19 04:00:00,8089.608355046901,6066.609119519355,7557.277802013023
2022-10-19 08:00:00,8089.608355046901,6049.883899094888,7542.05536110002
2022-10-19 12:00:00,8089.608355046901,6074.971729731589,7571.133343948007
2022-10-19 16:00:00,8089.608355046901,6100.369286672447,7593.124068861851
2022-10-19 20:00:00,8089.608355046901,6092.31640276437,7556.040719500568
2022-10-20 00:00:00,8089.608355046901,6063.511856477787,7421.283905547012
2022-10-20 04:00:00,8089.608355046901,6041.831015186811,7425.058431370737
2022-10-20 08:00:00,8089.608355046901,6058.246509307121,7471.849664246316
2022-10-20 12:00:00,8089.608355046901,6063.821582781944,7480.695586086905
2022-10-20 16:00:00,8089.608355046901,6067.538298431826,7453.688508287199
2022-10-20 20:00:00,8089.608355046901,6036.255941711988,7347.636488276692
2022-10-21 00:00:00,8089.608355046901,6032.5392260621065,7311.839975706245
2022-10-21 04:00:00,8089.608355046901,6038.4240258410855,7339.702035015617
2022-10-21 08:00:00,8089.608355046901,6017.982089766737,7287.330260353214
2022-10-21 12:00:00,8089.608355046901,6017.982089766737,7244.251737531167
2022-10-21 16:00:00,8089.608355046901,6024.796068458187,7244.718017886129
2022-10-21 20:00:00,8089.608355046901,6026.964152587284,7325.488984302076
2022-10-22 00:00:00,8089.608355046901,6022.627984329089,7309.346260136645
2022-10-22 04:00:00,8089.608355046901,6017.982089766737,7267.559182629253
2022-10-22 08:00:00,8089.608355046901,6021.079352808305,7265.705859112772
2022-10-22 12:00:00,8089.608355046901,6027.583605195598,7298.418497893008
2022-10-22 16:00:00,8081.518746691854,6043.689373011752,7324.321415805755
2022-10-22 20:00:00,8076.071606545556,6030.061415628852,7299.062448886409
2022-10-23 00:00:00,8075.264622820179,6036.875394320302,7322.569103409411
2022-10-23 04:00:00,8071.834941987325,6033.15867867042,7358.773978178135
2022-10-23 08:00:00,8066.186055909682,6022.627984329089,7358.397666874946
2022-10-23 12:00:00,8056.0987593424625,6020.150173895834,7291.184220979429
2022-10-23 16:00:00,8073.045417575391,6027.583605195598,7311.424271038855
2022-10-23 20:00:00,8099.436427863444,6125.766843613305,7469.982656039278
2022-10-24 00:00:00,8177.107115096002,6144.969874471027,7586.070758985854
2022-10-24 04:00:00,8129.55673590595,6105.324907538956,7471.235655714709
2022-10-24 08:00:00,8097.99502136428,6082.714887335509,7444.111174710866
2022-10-24 12:00:00,8147.381168693831,6115.54587557613,7549.303065239987
2022-10-24 16:00:00,8079.514859611306,6057.627056698808,7411.424898136854
2022-10-24 20:00:00,8087.584696865081,6064.750761694414,7411.31908025671
2022-10-25 00:00:00,8081.734064856094,6058.246509307121,7394.65651178122
2022-10-25 04:00:00,8090.005648041213,6060.414593436219,7423.714726872035
2022-10-25 08:00:00,8094.645804462134,6065.370214302728,7423.923471368319
2022-10-25 12:00:00,8094.2423125994455,6058.865961915435,7399.2352255886635
2022-10-25 16:00:00,8182.889279285102,6139.704527300361,7635.369809061429
2022-10-25 20:00:00,8512.378621341997,6288.992605903942,8024.499133533807
2022-10-26 00:00:00,8390.631015036382,6246.560102234459,7908.872625017038
2022-10-26 04:00:00,8477.874852277453,6299.83302654943,7983.884455961899
2022-10-26 08:00:00,8500.494940600523,6282.488353516649,7999.087225495357
2022-10-26 12:00:00,8562.38581573343,6367.043634551457,8047.513232607036
2022-10-26 16:00:00,8643.298881816525,6409.476138220939,8111.381322103773
2022-10-26 20:00:00,8610.543394569366,6380.671591934356,8079.620962432318
2022-10-27 00:00:00,8599.14024896206,6372.308981722123,8067.861569833694
2022-10-27 04:00:00,8613.589409876258,6382.839676063454,8090.3991227461665
2022-10-27 08:00:00,8626.353165573673,6371.070076505495,8107.147425859383
2022-10-27 12:00:00,8587.787014537873,6352.17677195193,8065.615853782161
2022-10-27 16:00:00,8625.13426620557,6376.954876284474,8102.729071146353
2022-10-27 20:00:00,8686.698896985,6407.927506700155,8156.264526179713
2022-10-28 00:00:00,8475.738135019448,6302.930289590998,7957.951446305517
2022-10-28 04:00:00,8452.161218198898,6290.850963728883,7939.544346761377
2022-10-28 08:00:00,8384.471172351356,6249.347638971871,7871.992168663534
2022-10-28 12:00:00,8421.320239217803,6274.745195912728,7909.830627203919
2022-10-28 16:00:00,8632.925003849972,6386.246665409179,8109.7034968690095
2022-10-28 20:00:00,8742.833871902081,6409.166411916783,8227.800348707338
2022-10-29 00:00:00,8736.320218425182,6401.732980617019,8223.609769610988
2022-10-29 04:00:00,8899.682708319606,6452.218368194578,8384.593137925833
2022-10-29 08:00:00,8951.346048621997,6457.793441669401,8443.281003521328
2022-10-29 12:00:00,8952.012333283305,6431.466705816072,8429.970789759567
2022-10-29 16:00:00,9033.788016316277,6500.845397947197,8502.68804876362
2022-10-29 20:00:00,8981.116978950984,6474.518662093868,8449.797717680536
2022-10-30 00:00:00,8967.441342297976,6464.297694056694,8438.00544602746
2022-10-30 04:00:00,8976.79748455238,6452.837820802892,8448.97304534892
2022-10-30 08:00:00,9040.570650574293,6481.022914481161,8516.189002496314
2022-10-30 12:00:00,8915.656668813164,6457.483715365244,8389.140864764911
2022-10-30 16:00:00,8825.756278900019,6427.130537557877,8299.292400481196
2022-10-30 20:00:00,8832.532740913459,6420.006832562271,8309.767364413061
2022-10-31 00:00:00,8904.77777645792,6418.458201041487,8393.379609933585
2022-10-31 04:00:00,8869.32359190797,6379.432686717729,8364.773088310341
2022-10-31 08:00:00,8956.322099698484,6409.476138220939,8455.713948966884
2022-10-31 12:00:00,9091.787391630165,6457.173989061087,8587.297498548702
2022-10-31 16:00:00,8897.283713252964,6392.750917796472,8397.661588946612
2022-10-31 20:00:00,8828.187799223986,6381.600770846827,8330.014745336386
2022-11-01 00:00:00,8847.305871591405,6423.104095603839,8370.357769402828
2022-11-01 04:00:00,8833.486270187126,6402.971885833646,8374.984163826113
2022-11-01 08:00:00,8833.486270187126,6424.343000820466,8413.690365520899
2022-11-01 12:00:00,8833.486270187126,6398.945443879607,8390.594395700013
2022-11-01 16:00:00,8833.486270187126,6412.573401262507,8356.612826381526
2022-11-01 20:00:00,8833.486270187126,6409.785864525096,8331.74276243887
2022-11-02 00:00:00,8833.486270187126,6423.413821907995,8341.334611625538
2022-11-02 04:00:00,8833.486270187126,6423.413821907995,8352.852358532751
2022-11-02 08:00:00,8833.486270187126,6398.635717575451,8246.265948242271
2022-11-02 12:00:00,8833.486270187126,6396.467633446353,8178.142434272568
2022-11-02 16:00:00,8833.486270187126,6399.255170183765,8203.822187409009
2022-11-02 20:00:00,8833.486270187126,6385.627212800865,8141.685406336932
2022-11-03 00:00:00,8833.486270187126,6356.203213905968,8086.885062845533
2022-11-03 04:00:00,8833.486270187126,6416.290116912389,8257.58452410356
2022-11-03 08:00:00,8833.486270187126,6426.82081125372,8276.310676029649
2022-11-03 12:00:00,8833.486270187126,6401.423254312862,8227.607062691332
2022-11-03 16:00:00,8833.486270187126,6422.174916691368,8237.99463230287
2022-11-03 20:00:00,8833.486270187126,6434.254242553484,8265.171850371687
2022-11-04 00:00:00,8833.486270187126,6422.794369299681,8182.702709129697
2022-11-04 04:00:00,8824.65278391694,6439.8293160283065,8332.178551617919
2022-11-04 08:00:00,8861.524598511583,6539.870912270954,8476.542059775493
2022-11-04 12:00:00,8816.896436348741,6496.818955993159,8424.5699228918
2022-11-04 16:00:00,8885.093842315353,6526.862407496368,8542.53564001561
2022-11-04 20:00:00,8934.158622068624,6566.197648124283,8588.761094537367
2022-11-05 00:00:00,8960.292305623918,6581.683963332123,8620.77206367295
2022-11-05 04:00:00,9086.205759031418,6670.2656863209695,8759.11265884619
2022-11-05 08:00:00,9130.912318579965,6652.301560679875,8819.061528138227
2022-11-05 12:00:00,9143.178007807688,6657.566907850541,8834.004231584837
2022-11-05 16:00:00,9261.706555603663,6624.73591960992,9008.003730977362
2022-11-05 20:00:00,9248.040893389465,6634.027708734623,8990.520055860708
2022-11-06 00:00:00,9218.720801351916,6626.284551130703,8960.054851439132
2022-11-06 04:00:00,9117.116363810335,6604.603709839726,8837.748079801162
2022-11-06 08:00:00,9140.686048021209,6595.002194410866,8867.617070153156
2022-11-06 12:00:00,9110.569544576127,6611.417688531176,8826.065142582302
2022-11-06 16:00:00,9051.006935762609,6613.276046356117,8747.176116280223
2022-11-06 20:00:00,8952.318755178021,6611.10796222702,8638.430176308977
2022-11-07 00:00:00,8820.761558300565,6524.694323367271,8373.429818316405
2022-11-07 04:00:00,8820.761558300565,6520.048428804919,8373.388536451912
2022-11-07 08:00:00,8820.761558300565,6440.44876863662,8108.6975329702755
2022-11-07 12:00:00,8820.761558300565,6438.590410811679,8216.3018642767
2022-11-07 16:00:00,8820.761558300565,6436.732052986738,8360.269790635095
2022-11-07 20:00:00,8820.761558300565,6447.262747328069,8320.31700552379
2022-11-08 00:00:00,8820.761558300565,6379.122960413572,7918.46327850271
2022-11-08 04:00:00,8820.761558300565,6235.409955284815,7430.7148906204975
2022-11-08 08:00:00,8820.761558300565,6145.279600775184,7563.724882829871
2022-11-08 12:00:00,8820.761558300565,6110.590254709621,7529.93758963858
2022-11-08 16:00:00,8820.761558300565,6011.168111075287,7405.77338912384
2022-11-08 20:00:00,8820.761558300565,5649.407787820138,6669.95194810168
2022-11-09 00:00:00,8820.761558300565,5707.946059305774,6722.825732320538
2022-11-09 04:00:00,8820.761558300565,5641.664630216218,6418.297409295058
2022-11-09 08:00:00,8820.761558300565,5627.417220225005,6033.2586077179085
2022-11-09 12:00:00,8820.761558300565,5496.093267262519,6038.275484638732
2022-11-09 16:00:00,8820.761558300565,5295.3906221689085,5404.749451671394
2022-11-09 20:00:00,8820.761558300565,5204.640815050964,5189.57559162343
2022-11-10 00:00:00,8820.761558300565,4928.055225438937,4961.418966215622
2022-11-10 04:00:00,8820.761558300565,5058.759725793109,5238.427952983258
2022-11-10 08:00:00,8820.761558300565,5189.464226147281,5325.568253969552
2022-11-10 12:00:00,8820.761558300565,5062.786167747147,5134.042772447125
2022-11-10 16:00:00,8820.761558300565,5344.017651921527,5783.5801065977685
2022-11-10 20:00:00,8820.761558300565,5307.779674335181,5684.986784315777
2022-11-11 00:00:00,8820.761558300565,5342.469020400743,5740.507640672008
2022-11-11 04:00:00,8820.761558300565,5173.04873202697,5444.978571153805
2022-11-11 08:00:00,8820.761558300565,5255.435928932681,5606.159170139925
2022-11-11 12:00:00,8820.761558300565,5219.507677650491,5678.719212471422
2022-11-11 16:00:00,8820.761558300565,5048.848484060091,5393.2533833568195
2022-11-11 20:00:00,8820.761558300565,5031.50381102731,5372.253764694277
2022-11-12 00:00:00,8820.761558300565,5100.882503158435,5448.082024374564
2022-11-12 04:00:00,8820.761558300565,5053.494378622443,5323.296293803689
2022-11-12 08:00:00,8820.761558300565,5021.282842990136,5282.418891483904
2022-11-12 12:00:00,8820.761558300565,5042.344231672799,5271.044959123435
2022-11-12 16:00:00,8820.761558300565,5057.520820576482,5232.8424572492095
2022-11-12 20:00:00,8820.761558300565,5038.937242327073,5250.431719111759
2022-11-13 00:00:00,8820.761558300565,5010.13269604049,5162.541310157272
2022-11-13 04:00:00,8820.761558300565,5051.945747101659,5202.039599743039
2022-11-13 08:00:00,8820.761558300565,5012.3007801695885,5090.271370617527
2022-11-13 12:00:00,8820.761558300565,4965.222381937754,5033.688218072939
2022-11-13 16:00:00,8820.761558300565,4940.7540039093665,5034.595968276395
2022-11-13 20:00:00,8820.761558300565,4929.294130655564,5018.82870152832
2022-11-14 00:00:00,8820.761558300565,4893.365879373375,4933.791481975798
2022-11-14 04:00:00,8820.761558300565,4837.305418320993,4844.212714584579
2022-11-14 08:00:00,8820.761558300565,5042.653957976955,5189.746423377707
2022-11-14 12:00:00,8820.761558300565,5043.892863193582,5156.165438515602
2022-11-14 16:00:00,8820.761558300565,4972.655813237517,5053.048707472412
2022-11-14 20:00:00,8820.761558300565,4859.605712220283,4960.276401180512
2022-11-15 00:00:00,8820.761558300565,4974.823897366615,5076.224517834381
2022-11-15 04:00:00,8820.761558300565,5038.31778971876,5148.107570704689
2022-11-15 08:00:00,8820.761558300565,5011.061874952961,5152.6607938987945
2022-11-15 12:00:00,8820.761558300565,4985.664318012103,5139.777986108231
2022-11-15 16:00:00,8811.940796742263,5066.812609701186,5169.778323554629
2022-11-15 20:00:00,8796.124283566429,5039.556694935387,5152.736442212551
2022-11-16 00:00:00,8799.359479443305,5045.13176841021,5143.0088940688875
2022-11-16 04:00:00,8817.51252297466,5076.414125130047,5195.138101041371
2022-11-16 08:00:00,8777.072574513719,5006.725706694766,5108.02665095109
2022-11-16 12:00:00,8751.730206811528,4963.054297808656,5034.028525384937
2022-11-16 16:00:00,8700.979509357881,4890.268616331807,4922.824014872476
2022-11-16 20:00:00,8700.979509357881,4933.320572609603,5008.519523663978
2022-11-17 00:00:00,8700.979509357881,4959.027855854618,5058.7011779276945
2022-11-17 04:00:00,8700.979509357881,4932.701120001289,5016.225746211469
2022-11-17 08:00:00,8700.979509357881,4951.904150859011,5024.655945455688
2022-11-17 12:00:00,8700.979509357881,4966.151560850224,5040.4502534695475
2022-11-17 16:00:00,8700.979509357881,4953.143056075638,4944.1636584817625
2022-11-17 20:00:00,8700.979509357881,4967.700192371009,4947.391949746183
2022-11-18 00:00:00,8700.979509357881,4989.3810336619845,4975.831990629916
2022-11-18 04:00:00,8700.979509357881,5030.57463211484,5017.333087143652
2022-11-18 08:00:00,8700.979509357881,4998.672822786689,4990.266299064595
2022-11-18 12:00:00,8700.979509357881,4995.575559745121,4987.362471138841
2022-11-18 16:00:00,8700.979509357881,4987.522675837044,4956.951378561098
2022-11-18 20:00:00,8700.979509357881,4993.4074756160235,4947.483313400933
2022-11-19 00:00:00,8700.979509357881,4998.982549090845,4963.926463519198
2022-11-19 04:00:00,8700.979509357881,4980.398970841437,4909.626195533374
2022-11-19 08:00:00,8700.979509357881,4976.682255191556,4902.21095665918
2022-11-19 12:00:00,8700.979509357881,4993.71720192018,4912.555173908065
2022-11-19 16:00:00,8700.979509357881,4990.310212574455,4899.764846421153
2022-11-19 20:00:00,8700.979509357881,4981.637876058065,4902.960863875141
2022-11-20 00:00:00,8692.278529848523,5004.247896261511,4927.110062983866
2022-11-20 04:00:00,8698.187514235186,5003.628443653198,4942.52528567959
2022-11-20 08:00:00,8701.63442179407,5016.636948427784,4961.694336224453
2022-11-20 12:00:00,8564.279587310775,4955.311140204736,4801.654192770397
2022-11-20 16:00:00,8564.279587310775,4966.151560850224,4868.633883332351
2022-11-20 20:00:00,8564.279587310775,4963.054297808656,4855.8776114425655
2022-11-21 00:00:00,8564.279587310775,4877.260111557221,4706.683260989792
2022-11-21 04:00:00,8564.279587310775,4826.4649976755045,4611.778483790472
2022-11-21 08:00:00,8564.279587310775,4832.969250062798,4620.731624016534
2022-11-21 12:00:00,8564.279587310775,4852.482007224677,4647.659032515636
2022-11-21 16:00:00,8564.279587310775,4870.446132865771,4673.4385029804835
2022-11-21 20:00:00,8564.279587310775,4753.369589894499,4517.4678362408085
2022-11-22 00:00:00,8564.279587310775,4764.8294631483,4585.058855602425
2022-11-22 04:00:00,8564.279587310775,4773.501799664691,4558.937917521227
2022-11-22 08:00:00,8564.279587310775,4747.484790115519,4520.398164715204
2022-11-22 12:00:00,8564.279587310775,4741.59999033654,4456.062022786887
2022-11-22 16:00:00,8564.279587310775,4877.260111557221,4684.253749767121
2022-11-22 20:00:00,8564.279587310775,4860.534891132754,4641.709697990248
2022-11-23 00:00:00,8564.279587310775,4862.393248957695,4722.44421144238
2022-11-23 04:00:00,8564.279587310775,4964.912655633597,4870.227954999582
2022-11-23 08:00:00,8555.715307723465,4955.93059281305,4858.713960413799
2022-11-23 12:00:00,8605.241935728836,4968.939097587636,4902.520871489447
2022-11-23 16:00:00,8537.480503776032,4893.675605677531,4814.474322663584
2022-11-23 20:00:00,8740.764799634446,4906.684110452117,4929.584532514701
2022-11-24 00:00:00,8800.421874277281,4937.037288259485,4991.187527503516
2022-11-24 04:00:00,8838.849594626852,4950.6652456423835,5040.2272856601885
2022-11-24 08:00:00,8822.68283187974,4940.444277605209,5030.664998479329
2022-11-24 12:00:00,8730.358605087782,4926.196867613996,4977.134865196653
2022-11-24 16:00:00,8809.250753029668,4924.648236093212,5016.000887585262
2022-11-24 20:00:00,8817.596632624596,4929.913583263878,5023.638664898379
2022-11-25 00:00:00,8856.907012744048,4935.178930434544,5045.839599340715
2022-11-25 04:00:00,8694.594225720102,4900.799310673138,4947.413162489514
2022-11-25 08:00:00,8738.330374694546,4893.056153069218,4966.788703139499
2022-11-25 12:00:00,8787.38846187577,4917.524531097606,5002.445257881679
2022-11-25 16:00:00,8721.274694468528,4906.374384147961,4964.216431332399
2022-11-25 20:00:00,8765.272133018863,4913.498089143567,4990.823159395772
2022-11-26 00:00:00,8728.847843039188,4911.33000501447,4972.539277434525
2022-11-26 04:00:00,8844.01391429433,4946.329077384188,5046.420939302615
2022-11-26 08:00:00,8884.087876062364,4937.656740867798,5064.652090101239
2022-11-26 12:00:00,8944.753420681101,4937.656740867798,5095.760641319505
2022-11-26 16:00:00,8844.555740948887,4919.07316261839,5036.637374576502
2022-11-26 20:00:00,8798.622848901437,4911.639731318626,5010.309843262379
2022-11-27 00:00:00,8784.038665493765,4902.9673948022355,4999.529448381487
2022-11-27 04:00:00,8822.858163673016,4925.577415005682,5034.025559036153
2022-11-27 08:00:00,8826.448533588577,4931.7719410888185,5040.328196191008
2022-11-27 12:00:00,8820.03715873936,4930.8427621763485,5039.5680432152985
2022-11-27 16:00:00,8824.909803624763,4935.178930434544,5049.985117255432
2022-11-27 20:00:00,8816.703243817767,4930.8427621763485,5030.190486554808
2022-11-28 00:00:00,8767.075355659923,4906.064657843804,4983.0927024955035
2022-11-28 04:00:00,8767.075355659923,4841.331860275031,4820.355659032086
2022-11-28 08:00:00,8767.075355659923,4846.28748114154,4859.293273732477
2022-11-28 12:00:00,8767.075355659923,4786.820030743434,4805.727153118348
2022-11-28 16:00:00,8767.075355659923,4810.359229859351,4799.686677853554
2022-11-28 20:00:00,8767.075355659923,4862.702975261851,4861.203249656935
2022-11-29 00:00:00,8767.075355659923,4857.437628091186,4847.861971104058
2022-11-29 04:00:00,8767.075355659923,4862.393248957695,4887.563692923573
2022-11-29 08:00:00,8767.075355659923,4910.710552406156,4957.881407973095
2022-11-29 12:00:00,8767.075355659923,4921.241246747487,4967.656568619926
2022-11-29 16:00:00,8767.075355659923,4896.772868719099,4933.487183913991
2022-11-29 20:00:00,8758.308280304263,4929.603856959721,4961.426239320272
2022-11-30 00:00:00,8750.04634813438,4932.391393697132,4958.50057567767
2022-11-30 04:00:00,8917.634828546437,5033.362168852251,5075.513116373343
2022-11-30 08:00:00,8953.034804479408,5052.874926014129,5116.438486751193
2022-11-30 12:00:00,8928.890061444617,5044.822042106053,5099.981914483508
2022-11-30 16:00:00,8964.519775205088,5072.697409480165,5111.729543567999
2022-11-30 20:00:00,8985.328582887934,5078.891935563302,5120.623653843513
2022-12-01 00:00:00,9011.736959023568,5103.360313591689,5191.357600355801
2022-12-01 04:00:00,8983.32239229012,5087.254545775535,5145.14287010061
2022-12-01 08:00:00,8971.433355260497,5083.537830125653,5132.678348880476
2022-12-01 12:00:00,8967.926056944798,5080.130840779929,5126.989155304787
2022-12-01 16:00:00,8884.743160578524,5011.371601257118,5045.641558461497
2022-12-01 20:00:00,8880.622239551925,4994.336654528493,5031.013364669137
2022-12-02 00:00:00,8880.012378468517,4999.602001699159,5028.147475832765
2022-12-02 04:00:00,8843.38163869049,4976.991981495712,4995.566813000357
2022-12-02 08:00:00,8856.300336258977,4994.336654528493,5027.474514308086
2022-12-02 12:00:00,8885.864278771474,4999.602001699159,5054.317660373261
2022-12-02 16:00:00,8881.143985429142,5016.327222123627,5056.556733886672
2022-12-02 20:00:00,8884.870532804667,5001.150633219943,5061.979987524401
2022-12-03 00:00:00,8900.522031781871,5029.335726898213,5084.020416311001
2022-12-03 04:00:00,8876.920565070213,5005.177075173981,5056.695117652579
2022-12-03 08:00:00,8855.555026783872,4993.71720192018,5027.92182089794
2022-12-03 12:00:00,8828.688856134762,4983.186507578848,5007.528311142938
2022-12-03 16:00:00,8828.688856134762,4990.000486270298,5021.67930103027
2022-12-03 20:00:00,8828.688856134762,4991.858844095239,5010.915269968424
2022-12-04 00:00:00,8828.688856134762,4972.036360629203,4943.378759970328
2022-12-04 04:00:00,8828.688856134762,4995.885286049278,4994.134031492778
2022-12-04 08:00:00,8828.688856134762,5003.008991044884,4992.225907584757
2022-12-04 12:00:00,8828.688856134762,4987.212949532887,4972.939679067655
2022-12-04 16:00:00,8828.688856134762,5012.3007801695885,5007.653689055919
2022-12-04 20:00:00,8828.688856134762,5021.592569294293,5037.731853274632
2022-12-05 00:00:00,8828.688856134762,5027.787095377428,5059.701693782403
2022-12-05 04:00:00,8811.031478422494,5038.937242327073,5086.253193353042
2022-12-05 08:00:00,8856.080555699047,5094.997703379456,5133.36447210806
2022-12-05 12:00:00,8827.383698843321,5074.555767305106,5115.528241534176
2022-12-05 16:00:00,8694.174425063291,5026.548190160801,5047.185089877699
2022-12-05 20:00:00,8682.525600610245,4991.858844095239,5016.349388531689
2022-12-06 00:00:00,8717.248058114517,5002.699264740727,5045.322586844748
2022-12-06 04:00:00,8793.189432914183,5020.353664077666,5091.4684952173075
2022-12-06 08:00:00,8788.037068252259,5022.2120219026065,5089.653314928746
2022-12-06 12:00:00,8752.642563183388,5003.628443653198,5055.078628212462
2022-12-06 16:00:00,8754.658705877184,5010.752148648804,5057.994273643769
2022-12-06 20:00:00,8769.667768153226,5026.238463856645,5070.392632063715
2022-12-07 00:00:00,8824.999684305196,5055.352736447384,5138.705170861601
2022-12-07 04:00:00,8770.787847427557,5036.1497055896625,5089.8803703689
2022-12-07 08:00:00,8675.125012828881,4962.434845200342,4966.509903084555
2022-12-07 12:00:00,8675.125012828881,4961.195939983715,4963.6851356295865
2022-12-07 16:00:00,8675.125012828881,4962.434845200342,4975.751484103216
2022-12-07 20:00:00,8675.125012828881,4956.240319117206,4958.425653243301
2022-12-08 00:00:00,8675.125012828881,4960.5764873754015,4945.804750482081
2022-12-08 04:00:00,8675.125012828881,4963.67375041697,4946.881726127731
2022-12-08 08:00:00,8675.125012828881,4955.6208665088925,4948.683744713386
2022-12-08 12:00:00,8675.125012828881,4967.700192371009,4966.685143458245
2022-12-08 16:00:00,8675.125012828881,4969.868276500106,4974.282688490406
2022-12-08 20:00:00,8675.125012828881,5056.901367968168,5069.519079385598
2022-12-09 00:00:00,8675.125012828881,5052.565199709973,5059.755967378567
2022-12-09 04:00:00,8675.125012828881,5034.910800373035,5050.647624470646
2022-12-09 08:00:00,8675.125012828881,5046.0609473226805,5053.755532060892
2022-12-09 12:00:00,8657.774762803223,5060.9278099222065,5095.476852728617
2022-12-09 16:00:00,8624.837598904798,5043.892863193582,5073.99775552435
2022-12-09 20:00:00,8599.87630798624,5034.601074068878,5030.753296265733
2022-12-10 00:00:00,8585.088951814707,5029.026000594055,5021.163618166543
2022-12-10 04:00:00,8596.197806532049,5038.937242327073,5033.957464524082
2022-12-10 08:00:00,8598.672968029407,5044.512315801896,5031.284783255071
2022-12-10 12:00:00,8608.430724281898,5049.158210364248,5036.214311850015
2022-12-10 16:00:00,8634.939559884115,5054.113831230757,5060.181784318325
2022-12-10 20:00:00,8613.886240237633,5044.20258949774,5045.044212352514
2022-12-11 00:00:00,8597.977255419133,5037.0788845021325,5025.65073255188
2022-12-11 04:00:00,8615.548519830236,5041.724779064485,5041.986321803716
2022-12-11 08:00:00,8629.316810336046,5053.8041049266,5052.842716967469
2022-12-11 12:00:00,8620.446344141557,5049.467936668405,5047.249925988098
2022-12-11 16:00:00,8618.272626229795,5041.1053264561715,5051.04468056825
2022-12-11 20:00:00,8618.49966166214,5046.0609473226805,5056.145781566451
2022-12-12 00:00:00,8583.126952703127,5033.052442548094,5008.889643114771
2022-12-12 04:00:00,8548.562897396505,4987.522675837044,4917.138384892621
2022-12-12 08:00:00,8548.562897396505,4981.637876058065,4920.969994811314
2022-12-12 12:00:00,8548.562897396505,4979.16006562481,4937.366247969829
2022-12-12 16:00:00,8548.562897396505,5007.654885607236,4943.911473907963
2022-12-12 20:00:00,8548.562897396505,5016.01749581947,4970.187585358755
2022-12-13 00:00:00,8548.562897396505,5052.565199709973,5021.073021730076
2022-12-13 04:00:00,8548.562897396505,5041.724779064485,4978.236210395561
2022-12-13 08:00:00,8548.562897396505,5039.866421239544,4956.810392242653
2022-12-13 12:00:00,8531.465771601712,5123.4925233618815,5058.915590263857
2022-12-13 16:00:00,8605.186201204886,5162.827763989796,5135.233374740184
2022-12-13 20:00:00,8594.998819363924,5165.925027031364,5135.996156216829
2022-12-14 00:00:00,8603.9527845476,5181.721068543361,5158.032667343871
2022-12-14 04:00:00,8625.27631783251,5184.818331584929,5170.043042469084
2022-12-14 08:00:00,8613.626326864125,5187.915594626497,5164.60545775737
2022-12-14 12:00:00,8624.87210690986,5180.482163326734,5170.220456246807
2022-12-14 16:00:00,8798.225466692693,5257.294286757621,5268.162142163911
2022-12-14 20:00:00,8617.829520820904,5160.349953556542,5158.621301685814
2022-12-15 00:00:00,8590.47022780608,5171.1903742020295,5144.606456364235
2022-12-15 04:00:00,8590.63045453422,5155.084606385875,5143.703572592625
2022-12-15 08:00:00,8558.08903541653,5151.3678907359945,5122.311921383551
2022-12-15 12:00:00,8559.309740179273,5167.163932247991,5132.941430031073
2022-12-15 16:00:00,8465.688514882808,5068.051514917814,5050.471396302326
2022-12-15 20:00:00,8495.946687067659,5074.555767305106,5074.099551148403
2022-12-16 00:00:00,8481.033730776555,5051.326294493346,5046.272149094384
2022-12-16 04:00:00,8473.036928127702,5066.502883397029,5054.734143642217
2022-12-16 08:00:00,8487.517624816166,5098.094966421024,5085.281437093688
2022-12-16 12:00:00,8347.503552405602,4957.788950637991,4873.037017870945
2022-12-16 16:00:00,8347.503552405602,4946.019351080032,4814.15614526083
2022-12-16 20:00:00,8347.503552405602,4924.648236093212,4813.163619949324
2022-12-17 00:00:00,8347.503552405602,4861.773796349381,4662.860787258754
2022-12-17 04:00:00,8347.503552405602,4880.047648294632,4677.56201035208
2022-12-17 08:00:00,8347.503552405602,4903.586847410549,4725.510366680729
2022-12-17 12:00:00,8347.503552405602,4889.95889002765,4700.567135094688
2022-12-17 16:00:00,8347.503552405602,4884.0740902486705,4694.886411394403
2022-12-17 20:00:00,8347.503552405602,4881.596279815416,4682.271033253161
2022-12-18 00:00:00,8347.503552405602,4907.9230156687445,4739.128321242832
2022-12-18 04:00:00,8347.503552405602,4901.109036977295,4733.250071210143
2022-12-18 08:00:00,8347.503552405602,4898.63122654404,4727.261967119453
2022-12-18 12:00:00,8347.503552405602,4892.436700460905,4712.664269983939
2022-12-18 16:00:00,8347.503552405602,4880.976827207102,4685.5590160201255
2022-12-18 20:00:00,8347.503552405602,4898.0117739357265,4718.805576909488
2022-12-19 00:00:00,8347.503552405602,4902.657668498079,4714.290331605175
2022-12-19 04:00:00,8347.503552405602,4873.853122211496,4676.44368936237
2022-12-19 08:00:00,8347.503552405602,4877.569837861378,4674.143744217945
2022-12-19 12:00:00,8347.503552405602,4886.242174377769,4693.918058225349
2022-12-19 16:00:00,8347.503552405602,4874.782301123966,4674.724397948692
2022-12-19 20:00:00,8347.503552405602,4829.562260717073,4626.334664341448
2022-12-20 00:00:00,8347.503552405602,4790.227020089158,4595.527466976875
2022-12-20 04:00:00,8347.503552405602,4878.808743078005,4693.94098486463
2022-12-20 08:00:00,8339.156048853196,4902.9673948022355,4738.37541731851
2022-12-20 12:00:00,8339.400556865861,4892.126974156748,4738.301136612021
2022-12-20 16:00:00,8348.159601634705,4921.550973051644,4752.052916821835
2022-12-20 20:00:00,8353.031099366432,4929.294130655564,4748.0739981649285
2022-12-21 00:00:00,8351.065925636181,4924.957962397369,4749.4238740884575
2022-12-21 04:00:00,8330.393833161648,4911.33000501447,4717.019304246333
2022-12-21 08:00:00,8319.645033497021,4899.250679152354,4703.9309553448675
2022-12-21 12:00:00,8359.600488743428,4930.533035872191,4739.6498020475065
2022-12-21 16:00:00,8348.68094462501,4920.312067835017,4729.660692624695
2022-12-21 20:00:00,8308.688607599168,4888.1005322027095,4692.482405699304
2022-12-22 00:00:00,8342.692997353803,4913.188362839411,4733.35025797864
2022-12-22 04:00:00,8327.870434661658,4907.303563060431,4720.253349995737
2022-12-22 08:00:00,8323.478843326338,4895.224237198316,4711.943616460137
2022-12-22 12:00:00,8344.32623506913,4909.161920885372,4734.53262340324
2022-12-22 16:00:00,8242.225419915394,4859.91543852444,4637.418748454328
2022-12-22 20:00:00,8247.83499649958,4869.826680257457,4664.278030790098
2022-12-23 00:00:00,8263.929393192344,4912.8786365352535,4706.600916590353
2022-12-23 04:00:00,8276.417185183545,4912.8786365352535,4735.657616243337
2022-12-23 08:00:00,8263.922300009408,4909.471647189529,4710.108920642011
2022-12-23 12:00:00,8273.600237609458,4912.568910231097,4717.2498587329965
2022-12-23 16:00:00,8264.08543999567,4914.427268056038,4707.432776810347
2022-12-23 20:00:00,8261.859240804079,4914.736994360194,4706.859907993091
2022-12-24 00:00:00,8236.080977812315,4884.693542856984,4688.3017604632505
2022-12-24 04:00:00,8236.801427350269,4903.896573714706,4693.259984104227
2022-12-24 08:00:00,8237.521876888222,4910.400826101999,4654.9863437458835
2022-12-24 12:00:00,8233.679479352468,4898.63122654404,4641.6630958662445
2022-12-24 16:00:00,8238.242326426176,4907.613289364588,4649.796535858821
2022-12-24 20:00:00,8247.127870727609,4908.232741972902,4678.045553336614
2022-12-25 00:00:00,8240.163525194053,4900.489584368981,4660.519161682836
2022-12-25 04:00:00,8243.765772883824,4905.754931539647,4665.317290261709
2022-12-25 08:00:00,8238.482476272162,4904.206300018863,4664.485858142911
2022-12-25 12:00:00,8235.600678120345,4899.870131760667,4649.424860075162
2022-12-25 16:00:00,8218.309889209451,4899.560405456511,4635.481609381919
2022-12-25 20:00:00,8218.550039055435,4899.870131760667,4638.335048473007
2022-12-26 00:00:00,8232.71887996853,4910.091099797843,4650.374896397995
2022-12-26 04:00:00,8238.880742856882,4930.223309568035,4672.639095204923
2022-12-26 08:00:00,8212.785547111867,4909.781373493685,4647.137648532449
2022-12-26 12:00:00,8208.222700038159,4915.046720664352,4653.446722817645
2022-12-26 16:00:00,8188.708123553446,4898.0117739357265,4618.824335661402
2022-12-26 20:00:00,8188.708123553446,4904.825752627176,4630.067089651902
2022-12-27 00:00:00,8180.519415429892,4924.648236093212,4667.037837935947
2022-12-27 04:00:00,8161.629661973022,4902.657668498079,4641.2239729788125
2022-12-27 08:00:00,8159.032320872702,4903.896573714706,4632.3495214303175
2022-12-27 12:00:00,8141.726945487027,4889.339437419337,4611.08669677511
2022-12-27 16:00:00,8141.726945487027,4879.737921990475,4561.7196732218035
2022-12-27 20:00:00,8141.726945487027,4849.3847441831085,4573.333198704506
2022-12-28 00:00:00,8141.726945487027,4864.871059390949,4594.6130194184925
2022-12-28 04:00:00,8141.726945487027,4851.243102008049,4533.558050064337
2022-12-28 08:00:00,8141.726945487027,4842.261039187501,4457.221742689164
2022-12-28 12:00:00,8141.726945487027,4847.21666005401,4448.064201894274
2022-12-28 16:00:00,8141.726945487027,4825.5358187630345,4428.8001344509275
2022-12-28 20:00:00,8141.726945487027,4837.924870929307,4424.44172395131
2022-12-29 00:00:00,8141.726945487027,4815.624577030017,4407.338039993773
2022-12-29 04:00:00,8141.726945487027,4826.774723979662,4418.695922087404
2022-12-29 08:00:00,8141.726945487027,4825.845545067191,4403.688313067686
2022-12-29 12:00:00,8141.726945487027,4831.4206185420135,4388.673362526424
2022-12-29 16:00:00,8141.726945487027,4825.5358187630345,4374.324681835336
2022-12-29 20:00:00,8141.726945487027,4820.270471592368,4305.6405518267175
2022-12-30 00:00:00,8141.726945487027,4829.87198702123,4401.096803865635
2022-12-30 04:00:00,8141.726945487027,4824.916366154721,4387.204462900086
2022-12-30 08:00:00,8141.726945487027,4792.395104218256,4323.874662385536
2022-12-30 12:00:00,8141.726945487027,4786.20057813512,4315.047152883067
2022-12-30 16:00:00,8141.726945487027,4806.023061601156,4378.9124843004565
2022-12-30 20:00:00,8141.726945487027,4786.510304439277,4395.492236014417
2022-12-31 00:00:00,8141.726945487027,4808.191145730253,4410.958194478337
2022-12-31 04:00:00,8141.726945487027,4788.678388568374,4384.380301172399
2022-12-31 08:00:00,8141.726945487027,4793.01455682657,4394.177484148102
2022-12-31 12:00:00,8141.726945487027,4787.749209655904,4396.874559305411
2022-12-31 16:00:00,8141.726945487027,4802.925798559588,4442.464050535762
2022-12-31 20:00:00,8141.726945487027,4791.156199001629,4427.34856931422
2023-01-01 00:00:00,8141.726945487027,4777.218515314573,4403.508680113416
2023-01-01 04:00:00,8141.726945487027,4776.599062706259,4396.404819973593
2023-01-01 08:00:00,8141.726945487027,4780.315778356141,4383.0128884729465
2023-01-01 12:00:00,8141.726945487027,4791.465925305785,4405.282055408697
2023-01-01 16:00:00,8141.726945487027,4790.536746393315,4397.972620393135
2023-01-01 20:00:00,8141.726945487027,4802.306345951274,4419.050108014712
2023-01-02 00:00:00,8141.726945487027,4810.668956163508,4425.917948941664
2023-01-02 04:00:00,8141.726945487027,4824.606639850564,4432.896640223926
2023-01-02 08:00:00,8117.374821023954,4850.933375703892,4579.034581578966
2023-01-02 12:00:00,8101.123155392403,4850.3139230955785,4573.304698308864
2023-01-02 16:00:00,8149.919237250624,4860.2251648285965,4598.4513832220155
2023-01-02 20:00:00,8180.410562103687,4856.818175482872,4610.413342363851
2023-01-03 00:00:00,8155.317386505225,4832.349797454484,4594.683678126552
2023-01-03 04:00:00,8146.323291595177,4837.305418320993,4591.353572261785
2023-01-03 08:00:00,8359.746860111078,4865.800238303419,4689.759345083772
2023-01-03 12:00:00,8415.244363504657,4916.595352185135,4723.4162034915325
2023-01-03 16:00:00,8688.629283199232,4892.746426765061,4837.46853102772
2023-01-03 20:00:00,8636.299982519771,4871.375311778242,4811.048806852169
2023-01-04 00:00:00,8773.175596233728,4888.719984811023,4874.741769638477
2023-01-04 04:00:00,8926.802559747202,4933.630298913759,4964.2547860923805
2023-01-04 08:00:00,9042.53333920079,4930.223309568035,5011.541713276236
2023-01-04 12:00:00,8896.853200675661,4907.613289364588,4946.498479363264
2023-01-04 16:00:00,8846.05035253332,4921.241246747487,4927.280605827189
2023-01-04 20:00:00,8799.25968208778,4911.9494576227835,4906.059015169334
2023-01-05 00:00:00,8866.941979726998,4918.763436314233,4937.680456260089
2023-01-05 04:00:00,8801.554006036811,4915.046720664352,4906.573192931201
2023-01-05 08:00:00,8793.145390834055,4914.117541751881,4901.101727448634
2023-01-05 12:00:00,8811.2688656591,4915.356446968508,4911.680649025301
2023-01-05 16:00:00,8890.0796737163,4955.311140204736,4951.9817505466835
2023-01-05 20:00:00,8918.494711771698,4962.7445715045,4966.767331182322
2023-01-06 00:00:00,8916.065811755943,4955.93059281305,4963.617300494274
2023-01-06 04:00:00,8855.954882497721,4947.258256296659,4936.357958180948
2023-01-06 08:00:00,8833.700797657892,4946.638803688345,4926.12012652506
2023-01-06 12:00:00,8798.509674448589,4933.320572609603,4908.133009717805
2023-01-06 16:00:00,8817.349625631705,4915.666173272665,4918.432714721104
2023-01-06 20:00:00,8871.517881659256,4928.055225438937,4946.569302362138
2023-01-07 00:00:00,8885.908582420903,4933.010846305446,4955.142550204057
2023-01-07 04:00:00,8874.91328628488,4925.267688701526,4927.404280823539
2023-01-07 08:00:00,8876.716595477312,4933.630298913759,4925.931445447075
2023-01-07 12:00:00,8849.75787076033,4923.409330876585,4903.521252787023
2023-01-07 16:00:00,8849.75787076033,4932.701120001289,4924.9228599970675
2023-01-07 20:00:00,8849.75787076033,4927.435772830623,4916.540384602722
2023-01-08 00:00:00,8849.75787076033,4933.940025217917,4901.7790946278365
2023-01-08 04:00:00,8849.75787076033,4924.957962397369,4933.433160228882
2023-01-08 08:00:00,8849.75787076033,4930.8427621763485,4924.957626282573
2023-01-08 12:00:00,8849.75787076033,4920.00234153086,4942.872553752928
2023-01-08 16:00:00,8832.05835501881,4944.780445863405,5002.6630298521795
2023-01-08 20:00:00,8731.216797033885,4926.196867613996,4948.047968355679
2023-01-09 00:00:00,8907.876016400875,4976.991981495712,5097.504546272703
2023-01-09 04:00:00,9295.997307844762,4995.575559745121,5297.789226555026
2023-01-09 08:00:00,9352.067989389101,4990.929665182769,5325.410950203039
2023-01-09 12:00:00,9365.316222038186,4998.053370178375,5334.637449389683
2023-01-09 16:00:00,9525.917786173617,4984.115686491319,5417.929014474479
2023-01-09 20:00:00,9338.242935404875,4982.257328666378,5321.819685433853
2023-01-10 00:00:00,9314.99560634435,4954.381961292265,5307.096003872093
2023-01-10 04:00:00,9262.557838579374,4967.390466066851,5282.4192565269495
2023-01-10 08:00:00,9230.176305842968,4966.771013458538,5270.6933986324275
2023-01-10 12:00:00,9263.899439992916,4976.682255191556,5293.089800935638
2023-01-10 16:00:00,9330.035034536671,5006.106254086452,5337.117095601052
2023-01-10 20:00:00,9355.843266922015,5030.57463211484,5364.411116263091
2023-01-11 00:00:00,9301.34446318051,5028.406547985742,5335.848738678009
2023-01-11 04:00:00,9260.107047060184,5029.645453202369,5314.012640514266
2023-01-11 08:00:00,9285.844102047024,5029.335726898213,5327.682617867166
2023-01-11 12:00:00,9261.623398889229,5026.857916464958,5315.089559851941
2023-01-11 16:00:00,9082.816982416301,4993.71720192018,5219.442051520333
2023-01-11 20:00:00,9290.247948066715,5048.229031451778,5333.280413842732
2023-01-12 00:00:00,9529.287719414671,5160.969406164855,5472.206047529813
2023-01-12 04:00:00,9604.1245437215,5241.8079715497815,5517.883145541167
2023-01-12 08:00:00,9552.398309109212,5221.056309171276,5490.700208201981
2023-01-12 12:00:00,9504.161600381734,5231.896729816764,5471.095174675502
2023-01-12 16:00:00,9439.731630994505,5185.747510497399,5417.301963406604
2023-01-12 20:00:00,9643.882581369668,5394.19331319493,5591.781997918941
2023-01-13 00:00:00,9599.376685456606,5373.441650816424,5565.93118841723
2023-01-13 04:00:00,9603.061031693525,5383.972345157756,5588.1513792118585
2023-01-13 08:00:00,9627.832232802093,5379.326450595403,5599.160491532058
2023-01-13 12:00:00,9621.43363311654,5425.475669914767,5598.401902083251
2023-01-13 16:00:00,9737.329152739976,5510.9601298620455,5666.119118029068
2023-01-13 20:00:00,9802.548097656723,5537.596592019531,5701.553558847723
2023-01-14 00:00:00,10184.341344517024,5704.848796264206,5919.156533518794
2023-01-14 04:00:00,11267.387704171013,5991.035901305095,6537.549909485098
2023-01-14 08:00:00,11571.23521901335,5978.027396530509,6700.706888643643
2023-01-14 12:00:00,11276.231536760513,5927.851735257106,6534.729500642896
2023-01-14 16:00:00,11260.33912360773,5945.196408289888,6525.092715543067
2023-01-14 20:00:00,11396.068528145513,5940.550513727535,6598.836574210116
2023-01-15 00:00:00,11699.504432343869,5983.602470005331,6769.247283823408
2023-01-15 04:00:00,11361.817893230886,5917.940493524088,6578.609092414274
2023-01-15 08:00:00,11303.421690955125,5920.418303957343,6548.0774461911205
2023-01-15 12:00:00,11349.434530988452,5915.152956786677,6573.621107483987
2023-01-15 16:00:00,11601.60529418813,5974.310680880627,6717.411780769677
2023-01-15 20:00:00,11507.857295467154,5954.797923718748,6665.033825837648
2023-01-16 00:00:00,11446.079655047777,5969.974512622432,6632.8965707123425
2023-01-16 04:00:00,11552.469582784124,6012.407016291914,6695.099528506375
2023-01-16 08:00:00,11770.811688105687,6039.662931057713,6813.967884971673
2023-01-16 12:00:00,11507.907728905471,5955.417376327062,6663.437918392303
2023-01-16 16:00:00,11489.657233696116,6004.044406079681,6656.539422523276
2023-01-16 20:00:00,11737.707153295649,6096.0331184142515,6803.4034659314
2023-01-17 00:00:00,11693.545202870695,6061.3437723486895,6775.093390391108
2023-01-17 04:00:00,11571.197184973333,6039.97265736187,6705.100076469926
2023-01-17 08:00:00,11622.828844827927,6050.813078007358,6733.600527985418
2023-01-17 12:00:00,11721.810079524346,6071.874466690021,6788.816612628063
2023-01-17 16:00:00,11651.011222281099,6077.759266469,6752.003845895861
2023-01-17 20:00:00,11746.644561055049,6120.191770138483,6809.314447187979
2023-01-18 00:00:00,11534.325172010813,6064.1313090861,6694.6892929988135
2023-01-18 04:00:00,11606.934539317986,6119.8820438343255,6769.536670046873
2023-01-18 08:00:00,11580.74941564431,6100.369286672447,6733.750461860703
2023-01-18 12:00:00,11557.322644352746,6075.591182339903,6674.071757632009
2023-01-18 16:00:00,11452.887208486869,6019.840447591678,6535.813180837504
2023-01-18 20:00:00,11426.675109055803,5992.274806521722,6521.102262189721
2023-01-19 00:00:00,11426.675109055803,5928.161461561263,6366.7564465832365
2023-01-19 04:00:00,11426.675109055803,5949.842302852239,6439.287892363394
2023-01-19 08:00:00,11426.675109055803,5963.160533930982,6434.867561213279
2023-01-19 12:00:00,11426.675109055803,5925.373924823852,6360.912591042834
2023-01-19 16:00:00,11426.675109055803,5988.867817175997,6437.88999461231
2023-01-19 20:00:00,11426.675109055803,6035.636489103675,6530.009580987971
2023-01-20 00:00:00,11426.675109055803,6023.247436937402,6492.133776797526
2023-01-20 04:00:00,11426.675109055803,6027.273878891441,6493.15984630128
2023-01-20 08:00:00,11426.675109055803,5982.363564788704,6439.214493807693
2023-01-20 12:00:00,11426.675109055803,5990.416448696781,6453.10208432121
2023-01-20 16:00:00,11426.675109055803,6051.122804311515,6523.696010794905
2023-01-20 20:00:00,11403.82175883769,6127.625201438246,6792.089167718188
2023-01-21 00:00:00,11729.502957134988,6457.173989061087,7205.3327153993005
2023-01-21 04:00:00,11589.487748141648,6428.988895382818,7112.508772253519
2023-01-21 08:00:00,11714.404277811429,6457.173989061087,7196.046066027413
2023-01-21 12:00:00,11719.243035462086,6539.251459662641,7192.049009784179
2023-01-21 16:00:00,11748.710173073323,6570.224090078322,7209.090630679744
2023-01-21 20:00:00,11895.3189653115,6649.204297638307,7300.405616161501
2023-01-22 00:00:00,11538.000787788062,6493.721692951591,7074.3740302303395
2023-01-22 04:00:00,11602.7057048885,6500.53567164304,7119.161081399085
2023-01-22 08:00:00,11664.954209470765,6543.27790161668,7157.68649005718
2023-01-22 12:00:00,11595.406062877211,6501.774576859667,7113.622544191761
2023-01-22 16:00:00,11642.014688919007,6511.995544896842,7143.200146179179
2023-01-22 20:00:00,11619.659554141146,6489.385524693395,7129.757206758867
2023-01-23 00:00:00,11475.919783181911,6475.757567310496,7032.700815963095
2023-01-23 04:00:00,11500.559778154206,6449.430831457167,7052.577006781172
2023-01-23 08:00:00,11475.91501857485,6445.714115807285,7035.648321224895
2023-01-23 12:00:00,11579.223818827079,6520.977607717389,7098.832267095511
2023-01-23 16:00:00,11488.270753442095,6518.499797284135,7037.841593134611
2023-01-23 20:00:00,11480.441857562993,6506.730197726176,7033.490029875706
2023-01-24 00:00:00,11522.708873982645,6529.030491625466,7060.151920635693
2023-01-24 04:00:00,11668.740189363267,6580.135331811339,7154.551559977956
2023-01-24 08:00:00,11583.833027607545,6553.80859595801,7115.367145490152
2023-01-24 12:00:00,11557.983428826246,6531.818028362877,7070.030892144076
2023-01-24 16:00:00,11557.983428826246,6525.623502279741,7061.925349619671
2023-01-24 20:00:00,11557.983428826246,6544.826533137463,7070.490325822377
2023-01-25 00:00:00,11557.983428826246,6438.900137115836,6751.334338742361
2023-01-25 04:00:00,11557.983428826246,6431.156979511916,6758.695781257968
2023-01-25 08:00:00,11557.983428826246,6473.279756877241,6828.370576342751
2023-01-25 12:00:00,11557.983428826246,6442.926579069875,6795.824024146202
2023-01-25 16:00:00,11557.983428826246,6414.741485391605,6789.270268438895
2023-01-25 20:00:00,11557.983428826246,6459.961525798499,6868.835770503172
2023-01-26 00:00:00,11557.983428826246,6549.162701395659,7051.739784541354
2023-01-26 04:00:00,11557.983428826246,6568.675458557537,7085.723344218692
2023-01-26 08:00:00,11557.983428826246,6516.3317131550375,7004.819160984853
2023-01-26 12:00:00,11557.983428826246,6537.083375533543,7012.367509963341
2023-01-26 16:00:00,11557.983428826246,6554.428048566324,7022.568506104805
2023-01-26 20:00:00,11557.983428826246,6557.835037912049,7040.136164653998
2023-01-27 00:00:00,11557.983428826246,6538.941733358484,7012.513873293132
2023-01-27 04:00:00,11557.983428826246,6490.934156214179,6898.342772407056
2023-01-27 08:00:00,11557.983428826246,6577.038068769771,6990.295439406555
2023-01-27 12:00:00,11557.983428826246,6546.0654383540905,6930.9646340222025
2023-01-27 16:00:00,11557.983428826246,6551.640511828913,6961.451927435547
2023-01-27 20:00:00,11546.42544539742,6621.6386565683515,7084.5991114252865
2023-01-28 00:00:00,11522.81823225717,6581.06451072381,7048.037874886481
2023-01-28 04:00:00,11527.323425604545,6588.8076683277295,7064.076240301625
2023-01-28 08:00:00,11510.744314086201,6560.312848345304,7027.527879292746
2023-01-28 12:00:00,11508.581821279462,6556.596132695422,7010.262080099776
2023-01-28 16:00:00,11513.087014626837,6564.339290299342,6989.10706726936
2023-01-28 20:00:00,11519.394285313163,6575.179710944831,6989.226245088599
2023-01-29 00:00:00,11516.330753836948,6569.9143637741645,6961.02959288256
2023-01-29 04:00:00,11538.856720573829,6608.630151793765,7026.072545477591
2023-01-29 08:00:00,11544.62336805847,6618.541393526783,7027.550639125169
2023-01-29 12:00:00,11580.484707103584,6680.1769280539875,7092.773025169039
2023-01-29 16:00:00,11571.708861942343,6704.645306082375,7133.796224375001
2023-01-29 20:00:00,11987.201484131438,6805.616081237494,7399.975076952443
2023-01-30 00:00:00,11892.021830475625,6764.422482784638,7339.965073465814
2023-01-30 04:00:00,11792.157747675068,6756.6793251807185,7274.287529075166
2023-01-30 08:00:00,11751.579086640479,6746.7680834477005,7249.209174463886
2023-01-30 12:00:00,11256.585148214395,6556.596132695422,6959.046793064916
2023-01-30 16:00:00,11256.585148214395,6607.700972881295,7027.500390949473
2023-01-30 20:00:00,11256.585148214395,6504.252387292921,6883.080890888607
2023-01-31 00:00:00,11256.585148214395,6524.384597063115,6946.461983278992
2023-01-31 04:00:00,11256.585148214395,6519.738702500762,6951.179822122227
2023-01-31 08:00:00,11256.585148214395,6568.675458557537,6994.834549586978
2023-01-31 12:00:00,11256.585148214395,6539.561185966798,6938.693034767497
2023-01-31 16:00:00,11256.585148214395,6597.48000484412,7009.529730753096
2023-01-31 20:00:00,11256.585148214395,6601.196720494002,7031.371637393246
2023-02-01 00:00:00,11256.585148214395,6595.002194410866,6981.675940766385
2023-02-01 04:00:00,11256.585148214395,6596.241099627493,6981.908550138782
2023-02-01 08:00:00,11256.585148214395,6568.9851848616945,6916.400636928916
2023-02-01 12:00:00,11256.585148214395,6563.100385082715,6907.360308837621
2023-02-01 16:00:00,11256.585148214395,6519.428976196606,6800.153972287049
2023-02-01 20:00:00,11256.585148214395,6603.6745309272565,7018.062609240887
2023-02-02 00:00:00,11256.585148214395,6677.389391316577,7140.511957941844
2023-02-02 04:00:00,11256.585148214395,6698.760506303396,7214.357888291888
2023-02-02 08:00:00,11256.585148214395,6697.831327390925,7167.204676456349
2023-02-02 12:00:00,11245.328563066181,6712.078737382139,7195.645238233108
2023-02-02 16:00:00,11268.61745400889,6748.936167576799,7243.09532320548
2023-02-02 20:00:00,11278.72959884901,6761.32521974307,7265.39423198994
2023-02-03 00:00:00,11168.208516675899,6681.725559574771,7120.042825821483
2023-02-03 04:00:00,11167.235982323327,6691.946527611946,7124.825384573373
2023-02-03 08:00:00,11151.7002781215,6670.2656863209695,7109.979231553646
2023-02-03 12:00:00,11166.191294987148,6673.672675666695,7138.548534264034
2023-02-03 16:00:00,11258.707473794566,6731.591494544017,7247.07478848188
2023-02-03 20:00:00,11213.721932425027,6675.2213071874785,7178.015360691172
2023-02-04 00:00:00,11269.532980690827,6720.441347594372,7249.62377261387
2023-02-04 04:00:00,11230.394046828818,6696.282695870142,7195.630568263963
2023-02-04 08:00:00,11243.510412374906,6691.017348699475,7210.4432523757105
2023-02-04 12:00:00,11257.124191335022,6708.362021732257,7233.402102910155
2023-02-04 16:00:00,11305.955114824255,6718.892716073588,7275.074211285885
2023-02-04 20:00:00,11298.969884830161,6716.105179336177,7269.321263034086
2023-02-05 00:00:00,11268.961202008588,6698.1410536950825,7209.525091074379
2023-02-05 04:00:00,11247.85099562403,6696.592422174298,7195.169043216072
2023-02-05 08:00:00,11283.46447125428,6714.866274119549,7225.514550194626
2023-02-05 12:00:00,11247.462378415688,6700.928590432493,7187.889810565215
2023-02-05 16:00:00,11197.401587647633,6632.479077213839,7085.635383676687
2023-02-05 20:00:00,11197.401587647633,6572.082447903263,7004.100726637597
2023-02-06 00:00:00,11197.401587647633,6587.259036806946,7032.624987990468
2023-02-06 04:00:00,11197.401587647633,6575.179710944831,7017.259959479019
2023-02-06 08:00:00,11197.401587647633,6582.303415940437,7033.924791833819
2023-02-06 12:00:00,11197.401587647633,6578.276973986398,7034.972380299932
2023-02-06 16:00:00,11197.401587647633,6647.655666117523,7102.752899410753
2023-02-06 20:00:00,11197.401587647633,6640.5319611219165,7094.85518887227
2023-02-07 00:00:00,11197.401587647633,6568.9851848616945,6942.991393433929
2023-02-07 04:00:00,11197.401587647633,6591.285478760984,7015.480634081843
2023-02-07 08:00:00,11197.401587647633,6615.134404181058,7038.894457601333
2023-02-07 12:00:00,11197.401587647633,6644.558403075955,7091.216212905736
2023-02-07 16:00:00,11197.401587647633,6628.142908955644,7034.866721855565
2023-02-07 20:00:00,11197.401587647633,6673.982401970851,7112.789107615297
2023-02-08 00:00:00,11197.401587647633,6708.362021732257,7197.217839448466
2023-02-08 04:00:00,11186.204186059986,6711.149558469668,7216.901275479532
2023-02-08 08:00:00,11176.182218138552,6689.468717178692,7179.828461636775
2023-02-08 12:00:00,11171.887089029366,6682.345012183085,7180.700355901536
2023-02-08 16:00:00,11126.310996815228,6605.532888752197,7076.605769515985
2023-02-08 20:00:00,11119.152448299918,6604.29398353557,7050.269165398991
2023-02-09 00:00:00,11129.651652789038,6637.124971776191,7089.232698813915
2023-02-09 04:00:00,11042.495131523723,6501.464850555511,6896.588627414429
2023-02-09 08:00:00,11042.495131523723,6546.994617266561,6978.850385865052
2023-02-09 12:00:00,11042.495131523723,6529.64994423378,6958.236459622223
2023-02-09 16:00:00,11042.495131523723,6507.969102942803,6930.1802275129485
2023-02-09 20:00:00,11042.495131523723,6348.150329997891,6730.432019369597
2023-02-10 00:00:00,11042.495131523723,6288.992605903942,6511.260345974159
2023-02-10 04:00:00,11042.495131523723,6306.956731545037,6562.018215416039
2023-02-10 08:00:00,11042.495131523723,6323.991678273661,6606.175684418471
2023-02-10 12:00:00,11042.495131523723,6294.257953074607,6548.001946179218
2023-02-10 16:00:00,11042.495131523723,6286.205069166531,6533.5295801368575
2023-02-10 20:00:00,11042.495131523723,6323.372225665347,6586.020246445519
2023-02-11 00:00:00,11042.495131523723,6276.9132800418265,6453.540542519697
2023-02-11 04:00:00,11042.495131523723,6294.257953074607,6502.805895717423
2023-02-11 08:00:00,11042.495131523723,6297.045489812019,6499.090979361799
2023-02-11 12:00:00,11042.495131523723,6298.284395028646,6496.325558611867
2023-02-11 16:00:00,11042.495131523723,6302.930289590998,6523.888048170793
2023-02-11 20:00:00,11042.495131523723,6292.08986894551,6499.400563737743
2023-02-12 00:00:00,11042.495131523723,6350.937866735303,6594.824642213423
2023-02-12 04:00:00,11042.495131523723,6325.850036098602,6558.600542721226
2023-02-12 08:00:00,11042.495131523723,6331.734835877581,6578.483534243959
2023-02-12 12:00:00,11042.495131523723,6363.017192597418,6619.4333066292675
2023-02-12 16:00:00,11042.495131523723,6371.689529113809,6663.329121560722
2023-02-12 20:00:00,11042.495131523723,6398.635717575451,6745.1234595975675
2023-02-13 00:00:00,11042.495131523723,6325.5403097944445,6607.643467557493
2023-02-13 04:00:00,11042.495131523723,6341.336351306442,6575.126294321575
2023-02-13 08:00:00,11042.495131523723,6347.840603693735,6600.918757565407
2023-02-13 12:00:00,11042.495131523723,6274.435469608572,6450.622309282999
2023-02-13 16:00:00,11042.495131523723,6240.985028759636,6398.875310026902
2023-02-13 20:00:00,11042.495131523723,6243.772565497048,6431.519622091067
2023-02-14 00:00:00,11042.495131523723,6287.443974383158,6496.074514922262
2023-02-14 04:00:00,11042.495131523723,6265.763133092181,6485.377133386328
2023-02-14 08:00:00,11042.495131523723,6288.682879599785,6526.875026514681
2023-02-14 12:00:00,11042.495131523723,6285.585616558217,6550.775251162719
2023-02-14 16:00:00,11042.495131523723,6370.760350201338,6706.346093692196
2023-02-14 20:00:00,11020.410141260676,6407.308054091842,6734.487310950406
2023-02-15 00:00:00,11009.840825474092,6406.9983277876845,6716.756349320618
2023-02-15 04:00:00,10988.396063664617,6389.96338105906,6680.939179892552
2023-02-15 08:00:00,10992.99534365422,6397.0870860546665,6679.571619362534
2023-02-15 12:00:00,11102.327416886728,6485.0493564352,6807.2649147900975
2023-02-15 16:00:00,11195.039653512578,6619.160846135097,6905.731378314986
2023-02-15 20:00:00,11472.778913555632,6751.7237043142095,7077.773773933426
2023-02-16 00:00:00,11881.355507175522,7040.698346092509,7328.734649477941
2023-02-16 04:00:00,11960.2006169642,7146.934468418293,7374.807111006241
2023-02-16 08:00:00,11898.820789489528,7110.386764527791,7337.062738460686
2023-02-16 12:00:00,11877.01304687318,7101.4047017072435,7323.112569813729
2023-02-16 16:00:00,12157.036741556614,7276.400063555839,7494.916763327121
2023-02-16 20:00:00,12025.51635918143,7205.47273990393,7413.296812825443
2023-02-17 00:00:00,11436.593982719196,6826.367743616,7050.421300322354
2023-02-17 04:00:00,11638.322466872205,6937.249760504136,7175.2265557114515
2023-02-17 08:00:00,11570.18861881338,6876.543404889402,7133.892350530858
2023-02-17 12:00:00,11655.218134287243,6941.585928762332,7185.5977908162085
2023-02-17 16:00:00,11731.384767311009,7016.229968064122,7231.871648247397
2023-02-17 20:00:00,11945.425257635592,7112.245122352731,7365.359896506264
2023-02-18 00:00:00,11859.174002014475,7117.20074321924,7309.980696261821
2023-02-18 04:00:00,11913.844767539282,7128.660616473042,7344.592956176617
2023-02-18 08:00:00,11855.057972802166,7104.501964748812,7308.115528244076
2023-02-18 12:00:00,11820.376992952872,7100.165796490616,7285.705220651521
2023-02-18 16:00:00,11915.038949065007,7139.1913108143735,7345.376595063626
2023-02-18 20:00:00,11909.19302039182,7132.687058427081,7342.149789924772
2023-02-19 00:00:00,11905.824348565566,7132.687058427081,7339.895344820567
2023-02-19 04:00:00,11905.783223925857,7149.1025525473915,7338.873994140027
2023-02-19 08:00:00,11921.752283492595,7121.536911477436,7350.447600510465
2023-02-19 12:00:00,11976.230976724575,7142.288573855942,7384.844042973106
2023-02-19 16:00:00,12292.728242907398,7206.7116451205575,7586.793116852627
2023-02-19 20:00:00,12076.913495918749,7106.670048877909,7452.413832909209
2023-02-20 00:00:00,12032.992200735396,7033.8843674010595,7442.647536493091
2023-02-20 04:00:00,12194.113641571726,7083.750302370306,7574.597001249302
2023-02-20 08:00:00,12135.77656816547,7094.280996711636,7551.12239298828
2023-02-20 12:00:00,12148.666370930145,7212.596444899536,7644.434767491627
2023-02-20 16:00:00,12238.859404977162,7229.011939019847,7702.770262792137
2023-02-20 20:00:00,12234.846858697703,7198.039308604167,7700.899322781845
2023-02-21 00:00:00,12206.473505082387,7195.561498170912,7682.78423562311
2023-02-21 04:00:00,12210.848693300271,7227.463307499063,7684.738875209516
2023-02-21 08:00:00,12212.382172379557,7253.790043352392,7685.038264231335
2023-02-21 12:00:00,11893.461939204615,7143.2177527684125,7497.172113747656
2023-02-21 16:00:00,11893.809183689176,7123.395269302377,7491.263392784591
2023-02-21 20:00:00,11937.214744259309,7162.730509930291,7541.073793463491
2023-02-22 00:00:00,11888.60051642076,7109.147859311163,7473.508140494049
2023-02-22 04:00:00,11788.797416512885,7042.55670391745,7377.395280977582
2023-02-22 08:00:00,11788.797416512885,6998.88529503134,7287.185707010238
2023-02-22 12:00:00,11788.797416512885,7044.105335438234,7289.724400679717
2023-02-22 16:00:00,11788.797416512885,6913.710561388219,7213.622539299387
2023-02-22 20:00:00,11788.797416512885,6950.567991582879,7251.786231760587
2023-02-23 00:00:00,11788.797416512885,7067.025081945838,7369.748656093492
2023-02-23 04:00:00,11788.797416512885,7133.616237339551,7454.65590798602
2023-02-23 08:00:00,11788.797416512885,7112.245122352731,7445.706635013891
2023-02-23 12:00:00,11788.797416512885,6953.35552832029,7277.734853852091
2023-02-23 16:00:00,11788.797416512885,6994.858853077302,7342.106844769442
2023-02-23 20:00:00,11788.797416512885,7005.389547418634,7354.499480333221
2023-02-24 00:00:00,11788.797416512885,6999.504747639654,7333.512185726073
2023-02-24 04:00:00,11788.797416512885,6996.717210902243,7323.543248751715
2023-02-24 08:00:00,11788.797416512885,6977.204453740364,7343.052768782326
2023-02-24 12:00:00,11788.797416512885,7001.053379160438,7330.466455163783
2023-02-24 16:00:00,11788.797416512885,6868.490520981325,7152.832415796378
2023-02-24 20:00:00,11788.797416512885,6810.2619757998455,7145.684746382654
2023-02-25 00:00:00,11788.797416512885,6812.120333624786,7147.566969083708
2023-02-25 04:00:00,11788.797416512885,6786.722776683929,7110.991965597972
2023-02-25 08:00:00,11788.797416512885,6796.014565808633,7115.4182741484165
2023-02-25 12:00:00,11788.797416512885,6760.3960408306,7088.55493939647
2023-02-25 16:00:00,11788.797416512885,6769.068377346991,7039.5978474706935
2023-02-25 20:00:00,11788.797416512885,6754.511241051621,6973.701598996995
2023-02-26 00:00:00,11788.797416512885,6831.633090786666,7069.0867235929545
2023-02-26 04:00:00,11788.797416512885,6844.641595561251,7109.963592367188
2023-02-26 08:00:00,11788.797416512885,6827.916375136784,7120.709769898623
2023-02-26 12:00:00,11788.797416512885,6861.9862685940325,7140.654533758031
2023-02-26 16:00:00,11788.797416512885,6854.552837294269,7155.128503175016
2023-02-26 20:00:00,11788.797416512885,6926.719066162805,7259.477192168854
2023-02-27 00:00:00,11788.797416512885,6916.49809812563,7246.443699966905
2023-02-27 04:00:00,11788.797416512885,6917.4272770381,7223.759747240787
2023-02-27 08:00:00,11788.797416512885,6881.499025755911,7184.327446898177
2023-02-27 12:00:00,11788.797416512885,6871.587784022893,7176.221137377419
2023-02-27 16:00:00,11788.797416512885,6890.481088576458,7201.252554959297
2023-02-27 20:00:00,11788.797416512885,6800.970186675142,7077.055588006053
2023-02-28 00:00:00,11788.797416512885,6863.844626418973,7129.278526687711
2023-02-28 04:00:00,11788.797416512885,6862.9154475065025,7121.123824593491
2023-02-28 08:00:00,11788.797416512885,6796.014565808633,7026.6440104480935
2023-02-28 12:00:00,11788.797416512885,6833.801174915763,7065.770706284642
2023-02-28 16:00:00,11788.797416512885,6870.03915250211,7128.163695256364
2023-02-28 20:00:00,11788.797416512885,6809.642523191532,7063.218301976207
2023-03-01 00:00:00,11788.797416512885,6781.76715581742,6991.418820675564
2023-03-01 04:00:00,11788.797416512885,6848.66803751529,7095.860367668624
2023-03-01 08:00:00,11788.797416512885,6902.870140742731,7136.108728539236
2023-03-01 12:00:00,11788.797416512885,6885.215741405793,7140.796353312811
2023-03-01 16:00:00,11788.797416512885,6886.764372926577,7131.867104958573
2023-03-01 20:00:00,11788.797416512885,6787.342229292242,7025.668508191077
2023-03-02 00:00:00,11777.008619096372,6862.295994898189,7128.916844658119
2023-03-02 04:00:00,11742.998112381212,6836.898437957331,7051.247096474468
2023-03-02 08:00:00,11738.211448473152,6807.784165366592,7033.2469364826065
2023-03-02 12:00:00,11747.5328466099,6824.509385791059,7061.79242703906
2023-03-02 16:00:00,11702.928696877165,6822.960754270275,7015.0207600986705
2023-03-02 20:00:00,11702.928696877165,6856.1014688150535,7091.844054225276
2023-03-03 00:00:00,11702.928696877165,6856.41119511921,7078.46697835823
2023-03-03 04:00:00,11702.928696877165,6526.552681192212,6718.799278252593
2023-03-03 08:00:00,11702.928696877165,6541.729270095895,6758.144653493035
2023-03-03 12:00:00,11702.928696877165,6530.57912314625,6751.45291280875
2023-03-03 16:00:00,11702.928696877165,6534.295838796132,6772.326149525359
2023-03-03 20:00:00,11702.928696877165,6516.02198685088,6773.021034703677
2023-03-04 00:00:00,11702.928696877165,6505.181566205392,6767.107533976314
2023-03-04 04:00:00,11702.928696877165,6514.473355330097,6765.245223277201
2023-03-04 08:00:00,11702.928696877165,6514.473355330097,6745.002254958061
2023-03-04 12:00:00,11702.928696877165,6509.827460767744,6745.482298674155
2023-03-04 16:00:00,11702.928696877165,6498.677313818099,6705.563194828273
2023-03-04 20:00:00,11702.928696877165,6483.810451218573,6672.92533065184
2023-03-05 00:00:00,11702.928696877165,6512.614997505156,6721.750526347676
2023-03-05 04:00:00,11702.928696877165,6520.977607717389,6764.348060045204
2023-03-05 08:00:00,11702.928696877165,6525.623502279741,6767.72225954251
2023-03-05 12:00:00,11702.928696877165,6527.172133800525,6748.874377428339
2023-03-05 16:00:00,11702.928696877165,6541.729270095895,6767.162091428907
2023-03-05 20:00:00,11702.928696877165,6532.747207275348,6742.031803232863
2023-03-06 00:00:00,11702.928696877165,6541.729270095895,6730.688608151633
2023-03-06 04:00:00,11702.928696877165,6511.995544896842,6699.024651076497
2023-03-06 08:00:00,11702.928696877165,6514.163629025939,6684.170621620688
2023-03-06 12:00:00,11702.928696877165,6512.924723809312,6681.885903822292
2023-03-06 16:00:00,11691.225768180288,6544.826533137463,6741.77409740295
2023-03-06 20:00:00,11654.675369132485,6503.013482076294,6674.795387464034
2023-03-07 00:00:00,11654.675369132485,6500.845397947197,6657.233455356805
2023-03-07 04:00:00,11654.675369132485,6511.066365984371,6689.0204340952005
2023-03-07 08:00:00,11654.675369132485,6498.057861209786,6673.00788068099
2023-03-07 12:00:00,11654.675369132485,6493.4119666474335,6628.966871790824
2023-03-07 16:00:00,11654.675369132485,6531.508302058721,6684.608026200991
2023-03-07 20:00:00,11654.675369132485,6493.721692951591,6624.042209849657
2023-03-08 00:00:00,11643.020693763352,6508.588555551117,6665.853752844076
2023-03-08 04:00:00,11653.263445237037,6514.473355330097,6652.665964568279
2023-03-08 08:00:00,11608.323504463577,6451.908641890422,6521.489071951557
2023-03-08 12:00:00,11608.323504463577,6489.385524693395,6562.8122960048695
2023-03-08 16:00:00,11608.323504463577,6497.4384086014725,6551.858405005812
2023-03-08 20:00:00,11608.323504463577,6458.7226205818715,6467.493688295268
2023-03-09 00:00:00,11608.323504463577,6376.025697372004,6389.3000187062225
2023-03-09 04:00:00,11608.323504463577,6389.96338105906,6419.440586232102
2023-03-09 08:00:00,11608.323504463577,6356.203213905968,6389.477580314508
2023-03-09 12:00:00,11608.323504463577,6342.265530218912,6382.44272055018
2023-03-09 16:00:00,11608.323504463577,6332.664014790052,6356.136336405199
2023-03-09 20:00:00,11608.323504463577,6095.413665805938,6141.758493046683
2023-03-10 00:00:00,11608.323504463577,5959.134091976944,5976.886507049759
2023-03-10 04:00:00,11608.323504463577,5867.145379642372,5909.029882211722
2023-03-10 08:00:00,11608.323504463577,5837.411654443319,5858.453971591816
2023-03-10 12:00:00,11608.323504463577,5783.519277520035,5777.284322071798
2023-03-10 16:00:00,11608.323504463577,5807.368202940109,5894.111966687047
2023-03-10 20:00:00,11608.323504463577,5834.933844010065,5943.018918419969
2023-03-11 00:00:00,11608.323504463577,5880.4636107211145,6012.860792316693
2023-03-11 04:00:00,11608.323504463577,5985.460827830272,6116.496082319047
2023-03-11 08:00:00,11608.323504463577,5843.296454222298,5883.58832527798
2023-03-11 12:00:00,11608.323504463577,5871.171821596411,5934.4700116444255
2023-03-11 16:00:00,11608.323504463577,5850.420159217905,5887.359926939642
2023-03-11 20:00:00,11608.323504463577,5900.595820491308,6025.924968028392
2023-03-12 00:00:00,11608.323504463577,5956.346555239532,6080.483709062413
2023-03-12 04:00:00,11608.323504463577,5936.21434546934,6048.571115374438
2023-03-12 08:00:00,11608.323504463577,5942.0991452483195,6038.833667537779
2023-03-12 12:00:00,11608.323504463577,5963.779986539295,6080.347640628752
2023-03-12 16:00:00,11608.323504463577,5962.231355018512,6051.067460714218
2023-03-12 20:00:00,11608.323504463577,6075.281456035746,6229.904278577069
2023-03-13 00:00:00,11573.602696374453,6405.449696266901,6614.701256721518
2023-03-13 04:00:00,11466.15628765697,6439.209863419993,6555.44068533034
2023-03-13 08:00:00,11520.250903884396,6471.111672748144,6586.519498669209
2023-03-13 12:00:00,11328.143547584003,6391.512012579845,6477.52817712293
2023-03-13 16:00:00,12122.158977079844,6914.020287692376,6927.990575756399
2023-03-13 20:00:00,12103.594932152964,6971.629380265542,6917.932857878154
2023-03-14 00:00:00,12028.9801163188,6919.285634863041,6875.734111659301
2023-03-14 04:00:00,12133.812947380753,7024.592578276355,6935.203362820395
2023-03-14 08:00:00,12004.312984744862,6968.84184352813,6861.527762956233
2023-03-14 12:00:00,12212.83633291414,7151.580362980646,6980.43880539959
2023-03-14 16:00:00,12953.93762291297,7482.987508428428,7401.848742778893
2023-03-14 20:00:00,12454.561895978199,7223.127139240868,7118.146343191338
2023-03-15 00:00:00,12347.469910382497,7109.457585615321,7056.5443735283225
2023-03-15 04:00:00,12385.080680633597,7120.917458869122,7077.406590317238
2023-03-15 08:00:00,12481.527326554111,7175.739014704876,7131.635082946101
2023-03-15 12:00:00,12439.479037460846,7242.949622706904,7108.029283241165
2023-03-15 16:00:00,12064.921307561086,7200.517119037421,6901.939689271532
2023-03-15 20:00:00,12043.484239157035,7125.2536271273175,6877.616736336104
2023-03-16 00:00:00,12047.116583410374,7113.174301265202,6891.4885096500675
2023-03-16 04:00:00,12008.351686964288,7103.572785836341,6871.405668021849
2023-03-16 08:00:00,12076.470343534012,7192.464235129344,6933.518473718932
2023-03-16 12:00:00,12114.897920463774,7256.267853785646,6986.322405026496
2023-03-16 16:00:00,12128.328918225632,7278.568147684936,6986.429275028662
2023-03-16 20:00:00,12146.050373605862,7307.9921465798325,7046.234089373493
2023-03-17 00:00:00,12141.759915987492,7300.868441584226,7012.391621680887
2023-03-17 04:00:00,12269.540936360723,7513.030959931638,7157.543601012454
2023-03-17 08:00:00,12313.378220722345,7585.816641408488,7197.35870019422
2023-03-17 12:00:00,12470.27526780439,7867.048125582867,7443.641346424866
2023-03-17 16:00:00,12259.292418239496,7701.96400546729,7240.740561126974
2023-03-17 20:00:00,12371.496030425551,7802.934780622409,7356.449544388624
2023-03-18 00:00:00,12570.521797472902,7965.231364000575,7581.144933406393
2023-03-18 04:00:00,12601.41534859294,7933.9490072807375,7721.682074924869
2023-03-18 08:00:00,12550.031969549871,7960.275743134066,7684.875653800419
2023-03-18 12:00:00,12588.681174718778,7969.56753225877,7710.674208107841
2023-03-18 16:00:00,12393.940077342046,7913.507071206388,7586.469160579976
2023-03-18 20:00:00,12451.395584659445,7952.222859225989,7621.510091167365
2023-03-19 00:00:00,12173.259372881323,7818.111369526092,7447.845212692086
2023-03-19 04:00:00,12403.468182284145,7910.40980816482,7593.033539742601
2023-03-19 08:00:00,12280.676729242075,7840.411663425382,7516.569319390187
2023-03-19 12:00:00,12370.378590595636,7897.091577086077,7571.596681837882
2023-03-19 16:00:00,12513.974729274327,8012.309762232409,7659.144715099275
2023-03-19 20:00:00,12731.565940878267,8217.658301888372,7787.778631366356
2023-03-20 00:00:00,12534.730580474377,8134.032199766034,7665.500764593378
2023-03-20 04:00:00,12316.126054475515,7935.187912497365,7535.924359880355
2023-03-20 08:00:00,12826.521851312975,8220.445838625783,7853.860177851346
2023-03-20 12:00:00,12763.728404484391,8182.039776910338,7816.535065327665
2023-03-20 16:00:00,12583.592680408958,8023.150182877897,7717.046685725939
2023-03-20 20:00:00,12447.009316256193,8048.238013514599,7606.836288731041
2023-03-21 00:00:00,12432.72942859339,8033.990603523385,7569.538554051751
2023-03-21 04:00:00,12499.72211469656,8055.051992206048,7634.694393896998
2023-03-21 08:00:00,12344.307341314052,7981.956584425042,7524.602202516694
2023-03-21 12:00:00,12344.307341314052,8075.184201976241,7630.313435239654
2023-03-21 16:00:00,12344.307341314052,8090.360790879924,7756.19350024145
2023-03-21 20:00:00,12344.307341314052,8115.138895212469,7705.979778422905
2023-03-22 00:00:00,12344.307341314052,8105.227653479451,7706.10148288452
2023-03-22 04:00:00,12344.307341314052,8122.262600208075,7692.145124479792
2023-03-22 08:00:00,12344.307341314052,8102.44011674204,7679.361810054979
2023-03-22 12:00:00,12344.307341314052,8097.484495875531,7674.781264055217
2023-03-22 16:00:00,12344.307341314052,8224.472280579821,7754.798885172217
2023-03-22 20:00:00,12344.307341314052,7616.789271824168,7238.706633299402
2023-03-23 00:00:00,12344.307341314052,7790.23600215198,7347.398671068728
2023-03-23 04:00:00,12344.307341314052,7800.7666964933105,7333.167784332339
2023-03-23 08:00:00,12344.307341314052,7882.2247144865505,7427.337724343015
2023-03-23 12:00:00,12344.307341314052,7886.560882744746,7446.884008189577
2023-03-23 16:00:00,12331.96303397274,8144.5628941073655,7705.595052504977
2023-03-23 20:00:00,12318.075779577277,8116.99725303741,7663.292198494201
2023-03-24 00:00:00,12301.02125663548,8097.7942221796875,7653.510976096044
2023-03-24 04:00:00,12301.995800803583,8075.493928280398,7636.33901320878
2023-03-24 08:00:00,12303.944889139788,8101.8206641337265,7641.755586777219
2023-03-24 12:00:00,12181.891515710362,7975.452332037749,7490.330809829264
2023-03-24 16:00:00,12181.891515710362,8065.58268654738,7505.223331966053
2023-03-24 20:00:00,12181.891515710362,8023.459909182055,7445.533874158531
2023-03-25 00:00:00,12181.891515710362,7925.89612337266,7383.664038526095
2023-03-25 04:00:00,12181.891515710362,7963.063279871477,7413.027276288862
2023-03-25 08:00:00,12181.891515710362,7936.117091409835,7381.210087066602
2023-03-25 12:00:00,12181.891515710362,7928.373933805915,7380.5233609115485
2023-03-25 16:00:00,12181.891515710362,7972.6647953003385,7423.1482138289375
2023-03-25 20:00:00,12181.891515710362,7842.57974755448,7254.342012906705
2023-03-26 00:00:00,12181.891515710362,7918.152965768741,7343.144995284907
2023-03-26 04:00:00,12181.891515710362,7933.9490072807375,7383.575901666641
2023-03-26 08:00:00,12181.891515710362,7934.8781861932075,7395.382082194861
2023-03-26 12:00:00,12181.891515710362,8034.919782435856,7480.888520408105
2023-03-26 16:00:00,12181.891515710362,8024.079361790368,7444.681209250353
2023-03-26 20:00:00,12181.891515710362,8024.389088094525,7457.452939620414
2023-03-27 00:00:00,12181.891515710362,8041.733761127306,7473.152702956744
2023-03-27 04:00:00,12181.891515710362,8020.052919836329,7430.895487328603
2023-03-27 08:00:00,12181.891515710362,8013.548667449037,7386.3712583326715
2023-03-27 12:00:00,12181.891515710362,8017.575109403075,7422.585121553269
2023-03-27 16:00:00,12181.891515710362,7735.724172620382,7154.613771517331
2023-03-27 20:00:00,12181.891515710362,7748.422951090811,7130.557187468879
2023-03-28 00:00:00,12181.891515710362,7794.572170410174,7183.9231483946305
2023-03-28 04:00:00,12181.891515710362,7725.503204583207,7128.529865917502
2023-03-28 08:00:00,12181.891515710362,7726.432383495678,7164.297453576908
2023-03-28 12:00:00,12181.891515710362,7746.874319570026,7223.520131651221
2023-03-28 16:00:00,12181.891515710362,7720.547583716698,7216.36855491391
2023-03-28 20:00:00,12181.891515710362,7836.075495167187,7367.472159845373
2023-03-29 00:00:00,12181.891515710362,7800.456970189154,7311.642861488568
2023-03-29 04:00:00,12181.891515710362,7829.880969084051,7349.695987934146
2023-03-29 08:00:00,12157.527732678942,8022.221003965427,7508.913088806011
2023-03-29 12:00:00,12133.959469837606,8077.352286105339,7521.811766518305
2023-03-29 16:00:00,12181.205160052043,8125.359863249643,7550.731127355812
2023-03-29 20:00:00,12153.27844294193,8108.634642825175,7534.696086160904
2023-03-30 00:00:00,12100.454977903755,8101.201211525413,7501.540314041845
2023-03-30 04:00:00,12107.934582355227,8141.15590476164,7507.397378104983
2023-03-30 08:00:00,12157.466450649565,8195.358007989082,7541.625218098949
2023-03-30 12:00:00,12058.408834351041,8158.810304098578,7484.155178663615
2023-03-30 16:00:00,11898.93047286236,8044.521297864717,7391.779250678999
2023-03-30 20:00:00,11833.104476304361,7960.275743134066,7350.8939626344745
2023-03-31 00:00:00,11855.79774215299,7967.7091744338295,7378.415163157317
2023-03-31 04:00:00,11871.414613274626,8006.734688757587,7399.267445038622
2023-03-31 08:00:00,11863.118150491257,7898.020755998547,7336.812844634732
2023-03-31 12:00:00,11864.338218547635,7970.49671117124,7367.959659716284
2023-03-31 16:00:00,11945.838764713675,8118.236158254037,7523.557063535996
2023-03-31 20:00:00,11956.331349998525,8131.5543893327795,7555.520421437654
2023-04-01 00:00:00,11942.666587767093,8131.244663028622,7563.93929348784
2023-04-01 04:00:00,11944.862710268573,8148.899062365561,7557.718488502165
2023-04-01 08:00:00,11948.522914437708,8125.050136945487,7550.444871993875
2023-04-01 12:00:00,11951.695091384288,8114.829168908312,7552.245032660743
2023-04-01 16:00:00,11939.49441082051,8118.545884558193,7534.548893624435
2023-04-01 20:00:00,11925.829648589079,8105.537379783607,7523.180349858079
2023-04-02 00:00:00,11938.274342764133,8125.979315857957,7550.552432860302
2023-04-02 04:00:00,11933.394070538621,8140.22672584917,7548.989945186555
2023-04-02 08:00:00,11930.723921179326,8121.333421295605,7563.453388573162
2023-04-02 12:00:00,11881.949642484413,8101.201211525413,7528.767849668275
2023-04-02 16:00:00,11744.1772957638,8048.857466122912,7437.157577986498
2023-04-02 20:00:00,11700.656736151968,8002.708246803548,7383.048288903343
2023-04-03 00:00:00,11700.656736151968,8077.662012409495,7455.978525548484
2023-04-03 04:00:00,11700.656736151968,7973.284247908652,7355.926849532552
2023-04-03 08:00:00,11700.656736151968,8001.779067891078,7391.437867835065
2023-04-03 12:00:00,11700.656736151968,8056.600623726832,7424.724361758457
2023-04-03 16:00:00,11700.656736151968,7986.912205291551,7375.730405205482
2023-04-03 20:00:00,11700.656736151968,7981.956584425042,7461.113254242104
2023-04-04 00:00:00,11700.656736151968,7899.879113823488,7365.450969227752
2023-04-04 04:00:00,11700.656736151968,7937.355996626462,7387.501007948569
2023-04-04 08:00:00,11700.656736151968,7952.532585530145,7389.9226444806645
2023-04-04 12:00:00,11688.956079415817,8038.326771781581,7544.841874476588
2023-04-04 16:00:00,11673.212830034074,7935.187912497365,7478.610546579987
2023-04-04 20:00:00,11681.65486231124,7975.142605733592,7510.052505933343
2023-04-05 00:00:00,11683.023840518348,7970.186984867084,7502.922644078026
2023-04-05 04:00:00,11767.900489359043,8068.370223284791,7614.859203642929
2023-04-05 08:00:00,11767.900489359043,8071.467486326359,7623.556155793463
2023-04-05 12:00:00,11778.167825912353,8085.714896317572,7636.64533517085
2023-04-05 16:00:00,11751.472750873747,7964.921637696418,7540.386756369024
2023-04-05 20:00:00,11787.522510327592,8027.796077440249,7606.675644750345
2023-04-06 00:00:00,11782.502923568196,7996.5137207204125,7596.383825671273
2023-04-06 04:00:00,11766.303348117417,8002.398520499391,7571.475696949343
2023-04-06 08:00:00,11721.811556386408,7933.63928097658,7495.471140140235
2023-04-06 12:00:00,11697.854437762018,7938.285175538933,7485.975627753764
2023-04-06 16:00:00,11709.947078591471,7972.974521604495,7512.325872080481
2023-04-06 20:00:00,11703.10218755593,7956.249301180027,7499.875777042716
2023-04-07 00:00:00,11703.10218755593,7966.160542913045,7493.937001445767
2023-04-07 04:00:00,11714.282176247314,7966.160542913045,7491.1859482536765
2023-04-07 08:00:00,11650.185475775344,7913.507071206388,7413.111476307988
2023-04-07 12:00:00,11650.185475775344,7912.577892293918,7416.5890328391815
2023-04-07 16:00:00,11650.185475775344,7948.196417271951,7465.047215266597
2023-04-07 20:00:00,11650.185475775344,7940.143533363874,7454.315436921823
2023-04-08 00:00:00,11650.185475775344,7929.303112718385,7456.810052349261
2023-04-08 04:00:00,11650.185475775344,7962.443827263163,7482.598932195586
2023-04-08 08:00:00,11650.185475775344,7988.770563116492,7508.348696409857
2023-04-08 12:00:00,11650.185475775344,7977.000963558533,7492.050252255338
2023-04-08 16:00:00,11650.185475775344,7976.381510950219,7478.250650770711
2023-04-08 20:00:00,11650.185475775344,7947.576964663637,7430.395666162714
2023-04-09 00:00:00,11650.185475775344,7955.629848571713,7409.343210471776
2023-04-09 04:00:00,11650.185475775344,7974.523153125278,7423.035014053377
2023-04-09 08:00:00,11650.185475775344,7952.222859225989,7389.476466566344
2023-04-09 12:00:00,11650.185475775344,7952.842311834303,7409.993564428214
2023-04-09 16:00:00,11650.185475775344,7945.408880534539,7397.890535442319
2023-04-09 20:00:00,11650.185475775344,8004.876330932646,7463.110721086447
2023-04-10 00:00:00,11638.53529029957,8041.114308518992,7464.640713104173
2023-04-10 04:00:00,11638.53529029957,8041.114308518992,7467.232871186745
2023-04-10 08:00:00,11637.189070577386,8038.326771781581,7466.641576493117
2023-04-10 12:00:00,11644.817649003093,8054.122813293578,7480.0219670922515
2023-04-10 16:00:00,11679.370621872466,8125.6695895538005,7525.555448793051
2023-04-10 20:00:00,11751.307649343662,8322.655518997528,7669.481943788171
2023-04-11 00:00:00,11872.025326305627,8439.112609360487,7749.528954401261
2023-04-11 04:00:00,12020.6051593717,8564.551762543993,7843.864788462301
2023-04-11 08:00:00,12229.205853972257,8559.905867981643,7958.434351631728
2023-04-11 12:00:00,12154.194908534762,8534.818037344941,7912.877335731069
2023-04-11 16:00:00,12373.764465935408,8572.294920147913,8036.55082793499
2023-04-11 20:00:00,12340.700710482319,8554.640520810975,8010.200629158857
2023-04-12 00:00:00,12252.669459908775,8567.339299281406,7960.850082040548
2023-04-12 04:00:00,12069.660109129858,8490.836902154675,7852.103127478447
2023-04-12 08:00:00,12285.220204693149,8504.774585841731,7984.993343596665
2023-04-12 12:00:00,12263.011706279365,8518.402543224629,7976.844074599834
2023-04-12 16:00:00,12225.946414858812,8456.767008697425,7992.160061211942
2023-04-12 20:00:00,12247.285630893493,8399.777368732573,7981.235886998922
2023-04-13 00:00:00,12250.414104459887,8420.529031111078,8007.988149185407
2023-04-13 04:00:00,12303.801890031034,8475.66031325099,8035.405515015365
2023-04-13 08:00:00,12329.976041140671,8473.182502817735,8062.102926404686
2023-04-13 12:00:00,12355.359393387245,8493.314712587928,8171.689184040734
2023-04-13 16:00:00,12428.657125635918,8548.44599472784,8217.680447956142
2023-04-13 20:00:00,12462.591549988909,8522.11925887451,8240.50746003735
2023-04-14 00:00:00,12405.613667510315,8522.11925887451,8208.789843898729
2023-04-14 04:00:00,12729.046212861957,8595.524392959675,8428.621650752099
2023-04-14 08:00:00,12699.56565627463,8610.081529255045,8411.675817720683
2023-04-14 12:00:00,12763.295256954863,8642.293064887352,8454.19620285763
2023-04-14 16:00:00,12440.738051036995,8536.366668865725,8251.87488062656
2023-04-14 20:00:00,12625.79236472872,8553.091889290192,8366.800275606312
2023-04-15 00:00:00,12690.383126561152,8586.852056443284,8407.899017681675
2023-04-15 04:00:00,12578.185696460276,8563.93230993568,8340.161753508568
2023-04-15 08:00:00,12645.237869524699,8579.728351447677,8382.756112085666
2023-04-15 12:00:00,12625.431792276933,8568.578204498033,8372.230992769937
2023-04-15 16:00:00,12609.358868582252,8551.233531465252,8360.836841141187
2023-04-15 20:00:00,12552.797192481446,8552.47243668188,8337.962715309168
2023-04-16 00:00:00,12528.326682850518,8547.207089511212,8317.949779314422
2023-04-16 04:00:00,12516.87982388958,8531.720774303372,8338.531807125835
2023-04-16 08:00:00,12555.439035032505,8564.861488848152,8361.321629406963
2023-04-16 12:00:00,12500.641422440664,8523.667890395296,8308.345371352316
2023-04-16 16:00:00,12513.79801253408,8553.711341898506,8359.521817123401
2023-04-16 20:00:00,12552.850113287554,8540.393110819763,8403.410836205238
2023-04-17 00:00:00,12547.807796604735,8548.44599472784,8495.07070377693
2023-04-17 04:00:00,12590.30853242557,8467.91715564707,8489.511236391018
2023-04-17 08:00:00,12451.143613282467,8407.210800032337,8380.16594834672
2023-04-17 12:00:00,12395.231725124419,8353.318423109053,8332.446863248464
2023-04-17 16:00:00,12343.804521496142,8337.522381597055,8312.144499087906
2023-04-17 20:00:00,12343.804521496142,8377.167348529127,8349.885234244533
2023-04-18 00:00:00,12343.804521496142,8359.203222888033,8315.674385676239
2023-04-18 04:00:00,12343.804521496142,8362.610212233756,8311.804721735662
2023-04-18 08:00:00,12343.804521496142,8427.652736106686,8411.95472996517
2023-04-18 12:00:00,12343.804521496142,8579.108898839364,8513.429292229306
2023-04-18 16:00:00,12343.804521496142,8529.552690174274,8423.649737765014
2023-04-18 20:00:00,12343.804521496142,8538.84447929898,8372.24129588497
2023-04-19 00:00:00,12331.460716974647,8570.126836018817,8429.667104614591
2023-04-19 04:00:00,12308.41181080874,8522.11925887451,8376.80891363263
2023-04-19 08:00:00,12297.85392475855,8500.128691279378,8326.018875824673
2023-04-19 12:00:00,12196.657033075346,8314.292908785295,8031.806370219314
2023-04-19 16:00:00,12196.657033075346,8291.682888581849,8031.461309916798
2023-04-19 20:00:00,12196.657033075346,8271.550678811656,7980.499759599357
2023-04-20 00:00:00,12196.657033075346,8154.4741358403835,7839.5655105079
2023-04-20 04:00:00,12196.657033075346,8166.243735398341,7885.032854287156
2023-04-20 08:00:00,12196.657033075346,8161.288114531832,7855.270288328571
2023-04-20 12:00:00,12196.657033075346,8088.502433054983,7781.168163152826
2023-04-20 16:00:00,12196.657033075346,8050.0963713395395,7755.718861375248
2023-04-20 20:00:00,12196.657033075346,7942.621343797128,7660.6317664127455
2023-04-21 00:00:00,12196.657033075346,7977.31068986269,7735.560242579002
2023-04-21 04:00:00,12196.657033075346,8006.4249624534295,7763.501356456811
2023-04-21 08:00:00,12196.657033075346,7959.656290525752,7723.455838814247
2023-04-21 12:00:00,12196.657033075346,7911.338987077291,7640.153728922267
2023-04-21 16:00:00,12196.657033075346,7914.126523814702,7619.014285918835
2023-04-21 20:00:00,12196.657033075346,7684.929058738666,7380.27227629948
2023-04-22 00:00:00,12196.657033075346,7679.353985263843,7391.73551257393
2023-04-22 04:00:00,12196.657033075346,7697.627837209095,7427.1984609598185
2023-04-22 08:00:00,12196.657033075346,7699.795921338192,7413.8102232368665
2023-04-22 12:00:00,12196.657033075346,7705.990447421328,7430.459857557902
2023-04-22 16:00:00,12196.657033075346,7796.120801930959,7522.763767446095
2023-04-22 20:00:00,12196.657033075346,7852.800715591654,7577.294264945191
2023-04-23 00:00:00,12196.657033075346,7898.949934911018,7581.294539343396
2023-04-23 04:00:00,12196.657033075346,7788.687370631195,7513.1404397103
2023-04-23 08:00:00,12196.657033075346,7865.80922036624,7602.393357179291
2023-04-23 12:00:00,12196.657033075346,7829.880969084051,7589.0422177338305
2023-04-23 16:00:00,12196.657033075346,7769.174613469317,7492.547660636612
2023-04-23 20:00:00,12196.657033075346,7759.263371736299,7427.6138126107935
2023-04-24 00:00:00,12196.657033075346,7786.519286502098,7479.4832833248565
2023-04-24 04:00:00,12196.657033075346,7852.18126298334,7530.743129425131
2023-04-24 08:00:00,12196.657033075346,7736.653351532852,7411.016174084845
2023-04-24 12:00:00,12196.657033075346,7753.688298261476,7474.740671728254
2023-04-24 16:00:00,12196.657033075346,7658.602322885337,7360.227297628553
2023-04-24 20:00:00,12196.657033075346,7686.787416563607,7352.197716586597
2023-04-25 00:00:00,12196.657033075346,7710.946068287837,7378.621733800721
2023-04-25 04:00:00,12196.657033075346,7662.938491143533,7295.511204691564
2023-04-25 08:00:00,12196.657033075346,7653.027249410515,7281.9071554188085
2023-04-25 12:00:00,12196.657033075346,7702.583458075604,7335.25855181977
2023-04-25 16:00:00,12196.657033075346,7724.574025670737,7334.518937183384
2023-04-25 20:00:00,12196.657033075346,7808.200127793074,7423.77485980157
2023-04-26 00:00:00,12184.46037604227,7985.363573770767,7598.018626459223
2023-04-26 04:00:00,12191.714095995745,7999.610983761981,7589.7381286867985
2023-04-26 08:00:00,12180.99120562974,7978.549595079317,7571.447666397753
2023-04-26 12:00:00,12227.194568352192,8116.99725303741,7729.85244641052
2023-04-26 16:00:00,12480.246588715288,8361.061580712972,7893.662155843716
2023-04-26 20:00:00,11621.341515609853,7831.739326908992,7374.0279014779135
2023-04-27 00:00:00,11621.341515609853,7975.142605733592,7503.405223503225
2023-04-27 04:00:00,11621.341515609853,8105.537379783607,7619.678313631397
2023-04-27 08:00:00,11621.341515609853,8107.086011304392,7608.00075193271
2023-04-27 12:00:00,11621.341515609853,8125.6695895538005,7608.988213623491
2023-04-27 16:00:00,11621.341515609853,8203.101165593001,7735.493624908828
2023-04-27 20:00:00,11621.341515609853,8333.805665947173,7810.956855777195
2023-04-28 00:00:00,11621.341515609853,8274.02848924491,7774.46418657686
2023-04-28 04:00:00,11621.341515609853,8274.647941853224,7772.461722129845
2023-04-28 08:00:00,11621.341515609853,8302.833035531494,7831.313347172084
2023-04-28 12:00:00,11621.341515609853,8257.6129951246,7794.713482996189
2023-04-28 16:00:00,11621.341515609853,8184.82731364775,7714.098509867856
2023-04-28 20:00:00,11609.720174094242,8253.58655317056,7847.949566293361
2023-04-29 00:00:00,11612.650555073073,8236.551606441937,7838.552298183673
2023-04-29 04:00:00,11606.789793115411,8254.825458387188,7851.923705185973
2023-04-29 08:00:00,11610.819066961303,8250.179563824837,7861.690569514432
2023-04-29 12:00:00,11611.734811017188,8247.082300783268,7851.912576228127
2023-04-29 16:00:00,11619.243912275442,8230.3570803588,7864.370238119075
2023-04-29 20:00:00,11602.027924024813,8217.658301888372,7843.073160899796
2023-04-30 00:00:00,11592.50418584361,8216.419396671745,7845.7926570941145
2023-04-30 04:00:00,11584.079340529472,8205.2692497221,7820.63956077709
2023-04-30 08:00:00,11628.035055211936,8227.879269925546,7862.6432767244105
2023-04-30 12:00:00,11642.320662483737,8212.392954717705,7864.695019259541
2023-04-30 16:00:00,11670.015959229891,8331.018129209762,7955.92426420122
2023-04-30 20:00:00,11538.944761443025,8255.135184691346,7848.441658649257
2023-05-01 00:00:00,11432.82255441202,8220.445838625783,7753.655307241903
2023-05-01 04:00:00,11432.82255441202,8040.494855910679,7599.063984791911
2023-05-01 08:00:00,11432.82255441202,8066.821591764007,7631.1480359506395
2023-05-01 12:00:00,11432.82255441202,8035.2295087400125,7602.380899641507
2023-05-01 16:00:00,11432.82255441202,7966.160542913045,7545.747338438134
2023-05-01 20:00:00,11432.82255441202,7865.189767757926,7462.725583061271
2023-05-02 00:00:00,11432.82255441202,7940.143533363874,7540.141447966182
2023-05-02 04:00:00,11432.82255441202,7924.96694446019,7516.034570191448
2023-05-02 08:00:00,11432.82255441202,7915.9848816396425,7524.874802073933
2023-05-02 12:00:00,11432.82255441202,7931.471196847483,7544.869789429881
2023-05-02 16:00:00,11432.82255441202,8044.521297864717,7624.885440012145
2023-05-02 20:00:00,11432.82255441202,8085.714896317572,7663.366785619208
2023-05-03 00:00:00,11432.82255441202,8061.865970897498,7646.490441924769
2023-05-03 04:00:00,11432.82255441202,8011.690309624096,7569.803249129887
2023-05-03 08:00:00,11432.82255441202,8046.999108297971,7574.561594622358
2023-05-03 12:00:00,11432.82255441202,8006.4249624534295,7512.030112854576
2023-05-03 16:00:00,11432.82255441202,7942.931070101285,7474.365241954944
2023-05-03 20:00:00,11432.82255441202,7940.143533363874,7497.983016284656
2023-05-04 00:00:00,11432.82255441202,8119.475063470664,7687.9844397561665
2023-05-04 04:00:00,11432.82255441202,8133.41274715772,7687.80656497919
2023-05-04 08:00:00,11432.82255441202,8134.032199766034,7673.518564835569
2023-05-04 12:00:00,11421.38973185761,8158.190851490264,7703.617322432336
2023-05-04 16:00:00,11403.883131894512,8120.7139686872915,7643.132856157565
2023-05-04 20:00:00,11407.210832713943,8127.837673682898,7623.620017809068
2023-05-05 00:00:00,11398.819239343204,8109.873548041803,7617.564330588742
2023-05-05 04:00:00,11436.436726867212,8190.402387122573,7677.13691895961
2023-05-05 08:00:00,11424.862115321363,8165.624282790028,7665.991891938662
2023-05-05 12:00:00,11430.059118799101,8201.242807768062,7728.132386531759
2023-05-05 16:00:00,11542.548644026647,8259.47135294954,7835.812621965347
2023-05-05 20:00:00,11632.16376824471,8313.67345617698,7965.528283505893
2023-05-06 00:00:00,11617.831525304518,8290.443983365221,7955.711125451151
2023-05-06 04:00:00,11534.725796643448,8253.58655317056,7898.095429788609
2023-05-06 08:00:00,11499.56824911953,8265.665879032676,7874.711579716384
2023-05-06 12:00:00,11453.841986987172,8241.197501004288,7841.017938516379
2023-05-06 16:00:00,11080.588953247685,8052.88390807695,7611.258677948724
2023-05-06 20:00:00,11080.588953247685,8131.5543893327795,7690.702101441611
2023-05-07 00:00:00,11080.588953247685,8132.173841941093,7682.590606196035
2023-05-07 04:00:00,11080.588953247685,8111.731905866744,7666.332024845806
2023-05-07 08:00:00,11080.588953247685,8147.660157148934,7715.163431392773
2023-05-07 12:00:00,11080.588953247685,8121.6431475997615,7700.157578514074
2023-05-07 16:00:00,11080.588953247685,8148.279609757247,7770.485199158942
2023-05-07 20:00:00,11080.588953247685,8143.943441499052,7765.343262952318
2023-05-08 00:00:00,11080.588953247685,8010.141678103311,7574.852937436351
2023-05-08 04:00:00,11080.588953247685,7925.586397068503,7497.773876585237
2023-05-08 08:00:00,11080.588953247685,7854.968799720752,7435.486483847558
2023-05-08 12:00:00,11080.588953247685,7854.349347112438,7459.691919067765
2023-05-08 16:00:00,11080.588953247685,7848.774273637616,7455.848841296067
2023-05-08 20:00:00,11080.588953247685,7713.114152416935,7293.096304337247
2023-05-09 00:00:00,11080.588953247685,7803.554233230722,7367.987166188025
2023-05-09 04:00:00,11080.588953247685,7796.740254539272,7363.1915840756465
2023-05-09 08:00:00,11080.588953247685,7812.536296051269,7388.47378721717
2023-05-09 12:00:00,11080.588953247685,7827.403158650796,7410.854790933873
2023-05-09 16:00:00,11080.588953247685,7757.0952876072015,7351.05849243645
2023-05-09 20:00:00,11080.588953247685,7835.76576886303,7400.0481829465625
2023-05-10 00:00:00,11080.588953247685,7807.270948880604,7381.060581088035
2023-05-10 04:00:00,11080.588953247685,7816.872464309465,7382.909292494902
2023-05-10 08:00:00,11080.588953247685,7781.563665635589,7355.292473031837
2023-05-10 12:00:00,11080.588953247685,7831.119874300678,7417.773507340422
2023-05-10 16:00:00,11080.588953247685,7958.417385309125,7518.88178009846
2023-05-10 20:00:00,11080.588953247685,7818.111369526092,7417.631264539486
2023-05-11 00:00:00,11080.588953247685,7790.23600215198,7389.833222669293
2023-05-11 04:00:00,11080.588953247685,7753.688298261476,7326.931290796905
2023-05-11 08:00:00,11080.588953247685,7788.377644327039,7357.7451001180925
2023-05-11 12:00:00,11080.588953247685,7766.696803036062,7331.898758481231
2023-05-11 16:00:00,11080.588953247685,7719.3086785000705,7266.104703572692
2023-05-11 20:00:00,11080.588953247685,7619.267082257423,7186.029900935784
2023-05-12 00:00:00,11080.588953247685,7664.487122664316,7236.381006920903
2023-05-12 04:00:00,11080.588953247685,7539.97714839328,7125.676697381981
2023-05-12 08:00:00,11080.588953247685,7472.766540391253,7111.524266071843
2023-05-12 12:00:00,11080.588953247685,7499.093276244582,7155.7807111327975
2023-05-12 16:00:00,11080.588953247685,7515.81849666905,7173.775754781756
2023-05-12 20:00:00,11080.588953247685,7552.366200559552,7252.364812766391
2023-05-13 00:00:00,11069.508364294437,7649.929986368947,7352.489401881544
2023-05-13 04:00:00,11116.249779929734,7659.221775493651,7381.510985596473
2023-05-13 08:00:00,11122.379801652396,7641.8771024608695,7371.4471637801835
2023-05-13 12:00:00,11098.434404298248,7660.770407014435,7370.44034831217
2023-05-13 16:00:00,11061.271147604612,7659.221775493651,7336.855156031727
2023-05-13 20:00:00,11077.554017805433,7672.540006572393,7345.826204826933
2023-05-14 00:00:00,11058.20613674328,7652.7175231063575,7331.305832347514
2023-05-14 04:00:00,11071.040869725104,7670.991375051609,7351.89134381494
2023-05-14 08:00:00,11100.35003608658,7665.416301576786,7371.696078347099
2023-05-14 12:00:00,11079.27808641493,7660.150954406121,7357.069110233793
2023-05-14 16:00:00,11106.090388228076,7737.582530445323,7427.601997421794
2023-05-14 20:00:00,11005.053025729954,7669.442743530825,7339.180504900009
2023-05-15 00:00:00,11023.141972329502,7688.645774388548,7357.393191021851
2023-05-15 04:00:00,11122.584137344194,7769.174613469317,7456.864115034272
2023-05-15 08:00:00,11154.284091641644,7807.58067518476,7476.6775609120505
2023-05-15 12:00:00,11116.296063671623,7789.926275847823,7451.677529087468
2023-05-15 16:00:00,11155.440996983702,7811.297390834642,7477.3755602697165
2023-05-15 20:00:00,11112.644288376096,7814.39465387621,7452.371118157504
2023-05-16 00:00:00,11029.61310966439,7738.2019830536365,7395.776500076463
2023-05-16 04:00:00,10975.060804121653,7729.839372841402,7368.823678365357
2023-05-16 08:00:00,11004.19921180033,7758.0244665196715,7403.442801195136
2023-05-16 12:00:00,10954.026720209313,7697.318110904937,7363.64109126473
2023-05-16 16:00:00,10965.512579719016,7710.016889375367,7365.934451448249
2023-05-16 20:00:00,10960.653177618757,7680.902616784627,7327.848762702704
2023-05-17 00:00:00,10974.56873817859,7703.202910683917,7355.366695313285
2023-05-17 04:00:00,10975.010502005885,7715.901689154346,7392.827583973364
2023-05-17 08:00:00,10948.283790454461,7679.044258959686,7325.832619245554
2023-05-17 12:00:00,10902.8832801594,7619.267082257423,7281.969176596784
2023-05-17 16:00:00,10902.8832801594,7660.460680710278,7312.335478775376
2023-05-17 20:00:00,10881.07751359908,7824.6156219133845,7455.980187320718
2023-05-18 00:00:00,10868.368644399387,7823.686443000915,7451.749000564396
2023-05-18 04:00:00,10868.720757687957,7815.6335590928375,7445.187029525849
2023-05-18 08:00:00,10892.865179271079,7839.792210817069,7456.958437866212
2023-05-18 12:00:00,10889.133583262079,7841.960294946166,7446.094541645395
2023-05-18 16:00:00,10834.800309108,7777.846949985707,7383.291825184682
2023-05-18 20:00:00,10747.19972966752,7685.5485113469795,7319.367159833477
2023-05-19 00:00:00,10747.19972966752,7710.636341983681,7334.604449127696
2023-05-19 04:00:00,10747.19972966752,7714.662783937719,7339.350327367319
2023-05-19 08:00:00,10747.19972966752,7711.875247200308,7354.2454488922685
2023-05-19 12:00:00,10747.19972966752,7701.654279163133,7341.393600027046
2023-05-19 16:00:00,10747.19972966752,7703.202910683917,7347.093527357447
2023-05-19 20:00:00,10747.19972966752,7692.052763734272,7337.561024875813
2023-05-20 00:00:00,10747.19972966752,7707.848805246269,7335.6352726692785
2023-05-20 04:00:00,10747.19972966752,7703.202910683917,7328.834165921959
2023-05-20 08:00:00,10747.19972966752,7695.15002677584,7313.999369408529
2023-05-20 12:00:00,10747.19972966752,7710.016889375367,7327.949423122982
2023-05-20 16:00:00,10747.19972966752,7728.600467624775,7347.1053389606495
2023-05-20 20:00:00,10747.19972966752,7754.617477173947,7365.019427736179
2023-05-21 00:00:00,10747.19972966752,7765.457897819435,7361.306768088272
2023-05-21 04:00:00,10747.19972966752,7784.041476068844,7359.837276756163
2023-05-21 08:00:00,10747.19972966752,7754.30775086979,7354.434668370842
2023-05-21 12:00:00,10747.19972966752,7683.999879826195,7303.520345888894
2023-05-21 16:00:00,10747.19972966752,7707.229352637955,7287.323560285253
2023-05-21 20:00:00,10747.19972966752,7716.52114176266,7299.302200000623
2023-05-22 00:00:00,10747.19972966752,7658.602322885337,7228.238792325068
2023-05-22 04:00:00,10747.19972966752,7630.726955511224,7206.436468218579
2023-05-22 08:00:00,10747.19972966752,7696.07920568831,7263.948737465313
2023-05-22 12:00:00,10747.19972966752,7679.353985263843,7273.003952738236
2023-05-22 16:00:00,10747.19972966752,7705.990447421328,7272.075740327549
2023-05-22 20:00:00,10747.19972966752,7693.291668950899,7269.736541208653
2023-05-23 00:00:00,10747.19972966752,7694.5305741675265,7256.646443418555
2023-05-23 04:00:00,10725.705330208186,7841.65056864201,7429.438456494181
2023-05-23 08:00:00,10703.724572298452,7830.810147996521,7388.202556331966
2023-05-23 12:00:00,10724.861446783805,7854.349347112438,7422.084962960953
2023-05-23 16:00:00,10728.25022703554,7854.039620808281,7429.961559228355
2023-05-23 20:00:00,10698.142088848963,7812.226569747113,7407.999568160956
2023-05-24 00:00:00,10711.400987375742,7823.066990392601,7419.727742656965
2023-05-24 04:00:00,10566.56256671043,7697.627837209095,7276.139706343717
2023-05-24 08:00:00,10566.56256671043,7662.938491143533,7240.99822204965
2023-05-24 12:00:00,10566.56256671043,7681.5220693929405,7247.192662512547
2023-05-24 16:00:00,10566.56256671043,7576.83457858794,7161.465867705247
2023-05-24 20:00:00,10566.56256671043,7558.251000338532,7162.259333738953
2023-05-25 00:00:00,10566.56256671043,7592.011167491623,7192.019061155712
2023-05-25 04:00:00,10566.56256671043,7568.471968375707,7176.3981564681835
2023-05-25 08:00:00,10566.56256671043,7550.507842734612,7160.446069993707
2023-05-25 12:00:00,10566.56256671043,7593.250072708251,7204.222755194994
2023-05-25 16:00:00,10566.56256671043,7569.09142098402,7182.486189197412
2023-05-25 20:00:00,10566.56256671043,7642.186828765026,7244.472124953596
2023-05-26 00:00:00,10566.56256671043,7644.354912894124,7231.895288829204
2023-05-26 04:00:00,10566.56256671043,7628.8685976862835,7225.561064095073
2023-05-26 08:00:00,10566.56256671043,7642.186828765026,7241.247982482983
2023-05-26 12:00:00,10566.56256671043,7624.222703123932,7224.395385146358
2023-05-26 16:00:00,10566.56256671043,7739.131161966106,7320.877023280133
2023-05-26 20:00:00,10566.56256671043,7725.503204583207,7320.008511860136
2023-05-27 00:00:00,10566.56256671043,7711.875247200308,7292.8116057520365
2023-05-27 04:00:00,10566.56256671043,7722.715667845796,7316.622208684296
2023-05-27 08:00:00,10566.56256671043,7719.928131108384,7316.55044154624
2023-05-27 12:00:00,10566.56256671043,7714.662783937719,7307.559500573214
2023-05-27 16:00:00,10555.996004143719,7705.990447421328,7315.557309721471
2023-05-27 20:00:00,10564.465114531085,7720.237857412541,7326.370323210305
2023-05-28 00:00:00,10689.84777175347,7753.37857195732,7422.470398719437
2023-05-28 04:00:00,10735.756869738081,7849.703452550086,7492.650004371331
2023-05-28 08:00:00,10724.295795107586,7850.013178854243,7484.570814565005
2023-05-28 12:00:00,10716.233633877131,7832.978232125619,7477.495380038765
2023-05-28 16:00:00,10722.930073431899,7868.596757103652,7483.326921859747
2023-05-28 20:00:00,10819.028589766702,7937.355996626462,7546.078814213006
2023-05-29 00:00:00,11022.795953695875,8107.705463912705,7699.515489668605
2023-05-29 04:00:00,10973.24104338432,8069.299402197262,7666.245415872233
2023-05-29 08:00:00,10962.751411795953,8054.432539597735,7657.030107853761
2023-05-29 12:00:00,10988.349004414711,8069.299402197262,7675.622972532725
2023-05-29 16:00:00,10867.811848591176,7981.956584425042,7593.53574713128
2023-05-29 20:00:00,10885.664330504222,7993.416457678844,7606.191841962645
2023-05-30 00:00:00,10925.250727413531,8028.105803744406,7632.407394951117
2023-05-30 04:00:00,10995.67362184986,8046.689381993815,7677.487032120473
2023-05-30 08:00:00,10983.868024595926,8037.707319173267,7671.223800356451
2023-05-30 12:00:00,11100.300031037332,8085.095443709259,7745.291622562499
2023-05-30 16:00:00,10973.001980744784,7991.5580998539035,7659.583797934509
2023-05-30 20:00:00,11083.577123555166,8047.308834602129,7730.307720333151
2023-05-31 00:00:00,11022.204306824096,7990.319194637276,7687.867924178761
2023-05-31 04:00:00,11030.118085257844,8010.141678103311,7695.646853370383
2023-05-31 08:00:00,10837.83131543715,7883.153893399021,7578.389501351014
2023-05-31 12:00:00,10819.36744453788,7858.3757890664765,7555.478038087839
2023-05-31 16:00:00,10819.36744453788,7826.783706042483,7529.573898081833
2023-05-31 20:00:00,10819.36744453788,7836.385221471343,7540.844806401225
2023-06-01 00:00:00,10819.36744453788,7889.967872090471,7593.780256243161
2023-06-01 04:00:00,10819.36744453788,7769.174613469317,7512.085519532464
2023-06-01 08:00:00,10819.36744453788,7783.731749764686,7515.427038211504
2023-06-01 12:00:00,10819.36744453788,7781.8733919397455,7520.059889589249
2023-06-01 16:00:00,10819.36744453788,7753.0688456531625,7489.224073310736
2023-06-01 20:00:00,10819.36744453788,7736.343625228696,7486.240644197051
2023-06-02 00:00:00,10819.36744453788,7725.19347827905,7452.205400624074
2023-06-02 04:00:00,10819.36744453788,7769.79406607763,7520.044873553352
2023-06-02 08:00:00,10819.36744453788,7788.067918022882,7563.285494870299
2023-06-02 12:00:00,10819.36744453788,7809.7487593138585,7609.893133698529
2023-06-02 16:00:00,10819.36744453788,7827.403158650796,7623.960022904264
2023-06-02 20:00:00,10808.548077093343,7883.463619703178,7680.425938852088
2023-06-03 00:00:00,10804.01507581777,7887.1803353530595,7678.058091506988
2023-06-03 04:00:00,10776.998388215354,7851.871536679184,7637.660498183253
2023-06-03 08:00:00,10789.69079178696,7862.4022310205155,7657.580918659731
2023-06-03 12:00:00,10792.591912603326,7856.827157545693,7657.210415832947
2023-06-03 16:00:00,10793.392199472924,7899.569387519332,7679.618194466572
2023-06-03 20:00:00,10730.421439589767,7842.57974755448,7609.858414232851
2023-06-04 00:00:00,10748.750841977184,7835.456042558873,7629.101441803659
2023-06-04 04:00:00,10758.943288858169,7832.358779517305,7640.489504685374
2023-06-04 08:00:00,10829.75108069325,7854.039620808281,7695.686303663464
2023-06-04 12:00:00,10851.316866697496,7869.525936016122,7711.601106698205
2023-06-04 16:00:00,10905.85249325395,7867.048125582867,7742.538196859921
2023-06-04 20:00:00,10934.643857342893,7870.145388624435,7764.3771546588505
2023-06-05 00:00:00,10867.0789720255,7847.225642116831,7701.1941059081
2023-06-05 04:00:00,10768.769024202533,7771.032971294258,7612.116651506212
2023-06-05 08:00:00,10797.236272213133,7777.227497377394,7642.291158427472
2023-06-05 12:00:00,10786.53838920278,7758.953645432142,7624.816305155323
2023-06-05 16:00:00,10493.715028843155,7588.294451841742,7313.949364593201
2023-06-05 20:00:00,10493.715028843155,7421.042247597067,7246.478375019078
2023-06-06 00:00:00,10493.715028843155,7447.368983450396,7259.7618164024025
2023-06-06 04:00:00,10493.715028843155,7460.687214529138,7264.854589453413
2023-06-06 08:00:00,10493.715028843155,7451.085699100277,7276.5322918110705
2023-06-06 12:00:00,10493.715028843155,7455.1121410543155,7265.542636395907
2023-06-06 16:00:00,10493.715028843155,7549.888390126298,7341.088864370913
2023-06-06 20:00:00,10493.715028843155,7856.207704937379,7584.575379568098
2023-06-07 00:00:00,10493.715028843155,7881.2955355740805,7548.282759557256
2023-06-07 04:00:00,10493.715028843155,7793.952717801861,7489.142432428082
2023-06-07 08:00:00,10493.715028843155,7761.12172956124,7463.230425474144
2023-06-07 12:00:00,10493.715028843155,7768.245434556846,7440.155817296907
2023-06-07 16:00:00,10493.715028843155,7626.081060948873,7286.618337398191
2023-06-07 20:00:00,10493.715028843155,7673.778911789021,7288.787158164067
2023-06-08 00:00:00,10493.715028843155,7619.886534865736,7199.681454324903
2023-06-08 04:00:00,10493.715028843155,7621.125440082364,7191.324817927203
2023-06-08 08:00:00,10493.715028843155,7646.522997023221,7223.820322053641
2023-06-08 12:00:00,10493.715028843155,7632.8950396403225,7231.293052030636
2023-06-08 16:00:00,10493.715028843155,7681.212343088784,7253.3720462440015
2023-06-08 20:00:00,10493.715028843155,7628.8685976862835,7219.64966086158
2023-06-09 00:00:00,10493.715028843155,7615.550366607541,7215.841721168608
2023-06-09 04:00:00,10493.715028843155,7610.594745741032,7191.5580852657995
2023-06-09 08:00:00,10493.715028843155,7618.337903344952,7171.664558224542
2023-06-09 12:00:00,10493.715028843155,7653.646702018828,7270.425182011887
2023-06-09 16:00:00,10493.715028843155,7627.010239861343,7201.492539811079
2023-06-09 20:00:00,10493.715028843155,7609.0461142202485,7046.070258916512
2023-06-10 00:00:00,10493.715028843155,7631.036681815382,7068.953310990082
2023-06-10 04:00:00,10493.715028843155,7587.055546625114,6919.331371520932
2023-06-10 08:00:00,10493.715028843155,7420.113068684596,6553.554562816421
2023-06-10 12:00:00,10493.715028843155,7490.420939728191,6671.373182090731
2023-06-10 16:00:00,10493.715028843155,7418.2547108596555,6627.616480589855
2023-06-10 20:00:00,10493.715028843155,7458.209404095884,6672.45076171116
2023-06-11 00:00:00,10493.715028843155,7476.173529736979,6713.130931043115
2023-06-11 04:00:00,10493.715028843155,7434.050752371652,6702.223497297399
2023-06-11 08:00:00,10493.715028843155,7457.899677791726,6708.1886760180505
2023-06-11 12:00:00,10493.715028843155,7458.209404095884,6710.8619273164695
2023-06-11 16:00:00,10493.715028843155,7444.271720408828,6655.609468158655
2023-06-11 20:00:00,10493.715028843155,7515.508770364892,6778.134675214258
2023-06-12 00:00:00,10493.715028843155,7482.677782124271,6700.353504812596
2023-06-12 04:00:00,10493.715028843155,7447.988436058709,6619.113746789809
2023-06-12 08:00:00,10493.715028843155,7437.457741717378,6608.300044753267
2023-06-12 12:00:00,10493.715028843155,7477.102708649449,6664.750739257412
2023-06-12 16:00:00,10493.715028843155,7439.935552150632,6615.866911130717
2023-06-12 20:00:00,10493.715028843155,7430.334036721772,6584.601038865292
2023-06-13 00:00:00,10493.715028843155,7449.84679388365,6625.61688843055
2023-06-13 04:00:00,10493.715028843155,7485.465318861682,6653.742393933566
2023-06-13 08:00:00,10493.715028843155,7479.580519082703,6656.447551882306
2023-06-13 12:00:00,10493.715028843155,7510.862875802541,6700.214652875842
2023-06-13 16:00:00,10493.715028843155,7388.830711964759,6539.004854610403
2023-06-13 20:00:00,10493.715028843155,7437.1480154132205,6587.750898312862
2023-06-14 00:00:00,10493.715028843155,7444.891173017141,6595.223879248224
2023-06-14 04:00:00,10493.715028843155,7452.634330621061,6631.617841055457
2023-06-14 08:00:00,10493.715028843155,7430.024310417614,6591.9587069187955
2023-06-14 12:00:00,10493.715028843155,7453.253783229375,6621.229751820134
2023-06-14 16:00:00,10493.715028843155,7408.033742822481,6566.866449334723
2023-06-14 20:00:00,10493.715028843155,7401.839216739345,6558.941779564899
2023-06-15 00:00:00,10493.715028843155,7178.216825138131,6303.868466560688
2023-06-15 04:00:00,10493.715028843155,7204.233834687303,6369.663126713249
2023-06-15 08:00:00,10493.715028843155,7128.660616473042,6298.510783331139
2023-06-15 12:00:00,10493.715028843155,7153.438720805587,6305.709546786977
2023-06-15 16:00:00,10493.715028843155,7067.6445345541515,6214.716078119218
2023-06-15 20:00:00,10493.715028843155,7203.924108383146,6328.330191714983
2023-06-16 00:00:00,10493.715028843155,7238.923180752865,6336.63805784365
2023-06-16 04:00:00,10493.715028843155,7234.58701249467,6341.301356741858
2023-06-16 08:00:00,10493.715028843155,7220.6493288076135,6340.8483601939
2023-06-16 12:00:00,10493.715028843155,7192.773961433501,6285.413228987248
2023-06-16 16:00:00,10493.715028843155,7327.504903741711,6413.660605898445
2023-06-16 20:00:00,10493.715028843155,7463.165024962393,6545.821379346928
2023-06-17 00:00:00,10493.715028843155,7448.917614971179,6532.799930929741
2023-06-17 04:00:00,10493.715028843155,7426.61732107189,6539.139890324741
2023-06-17 08:00:00,10472.727598785468,7521.703296448029,6652.503721746323
2023-06-17 12:00:00,10436.74299996139,7504.048897111091,6625.2943987909985
2023-06-17 16:00:00,10406.04274707173,7479.580519082703,6595.656395659973
2023-06-17 20:00:00,10409.588332565374,7489.8014871198775,6596.606431982806
2023-06-18 00:00:00,10413.273577811757,7501.880812981994,6599.415600298526
2023-06-18 04:00:00,10413.475713001842,7515.81849666905,6601.762067023684
2023-06-18 08:00:00,10422.63151718629,7523.5616542729695,6611.037867708357
2023-06-18 12:00:00,10439.687769059528,7504.668349719404,6622.638400412076
2023-06-18 16:00:00,10436.280262039643,7513.960138844109,6626.388940524836
2023-06-18 20:00:00,10481.21257271275,7544.623042955633,6657.709175592459
2023-06-19 00:00:00,10349.076714419742,7451.085699100277,6554.554418570408
2023-06-19 04:00:00,10367.434876039548,7467.191466916431,6566.730726546396
2023-06-19 08:00:00,10372.416441857744,7482.058329515958,6575.518099259811
2023-06-19 12:00:00,10399.672967488292,7494.44738168223,6592.5193788442675
2023-06-19 16:00:00,10398.516306669215,7493.518202769759,6586.98026802174
2023-06-19 20:00:00,10501.290410028936,7567.542789463236,6647.339874538584
2023-06-20 00:00:00,10567.068870643572,7605.639124874523,6700.929177383468
2023-06-20 04:00:00,10563.690413409184,7621.744892690677,6691.758727677334
2023-06-20 08:00:00,10530.880555350432,7591.701441187467,6667.430204149923
2023-06-20 12:00:00,10536.123937208687,7616.479545520011,6682.699285161958
2023-06-20 16:00:00,10585.768459235622,7688.955500692704,6719.503848168132
2023-06-20 20:00:00,10780.92075180382,7938.285175538933,6914.012402423964
2023-06-21 00:00:00,10884.858336577732,8021.91127766127,6975.475508545011
2023-06-21 04:00:00,11008.119284261615,8140.846178457484,7058.286480778178
2023-06-21 08:00:00,11047.715617399725,8185.137039951906,7082.56294861673
2023-06-21 12:00:00,11069.136201796162,8195.667734293238,7102.301468895763
2023-06-21 16:00:00,11238.224556578669,8440.041788272958,7218.562872489718
2023-06-21 20:00:00,11335.938992503581,8472.253323905266,7280.716304823067
2023-06-22 00:00:00,11353.816072769083,8444.377956531152,7288.871704953141
2023-06-22 04:00:00,11503.06411583426,8515.924732791376,7381.7646893111005
2023-06-22 08:00:00,11431.592375168264,8469.156060863697,7339.034821993778
2023-06-22 12:00:00,11258.21589317023,8427.34300980253,7241.80505823125
2023-06-22 16:00:00,11280.377648061472,8436.01534631892,7252.157774667801
2023-06-22 20:00:00,11359.442644371244,8533.579132128314,7306.453558350969
2023-06-23 00:00:00,11219.910146413267,8455.528103480798,7223.270783596938
2023-06-23 04:00:00,11305.327325394954,8492.075807371302,7274.022042351444
2023-06-23 08:00:00,11362.908142170132,8525.21652191608,7310.270119335704
2023-06-23 12:00:00,11331.137374753733,8579.108898839364,7306.165109339464
2023-06-23 16:00:00,11540.204964709315,8882.640676913034,7496.944275085297
2023-06-23 20:00:00,11463.317674243179,8780.740722845445,7455.360558312669
2023-06-24 00:00:00,11413.29548949741,8719.724640926554,7419.153522991926
2023-06-24 04:00:00,11417.073212151465,8734.59150352608,7453.278814065321
2023-06-24 08:00:00,11311.251676570504,8692.778452464912,7391.281826752625
2023-06-24 12:00:00,11366.220500858484,8722.821903968123,7424.627017633758
2023-06-24 16:00:00,11156.863695352662,8636.71799141253,7308.958721749968
2023-06-24 20:00:00,11214.571972485572,8703.309146806243,7355.432145430215
2023-06-25 00:00:00,11168.897890219176,8678.840768777854,7326.538583519701
2023-06-25 04:00:00,11199.001334609104,8743.573566346628,7416.777974037019
2023-06-25 08:00:00,11194.824301655477,8734.59150352608,7464.435329184808
2023-06-25 12:00:00,11191.367446797303,8727.158072226317,7467.005859274867
2023-06-25 16:00:00,11172.64281631553,8686.893652685932,7395.13609927829
2023-06-25 20:00:00,11141.424248162602,8645.700054233077,7381.110371523612
2023-06-26 00:00:00,11141.424248162602,8649.726496187115,7380.378261530085
2023-06-26 04:00:00,11141.424248162602,8601.099466434496,7317.779275081315
2023-06-26 08:00:00,11141.424248162602,8638.266622933314,7369.187444710145
2023-06-26 12:00:00,11141.424248162602,8604.816182084378,7333.107391946249
2023-06-26 16:00:00,11141.424248162602,8636.098538804215,7347.252940517287
2023-06-26 20:00:00,11141.424248162602,8588.710414268226,7230.831542051569
2023-06-27 00:00:00,11141.424248162602,8591.807677309793,7229.721632312732
2023-06-27 04:00:00,11141.424248162602,8603.267550563594,7268.34617434806
2023-06-27 08:00:00,11141.424248162602,8605.435634692692,7297.878163679308
2023-06-27 12:00:00,11141.424248162602,8700.521610068832,7330.3841198210985
2023-06-27 16:00:00,11141.424248162602,8627.116475983668,7255.782608956728
2023-06-27 20:00:00,11141.424248162602,8670.478158565622,7333.894080485726
2023-06-28 00:00:00,11141.424248162602,8679.769947690325,7325.472397936736
2023-06-28 04:00:00,11141.424248162602,8612.869065992456,7241.9494164600255
2023-06-28 08:00:00,11141.424248162602,8535.437489953254,7154.126094620792
2023-06-28 12:00:00,11141.424248162602,8586.852056443284,7213.643176544848
2023-06-28 16:00:00,11141.424248162602,8640.434707062412,7258.621964346398
2023-06-28 20:00:00,11141.424248162602,8546.897363207056,7142.844472370809
2023-06-29 00:00:00,11141.424248162602,8532.030500607529,7139.80558363014
2023-06-29 04:00:00,11141.424248162602,8581.896435576775,7181.8086650211735
2023-06-29 08:00:00,11141.424248162602,8610.700981863358,7218.077658040326
2023-06-29 12:00:00,11130.28282391444,8678.221316169542,7450.476998754171
2023-06-29 16:00:00,11068.037719605509,8673.885147911345,7405.660698748306
2023-06-29 20:00:00,11065.500182426611,8716.317651580828,7438.919499342064
2023-06-30 00:00:00,11104.752046505284,8672.64624269472,7443.389513271577
2023-06-30 04:00:00,11333.144284624621,8749.768092429764,7597.091230054097
2023-06-30 08:00:00,11302.306664566637,8765.254407637603,7610.839755425593
2023-06-30 12:00:00,11352.788815014432,8812.332805869439,7643.934846978233
2023-06-30 16:00:00,10968.33115409127,8537.915300386509,7406.911262234195
2023-06-30 20:00:00,11138.299229142682,8635.479086195903,7637.729334486372
2023-07-01 00:00:00,11092.437882699502,8644.151422712293,7620.173010302806
2023-07-01 04:00:00,10959.760743775141,8617.514960554809,7538.483198670929
2023-07-01 08:00:00,10988.537994288974,8652.20430662037,7564.428598400755
2023-07-01 12:00:00,10970.133968596903,8664.283632482486,7561.623802841497
2023-07-01 16:00:00,10996.86047535493,8682.24775812358,7581.069842564277
2023-07-01 20:00:00,10972.115868830584,8693.397905073225,7571.644381325286
2023-07-02 00:00:00,11042.25221207119,8673.57542160719,7600.947229749143
2023-07-02 04:00:00,11031.733147151604,8660.87664313676,7585.489971892408
2023-07-02 08:00:00,11139.687871732325,8663.664179874171,7642.707667096234
2023-07-02 12:00:00,11110.064443057074,8672.336516390562,7632.252648064369
2023-07-02 16:00:00,11159.249942372577,8651.584854012057,7649.276055441005
2023-07-02 20:00:00,11167.402254875204,8666.141990307426,7655.504431713487
2023-07-03 00:00:00,11230.066698476077,8680.079673994482,7704.104556847091
2023-07-03 04:00:00,11261.840190358747,8717.246830493299,7736.239798004142
2023-07-03 08:00:00,11295.601860634288,8725.91916700969,7768.274330873776
2023-07-03 12:00:00,11292.352568052864,8702.379967893772,7755.041449565598
2023-07-03 16:00:00,11244.740049712676,8801.182658919794,7764.824047590439
2023-07-03 20:00:00,11246.738652186032,8857.552846276332,7791.255636091371
2023-07-04 00:00:00,11201.677808267174,8836.49145759367,7759.778271041183
2023-07-04 04:00:00,11241.561488934864,8854.765309538921,7786.765201071594
2023-07-04 08:00:00,11145.316760819727,8773.307291545681,7720.796090103785
2023-07-04 12:00:00,11212.163419295572,8823.79267912324,7766.747955799954
2023-07-04 16:00:00,11314.980798522454,8793.129775011717,7810.743387248569
2023-07-04 20:00:00,11181.7615463365,8742.33466113,7740.6357081705055
2023-07-05 00:00:00,11102.887786002802,8758.130702641998,7706.338549032726
2023-07-05 04:00:00,11137.942790595556,8786.315796320267,7739.1548521131945
2023-07-05 08:00:00,11136.819232756046,8764.63495502929,7726.630875157872
2023-07-05 12:00:00,11000.750760602023,8648.487590970488,7587.761792020207
2023-07-05 16:00:00,11000.750760602023,8654.062664445311,7574.201464586769
2023-07-05 20:00:00,11000.750760602023,8694.946536594009,7601.489414009336
2023-07-06 00:00:00,11000.750760602023,8707.645315064437,7655.180817627549
2023-07-06 04:00:00,11000.750760602023,8713.530114843417,7712.0102960858385
2023-07-06 08:00:00,11000.750760602023,8793.439501315874,7768.784499032078
2023-07-06 12:00:00,10989.75000984142,8767.422491766702,7755.60661149659
2023-07-06 16:00:00,10967.252354675029,8673.885147911345,7679.14267963371
2023-07-06 20:00:00,11176.360024569793,8633.93045467512,7774.954736748574
2023-07-07 00:00:00,10928.081124823446,8517.47336431216,7547.368840943734
2023-07-07 04:00:00,10928.081124823446,8580.657530360148,7648.274880350853
2023-07-07 08:00:00,10928.081124823446,8545.039005382116,7560.027308684561
2023-07-07 12:00:00,10928.081124823446,8572.604646452071,7647.844773958319
2023-07-07 16:00:00,10917.153043698621,8604.196729476065,7745.074875346764
2023-07-07 20:00:00,10944.632287338598,8555.569699723446,7734.119539339105
2023-07-08 00:00:00,10965.147613069812,8584.064519705873,7764.266053683807
2023-07-08 04:00:00,10999.77898861608,8567.339299281406,7770.436723109735
2023-07-08 08:00:00,11055.490331886167,8541.941742340547,7793.914085561586
2023-07-08 12:00:00,11039.49214209577,8547.51681581537,7780.669407841215
2023-07-08 16:00:00,10970.794032995833,8544.729279077957,7740.335333426236
2023-07-08 20:00:00,10988.109720768969,8519.3317221371,7723.7786414554175
2023-07-09 00:00:00,11020.858956339898,8568.268478193875,7785.263767607734
2023-07-09 04:00:00,10994.13256869006,8561.764225806583,7769.930415881599
2023-07-09 08:00:00,10980.957588862675,8563.00313102321,7761.980079624849
2023-07-09 12:00:00,10984.91008281089,8563.622583631524,7769.918140962587
2023-07-09 16:00:00,10918.658755678895,8587.781235355755,7733.720125523048
2023-07-09 20:00:00,10927.69302756053,8557.11833124423,7729.69832499089
2023-07-10 00:00:00,10932.398377498883,8531.411047999216,7714.95349625999
2023-07-10 04:00:00,10924.116961607382,8533.269405824156,7710.297982275273
2023-07-10 08:00:00,10830.414622935044,8513.446922358122,7649.565851791799
2023-07-10 12:00:00,10830.414622935044,8549.37517364031,7672.789871682052
2023-07-10 16:00:00,10830.414622935044,8545.039005382116,7706.803627921487
2023-07-10 20:00:00,10808.753793689173,8687.822831598403,7835.638208309723
2023-07-11 00:00:00,10708.577305667352,8563.93230993568,7731.5854999659605
2023-07-11 04:00:00,10690.154988898805,8571.6754675396,7775.217513148873
2023-07-11 08:00:00,10679.464833909906,8594.904940351362,7828.113194025662
2023-07-11 12:00:00,10675.564611525897,8572.294920147913,7801.529704501018
2023-07-11 16:00:00,10689.569955541203,8628.665107504452,7837.113251035591
2023-07-11 20:00:00,10656.772630948397,8623.09003402963,7814.08729587833
2023-07-12 00:00:00,10670.95525779934,8619.992770988063,7824.9120471548285
2023-07-12 04:00:00,10634.257710822523,8603.267550563594,7797.740841700956
2023-07-12 08:00:00,10654.645236920755,8638.57634923747,7835.568425827658
2023-07-12 12:00:00,10670.777974963703,8656.230748574408,7853.761338289976
2023-07-12 16:00:00,10692.583763747029,8509.73020670824,7784.710686571256
2023-07-12 20:00:00,10593.128092954787,8431.059725452411,7672.060850118964
2023-07-13 00:00:00,10608.551699655187,8453.050293047543,7691.4060792743485
2023-07-13 04:00:00,10549.114260634075,8428.891641323313,7644.400182079375
2023-07-13 08:00:00,10549.114260634075,8446.54604066025,7661.375820903377
2023-07-13 12:00:00,10549.114260634075,8476.279765859304,7751.221850067305
2023-07-13 16:00:00,10538.56514637344,8552.162710377721,7987.1942129410745
2023-07-13 20:00:00,10806.351254128027,8720.03436723071,8325.985995084546
2023-07-14 00:00:00,10809.831974699528,8690.300642031658,8328.134005459373
2023-07-14 04:00:00,10969.321830179768,8668.000348132367,8436.7953356607
2023-07-14 08:00:00,11125.031407606162,8579.41862514352,8535.268264757928
2023-07-14 12:00:00,11046.941333131992,8610.081529255045,8483.699380701715
2023-07-14 16:00:00,11078.578227622344,8615.966329034023,8507.165691597056
2023-07-14 20:00:00,10489.04256880724,8322.036066389215,8082.4896809831735
2023-07-15 00:00:00,10578.519757340957,8385.220232437203,8200.480992895436
2023-07-15 04:00:00,10660.444742805776,8385.839685045517,8244.94017447084
2023-07-15 08:00:00,10888.1600831659,8384.291053524734,8419.849484029524
2023-07-15 12:00:00,10914.264437251884,8385.529958741361,8435.343852816273
2023-07-15 16:00:00,10720.205654046644,8381.193790483165,8293.412903915478
2023-07-15 20:00:00,10770.936757270349,8380.884064179008,8324.035859801963
2023-07-16 00:00:00,10705.429604564011,8379.025706354067,8274.81465654475
2023-07-16 04:00:00,10646.817941616237,8348.982254850856,8214.463333272333
2023-07-16 08:00:00,10746.802543115384,8369.114464621049,8294.707952451758
2023-07-16 12:00:00,10798.847072959767,8410.927515682219,8354.63170989578
2023-07-16 16:00:00,10799.011251287351,8409.378884161435,8360.066148799331
2023-07-16 20:00:00,10687.369988529683,8366.017201579481,8254.766559061365
2023-07-17 00:00:00,10687.041631874514,8360.132401800502,8242.008134638978
2023-07-17 04:00:00,10777.996425356496,8381.193790483165,8325.356803642859
2023-07-17 08:00:00,10709.205706098463,8351.769791588269,8259.170407874135
2023-07-17 12:00:00,10632.62127745165,8337.832107901211,8188.341395791291
2023-07-17 16:00:00,10632.62127745165,8334.734844859644,8172.002831971766
2023-07-17 20:00:00,10632.62127745165,8248.011479695739,8028.288283389585
2023-07-18 00:00:00,10632.62127745165,8317.390171826863,8149.877275060704
2023-07-18 04:00:00,10632.62127745165,8287.036994019496,8102.835382315374
2023-07-18 08:00:00,10632.62127745165,8262.258889686951,7996.08827889036
2023-07-18 12:00:00,10632.62127745165,8237.790511658564,7909.732368618861
2023-07-18 16:00:00,10632.62127745165,8267.833963161775,7988.997015359867
2023-07-18 20:00:00,10632.62127745165,8221.065291234096,7941.915954260305
2023-07-19 00:00:00,10632.62127745165,8244.91421665417,7982.64201883561
2023-07-19 04:00:00,10632.62127745165,8307.169203789688,8114.9550918748055
2023-07-19 08:00:00,10632.62127745165,8291.682888581849,8081.367415338194
2023-07-19 12:00:00,10632.62127745165,8300.974677706552,8115.347973452133
2023-07-19 16:00:00,10632.62127745165,8296.3287831442,8110.553050575199
2023-07-19 20:00:00,10632.62127745165,8305.930298573061,8151.805458801229
2023-07-20 00:00:00,10632.62127745165,8272.170131419969,8069.748204530494
2023-07-20 04:00:00,10632.62127745165,8273.409036636596,8089.637808009844
2023-07-20 08:00:00,10632.62127745165,8359.203222888033,8184.5986616853825
2023-07-20 12:00:00,10632.62127745165,8370.663096141834,8232.105008495706
2023-07-20 16:00:00,10632.62127745165,8296.638509448358,8044.043698686735
2023-07-20 20:00:00,10632.62127745165,8281.77164684883,8008.159457533911
2023-07-21 00:00:00,10632.62127745165,8299.426046185768,8018.935415131463
2023-07-21 04:00:00,10632.62127745165,8318.319350739333,8042.793257504428
2023-07-21 08:00:00,10632.62127745165,8287.036994019496,7991.158689354334
2023-07-21 12:00:00,10632.62127745165,8301.594130314867,8012.309314037787
2023-07-21 16:00:00,10632.62127745165,8325.44305573494,8025.375969150618
2023-07-21 20:00:00,10632.62127745165,8320.797161172588,8072.9926567446655
2023-07-22 00:00:00,10632.62127745165,8323.584697909999,8044.93226762268
2023-07-22 04:00:00,10632.62127745165,8324.204150518313,8073.677721947878
2023-07-22 08:00:00,10632.62127745165,8345.88499180929,8079.619664446354
2023-07-22 12:00:00,10632.62127745165,8324.823603126626,8049.26798078397
2023-07-22 16:00:00,10632.62127745165,8335.973750076271,8061.032608243795
2023-07-22 20:00:00,10632.62127745165,8303.14276183565,8004.845771796166
2023-07-23 00:00:00,10632.62127745165,8302.833035531494,7903.348356508799
2023-07-23 04:00:00,10632.62127745165,8303.762214443963,7889.343700638993
2023-07-23 08:00:00,10632.62127745165,8333.495939643017,7945.150280080852
2023-07-23 12:00:00,10632.62127745165,8323.274971605842,7938.361965559774
2023-07-23 16:00:00,10632.62127745165,8330.39867660145,7939.722281893441
2023-07-23 20:00:00,10632.62127745165,8374.689538095872,8000.177704738874
2023-07-24 00:00:00,10621.988656174199,8385.839685045517,7981.802622144449
2023-07-24 04:00:00,10566.721409997297,8279.913289023889,7874.247856567852
2023-07-24 08:00:00,10566.721409997297,8342.78772876772,7952.980747654103
2023-07-24 12:00:00,10566.721409997297,8166.243735398341,7754.551982257004
2023-07-24 16:00:00,10566.721409997297,8128.147399987055,7693.184407139388
2023-07-24 20:00:00,10566.721409997297,8159.429756706892,7734.8320112276815
2023-07-25 00:00:00,10566.721409997297,8175.535524523046,7745.407836132564
2023-07-25 04:00:00,10566.721409997297,8148.279609757247,7732.445625390259
2023-07-25 08:00:00,10566.721409997297,8158.810304098578,7711.834869634753
2023-07-25 12:00:00,10566.721409997297,8164.695103877558,7730.319457903872
2023-07-25 16:00:00,10566.721409997297,8185.446766256064,7749.927401471161
2023-07-25 20:00:00,10566.721409997297,8189.163481905945,7738.723160185247
2023-07-26 00:00:00,10566.721409997297,8196.906639509865,7760.780847793692
2023-07-26 04:00:00,10566.721409997297,8194.119102772454,7779.531496835625
2023-07-26 08:00:00,10566.721409997297,8172.128535177321,7760.142055529402
2023-07-26 12:00:00,10566.721409997297,8164.695103877558,7786.857348492154
2023-07-26 16:00:00,10556.1546885873,8198.455271030649,7919.0063489159165
2023-07-26 20:00:00,10617.198717530093,8207.747060155354,7979.315644198914
2023-07-27 00:00:00,10593.25067540638,8207.437333851196,7963.86059159696
2023-07-27 04:00:00,10546.450253216906,8211.154049501078,7932.344794829318
2023-07-27 08:00:00,10549.893762541886,8195.048281684925,7916.675561047895
2023-07-27 12:00:00,10602.798587625639,8211.773502109392,7966.659144676268
2023-07-27 16:00:00,10599.232287297302,8242.126679916759,8001.729524653519
2023-07-27 20:00:00,10576.960683749145,8232.525164487899,7982.366149892393
2023-07-28 00:00:00,10582.819217249064,8231.595985575428,7986.002002191433
2023-07-28 04:00:00,10576.021544842333,8244.294764045857,7985.613067585926
2023-07-28 08:00:00,10535.588112039892,8230.047354054645,7951.716238360363
2023-07-28 12:00:00,10517.277475218345,8218.897207105,7934.767037874679
2023-07-28 16:00:00,10596.100538343951,8248.011479695739,8001.4593420826095
2023-07-28 20:00:00,10575.12643609181,8239.95859578766,7983.6714125596
2023-07-29 00:00:00,10550.699823000177,8232.525164487899,7963.767705554717
2023-07-29 04:00:00,10578.938686337828,8249.560111216522,7997.1738465155095
2023-07-29 08:00:00,10569.072455762818,8232.21543818374,7989.566292760199
2023-07-29 12:00:00,10540.98017619112,8219.516659713312,7968.832355905657
2023-07-29 16:00:00,10570.791298654738,8235.932153833623,7990.985385769494
2023-07-29 20:00:00,10612.039868158787,8244.604490350013,8021.377363923159
2023-07-30 00:00:00,10602.094725887126,8244.91421665417,8014.334318139854
2023-07-30 04:00:00,10572.413305297941,8230.666806662957,7992.362905886277
2023-07-30 08:00:00,10549.834272180778,8232.525164487899,7975.940527558138
2023-07-30 12:00:00,10568.170981524518,8240.887774700132,7989.48076226101
2023-07-30 16:00:00,10544.705527594033,8244.91421665417,7980.205587913721
2023-07-30 20:00:00,10478.079108414264,8202.17198668053,7873.738111655704
2023-07-31 00:00:00,10478.079108414264,8225.401459492292,7884.569521708647
2023-07-31 04:00:00,10467.60102930585,8271.240952507498,7959.653971138912
2023-07-31 08:00:00,10459.884538419043,8252.967100562248,7922.184153920729
2023-07-31 12:00:00,10461.192418230366,8256.064363603815,7923.6669159858975
2023-07-31 16:00:00,10436.520442681587,8222.304196450723,7849.159937994356
2023-07-31 20:00:00,10436.520442681587,8211.463775805236,7823.116268261279
2023-08-01 00:00:00,10436.520442681587,8231.595985575428,7836.837830815636
2023-08-01 04:00:00,10436.520442681587,8131.864115636936,7730.852669102689
2023-08-01 08:00:00,10436.520442681587,8164.075651269244,7767.309605515735
2023-08-01 12:00:00,10436.520442681587,8143.323988890738,7740.059622178262
2023-08-01 16:00:00,10436.520442681587,8171.818808873164,7751.044894301505
2023-08-01 20:00:00,10436.520442681587,8248.94065860821,7832.137186267368
2023-08-02 00:00:00,10426.083922238904,8341.239097246937,7915.335721912977
2023-08-02 04:00:00,10427.11733062257,8343.716907680191,7878.966653693966
2023-08-02 08:00:00,10417.816655169583,8321.4166137809,7854.266905894004
2023-08-02 12:00:00,10426.34227433482,8341.858549855251,7882.089586808255
2023-08-02 16:00:00,10405.67410666152,8292.302341190161,7809.4412294047215
2023-08-02 20:00:00,10389.656276714712,8253.896279474719,7793.099844750423
2023-08-03 00:00:00,10390.043804858586,8254.825458387188,7784.235121654444
2023-08-03 04:00:00,10393.014853961622,8261.949163382795,7801.622845685888
2023-08-03 08:00:00,10369.798688742347,8230.976532967114,7729.555136110752
2023-08-03 12:00:00,10369.798688742347,8251.418469041464,7746.625547160736
2023-08-03 16:00:00,10369.798688742347,8263.807521207735,7749.132171158322
2023-08-03 20:00:00,10369.798688742347,8287.346720323652,7776.950615341973
2023-08-04 00:00:00,10369.798688742347,8257.303268820442,7721.897349370755
2023-08-04 04:00:00,10369.798688742347,8246.462848174955,7729.600655975088
2023-08-04 08:00:00,10369.798688742347,8261.019984470324,7758.57299449996
2023-08-04 12:00:00,10369.798688742347,8256.993542516286,7754.661351706347
2023-08-04 16:00:00,10369.798688742347,8215.79994406343,7764.915763124522
2023-08-04 20:00:00,10369.798688742347,8165.314556485871,7688.12567070921
2023-08-05 00:00:00,10369.798688742347,8189.163481905945,7683.857336539015
2023-08-05 04:00:00,10369.798688742347,8175.535524523046,7666.307284147663
2023-08-05 08:00:00,10369.798688742347,8165.934009094185,7670.52347700876
2023-08-05 12:00:00,10369.798688742347,8174.2966193064185,7680.79475774851
2023-08-05 16:00:00,10369.798688742347,8171.509082569008,7661.154934526611
2023-08-05 20:00:00,10369.798688742347,8176.154977131359,7665.769070269206
2023-08-06 00:00:00,10369.798688742347,8183.898134735279,7681.131581626425
2023-08-06 04:00:00,10369.798688742347,8179.2522401729275,7692.3877564971035
2023-08-06 08:00:00,10369.798688742347,8189.473208210102,7711.822581641798
2023-08-06 12:00:00,10369.798688742347,8181.110597997868,7728.444719600144
2023-08-06 16:00:00,10369.798688742347,8163.146472356773,7699.2380850245645
2023-08-06 20:00:00,10369.798688742347,8183.898134735279,7726.2631546971
2023-08-07 00:00:00,10369.798688742347,8180.181419085398,7718.2618559904795
2023-08-07 04:00:00,10359.428890053605,8205.888702330412,7755.97710180301
2023-08-07 08:00:00,10332.495619942118,8181.420324302026,7726.067575489517
2023-08-07 12:00:00,10326.945733979752,8192.880197555827,7723.057408790593
2023-08-07 16:00:00,10253.85487847896,8115.448621516625,7631.018783190713
2023-08-07 20:00:00,10253.85487847896,8195.358007989082,7697.23921558027
2023-08-08 00:00:00,10253.85487847896,8205.888702330412,7723.832492181959
2023-08-08 04:00:00,10243.60102360048,8218.277754496685,7738.0609121697435
2023-08-08 08:00:00,10244.502721851144,8220.445838625783,7751.023988602584
2023-08-08 12:00:00,10262.86004554064,8313.67345617698,7822.111167315108
2023-08-08 16:00:00,10334.999300037733,8347.123897025916,7875.03225550155
2023-08-08 20:00:00,10529.409773939971,8439.422335664645,8018.148893847691
2023-08-09 00:00:00,10449.407693831592,8398.848189820103,7959.246570387892
2023-08-09 04:00:00,10436.178197127047,8379.645158962381,7948.7207355287455
2023-08-09 08:00:00,10494.792792512204,8398.848189820103,7991.437447045513
2023-08-09 12:00:00,10556.285605711591,8429.511093931627,8036.75667143475
2023-08-09 16:00:00,10478.797953768999,8397.919010907632,7979.361284499127
2023-08-09 20:00:00,10397.594281735612,8291.063435973534,7917.32320068367
2023-08-10 00:00:00,10434.913773201908,8344.026633984347,7946.36099807053
2023-08-10 04:00:00,10405.91896782784,8336.902928988742,7925.321367503891
2023-08-10 08:00:00,10381.999371235479,8293.541246406789,7905.7514018263955
2023-08-10 12:00:00,10380.676679611695,8287.036994019496,7904.327502057093
2023-08-10 16:00:00,10403.467070024853,8277.435478590634,7920.468170067549
2023-08-10 20:00:00,10436.196800378231,8301.284404010708,7944.851091611775
2023-08-11 00:00:00,10446.47870062514,8301.284404010708,7952.244955768376
2023-08-11 04:00:00,10425.100674964482,8277.435478590634,7942.740755446195
2023-08-11 08:00:00,10386.74359578671,8276.196573374007,7915.4790942148275
2023-08-11 12:00:00,10403.913394131336,8290.753709669378,7932.707145383011
2023-08-11 16:00:00,10411.51260759605,8304.381667052277,7942.705037849916
2023-08-11 20:00:00,10392.019248713845,8304.071940748121,7936.064401543716
2023-08-12 00:00:00,10419.144447503524,8314.292908785295,7963.681744216361
2023-08-12 04:00:00,10382.938849079012,8309.337287918786,7945.2579360556665
2023-08-12 08:00:00,10382.938849079012,8319.867982260117,7965.674878999789
2023-08-12 12:00:00,10382.938849079012,8327.920866168195,7970.252729433251
2023-08-12 16:00:00,10382.938849079012,8334.115392251331,7984.107098411358
2023-08-12 20:00:00,10382.938849079012,8322.345792693372,7984.37748153501
2023-08-13 00:00:00,10372.555910229934,8332.876487034704,8006.597757949876
2023-08-13 04:00:00,10370.881512737742,8322.345792693372,8002.163239970541
2023-08-13 08:00:00,10350.484306923774,8323.894424214155,7985.997995126352
2023-08-13 12:00:00,10348.50547352391,8318.938803347646,7984.4586639568915
2023-08-13 16:00:00,10329.021575432957,8314.602635089452,7963.85246041723
2023-08-13 20:00:00,10329.337155369245,8328.230592472351,7992.063276042573
2023-08-14 00:00:00,10213.68591576006,8289.205078148594,7907.169008710125
2023-08-14 04:00:00,10213.68591576006,8321.106887476744,7946.814233971643
2023-08-14 08:00:00,10213.68591576006,8312.74427726451,7943.6658935477
2023-08-14 12:00:00,10213.68591576006,8316.460992914392,7956.897518595319
2023-08-14 16:00:00,10203.4722298443,8379.645158962381,8023.764536381563
2023-08-14 20:00:00,10172.682934285047,8328.850045080664,7999.102025201508
2023-08-15 00:00:00,10162.510251350763,8344.026633984347,8045.143261655088
2023-08-15 04:00:00,10131.639838839383,8331.018129209762,8015.559397363604
2023-08-15 08:00:00,10116.057630619354,8327.611139864037,7997.1114931925495
2023-08-15 12:00:00,10109.29554025972,8303.14276183565,7977.143691347153
2023-08-15 16:00:00,10091.361300610253,8301.284404010708,7963.719860448571
2023-08-15 20:00:00,9996.103586712108,8276.816025982322,7880.339660173386
2023-08-16 00:00:00,9996.103586712108,8282.700825761302,7865.754838567797
2023-08-16 04:00:00,9996.103586712108,8286.417541411181,7846.75034736409
2023-08-16 08:00:00,9996.103586712108,8265.046426424362,7806.57972386027
2023-08-16 12:00:00,9996.103586712108,8258.232447732913,7811.837723706785
2023-08-16 16:00:00,9996.103586712108,8252.347647953933,7762.739736763221
2023-08-16 20:00:00,9996.103586712108,8275.88684706985,7809.494252642676
2023-08-17 00:00:00,9996.103586712108,8174.916071914732,7701.898942885673
2023-08-17 04:00:00,9996.103586712108,8159.429756706892,7738.48725695219
2023-08-17 08:00:00,9996.103586712108,8136.819736503445,7726.66780569091
2023-08-17 12:00:00,9996.103586712108,8102.130390437883,7672.523717424188
2023-08-17 16:00:00,9996.103586712108,7950.054775096891,7540.842532594896
2023-08-17 20:00:00,9996.103586712108,7937.355996626462,7555.004772274928
2023-08-18 00:00:00,9996.103586712108,7590.46253597084,7219.567902046624
2023-08-18 04:00:00,9996.103586712108,7516.128222973206,7173.0371679922
2023-08-18 08:00:00,9996.103586712108,7527.278369922851,7249.857604800173
2023-08-18 12:00:00,9996.103586712108,7553.60510577618,7249.188409518692
2023-08-18 16:00:00,9996.103586712108,7400.910037826875,7112.654247851846
2023-08-18 20:00:00,9996.103586712108,7421.971426509537,7086.2218345778565
2023-08-19 00:00:00,9996.103586712108,7429.404857809301,7102.134124044166
2023-08-19 04:00:00,9996.103586712108,7405.246206085069,7099.131121823701
2023-08-19 08:00:00,9996.103586712108,7386.352901531504,7140.353292570158
2023-08-19 12:00:00,9996.103586712108,7390.998796093857,7128.060545575264
2023-08-19 16:00:00,9996.103586712108,7487.013950382467,7230.845943415144
2023-08-19 20:00:00,9996.103586712108,7467.501193220588,7201.056052334348
2023-08-20 00:00:00,9996.103586712108,7456.970498879256,7191.122167818477
2023-08-20 04:00:00,9996.103586712108,7455.421867358473,7175.344882859106
2023-08-20 08:00:00,9996.103586712108,7449.84679388365,7166.070255131309
2023-08-20 12:00:00,9996.103586712108,7478.341613866076,7216.053780135154
2023-08-20 16:00:00,9996.103586712108,7452.944056925218,7179.861044259578
2023-08-20 20:00:00,9996.103586712108,7460.0677619208245,7188.388855540848
2023-08-21 00:00:00,9996.103586712108,7462.855298658235,7193.104375466042
2023-08-21 04:00:00,9996.103586712108,7430.334036721772,7129.560812787537
2023-08-21 08:00:00,9996.103586712108,7402.4586693476585,7097.907500261077
2023-08-21 12:00:00,9996.103586712108,7392.237701310484,7078.292658564193
2023-08-21 16:00:00,9996.103586712108,7376.751386102644,7005.639683148693
2023-08-21 20:00:00,9996.103586712108,7423.829784334478,7103.0249357660605
2023-08-22 00:00:00,9996.103586712108,7430.643763025928,7085.820311884647
2023-08-22 04:00:00,9996.103586712108,7397.193322176993,7047.912978739454
2023-08-22 08:00:00,9996.103586712108,7400.600311522718,7058.110634422361
2023-08-22 12:00:00,9996.103586712108,7412.98936368899,7045.626165985671
2023-08-22 16:00:00,9996.103586712108,7405.865658693383,7020.078501413009
2023-08-22 20:00:00,9996.103586712108,7358.477534157392,6904.061262582272
2023-08-23 00:00:00,9996.103586712108,7436.838289109064,6993.615290966008
2023-08-23 04:00:00,9996.103586712108,7412.3699110806765,6977.728015922773
2023-08-23 08:00:00,9996.103586712108,7454.182962141846,7042.721749054216
2023-08-23 12:00:00,9996.103586712108,7432.811847155025,7023.898568194429
2023-08-23 16:00:00,9996.103586712108,7457.280225183413,7065.056030637445
2023-08-23 20:00:00,9976.111379538683,7596.037609445662,7211.529004415024
2023-08-24 00:00:00,9933.274314165934,7534.092348614301,7204.159507250754
2023-08-24 04:00:00,9923.818700832138,7531.614538181047,7201.6886183570105
2023-08-24 08:00:00,9938.707643933138,7555.773189905278,7211.657292568301
2023-08-24 12:00:00,9911.51395815054,7548.649484909671,7203.941225366548
2023-08-24 16:00:00,9692.292410900369,7433.431299763339,7061.210776923231
2023-08-24 20:00:00,9682.751518053336,7465.0233827873335,7079.0888971441145
2023-08-25 00:00:00,9703.478285272751,7507.7656127609725,7125.84094986076
2023-08-25 04:00:00,9649.576353140828,7499.093276244582,7088.730704747702
2023-08-25 08:00:00,9649.576353140828,7465.642835395647,7055.038418502439
2023-08-25 12:00:00,9649.576353140828,7481.438876907644,7068.6220019821685
2023-08-25 16:00:00,9649.576353140828,7451.085699100277,7021.242139397758
2023-08-25 20:00:00,9649.576353140828,7446.749530842082,6999.5986787719685
2023-08-26 00:00:00,9649.576353140828,7474.315171912038,7036.536087002304
2023-08-26 04:00:00,9649.576353140828,7482.987508428428,7041.342827384793
2023-08-26 08:00:00,9649.576353140828,7476.792982345292,7029.945668290295
2023-08-26 12:00:00,9649.576353140828,7475.863803432821,7023.053736288812
2023-08-26 16:00:00,9649.576353140828,7476.173529736979,7034.788808914419
2023-08-26 20:00:00,9649.576353140828,7470.9081825663125,7018.516974338694
2023-08-27 00:00:00,9649.576353140828,7464.40393017902,7016.732014022144
2023-08-27 04:00:00,9649.576353140828,7462.855298658235,7016.756623753937
2023-08-27 08:00:00,9649.576353140828,7474.624898216194,7032.063906618422
2023-08-27 12:00:00,9649.576353140828,7482.368055820115,7053.603265354641
2023-08-27 16:00:00,9649.576353140828,7498.7835499404255,7082.947052114723
2023-08-27 20:00:00,9649.576353140828,7499.403002548739,7090.592554447561
2023-08-28 00:00:00,9649.576353140828,7482.987508428428,7084.3539617275965
2023-08-28 04:00:00,9649.576353140828,7451.085699100277,7021.287378991463
2023-08-28 08:00:00,9649.576353140828,7431.882668242555,6999.490774155343
2023-08-28 12:00:00,9649.576353140828,7451.395425404434,7000.765470783788
2023-08-28 16:00:00,9649.576353140828,7474.315171912038,7037.506726191337
2023-08-28 20:00:00,9649.576353140828,7436.838289109064,7006.484917229547
2023-08-29 00:00:00,9649.576353140828,7466.572014308117,7037.314895719391
2023-08-29 04:00:00,9649.576353140828,7444.271720408828,7016.536522751355
2023-08-29 08:00:00,9649.576353140828,7433.121573459182,6985.588846665489
2023-08-29 12:00:00,9649.576353140828,7440.864731063102,6975.613867763924
2023-08-29 16:00:00,9620.7142105093,7831.119874300678,7319.145370888331
2023-08-29 20:00:00,9714.172669586145,7913.816797510545,7390.126134695593
2023-08-30 00:00:00,9736.13514571973,7894.304040348667,7403.820638476602
2023-08-30 04:00:00,9648.808464329099,7806.032043663977,7337.270478574914
2023-08-30 08:00:00,9655.102489766869,7821.20863256766,7342.419478249262
2023-08-30 12:00:00,9594.370998727336,7774.749686944139,7297.447928741709
2023-08-30 16:00:00,9420.035521726511,7710.3266156795235,7176.96904863141
2023-08-30 20:00:00,9417.11952816832,7708.158531550426,7162.720881979814
2023-08-31 00:00:00,9431.119223476584,7730.458825449716,7186.001447564447
2023-08-31 04:00:00,9405.00260218751,7718.998952195914,7158.895851119677
2023-08-31 08:00:00,9418.320312888658,7751.520214132379,7205.577256932964
2023-08-31 12:00:00,9431.130682229761,7782.802570852216,7246.300488868793
2023-08-31 16:00:00,9392.572738866438,7688.645774388548,7133.67397657547
2023-08-31 20:00:00,9294.10285429555,7470.598456262156,6962.980744075112
2023-09-01 00:00:00,9294.10285429555,7413.2990899931465,6916.921518065258
2023-09-01 04:00:00,9294.10285429555,7452.014878012747,6954.464983750198
2023-09-01 08:00:00,9294.10285429555,7415.776900426401,6918.581947183069
2023-09-01 12:00:00,9294.10285429555,7445.510625625455,6943.213015028614
2023-09-01 16:00:00,9294.10285429555,7409.272648039108,6886.5449912202785
2023-09-01 20:00:00,9294.10285429555,7368.079049586253,6843.194722300423
2023-09-02 00:00:00,9294.10285429555,7420.113068684596,6880.5331605958945
2023-09-02 04:00:00,9294.10285429555,7415.776900426401,6909.655416535801
2023-09-02 08:00:00,9294.10285429555,7419.183889772126,6914.239793305641
2023-09-02 12:00:00,9294.10285429555,7424.758963246949,6917.540424054077
2023-09-02 16:00:00,9294.10285429555,7446.439804537925,6924.316173897369
2023-09-02 20:00:00,9294.10285429555,7428.475678896831,6898.806942311404
2023-09-03 00:00:00,9294.10285429555,7434.050752371652,6916.466937966792
2023-09-03 04:00:00,9294.10285429555,7436.2188365007505,6923.434382256168
2023-09-03 08:00:00,9294.10285429555,7464.40393017902,6929.267386792801
2023-09-03 12:00:00,9294.10285429555,7456.660772575099,6911.763572125757
2023-09-03 16:00:00,9294.10285429555,7434.979931284123,6893.9641148559695
2023-09-03 20:00:00,9294.10285429555,7471.21790887047,6930.231131438035
2023-09-04 00:00:00,9294.10285429555,7465.33310909149,6932.14720791423
2023-09-04 04:00:00,9294.10285429555,7462.855298658235,6951.925214349294
2023-09-04 08:00:00,9294.10285429555,7447.368983450396,6940.023121536276
2023-09-04 12:00:00,9294.10285429555,7422.900605422008,6897.738522161395
2023-09-04 16:00:00,9294.10285429555,7403.697574564286,6867.690898254978
2023-09-04 20:00:00,9294.10285429555,7428.785405200987,6887.391838163904
2023-09-05 00:00:00,9294.10285429555,7410.201826951578,6894.474865269798
2023-09-05 04:00:00,9294.10285429555,7373.654123061076,6830.355659759091
2023-09-05 08:00:00,9294.10285429555,7404.626753476757,6879.22632618288
2023-09-05 12:00:00,9284.808751441255,7433.121573459182,6929.299302931267
2023-09-05 16:00:00,9283.04776931713,7433.431299763339,7028.45470501514
2023-09-05 20:00:00,9248.3150845688,7411.750458472363,6996.363956279557
2023-09-06 00:00:00,9262.403021862361,7446.749530842082,7018.286746094664
2023-09-06 04:00:00,9226.080752436468,7431.2632156342415,6987.584129126481
2023-09-06 08:00:00,9156.09631690261,7422.900605422008,6942.011056673116
2023-09-06 12:00:00,9159.149570139896,7412.060184776519,6937.495616718413
2023-09-06 16:00:00,9149.98981042804,7393.4766065271115,6897.48775326149
2023-09-06 20:00:00,9159.353120355714,7411.750458472363,6919.628679446794
2023-09-07 00:00:00,9165.866727261924,7437.1480154132205,6945.429349802962
2023-09-07 04:00:00,9179.097491290158,7457.58995148757,6974.559526682223
2023-09-07 08:00:00,9170.54838222576,7440.245278454789,6941.299089815779
2023-09-07 12:00:00,9156.09631690261,7432.502120850869,6911.735594939693
2023-09-07 16:00:00,9166.273827693562,7454.182962141846,6940.940856005656
2023-09-07 20:00:00,9173.985327110931,7488.8723082074075,6985.2120638275865
2023-09-08 00:00:00,9237.985020107446,7599.1348724872305,7063.353127522482
2023-09-08 04:00:00,9222.296673815974,7581.170746846135,7055.742710546192
2023-09-08 08:00:00,9224.317317540834,7588.604178145899,7050.556075463007
2023-09-08 12:00:00,9123.790163669537,7477.412434953606,6947.670446573286
2023-09-08 16:00:00,9123.790163669537,7472.456814087097,6944.958567637779
2023-09-08 20:00:00,9123.790163669537,7497.854371027955,6969.857100347259
2023-09-09 00:00:00,9123.790163669537,7503.119718198621,6978.735242006861
2023-09-09 04:00:00,9123.790163669537,7492.279297553132,6966.6461782040815
2023-09-09 08:00:00,9123.790163669537,7496.925192115485,6961.544530586387
2023-09-09 12:00:00,9123.790163669537,7490.420939728191,6969.701123497456
2023-09-09 16:00:00,9123.790163669537,7500.022455157053,6971.052798715244
2023-09-09 20:00:00,9123.790163669537,7494.137655378073,6957.188958145336
2023-09-10 00:00:00,9123.790163669537,7500.951634069523,6960.8125062131
2023-09-10 04:00:00,9123.790163669537,7485.155592557526,6922.951009686729
2023-09-10 08:00:00,9123.790163669537,7491.969571248976,6851.035090636421
2023-09-10 12:00:00,9123.790163669537,7467.810919524744,6821.7696266630355
2023-09-10 16:00:00,9123.790163669537,7465.33310909149,6799.506367362182
2023-09-10 20:00:00,9123.790163669537,7472.14708778294,6793.775363857381
2023-09-11 00:00:00,9123.790163669537,7469.669277349685,6790.132098438069
2023-09-11 04:00:00,9123.790163669537,7437.1480154132205,6783.575739956294
2023-09-11 08:00:00,9123.790163669537,7454.182962141846,6765.201227391278
2023-09-11 12:00:00,9123.790163669537,7394.715511743739,6653.588582228992
2023-09-11 16:00:00,9123.790163669537,7240.471812273649,6576.028805551886
2023-09-11 20:00:00,9123.790163669537,7210.738087074596,6498.92139298352
2023-09-12 00:00:00,9123.790163669537,7248.5246961817265,6553.78250941175
2023-09-12 04:00:00,9123.790163669537,7433.431299763339,6714.0147256557975
2023-09-12 08:00:00,9123.790163669537,7464.40393017902,6707.612240849536
2023-09-12 12:00:00,9114.666373505866,7538.118790568339,6809.523322378811
2023-09-12 16:00:00,9126.162644016422,7566.613610550766,6773.418902622582
2023-09-12 20:00:00,9109.91791394716,7526.349191010381,6740.2958807037085
2023-09-13 00:00:00,9075.928940263782,7442.1036362797295,6699.546482680775
2023-09-13 04:00:00,9081.552116056988,7456.041319966786,6685.6403711825
2023-09-13 08:00:00,9083.301548525986,7460.377488224981,6685.779035219038
2023-09-13 12:00:00,9124.163292623281,7561.657989684257,6785.74361257577
2023-09-13 16:00:00,9130.03638734063,7576.2151259796265,6821.952033210834
2023-09-13 20:00:00,9119.414833064573,7549.888390126298,6797.4882154177085
2023-09-14 00:00:00,9116.412308859359,7565.064979029981,6822.586425722951
2023-09-14 04:00:00,9190.839451867572,7575.90539967547,6888.348328925154
2023-09-14 08:00:00,9176.988131880447,7600.373777703858,6890.778205467647
2023-09-14 12:00:00,9202.603773312434,7629.797776598754,6910.234000638655
2023-09-14 16:00:00,9338.715538653523,7753.688298261476,7012.640729456893
2023-09-14 20:00:00,9359.30338339359,7758.643919127985,7027.118873394151
2023-09-15 00:00:00,9298.664434027964,7722.096215237482,6983.422823995253
2023-09-15 04:00:00,9368.155396994913,7745.635414353399,7031.213997619162
2023-09-15 08:00:00,9324.099287035784,7717.760046979287,6998.253874089602
2023-09-15 12:00:00,9283.780644186056,7677.805353743059,6967.398573910345
2023-09-15 16:00:00,9240.784389484343,7639.709018331771,6936.575724684346
2023-09-15 20:00:00,9241.610582209045,7673.778911789021,6940.898353544064
2023-09-16 00:00:00,9365.08965646228,7723.954573062423,7029.080887499905
2023-09-16 04:00:00,9378.54803165748,7729.2199202330885,7037.3512485427345
2023-09-16 08:00:00,9329.815941172685,7695.4597530799965,7002.406177517968
2023-09-16 12:00:00,9342.287848296226,7702.583458075604,7010.957421988359
2023-09-16 16:00:00,9305.146574724184,7694.840300471683,6986.14953739021
2023-09-16 20:00:00,9315.36041108385,7708.158531550426,6993.519589392878
2023-09-17 00:00:00,9338.340634225922,7715.282236546032,7009.103979953577
2023-09-17 04:00:00,9298.239594236951,7696.698658296624,6979.894567777255
2023-09-17 08:00:00,9286.03131872241,7696.07920568831,6972.406590630114
2023-09-17 12:00:00,9320.93314331595,7714.662783937719,6996.522337069178
2023-09-17 16:00:00,9299.118710015224,7708.77798415874,6981.959466112941
2023-09-17 20:00:00,9264.924994910707,7696.698658296624,6969.863391564615
2023-09-18 00:00:00,9266.424508455562,7700.4153739465055,6953.722153524752
2023-09-18 04:00:00,9285.168427766246,7746.874319570026,7027.637945852819
2023-09-18 08:00:00,9289.167130552527,7756.785561303044,7025.733772502415
2023-09-18 12:00:00,9327.724869496971,7898.020755998547,7151.956421148556
2023-09-18 16:00:00,9364.978843702993,7893.374861436196,7175.74656419014
2023-09-18 20:00:00,9268.452831343828,7778.466402594021,7100.81376355598
2023-09-19 00:00:00,9213.247589603885,7754.617477173947,7073.36550903042
2023-09-19 04:00:00,9255.869682565713,7775.9885921607665,7106.3911289531325
2023-09-19 08:00:00,9234.976499741288,7776.60804476908,7094.875132203797
2023-09-19 12:00:00,9296.318884513803,7873.862104274317,7180.650512965711
2023-09-19 16:00:00,9283.182064335233,7958.417385309125,7225.808165455936
2023-09-19 20:00:00,9222.240578970443,7886.870609048903,7161.02364730818
2023-09-20 00:00:00,9235.351876419474,7887.490061657217,7168.173483375762
2023-09-20 04:00:00,9204.592966327866,7860.853599499731,7138.127835906431
2023-09-20 08:00:00,9206.22084345689,7855.588252329066,7132.067793437207
2023-09-20 12:00:00,9219.551922518665,7844.747831683578,7130.191206702839
2023-09-20 16:00:00,9241.830938578883,7857.756336458163,7144.085718755868
2023-09-20 20:00:00,9236.508512671437,7826.473979738325,7128.81260515177
2023-09-21 00:00:00,9282.20731458336,7889.348419482158,7175.130134016654
2023-09-21 04:00:00,9264.474619433953,7866.118946670397,7167.048235991502
2023-09-21 08:00:00,9207.991531280995,7843.818652771107,7114.440560634527
2023-09-21 12:00:00,9121.035726659386,7783.42202346053,7033.581500792647
2023-09-21 16:00:00,9121.035726659386,7722.096215237482,6991.29782573283
2023-09-21 20:00:00,9121.035726659386,7727.671288712305,7005.350726345536
2023-09-22 00:00:00,9121.035726659386,7719.618404804228,6974.556681195722
2023-09-22 04:00:00,9121.035726659386,7746.874319570026,7030.348725425058
2023-09-22 08:00:00,9121.035726659386,7758.334192823829,7028.262160296447
2023-09-22 12:00:00,9121.035726659386,7759.573098040456,7044.364395320206
2023-09-22 16:00:00,9121.035726659386,7735.104720012068,6992.769627764076
2023-09-22 20:00:00,9121.035726659386,7718.069773283443,6982.920734299492
2023-09-23 00:00:00,9121.035726659386,7733.556088491284,6997.00945563628
2023-09-23 04:00:00,9121.035726659386,7720.237857412541,6979.315411555357
2023-09-23 08:00:00,9121.035726659386,7737.582530445323,7010.073570184966
2023-09-23 12:00:00,9121.035726659386,7736.653351532852,7009.854151827741
2023-09-23 16:00:00,9121.035726659386,7739.131161966106,6981.555486785166
2023-09-23 20:00:00,9121.035726659386,7742.538151311831,7005.886994368411
2023-09-24 00:00:00,9121.035726659386,7740.060340878577,7008.0365963131635
2023-09-24 04:00:00,9121.035726659386,7736.033898924538,7011.000403183685
2023-09-24 08:00:00,9121.035726659386,7735.414446316225,7016.5424029536625
2023-09-24 12:00:00,9121.035726659386,7743.467330224302,7023.9828215890575
2023-09-24 16:00:00,9121.035726659386,7741.608972399361,7008.1024657687785
2023-09-24 20:00:00,9121.035726659386,7701.344552858976,6979.037222424855
2023-09-25 00:00:00,9121.035726659386,7631.656134423695,6934.776384783321
2023-09-25 04:00:00,9121.035726659386,7609.665566828562,6930.106940830103
2023-09-25 08:00:00,9121.035726659386,7619.267082257423,6946.20101914715
2023-09-25 12:00:00,9121.035726659386,7596.037609445662,6930.930247871009
2023-09-25 16:00:00,9121.035726659386,7670.991375051609,7002.236568255924
2023-09-25 20:00:00,9121.035726659386,7701.344552858976,7014.179177206324
2023-09-26 00:00:00,9121.035726659386,7683.999879826195,6987.185724425333
2023-09-26 04:00:00,9111.914690932726,7707.229352637955,7006.109344059296
2023-09-26 08:00:00,9108.878798332986,7685.5485113469795,6985.582438027018
2023-09-26 12:00:00,9107.259655613125,7675.946995918118,6984.162946228793
2023-09-26 16:00:00,9099.973513373749,7648.691081152319,6951.814151498896
2023-09-26 20:00:00,9111.914690932726,7685.858237651136,6984.896427415382
2023-09-27 00:00:00,9120.212797372016,7679.663711568,6965.067205255526
2023-09-27 04:00:00,9125.677404051548,7701.034826554819,6978.479871981647
2023-09-27 08:00:00,9115.355369212433,7679.973437872157,6953.26829233357
2023-09-27 12:00:00,9185.7008595703,7855.897978633222,7125.202880560838
2023-09-27 16:00:00,9098.48487977708,7742.847877615988,7010.404452099098
2023-09-27 20:00:00,9088.630776662672,7731.078278058029,7008.465458471768
2023-09-28 00:00:00,9107.696013618775,7773.201055423355,7038.759476205076
2023-09-28 04:00:00,9122.343886620607,7775.9885921607665,7062.771272170932
2023-09-28 08:00:00,9152.470594150725,7791.474907368607,7083.55345735417
2023-09-28 12:00:00,9141.661707755691,7771.032971294258,7064.611725012526
2023-09-28 16:00:00,9234.88397290176,7907.931997731565,7185.916580534833
2023-09-28 20:00:00,9283.817436717485,7946.028333142853,7223.433835429909
2023-09-29 00:00:00,9305.4698642375,7915.9848816396425,7236.097980254388
2023-09-29 04:00:00,9322.557446172998,7892.445682523726,7246.1059261472
2023-09-29 08:00:00,9393.561975339653,7928.683660110071,7302.31932789228
2023-09-29 12:00:00,9318.307591667015,7882.844167094864,7244.571494529579
2023-09-29 16:00:00,9362.893100570294,7863.3314099329855,7275.487160837321
2023-09-29 20:00:00,9350.042041997425,7886.560882744746,7266.977997078526
2023-09-30 00:00:00,9358.420078073024,7877.888546228355,7272.675607807438
2023-09-30 04:00:00,9360.361513053353,7888.728966873844,7275.138939336142
2023-09-30 08:00:00,9384.24160225974,7887.490061657217,7292.241148006294
2023-09-30 12:00:00,9387.161262242998,7893.994314044509,7295.287765352477
2023-09-30 16:00:00,9576.470142063754,7905.1444609941545,7429.0074957769375
2023-09-30 20:00:00,9566.064357466516,7914.126523814702,7421.632541905878
2023-10-01 00:00:00,9546.699805628716,7902.356924256743,7406.258812384777
2023-10-01 04:00:00,9534.743394314508,7928.373933805915,7400.164970131832
2023-10-01 08:00:00,9582.025516117676,7943.550522709598,7434.551456593504
2023-10-01 12:00:00,9848.667957690219,7964.302185088104,7623.454596744694
2023-10-01 16:00:00,9841.915652663232,7946.957512055324,7616.839831063956
2023-10-01 20:00:00,9773.57181921001,7940.45325966803,7567.738809658934
2023-10-02 00:00:00,10170.63814292435,8200.31362885559,7869.835518880944
2023-10-02 04:00:00,10197.263613559095,8235.622427529466,7889.563749744779
2023-10-02 08:00:00,10263.55724384729,8294.780151623416,7939.737922775548
2023-10-02 12:00:00,10198.358435054128,8287.036994019496,7893.897217803566
2023-10-02 16:00:00,10183.788863286283,8268.453415770087,7878.2617707319205
2023-10-02 20:00:00,10112.092899912552,8256.993542516286,7831.996216369276
2023-10-03 00:00:00,10001.009486595207,8133.722473461877,7731.8004432194175
2023-10-03 04:00:00,10063.603422635828,8167.482640614969,7783.69772219562
2023-10-03 08:00:00,10072.999331964842,8137.748915415916,7779.445683931284
2023-10-03 12:00:00,10090.672461030032,8150.757420190502,7784.053289751706
2023-10-03 16:00:00,10080.748873529865,8098.413674788001,7767.304918725303
2023-10-03 20:00:00,9993.115412460415,8071.467486326359,7711.884728691699
2023-10-04 00:00:00,10003.77515963504,8111.422179562587,7743.371242676849
2023-10-04 04:00:00,9934.648314320793,8115.448621516625,7673.120186441896
2023-10-04 08:00:00,9931.41808790424,8110.493000650116,7669.529603048824
2023-10-04 12:00:00,9987.624027552272,8134.651652374348,7715.229031721655
2023-10-04 16:00:00,9842.90988409067,8068.9896758931045,7568.682930170858
2023-10-04 20:00:00,9874.979248931573,8135.271104982661,7637.100269741992
2023-10-05 00:00:00,9874.979248931573,8188.234302993475,7684.6905869109105
2023-10-05 04:00:00,9874.979248931573,8141.775357369954,7660.549264238268
2023-10-05 08:00:00,9874.979248931573,8139.916999545013,7635.741864049287
2023-10-05 12:00:00,9874.979248931573,8160.049209315205,7662.696339540642
2023-10-05 16:00:00,9874.979248931573,8111.731905866744,7575.313360365545
2023-10-05 20:00:00,9874.979248931573,8072.706391542986,7545.826849981153
2023-10-06 00:00:00,9874.979248931573,8053.813086989421,7523.344234533399
2023-10-06 04:00:00,9874.979248931573,8103.36929565451,7612.966948773904
2023-10-06 08:00:00,9874.979248931573,8112.970811083371,7638.416434865905
2023-10-06 12:00:00,9874.979248931573,8144.5628941073655,7627.328591481932
2023-10-06 16:00:00,9874.979248931573,8170.889629960694,7675.282525152738
2023-10-06 20:00:00,9874.979248931573,8177.08415604383,7678.225643536821
2023-10-07 00:00:00,9874.979248931573,8178.3230612604575,7673.972539029208
2023-10-07 04:00:00,9874.979248931573,8172.128535177321,7697.9450738489995
2023-10-07 08:00:00,9874.979248931573,8169.960451048223,7676.46125318841
2023-10-07 12:00:00,9874.979248931573,8186.066218864377,7676.058695880742
2023-10-07 16:00:00,9874.979248931573,8178.0133349563,7659.172390282984
2023-10-07 20:00:00,9874.979248931573,8161.59784083599,7617.340559907611
2023-10-08 00:00:00,9874.979248931573,8182.349503214496,7643.373612087722
2023-10-08 04:00:00,9865.10426968264,8214.87076515096,7685.840313482033
2023-10-08 08:00:00,9849.218719482647,8175.225798218889,7640.729061737687
2023-10-08 12:00:00,9836.559921667029,8143.633715194895,7604.411221048167
2023-10-08 16:00:00,9846.612496402962,8168.721545831596,7661.847130023525
2023-10-08 20:00:00,9848.722296038899,8173.986893002262,7650.5493493622735
2023-10-09 00:00:00,9855.299906668582,8190.402387122573,7649.822013230694
2023-10-09 04:00:00,9859.643611801393,8201.242807768062,7661.122081181168
2023-10-09 08:00:00,9855.92043597327,8191.951018643356,7621.70997311113
2023-10-09 12:00:00,9801.900133247862,8081.378728059377,7445.881610811668
2023-10-09 16:00:00,9801.900133247862,8069.609128501418,7440.42634381002
2023-10-09 20:00:00,9801.900133247862,8095.62613805059,7430.434816774986
2023-10-10 00:00:00,9801.900133247862,8079.520370234436,7398.8723529126
2023-10-10 04:00:00,9801.900133247862,8102.130390437883,7429.40142104044
2023-10-10 08:00:00,9801.900133247862,8105.537379783607,7461.126535919571
2023-10-10 12:00:00,9801.900133247862,8053.503360685264,7402.868761525602
2023-10-10 16:00:00,9801.900133247862,8001.469341586921,7330.635345378902
2023-10-10 20:00:00,9801.900133247862,8005.186057236802,7339.088269440417
2023-10-11 00:00:00,9801.900133247862,8003.637425716019,7352.029628674709
2023-10-11 04:00:00,9801.900133247862,7898.020755998547,7288.579287769229
2023-10-11 08:00:00,9801.900133247862,7898.640208606861,7293.632888880214
2023-10-11 12:00:00,9801.900133247862,7947.576964663637,7343.711611894681
2023-10-11 16:00:00,9801.900133247862,7817.801643221936,7263.44023782194
2023-10-11 20:00:00,9801.900133247862,7811.607117138799,7251.794389392425
2023-10-12 00:00:00,9801.900133247862,7832.668505821462,7268.508058660203
2023-10-12 04:00:00,9801.900133247862,7826.473979738325,7223.635103929805
2023-10-12 08:00:00,9801.900133247862,7822.757264088444,7223.455947165799
2023-10-12 12:00:00,9801.900133247862,7824.6156219133845,7196.822547313308
2023-10-12 16:00:00,9801.900133247862,7828.95179017158,7186.72607167446
2023-10-12 20:00:00,9801.900133247862,7849.703452550086,7180.930335187065
2023-10-13 00:00:00,9801.900133247862,7866.738399278711,7203.401963605188
2023-10-13 04:00:00,9801.900133247862,7862.4022310205155,7182.72794348509
2023-10-13 08:00:00,9801.900133247862,7888.10951426553,7230.09132731795
2023-10-13 12:00:00,9801.900133247862,7895.233219261137,7251.7850055379295
2023-10-13 16:00:00,9801.900133247862,7877.2690936200415,7234.819095166446
2023-10-13 20:00:00,9801.900133247862,7890.277598394628,7264.62778750263
2023-10-14 00:00:00,9801.900133247862,7918.152965768741,7308.769486125335
2023-10-14 04:00:00,9792.098233114613,7942.931070101285,7347.281021122902
2023-10-14 08:00:00,9793.49850456222,7919.082144681211,7331.825572048572
2023-10-14 12:00:00,9774.050290012125,7923.418312939406,7316.972801169879
2023-10-14 16:00:00,9788.519761637395,7944.479701622069,7349.938278078939
2023-10-14 20:00:00,9786.652733040588,7922.798860331092,7339.623164153164
2023-10-15 00:00:00,9779.806961518954,7920.0113235936815,7332.472326369183
2023-10-15 04:00:00,9775.761732892533,7926.82530228513,7332.286442716058
2023-10-15 08:00:00,9772.80560428092,7928.993386414229,7331.183141348042
2023-10-15 12:00:00,9763.781632729675,7918.772418377054,7322.97436030805
2023-10-15 16:00:00,9740.599360985962,7928.064207501758,7306.437206229397
2023-10-15 20:00:00,9744.576957137457,7972.974521604495,7348.209565479086
2023-10-16 00:00:00,9757.565931234161,7998.68180484951,7358.627917920451
2023-10-16 04:00:00,9798.262733777223,8017.884835707232,7388.811003747265
2023-10-16 08:00:00,9995.836097718922,8189.473208210102,7538.2944114204565
2023-10-16 12:00:00,10030.92040692589,8153.235230623756,7562.3282788705155
2023-10-16 16:00:00,10055.929402210328,8243.365585133386,7583.896568220636
2023-10-16 20:00:00,10209.946125226277,8341.858549855251,7699.119725016253
2023-10-17 00:00:00,10265.746705871126,8368.495012012736,7740.45820572786
2023-10-17 04:00:00,10226.21001155943,8301.594130314867,7709.3678705445645
2023-10-17 08:00:00,10259.707419093058,8352.389244196582,7735.541841152375
2023-10-17 12:00:00,10224.51557450915,8323.894424214155,7709.047918304777
2023-10-17 16:00:00,10157.149379957395,8324.51387682247,7667.4394203603915
2023-10-17 20:00:00,10209.14810800943,8355.48650723815,7692.553156837171
2023-10-18 00:00:00,10163.354867789152,8316.460992914392,7661.532610038292
2023-10-18 04:00:00,10192.033679205348,8355.48650723815,7686.150368350365
2023-10-18 08:00:00,10167.891445739215,8340.92937094278,7672.8439488748245
2023-10-18 12:00:00,10152.823137821333,8319.248529651804,7674.519927995501
2023-10-18 16:00:00,10135.83691968485,8309.647014222943,7656.013536907595
2023-10-18 20:00:00,10138.053784237363,8310.88591943957,7647.726087014154
2023-10-19 00:00:00,10100.827350620319,8324.51387682247,7619.5368713382995
2023-10-19 04:00:00,10105.537297134391,8305.930298573061,7600.788368704691
2023-10-19 08:00:00,10171.433107943103,8329.779223993135,7654.476679236915
2023-10-19 12:00:00,10233.867368468093,8352.389244196582,7697.721358872392
2023-10-19 16:00:00,10322.366568778412,8403.803810686612,7773.87534151577
2023-10-19 20:00:00,10380.086086688734,8418.670673286138,7823.8254467480165
2023-10-20 00:00:00,10341.998671718497,8408.449705248964,7793.795705684273
2023-10-20 04:00:00,10516.857694809092,8563.622583631524,7958.049907822211
2023-10-20 08:00:00,10616.732435264275,8571.985193843757,8026.302037035651
2023-10-20 12:00:00,10752.934028506936,8727.158072226317,8176.849466375919
2023-10-20 16:00:00,10693.820631869137,8638.266622933314,8130.380858943826
2023-10-20 20:00:00,10702.04814745384,8646.319506841392,8136.694311887835
2023-10-21 00:00:00,10726.080105992038,8677.601863561227,8155.147612672423
2023-10-21 04:00:00,10673.5648856958,8659.637737920133,8116.225537217509
2023-10-21 08:00:00,10896.77893071804,8689.681189423343,8279.393897561506
2023-10-21 12:00:00,11123.920345379205,8724.06080918475,8445.293850606764
2023-10-21 16:00:00,11106.20013776506,8761.227965683565,8434.573342100737
2023-10-21 20:00:00,11211.870041331327,8812.642532173595,8513.29724832091
2023-10-22 00:00:00,11134.41712523715,8738.927671784275,8454.191111545482
2023-10-22 04:00:00,11197.041292958675,8751.006997646391,8500.034248051456
2023-10-22 08:00:00,11057.098468175944,8723.131630272279,8397.595880001516
2023-10-22 12:00:00,10993.038031762902,8748.529187213137,8352.072215759781
2023-10-22 16:00:00,10993.35888291598,8722.821903968123,8351.235725922608
2023-10-22 20:00:00,11049.541516366791,8723.131630272279,8392.31997158586
2023-10-23 00:00:00,11176.521305842116,8768.971123287485,8487.013435681729
2023-10-23 04:00:00,11585.10993834493,8993.52269380117,8792.741020249605
2023-10-23 08:00:00,11400.265344684309,8916.710570370282,8655.103335369153
2023-10-23 12:00:00,11376.772875115937,8959.45280034392,8639.729449798584
2023-10-23 16:00:00,11257.61486387243,8995.071325321955,8554.534252080526
2023-10-23 20:00:00,11500.18323456912,9119.891025897146,8735.968905957425
2023-10-24 00:00:00,12087.85172996223,9601.205702556823,9181.856857873625
2023-10-24 04:00:00,12184.348723150062,9859.517440223599,9262.904895324886
2023-10-24 08:00:00,12192.236451640136,9876.552386952224,9269.416590144714
2023-10-24 12:00:00,12453.714623661157,10067.343790312816,9467.519550544279
2023-10-24 16:00:00,12114.35601570866,9843.101946103288,9211.109876557788
2023-10-24 20:00:00,12079.735624167175,9881.81773412289,9187.451005525829
2023-10-25 00:00:00,12054.388303684673,9922.39187996743,9170.812663184211
2023-10-25 04:00:00,12197.141970804045,9934.16147952539,9274.824937624522
2023-10-25 08:00:00,12152.526451771744,9909.383375192845,9241.027112500502
2023-10-25 12:00:00,12417.670462695838,10015.309771214472,9437.76150009575
2023-10-25 16:00:00,12712.171714181126,10199.287195883615,9658.754375261935
2023-10-25 20:00:00,12587.286093583298,10181.632796546677,9567.11925808101
2023-10-26 00:00:00,12508.810122130624,10119.687535715317,9507.855451875119
2023-10-26 04:00:00,12679.46113216225,10224.06530021616,9636.533494872288
2023-10-26 08:00:00,12710.830147433371,10169.86319698872,9658.383957429496
2023-10-26 12:00:00,12448.615774366786,10021.814023601764,9461.610287594827
2023-10-26 16:00:00,12293.636336987991,10009.115245131336,9347.599960830416
2023-10-26 20:00:00,12331.368906084524,9986.814951232047,9374.429951095035
2023-10-27 00:00:00,12537.664085732105,10014.070865997845,9525.26238690776
2023-10-27 04:00:00,12451.192460067576,10003.230445352357,9461.754928809763
2023-10-27 08:00:00,12405.384196152901,9966.06328885354,9434.57951825411
2023-10-27 12:00:00,12454.66923320391,10009.73469773965,9489.644996934016
2023-10-27 16:00:00,12378.276646451137,9942.214363433466,9402.013308599784
2023-10-27 20:00:00,12343.892203126568,9876.242660648066,9349.275079093155
2023-10-28 00:00:00,12298.295319563864,9936.329563654486,9353.050012994467
2023-10-28 04:00:00,12298.295319563864,9991.770572098556,9457.731949418378
2023-10-28 08:00:00,12298.295319563864,9992.699751011025,9444.47122104765
2023-10-28 12:00:00,12298.295319563864,10028.937728597371,9451.275580316735
2023-10-28 16:00:00,12298.295319563864,10037.919791417919,9443.06527793656
2023-10-28 20:00:00,12298.295319563864,10004.469350568985,9363.97340586795
2023-10-29 00:00:00,12298.295319563864,10001.06236122326,9363.807268878638
2023-10-29 04:00:00,12298.295319563864,9969.780004503422,9344.025265066126
2023-10-29 08:00:00,12298.295319563864,10000.442908614945,9450.795001785847
2023-10-29 12:00:00,12298.295319563864,10048.140759455093,9468.609733221489
2023-10-29 16:00:00,12298.295319563864,10102.033136378377,9529.855060843793
2023-10-29 20:00:00,12273.698728924735,10139.200292877194,9587.126483024289
2023-10-30 00:00:00,12257.028021322054,10133.625219402373,9572.86961894884
2023-10-30 04:00:00,12210.757071292664,10057.432548579798,9515.553564735215
2023-10-30 08:00:00,12180.648598288446,10041.6365070678,9499.51174392901
2023-10-30 12:00:00,12488.99665534849,10127.120967015078,9808.65989265519
2023-10-30 16:00:00,12474.573322855962,10108.847115069828,9797.068385934515
2023-10-30 20:00:00,12397.280252599303,10056.19364336317,9739.326505292986
2023-10-31 00:00:00,12419.240038356595,10072.299411179325,9754.635192248596
2023-10-31 04:00:00,12457.455071929071,10011.59305556459,9813.751892785058
2023-10-31 08:00:00,12444.480112833651,9969.160551895107,9777.088761928015
2023-10-31 12:00:00,12547.493424439705,10035.441980984664,9905.131559574544
2023-10-31 16:00:00,12517.087459690843,10056.503369667327,9883.004586767656
2023-10-31 20:00:00,12532.552562451041,10116.590272673748,9938.89660286956
2023-11-01 00:00:00,12777.321492596582,10149.111534610212,10187.69743623623
2023-11-01 04:00:00,12734.310204728943,10094.289978774457,10151.818013648115
2023-11-01 08:00:00,12764.311429615116,10108.227662461513,10179.300404536003
2023-11-01 12:00:00,12861.26138024426,10114.112462240493,10263.633565296084
2023-11-01 16:00:00,13012.556121142896,10089.334357907948,10406.140820897632
2023-11-01 20:00:00,13141.483582805671,10129.908503752491,10581.088214012396
2023-11-02 00:00:00,13170.081756103817,10372.733926211426,10600.441564260902
2023-11-02 04:00:00,13374.28381001528,10411.759440535183,10773.164173597346
2023-11-02 08:00:00,13348.354321460169,10316.673465159045,10759.867524738602
2023-11-02 12:00:00,13495.375589082942,10314.815107334103,10887.381478017982
2023-11-02 16:00:00,12775.663406174237,10115.35136745712,10300.882618690448
2023-11-02 20:00:00,12955.346930616855,10220.658310870434,10501.560149769106
2023-11-03 00:00:00,12809.21481555229,10197.428838058675,10351.889673481726
2023-11-03 04:00:00,12636.71391392043,10113.183283328022,10185.192813132955
2023-11-03 08:00:00,12636.71391392043,10051.547748800818,10163.791250625673
2023-11-03 12:00:00,12636.71391392043,9971.94808863252,10124.275262511654
2023-11-03 16:00:00,12636.71391392043,10040.087875547017,10200.142778482965
2023-11-03 20:00:00,12636.71391392043,9987.43440384036,10125.016559193242
2023-11-04 00:00:00,12636.71391392043,10029.247454901528,10186.877827724824
2023-11-04 04:00:00,12636.71391392043,10037.300338809606,10367.424158968592
2023-11-04 08:00:00,12636.71391392043,10051.857475104975,10437.177133642617
2023-11-04 12:00:00,12636.71391392043,10044.114317501055,10427.40395428791
2023-11-04 16:00:00,12636.71391392043,10033.273896855568,10382.13259567676
2023-11-04 20:00:00,12636.71391392043,10036.99061250545,10410.309302982798
2023-11-05 00:00:00,12636.71391392043,10133.93494570653,10572.129203099605
2023-11-05 04:00:00,12624.07720000651,10190.305133063068,10642.244012710753
2023-11-05 08:00:00,12620.01133323884,10168.314565467934,10533.719760878392
2023-11-05 12:00:00,12627.903898140788,10144.46564004786,10546.982271035815
2023-11-05 16:00:00,12597.529481699954,10081.591200304028,10404.881621771805
2023-11-05 20:00:00,12627.425560874002,10114.42218854465,10438.929451115931
2023-11-06 00:00:00,12632.687270808636,10122.475072452728,10490.846710206748
2023-11-06 04:00:00,12626.229717707041,10103.272041595004,10471.619343985512
2023-11-06 08:00:00,12603.747866168156,10088.095452691321,10322.671789956283
2023-11-06 12:00:00,12636.274800309522,10161.190860472328,10402.985674310545
2023-11-06 16:00:00,12648.950737879319,10125.262609190138,10395.201632361817
2023-11-06 20:00:00,12658.278314581621,10137.65166135641,10442.116766512956
2023-11-07 00:00:00,12657.799977314837,10133.625219402373,10614.37628368881
2023-11-07 04:00:00,12638.666486643446,10102.033136378377,10455.290311651559
2023-11-07 08:00:00,12645.602377011826,10128.669598535864,10555.083500697527
2023-11-07 12:00:00,12610.683756536535,10066.724337704502,10465.637142210371
2023-11-07 16:00:00,12585.810218663726,10070.750779658541,10459.812479542694
2023-11-07 20:00:00,12624.029868939331,10274.860414097875,10847.500520359923
2023-11-08 00:00:00,12503.822164479563,10261.232456714975,10725.579300482694
2023-11-08 04:00:00,12528.057073718057,10223.136121303689,10759.431705399464
2023-11-08 08:00:00,12533.782078563348,10220.96803717459,10769.823197303667
2023-11-08 12:00:00,12549.098118940004,10250.701762373645,10776.983214604119
2023-11-08 16:00:00,12466.563258139728,10193.092669800479,10690.422121093168
2023-11-08 20:00:00,12578.6881494878,10321.00963341724,10786.868639703092
2023-11-09 00:00:00,12538.707380763062,10299.63851843042,10758.624546234365
2023-11-09 04:00:00,12805.429564465036,10554.54326675147,10991.806250620808
2023-11-09 08:00:00,12782.314285332171,10581.79918151727,10970.009116672758
2023-11-09 12:00:00,13148.06574105038,10674.407346460155,11358.834018218819
2023-11-09 16:00:00,13344.377145510001,10724.892734037714,11453.867118603997
2023-11-09 20:00:00,13098.593177464496,10574.985202825821,11207.732245719057
2023-11-10 00:00:00,13451.488260051572,10666.973915160392,11482.471159352393
2023-11-10 04:00:00,13646.646767881684,10664.496104727137,11700.761070196964
2023-11-10 08:00:00,13589.840793517578,10589.54233912119,11664.147219744595
2023-11-10 12:00:00,13946.537776748006,10768.564142923824,12044.650677810923
2023-11-10 16:00:00,13957.335258165236,10766.396058794726,12060.74549971441
2023-11-10 20:00:00,14269.651751918955,10813.164730722405,12404.355166144855
2023-11-11 00:00:00,14485.738068657614,10824.934330280363,12653.4100409568
2023-11-11 04:00:00,14312.208458754412,10755.865364453395,12498.877372878851
2023-11-11 08:00:00,14183.67532515933,10749.670838370259,12347.690687980927
2023-11-11 12:00:00,14294.608996553852,10741.617954462183,12468.49510462283
2023-11-11 16:00:00,14871.760982239555,10764.22797466563,13091.24380877711
2023-11-11 20:00:00,14860.416505122965,10783.43100552335,13069.262346683421
2023-11-12 00:00:00,14408.916262778628,10791.17416312727,12592.543303486074
2023-11-12 04:00:00,14478.595235346223,10737.281786203986,12678.388917370896
2023-11-12 08:00:00,14879.763631848944,10783.121279219195,13108.476517605493
2023-11-12 12:00:00,14723.907892371386,10758.34317488665,12949.903863541926
2023-11-12 16:00:00,14638.260715010983,10789.006078998173,12842.788421427944
2023-11-12 20:00:00,14365.522919493676,10777.546205744371,12551.031330242102
2023-11-13 00:00:00,14343.614262526673,10753.077827715984,12551.149399631344
2023-11-13 04:00:00,14404.058788948809,10716.220397521323,12615.6899449283
2023-11-13 08:00:00,14514.65842749074,10722.41492360446,12743.790502343047
2023-11-13 12:00:00,14372.750958128814,10679.053241022508,12605.757417683724
2023-11-13 16:00:00,14221.229893616644,10673.78789385184,12539.610787937698
2023-11-13 20:00:00,14089.550862019129,10673.78789385184,12418.17409946553
2023-11-14 00:00:00,13971.892348625635,10562.286424355392,11988.387444585616
2023-11-14 04:00:00,13971.892348625635,10559.808613922138,12254.33224256013
2023-11-14 08:00:00,13971.892348625635,10623.612232578438,12394.602427881575
2023-11-14 12:00:00,13971.892348625635,10480.828406362152,12030.174507949312
2023-11-14 16:00:00,13971.892348625635,10502.509247653128,12061.724864547366
2023-11-14 20:00:00,13971.892348625635,10044.73377010937,11931.3288441289
2023-11-15 00:00:00,13971.892348625635,10131.457135273275,12137.873156118
2023-11-15 04:00:00,13971.892348625635,10078.493937262461,12051.555081808081
2023-11-15 08:00:00,13971.892348625635,10147.253176785272,12403.078000560967
2023-11-15 12:00:00,13957.92045627701,10339.593211666648,12916.328041149329
2023-11-15 16:00:00,13913.250563566202,10387.600788810953,12883.749423936435
2023-11-15 20:00:00,14132.509965130568,10710.645324046502,13347.55591496301
2023-11-16 00:00:00,14145.216682533595,10816.881446372287,13432.087350297486
2023-11-16 04:00:00,14119.435612185916,10714.052313392227,13420.850062501924
2023-11-16 08:00:00,14104.579887711796,10704.450797963365,13396.82070044788
2023-11-16 12:00:00,13947.549707681646,10636.620737353025,13217.987018501086
2023-11-16 16:00:00,13630.008891125677,10377.999273382093,12749.73784160966
2023-11-16 20:00:00,13688.232126508168,10258.75464628172,12752.532044272666
2023-11-17 00:00:00,13343.870560246543,10331.54032775857,12306.890979305159
2023-11-17 04:00:00,13343.870560246543,10422.599861180672,12491.365504862315
2023-11-17 08:00:00,13343.870560246543,10357.557337307742,12376.381929384228
2023-11-17 12:00:00,13343.870560246543,10376.760368165465,12354.853976290688
2023-11-17 16:00:00,13343.870560246543,10260.922730410819,11906.264622582337
2023-11-17 20:00:00,13343.870560246543,10333.088959279356,12211.132256058456
2023-11-18 00:00:00,13343.870560246543,10406.494093364518,12368.554213263837
2023-11-18 04:00:00,13343.870560246543,10335.56676971261,12127.647751024404
2023-11-18 08:00:00,13343.870560246543,10348.265548183039,12086.886535296428
2023-11-18 12:00:00,13343.870560246543,10347.646095574724,12144.163777758033
2023-11-18 16:00:00,13343.870560246543,10430.033292480435,12310.666980297574
2023-11-18 20:00:00,13343.870560246543,10428.794387263808,12440.977777837283
2023-11-19 00:00:00,13343.870560246543,10406.184367060361,12365.58746113789
2023-11-19 04:00:00,13343.870560246543,10375.521462948838,12315.805185475616
2023-11-19 08:00:00,13343.870560246543,10406.803819668676,12560.33829350191
2023-11-19 12:00:00,13343.870560246543,10363.751863390878,12475.340017071721
2023-11-19 16:00:00,13343.870560246543,10404.635735539578,12524.831194128197
2023-11-19 20:00:00,13343.870560246543,10516.446931340184,12721.182771079588
2023-11-20 00:00:00,13317.18281912605,10616.488527582833,12768.773196231348
2023-11-20 04:00:00,13254.622310064227,10535.649962197906,12591.063209525193
2023-11-20 08:00:00,13316.727115027634,10576.843560650761,12640.453836460783
2023-11-20 12:00:00,13314.118245113956,10545.87093023508,12649.087333182131
2023-11-20 16:00:00,13378.219130395582,10621.753874753498,12578.076773940698
2023-11-20 20:00:00,13369.089024749916,10647.151431694356,12416.36889645333
2023-11-21 00:00:00,13323.695156722908,10604.409201720717,12278.070747882553
2023-11-21 04:00:00,13308.15372314085,10600.692486070835,12205.800666414598
2023-11-21 08:00:00,13250.67004683685,10544.632025018453,12106.480884448953
2023-11-21 12:00:00,13251.266031969993,10532.242972852182,12207.01672490932
2023-11-21 16:00:00,13174.361691359285,10477.731143320583,12060.918042564324
2023-11-21 20:00:00,13174.361691359285,10498.48280569909,12032.713745056451
2023-11-22 00:00:00,13174.361691359285,10152.518523955938,11504.710723863078
2023-11-22 04:00:00,13174.361691359285,10329.372243629474,11917.823772632757
2023-11-22 08:00:00,13174.361691359285,10347.646095574724,11988.339737777003
2023-11-22 12:00:00,13174.361691359285,10361.274052957624,12005.502727824822
2023-11-22 16:00:00,13161.187329667926,10407.113545972832,12123.370572465068
2023-11-22 20:00:00,13249.15246034577,10607.506464762286,12484.006388680718
2023-11-23 00:00:00,13205.204884720948,10643.124989740318,12504.289915102028
2023-11-23 04:00:00,13171.024276728098,10598.524401941737,12474.117680278981
2023-11-23 08:00:00,13185.451683347932,10611.84263302048,12503.826849937152
2023-11-23 12:00:00,13179.737437856595,10612.771811932951,12512.207321898699
2023-11-23 16:00:00,13094.10602704758,10502.818973957284,12309.26152119169
2023-11-23 20:00:00,13176.819983907477,10593.259054771072,12351.036962991908
2023-11-24 00:00:00,13178.023771778218,10604.09947541656,12371.264674652753
2023-11-24 04:00:00,13194.133925014725,10615.249622366206,12464.88099290981
2023-11-24 08:00:00,13244.271574250317,10666.664188856235,12504.018788391939
2023-11-24 12:00:00,13288.994003848225,10723.963555125243,12601.001256153188
2023-11-24 16:00:00,13366.169111407144,10824.624603976206,12661.153058949061
2023-11-24 20:00:00,13171.062871757427,10697.636819271915,12468.64888443676
2023-11-25 00:00:00,13133.845468231773,10684.62831449733,12429.48512680658
2023-11-25 04:00:00,13303.819349205405,10712.193955567285,12647.395829181605
2023-11-25 08:00:00,13292.969570591245,10715.60094491301,12628.603403108624
2023-11-25 12:00:00,13178.905727871293,10674.717072764312,12506.727886140907
2023-11-25 16:00:00,13267.926630176184,10694.229829926191,12613.07269502132
2023-11-25 20:00:00,13318.749376865886,10719.627386867049,12673.2286360531
2023-11-26 00:00:00,13294.453958140988,10708.78696622156,12642.586453126587
2023-11-26 04:00:00,13229.994291136063,10700.424356009327,12583.645947638457
2023-11-26 08:00:00,13234.925063648832,10713.123134479756,12608.72859528831
2023-11-26 12:00:00,13180.80306188306,10683.699135584859,12530.414360249155
2023-11-26 16:00:00,13073.258263505126,10617.72743279946,12407.435149026842
2023-11-26 20:00:00,13073.258263505126,10603.480022808246,12411.005276115036
2023-11-27 00:00:00,13073.258263505126,10609.05509628307,12443.72400954466
2023-11-27 04:00:00,13073.258263505126,10567.551771526058,12312.71513524595
2023-11-27 08:00:00,13073.258263505126,10562.286424355392,12236.74951229296
2023-11-27 12:00:00,13073.258263505126,10480.828406362152,12068.843524255193
2023-11-27 16:00:00,13073.258263505126,10429.413839872122,11935.13979639202
2023-11-27 20:00:00,13073.258263505126,10434.059734434473,11928.12398525565
2023-11-28 00:00:00,13073.258263505126,10534.101330677122,12095.57302155473
2023-11-28 04:00:00,13073.258263505126,10506.22596330301,12079.18026975928
2023-11-28 08:00:00,13073.258263505126,10510.562131561204,12095.527642349365
2023-11-28 12:00:00,13073.258263505126,10546.80010914755,12228.389180929114
2023-11-28 16:00:00,13073.258263505126,10592.020149554444,12223.444130596257
2023-11-28 20:00:00,13060.18500524162,10758.962627494962,12501.900764116901
2023-11-29 00:00:00,13018.911992136542,10657.062673427374,12456.349491096014
2023-11-29 04:00:00,13035.973176885145,10699.1854507927,12506.818489327548
2023-11-29 08:00:00,13046.372873608561,10757.104269670022,12634.576456574694
2023-11-29 12:00:00,13140.773381341383,10748.431933153632,12759.63923831188
2023-11-29 16:00:00,13072.300225159135,10684.62831449733,12649.871707237187
2023-11-29 20:00:00,13077.737769012158,10692.681198405407,12664.277284141976
2023-11-30 00:00:00,13030.335215704676,10694.229829926191,12584.520223657477
2023-11-30 04:00:00,13126.472940874064,10745.954122720377,12721.597260648266
2023-11-30 08:00:00,13087.382446319842,10696.397914055287,12680.529259437939
2023-11-30 12:00:00,13176.671115661273,10750.909743586886,12816.370396361293
2023-11-30 16:00:00,13063.830291960337,10686.796398626428,12657.557933431743
2023-11-30 20:00:00,13116.269704168619,10745.024943807906,12753.2952265007
2023-12-01 00:00:00,13074.8248168258,10731.08726012085,12684.265780598093
2023-12-01 04:00:00,13294.270202086784,10808.518836160052,12915.72773423982
2023-12-01 08:00:00,13338.677722669336,10880.065612420274,12959.346453080274
2023-12-01 12:00:00,13388.325659279308,10975.151587796414,13004.477027820856
2023-12-01 16:00:00,13347.54915819957,10983.20447170449,12948.52796749415
2023-12-01 20:00:00,13390.818369122051,11046.38863775248,12988.885375356756
2023-12-02 00:00:00,13313.446130937282,11013.867375816015,12894.502216035286
2023-12-02 04:00:00,13419.388922676839,11043.910827319225,13030.575163483936
2023-12-02 08:00:00,13502.643624937664,11026.566154286444,13140.86510535879
2023-12-02 12:00:00,13527.783010882418,11039.884385365185,13171.769571010214
2023-12-02 16:00:00,13520.986534335534,11049.485900794047,13151.141476714973
2023-12-02 20:00:00,13781.826635361183,11218.90618916782,13394.868942505173
2023-12-03 00:00:00,13843.704221315935,11235.941135896444,13471.849358173506
2023-12-03 04:00:00,13854.037374371423,11208.994947434801,13496.862190443233
2023-12-03 08:00:00,13874.367548464019,11246.781556541931,13511.057696161948
2023-12-03 12:00:00,13826.075928455128,11246.781556541931,13451.410431681972
2023-12-03 16:00:00,13816.691442147348,11314.301890848115,13419.250726107648
2023-12-03 20:00:00,13823.480245187438,11273.727745003574,13425.539759536634
2023-12-04 00:00:00,13918.620443283246,11373.769341246223,13498.761261394946
2023-12-04 04:00:00,14141.006674031742,11597.08200654328,13732.235183352645
2023-12-04 08:00:00,14289.241721558796,11825.04056640269,13822.912625681518
2023-12-04 12:00:00,14158.294470517605,11863.446628118132,13648.408863189201
2023-12-04 16:00:00,13999.379993540339,11827.208650531786,13475.714836282841
2023-12-04 20:00:00,14111.5412229117,12010.256896288458,13613.936972566567
2023-12-05 00:00:00,14119.485913342129,12003.133191292853,13674.996865929788
2023-12-05 04:00:00,14078.529637605372,11952.647803715292,13533.553668257246
2023-12-05 08:00:00,14008.475613801556,11903.711047658517,13406.988614605747
2023-12-05 12:00:00,14031.986126736278,11949.240814369568,13472.187163816528
2023-12-05 16:00:00,14153.505515028552,12112.156850356048,13655.027077959672
2023-12-05 20:00:00,14441.22452451028,12576.746306591256,13926.969816931523
2023-12-06 00:00:00,14513.042273896954,12647.673630243165,13936.610015258135
2023-12-06 04:00:00,14435.578128692097,12544.225044654791,14221.401604623874
2023-12-06 08:00:00,14338.610605385147,12543.605592046479,14103.997939480854
2023-12-06 12:00:00,14335.046660584292,12603.6924950529,14099.2990811529
2023-12-06 16:00:00,14288.312079662974,12583.250558978549,14039.262090391905
2023-12-06 20:00:00,14471.882285533018,12648.293082851478,14271.828025508523
2023-12-07 00:00:00,14198.016533849788,12595.329884840665,13948.746889356411
2023-12-07 04:00:00,14258.095586321879,12649.222261763949,14104.827532036252
2023-12-07 08:00:00,14264.048734089307,12616.700999827484,14141.91155243768
2023-12-07 12:00:00,14118.022015251441,12418.476165167129,14129.695028818032
2023-12-07 16:00:00,14143.026390649135,12547.32230769636,14454.6403034504
2023-12-07 20:00:00,14035.4615211922,12398.653681701093,14315.29446602368
2023-12-08 00:00:00,14308.799277342641,12433.962480374968,14684.948851144847
2023-12-08 04:00:00,14456.531467888737,12455.643321665944,14878.64674651829
2023-12-08 08:00:00,14541.881439994471,12409.184376042424,15050.809321427998
2023-12-08 12:00:00,14720.952751657318,12540.818055309066,15268.241927012266
2023-12-08 16:00:00,14660.237695150212,12596.568790057292,15181.260069225405
2023-12-08 20:00:00,14727.658579876768,12660.062682409438,15251.656551401138
2023-12-09 00:00:00,14948.790200181298,12722.007943240798,15561.572520545535
2023-12-09 04:00:00,14899.012781413732,12719.220406503387,15486.815872595937
2023-12-09 08:00:00,15144.587453648905,12731.919184973816,15819.244643414211
2023-12-09 12:00:00,15052.897903595447,12621.037168085679,15750.232323671453
2023-12-09 16:00:00,14997.526571244034,12696.920112604097,15634.836344984635
2023-12-09 20:00:00,14861.56813295299,12659.443229801123,15448.58563161956
2023-12-10 00:00:00,14672.391147887813,12593.781253319881,15208.081806405684
2023-12-10 04:00:00,14750.968958715312,12625.683062648031,15303.813040039873
2023-12-10 08:00:00,14736.521046644211,12662.230766538534,15266.919569392609
2023-12-10 12:00:00,14607.128730500666,12588.825632453372,15112.69746526633
2023-12-10 16:00:00,14822.936334040613,12648.293082851478,15401.497577282018
2023-12-10 20:00:00,14795.55414736184,12618.249631348268,15362.740502343397
2023-12-11 00:00:00,14880.951415454205,12608.33838961525,15504.658087719301
2023-12-11 04:00:00,14188.416379210024,12179.67718466223,14789.494456105214
2023-12-11 08:00:00,14188.416379210024,12139.722491426004,14512.360678136185
2023-12-11 12:00:00,14188.416379210024,12191.137057916034,14655.150345477578
2023-12-11 16:00:00,14188.416379210024,12044.326789745706,14534.93783360592
2023-12-11 20:00:00,14188.416379210024,11716.016907339494,14347.509152628401
2023-12-12 00:00:00,14188.416379210024,11866.234164855543,14602.331290550253
2023-12-12 04:00:00,14188.416379210024,12004.991549117793,14732.50918635834
2023-12-12 08:00:00,14188.416379210024,12063.220094299273,14798.852580517385
2023-12-12 12:00:00,14188.416379210024,11928.489151991062,14580.66096074698
2023-12-12 16:00:00,14188.416379210024,11875.835680284405,14313.87947701566
2023-12-12 20:00:00,14188.416379210024,11806.45698815328,14184.714549750017
2023-12-13 00:00:00,14188.416379210024,11901.233237225262,14342.767800479178
2023-12-13 04:00:00,14188.416379210024,11711.061286472985,13898.613625454334
2023-12-13 08:00:00,14188.416379210024,11801.811093590928,13888.42055236929
2023-12-13 12:00:00,14188.416379210024,11773.006547304345,13928.683728922544
2023-12-13 16:00:00,14188.416379210024,12031.937737579436,14310.882955182013
2023-12-13 20:00:00,14188.416379210024,12172.553479666625,14618.413833350467
2023-12-14 00:00:00,14188.416379210024,12215.295709640264,14685.432544436091
2023-12-14 04:00:00,14188.416379210024,12141.271122946788,14560.196631401855
2023-12-14 08:00:00,14188.416379210024,12223.34859354834,14801.503132747415
2023-12-14 12:00:00,14145.97844387839,12267.949181346921,15004.239004396051
2023-12-14 16:00:00,13782.630249052692,11969.37302413976,14609.275472691497
2023-12-14 20:00:00,13921.688674996882,12151.492090983962,14859.991712563973
2023-12-15 00:00:00,14118.519156135622,12126.094534043104,15129.812715158627
2023-12-15 04:00:00,13969.739382215224,12053.928305174568,14930.10969727311
2023-12-15 08:00:00,14090.847699192722,12038.751716270885,15136.119883214034
2023-12-15 12:00:00,14273.500406207526,12085.210661894405,15434.471558144014
2023-12-15 16:00:00,14021.47303377465,11893.180353317186,15041.747881092919
2023-12-15 20:00:00,14088.827827064913,11969.682750443917,15196.393769413893
2023-12-16 00:00:00,13810.787801068582,11929.728057207689,14707.223985017285
2023-12-16 04:00:00,13922.368270286166,12039.371168879197,14970.862066477423
2023-12-16 08:00:00,13928.465946681852,12014.90279085081,14955.787134855376
2023-12-16 12:00:00,13978.719210770425,12044.01706344155,15064.610327784249
2023-12-16 16:00:00,14101.513797497315,12122.068092089065,15290.152894399453
2023-12-16 20:00:00,13909.191682212731,12048.353231699746,14927.420785672432
2023-12-17 00:00:00,13895.244123560535,12021.71676954226,14887.433927456435
2023-12-17 04:00:00,13865.814564539693,12002.823464988694,14854.310557154255
2023-12-17 08:00:00,13865.814564539693,11916.409826128945,14667.93543574185
2023-12-17 12:00:00,13865.814564539693,11931.896141336787,14759.23209508873
2023-12-17 16:00:00,13865.814564539693,11894.419258533813,14708.100724842463
2023-12-17 20:00:00,13865.814564539693,11968.753571531446,14837.092043373996
2023-12-18 00:00:00,13865.814564539693,11764.334210787954,14437.467278214861
2023-12-18 04:00:00,13865.814564539693,11660.575898895424,14255.929119473512
2023-12-18 08:00:00,13865.814564539693,11661.195351503738,14126.358273148793
2023-12-18 12:00:00,13865.814564539693,11659.336993678797,14107.235222022397
2023-12-18 16:00:00,13865.814564539693,11715.087728427023,14345.946331318493
2023-12-18 20:00:00,13865.814564539693,11834.64208183155,14556.556116542692
2023-12-19 00:00:00,13865.814564539693,12096.051082539894,14930.767462659162
2023-12-19 04:00:00,13851.948749975152,12199.809394432423,15062.600509489825
2023-12-19 08:00:00,13851.362045795282,12198.26076291164,15119.273326136401
2023-12-19 12:00:00,13841.62275640944,12172.553479666625,14984.309253812127
2023-12-19 16:00:00,13769.575483121405,11982.381528914346,14698.182245241853
2023-12-19 20:00:00,13759.71885289959,11956.364519365174,14738.023920034597
2023-12-20 00:00:00,13750.918290201538,11933.135046553414,14609.451512094322
2023-12-20 04:00:00,13767.698029745821,11977.425908047837,14830.41191899917
2023-12-20 08:00:00,13806.915351518463,12117.422197526714,15047.991666936214
2023-12-20 12:00:00,13890.83620046897,12135.386323167808,15181.684665677783
2023-12-20 16:00:00,14197.601939774748,12414.759449517247,15659.000243733848
2023-12-20 20:00:00,14201.299965484479,12362.10597781059,15626.82479116727
2023-12-21 00:00:00,14279.816666559771,12350.026651948474,15763.487615296655
2023-12-21 04:00:00,14345.113279240875,12341.973768040398,15872.683377742744
2023-12-21 08:00:00,14565.418840243456,12384.715998014037,16254.758325208126
2023-12-21 12:00:00,14577.533894826509,12401.441218438504,16315.896283450014
2023-12-21 16:00:00,14582.077433961837,12371.707493239452,16300.150017087828
2023-12-21 20:00:00,14880.002020885231,12290.249475246212,16819.72760040101
2023-12-22 00:00:00,14964.112694984447,12361.486525202276,16960.287597708113
2023-12-22 04:00:00,15215.317486133825,12398.653681701093,17388.791572587976
2023-12-22 08:00:00,14919.799945510225,12276.002065254997,16980.86333664117
2023-12-22 12:00:00,15001.925826785831,12322.461010878518,17025.942034526386
2023-12-22 16:00:00,15170.008429084366,12306.974695670679,17302.134771574114
2023-12-22 20:00:00,15180.420891673039,12293.037011983623,17346.0701911799
2023-12-23 00:00:00,15302.78045652062,12384.40627170988,17493.814014355597
2023-12-23 04:00:00,14906.30834575327,12258.967118526374,16962.583578794573
2023-12-23 08:00:00,15038.956664071977,12285.913306988015,17152.5592010001
2023-12-23 12:00:00,15086.970022161217,12289.939748942053,17224.008580518173
2023-12-23 16:00:00,15161.177817233347,12344.451578473652,17333.499858829793
2023-12-23 20:00:00,15534.776930423133,12321.53183196605,17967.98933968904
2023-12-24 00:00:00,15850.982231987433,12328.036084353342,18493.19145994934
2023-12-24 04:00:00,16375.179567871222,12364.893514548,19379.21004392552
2023-12-24 08:00:00,16227.747943670336,12305.735790454051,19155.843332009717
2023-12-24 12:00:00,15969.783129868247,12310.381685016404,18726.442959846903
2023-12-24 16:00:00,16181.489398309986,12321.222105661891,19078.99467993177
2023-12-24 20:00:00,16262.926014310815,12304.80661154158,19221.155980228003
2023-12-25 00:00:00,16040.842979055215,12140.03221773016,18861.00626843246
2023-12-25 04:00:00,16017.59553877752,12182.154995095485,18852.006734432623
2023-12-25 08:00:00,16059.440931277371,12201.358025953208,18934.46639691122
2023-12-25 12:00:00,15995.676523658549,12185.56198444121,18823.52041702417
2023-12-25 16:00:00,16658.560677862562,12273.524254821743,19975.830447261513
2023-12-25 20:00:00,16549.629814847074,12234.18901419383,19759.723308222234
2023-12-26 00:00:00,16529.703437466193,12265.471370913667,19733.338793624393
2023-12-26 04:00:00,16420.10836187134,12215.295709640264,19524.324697585747
2023-12-26 08:00:00,16071.396757705901,12038.751716270885,18839.964452634646
2023-12-26 12:00:00,16151.102267229431,12009.01799107183,18963.731822261238
2023-12-26 16:00:00,15886.74566064306,11907.118037004242,18457.655147107722
2023-12-26 20:00:00,15625.458513228441,11813.890419453044,17986.660898032773
2023-12-27 00:00:00,15625.458513228441,11933.44477285757,18675.221296999316
2023-12-27 04:00:00,15625.458513228441,11861.278543989034,18204.663849577206
2023-12-27 08:00:00,15625.458513228441,11918.577910258044,18539.924006557238
2023-12-27 12:00:00,15625.458513228441,12050.521315828842,18788.156796865394
2023-12-27 16:00:00,15609.833054715213,11998.797023034656,18284.48077115396
2023-12-27 20:00:00,15623.154622149405,12058.264473432764,18441.993377517985
2023-12-28 00:00:00,15691.736024866175,12124.236176218163,18279.37669792707
2023-12-28 04:00:00,15756.123600798106,12108.130408402008,18071.276790713397
2023-12-28 08:00:00,15691.242633479724,12008.398538463518,18125.142479786286
2023-12-28 12:00:00,15737.374728112947,12009.01799107183,18048.565193993516
2023-12-28 16:00:00,15641.903494834565,11839.597702698058,17426.636335564286
2023-12-28 20:00:00,15671.013586635208,11938.40039372408,17657.854474322263
2023-12-29 00:00:00,15631.788971412307,11925.082162645336,17701.591619154166
2023-12-29 04:00:00,15649.79775701779,11956.054793061017,18036.665272046044
2023-12-29 08:00:00,15602.678879611663,11841.456060523,17980.164261453014
2023-12-29 12:00:00,15689.515763627143,12002.823464988694,18352.79186389593
2023-12-29 16:00:00,15611.313228874567,11879.862122238443,18159.894662292296
2023-12-29 20:00:00,15589.604007870697,11854.154838993429,18105.09191784841
2023-12-30 00:00:00,15551.612871113924,11845.792228781194,18116.66674272631
2023-12-30 04:00:00,15525.831937693365,11796.545746420263,17812.51645184963
2023-12-30 08:00:00,15525.831937693365,11802.120819895084,17791.6295631186
2023-12-30 12:00:00,15525.831937693365,11803.359725111712,17665.646012450572
2023-12-30 16:00:00,15525.831937693365,11923.843257428709,17965.45053210694
2023-12-30 20:00:00,15525.831937693365,11914.861194608162,17841.0661753514
2023-12-31 00:00:00,15525.831937693365,11859.110459859938,17667.231800673886
2023-12-31 04:00:00,15525.831937693365,11872.118964634523,17544.69861744071
2023-12-31 08:00:00,15525.831937693365,11967.824392618975,17923.260880632144
2023-12-31 12:00:00,15525.831937693365,11973.089739789642,17964.847114758486
2023-12-31 16:00:00,15525.831937693365,11939.949025244863,17759.145374182
2023-12-31 20:00:00,15525.831937693365,11970.921655660544,17876.616265630517
2024-01-01 00:00:00,15525.831937693365,11904.020773962675,17649.133180462002
2024-01-01 04:00:00,15525.831937693365,11924.152983732867,17768.987257948353
2024-01-01 08:00:00,15525.831937693365,11956.674245669332,17756.313787046085
2024-01-01 12:00:00,15510.306105755672,12004.991549117793,17991.53223456906
2024-01-01 16:00:00,15537.410886314252,12067.865988861624,18181.82987550531
2024-01-01 20:00:00,15596.570512056966,12241.312719189436,18567.525989710604
2024-01-02 00:00:00,15690.962936384021,12407.945470825796,18722.256320994642
2024-01-02 04:00:00,16011.579404594428,12759.484826043772,19077.7745053867
2024-01-02 08:00:00,16172.030893282868,12788.908824938668,19404.961773664883
2024-01-02 12:00:00,16210.6900542839,12822.359265787603,19418.070724385238
2024-01-02 16:00:00,15948.287391622578,12804.704866450666,18956.353539005697
2024-01-02 20:00:00,15876.15288823081,12782.094846247219,18779.85732711328
2024-01-03 00:00:00,15780.832068620228,12762.58208908534,18659.987560012407
2024-01-03 04:00:00,15817.564990897145,12805.634045363136,18803.777315932693
2024-01-03 08:00:00,15772.16898457839,12737.494258448638,18739.270963505525
2024-01-03 12:00:00,15519.340263792297,12404.228755175915,18169.30920446471
2024-01-03 16:00:00,15559.797153000425,12498.075825335427,17979.254462321034
2024-01-03 20:00:00,15463.36194884233,12311.310863928873,17389.550195982152
2024-01-04 00:00:00,15463.36194884233,12254.321223964022,17487.68489733227
2024-01-04 04:00:00,15463.36194884233,12271.356170692647,17781.38877064473
2024-01-04 08:00:00,15463.36194884233,12172.553479666625,17506.753197403
2024-01-04 12:00:00,15463.36194884233,12250.60450831414,17466.89991367686
2024-01-04 16:00:00,15463.36194884233,12476.085257740295,18130.30556488513
2024-01-04 20:00:00,15463.36194884233,12469.271279048844,18295.54919247597
2024-01-05 00:00:00,15463.36194884233,12536.791613355028,18277.41259437429
2024-01-05 04:00:00,15463.36194884233,12363.344883027217,17785.315010661703
2024-01-05 08:00:00,15463.36194884233,12472.058815786257,17864.78783757245
2024-01-05 12:00:00,15463.36194884233,12547.32230769636,17733.137444884087
2024-01-05 16:00:00,15463.36194884233,12293.346738287779,17377.091549034547
2024-01-05 20:00:00,15463.36194884233,12389.981345184702,17471.811376184465
2024-01-06 00:00:00,15463.36194884233,12529.977634663579,17772.550653364702
2024-01-06 04:00:00,15463.36194884233,12479.492247086018,17599.45825547565
2024-01-06 08:00:00,15463.36194884233,12402.370397350975,17119.179815558513
2024-01-06 12:00:00,15463.36194884233,12419.095617775441,17134.447324824745
2024-01-06 16:00:00,15463.36194884233,12473.60744730704,17242.156305488057
2024-01-06 20:00:00,15463.36194884233,12490.952120339822,17226.56758667417
2024-01-07 00:00:00,15463.36194884233,12512.013509022483,17100.428794523876
2024-01-07 04:00:00,15463.36194884233,12469.271279048844,16982.37190186746
2024-01-07 08:00:00,15463.36194884233,12512.942687934954,17256.12452231582
2024-01-07 12:00:00,15463.36194884233,12545.773676175575,17184.157602015228
2024-01-07 16:00:00,15463.36194884233,12544.225044654791,17115.473125939858
2024-01-07 20:00:00,15447.89858689349,12621.346894389837,17235.90241120755
2024-01-08 00:00:00,15384.653752746894,12466.483742311433,16584.220772849476
2024-01-08 04:00:00,15323.854343357412,12354.672546510827,16285.752131035457
2024-01-08 08:00:00,15323.854343357412,12498.075825335427,16609.155986071222
2024-01-08 12:00:00,15308.530489014054,12650.770893284733,16962.62030869258
2024-01-08 16:00:00,15335.91796280681,12718.600953895073,17263.989844981632
2024-01-08 20:00:00,15546.833717554695,13279.51529072305,18045.89621730597
2024-01-09 00:00:00,15505.087823634767,13289.11680615191,17848.063815726597
2024-01-09 04:00:00,15439.438571353297,13264.028975515208,18011.029957688756
2024-01-09 08:00:00,15417.772581963052,13249.781565523996,18231.077079212268
2024-01-09 12:00:00,15417.346154957733,13229.649355753803,18245.489128462013
2024-01-09 16:00:00,15253.959257483722,13315.133815701081,18011.885536849433
2024-01-09 20:00:00,15231.257887098469,13309.558742226258,17984.95770151838
2024-01-10 00:00:00,15134.254351522683,13080.051550846065,18001.25269722651
2024-01-10 04:00:00,15139.556776719106,13088.723887362456,18067.868698740283
2024-01-10 08:00:00,15038.645437452666,12990.850375248905,17891.014965194852
2024-01-10 12:00:00,15011.405157145022,12891.737957918727,17795.709756646174
2024-01-10 16:00:00,14947.362249419462,12876.8710953192,17565.004164454345
2024-01-10 20:00:00,15117.856773854377,13151.908053410445,17868.98622784239
2024-01-11 00:00:00,15354.822121222855,13193.1016518633,18607.224608043325
2024-01-11 04:00:00,15384.015617341185,13135.80228559429,18440.03766489574
2024-01-11 08:00:00,15300.201550930382,13037.92877348074,18322.295084704703
2024-01-11 12:00:00,15526.302036278687,13291.594616585164,18978.817015878863
2024-01-11 16:00:00,15275.063521408212,13240.799502703449,18558.21858663467
2024-01-11 20:00:00,15274.761141650466,13184.119589042752,18581.795339324468
2024-01-12 00:00:00,15160.576047415181,13084.387719104261,18386.37938327093
2024-01-12 04:00:00,14946.022968530284,12997.044901332041,18103.415748889987
2024-01-12 08:00:00,14961.859386514916,13002.00052219855,18241.29221053801
2024-01-12 12:00:00,15078.22263170634,13002.929701111021,18273.2432599967
2024-01-12 16:00:00,15067.435506412461,12556.614096821064,17801.344581103374
2024-01-12 20:00:00,14939.137569406532,12288.081391117114,17616.983407359043
2024-01-13 00:00:00,14824.15140403986,12124.236176218163,17180.908691653764
2024-01-13 04:00:00,14878.316543813382,12075.299420161387,17077.960653776463
2024-01-13 08:00:00,14894.152961798012,12233.259835281358,17347.09086305772
2024-01-13 12:00:00,14866.152338694752,12077.15777798633,17205.47408974861
2024-01-13 16:00:00,14915.497699081647,12242.551624406064,17363.62200579067
2024-01-13 20:00:00,14933.858763411654,12141.580849250944,17540.851030766993
2024-01-14 00:00:00,14943.039295576658,12141.580849250944,17658.97429626448
2024-01-14 04:00:00,14863.636184341627,12082.423125156995,17689.597716514087
2024-01-14 08:00:00,14863.636184341627,12178.748005749761,17862.95867335389
2024-01-14 12:00:00,14863.636184341627,12130.740428605455,17669.502209197344
2024-01-14 16:00:00,14863.636184341627,12151.182364679806,17952.91541972787
2024-01-14 20:00:00,14863.636184341627,12073.441062336447,17525.701658359332
2024-01-15 00:00:00,14863.636184341627,11808.005619674064,17175.731690291246
2024-01-15 04:00:00,14863.636184341627,12029.769653450338,17485.468120143465
2024-01-15 08:00:00,14863.636184341627,12083.042577765307,17496.731808945664
2024-01-15 12:00:00,14863.636184341627,12098.528892973149,17549.161653181116
2024-01-15 16:00:00,14863.636184341627,11960.70068762337,17245.60459356498
2024-01-15 20:00:00,14863.636184341627,12161.093606412824,17593.935465046132
2024-01-16 00:00:00,14863.636184341627,12031.937737579436,17359.161112708214
2024-01-16 04:00:00,14863.636184341627,12167.597858800116,17653.49576920933
2024-01-16 08:00:00,14863.636184341627,12135.386323167808,17780.180700810542
2024-01-16 12:00:00,14863.636184341627,12200.119120736581,17739.33629227823
2024-01-16 16:00:00,14848.772548157285,12303.87743262911,17881.040678389385
2024-01-16 20:00:00,14831.681040925958,12298.302359154288,17877.285254337214
2024-01-17 00:00:00,14844.02035728952,12284.364675467232,17969.616748724377
2024-01-17 04:00:00,14777.7831383676,12218.70269898599,18178.343694375842
2024-01-17 08:00:00,14577.033382192309,12151.182364679806,17846.21582590015
2024-01-17 12:00:00,14778.254766905655,12150.253185767335,18301.699581500525
2024-01-17 16:00:00,14669.730368653098,12131.35988121377,18068.10250630977
2024-01-17 20:00:00,14697.046631548284,12127.952891868044,18163.65484108798
2024-01-18 00:00:00,14763.101139852437,12159.854701196196,18301.227829247764
2024-01-18 04:00:00,14616.43800037466,12094.502451019109,18030.369317760793
2024-01-18 08:00:00,14710.236057365117,12188.968973786936,18159.98551841223
2024-01-18 12:00:00,14529.914448383637,12094.192724714952,17929.74923700717
2024-01-18 16:00:00,14510.30557052835,12155.208806633844,17928.444761382365
2024-01-18 20:00:00,14205.259501155626,11691.548529311105,17028.822882631855
2024-01-19 00:00:00,14205.259501155626,11771.457915783561,17290.733267329797
2024-01-19 04:00:00,14205.259501155626,11677.301119319893,17100.94217297483
2024-01-19 08:00:00,14205.259501155626,11744.821453626077,17280.97642711498
2024-01-19 12:00:00,14205.259501155626,11793.448483378694,17348.354028929614
2024-01-19 16:00:00,14205.259501155626,11636.417247171194,16890.8309864193
2024-01-19 20:00:00,14205.259501155626,11888.84418505899,17319.399144946732
2024-01-20 00:00:00,14205.259501155626,11837.119892264804,17237.708400980373
2024-01-20 04:00:00,14205.259501155626,11832.164271398295,17225.35035329003
2024-01-20 08:00:00,14205.259501155626,11844.863049868723,17054.56174777573
2024-01-20 12:00:00,14205.259501155626,11820.08494553618,17035.393183956592
2024-01-20 16:00:00,14205.259501155626,11819.775219232022,16904.182452755733
2024-01-20 20:00:00,14205.259501155626,11837.739344873118,17030.32363405381
2024-01-21 00:00:00,14205.259501155626,11849.19921812692,17131.391305253714
2024-01-21 04:00:00,14205.259501155626,11838.978250089745,17127.37559346859
2024-01-21 08:00:00,14205.259501155626,11831.544818789982,17087.18333606991
2024-01-21 12:00:00,14205.259501155626,11857.87155464331,17169.831880179234
2024-01-21 16:00:00,14205.259501155626,11843.624144652096,17093.66801535042
2024-01-21 20:00:00,14205.259501155626,11859.110459859938,17114.0679329235
2024-01-22 00:00:00,14205.259501155626,11812.961240540573,16910.92942066351
2024-01-22 04:00:00,14205.259501155626,11691.548529311105,16662.39237848748
2024-01-22 08:00:00,14205.259501155626,11655.930004333073,16602.70900815775
2024-01-22 12:00:00,14205.259501155626,11605.134890451356,16479.83225411149
2024-01-22 16:00:00,14205.259501155626,11594.294469805869,16347.702850204423
2024-01-22 20:00:00,14205.259501155626,11334.743826922466,15800.39889025566
2024-01-23 00:00:00,14205.259501155626,11245.542651325304,15766.811692425357
2024-01-23 04:00:00,14205.259501155626,11369.433172988027,15997.260834222447
2024-01-23 08:00:00,14205.259501155626,11284.568165649063,15673.823315428823
2024-01-23 12:00:00,14205.259501155626,11051.344258618989,15211.472978362342
2024-01-23 16:00:00,14205.259501155626,11213.640841997154,15574.405817654977
2024-01-23 20:00:00,14205.259501155626,11186.384927231355,15318.595974903903
2024-01-24 00:00:00,14205.259501155626,11379.344414721045,15809.641198826917
2024-01-24 04:00:00,14205.259501155626,11302.222564986001,15657.586489012785
2024-01-24 08:00:00,14205.259501155626,11397.308540362139,15979.990180384873
2024-01-24 12:00:00,14205.259501155626,11443.148033377347,16091.188508089226
2024-01-24 16:00:00,14205.259501155626,11391.733466887317,16030.16116542076
2024-01-24 20:00:00,14205.259501155626,11330.40765866427,15924.89396905884
2024-01-25 00:00:00,14205.259501155626,11410.626771440882,16230.258498065063
2024-01-25 04:00:00,14205.259501155626,11390.804287974846,16165.267879112966
2024-01-25 08:00:00,14205.259501155626,11417.75047643649,16167.282728778391
2024-01-25 12:00:00,14205.259501155626,11426.732539257036,16248.95047946152
2024-01-25 16:00:00,14205.259501155626,11388.326477541592,15978.918285645583
2024-01-25 20:00:00,14205.259501155626,11428.900623386135,16163.740614090872
2024-01-26 00:00:00,14205.259501155626,11412.485129265824,16053.378087675985
2024-01-26 04:00:00,14205.259501155626,11434.785423165113,16198.749560626606
2024-01-26 08:00:00,14191.05424165447,11447.7939279397,16097.13819647885
2024-01-26 12:00:00,14311.116552667143,11772.696821000189,16751.191328660127
2024-01-26 16:00:00,14347.477317886083,11813.890419453044,16812.576901552922
2024-01-26 20:00:00,14439.900555890756,12005.301275421949,16934.292439039375
2024-01-27 00:00:00,14407.692009793138,11940.25875154902,16874.219669940503
2024-01-27 04:00:00,14445.730236526571,11945.524098719687,16926.60452658793
2024-01-27 08:00:00,14315.594306060239,11912.693110479064,16734.23996849269
2024-01-27 12:00:00,14386.566157217698,11934.064225465885,16839.062327329917
2024-01-27 16:00:00,14446.98099380713,11952.95753001945,16939.610635043136
2024-01-27 20:00:00,14477.4975449171,11978.355086960308,16981.46188942548
2024-01-28 00:00:00,14550.634738616523,12036.893358445945,17111.885691264983
2024-01-28 04:00:00,14722.744207450998,12056.096389303666,17396.416031273464
2024-01-28 08:00:00,14682.284305389541,12103.1747875355,17301.740147409477
2024-01-28 12:00:00,14843.070022868193,12139.722491426004,17604.22803504781
2024-01-28 16:00:00,14713.43491207494,12064.768725820057,17417.77193303551
2024-01-28 20:00:00,14470.926936652872,11915.170920912318,17054.519688122586
2024-01-29 00:00:00,14604.116413691892,12004.37209650948,17262.74597877336
2024-01-29 04:00:00,14761.213269832024,12085.83011450272,17498.619608106143
2024-01-29 08:00:00,14659.037132332869,12012.424980417556,17358.238111913393
2024-01-29 12:00:00,14748.705799613352,12091.714914281698,17477.340038350518
2024-01-29 16:00:00,14974.615643454978,12228.613940719006,17818.866500156957
2024-01-29 20:00:00,15067.709243987105,12316.885937403697,17921.57457924309
2024-01-30 00:00:00,15195.204130433836,12381.928461276626,18089.26146799468
2024-01-30 04:00:00,15219.25674088567,12439.227827545634,18128.74105691437
2024-01-30 08:00:00,15264.49644370324,12417.856712558814,18229.822497377754
2024-01-30 12:00:00,15433.321753154685,12452.23633232022,18546.28536753338
2024-01-30 16:00:00,15407.29050686985,12406.087113000856,18444.96511085368
2024-01-30 20:00:00,15521.07919588669,12449.139069278652,18562.533706083763
2024-01-31 00:00:00,15175.799798986038,12270.426991780176,18046.522761746703
2024-01-31 04:00:00,15200.788583691416,12302.638527412482,18063.818884039487
2024-01-31 08:00:00,15233.024980477923,12331.133347394909,18123.204768816766
2024-01-31 12:00:00,14900.780009561406,12179.986910966389,17712.303693670183
2024-01-31 16:00:00,14981.361417227386,12374.804756281019,18052.17022595899
2024-01-31 20:00:00,14980.592755151081,12372.946398456079,18001.168437458244
2024-02-01 00:00:00,14912.566161398085,12208.481730948813,17517.6565184348
2024-02-01 04:00:00,14824.99633435503,12032.866916491905,17047.402069357973
2024-02-01 08:00:00,14824.99633435503,12111.537397747734,17277.45416327636
2024-02-01 12:00:00,14824.99633435503,12057.335294520293,17277.783074433828
2024-02-01 16:00:00,14824.99633435503,12166.358953583489,17383.778102941713
2024-02-01 20:00:00,14824.99633435503,12314.408126970442,17597.283005593865
2024-02-02 00:00:00,14824.99633435503,12274.76316003837,17575.47937018808
2024-02-02 04:00:00,14824.99633435503,12253.701771355707,17673.28315567869
2024-02-02 08:00:00,14824.99633435503,12272.595075909272,17940.285983798698
2024-02-02 12:00:00,14824.99633435503,12283.745222858917,18021.098180626203
2024-02-02 16:00:00,14824.99633435503,12386.574355838977,18061.39173997356
2024-02-02 20:00:00,14824.99633435503,12358.079535856552,17873.73964161559
2024-02-03 00:00:00,14824.99633435503,12383.47709279741,17989.350034733194
2024-02-03 04:00:00,14824.99633435503,12378.211745626744,17878.350889679976
2024-02-03 08:00:00,14824.99633435503,12349.097473036005,17843.512177252494
2024-02-03 12:00:00,14824.99633435503,12344.141852169496,17789.675233608818
2024-02-03 16:00:00,14824.99633435503,12382.547913884939,17743.91111645667
2024-02-03 20:00:00,14824.99633435503,12367.371324981255,17743.225767397027
2024-02-04 00:00:00,14824.99633435503,12347.858567819378,17697.65595927013
2024-02-04 04:00:00,14824.99633435503,12352.194736077572,17760.935070452797
2024-02-04 08:00:00,14824.99633435503,12305.735790454051,17536.389315016077
2024-02-04 12:00:00,14824.99633435503,12361.486525202276,17719.983428344
2024-02-04 16:00:00,14824.99633435503,12321.841558270205,17672.8197256927
2024-02-04 20:00:00,14824.99633435503,12244.71970853516,17475.29504486762
2024-02-05 00:00:00,14824.99633435503,12241.002992885278,17416.75080275427
2024-02-05 04:00:00,14824.99633435503,12273.214528517587,17491.39570351247
2024-02-05 08:00:00,14824.99633435503,12369.229682806197,17703.62772422093
2024-02-05 12:00:00,14795.34634168632,12424.05123864195,17808.822814549632
2024-02-05 16:00:00,14684.183471628035,12303.257980020797,17516.55675008111
2024-02-05 20:00:00,14690.809219369436,12330.204168482438,17559.30733878293
2024-02-06 00:00:00,14686.23973816847,12315.64703218707,17515.005509883507
2024-02-06 04:00:00,14718.683054695332,12350.026651948474,17588.996508502365
2024-02-06 08:00:00,14732.848446418328,12351.575283469258,17565.93195270373
2024-02-06 12:00:00,14732.848446418328,12342.902946952869,17407.270849881257
2024-02-06 16:00:00,14756.917347589913,12449.758521886966,17612.52057201678
2024-02-06 20:00:00,14835.515234175622,12458.430858403357,17852.172100951317
2024-02-07 00:00:00,14795.307505566361,12394.317513442898,17738.376870614713
2024-02-07 04:00:00,14728.009385087535,12311.930316537188,17581.723543432036
2024-02-07 08:00:00,14717.042630205215,12337.018147173889,17579.13120462084
2024-02-07 12:00:00,14719.784318925795,12353.4336412942,17545.01778145862
2024-02-07 16:00:00,14740.118510270095,12398.03422909278,17693.741902046124
2024-02-07 20:00:00,14821.01329228891,12530.597087271892,17873.2464065028
2024-02-08 00:00:00,14893.754063646162,12725.414932586524,18368.029875152097
2024-02-08 04:00:00,14949.951039129905,12783.643477768002,18442.623089698096
2024-02-08 08:00:00,14880.922500016066,12776.210046468239,18328.064512289056
2024-02-08 12:00:00,14961.140614713466,12862.933411632144,18431.181609223117
2024-02-08 16:00:00,15264.329314577972,13054.653993905207,18910.79460956651
2024-02-08 20:00:00,15055.336596874426,13002.310248502707,18581.811354919802
2024-02-09 00:00:00,15068.459547455159,13005.407511544276,18621.437526698322
2024-02-09 04:00:00,15293.396222808246,13231.197987274587,18904.29244097824
2024-02-09 08:00:00,15354.73712853087,13264.028975515208,19013.138721029478
2024-02-09 12:00:00,15626.077903930145,13571.587195542916,19276.153950399243
2024-02-09 16:00:00,15554.892027197266,13529.464418177591,19185.334648690306
2024-02-09 20:00:00,15545.301883826243,13627.647656595298,19138.96132912321
2024-02-10 00:00:00,15493.03353186354,13436.856253234706,19183.639725316272
2024-02-10 04:00:00,15771.952497422235,13518.314271227946,19656.457203625585
2024-02-10 08:00:00,15675.608444533205,13512.429471448966,19471.17935452844
2024-02-10 12:00:00,15559.03092019887,13462.253810175564,19318.615495358557
2024-02-10 16:00:00,15645.708445997541,13536.588123173198,19430.97017003148
2024-02-10 20:00:00,15713.54498673799,13590.480500096483,19525.488100409086
2024-02-11 00:00:00,15724.845784732111,13645.611782236392,19518.72995525491
2024-02-11 04:00:00,15829.80515357182,13793.660955623347,19606.444235805007
2024-02-11 08:00:00,15836.265634701127,13758.661883253628,19622.797663396246
2024-02-11 12:00:00,15877.489219166871,13811.005628656127,19677.034882761225
2024-02-11 16:00:00,15784.643773384118,13763.617504120137,19555.516308128455
2024-02-11 20:00:00,15761.93777773495,13790.253966277622,19497.916969335303
2024-02-12 00:00:00,15739.458442275638,13810.69590235197,19432.932154226502
2024-02-12 04:00:00,15673.470082873762,13793.970681927503,19333.534476528046
2024-02-12 08:00:00,15685.028727138284,13816.890428435107,19299.064367891595
2024-02-12 12:00:00,15654.918984262273,13770.12175650743,19136.677369902773
2024-02-12 16:00:00,16039.829423717285,14355.814197667949,19922.76438156081
2024-02-12 20:00:00,16070.828952805772,14198.163508852134,19995.454621212833
2024-02-13 00:00:00,16218.886587680863,14328.868009206306,20344.671441769315
2024-02-13 04:00:00,16212.25442097753,14287.674410753452,20425.420062110847
2024-02-13 08:00:00,16305.203677988276,14360.150365926143,20567.475695743804
2024-02-13 12:00:00,16393.98654947649,14363.247628967712,20650.53554309514
2024-02-13 16:00:00,16055.105705236816,14069.007640018746,20158.27917813578
2024-02-13 20:00:00,16148.074599101517,14206.526119064369,20340.23371343249
2024-02-14 00:00:00,16312.688375904687,14379.97284939218,20530.731603063672
2024-02-14 04:00:00,16254.852769077286,14323.292935731484,20446.622994710768
2024-02-14 08:00:00,16384.664858571297,14426.122068711544,20624.76411652157
2024-02-14 12:00:00,16907.361345038156,14911.463187325258,21211.661952120703
2024-02-14 16:00:00,16927.326825365406,14905.578387546278,21297.753864724025
2024-02-14 20:00:00,16920.589994517897,14921.684155362433,21233.39603386211
2024-02-15 00:00:00,17012.881965577664,14961.329122294504,21371.40508957644
2024-02-15 04:00:00,17144.866647922325,15125.174337193454,21488.481757589267
2024-02-15 08:00:00,16920.40667092292,14958.541585557094,21163.646711768022
2024-02-15 12:00:00,17064.25315119978,15111.546379810556,21342.552692303805
2024-02-15 16:00:00,16952.782190887305,14956.992954036308,21083.70539505829
2024-02-15 20:00:00,16971.104776709835,14971.240364027522,21093.23246212598
2024-02-16 00:00:00,16893.88620282664,14922.613334274904,20989.041352309257
2024-02-16 04:00:00,17018.3718554488,15052.698382020762,21113.259711487655
2024-02-16 08:00:00,16765.798136614634,14891.02125125091,20761.154530973847
2024-02-16 12:00:00,16829.34668455401,15016.15067813026,20878.0207688594
2024-02-16 16:00:00,16691.35577687103,14923.542513187374,20523.490342268095
2024-02-16 20:00:00,16643.94599347267,14879.25165169295,20350.546568002348
2024-02-17 00:00:00,16779.149670668114,14996.63792096838,20669.717105263968
2024-02-17 04:00:00,16740.554393549653,14948.630343824076,20574.771381509512
2024-02-17 08:00:00,16736.13217672507,14932.214849703765,20631.58498287448
2024-02-17 12:00:00,16677.60470017195,14864.384789093423,20481.092386624325
2024-02-17 16:00:00,16494.344167891286,14646.956923575346,20125.303984247257
2024-02-17 20:00:00,16494.344167891286,14788.811570879163,20308.946348020945
2024-02-18 00:00:00,16494.344167891286,14855.402726272876,20441.03711016967
2024-02-18 04:00:00,16494.344167891286,14807.085422824415,20365.464180045965
2024-02-18 08:00:00,16494.344167891286,14859.738894531072,20491.330370965818
2024-02-18 12:00:00,16494.344167891286,14909.604829500318,20782.680002975598
2024-02-18 16:00:00,16494.344167891286,14881.419735822048,20823.126573023455
2024-02-18 20:00:00,16494.344167891286,14886.994809296872,20901.491697966187
2024-02-19 00:00:00,16477.849823723394,14982.08078467301,20947.15564398471
2024-02-19 04:00:00,16489.371956215997,14968.45282729011,20899.60048725712
2024-02-19 08:00:00,16551.401390644813,15061.990171145466,21148.851514066475
2024-02-19 12:00:00,16529.371188833065,15058.58318179974,21074.2958807384
2024-02-19 16:00:00,16482.403926211722,14997.876826185007,21154.669373491008
2024-02-19 20:00:00,16408.186040167377,14896.906051029888,20975.22480750548
2024-02-20 00:00:00,16406.19779975685,14886.685082992713,20946.04973836851
2024-02-20 04:00:00,16199.554814974064,14842.39422149829,20680.84194254584
2024-02-20 08:00:00,16224.862355984602,14913.631271454356,20709.342037459122
2024-02-20 12:00:00,16238.236259770656,15002.212994443202,20820.13473817973
2024-02-20 16:00:00,16210.253938002908,14810.492412170139,20326.633236081696
2024-02-20 20:00:00,16333.7053575665,14946.152533390821,20558.384164283507
2024-02-21 00:00:00,16381.43990646442,14973.408448156619,20690.413592954137
2024-02-21 04:00:00,16360.041660406732,14893.189335380006,20455.425850064945
2024-02-21 08:00:00,16242.96856418726,14782.617044796027,20166.48271727265
2024-02-21 12:00:00,16151.70339873229,14624.3469033719,19841.618821403215
2024-02-21 16:00:00,16151.70339873229,14671.115575299576,19989.171224700593
2024-02-21 20:00:00,16151.70339873229,14634.258145104917,19779.81723869376
2024-02-22 00:00:00,16151.70339873229,14851.066558014682,20229.96234940146
2024-02-22 04:00:00,16151.70339873229,14763.723740242462,19992.896963817482
2024-02-22 08:00:00,16151.70339873229,14801.200623045435,20216.22320452059
2024-02-22 12:00:00,16151.70339873229,14731.821930914311,20257.953186327803
2024-02-22 16:00:00,16151.70339873229,14780.139234362772,20268.895588181007
2024-02-22 20:00:00,16151.70339873229,14740.494267430702,20049.34723781344
2024-02-23 00:00:00,16151.70339873229,14675.451743557773,19822.48497517706
2024-02-23 04:00:00,16151.70339873229,14622.798271851116,19788.88605938321
2024-02-23 08:00:00,16151.70339873229,14570.454526448615,19748.199971275455
2024-02-23 12:00:00,16151.70339873229,14660.27515465409,19877.213804583393
2024-02-23 16:00:00,16151.70339873229,14572.93233688187,19552.56850946972
2024-02-23 20:00:00,16151.70339873229,14621.559366634488,19721.3649163428
2024-02-24 00:00:00,16151.70339873229,14513.155160179605,19494.725144056276
2024-02-24 04:00:00,16151.70339873229,14546.605601028541,19558.624100733836
2024-02-24 08:00:00,16151.70339873229,14613.196756422254,19832.573080682
2024-02-24 12:00:00,16151.70339873229,14622.178819242801,19819.76503569054
2024-02-24 16:00:00,16151.70339873229,14617.223198376292,19797.352292978198
2024-02-24 20:00:00,16151.70339873229,14745.449888297211,20101.337406417682
2024-02-25 00:00:00,16151.70339873229,14744.830435688897,20103.248963576094
2024-02-25 04:00:00,16135.551695333557,14759.077845680109,20083.354503153045
2024-02-25 08:00:00,16150.026104229435,14788.501844575007,20068.1387785937
2024-02-25 12:00:00,16173.185158462838,14772.705803063009,20062.64594915093
2024-02-25 16:00:00,16176.65901659785,14737.70673069329,20046.944133245423
2024-02-25 20:00:00,16241.890352688608,14777.041971321205,20169.40491732274
2024-02-26 00:00:00,16291.97136184954,14809.56323325767,20258.643092276292
2024-02-26 04:00:00,16261.374007024697,14762.484835025834,20229.470916719878
2024-02-26 08:00:00,16183.172128553164,14666.159954433067,20131.000602179374
2024-02-26 12:00:00,16076.939254563795,14587.179746873082,19797.331596068376
2024-02-26 16:00:00,16197.778524721813,15068.494423532758,20489.13371165802
2024-02-26 20:00:00,16646.280702840242,15526.269901076517,21164.62205683101
2024-02-27 00:00:00,16625.139832243993,15495.606996964994,21148.653803504432
2024-02-27 04:00:00,16841.437153159233,15851.172794137006,21357.31717821818
2024-02-27 08:00:00,16913.4848749534,15985.284283836903,21453.55374289109
2024-02-27 12:00:00,17095.806181184205,16128.997288965662,21679.741970809853
2024-02-27 16:00:00,16842.969937097074,16197.446802184317,21188.294900090503
2024-02-27 20:00:00,17022.08788430889,16351.690501654406,21443.42441123117
2024-02-28 00:00:00,16983.237749186435,16289.435514518887,21405.293547418798
2024-02-28 04:00:00,16961.409154128523,16273.63947300689,21347.028817539947
2024-02-28 08:00:00,17341.394929177557,16675.354489498266,21839.624444883317
2024-02-28 12:00:00,17460.437798887502,16862.738903513135,22026.928732982073
2024-02-28 16:00:00,17820.383725741834,17433.874208378285,22439.548544953293
2024-02-28 20:00:00,17637.27408218092,17412.193367087308,22186.38853886639
2024-02-29 00:00:00,18303.748865242153,17824.748804224175,23211.536743225268
2024-02-29 04:00:00,18454.227451443774,17556.835551128537,23580.207384360932
2024-02-29 08:00:00,18774.14335902115,17892.26913853036,23964.955887897475
2024-02-29 12:00:00,19103.389681080786,17972.797977611128,24513.318157392096
2024-02-29 16:00:00,19198.830347929925,17942.754526107918,24804.413009828648
2024-02-29 20:00:00,18888.267757363115,17646.346453029855,24414.84107121483
2024-03-01 00:00:00,18502.021576895215,17513.473868546585,23812.740159708603
2024-03-01 04:00:00,18942.940273866545,17480.333154001804,24680.653529644755
2024-03-01 08:00:00,18865.09327163615,17577.587213507042,24486.404569342598
2024-03-01 12:00:00,19169.590091505408,17703.64581929886,24961.643195141725
2024-03-01 16:00:00,18831.484658357254,17501.39454268447,24404.55694677346
2024-03-01 20:00:00,18990.35258702897,17782.62602685885,24537.0907832375
2024-03-02 00:00:00,18929.674403685036,17810.191667928804,24392.37938574618
2024-03-02 04:00:00,18976.184285396488,17796.253984241746,24471.162574343994
2024-03-02 08:00:00,18888.502197055404,17720.680766027486,24346.49226252075
2024-03-02 12:00:00,18798.03650343533,17667.407841712517,24238.20705823844
2024-03-02 16:00:00,18781.362142963102,17655.638242154557,24180.607594176807
2024-03-02 20:00:00,18948.97445510966,17751.65339644317,24471.311949772637
2024-03-03 00:00:00,18901.597951892363,17697.14156691157,24400.233891952055
2024-03-03 04:00:00,18832.57673850794,17670.81483105824,24288.63956385792
2024-03-03 08:00:00,18626.71936056731,17610.418201747663,24005.23665158739
2024-03-03 12:00:00,18626.71936056731,17659.35495780444,24242.374523216713
2024-03-03 16:00:00,18626.71936056731,17759.39655404709,24351.576410694204
2024-03-03 20:00:00,18626.71936056731,17938.728084153878,24551.5440192658
2024-03-04 00:00:00,18589.465921846175,18027.000080838567,24617.638015939934
2024-03-04 04:00:00,18597.18591574694,18127.35140338537,24496.15459437741
2024-03-04 08:00:00,18672.18489167926,18309.78019653373,24642.422635452487
2024-03-04 12:00:00,18831.691277962716,18640.5678893732,25072.833132583837
2024-03-04 16:00:00,19024.976396431568,18947.196930488437,25158.759181341768
2024-03-04 20:00:00,19174.92757457093,19216.039362496544,25076.570028347494
2024-03-05 00:00:00,19313.93224308963,19472.49274233838,25597.258470017194
2024-03-05 04:00:00,19256.944247151405,19430.989417581368,25339.02900325101
2024-03-05 08:00:00,19010.479792193684,18876.26960683653,25098.42105627357
2024-03-05 12:00:00,19172.684720820227,19035.468927173126,25349.673733514268
2024-03-05 16:00:00,19223.840688132437,19019.982611965286,26226.940539643325
2024-03-05 20:00:00,17025.70338657739,17333.832612135637,23089.675204043324
2024-03-06 00:00:00,17025.70338657739,18226.773547019708,24292.40240933904
2024-03-06 04:00:00,17025.70338657739,18097.30795188216,23937.64131501923
2024-03-06 08:00:00,17008.677683190814,19072.636083671943,25753.936130436345
2024-03-06 12:00:00,17125.518836478543,19176.394395564475,25702.622070878053
2024-03-06 16:00:00,16971.840264029262,18872.862617490806,25038.365959572526
2024-03-06 20:00:00,17076.023625710823,18982.81545546647,25463.732896987178
2024-03-07 00:00:00,17021.497754176547,18780.873905156233,25315.2258559923
2024-03-07 04:00:00,16952.853576620008,18719.857823237344,25972.05573141711
2024-03-07 08:00:00,16980.927909284976,18861.093017932846,26075.73598390691
2024-03-07 12:00:00,16961.51522487289,19017.195075227875,26357.593480273146
2024-03-07 16:00:00,17216.876437213887,19080.069514971707,26951.06406320635
2024-03-07 20:00:00,17360.359741060918,19106.396250825037,27265.31213195444
2024-03-08 00:00:00,17168.180354514327,18908.481142468838,26706.46602585142
2024-03-08 04:00:00,17228.870059791778,19003.876844149134,26821.081785850118
2024-03-08 08:00:00,17273.921623467235,19068.29991541375,26927.675503395098
2024-03-08 12:00:00,17516.363980627073,19195.28770011804,27476.73533234149
2024-03-08 16:00:00,17276.838478278914,19137.05915493656,26989.1453878582
2024-03-08 20:00:00,17414.170010957663,19491.07632058779,27417.49132450171
2024-03-09 00:00:00,17177.308623090918,19313.912874610098,26984.707576888468
2024-03-09 04:00:00,17284.399141331767,19356.345378279577,27149.85943762445
2024-03-09 08:00:00,17391.576113837422,19361.610725450246,27418.204672239743
2024-03-09 12:00:00,17314.619007571542,19361.610725450246,27248.842943378986
2024-03-09 16:00:00,17323.223203050453,19358.82318871283,27268.96847686517
2024-03-09 20:00:00,17199.143551314337,19329.708916122094,27043.873245730665
2024-03-10 00:00:00,17202.920253802506,19349.53139958813,26986.951432704664
2024-03-10 04:00:00,17386.86351344823,19567.888444018678,27312.302156335107
2024-03-10 08:00:00,17493.04221384207,19647.797830491134,27524.73405519208
2024-03-10 12:00:00,17390.853651341506,19705.09719676014,27261.69043408029
2024-03-10 16:00:00,17177.76907931787,19605.36532682165,26918.356407553438
2024-03-10 20:00:00,17222.225509488406,19673.19538743199,27164.610317798135
2024-03-11 00:00:00,17132.917085620007,19534.7477294739,27006.224176241114
2024-03-11 04:00:00,17106.56759055842,19443.688196051797,26629.706553316675
2024-03-11 08:00:00,17261.72541776376,20039.601605249492,27666.869215820894
2024-03-11 12:00:00,17355.617804501075,20212.119156664834,27810.10032372096
2024-03-11 16:00:00,17396.079106966354,20386.80479220927,27762.424178723508
2024-03-11 20:00:00,17402.305586022998,20362.026687876725,27708.96516410083
2024-03-12 00:00:00,17430.95259205299,20377.822729388725,27957.169136189106
2024-03-12 04:00:00,17412.311446142052,20235.65835578075,28062.581619057197
2024-03-12 08:00:00,17519.902103764114,20418.396875233266,28258.27668835682
2024-03-12 12:00:00,17478.934527973168,20422.733043491462,28143.10830244099
2024-03-12 16:00:00,17413.95201269892,20359.85860374763,28066.81227037782
2024-03-12 20:00:00,17354.073252475882,20250.21549207612,27976.5917270879
2024-03-13 00:00:00,17391.466818092045,20255.790565550942,28080.118178647972
2024-03-13 04:00:00,17464.286200548533,20420.564959362364,28058.253127552605
2024-03-13 08:00:00,17583.090834723298,20658.125034650635,28278.895932365558
2024-03-13 12:00:00,17714.928667810018,20704.89370657831,28594.888860320065
2024-03-13 16:00:00,17694.746271398304,20594.631142298487,28791.487522765543
2024-03-13 20:00:00,17971.39536445166,20790.068440221432,29358.068110563407
2024-03-14 00:00:00,18023.54161426168,20683.522591591493,29552.894976307838
2024-03-14 04:00:00,18170.19870372457,20747.63593655195,29939.707745895448
2024-03-14 08:00:00,18157.54650012384,20741.75113677297,29981.303409005457
2024-03-14 12:00:00,18288.403309826634,20651.930508567497,30434.928462182866
2024-03-14 16:00:00,17948.380600448385,20168.138021474566,29650.9579349098
2024-03-14 20:00:00,17739.485101706345,19728.946122180216,28841.612142579368
2024-03-15 00:00:00,18297.09793602377,20338.797215064966,30702.762023493113
2024-03-15 04:00:00,18279.934177610096,19444.30764866011,30127.23552248962
2024-03-15 08:00:00,18281.190062372072,19486.430426025436,30185.365627048275
2024-03-15 12:00:00,18028.75722521486,19250.41898225795,29315.164104971143
2024-03-15 16:00:00,18496.78361317798,19410.54748150702,30649.664373384992
2024-03-15 20:00:00,18560.833736038767,19640.674125495527,30898.825205289766
2024-03-16 00:00:00,18583.43966175434,19789.65247779495,31083.980958330398
2024-03-16 04:00:00,18716.563446523814,19678.460734602657,31391.14620408869
2024-03-16 08:00:00,18926.714830027828,19784.077404320127,32006.217102587943
2024-03-16 12:00:00,18926.296201773835,19452.670258872346,31824.09234242676
2024-03-16 16:00:00,19018.81304590608,19482.094257767243,32066.43048912706
2024-03-16 20:00:00,18428.547207777276,19029.27440108999,30201.106300166623
2024-03-17 00:00:00,18488.41104809814,18532.78313552663,30074.03536079261
2024-03-17 04:00:00,18668.421197314725,18908.17141616468,30755.94006358456
2024-03-17 08:00:00,18479.619854764307,18606.80772222011,29997.727144712117
2024-03-17 12:00:00,18877.735324310757,19064.27347345971,31396.31432990205
2024-03-17 16:00:00,19015.882648128136,19373.380325008202,31946.88273483212
2024-03-17 20:00:00,19049.3729084475,19577.18023314338,32148.377054856654
2024-03-18 00:00:00,19257.01252242756,19482.094257767243,32653.494379391806
2024-03-18 04:00:00,19329.85383862218,19308.64752743943,32724.585476988243
2024-03-18 08:00:00,19315.620477986453,19402.494597598943,32759.199638277787
2024-03-18 12:00:00,19501.072794504937,19378.33594587471,33193.982442569744
2024-03-18 16:00:00,19337.807775448033,19196.21687903051,32596.972289076522
2024-03-18 20:00:00,19141.889752579747,19071.397178455318,31969.644062979038
2024-03-19 00:00:00,19045.60525416157,19244.534182478972,31825.232004126345
2024-03-19 04:00:00,18580.984407044674,18770.962663423215,30327.63064528456
2024-03-19 08:00:00,18580.984407044674,18439.86524427959,30358.63971975193
2024-03-19 12:00:00,18580.984407044674,17957.31166240329,29169.92047478947
2024-03-19 16:00:00,18580.984407044674,18261.46289308527,29855.720008408745
2024-03-19 20:00:00,18580.984407044674,18361.814215632076,29808.507461695313
2024-03-20 00:00:00,18580.984407044674,17629.31150630123,28051.254375288798
2024-03-20 04:00:00,18580.984407044674,17616.303001526645,28066.642675237035
2024-03-20 08:00:00,18580.984407044674,17977.753598477637,29294.595528401976
2024-03-20 12:00:00,18580.984407044674,18148.10306576388,28758.379358135026
2024-03-20 16:00:00,18580.984407044674,18158.63376010521,28573.996804862945
2024-03-20 20:00:00,18580.984407044674,18680.52258260943,29973.259773038226
2024-03-21 00:00:00,18580.984407044674,19231.525677704387,31270.292441360696
2024-03-21 04:00:00,18580.984407044674,18894.233732477624,30997.31319608319
2024-03-21 08:00:00,18580.984407044674,19022.46042239854,30916.249095800344
2024-03-21 12:00:00,18580.984407044674,19062.105389330613,31038.568028694062
2024-03-21 16:00:00,18580.984407044674,18985.91271850804,30651.81362496652
2024-03-21 20:00:00,18580.984407044674,18610.834164174146,29712.710235920407
2024-03-22 00:00:00,18580.984407044674,18684.54902456347,29946.402948202296
2024-03-22 04:00:00,18562.40342263763,18860.473565324533,30047.75721495098
2024-03-22 08:00:00,18554.209236336246,18947.506656792593,30109.433410059824
2024-03-22 12:00:00,18371.84095051238,18403.936992997402,29045.73423493053
2024-03-22 16:00:00,18280.561526364385,18324.647059133258,28929.073876629624
2024-03-22 20:00:00,18272.74846500725,18346.637626728392,29064.064296816934
2024-03-23 00:00:00,18263.792028817363,18320.001164570906,29293.485571062818
2024-03-23 04:00:00,18184.549864346103,18241.020957010922,28872.260687952912
2024-03-23 08:00:00,18184.549864346103,18544.862461388748,29493.637049319277
2024-03-23 12:00:00,18184.549864346103,18554.46397681761,29475.174376484894
2024-03-23 16:00:00,18184.549864346103,18691.67272955907,29514.02849935595
2024-03-23 20:00:00,18184.549864346103,18606.49799591595,29403.404675472302
2024-03-24 00:00:00,18184.549864346103,18349.115437161647,28999.36107814063
2024-03-24 04:00:00,18184.549864346103,18354.071058028156,28885.214174076165
2024-03-24 08:00:00,18184.549864346103,18542.074924651337,29198.61920642761
2024-03-24 12:00:00,18184.549864346103,18749.591548436394,29470.623887258524
2024-03-24 16:00:00,18184.549864346103,18828.57175599638,29625.398051928078
2024-03-24 20:00:00,18184.549864346103,18874.720975315744,29600.04898204816
2024-03-25 00:00:00,18166.365314481758,19258.471866166026,30639.1094769057
2024-03-25 04:00:00,18158.424632854803,19290.99312810249,30733.764245029874
2024-03-25 08:00:00,18145.737278661363,19144.80231254048,30778.20449901166
2024-03-25 12:00:00,18205.91894242323,19123.121471249502,30966.965971024427
2024-03-25 16:00:00,18593.965019120926,19943.586450960884,31916.06040465887
2024-03-25 20:00:00,18771.170843893295,20280.878396187643,32043.450835250973
2024-03-26 00:00:00,18464.30772706953,19940.179461615156,31496.035161208354
2024-03-26 04:00:00,18677.50789522838,20113.626191942967,31913.581870485737
2024-03-26 08:00:00,18781.445496569693,20139.333475187985,32182.337439103285
2024-03-26 12:00:00,18789.312063371035,20174.022821253544,32220.750445967642
2024-03-26 16:00:00,18579.309807739985,20083.582740439757,31730.669033555736
2024-03-26 20:00:00,18379.15127791388,19850.978286018,31383.979395781193
2024-03-27 00:00:00,18540.592251200786,20002.12472244652,31691.344480710533
2024-03-27 04:00:00,18603.734638844162,20131.590317584065,31734.271340615218
2024-03-27 08:00:00,18367.259216924285,19933.984935532022,31265.570305140027
2024-03-27 12:00:00,18523.029247578983,20096.281518910186,31560.48949296179
2024-03-27 16:00:00,18025.773471820932,19709.743091322493,30564.705735806412
2024-03-27 20:00:00,17941.835137722916,19636.957409845643,30665.041651076517
2024-03-28 00:00:00,18021.18788591538,19889.074621429285,31159.89733015607
2024-03-28 04:00:00,18002.665745673898,19830.22662363949,30677.096895919793
2024-03-28 08:00:00,18117.30804527382,20194.464757327896,31505.39120884348
2024-03-28 12:00:00,18145.871135225163,20285.21456444584,31358.09313087025
2024-03-28 16:00:00,18192.176485828873,20432.33455892032,31573.341785568064
2024-03-28 20:00:00,18157.47184411325,20322.0719946405,31454.555890125368
2024-03-29 00:00:00,18153.182506373116,20308.4440372576,31744.73816704358
2024-03-29 04:00:00,18133.00312200476,20244.330692297142,31639.709630422098
2024-03-29 08:00:00,18077.43670128031,20067.78669892776,31061.370813494344
2024-03-29 12:00:00,18107.852005255798,20164.421305824686,31339.925047446828
2024-03-29 16:00:00,17996.09038588817,19868.942411659093,31054.585202736023
2024-03-29 20:00:00,17996.09038588817,20015.133227221104,31413.07331118764
2024-03-30 00:00:00,17978.09429550228,20063.14080436541,31885.159223584433
2024-03-30 04:00:00,18002.69431044844,20030.00008982063,31926.09916185094
2024-03-30 08:00:00,18089.299842519173,20039.291878945336,32220.290654799406
2024-03-30 12:00:00,18156.36015723542,20148.934990616843,32582.434681928265
2024-03-30 16:00:00,18111.54095192255,20099.688508255913,32384.08022044808
2024-03-30 20:00:00,18087.614909988613,20075.52985653168,32257.81735914561
2024-03-31 00:00:00,18051.894340340765,20001.814996142362,32112.191403774064
2024-03-31 04:00:00,18052.56831335299,20088.848087610426,32185.11116838025
2024-03-31 08:00:00,18109.5885879117,20188.88968385307,32596.508886203435
2024-03-31 12:00:00,18056.55697125541,20211.499704056518,32490.9962083255
2024-03-31 16:00:00,18067.73050023586,20218.93313535628,32489.144203279902
2024-03-31 20:00:00,18234.351773174516,20402.60083372127,33029.14896436252
2024-04-01 00:00:00,18297.0805132603,20459.59047368612,33294.98764289341
2024-04-01 04:00:00,18189.53442786627,20261.67536532992,33202.195560824926
2024-04-01 08:00:00,17859.185256383204,20019.4693954793,32596.922105322974
2024-04-01 12:00:00,17770.22081876969,19965.577018556014,32264.1955866106
2024-04-01 16:00:00,17557.70432252836,19707.884733497554,31414.47219459385
2024-04-01 20:00:00,17557.70432252836,20114.55537085544,32159.217501261028
2024-04-02 00:00:00,17557.70432252836,20113.31646563881,32045.434480269247
2024-04-02 04:00:00,17557.70432252836,19293.470938535746,30723.530481806556
2024-04-02 08:00:00,17557.70432252836,19195.597426422195,30606.574671341616
2024-04-02 12:00:00,17557.70432252836,18906.622784643896,30015.424289482013
2024-04-02 16:00:00,17557.70432252836,18697.247803033897,29605.653764471637
2024-04-02 20:00:00,17557.70432252836,19028.345222177522,30643.714403979153
2024-04-03 00:00:00,17557.70432252836,18863.261102061944,30133.255911848835
2024-04-03 04:00:00,17557.70432252836,19074.494441496885,30974.668018186363
2024-04-03 08:00:00,17557.70432252836,19080.688967580023,31118.775632438366
2024-04-03 12:00:00,17557.70432252836,19011.310275448897,30883.746802335078
2024-04-03 16:00:00,17557.70432252836,18858.924933803748,30858.222903296006
2024-04-03 20:00:00,17557.70432252836,18835.385734687832,30461.043484565365
2024-04-04 00:00:00,17557.70432252836,18869.45562814508,30385.00296258792
2024-04-04 04:00:00,17557.70432252836,18765.387589948394,29923.585396294697
2024-04-04 08:00:00,17557.70432252836,18867.906996624297,30343.209850324918
2024-04-04 12:00:00,17557.70432252836,18946.88720418428,30464.48375872658
2024-04-04 16:00:00,17557.70432252836,19312.364243089312,30763.243849247796
2024-04-04 20:00:00,17557.70432252836,19605.675053125808,30791.896164704674
2024-04-05 00:00:00,17557.70432252836,19605.055600517495,30550.871922413364
2024-04-05 04:00:00,17557.70432252836,19441.5201119227,30015.706319768433
2024-04-05 08:00:00,17557.70432252836,19141.705049498913,29388.610389226316
2024-04-05 12:00:00,17557.70432252836,19017.195075227875,28724.257874299605
2024-04-05 16:00:00,17557.70432252836,19507.4918147081,29665.694662229558
2024-04-05 20:00:00,17557.70432252836,19286.966686148455,29521.04239609849
2024-04-06 00:00:00,17557.70432252836,19400.636239774,29454.830291257145
2024-04-06 04:00:00,17557.70432252836,19391.03472434514,29637.492354432205
2024-04-06 08:00:00,17557.70432252836,19463.82040582199,29809.386523725098
2024-04-06 12:00:00,17557.70432252836,19375.238682833144,29625.779749763176
2024-04-06 16:00:00,17557.70432252836,19492.93467841273,29813.815629700402
2024-04-06 20:00:00,17557.70432252836,19539.70335034041,29873.879630098363
2024-04-07 00:00:00,17540.14661820583,19698.283218068693,30042.88001520378
2024-04-07 04:00:00,17565.354356394335,19842.305949501606,30351.092448145657
2024-04-07 08:00:00,17559.465974464838,19840.137865372508,30258.035175450954
2024-04-07 12:00:00,17572.905646966432,19848.8102018889,30373.773910713255
2024-04-07 16:00:00,17576.472895820178,19882.880095346147,30252.241696940517
2024-04-07 20:00:00,17504.946177678943,19718.415427838885,30012.639384504673
2024-04-08 00:00:00,17672.738551838418,19829.916897335333,30312.03390738074
2024-04-08 04:00:00,17628.466896675243,19861.199254055173,29954.97453183324
2024-04-08 08:00:00,17817.86522313693,20209.951072535736,30533.478693675825
2024-04-08 12:00:00,18215.0794602758,20689.40739137047,31180.66913745618
2024-04-08 16:00:00,18070.342215270353,20459.280747381963,30906.44276657628
2024-04-08 20:00:00,18136.652861934366,20466.40445237757,30812.120004408665
2024-04-09 00:00:00,18129.44549899927,20410.34399132519,30870.080207829433
2024-04-09 04:00:00,18004.73175118121,20329.81515224442,30555.568911369424
2024-04-09 08:00:00,17852.184828017867,20096.900971518502,30234.138752966417
2024-04-09 12:00:00,17868.403616977426,20200.65928341103,30311.647566971722
2024-04-09 16:00:00,17550.16624069655,19773.23698367464,29646.445774791748
2024-04-09 20:00:00,17524.881602655587,19692.39841828971,29787.558014617553
2024-04-10 00:00:00,17484.636699813433,19718.72515414304,29563.559294704308
2024-04-10 04:00:00,17484.636699813433,19740.715721738175,29486.71339091484
2024-04-10 08:00:00,17484.636699813433,19795.53727757393,29692.178342965544
2024-04-10 12:00:00,17484.636699813433,19699.52212328532,29359.25296194232
2024-04-10 16:00:00,17484.636699813433,19816.598666256592,29351.32227704151
2024-04-10 20:00:00,17484.636699813433,20203.756546452598,29877.436674465927
2024-04-11 00:00:00,17484.636699813433,20356.76134070606,30160.850825572277
2024-04-11 04:00:00,17484.636699813433,20418.08714892911,30171.255848877983
2024-04-11 08:00:00,17484.636699813433,20386.185339600957,30358.590941720322
2024-04-11 12:00:00,17484.636699813433,20181.456252553307,29792.02768760715
2024-04-11 16:00:00,17484.636699813433,20215.2164197064,30121.405642727637
2024-04-11 20:00:00,17484.636699813433,20336.009678327555,30284.79737051775
2024-04-12 00:00:00,17484.636699813433,20212.119156664834,29996.09611392522
2024-04-12 04:00:00,17467.15206311362,20502.952156268075,30327.23135926549
2024-04-12 08:00:00,17465.9194548192,20498.61598800988,30283.068935672483
2024-04-12 12:00:00,17492.86075039726,20593.392237081862,30346.757905736897
2024-04-12 16:00:00,17373.033615489607,20171.85473712445,29531.442309502265
2024-04-12 20:00:00,17231.184700793823,19732.043385221783,27225.34725620114
2024-04-13 00:00:00,17231.184700793823,19746.91024782131,27835.724629501423
2024-04-13 04:00:00,17231.184700793823,19710.05281762665,27607.345805016157
2024-04-13 08:00:00,17231.184700793823,19898.05668424983,27758.328949941864
2024-04-13 12:00:00,17231.184700793823,19702.61938632689,27598.078229372797
2024-04-13 16:00:00,17231.184700793823,19804.829066698632,27330.233207136767
2024-04-13 20:00:00,17231.184700793823,18964.54160352122,25155.991504657133
2024-04-14 00:00:00,17231.184700793823,18943.789941142713,25785.2135277779
2024-04-14 04:00:00,17231.184700793823,18697.247803033897,25163.909890563227
2024-04-14 08:00:00,17231.184700793823,19164.934522310672,26617.29739942044
2024-04-14 12:00:00,17231.184700793823,18985.602992203883,25837.088602829834
2024-04-14 16:00:00,17231.184700793823,18995.823960241058,25800.432196767288
2024-04-14 20:00:00,17231.184700793823,18937.905141363735,26159.27908014514
2024-04-15 00:00:00,17231.184700793823,19167.10260643977,27106.046010615726
2024-04-15 04:00:00,17231.184700793823,19026.177138048424,26744.172485772167
2024-04-15 08:00:00,17231.184700793823,19299.04601201057,27544.33092806697
2024-04-15 12:00:00,17231.184700793823,19178.562479693574,27184.088093192586
2024-04-15 16:00:00,17231.184700793823,18839.721902946025,26200.460463345837
2024-04-15 20:00:00,17231.184700793823,18515.43846249385,25438.365742061083
2024-04-16 00:00:00,17231.184700793823,18525.96915683518,25519.399989332545
2024-04-16 04:00:00,17231.184700793823,18407.65370864728,25039.141934221305
2024-04-16 08:00:00,17231.184700793823,18561.587681813216,25483.458877511956
2024-04-16 12:00:00,17231.184700793823,18371.10600475678,25135.840108914006
2024-04-16 16:00:00,17231.184700793823,18002.841429114338,24007.376386086376
2024-04-16 20:00:00,17231.184700793823,18302.03703892981,24683.29243605108
2024-04-17 00:00:00,17231.184700793823,18616.718963953124,25263.923709519233
2024-04-17 04:00:00,17231.184700793823,18622.913490036262,25393.894646403012
2024-04-17 08:00:00,17231.184700793823,18459.687727745626,25543.027066108203
2024-04-17 12:00:00,17231.184700793823,18257.43645113123,24861.50678410735
2024-04-17 16:00:00,17231.184700793823,17567.675971774024,23873.33263850803
2024-04-17 20:00:00,17231.184700793823,17727.494744718937,24591.789091454957
2024-04-18 00:00:00,17231.184700793823,17798.731794675,24292.341945421547
2024-04-18 04:00:00,17231.184700793823,17983.638398256615,24781.20170892263
2024-04-18 08:00:00,17231.184700793823,17745.45887036003,23976.34626917856
2024-04-18 12:00:00,17231.184700793823,18170.09363335901,24905.65812449258
2024-04-18 16:00:00,17231.184700793823,18478.58103229919,25429.5579866364
2024-04-18 20:00:00,17231.184700793823,18500.571599894323,25592.11750833925
2024-04-19 00:00:00,17231.184700793823,18500.261873590167,25771.477470878628
2024-04-19 04:00:00,17231.184700793823,18011.823491934883,24911.54375577235
2024-04-19 08:00:00,17196.722331392237,18766.936221469176,25990.009761335856
2024-04-19 12:00:00,17290.702827372872,18895.472637694253,26211.998592946868
2024-04-19 16:00:00,17313.12237617841,18753.92771669459,26302.8950796778
2024-04-19 20:00:00,17274.805107140295,18720.787002149813,26249.8024568412
2024-04-20 00:00:00,17122.057081769002,18591.321407012267,25844.05424272055
2024-04-20 04:00:00,17123.233535780022,18632.82473176928,25826.03594872816
2024-04-20 08:00:00,17186.929700558918,18652.647215235316,25998.060620917262
2024-04-20 12:00:00,17069.463043871157,18557.561239859177,25707.013913237737
2024-04-20 16:00:00,17375.13494517139,18872.862617490806,26499.74827688486
2024-04-20 20:00:00,17630.351724614295,18904.14497421064,27020.153444061645
2024-04-21 00:00:00,17640.197224571486,18914.365942247816,27018.847922217166
2024-04-21 04:00:00,17639.20971346077,18962.992972000437,26971.41773639472
2024-04-21 08:00:00,17704.085265444657,18983.12518177063,27072.579636786904
2024-04-21 12:00:00,17718.749387632277,19018.433980444504,27127.31727159994
2024-04-21 16:00:00,17613.645163481637,18948.12610940091,26921.309506635105
2024-04-21 20:00:00,17430.866055201237,18790.78514688925,26595.71611071821
2024-04-22 00:00:00,17500.480913393647,18887.110027482016,26709.563210112698
2024-04-22 04:00:00,17699.679980374534,19100.821177350215,26999.36818100587
2024-04-22 08:00:00,17896.400359584957,19199.004415767922,27414.801244018694
2024-04-22 12:00:00,17894.525662287357,19210.154562717566,27409.5461894276
2024-04-22 16:00:00,17876.483432714427,19229.35759357529,27401.25166299249
2024-04-22 20:00:00,17968.851014382646,19369.044156750006,27568.484634045428
2024-04-23 00:00:00,18103.06501055586,19443.068743443484,27853.86464183231
2024-04-23 04:00:00,17986.71548324261,19336.213168509385,27646.562982511266
2024-04-23 08:00:00,17785.47956839248,19185.686184689177,27296.438915136794
2024-04-23 12:00:00,17850.54118553057,19187.854268818275,27397.000025833644
2024-04-23 16:00:00,18072.542051235396,19248.250898128852,27826.569849939788
2024-04-23 20:00:00,18030.281463560517,19247.321719216383,27749.278297973822
2024-04-24 00:00:00,17911.334642615577,19217.897720321485,27448.826751967557
2024-04-24 04:00:00,18035.01050746641,19271.170644636455,27693.42924958934
2024-04-24 08:00:00,18135.940413883043,19307.408622222803,27881.42916244065
2024-04-24 12:00:00,18244.53963125181,19293.780664839902,28074.513887755387
2024-04-24 16:00:00,17517.35264228995,18726.981528232947,26910.87209647661
2024-04-24 20:00:00,17517.35264228995,18513.889830973065,26585.498985654784
2024-04-25 00:00:00,17517.35264228995,18615.170332432343,26412.78913081393
2024-04-25 04:00:00,17517.35264228995,18608.666080045048,26216.797963415687
2024-04-25 08:00:00,17517.35264228995,18502.12023141511,26165.775570978985
2024-04-25 12:00:00,17517.35264228995,18457.20991731237,25962.825455940554
2024-04-25 16:00:00,17517.35264228995,18533.7123144391,26375.10696144421
2024-04-25 20:00:00,17517.35264228995,18693.221361079857,26320.11596721036
2024-04-26 00:00:00,17517.35264228995,18639.019257852415,26088.457435183136
2024-04-26 04:00:00,17517.35264228995,18603.091006570226,25891.407693336463
2024-04-26 08:00:00,17517.35264228995,18565.304397463096,25877.93430871224
2024-04-26 12:00:00,17517.35264228995,18571.49892354623,25860.455127186906
2024-04-26 16:00:00,17517.35264228995,18414.157961034576,25791.642419665208
2024-04-26 20:00:00,17517.35264228995,18459.687727745626,25818.494023801082
2024-04-27 00:00:00,17517.35264228995,18479.200484907506,25467.87631344071
2024-04-27 04:00:00,17517.35264228995,18289.338260459383,25091.313682256303
2024-04-27 08:00:00,17517.35264228995,18254.64891439382,25060.49944483392
2024-04-27 12:00:00,17517.35264228995,18219.6498420241,25020.879577745676
2024-04-27 16:00:00,17517.35264228995,18254.029461785507,25256.478493584546
2024-04-27 20:00:00,17517.35264228995,18359.646131502977,25904.8546482577
2024-04-28 00:00:00,17499.835289647657,18393.716024960228,25848.602301295665
2024-04-28 04:00:00,17588.541901993365,18541.145745738864,26226.658712577795
2024-04-28 08:00:00,17606.743042755443,18514.819009885538,26197.93118348148
2024-04-28 12:00:00,17543.709618432036,18379.468614969013,25851.806829963953
2024-04-28 16:00:00,17608.658952309346,18398.981372130893,25992.953055179583
2024-04-28 20:00:00,17603.48599651381,18456.280738399902,26020.19123493327
2024-04-29 00:00:00,17502.70915397851,18260.533714172798,25428.984056221438
2024-04-29 04:00:00,17327.403812978304,18009.34568150163,24870.022840509824
2024-04-29 08:00:00,17327.403812978304,18037.22104887574,24902.870335966436
2024-04-29 12:00:00,17327.403812978304,17993.239913685476,24806.51990172961
2024-04-29 16:00:00,17327.403812978304,18219.6498420241,25122.246207971068
2024-04-29 20:00:00,17327.403812978304,18187.74803269595,24931.13524299059
2024-04-30 00:00:00,17327.403812978304,18447.298675579354,25372.1991115285
2024-04-30 04:00:00,17327.403812978304,18412.919055817947,25190.434241945022
2024-04-30 08:00:00,17327.403812978304,18267.657419168405,24952.522997212047
2024-04-30 12:00:00,17327.403812978304,17675.460725620593,23841.87511293593
2024-04-30 16:00:00,17327.403812978304,17594.31243393151,23717.23897164232
2024-04-30 20:00:00,17327.403812978304,17155.430260941317,22994.80777157143
2024-05-01 00:00:00,17327.403812978304,17606.391759793627,23713.664075547218
2024-05-01 04:00:00,17327.403812978304,17489.934669430666,23613.66494321511
2024-05-01 08:00:00,17327.403812978304,16662.34598472368,22511.27290541381
2024-05-01 12:00:00,17327.403812978304,16784.378148561464,22867.40752142564
2024-05-01 16:00:00,17327.403812978304,16472.1740339714,22748.239444392006
2024-05-01 20:00:00,17327.403812978304,16494.164601566536,23488.900905689778
2024-05-02 00:00:00,17327.403812978304,16843.84559895957,24132.66242736414
2024-05-02 04:00:00,17327.403812978304,16589.250576942675,23506.913661788756
2024-05-02 08:00:00,17327.403812978304,16664.51406885278,23668.904588736637
2024-05-02 12:00:00,17310.076409165325,16954.108163239394,24671.866973582743
2024-05-02 16:00:00,17331.917299910707,17163.79287115355,24793.047034721825
2024-05-02 20:00:00,17276.200741886776,17146.757924424925,24650.26337177647
2024-05-03 00:00:00,17252.576921284628,17054.14975948204,24537.408457529087
2024-05-03 04:00:00,17391.64545011236,17246.18006805926,24987.48176924798
2024-05-03 08:00:00,17234.74762271697,17083.883484681093,24476.20018432934
2024-05-03 12:00:00,17216.47259168512,17107.422683797013,24449.509841262778
2024-05-03 16:00:00,17421.95525767738,17764.97162752191,25321.944341405986
2024-05-03 20:00:00,17435.25808690888,17871.207749847694,25431.973189551634
2024-05-04 00:00:00,17540.812309687255,18117.749887956514,25665.568665823826
2024-05-04 04:00:00,17557.147347530867,18065.406142554013,25702.58250032115
2024-05-04 08:00:00,17547.934508984537,18139.430729247488,25691.326668779253
2024-05-04 12:00:00,17798.22254823225,18401.459182564147,26088.739462432353
2024-05-04 16:00:00,17735.960719011415,18308.231565012946,25999.75244166729
2024-05-04 20:00:00,17843.545645710466,18404.24671930156,26185.316642304508
2024-05-05 00:00:00,17747.211942209164,18396.50356169764,26012.856901960706
2024-05-05 04:00:00,17577.370574042012,18208.1899687703,25766.0964265574
2024-05-05 08:00:00,17697.992872079187,18354.071058028156,25938.773081826475
2024-05-05 12:00:00,17808.29417204209,18390.3090356145,26100.6213629728
2024-05-05 16:00:00,17924.84938163709,18546.72081921369,26253.09304890589
2024-05-05 20:00:00,17779.29463530287,18380.70752018564,26025.86989716223
2024-05-06 00:00:00,17784.866775216,18431.1929077632,26024.754819206137
2024-05-06 04:00:00,17769.554612084492,18373.89354149419,26034.5107633484
2024-05-06 08:00:00,18032.553593057473,18578.31290223768,26440.242590040598
2024-05-06 12:00:00,18143.033939295092,18463.09471709135,26890.005270071677
2024-05-06 16:00:00,17958.354882112748,18283.453460680405,26705.901630717297
2024-05-06 20:00:00,17867.087115013914,18180.624327700345,26624.175613693664
2024-05-07 00:00:00,17836.02367122814,18170.09363335901,26541.789315825394
2024-05-07 04:00:00,17869.48676998159,18190.535569433363,26642.06757804088
2024-05-07 08:00:00,17921.637468291992,18323.71788022079,26861.095637242826
2024-05-07 12:00:00,17914.505748864925,18261.772619389427,26801.11244979009
2024-05-07 16:00:00,17904.699634652716,18339.513921732785,26814.220640264262
2024-05-07 20:00:00,17763.402443504026,18160.492117930153,26370.10578627925
2024-05-08 00:00:00,17620.17745944771,17951.426862624307,25923.441810867145
2024-05-08 04:00:00,17620.17745944771,18133.855655772666,26187.740240885618
2024-05-08 08:00:00,17620.17745944771,17938.728084153878,25738.011789963806
2024-05-08 12:00:00,17620.17745944771,17930.05574763749,25604.44197105203
2024-05-08 16:00:00,17620.17745944771,17926.64875829176,25676.590302507793
2024-05-08 20:00:00,17620.17745944771,17916.737516558744,25639.608422949343
2024-05-09 00:00:00,17620.17745944771,17636.435211296837,25140.567088782504
2024-05-09 04:00:00,17620.17745944771,17774.573142950772,25426.486700417714
2024-05-09 08:00:00,17620.17745944771,17664.620304975106,25307.894697504293
2024-05-09 12:00:00,17620.17745944771,17627.143422172132,25249.032863186163
2024-05-09 16:00:00,17620.17745944771,17873.375833976792,25687.665731361092
2024-05-09 20:00:00,17620.17745944771,17940.896168282976,26172.54451539474
2024-05-10 00:00:00,17620.17745944771,18123.63468773549,26438.323469325536
2024-05-10 04:00:00,17620.17745944771,18085.538352324205,26569.425728196915
2024-05-10 08:00:00,17620.17745944771,18120.22769838977,26625.103253536454
2024-05-10 12:00:00,17620.17745944771,18191.77447464999,26719.240883252845
2024-05-10 16:00:00,17620.17745944771,17524.933741800385,25482.3304668768
2024-05-10 20:00:00,17620.17745944771,17471.35109118126,25481.582313182582
2024-05-11 00:00:00,17620.17745944771,17519.358668325563,25419.111562187354
2024-05-11 04:00:00,17620.17745944771,17479.71370139349,25152.222775719565
2024-05-11 08:00:00,17620.17745944771,17580.065023940297,25432.85271894185
2024-05-11 12:00:00,17620.17745944771,17472.280270093728,25198.799368732965
2024-05-11 16:00:00,17620.17745944771,17628.382327388757,25440.301424407466
2024-05-11 20:00:00,17620.17745944771,17610.108475443507,25519.421007512763
2024-05-12 00:00:00,17620.17745944771,17503.562626813567,25326.064653770693
2024-05-12 04:00:00,17620.17745944771,17535.774162445872,25474.017924111635
2024-05-12 08:00:00,17620.17745944771,17502.013995292782,25207.19992162038
2024-05-12 12:00:00,17620.17745944771,17590.595718281627,25345.920900758523
2024-05-12 16:00:00,17620.17745944771,17665.85921019173,25393.144399309414
2024-05-12 20:00:00,17620.17745944771,17662.14249454185,25358.34067481354
2024-05-13 00:00:00,17620.17745944771,17686.920598874396,25223.723891456477
2024-05-13 04:00:00,17620.17745944771,17591.215170889944,24760.112824236356
2024-05-13 08:00:00,17620.17745944771,17921.07368481694,25313.08818982703
2024-05-13 12:00:00,17620.17745944771,18008.726228893316,25553.93549642602
2024-05-13 16:00:00,17620.17745944771,18075.936836895344,25725.009506802733
2024-05-13 20:00:00,17620.17745944771,18127.970855993688,25902.520937195135
2024-05-14 00:00:00,17620.17745944771,18054.255995604366,25717.468708017692
2024-05-14 04:00:00,17620.17745944771,17913.33052721302,25545.5181842945
2024-05-14 08:00:00,17620.17745944771,17800.590152499943,25496.75990910655
2024-05-14 12:00:00,17620.17745944771,17722.22939754827,25452.06670119317
2024-05-14 16:00:00,17620.17745944771,17681.964978007887,24995.006528997856
2024-05-14 20:00:00,17620.17745944771,17632.718495646954,25074.849213820686
2024-05-15 00:00:00,17620.17745944771,17629.31150630123,24895.356532794354
2024-05-15 04:00:00,17620.17745944771,17722.22939754827,25132.930879833875
2024-05-15 08:00:00,17620.17745944771,17801.51933141241,25213.889739038605
2024-05-15 12:00:00,17620.17745944771,17865.01322376456,25186.680700787532
2024-05-15 16:00:00,17584.937104528817,18457.829369920684,26193.40148724083
2024-05-15 20:00:00,17781.598511017386,18741.538664528318,26678.517777483183
2024-05-16 00:00:00,17902.151017142707,18761.051421690197,26982.51819206179
2024-05-16 04:00:00,17933.936458535747,18704.061781725344,27172.00007739739
2024-05-16 08:00:00,18045.74737404751,18765.077863644237,27415.803929162994
2024-05-16 12:00:00,18132.52727419507,18893.304553565154,27603.31655136389
2024-05-16 16:00:00,17792.918863494513,18672.77942500551,27054.638298093643
2024-05-16 20:00:00,17718.695072244096,18541.45547204302,26912.08266782517
2024-05-17 00:00:00,17726.321972759502,18544.243008780435,26932.466076065193
2024-05-17 04:00:00,17881.416436830306,18666.275172618214,27294.646872269
2024-05-17 08:00:00,18237.396795259578,18896.711542910878,28234.428540356348
2024-05-17 12:00:00,18160.364416128526,18894.54345878178,28092.924473591273
2024-05-17 16:00:00,18453.704902367674,19139.536965369814,28483.908517030934
2024-05-17 20:00:00,18335.28916118869,19080.99869388418,28306.714183454824
2024-05-18 00:00:00,18386.460570866253,19084.71540953406,28406.034951945858
2024-05-18 04:00:00,18565.578837970646,19058.69839998489,28818.231949737645
2024-05-18 08:00:00,18506.506665148976,19046.309347818617,28708.017987052295
2024-05-18 12:00:00,18689.37049819513,19146.66067036542,29024.48711741736
2024-05-18 16:00:00,18516.918501023916,19031.132758914933,28718.039068921546
2024-05-18 20:00:00,18537.72332312803,19051.264968685125,28737.575476485028
2024-05-19 00:00:00,18556.501124214818,19059.627578897358,28759.32037760139
2024-05-19 04:00:00,18653.203819769755,19121.57283972872,28971.784327353445
2024-05-19 08:00:00,18634.121928325818,19163.695617094047,28945.318023820455
2024-05-19 12:00:00,18514.39540085255,19162.766438181574,28673.776223862442
2024-05-19 16:00:00,18289.361058732142,19036.3981060856,28229.562744319286
2024-05-19 20:00:00,18197.969077803056,18779.634999939604,28215.888604649786
2024-05-20 00:00:00,18247.500052910615,18856.75684967465,28346.508560581307
2024-05-20 04:00:00,18357.046680508858,18955.249814396513,28605.32750695241
2024-05-20 08:00:00,18593.483477670998,19013.78808588215,29253.264000741503
2024-05-20 12:00:00,18594.73731711038,19081.308420188336,29259.178432756034
2024-05-20 16:00:00,18680.44044087991,19210.154562717566,29486.680421260426
2024-05-20 20:00:00,19594.80384675563,19834.25306559353,30621.445529899727
2024-05-21 00:00:00,19986.95853660659,19899.29558946646,30960.407684932743
2024-05-21 04:00:00,20103.947276776526,20124.1568862843,30941.393452446944
2024-05-21 08:00:00,19885.026666450354,19983.85087050127,30557.2786046087
2024-05-21 12:00:00,20192.615887819145,20165.350484737155,30802.69732201223
2024-05-21 16:00:00,19841.520484209177,19703.858291543514,30198.780634434137
2024-05-21 20:00:00,19719.39070042412,19641.29357810384,30024.508549805112
2024-05-22 00:00:00,19958.04926581619,19907.967925982848,30553.06035371495
2024-05-22 04:00:00,19973.376389873803,19893.41078968748,30568.17916322578
2024-05-22 08:00:00,19875.36577470949,19834.25306559353,30674.52566319568
2024-05-22 12:00:00,19834.10038232072,19932.436304011237,30530.79491319512
2024-05-22 16:00:00,20013.528163505252,20108.980297380618,31020.62696545379
2024-05-22 20:00:00,19923.96881249416,19924.693146407317,30649.756498826966
2024-05-23 00:00:00,19877.624804595373,19780.050962366087,30456.006653829925
2024-05-23 04:00:00,19972.899877290787,19833.633612985217,30698.67960854475
2024-05-23 08:00:00,20062.88490202831,19923.763967494848,30661.067044314786
2024-05-23 12:00:00,20259.27393012592,19968.674281597585,30597.437716235014
2024-05-23 16:00:00,19905.575331412707,19467.537121471873,30014.471217371127
2024-05-23 20:00:00,19882.307320485415,19254.755150516146,29776.616883375576
2024-05-24 00:00:00,19866.72786969062,19486.740152329592,30385.07600089827
2024-05-24 04:00:00,19908.812619889544,19474.35110016332,29991.08863304761
2024-05-24 08:00:00,19640.32000684161,19225.33115162125,29089.23797949253
2024-05-24 12:00:00,19640.32000684161,19257.852413557714,29131.92685470414
2024-05-24 16:00:00,19640.32000684161,19522.358677307628,29281.212004689594
2024-05-24 20:00:00,19640.32000684161,19758.370121075113,29555.567729140665
2024-05-25 00:00:00,19640.32000684161,19595.454085088633,29417.744362628557
2024-05-25 04:00:00,19640.32000684161,19643.461662232938,29643.81980998826
2024-05-25 08:00:00,19640.32000684161,19651.204819836857,29585.805707081097
2024-05-25 12:00:00,19640.32000684161,19758.370121075113,29578.404225466198
2024-05-25 16:00:00,19640.32000684161,19708.504186105867,29479.838621614417
2024-05-25 20:00:00,19640.32000684161,19766.732731287346,29457.22679369832
2024-05-26 00:00:00,19640.32000684161,19805.44851930695,29576.28689142953
2024-05-26 04:00:00,19640.32000684161,19730.804480005158,29350.862396742046
2024-05-26 08:00:00,19640.32000684161,19805.13879300279,29293.89827040147
2024-05-26 12:00:00,19640.32000684161,19748.76860564625,29185.699220013285
2024-05-26 16:00:00,19640.32000684161,19660.80633526572,29055.51937371651
2024-05-26 20:00:00,19640.32000684161,19682.796902860853,29120.19072117904
2024-05-27 00:00:00,19640.32000684161,19566.030086193736,29083.824186330137
2024-05-27 04:00:00,19620.67968683477,19658.328524832465,29429.453195613354
2024-05-27 08:00:00,19610.16511165504,19589.56928530965,29412.03487052802
2024-05-27 12:00:00,19581.1593870213,19502.53619384159,29557.281949552562
2024-05-27 16:00:00,19642.84987428739,20046.105857636783,30172.229693372472
2024-05-27 20:00:00,19273.627984371986,19714.07925958069,29639.411038031707
2024-05-28 00:00:00,19388.956368477928,19776.643973020364,29842.61026818979
2024-05-28 04:00:00,19037.634093395944,19366.87607262091,29374.560621684475
2024-05-28 08:00:00,18971.03841398169,19277.055444415437,29217.839741953667
2024-05-28 12:00:00,18971.03841398169,19451.12162735156,29714.69305931753
2024-05-28 16:00:00,18971.03841398169,19454.218890393127,29507.61735587388
2024-05-28 20:00:00,18971.03841398169,19501.297288624963,29747.341878251427
2024-05-29 00:00:00,18971.03841398169,19499.74865710418,29623.94422336191
2024-05-29 04:00:00,18952.067375567705,19617.754378987924,30013.840856204264
2024-05-29 08:00:00,18895.06496984407,19371.52196718326,29726.24604930396
2024-05-29 12:00:00,18807.36896103847,19325.99220047221,29450.950117816265
2024-05-29 16:00:00,18838.06256412043,19292.541759623276,29473.416964978915
2024-05-29 20:00:00,18875.931295195573,19276.126265502964,29566.187347533465
2024-05-30 00:00:00,18834.076381901996,19377.40676696224,29503.372059245816
2024-05-30 04:00:00,18900.247006728037,19522.048951003468,29777.82079879289
2024-05-30 08:00:00,18690.271270807913,19354.177294150482,29070.052193357842
2024-05-30 12:00:00,18690.271270807913,19408.998849986234,29247.452891349185
2024-05-30 16:00:00,18690.271270807913,19593.59572726369,29541.77872010344
2024-05-30 20:00:00,18690.271270807913,19608.46258986322,29515.334857531325
2024-05-31 00:00:00,18690.271270807913,19534.7477294739,29327.645658778798
2024-05-31 04:00:00,18690.271270807913,19615.896021162982,29447.613757893763
2024-05-31 08:00:00,18690.271270807913,19500.987562320806,29278.748636051136
2024-05-31 12:00:00,18690.271270807913,19507.801541012257,29561.50900184081
2024-05-31 16:00:00,18690.271270807913,19194.977973813882,28972.754605416878
2024-05-31 20:00:00,18690.271270807913,19315.151779826723,29216.773006791307
2024-06-01 00:00:00,18690.271270807913,19296.877927881473,29132.236245920863
2024-06-01 04:00:00,18690.271270807913,19338.381252638483,29292.6412452557
2024-06-01 08:00:00,18690.271270807913,19314.53232721841,29270.67080772281
2024-06-01 12:00:00,18690.271270807913,19328.470010905465,29306.400621630964
2024-06-01 16:00:00,18690.271270807913,19330.638095034563,29355.47603517359
2024-06-01 20:00:00,18690.271270807913,19338.071526334326,29372.1777485934
2024-06-02 00:00:00,18671.580999537106,19346.74386285072,29257.799248899562
2024-06-02 04:00:00,18657.94066393992,19352.009210021384,29254.16796864049
2024-06-02 08:00:00,18637.568734151915,19338.69097894264,29114.36138202947
2024-06-02 12:00:00,18658.294958371014,19490.14714167532,29293.766688360105
2024-06-02 16:00:00,18643.94603391164,19451.12162735156,29155.26414463959
2024-06-02 20:00:00,18615.071037777336,19343.956326113304,28887.557845463605
2024-06-03 00:00:00,18613.653860052953,19347.053589154875,28885.073736242426
2024-06-03 04:00:00,18644.123181127186,19523.287856220097,29034.07667209833
2024-06-03 08:00:00,18658.395490655872,19676.602376777715,29300.506566674714
2024-06-03 12:00:00,18652.892775653938,19714.07925958069,29231.035141413864
2024-06-03 16:00:00,18633.991113054955,19791.51083561989,29149.43371254528
2024-06-03 20:00:00,18527.34943499862,19656.470167007523,29267.88195508043
2024-06-04 00:00:00,18488.346381903913,19533.199097953115,28994.692897395144
2024-06-04 04:00:00,18516.471699085276,19622.090547246116,29192.874392716916
2024-06-04 08:00:00,18516.569696706116,19622.400273550276,29126.88105795423
2024-06-04 12:00:00,18528.525406448713,19660.186882657406,29190.851547049806
2024-06-04 16:00:00,18648.278499116386,20038.672426337023,29587.339820520385
2024-06-04 20:00:00,18613.57468240917,19987.877312455304,29668.178696086674
2024-06-05 00:00:00,18711.650551940627,20033.716805470514,29934.966132539164
2024-06-05 04:00:00,18784.6703356919,20136.85566475473,30079.557595351383
2024-06-05 08:00:00,18858.501208578033,20253.932207726,30232.693322469953
2024-06-05 12:00:00,18818.688704889588,20195.08420993621,30147.658912146988
2024-06-05 16:00:00,18952.76816439424,20379.990813517823,30439.36378780922
2024-06-05 20:00:00,18832.46676668938,20278.40058575439,30294.40041282009
2024-06-06 00:00:00,18819.57598419305,20228.8443770893,30313.748663562477
2024-06-06 04:00:00,18789.136781231115,20186.721599723976,30289.137196866737
2024-06-06 08:00:00,18743.998516436106,20196.63284145699,30170.530567018715
2024-06-06 12:00:00,18808.474596030726,20277.47140684192,30291.028264622724
2024-06-06 16:00:00,18780.899845707805,20279.329764666858,30242.84431486584
2024-06-06 20:00:00,18434.40450298595,20034.645984382983,29670.22080380894
2024-06-07 00:00:00,18463.50979637572,20126.634696717556,29836.159377541626
2024-06-07 04:00:00,18480.65938002289,20180.836799944995,29879.43082850823
2024-06-07 08:00:00,18488.59718731101,20205.924630581696,30047.867833247416
2024-06-07 12:00:00,18533.67609289786,20348.398730493827,30130.140094119015
2024-06-07 16:00:00,18531.6181428602,20341.894478106533,30039.08683062142
2024-06-07 20:00:00,18368.001315104106,19884.428726866932,28958.327029003147
2024-06-08 00:00:00,18368.001315104106,19923.14451488653,29010.525158447577
2024-06-08 04:00:00,18368.001315104106,19945.135082481665,29048.782341147737
2024-06-08 08:00:00,18368.001315104106,19993.452385930126,29198.067286767735
2024-06-08 12:00:00,18368.001315104106,19929.648767273826,28812.715803295032
2024-06-08 16:00:00,18368.001315104106,19947.61289291492,28798.910532945658
2024-06-08 20:00:00,18368.001315104106,19961.24085029782,28760.284611498362
2024-06-09 00:00:00,18368.001315104106,19923.45424119069,28540.476324319632
2024-06-09 04:00:00,18368.001315104106,19901.1539472914,28510.41121635947
2024-06-09 08:00:00,18368.001315104106,19916.330536195084,28668.082536256567
2024-06-09 12:00:00,18368.001315104106,19939.250282702687,28738.570168659855
2024-06-09 16:00:00,18368.001315104106,19969.91318681421,28965.833412003056
2024-06-09 20:00:00,18368.001315104106,20036.81406851208,29053.009926799503
2024-06-10 00:00:00,18368.001315104106,20039.291878945336,29093.46438847445
2024-06-10 04:00:00,18368.001315104106,20059.733815019685,28863.604842688488
2024-06-10 08:00:00,18368.001315104106,19948.85179813155,28514.974567642847
2024-06-10 12:00:00,18368.001315104106,20001.505269838206,28769.49043843689
2024-06-10 16:00:00,18368.001315104106,20188.579957548915,29186.98231442467
2024-06-10 20:00:00,18368.001315104106,19981.373060068014,28822.249432761535
2024-06-11 00:00:00,18368.001315104106,19988.806491367777,28671.234369403246
2024-06-11 04:00:00,18368.001315104106,19674.744018952773,28125.420304147367
2024-06-11 08:00:00,18368.001315104106,19439.042301489444,27702.90441814475
2024-06-11 12:00:00,18368.001315104106,19309.266980047745,27784.147999117682
2024-06-11 16:00:00,18368.001315104106,19127.767365811855,26932.005486254333
2024-06-11 20:00:00,18368.001315104106,19472.183016034225,27305.210256056456
2024-06-12 00:00:00,18368.001315104106,19434.70613323125,27324.029363406702
2024-06-12 04:00:00,18368.001315104106,19458.86478495548,27374.280610135203
2024-06-12 08:00:00,18368.001315104106,19449.882722134935,27594.367338871532
2024-06-12 12:00:00,18368.001315104106,19520.19059317853,27590.301325989043
2024-06-12 16:00:00,18368.001315104106,19937.701651181902,28445.26134378305
2024-06-12 20:00:00,18368.001315104106,19372.451146095733,27604.605101344983
2024-06-13 00:00:00,18368.001315104106,19569.127349235303,27904.96492584749
2024-06-13 04:00:00,18368.001315104106,19349.841125892286,27386.185645864643
2024-06-13 08:00:00,18368.001315104106,19411.166934115332,27443.28176673037
2024-06-13 12:00:00,18368.001315104106,19464.439858430305,27251.59504610225
2024-06-13 16:00:00,18368.001315104106,19140.156417978127,26824.46053223445
2024-06-13 20:00:00,18368.001315104106,19211.393467934195,27023.356273905298
2024-06-14 00:00:00,18368.001315104106,19271.79009724477,27016.21313984819
2024-06-14 04:00:00,18368.001315104106,19254.44542421199,27034.95493098318
2024-06-14 08:00:00,18368.001315104106,19354.177294150482,27172.791715211082
2024-06-14 12:00:00,18368.001315104106,19403.114050207256,27271.452094874643
2024-06-14 16:00:00,18368.001315104106,19216.65881510486,26658.88253720077
2024-06-14 20:00:00,18368.001315104106,18970.11667699604,26286.721487142102
2024-06-15 00:00:00,18368.001315104106,19130.24517624511,26603.902840399838
2024-06-15 04:00:00,18368.001315104106,19189.093174034904,26814.67800973825
2024-06-15 08:00:00,18368.001315104106,19129.31599733264,26731.989224281242
2024-06-15 12:00:00,18368.001315104106,19200.86277359286,26847.788319570187
2024-06-15 16:00:00,18368.001315104106,19197.14605794298,26944.674034234748
2024-06-15 20:00:00,18368.001315104106,19127.4576395077,26839.48084189448
2024-06-16 00:00:00,18368.001315104106,19154.094101665185,26964.43039158394
2024-06-16 04:00:00,18368.001315104106,19139.536965369814,26782.529432695366
2024-06-16 08:00:00,18368.001315104106,19172.367953610436,26852.195816529274
2024-06-16 12:00:00,18368.001315104106,19245.46336139144,26934.203574230167
2024-06-16 16:00:00,18349.633313789003,19311.125337872683,27377.791900870936
2024-06-16 20:00:00,18339.846441878206,19254.755150516146,27387.833196305608
2024-06-17 00:00:00,18489.64050872188,19291.302854406647,27704.96958304624
2024-06-17 04:00:00,18248.97996436419,19167.412332743927,27173.397689357014
2024-06-17 08:00:00,18148.153339266308,19138.9175127615,27046.051184144308
2024-06-17 12:00:00,18102.743512645106,19017.50480153203,26667.601263900153
2024-06-17 16:00:00,18028.553156753922,18874.10152270743,26277.989916332146
2024-06-17 20:00:00,18028.553156753922,19234.313214441798,26810.899599374956
2024-06-18 00:00:00,18028.553156753922,19182.898647951766,26586.104825822098
2024-06-18 04:00:00,18028.553156753922,18919.321563114325,25637.79990942672
2024-06-18 08:00:00,18028.553156753922,18973.523666341767,25769.076122899474
2024-06-18 12:00:00,18028.553156753922,18891.446195740213,25755.269552833583
2024-06-18 16:00:00,18028.553156753922,18652.956941539473,25484.13719374273
2024-06-18 20:00:00,18028.553156753922,18569.640565721293,25176.407088442305
2024-06-19 00:00:00,18028.553156753922,18795.74076775576,25795.42710109757
2024-06-19 04:00:00,18028.553156753922,18871.933438578333,26261.273922887325
2024-06-19 08:00:00,18028.553156753922,18844.367797508377,26189.938487374595
2024-06-19 12:00:00,18028.553156753922,18785.519799718586,25915.81702378206
2024-06-19 16:00:00,18028.553156753922,18705.300686941973,25771.112349793548
2024-06-19 20:00:00,18028.553156753922,18703.44232911703,25779.59721825848
2024-06-20 00:00:00,18028.553156753922,18726.67180192879,25667.9301365009
2024-06-20 04:00:00,18028.553156753922,18797.599125580702,25447.479872249813
2024-06-20 08:00:00,18028.553156753922,19011.00054914474,26054.760552138956
2024-06-20 12:00:00,18028.553156753922,19124.979829074444,26322.397534265758
2024-06-20 16:00:00,18028.553156753922,18754.856895607063,25443.810708987396
2024-06-20 20:00:00,18028.553156753922,18817.111882742578,25613.654873250518
2024-06-21 00:00:00,18028.553156753922,18769.72375820659,25500.8613487892
2024-06-21 04:00:00,18028.553156753922,18628.178837206928,25321.401041514284
2024-06-21 08:00:00,18028.553156753922,18636.54144741916,25237.694504591145
2024-06-21 12:00:00,18028.553156753922,18473.93513773684,25258.285372375532
2024-06-21 16:00:00,18028.553156753922,18451.015391229234,25160.02553119635
2024-06-21 20:00:00,18028.553156753922,18606.80772222011,25404.486766662667
2024-06-22 00:00:00,18028.553156753922,18582.33934419172,25589.366526095062
2024-06-22 04:00:00,18028.553156753922,18630.96637394434,25625.122984375204
2024-06-22 08:00:00,18028.553156753922,18680.832308913585,25594.542043404195
2024-06-22 12:00:00,18028.553156753922,18615.170332432343,25554.64318960759
2024-06-22 16:00:00,18028.553156753922,18606.188269611794,25503.564120106195
2024-06-22 20:00:00,18028.553156753922,18597.515933095405,25499.526110335726
2024-06-23 00:00:00,18028.553156753922,18583.578249408347,25415.70953546159
2024-06-23 04:00:00,18028.553156753922,18629.108016119397,25580.1154580941
2024-06-23 08:00:00,18028.553156753922,18626.939931990302,25556.061970717434
2024-06-23 12:00:00,18028.553156753922,18610.834164174146,25472.021278486973
2024-06-23 16:00:00,18028.553156753922,18545.172187692904,25146.013513459715
2024-06-23 20:00:00,18028.553156753922,18564.065492246467,25166.917880342146
2024-06-24 00:00:00,18028.553156753922,18311.328828054517,24719.20231781724
2024-06-24 04:00:00,18028.553156753922,18203.853800512104,24401.84407675177
2024-06-24 08:00:00,18028.553156753922,18038.769680396526,24132.01307848547
2024-06-24 12:00:00,18028.553156753922,17672.98291518734,24093.81641582376
2024-06-24 16:00:00,18028.553156753922,17560.24254047426,23935.81907728
2024-06-24 20:00:00,18028.553156753922,17098.130894672307,23919.222867474462
2024-06-25 00:00:00,18028.553156753922,17395.158420358683,24614.253147768373
2024-06-25 04:00:00,18010.52460359717,17686.920598874396,25105.68614452381
2024-06-25 08:00:00,17975.36177358215,17520.90729984635,24954.79102764933
2024-06-25 12:00:00,18115.53792026364,17690.947040828432,25374.27048912141
2024-06-25 16:00:00,18196.317394622463,17899.392843525962,25707.94544312098
2024-06-25 20:00:00,18164.480778257515,17932.8432843749,25634.58383899015
2024-06-26 00:00:00,18067.070235648345,17891.649685922042,25359.179851469467
2024-06-26 04:00:00,18153.076617171566,17936.869726328936,25577.7916368
2024-06-26 08:00:00,18133.59450864973,17888.552422880475,25529.989203047422
2024-06-26 12:00:00,18099.857198770456,17793.776173808492,25387.60289881046
2024-06-26 16:00:00,18092.254424713155,17821.961267486764,25354.665303979076
2024-06-26 20:00:00,18126.942081349593,17673.91209409981,25454.02281708285
2024-06-27 00:00:00,18087.977864305925,17639.532474338404,25291.28501210401
2024-06-27 04:00:00,18107.935146206342,17672.673188883182,25367.97438547452
2024-06-27 08:00:00,18037.609486176305,17597.409696973078,25162.50103293033
2024-06-27 12:00:00,18171.133205557657,17704.265271907178,25553.974983272783
2024-06-27 16:00:00,18534.6194293351,17798.112342066688,26557.58611065884
2024-06-27 20:00:00,18564.982800366983,17769.307795780107,26627.448177027625
2024-06-28 00:00:00,18611.73222478781,17821.03208857429,26756.77217295982
2024-06-28 04:00:00,18558.040789172814,17895.05667526777,26609.150298054956
2024-06-28 08:00:00,18396.192333106523,17741.122702101835,26263.50358961759
2024-06-28 12:00:00,18442.766714106903,17840.54484573617,26346.708250494095
2024-06-28 16:00:00,18258.13964855713,17632.09904303864,25953.857323268046
2024-06-28 20:00:00,18062.090953162304,17359.849621684807,25583.515562643508
2024-06-29 00:00:00,18062.090953162304,17461.130123144085,25513.10578592582
2024-06-29 04:00:00,18062.090953162304,17548.78266722046,25737.136688974737
2024-06-29 08:00:00,18062.090953162304,17636.435211296837,25823.227153006104
2024-06-29 12:00:00,18062.090953162304,17654.089610633775,25889.63912040597
2024-06-29 16:00:00,18062.090953162304,17665.23975758342,25892.52245681223
2024-06-29 20:00:00,18062.090953162304,17642.320011075815,25771.155880428625
2024-06-30 00:00:00,18062.090953162304,17623.42670652225,25595.02218104172
2024-06-30 04:00:00,18062.090953162304,17591.834623498256,25356.292867515353
2024-06-30 08:00:00,18062.090953162304,17772.095332517518,25702.646463798832
2024-06-30 12:00:00,18062.090953162304,17777.67040599234,25760.05095158035
2024-06-30 16:00:00,18062.090953162304,17820.41263596598,26060.228540553606
2024-06-30 20:00:00,18044.02886220914,17912.091621996395,26240.174462136594
2024-07-01 00:00:00,18105.035371284583,18093.59123623228,26467.084384943795
2024-07-01 04:00:00,18145.691784633433,18268.586598080878,26681.718754425172
2024-07-01 08:00:00,18108.839780638762,18208.809421378613,26716.34799752429
2024-07-01 12:00:00,17998.772069485327,18035.362691050803,26406.148679450533
2024-07-01 16:00:00,18077.3436713357,18208.499695074457,26761.083512627964
2024-07-01 20:00:00,18016.22304305413,18218.72066311163,26615.100817591283
2024-07-02 00:00:00,17921.291219487575,18135.40428729345,26489.38451709075
2024-07-02 04:00:00,18069.553923807456,18205.09270572873,26797.845052877987
2024-07-02 08:00:00,17937.486400075028,18070.981216028835,26570.998292155404
2024-07-02 12:00:00,18057.4567809092,18120.84715099808,26823.979087065454
2024-07-02 16:00:00,17811.52844425222,17851.0755400775,26538.119828684277
2024-07-02 20:00:00,17980.986592534417,17839.6156668237,26974.31215148786
2024-07-03 00:00:00,18026.03242941956,17885.455159838908,27114.56820628806
2024-07-03 04:00:00,17889.607894853132,17567.366245469868,26562.22442397994
2024-07-03 08:00:00,17700.077321654917,17504.801532030193,26069.50707197431
2024-07-03 12:00:00,17700.077321654917,17370.999768634454,25718.26495670916
2024-07-03 16:00:00,17700.077321654917,17251.13568892577,25351.17202675812
2024-07-03 20:00:00,17700.077321654917,17131.58133552124,25186.348632840083
2024-07-04 00:00:00,17700.077321654917,17286.444487599645,25289.046597559227
2024-07-04 04:00:00,17700.077321654917,16971.762562576332,24717.481169569488
2024-07-04 08:00:00,17700.077321654917,16691.150531010266,24236.264320795344
2024-07-04 12:00:00,17700.077321654917,16562.304388481032,23985.36269560068
2024-07-04 16:00:00,17700.077321654917,16658.6292690738,24234.245594165914
2024-07-04 20:00:00,17700.077321654917,16705.08821469732,24122.636531154334
2024-07-05 00:00:00,17700.077321654917,16357.265575129228,23254.8393167572
2024-07-05 04:00:00,17700.077321654917,15807.501385250898,22414.531341996786
2024-07-05 08:00:00,17700.077321654917,15560.95924714208,22571.28784586126
2024-07-05 12:00:00,17700.077321654917,15900.109550193782,23172.692671837605
2024-07-05 16:00:00,17700.077321654917,16240.808484766269,23852.99890321016
2024-07-05 20:00:00,17700.077321654917,16156.253203731461,23787.867579457044
2024-07-06 00:00:00,17700.077321654917,16197.137075880159,23718.156247905274
2024-07-06 04:00:00,17700.077321654917,16134.882088744642,23702.454467214382
2024-07-06 08:00:00,17700.077321654917,16214.172022608784,24071.59692306249
2024-07-06 12:00:00,17700.077321654917,16262.489326057244,24276.835925564556
2024-07-06 16:00:00,17700.077321654917,16390.716015978163,24627.39813856729
2024-07-06 20:00:00,17700.077321654917,16529.163673936255,24808.054211275554
2024-07-07 00:00:00,17682.377244333264,16638.49705930361,24898.509739163892
2024-07-07 04:00:00,17640.393714980863,16564.47247261013,24745.952300886027
2024-07-07 08:00:00,17518.462826542513,16393.503552715574,24314.35469084294
2024-07-07 12:00:00,17542.13439096461,16414.25521509408,24396.31502752668
2024-07-07 16:00:00,17425.116468727072,16222.534632821018,23968.936446569962
2024-07-07 20:00:00,17451.021199604085,16359.12393295417,24111.3965646118
2024-07-08 00:00:00,17196.22851956387,15979.399484057925,23305.14407781567
2024-07-08 04:00:00,17196.22851956387,15779.935744180942,23073.606725748796
2024-07-08 08:00:00,17196.22851956387,15973.514684278945,23389.22929282717
2024-07-08 12:00:00,17196.22851956387,16342.3987125297,24521.38651786653
2024-07-08 16:00:00,17196.22851956387,15933.25026473856,23933.982183775173
2024-07-08 20:00:00,17196.22851956387,16161.518550902127,24167.70700749426
2024-07-09 00:00:00,17196.22851956387,16203.95105457161,24325.063841147017
2024-07-09 04:00:00,17196.22851956387,16343.327891442172,24521.920301633232
2024-07-09 08:00:00,17196.22851956387,16342.088986225544,24705.816456093315
2024-07-09 12:00:00,17179.032291044306,16446.776477030544,24761.44800985793
2024-07-09 16:00:00,17152.483727715855,16462.572518542544,24608.375421214572
2024-07-09 20:00:00,17154.897233472988,16570.35727238911,24807.377638310347
2024-07-10 00:00:00,17141.824077288522,16620.84265996667,24737.30495645255
2024-07-10 04:00:00,17154.619981999138,16655.84173233639,24801.786399053177
2024-07-10 08:00:00,17254.911337787664,16889.065639366465,25196.13729760844
2024-07-10 12:00:00,17129.4928444872,16735.441392504687,24953.96972769684
2024-07-10 16:00:00,17050.68400469304,16518.632979594924,24782.39546887843
2024-07-10 20:00:00,16973.362288272692,16424.78590943541,24695.14238608627
2024-07-11 00:00:00,17019.59469273367,16509.34119047022,24799.43316957595
2024-07-11 04:00:00,16883.33882784542,16456.377992459406,24555.972112964308
2024-07-11 08:00:00,17092.482112470345,16632.921985828783,24866.075002715283
2024-07-11 12:00:00,17225.354573604494,16760.838949445544,25065.675500793004
2024-07-11 16:00:00,16792.120511632293,16362.221195995737,24345.862613508507
2024-07-11 20:00:00,16773.41584201452,16360.672564474953,24137.932257336313
2024-07-12 00:00:00,16757.929180072926,16339.61117579229,24022.95593765979
2024-07-12 04:00:00,16738.01775757659,16225.322169558429,24058.282997270886
2024-07-12 08:00:00,16686.17585503888,16268.374125836224,23917.970882033303
2024-07-12 12:00:00,16686.17585503888,16269.922757357008,23908.208596916393
2024-07-12 16:00:00,16686.17585503888,16545.579168056567,24409.596244496897
2024-07-12 20:00:00,16686.17585503888,16355.09749100013,24277.191785861767
2024-07-13 00:00:00,16686.17585503888,16440.58195094741,24435.259459187502
2024-07-13 04:00:00,16686.17585503888,16414.564941398236,24333.262239598465
2024-07-13 08:00:00,16686.17585503888,16533.190115890295,24478.77407382183
2024-07-13 12:00:00,16686.17585503888,16627.34691235396,24598.592456074504
2024-07-13 16:00:00,16686.17585503888,16709.734109259673,24646.095743544727
2024-07-13 20:00:00,16669.48967918384,16649.647206253252,24576.088342757746
2024-07-14 00:00:00,16672.744187650143,16811.94378963142,24867.515375356226
2024-07-14 04:00:00,16698.647676924393,16889.065639366465,25103.185692020874
2024-07-14 08:00:00,16792.644662858555,17085.741842506035,25316.598190723395
2024-07-14 12:00:00,16821.751850582143,17108.35186270948,25350.57597250583
2024-07-14 16:00:00,16829.404704858054,17097.20171575984,25425.377858779888
2024-07-14 20:00:00,16781.744776445008,17038.043991665887,25331.448024565565
2024-07-15 00:00:00,17064.113096195742,17302.859981719957,25758.415679150465
2024-07-15 04:00:00,17522.483658360678,17817.625099228568,26435.872583764318
2024-07-15 08:00:00,17652.267154172077,17870.898023543537,26677.205271220584
2024-07-15 12:00:00,17508.043064588674,17738.954617972737,26426.2623863021
2024-07-15 16:00:00,17652.649394785025,17898.153938309337,26639.873998473326
2024-07-15 20:00:00,17870.232523802813,18021.425007363745,27016.6865288549
2024-07-16 00:00:00,18284.94930387605,18395.884109089322,27676.388276486086
2024-07-16 04:00:00,18206.135390231648,18407.963434951438,27500.63851831371
2024-07-16 08:00:00,17716.400087405404,17863.154865939618,26801.830341333058
2024-07-16 12:00:00,17998.776885221905,18122.086056214706,27268.542174875394
2024-07-16 16:00:00,18363.4040169734,18461.855811874724,27863.68527735395
2024-07-16 20:00:00,18394.501378491972,18519.155178143734,27943.088176268622
2024-07-17 00:00:00,18281.836170937284,18488.802000336364,27754.977746538072
2024-07-17 04:00:00,18401.534076675624,18650.16940480206,27876.682861543362
2024-07-17 08:00:00,18367.332098663584,18539.287387913926,27822.115163060393
2024-07-17 12:00:00,18211.94846503131,18333.938848257963,27672.29372670166
2024-07-17 16:00:00,18098.826660040413,18338.584742820316,27389.241567230238
2024-07-17 20:00:00,17993.386218267122,18296.152239150833,27203.979117766918
2024-07-18 00:00:00,17846.153936195078,18149.03224467635,26971.648101652077
2024-07-18 04:00:00,18125.760391346004,18377.919983448228,27470.411263348153
2024-07-18 08:00:00,18102.180482132717,18324.3373328291,27425.724007108638
2024-07-18 12:00:00,18187.86949906557,18356.54886846141,27553.228462022438
2024-07-18 16:00:00,17812.130645736845,18037.22104887574,27068.979487880606
2024-07-18 20:00:00,17812.130645736845,18066.335321466482,27202.260524788064
2024-07-19 00:00:00,17812.130645736845,18187.438306391792,27493.548276500773
2024-07-19 04:00:00,17794.31851509111,18297.081418063302,27821.594712414117
2024-07-19 08:00:00,17780.33505564242,18121.156877302237,27667.332997688714
2024-07-19 12:00:00,17821.08685175002,18232.038894190373,27834.2509314442
2024-07-19 16:00:00,18032.36517112177,18727.291254537107,28738.298583508942
2024-07-19 20:00:00,18204.55141015428,19123.431197553662,29131.69646170798
2024-07-20 00:00:00,18063.081090233758,18956.7984459173,28898.721791530108
2024-07-20 04:00:00,18059.859407869946,18947.506656792593,28924.88647590785
2024-07-20 08:00:00,18020.26719209707,18934.807878322164,28838.21562788091
2024-07-20 12:00:00,17987.25570450504,18921.179920939267,28761.942426301328
2024-07-20 16:00:00,18092.664927464975,19018.124254140348,28941.818923074217
2024-07-20 20:00:00,18234.933772356126,19098.653093221117,29278.939233587655
2024-07-21 00:00:00,18276.986366039942,19075.423620409354,29407.06097338616
2024-07-21 04:00:00,18239.82155136382,19080.069514971707,29324.954751879446
2024-07-21 08:00:00,18088.558375005505,18944.719120055182,29055.473997323927
2024-07-21 12:00:00,18193.556790707597,18999.540675890938,29270.859124298862
2024-07-21 16:00:00,18316.184043197827,19082.54732540496,29563.675425337246
2024-07-21 20:00:00,18413.571581105338,19152.235743840243,29830.50330727596
2024-07-22 00:00:00,18769.47125077032,19347.053589154875,30594.847296358494
2024-07-22 04:00:00,18587.73737040228,19273.338728765553,30181.461328556572
2024-07-22 08:00:00,18397.476372097357,19103.608714087626,29845.675399202024
2024-07-22 12:00:00,18553.19491926622,19196.836331638824,30158.824981361515
2024-07-22 16:00:00,18415.037258449505,19091.219661921354,30002.728865010387
2024-07-22 20:00:00,18629.593868661283,19415.812828677685,30481.184647862076
2024-07-23 00:00:00,18418.597357124872,19204.269762938588,29919.901799341686
2024-07-23 04:00:00,18407.743282140596,19176.70412186863,29948.625412469097
2024-07-23 08:00:00,18218.93463975192,18958.037351133928,29572.47123500556
2024-07-23 12:00:00,18199.917449341356,19028.345222177522,29695.58012013933
2024-07-23 16:00:00,18110.443825500915,19013.78808588215,29692.99143346421
2024-07-23 20:00:00,17927.236934605768,18709.32712889601,29135.982489080096
2024-07-24 00:00:00,17927.236934605768,18821.75777730493,29314.302738342638
2024-07-24 04:00:00,17927.236934605768,18863.261102061944,29356.974531231877
2024-07-24 08:00:00,17927.236934605768,18893.304553565154,29447.060206240218
2024-07-24 12:00:00,17927.236934605768,18958.037351133928,29835.97027598039
2024-07-24 16:00:00,17927.236934605768,18895.162911390096,29738.98298943251
2024-07-24 20:00:00,17927.236934605768,18767.555674077492,29685.65692630373
2024-07-25 00:00:00,17927.236934605768,18689.504645429977,29605.226060944176
2024-07-25 04:00:00,17927.236934605768,18316.90390152934,28459.347623628906
2024-07-25 08:00:00,17927.236934605768,18315.97472261687,28326.847312203776
2024-07-25 12:00:00,17927.236934605768,18310.399649142044,28265.02492712269
2024-07-25 16:00:00,17927.236934605768,18486.014463598953,28417.797154567008
2024-07-25 20:00:00,17927.236934605768,18477.65185338672,28187.39765781866
2024-07-26 00:00:00,17927.236934605768,18794.81158884329,28751.7421382524
2024-07-26 04:00:00,17927.236934605768,19136.439702328247,29347.324248685894
2024-07-26 08:00:00,17927.236934605768,19106.08652452088,29467.005145960742
2024-07-26 12:00:00,17891.382460736557,19200.243320984548,29679.297506649804
2024-07-26 16:00:00,18004.79872609156,19275.50681289465,29997.484552380447
2024-07-26 20:00:00,18067.86814092208,19395.370892603336,30145.23560794779
2024-07-27 00:00:00,18088.199306330214,19366.256620012595,30226.197813712915
2024-07-27 04:00:00,18058.289840532118,19333.115905467817,30111.526579965976
2024-07-27 08:00:00,18186.396513891694,19403.114050207256,30504.0825813795
2024-07-27 12:00:00,18189.266934969306,19450.811901047404,30492.72661516539
2024-07-27 16:00:00,18131.291832827374,19603.816695300866,30210.52455854567
2024-07-27 20:00:00,18056.71188132117,19459.793963867953,30046.74001011931
2024-07-28 00:00:00,18084.06467283099,19323.824116343112,30189.741814267458
2024-07-28 04:00:00,18101.993283229498,19341.78824198421,30224.58558904642
2024-07-28 08:00:00,18072.121883353735,19256.30378203693,30174.744011381874
2024-07-28 12:00:00,18153.946342409985,19350.150852196442,30415.533580774732
2024-07-28 16:00:00,18091.541884160273,19281.391612673633,30278.974399004393
2024-07-28 20:00:00,18157.781347988803,19420.768449544194,30401.4919968206
2024-07-29 00:00:00,18176.23799354889,19462.581500605364,30430.91669606791
2024-07-29 04:00:00,18470.191209350323,19735.45037456751,31331.574194761593
2024-07-29 08:00:00,18543.275037295105,19802.660982569534,31432.423207650965
2024-07-29 12:00:00,18560.076605628587,19862.4381592718,31373.717018259584
2024-07-29 16:00:00,18168.446693834776,19461.032869084578,30734.990846424174
2024-07-29 20:00:00,18181.94993523731,19253.20651899536,30690.0608691608
2024-07-30 00:00:00,18038.788656885692,19105.467071912564,30215.769594249694
2024-07-30 04:00:00,18043.407048278663,19059.937305201514,30202.1255005962
2024-07-30 08:00:00,18083.240674043023,19165.24424861483,30260.871603219937
2024-07-30 12:00:00,18067.65360309175,19043.21208477705,30041.72474053045
2024-07-30 16:00:00,18051.681666191063,18970.4264033002,30044.943866399655
2024-07-30 20:00:00,17947.998009687006,18883.08358552798,29617.146389843205
2024-07-31 00:00:00,17947.998009687006,18951.533098746633,29775.083350431334
2024-07-31 04:00:00,17947.998009687006,18898.879627039976,29936.38436365069
2024-07-31 08:00:00,17947.998009687006,18953.08173026742,30229.49152436314
2024-07-31 12:00:00,17947.998009687006,18900.42825856076,30048.30240474688
2024-07-31 16:00:00,17947.998009687006,18995.5142339369,29896.818312545664
2024-07-31 20:00:00,17947.998009687006,18673.39887761382,29377.190642337824
2024-08-01 00:00:00,17947.998009687006,18496.545157940287,28760.28909578107
2024-08-01 04:00:00,17947.998009687006,18282.83400807209,28277.137812567547
2024-08-01 08:00:00,17947.998009687006,18451.325117533393,28338.666961501756
2024-08-01 12:00:00,17947.998009687006,18568.091934200507,28575.059685655804
2024-08-01 16:00:00,17947.998009687006,18061.999153208286,27579.753830640795
2024-08-01 20:00:00,17947.998009687006,18209.428873986926,27625.73886136491
2024-08-02 00:00:00,17947.998009687006,18773.130747552314,28437.97156508071
2024-08-02 04:00:00,17947.998009687006,18538.66793530561,27977.543423193074
2024-08-02 08:00:00,17947.998009687006,18381.326972793955,27550.55302862231
2024-08-02 12:00:00,17947.998009687006,18486.014463598953,27856.953740030553
2024-08-02 16:00:00,17947.998009687006,18003.151155418494,26592.688772174195
2024-08-02 20:00:00,17947.998009687006,17777.980132296496,25918.156979773295
2024-08-03 00:00:00,17947.998009687006,17456.174502277576,25919.007212476703
2024-08-03 04:00:00,17947.998009687006,17580.065023940297,26050.43053856855
2024-08-03 08:00:00,17947.998009687006,17534.844983533403,25863.558175781218
2024-08-03 12:00:00,17947.998009687006,17612.276559572605,25987.382576581113
2024-08-03 16:00:00,17947.998009687006,17310.603139323877,25161.250049220525
2024-08-03 20:00:00,17947.998009687006,17135.60777747528,24440.327233869237
2024-08-04 00:00:00,17947.998009687006,17261.976109571257,24712.745122236913
2024-08-04 04:00:00,17947.998009687006,17260.11775174632,24901.144735077265
2024-08-04 08:00:00,17947.998009687006,17164.102597457706,24480.641756270794
2024-08-04 12:00:00,17947.998009687006,17329.49644387744,24852.607548287553
2024-08-04 16:00:00,17947.998009687006,16808.536800285692,23695.969508969887
2024-08-04 20:00:00,17947.998009687006,16984.151614742605,24509.832350065684
2024-08-05 00:00:00,17947.998009687006,16516.774621769982,23693.91322174958
2024-08-05 04:00:00,17947.998009687006,15319.992182508086,21849.10686862686
2024-08-05 08:00:00,17947.998009687006,14957.302680340466,21139.297562094165
2024-08-05 12:00:00,17947.998009687006,14517.491328437802,20077.178531002595
2024-08-05 16:00:00,17947.998009687006,15437.688178087672,22176.572471367523
2024-08-05 20:00:00,17947.998009687006,15179.376440420896,21829.00401525022
2024-08-06 00:00:00,17947.998009687006,15338.575760757494,22009.636611113914
2024-08-06 04:00:00,17947.998009687006,15798.209596126193,23169.077137608256
2024-08-06 08:00:00,17947.998009687006,16021.52226142325,23727.929147517993
2024-08-06 12:00:00,17947.998009687006,15693.522105321194,23231.727830070893
2024-08-06 16:00:00,17947.998009687006,16024.929250768975,24068.220570291982
2024-08-06 20:00:00,17947.998009687006,16132.714004615544,24093.220816169658
2024-08-07 00:00:00,17947.998009687006,15912.188876055898,23785.926886162248
2024-08-07 04:00:00,17930.05001167732,16161.828277206283,24693.768527257074
2024-08-07 08:00:00,17959.29879219494,16175.765960893339,24781.05545094992
2024-08-07 12:00:00,17930.05001167732,16182.57993958479,24650.668839336904
2024-08-07 16:00:00,17792.838820719662,15912.498602360054,24108.940330558537
2024-08-07 20:00:00,17581.645420217435,15530.296343030557,23337.3906672156
2024-08-08 00:00:00,17630.680140496974,15635.913012748028,23490.360654864544
2024-08-08 04:00:00,17973.49305332849,16173.288150460085,24692.61943417747
2024-08-08 08:00:00,17991.98860571463,16202.092696746668,24724.65380001832
2024-08-08 12:00:00,17997.20036290014,16252.578084324228,24856.624680831017
2024-08-08 16:00:00,18496.077142802496,16881.012755458385,25855.179132846788
2024-08-08 20:00:00,18285.919999495723,16878.225218720974,25447.02768300974
2024-08-09 00:00:00,19051.279559377595,17506.659889855135,26560.97127338188
2024-08-09 04:00:00,18861.39772487397,17397.32650448778,26090.46492358768
2024-08-09 08:00:00,18729.685583428407,17271.887351304274,25928.074308233532
2024-08-09 12:00:00,18584.988480640644,17220.472784814247,25734.972775807546
2024-08-09 16:00:00,18067.48567599214,16970.213931055547,24947.195212733983
2024-08-09 20:00:00,18239.164945963057,17220.782511118403,25363.488569319525
2024-08-10 00:00:00,18280.840189799863,17278.701329995725,25655.943819298802
2024-08-10 04:00:00,18249.2538371224,17160.695608111982,25389.73763507091
2024-08-10 08:00:00,18373.28401646644,17294.49737150772,25661.699181798962
2024-08-10 12:00:00,18389.80530364448,17316.1782127987,25612.298187221455
2024-08-10 16:00:00,18260.63383574542,17204.36701699809,25419.33110339426
2024-08-10 20:00:00,18319.275949716866,17343.4341275645,25542.399249901704
2024-08-11 00:00:00,18317.87278299517,17304.40861324074,25456.441552446362
2024-08-11 04:00:00,18416.26055767833,17343.743853868655,25715.150700219612
2024-08-11 08:00:00,18508.927572446155,17400.11404122519,25873.903712269017
2024-08-11 12:00:00,18385.582440584436,17224.80895307244,25462.949343101995
2024-08-11 16:00:00,18239.681446792834,17068.397169473254,24842.425497566444
2024-08-11 20:00:00,18158.275628799955,16936.144037598297,24481.3924411607
2024-08-12 00:00:00,17918.34152655554,16668.230784502663,23871.7411624736
2024-08-12 04:00:00,17918.34152655554,16611.550870841966,24088.78207839127
2024-08-12 08:00:00,17918.34152655554,16641.594322345176,24326.8574933641
2024-08-12 12:00:00,17918.34152655554,16976.71818344284,25032.730786963926
2024-08-12 16:00:00,17900.423185028987,17073.66251664392,24802.465416179963
2024-08-12 20:00:00,17832.983479839888,16719.64535099269,24248.352633104485
2024-08-13 00:00:00,17969.07583455602,16814.73132636883,24616.533811277895
2024-08-13 04:00:00,17823.037336268833,16733.58303467975,24225.11386205846
2024-08-13 08:00:00,17806.056115537765,16793.36021138201,24475.202147795964
2024-08-13 12:00:00,17799.991393848097,16674.425310585797,24434.994040499158
2024-08-13 16:00:00,17802.659871391552,16826.50092592679,24462.624502289014
2024-08-13 20:00:00,17911.0970952028,17134.368872258652,24627.88576728998
2024-08-14 00:00:00,17894.601052206905,17070.874979906508,24611.77187439593
2024-08-14 04:00:00,17907.943439924173,17183.30562831543,24509.14469474552
2024-08-14 08:00:00,17942.1484702539,17151.09409268312,24556.72316656535
2024-08-14 12:00:00,17976.838678318793,17228.215942418166,24813.51361484239
2024-08-14 16:00:00,17818.91332551986,16709.11465665136,24420.541499791183
2024-08-14 20:00:00,17810.665304021913,16589.250576942675,24132.887776626034
2024-08-15 00:00:00,17795.867383099125,16528.8539476321,24047.901152363273
2024-08-15 04:00:00,17759.39754310161,16457.307171371875,24118.82323585009
2024-08-15 08:00:00,17759.39754310161,16330.319386667587,23774.517920386912
2024-08-15 12:00:00,17759.39754310161,16530.402579152884,23952.86258094557
2024-08-15 16:00:00,17759.39754310161,16846.323409392826,24444.320815039424
2024-08-15 20:00:00,17759.39754310161,16115.059605278606,23438.909866856648
2024-08-16 00:00:00,17759.39754310161,16264.03795757803,23758.85384279611
2024-08-16 04:00:00,17759.39754310161,16350.451596437779,23758.418248067966
2024-08-16 08:00:00,17759.39754310161,16487.350622875085,24089.325076462654
2024-08-16 12:00:00,17759.39754310161,16466.59896049658,23811.557621524924
2024-08-16 16:00:00,17759.39754310161,16368.72544838303,23289.965645937336
2024-08-16 20:00:00,17759.39754310161,16788.094864211344,23784.09761912509
2024-08-17 00:00:00,17759.39754310161,16559.826578047778,23455.39867923875
2024-08-17 04:00:00,17759.39754310161,16629.205270178903,23479.538733846133
2024-08-17 08:00:00,17759.39754310161,16660.7973532029,23555.803403339985
2024-08-17 12:00:00,17759.39754310161,16626.417733441493,23493.194347226985
2024-08-17 16:00:00,17759.39754310161,16698.893688614186,23647.04002153177
2024-08-17 20:00:00,17759.39754310161,16719.335624688534,23753.288770296826
2024-08-18 00:00:00,17759.39754310161,16725.220424467512,23839.67318328052
2024-08-18 04:00:00,17759.39754310161,16682.78792079803,23738.808315660426
2024-08-18 08:00:00,17759.39754310161,16739.15810815457,23793.17075118606
2024-08-18 12:00:00,17741.638145558507,16859.951366775724,24198.734000066295
2024-08-18 16:00:00,17725.978164258446,16815.350778977143,24329.35417109324
2024-08-18 20:00:00,17710.75318243894,16771.98909639519,24379.621284357156
2024-08-19 00:00:00,17571.760408413356,16425.405362043726,23768.477249002994
2024-08-19 04:00:00,17571.760408413356,16491.996517437437,23911.047901631133
2024-08-19 08:00:00,17571.760408413356,16416.733025527334,23746.358010703974
2024-08-19 12:00:00,17571.760408413356,16381.733953157616,23681.87828050813
2024-08-19 16:00:00,17571.760408413356,16382.663132070085,23795.759454254105
2024-08-19 20:00:00,17571.760408413356,16484.253359833518,23748.57889263964
2024-08-20 00:00:00,17571.760408413356,16619.603754750042,23968.983437343915
2024-08-20 04:00:00,17554.188648004943,16961.541594539154,24266.320866848826
2024-08-20 08:00:00,17557.89749912803,17023.17712906636,24472.27878601269
2024-08-20 12:00:00,17443.96843916182,16921.58690130293,24193.583367283645
2024-08-20 16:00:00,17087.818605388075,16396.60081575714,23552.979126373582
2024-08-20 20:00:00,17087.818605388075,16579.649061513814,23806.889980878164
2024-08-21 00:00:00,17087.818605388075,16431.59988812686,23544.22275581954
2024-08-21 04:00:00,17087.818605388075,16524.208053069746,23628.47036964263
2024-08-21 08:00:00,17087.818605388075,16649.337479949096,23769.524298248125
2024-08-21 12:00:00,17087.818605388075,16542.17217871084,23505.854056862743
2024-08-21 16:00:00,17087.818605388075,16548.05697848982,23397.939471830894
2024-08-21 20:00:00,17070.730786782686,17100.91843140972,23954.378067960733
2024-08-22 00:00:00,17030.29088498835,16979.505720180252,23814.947452687993
2024-08-22 04:00:00,16977.780910464582,16821.855031364437,23641.840608991937
2024-08-22 08:00:00,17028.94976579619,16975.479278226212,23923.589666148684
2024-08-22 12:00:00,17057.113268831534,17060.03455926102,24055.62828340251
2024-08-22 16:00:00,16983.145387233217,16837.96079918059,23773.494716049147
2024-08-22 20:00:00,16979.01886664196,16825.571747014317,23795.220337403305
2024-08-23 00:00:00,16980.56631186368,16830.21764157667,23869.579617355845
2024-08-23 04:00:00,16996.247090110464,16877.296039808505,24010.856249937882
2024-08-23 08:00:00,17042.567283747347,17016.36315037491,24176.84111306974
2024-08-23 12:00:00,17011.41205328334,16922.825806519555,23955.922010591472
2024-08-23 16:00:00,17056.700616772407,17058.795654044392,24024.03560800895
2024-08-23 20:00:00,17205.27684610115,17607.01121240194,24817.87432116134
2024-08-24 00:00:00,17403.026765358634,17713.55706103188,25226.379565652478
2024-08-24 04:00:00,17325.62853288983,17628.382327388757,25145.2408904483
2024-08-24 08:00:00,17460.391740137246,17773.6439640383,25364.89388680889
2024-08-24 12:00:00,17536.827333159054,17683.203883224513,25619.43949082678
2024-08-24 16:00:00,17626.12722517807,17693.424851261687,25834.79269237459
2024-08-24 20:00:00,17740.782670162236,17744.83941775172,25988.89597191997
2024-08-25 00:00:00,17682.059515374953,17729.35310254388,25946.316859243776
2024-08-25 04:00:00,17576.713205798318,17715.725145160977,25697.028566724184
2024-08-25 08:00:00,17407.693507264386,17623.42670652225,25391.7404426921
2024-08-25 12:00:00,17483.30543812247,17634.576853471895,25550.09897546997
2024-08-25 16:00:00,17642.198832738257,17737.405986451955,25844.56097113014
2024-08-25 20:00:00,17644.769175574256,17751.963122747326,25831.942299350172
2024-08-26 00:00:00,17610.298839906598,17774.263416646616,25807.413106846572
2024-08-26 04:00:00,17656.226955809347,17758.15764883046,25933.400867249482
2024-08-26 08:00:00,17549.359898319064,17623.42670652225,25766.58103225677
2024-08-26 12:00:00,17652.763308651927,17708.291713861214,25961.774571975482
2024-08-26 16:00:00,17471.92991765082,17624.35588543472,25635.715709741737
2024-08-26 20:00:00,17474.65031297584,17581.613655461082,25609.4366762235
2024-08-27 00:00:00,17392.34180608861,17437.590924028165,25471.55104601589
2024-08-27 04:00:00,17436.587867189002,17470.11218596463,25620.48797532056
2024-08-27 08:00:00,17409.032918721103,17454.006418148478,25546.904510962544
2024-08-27 12:00:00,17262.995931064084,17319.275475840266,25071.955978467016
2024-08-27 16:00:00,17262.995931064084,17119.502009659125,24866.936937333434
2024-08-27 20:00:00,17262.995931064084,17199.101669827425,24997.482319213894
2024-08-28 00:00:00,17262.995931064084,16481.15609679195,23789.2988867834
2024-08-28 04:00:00,17262.995931064084,16558.89739913531,23987.683842603874
2024-08-28 08:00:00,17262.995931064084,16286.957704085633,23444.249788487326
2024-08-28 12:00:00,17262.995931064084,16701.061772743284,24067.61525670061
2024-08-28 16:00:00,17262.995931064084,16426.64426726035,23613.389388477917
2024-08-28 20:00:00,17262.995931064084,16439.033319426624,23681.561057984487
2024-08-29 00:00:00,17262.995931064084,16443.059761380664,23679.856596397152
2024-08-29 04:00:00,17262.995931064084,16460.7141607176,23586.464408148946
2024-08-29 08:00:00,17262.995931064084,16594.206197809184,23813.328742131307
2024-08-29 12:00:00,17262.995931064084,16769.821012266093,24019.06869955176
2024-08-29 16:00:00,17262.995931064084,16992.823951258993,24195.450377186327
2024-08-29 20:00:00,17262.995931064084,16571.596177605737,23401.19609160713
2024-08-30 00:00:00,17262.995931064084,16603.188260629733,23381.046512516208
2024-08-30 04:00:00,17262.995931064084,16514.91626394504,23239.924356736643
2024-08-30 08:00:00,17262.995931064084,16566.330830435072,23253.45622110612
2024-08-30 12:00:00,17262.995931064084,16608.4536078004,23225.613491964577
2024-08-30 16:00:00,17262.995931064084,16278.595093873399,22512.56116323978
2024-08-30 20:00:00,17262.995931064084,16457.92662398019,22940.271570249814
2024-08-31 00:00:00,17262.995931064084,16587.392219117733,23230.98811051131
2024-08-31 04:00:00,17262.995931064084,16620.223207358355,23263.415362784526
2024-08-31 08:00:00,17262.995931064084,16574.073988038992,23170.192709760893
2024-08-31 12:00:00,17262.995931064084,16574.693440647305,23110.389841493572
2024-08-31 16:00:00,17262.995931064084,16550.844515227232,23054.447513958337
2024-08-31 20:00:00,17262.995931064084,16508.102285253593,22849.514280031217
2024-09-01 00:00:00,17262.995931064084,16535.66792632355,22912.6005801189
2024-09-01 04:00:00,17262.995931064084,16413.945488789923,22707.963875777903
2024-09-01 08:00:00,17262.995931064084,16404.653699665218,22580.926875445184
2024-09-01 12:00:00,17262.995931064084,16334.655554925781,22445.648427375454
2024-09-01 16:00:00,17262.995931064084,16338.372270575663,22701.168739458808
2024-09-01 20:00:00,17262.995931064084,16415.803846614865,22857.611267259468
2024-09-02 00:00:00,17262.995931064084,16084.396701167081,21949.343508908205
2024-09-02 04:00:00,17262.995931064084,16190.32309718871,22192.06474084257
2024-09-02 08:00:00,17262.995931064084,16111.342889628724,21856.972185884057
2024-09-02 12:00:00,17262.995931064084,16365.318459037304,22485.10183060586
2024-09-02 16:00:00,17262.995931064084,16385.14094250334,22548.02170267621
2024-09-02 20:00:00,17262.995931064084,16356.646122520915,22601.010256942718
2024-09-03 00:00:00,17245.73293513302,16552.083420443858,22861.39657599673
2024-09-03 04:00:00,17201.82780363761,16555.80013609374,22927.448851503927
2024-09-03 08:00:00,17211.11060286807,16553.632051964643,22839.011727166762
2024-09-03 12:00:00,17197.06096078954,16581.1976930346,22834.85593186348
2024-09-03 16:00:00,17028.36289416916,16191.562002405337,22130.328252151536
2024-09-03 20:00:00,17028.36289416916,16289.435514518887,22294.060673390053
2024-09-04 00:00:00,17028.36289416916,16121.563857665898,21855.89500251407
2024-09-04 04:00:00,17028.36289416916,15881.525971944375,21706.54892394628
2024-09-04 08:00:00,17028.36289416916,15899.799823889625,22013.15346679862
2024-09-04 12:00:00,17028.36289416916,15856.128415003515,21825.671033788738
2024-09-04 16:00:00,17028.36289416916,16256.29479997411,22538.55828798221
2024-09-04 20:00:00,17028.36289416916,16229.03888520831,22463.851464740226
2024-09-05 00:00:00,17028.36289416916,16210.145580654746,22491.97712629271
2024-09-05 04:00:00,17028.36289416916,15973.514684278945,22145.77245034097
2024-09-05 08:00:00,17028.36289416916,15969.797968629064,22289.798233693036
2024-09-05 12:00:00,17028.36289416916,15831.660036975129,22158.161262283822
2024-09-05 16:00:00,17028.36289416916,15635.603286443871,21862.109398988447
2024-09-05 20:00:00,17028.36289416916,15633.435202314773,21608.25595315325
2024-09-06 00:00:00,17028.36289416916,15663.478653817983,21715.744690885767
2024-09-06 04:00:00,17028.36289416916,15767.236965710514,21929.09060247219
2024-09-06 08:00:00,17028.36289416916,15550.738279104906,21502.087053148185
2024-09-06 12:00:00,17028.36289416916,15622.285055365128,21805.34834362386
2024-09-06 16:00:00,17028.36289416916,15107.519937856516,21323.98974634507
2024-09-06 20:00:00,17028.36289416916,14959.78049077372,20872.568760997525
2024-09-07 00:00:00,17028.36289416916,15115.263095460437,20949.192452191728
2024-09-07 04:00:00,17028.36289416916,15063.229076362093,20976.209765415213
2024-09-07 08:00:00,17028.36289416916,15210.349070836575,21337.61676992476
2024-09-07 12:00:00,17028.36289416916,15231.410459519238,21302.144256107928
2024-09-07 16:00:00,17028.36289416916,15358.088517919372,21541.819777304117
2024-09-07 20:00:00,17028.36289416916,15239.153617123158,21431.84334946896
2024-09-08 00:00:00,17028.36289416916,15156.76642021745,21311.48494455542
2024-09-08 04:00:00,17028.36289416916,15219.021407352966,21384.736984187544
2024-09-08 08:00:00,17028.36289416916,15230.791006910926,21538.973898094115
2024-09-08 12:00:00,17028.36289416916,15255.569111243469,21593.91922655065
2024-09-08 16:00:00,17028.36289416916,15024.513288342492,21112.378623031593
2024-09-08 20:00:00,17028.36289416916,15209.419891924106,21420.740407792713
2024-09-09 00:00:00,17028.36289416916,15346.938370969727,21647.143298761628
2024-09-09 04:00:00,17028.36289416916,15428.08666265881,21533.051324164902
2024-09-09 08:00:00,17028.36289416916,15404.85718984705,21619.17438359379
2024-09-09 12:00:00,17028.36289416916,15507.996049131267,21695.618102938563
2024-09-09 16:00:00,17028.36289416916,15545.782658238397,21576.499825135426
2024-09-09 20:00:00,16994.306168380823,16035.15021880615,22506.088703373243
2024-09-10 00:00:00,16974.890879660197,16017.495819469212,22522.001344808654
2024-09-10 04:00:00,16783.872647169967,15870.37582499473,22218.952747269817
2024-09-10 08:00:00,16987.888952825775,16063.33531248442,22518.36742424394
2024-09-10 12:00:00,16980.636726082943,16074.795185738221,22544.258486898034
2024-09-10 16:00:00,16817.58038492322,15905.684623668605,22345.309330571385
2024-09-10 20:00:00,17190.05818465405,16288.506335606417,22811.22953007284
2024-09-11 00:00:00,17146.909470655264,16208.287222829804,22707.730345209937
2024-09-11 04:00:00,16845.56653184841,15940.683696038324,22311.16586353267
2024-09-11 08:00:00,16770.388449910817,15912.498602360054,22169.265539295167
2024-09-11 12:00:00,16725.717268020722,15938.20588560507,22111.606362216215
2024-09-11 16:00:00,16708.8297696432,15952.763021900439,22080.07393886646
2024-09-11 20:00:00,16830.449473875306,16204.260780875766,22339.016395544113
2024-09-12 00:00:00,16809.638238556836,16139.527983306993,22293.90404022481
2024-09-12 04:00:00,16961.505187585415,16381.424226853458,22742.29404427568
2024-09-12 08:00:00,16935.34328454621,16360.98229077911,22650.855857671282
2024-09-12 12:00:00,16891.936920717813,16325.98321840939,22601.409890896248
2024-09-12 16:00:00,16730.98897697961,16130.545920486446,22323.19505679993
2024-09-12 20:00:00,16803.020412385293,16334.036102317468,22619.55853848555
2024-09-13 00:00:00,16774.953369061313,16254.746168453325,22625.81553155491
2024-09-13 04:00:00,16741.843028890056,16161.20882459797,22401.807063564513
2024-09-13 08:00:00,16767.16915001443,16232.755600858192,22430.70672687459
2024-09-13 12:00:00,16746.886325737334,16175.456234589183,22230.091710671735
2024-09-13 16:00:00,16909.216494954067,16681.85874188556,22880.555006233197
2024-09-13 20:00:00,16934.202903489044,16703.849309480695,23070.389015560962
2024-09-14 00:00:00,17101.633894473263,16925.613343256966,23284.139902715615
2024-09-14 04:00:00,17071.31033506107,16871.411240029527,23271.43883695596
2024-09-14 08:00:00,16951.17748652496,16817.209136802085,23047.310230347408
2024-09-14 12:00:00,16860.00758243434,16685.265731231284,22914.782142488446
2024-09-14 16:00:00,16908.878659776157,16736.680297721316,22999.953905548653
2024-09-14 20:00:00,16847.093498328875,16716.548087951123,22894.16928819176
2024-09-15 00:00:00,16910.178952573395,16769.20155965778,22985.523967553883
2024-09-15 04:00:00,16947.387953154026,16818.138315714554,23037.317942218375
2024-09-15 08:00:00,16943.68279010469,16830.837094184983,23013.169337818217
2024-09-15 12:00:00,16796.42791162018,16762.697307270486,22792.601215465576
2024-09-15 16:00:00,16836.469075355828,16857.47355634247,22855.189136014647
2024-09-15 20:00:00,16697.02726647361,16738.848381850414,22541.149808376536
2024-09-16 00:00:00,16621.04890310049,16524.208053069746,22169.207367292525
2024-09-16 04:00:00,16540.10256342214,16344.566796658799,21956.425871085765
2024-09-16 08:00:00,16540.10256342214,16423.237277914628,22073.40184134664
2024-09-16 12:00:00,16540.10256342214,16338.062544271506,22090.096596942567
2024-09-16 16:00:00,16540.10256342214,16123.112489186682,21949.94222681869
2024-09-16 20:00:00,16540.10256342214,16124.041668099153,21882.377873343838
2024-09-17 00:00:00,16540.10256342214,16206.428865004864,21976.383251696803
2024-09-17 04:00:00,16540.10256342214,16169.261708506046,21928.06264955509
2024-09-17 08:00:00,16540.10256342214,16332.177744492526,22122.6028957648
2024-09-17 12:00:00,16540.10256342214,16441.51112985988,22109.183093672997
2024-09-17 16:00:00,16523.562460858717,17032.15919188691,22724.17627068969
2024-09-17 20:00:00,16415.583031128972,16698.58396231003,22308.144021755128
2024-09-18 00:00:00,16447.866574650772,16798.315832248518,22247.544423975458
2024-09-18 04:00:00,16462.704973536565,16844.155325263728,22266.56741128528
2024-09-18 08:00:00,16454.28317957436,16818.138315714554,22206.115619926422
2024-09-18 12:00:00,16405.356567032002,16666.991879286034,21926.568068986926
2024-09-18 16:00:00,16356.48459589095,16565.71137782676,21730.861072952117
2024-09-18 20:00:00,16356.48459589095,16754.954149666566,22022.00378423954
2024-09-19 00:00:00,16340.128111295058,17214.897711339425,22734.617237249982
2024-09-19 04:00:00,16333.556815001517,17296.975181940976,23160.86613015279
2024-09-19 08:00:00,16386.070646236854,17239.36608936781,23197.181429430344
2024-09-19 12:00:00,16461.134909783366,17387.105536450606,23331.52717824824
2024-09-19 16:00:00,16661.58722424345,17542.588141137323,23751.950296268093
2024-09-19 20:00:00,16692.914602100773,17536.083888750032,23757.962503540737
2024-09-20 00:00:00,16662.453117055724,17451.218881411067,23705.259850971415
2024-09-20 04:00:00,16899.333329727786,17640.151926946717,24005.58237347931
2024-09-20 08:00:00,17241.709107426155,17604.84312827284,24711.97259455332
2024-09-20 12:00:00,17195.39648287189,17595.24161284398,24656.024135884843
2024-09-20 16:00:00,17105.724937261344,17521.836478758818,24390.368548437255
2024-09-20 20:00:00,16990.483375509622,17433.874208378285,24216.66437613978
2024-09-21 00:00:00,17058.315643748214,17527.41155223364,24265.01821500792
2024-09-21 04:00:00,16972.28605528529,17442.85627119883,24159.559250384373
2024-09-21 08:00:00,17071.639727397844,17501.39454268447,24332.969383453732
2024-09-21 12:00:00,17065.127995317132,17503.872353117724,24309.60677334248
2024-09-21 16:00:00,17100.96777539626,17532.057446795992,24371.70614528493
2024-09-21 20:00:00,17116.794108619528,17534.844983533403,24360.708451681356
2024-09-22 00:00:00,17292.096234906996,17570.77323481559,24622.24915010666
2024-09-22 04:00:00,17190.15179599386,17505.11125833435,24453.92638630319
2024-09-22 08:00:00,17115.34587769014,17456.174502277576,24334.730821796544
2024-09-22 12:00:00,16982.182496328263,17412.503093391464,24078.31344749193
2024-09-22 16:00:00,16874.578453975464,17379.672105150843,23876.524466357958
2024-09-22 20:00:00,16893.170770505265,17528.65045745027,24094.531822088185
2024-09-23 00:00:00,16901.713186208144,17649.75344237558,24141.391210239868
2024-09-23 04:00:00,17092.8873834652,17851.385266381658,24644.857243253777
2024-09-23 08:00:00,17015.75608952789,17720.061313419174,24426.829619966717
2024-09-23 12:00:00,16989.41733891198,17661.21331562938,24189.45127918866
2024-09-23 16:00:00,17059.06406753485,17691.25676713259,24285.642560186003
2024-09-23 20:00:00,17043.6658068246,17635.196306080208,24206.54102904679
2024-09-24 00:00:00,16999.908672612804,17663.381399758477,24334.965316327813
2024-09-24 04:00:00,16910.74716441682,17591.215170889944,24482.86927334358
2024-09-24 08:00:00,16944.414332187,17686.920598874396,24552.82093086907
2024-09-24 12:00:00,16923.812035491814,17662.761947150164,24454.05747085646
2024-09-24 16:00:00,16841.57897322307,17546.304856787207,24259.720487757084
2024-09-24 20:00:00,16841.57897322307,17812.66947836206,24629.521543075403
2024-09-25 00:00:00,16824.737394249845,17781.38712164222,25043.93491992288
2024-09-25 04:00:00,16793.46470246737,17817.625099228568,24957.887057296648
2024-09-25 08:00:00,16716.517421371016,17663.691126062633,24664.244717366688
2024-09-25 12:00:00,16759.311631178614,17657.806326283655,24786.76333248928
2024-09-25 16:00:00,16765.895355764398,17648.82426346311,24781.922964610858
2024-09-25 20:00:00,16759.723113965225,17592.144349802413,24709.359389265035
2024-09-26 00:00:00,16680.3069361492,17572.631592640533,24496.99358046247
2024-09-26 04:00:00,16718.986318090687,17655.3285158504,24656.701912832294
2024-09-26 08:00:00,16820.622566383732,17760.0160066554,25011.812807570677
2024-09-26 12:00:00,16834.63229160422,17878.950907451614,25127.31503183986
2024-09-26 16:00:00,17032.802275258182,18065.71586885817,25596.283438117913
2024-09-26 20:00:00,16933.635426174966,17928.197389812547,25399.046706926092
2024-09-27 00:00:00,16976.345749717606,18058.90189016672,25419.511563315955
2024-09-27 04:00:00,17006.191925713778,18121.156877302237,25480.117520425658
2024-09-27 08:00:00,17105.048713076412,18217.79148419916,25784.618566417994
2024-09-27 12:00:00,16992.46173181313,18164.208833580033,25556.819024470402
2024-09-27 16:00:00,17224.090720828633,18320.310890875062,25969.23882306521
2024-09-27 20:00:00,17172.943643068582,18218.10121050332,25808.58879793217
2024-09-28 00:00:00,17168.07987580599,18251.551651352253,25809.325329818537
2024-09-28 04:00:00,17224.409779170368,18334.24857456212,25936.350115973844
2024-09-28 08:00:00,17094.86648357557,18266.728240255936,25669.932789461556
2024-09-28 12:00:00,17103.80764984332,18250.312746135623,25726.61212758947
2024-09-28 16:00:00,17072.66672958896,18204.473253120417,25681.328476551746
2024-09-28 20:00:00,17096.49493318538,18232.34862049453,25698.283598129783
2024-09-29 00:00:00,17099.65477016288,18264.869882430994,25701.798056819345
2024-09-29 04:00:00,17120.007157382744,18250.622472439783,25769.862137194534
2024-09-29 08:00:00,16930.74055319596,18161.42129684262,25486.843303633123
2024-09-29 12:00:00,16996.722152266957,18222.127652457355,25651.508352424993
2024-09-29 16:00:00,17014.96359395993,18231.729167886217,25715.346769616524
2024-09-29 20:00:00,17105.662010651457,18279.427018726365,25936.58808208961
2024-09-30 00:00:00,17048.18263297354,18192.084200954145,25815.094762502307
2024-09-30 04:00:00,16844.354029266175,17919.215326991998,25457.123756174115
2024-09-30 08:00:00,16844.354029266175,17898.463664613493,25512.53643713124
2024-09-30 12:00:00,16844.354029266175,17649.75344237558,25237.796550041472
2024-09-30 16:00:00,16844.354029266175,17660.903589325222,25150.015491759525
2024-09-30 20:00:00,16844.354029266175,17654.709063242088,25250.655229970922
2024-10-01 00:00:00,16844.354029266175,17606.082033489467,24991.59225214694
2024-10-01 04:00:00,16844.354029266175,17709.840345382,25315.239801009673
2024-10-01 08:00:00,16844.354029266175,17844.57128769021,25603.45048553918
2024-10-01 12:00:00,16844.354029266175,17802.75823662904,25584.14906847646
2024-10-01 16:00:00,16844.354029266175,17521.836478758818,24670.960225257768
2024-10-01 20:00:00,16844.354029266175,17269.719267175176,24104.467216094657
2024-10-02 00:00:00,16844.354029266175,17014.19506624581,23921.891353588664
2024-10-02 04:00:00,16844.354029266175,17271.887351304274,24288.05633264529
2024-10-02 08:00:00,16844.354029266175,17275.604066954158,24339.904799165735
2024-10-02 12:00:00,16844.354029266175,17101.847610322187,24066.729769921207
2024-10-02 16:00:00,16844.354029266175,17346.22166430191,24333.01386972848
2024-10-02 20:00:00,16844.354029266175,16875.74740828772,23296.156449447688
2024-10-03 00:00:00,16844.354029266175,17001.496287775382,23346.91110581655
2024-10-03 04:00:00,16844.354029266175,17251.445415229926,23761.329507307295
2024-10-03 08:00:00,16844.354029266175,17161.315060720295,23406.653094034467
2024-10-03 12:00:00,16844.354029266175,17042.070433619927,23010.055729739393
2024-10-03 16:00:00,16844.354029266175,17045.167696661494,22908.046200016724
2024-10-03 20:00:00,16844.354029266175,17142.421756166732,23114.8531677932
2024-10-04 00:00:00,16844.354029266175,17056.00811730698,23023.22271101045
2024-10-04 04:00:00,16844.354029266175,17123.21872530901,23147.49402319706
2024-10-04 08:00:00,16844.354029266175,17261.046930658787,23430.358715265364
2024-10-04 12:00:00,16844.354029266175,17260.73720435463,23502.571825254305
2024-10-04 16:00:00,16844.354029266175,17490.55412203898,23963.95232955441
2024-10-04 20:00:00,16844.354029266175,17607.94039131441,24139.1927034515
2024-10-05 00:00:00,16844.354029266175,17524.314289192072,24027.550882419808
2024-10-05 04:00:00,16844.354029266175,17470.11218596463,23848.553078299778
2024-10-05 08:00:00,16844.354029266175,17535.15470983756,24100.03216564451
2024-10-05 12:00:00,16844.354029266175,17563.959256124144,24073.181747339964
2024-10-05 16:00:00,16844.354029266175,17543.207593745636,23984.908416394916
2024-10-05 20:00:00,16844.354029266175,17445.02435532793,23844.56475257795
2024-10-06 00:00:00,16844.354029266175,17508.208521375916,23950.56420086161
2024-10-06 04:00:00,16844.354029266175,17459.5814916233,23943.37228639899
2024-10-06 08:00:00,16844.354029266175,17483.74014334753,23988.980722162974
2024-10-06 12:00:00,16827.509675236906,17524.62401549623,24125.217316442417
2024-10-06 16:00:00,16867.119163031628,17691.25676713259,24400.167148180546
2024-10-06 20:00:00,16820.915648703594,17662.452220846008,24317.46037042929
2024-10-07 00:00:00,16894.316547420316,17734.308723410388,24471.97997739365
2024-10-07 04:00:00,17222.514850988624,17928.81684242086,24986.03908210765
2024-10-07 08:00:00,17111.62984202279,17939.34753676219,24755.53542125941
2024-10-07 12:00:00,17017.24302536593,17799.97069989163,24609.619042955313
2024-10-07 16:00:00,17122.2255255553,17956.382483490816,24811.688178699995
2024-10-07 20:00:00,16980.519403678503,17892.88859113867,24597.314067439816
2024-10-08 00:00:00,16659.014001237796,17557.145277432694,24145.458384456564
2024-10-08 04:00:00,16659.014001237796,17656.56742106703,24230.919031601574
2024-10-08 08:00:00,16659.014001237796,17548.78266722046,23996.030589744296
2024-10-08 12:00:00,16659.014001237796,17650.992347592204,24205.54858025389
2024-10-08 16:00:00,16659.014001237796,17579.445571331984,23997.167330708027
2024-10-08 20:00:00,16659.014001237796,17559.623087865948,24112.873859225263
2024-10-09 00:00:00,16659.014001237796,17533.915804620934,24086.72125743269
2024-10-09 04:00:00,16659.014001237796,17596.170791756453,24151.046852037784
2024-10-09 08:00:00,16659.014001237796,17588.42763415253,24079.824615896654
2024-10-09 12:00:00,16659.014001237796,17575.109403073788,24094.184787869614
2024-10-09 16:00:00,16659.014001237796,17614.75437000586,24096.48587202554
2024-10-09 20:00:00,16659.014001237796,17267.241456741922,23756.28684662805
2024-10-10 00:00:00,16659.014001237796,17152.952450508063,23462.74349182334
2024-10-10 04:00:00,16659.014001237796,17213.039353514483,23579.499703562586
2024-10-10 08:00:00,16659.014001237796,17231.313205459734,23595.35166801737
2024-10-10 12:00:00,16659.014001237796,17343.4341275645,23713.381446662217
2024-10-10 16:00:00,16659.014001237796,17219.233879597617,23494.231955471794
2024-10-10 20:00:00,16659.014001237796,16905.171407182617,23271.381524891123
2024-10-11 00:00:00,16659.014001237796,17077.998684902115,23463.500039460356
2024-10-11 04:00:00,16659.014001237796,17153.571903116375,23701.80636173678
2024-10-11 08:00:00,16659.014001237796,17161.934513328608,23724.883219450145
2024-10-11 12:00:00,16659.014001237796,17327.6380860525,23903.51443461766
2024-10-11 16:00:00,16642.35498723656,17625.594790651347,24280.916313216374
2024-10-11 20:00:00,16648.31284800634,17858.19924507311,24482.997621822018
2024-10-12 00:00:00,16550.76417329796,17697.14156691157,24404.69858606343
2024-10-12 04:00:00,16550.234555788604,17727.804471023093,24381.06012093072
2024-10-12 08:00:00,16587.992583702977,17761.254911872027,24438.083799184627
2024-10-12 12:00:00,16647.29464308133,17811.74029944959,24540.370705069436
2024-10-12 16:00:00,16694.205252419244,17860.677055506363,24555.64304577483
2024-10-12 20:00:00,16696.012900369198,17809.57221532049,24595.348497553172
2024-10-13 00:00:00,16700.07329656021,17854.48252942323,24571.431950003567
2024-10-13 04:00:00,16589.536189406364,17729.97255515219,24403.15052352474
2024-10-13 08:00:00,16652.153405650402,17764.352174913598,24532.823798982485
2024-10-13 12:00:00,16608.78423714196,17678.248262358004,24493.393315641184
2024-10-13 16:00:00,16490.303392220303,17580.68447654861,24312.498761826486
2024-10-13 20:00:00,16614.029692781332,17737.0962601478,24477.256497177612
2024-10-14 00:00:00,16750.268934291693,17808.023583799706,24731.959440819974
2024-10-14 04:00:00,17156.105047493544,18182.482685525283,25395.136674484194
2024-10-14 08:00:00,17214.92994691876,18254.958640697976,25475.222439471578
2024-10-14 12:00:00,17275.433467764593,18369.24764693184,25552.587266642353
2024-10-14 16:00:00,17707.552938405774,18634.99281589838,26138.288952761373
2024-10-14 20:00:00,17652.14283304503,18657.29310979767,26038.87185780611
2024-10-15 00:00:00,17740.52152535026,18679.2836773928,26235.69531479478
2024-10-15 04:00:00,17575.303798699886,18500.571599894323,25951.30827010823
2024-10-15 08:00:00,17608.002507609028,18598.445112007874,25968.332445550976
2024-10-15 12:00:00,17424.52367063343,18537.119303784828,25634.88895013003
2024-10-15 16:00:00,17515.26282911732,18744.945653874045,25811.965043502823
2024-10-15 20:00:00,17728.94792719032,19028.964674785835,26145.92588191894
2024-10-16 00:00:00,17756.7612266294,19057.149768464104,26141.86068917641
2024-10-16 04:00:00,17749.86324843805,19056.840042159947,26079.966310678054
2024-10-16 08:00:00,17712.5668269,19041.663453256264,26023.127992867696
2024-10-16 12:00:00,17915.382001494883,19277.984623327906,26347.11813381561
2024-10-16 16:00:00,17869.57028166706,19264.666392249164,26323.633277256355
2024-10-16 20:00:00,17860.129263568153,19288.515317669237,26235.9323494962
2024-10-17 00:00:00,17846.81286260683,19262.18858181591,26229.83992186984
2024-10-17 04:00:00,17916.613295665786,19255.37460312446,26284.010955446138
2024-10-17 08:00:00,17787.85846127825,19172.677679914592,26037.670005166772
2024-10-17 12:00:00,17603.879077509402,19039.805095431322,25804.97196861192
2024-10-17 16:00:00,17773.083106433027,19296.568201577316,26139.763396018396
2024-10-17 20:00:00,17636.556910796622,19097.723914308644,25681.581678554114
2024-10-18 00:00:00,17702.877463507677,19253.20651899536,25846.527408752074
2024-10-18 04:00:00,17713.67181700626,19274.577633982182,26008.496894338416
2024-10-18 08:00:00,17835.41761835083,19408.998849986234,26308.752698137967
2024-10-18 12:00:00,17756.03428071054,19320.107400693232,26135.37078392438
2024-10-18 16:00:00,17911.768563287027,19601.648611171768,26444.563858676596
2024-10-18 20:00:00,17879.39774271324,19535.986634690526,26405.92811745368
2024-10-19 00:00:00,17842.72570015822,19485.810973417123,26392.540695015647
2024-10-19 04:00:00,17853.067189334077,19489.837415371163,26354.63530077637
2024-10-19 08:00:00,17831.77631191141,19459.174511259636,26335.713657579494
2024-10-19 12:00:00,17788.038931079718,19388.556913911885,26222.61368189787
2024-10-19 16:00:00,17813.502540858986,19424.794891498233,26517.66979687173
2024-10-19 20:00:00,17795.493055463267,19411.78638672365,26499.155050840924
2024-10-20 00:00:00,17943.81403609162,19452.979985176502,26859.209333691077
2024-10-20 04:00:00,17881.230242992846,19404.352955423885,26754.386239486317
2024-10-20 08:00:00,17905.160248144104,19458.86478495548,26760.608170409556
2024-10-20 12:00:00,17929.536558085834,19464.130132126145,26812.520451499888
2024-10-20 16:00:00,18093.526102943677,19509.35017253304,26975.037067092195
2024-10-20 20:00:00,18076.919120739556,19477.138636900734,26989.526634379188
2024-10-21 00:00:00,18491.85182730519,19614.347389642197,27844.111475624937
2024-10-21 04:00:00,18530.896026176124,19596.073537696946,28021.94833120223
2024-10-21 08:00:00,18488.13663516158,19530.72128751986,27955.349865616565
2024-10-21 12:00:00,18339.914334270434,19447.095185397524,27671.1662997841
2024-10-21 16:00:00,18197.465228084802,19246.082813999754,27519.043671730462
2024-10-21 20:00:00,18292.414942992553,19385.769377174474,27822.54775470654
2024-10-22 00:00:00,18198.932867745323,19273.029002461397,27636.886383207406
2024-10-22 04:00:00,18194.88382653041,19278.294349632062,27593.28920758705
2024-10-22 08:00:00,18211.88979963304,19247.941171824696,27629.880104603923
2024-10-22 12:00:00,18251.570403539175,19247.011992912227,27725.356067306053
2024-10-22 16:00:00,18254.404732389612,19262.808034424223,27730.78005272552
2024-10-22 20:00:00,18288.41667859487,19342.407694592523,27861.459697843035
2024-10-23 00:00:00,18260.47829421198,19335.283989596915,27778.157040284248
2024-10-23 04:00:00,18171.399387483925,19212.012920542507,27472.687226095608
2024-10-23 08:00:00,18190.42988119401,19183.208374255923,27501.071852055124
2024-10-23 12:00:00,18228.085964492686,19096.48500909202,27553.32049136856
2024-10-23 16:00:00,18284.367637379957,19005.735201974076,27615.051950162313
2024-10-23 20:00:00,18460.905834350102,19070.467999542845,28084.51340683477
2024-10-24 00:00:00,18387.618188360204,19137.368881240716,27920.946851404104
2024-10-24 04:00:00,18500.99134237773,19282.011065281946,28313.002239981222
2024-10-24 08:00:00,18475.482382723785,19233.693761833485,28223.520114761406
2024-10-24 12:00:00,18490.86873934045,19289.754222885866,28262.79086997878
2024-10-24 16:00:00,18546.74550810623,19390.10554543267,28446.421617846965
2024-10-24 20:00:00,18584.82865302988,19525.14621404504,28659.963523668222
2024-10-25 00:00:00,18569.96601193021,19501.297288624963,28627.93864797405
2024-10-25 04:00:00,18467.23675842974,19455.767521913913,28345.430067565292
2024-10-25 08:00:00,18312.40236729559,19308.64752743943,27940.851920540314
2024-10-25 12:00:00,18430.52556135962,19474.041373859163,28267.410677772943
2024-10-25 16:00:00,18359.10625532709,19370.283061966635,28099.554745577036
2024-10-25 20:00:00,18085.367927867148,19136.439702328247,27501.305423256294
2024-10-26 00:00:00,18085.367927867148,19117.54639777468,27123.914502823794
2024-10-26 04:00:00,18085.367927867148,19207.67675228431,27276.543072414188
2024-10-26 08:00:00,18085.367927867148,19225.640877925405,27493.100900888083
2024-10-26 12:00:00,18085.367927867148,19261.569129207597,27657.644972566457
2024-10-26 16:00:00,18085.367927867148,19180.42083751851,27583.0779148189
2024-10-26 20:00:00,18085.367927867148,19263.427487032535,27955.6010929149
2024-10-27 00:00:00,18085.367927867148,19247.321719216383,27872.05469702587
2024-10-27 04:00:00,18085.367927867148,19301.214096139665,28029.73847700422
2024-10-27 08:00:00,18085.367927867148,19275.50681289465,28147.83759608573
2024-10-27 12:00:00,18085.367927867148,19250.728708562106,28190.639329013356
2024-10-27 16:00:00,18085.367927867148,19422.31708106498,28455.629725950435
2024-10-27 20:00:00,18067.28255993928,19433.157501710466,28593.464001021082
2024-10-28 00:00:00,18045.584237429437,19497.580572975083,28570.0534194879
2024-10-28 04:00:00,18016.1627831788,19422.93653367329,28414.135568483776
2024-10-28 08:00:00,17994.472616296072,19590.498464222124,28501.950456731975
2024-10-28 12:00:00,18049.831609603694,19658.328524832465,28648.498501821792
2024-10-28 16:00:00,17910.18264884572,19592.666548351222,28222.739546425724
2024-10-28 20:00:00,18113.672391440326,19919.42779923665,28658.167928119088
2024-10-29 00:00:00,18181.33563386151,20002.12472244652,28956.417459263634
2024-10-29 04:00:00,18463.052224524698,20251.454397292746,29451.2419016857
2024-10-29 08:00:00,18424.45389868288,20278.40058575439,29290.048094199286
2024-10-29 12:00:00,18575.581628435582,20465.4752734651,29495.27819389216
2024-10-29 16:00:00,18709.256063788303,20751.042925897676,29621.93402642684
2024-10-29 20:00:00,18522.384352881498,20710.778506357292,29252.79310352412
2024-10-30 00:00:00,18612.708714240358,20776.130756534378,29418.961458622834
2024-10-30 04:00:00,18607.769721236065,20644.187350963577,29459.064053587754
2024-10-30 08:00:00,18633.54557143817,20657.50558204232,29367.48943646655
2024-10-30 12:00:00,18463.60059888444,20578.21564817818,29008.21754931678
2024-10-30 16:00:00,18485.743076134688,20534.853965596223,28781.408659792833
2024-10-30 20:00:00,18402.758541285424,20471.36007324408,28762.344801838044
2024-10-31 00:00:00,18461.420856975943,20630.55939358068,28882.430136081042
2024-10-31 04:00:00,18463.920623217615,20639.541456401224,28835.672349972774
2024-10-31 08:00:00,18437.947935037133,20644.80680357189,28831.500591955926
2024-10-31 12:00:00,18396.12157514852,20581.00318491559,28838.051965465118
2024-10-31 16:00:00,18050.809154768784,20134.687580625632,28134.514943857233
2024-10-31 20:00:00,18050.809154768784,19933.05575661955,27763.93261855415
2024-11-01 00:00:00,18050.809154768784,19983.231417892952,27754.372800238965
2024-11-01 04:00:00,18050.809154768784,19731.114206309314,27501.152445503714
2024-11-01 08:00:00,18050.809154768784,19728.63639587606,27416.51216121394
2024-11-01 12:00:00,18050.809154768784,19950.710155956487,27705.56975701447
2024-11-01 16:00:00,18050.809154768784,19817.52784516906,27294.046290128426
2024-11-01 20:00:00,18050.809154768784,19807.9263297402,27595.598208907024
2024-11-02 00:00:00,18050.809154768784,19876.0661166547,27567.52317765943
2024-11-02 04:00:00,18050.809154768784,19914.472178370143,27669.820555583196
2024-11-02 08:00:00,18050.809154768784,19973.629902464094,27762.758372305096
2024-11-02 12:00:00,18050.809154768784,19927.17095684057,27588.932408878456
2024-11-02 16:00:00,18050.809154768784,19874.207758829758,27326.601213506197
2024-11-02 20:00:00,18050.809154768784,19912.923546849357,27489.730396007817
2024-11-03 00:00:00,18050.809154768784,19877.61474817548,27595.31815680321
2024-11-03 04:00:00,18050.809154768784,19572.224612276874,26965.32995053934
2024-11-03 08:00:00,18050.809154768784,19596.383264001102,27155.099456749518
2024-11-03 12:00:00,18050.809154768784,19598.5513481302,27180.933871850677
2024-11-03 16:00:00,18050.809154768784,19491.6957731961,26723.858497187975
2024-11-03 20:00:00,18050.809154768784,19678.460734602657,26933.270701246758
2024-11-04 00:00:00,18050.809154768784,19616.20574746714,26976.766700186912
2024-11-04 04:00:00,18050.809154768784,19627.975347025098,26977.60053452744
2024-11-04 08:00:00,18050.809154768784,19512.757161878766,26765.820204969998
2024-11-04 12:00:00,18050.809154768784,19516.473877528646,27020.0329354681
2024-11-04 16:00:00,18050.809154768784,19511.20853035798,26904.64352169614
2024-11-04 20:00:00,18050.809154768784,19313.603148305938,26488.326981832535
2024-11-05 00:00:00,18050.809154768784,19321.965758518174,26282.41887873596
2024-11-05 04:00:00,18050.809154768784,19431.60887018968,26532.780948171363
2024-11-05 08:00:00,18050.809154768784,19600.099979650986,26853.029495271676
2024-11-05 12:00:00,18050.809154768784,19558.286928589816,26867.699112008915
2024-11-05 16:00:00,18050.809154768784,19792.749740836516,27294.657366057138
2024-11-05 20:00:00,18050.809154768784,19563.862002064638,26926.41631859001
2024-11-06 00:00:00,18050.809154768784,19674.12456634446,27272.567453974123
2024-11-06 04:00:00,17996.818698672767,21426.55599526367,30322.31471328728
2024-11-06 08:00:00,17853.22032253079,21045.902367454953,30017.85949439819
2024-11-06 12:00:00,18213.62495614599,21461.24534132923,30658.709616660504
2024-11-06 16:00:00,18149.266268764448,21426.55599526367,30475.686568222467
2024-11-06 20:00:00,18489.91248436233,21866.677073470488,31002.726187052078
2024-11-07 00:00:00,18476.403586672684,21769.73274026941,30814.838712899775
2024-11-07 04:00:00,18802.07791666212,21591.020662770934,31194.69575553068
2024-11-07 08:00:00,18639.253654980443,21485.40399305346,30951.110979419413
2024-11-07 12:00:00,18533.94628935783,21511.73072890679,30744.539697242097
2024-11-07 16:00:00,18909.790256006163,21804.422086334973,31525.592297674542
2024-11-07 20:00:00,19217.370570691906,21986.541153179172,32149.183816202833
2024-11-08 00:00:00,19136.584848299506,21766.325750923683,31982.067678524116
2024-11-08 04:00:00,19232.04024418081,21792.96221308117,32214.298344001058
2024-11-08 08:00:00,19368.093091592556,21888.357914761466,32518.298339767134
2024-11-08 12:00:00,19442.23750662787,21827.03210653842,32781.353576562484
2024-11-08 16:00:00,19529.09030216538,22041.98216162324,32747.385812814293
2024-11-08 20:00:00,19621.411297015504,22255.38358518728,32784.65676268954
2024-11-09 00:00:00,19608.394663768806,22116.62620092503,32764.68762760367
2024-11-09 04:00:00,19580.030382705154,22076.361781384647,32666.098900145662
2024-11-09 08:00:00,19786.97133601889,22130.56388461209,32915.872855284324
2024-11-09 12:00:00,19901.899583153834,22120.342916574915,33157.344056829505
2024-11-09 16:00:00,19727.53612771206,22061.185192480963,32704.22014306195
2024-11-09 20:00:00,19756.152948464347,22019.68186772395,32651.38231138135
2024-11-10 00:00:00,19994.25079156283,22150.69609438228,33000.88196249021
2024-11-10 04:00:00,20090.490624726495,22295.02855211935,33197.61621849321
2024-11-10 08:00:00,20412.000631096358,22706.035357735433,33733.415004032475
2024-11-10 12:00:00,20659.057486226782,23043.94675557051,34102.8302564322
2024-11-10 16:00:00,20762.92731340512,22949.170506498525,34591.66244044395
2024-11-10 20:00:00,20531.80563704398,22958.772021927387,34127.08616207766
2024-11-11 00:00:00,20681.956028886918,23130.979847038572,34388.51979291295
2024-11-11 04:00:00,20815.08807794923,23502.031959418426,34530.66432980325
2024-11-11 08:00:00,20608.833261555686,23390.84021622613,34241.55832561735
2024-11-11 12:00:00,21269.902783512713,23847.996241161574,35639.30467710449
2024-11-11 16:00:00,21611.707068848205,24451.343081659033,36120.97988659092
2024-11-11 20:00:00,21833.719058881237,24980.0458828547,36206.04261959066
2024-11-12 00:00:00,22177.254580688452,25496.97908449241,36725.165929296214
2024-11-12 04:00:00,22123.12438048981,25490.474832105116,36666.39599090914
2024-11-12 08:00:00,22385.465221577033,25851.305976447795,37036.34925431803
2024-11-12 12:00:00,21710.981634872405,25356.36334240522,35648.70874334793
2024-11-12 16:00:00,21644.819224439343,25242.693788779674,35583.70218656093
2024-11-12 20:00:00,21913.20343315498,25829.934861460977,36065.49270280493
2024-11-13 00:00:00,21673.871960978286,25543.74775642009,35679.121221466914
2024-11-13 04:00:00,21275.24218670097,25368.442668267337,34731.44742167442
2024-11-13 08:00:00,21213.175973706977,25531.04897794966,35047.444187997
2024-11-13 12:00:00,21219.939836818114,25555.20762967389,35254.6620821453
2024-11-13 16:00:00,21627.50594736111,27010.921259210878,36910.993919804954
2024-11-13 20:00:00,21424.416621639473,26285.542254875636,35809.19846281194
2024-11-14 00:00:00,21466.38725940603,26435.44978608753,36475.11888902164
2024-11-14 04:00:00,21435.77644301844,26326.11640072018,36935.06022357085
2024-11-14 08:00:00,21519.110705195424,26623.76337901487,36959.23019850434
2024-11-14 12:00:00,21601.317656853884,26917.38391535552,36876.426999629315
2024-11-14 16:00:00,21279.340429524913,25767.370148021302,35661.91284230916
2024-11-14 20:00:00,21417.13246136594,26259.525245326466,36497.54572131531
2024-11-15 00:00:00,21234.440952315043,25684.053772203122,35575.93666730258
2024-11-15 04:00:00,21234.440952315043,25936.17098378676,35614.683728485965
2024-11-15 08:00:00,21234.440952315043,25719.672297181154,35462.99449202276
2024-11-15 12:00:00,21234.440952315043,26280.586634009127,36163.750515682645
2024-11-15 16:00:00,21234.440952315043,26002.45241287632,35482.076295257466
2024-11-15 20:00:00,21234.440952315043,26554.384686883746,36099.3904045086
2024-11-16 00:00:00,21234.440952315043,26683.540555717133,36789.52456688999
2024-11-16 04:00:00,21213.20651136273,26732.787038078066,37216.545856480116
2024-11-16 08:00:00,21136.1194556008,26703.053312879012,36879.276601581674
2024-11-16 12:00:00,21141.190972427245,26721.63689112842,37034.44175449068
2024-11-16 16:00:00,21007.641029330924,26504.828478218657,36431.277544231874
2024-11-16 20:00:00,21053.62278189067,26693.45179745015,36693.357182215535
2024-11-17 00:00:00,21028.603298880218,26524.650961684692,36495.93387501516
2024-11-17 04:00:00,21207.79689341452,26430.494165221022,36983.51317301474
2024-11-17 08:00:00,21708.524654745284,26479.740647581955,38747.32057620096
2024-11-17 12:00:00,21636.5091158098,26537.659466459278,38484.103312187755
2024-11-17 16:00:00,21614.194441773456,26427.0871758753,38345.55855046055
2024-11-17 20:00:00,21661.528598820252,26378.46014612268,38505.60921043439
2024-11-18 00:00:00,21735.572744486315,26346.868063098686,38713.36295377059
2024-11-18 04:00:00,21957.367080362736,26607.657611198716,39597.916205566886
2024-11-18 08:00:00,21860.426322700052,26891.36690580635,39467.19113489546
2024-11-18 12:00:00,21783.63659117127,26508.545193868536,39324.67200922079
2024-11-18 16:00:00,21935.57199293958,27042.51334223487,39646.2456228528
2024-11-18 20:00:00,21542.008950561794,26523.72178277222,38674.26823737503
2024-11-19 00:00:00,21624.160188948044,26452.175006512,39110.842333686975
2024-11-19 04:00:00,21522.13279927773,26727.5216909074,39214.55914015632
2024-11-19 08:00:00,21540.257116955276,26839.95233931632,39533.62142967701
2024-11-19 12:00:00,21639.996947875312,26887.030737548153,39901.700161835724
2024-11-19 16:00:00,21428.196370306512,27053.35376288036,39280.27748920131
2024-11-19 20:00:00,21566.910988411248,27258.392576232163,39651.86635159692
2024-11-20 00:00:00,21303.44755002513,26993.26685987394,38896.36373719365
2024-11-20 04:00:00,21182.535335904256,26948.975998379516,38505.54345217587
2024-11-20 08:00:00,21329.108316265592,27213.17253582527,38874.0830474315
2024-11-20 12:00:00,21449.910720225067,27427.193411997625,39152.95251059385
2024-11-20 16:00:00,21583.84493163495,27867.314490204444,39489.350774499115
2024-11-20 20:00:00,21519.996467317826,27625.727972962137,38699.59455323011
2024-11-21 00:00:00,21525.72645770526,27647.408814253115,38926.9505725381
2024-11-21 04:00:00,21635.578559132933,28063.061514431545,39157.293004217645
2024-11-21 08:00:00,21731.02382758649,28424.20238507838,39956.78696836352
2024-11-21 12:00:00,21822.785530790978,28771.405572038162,39958.249944366005
2024-11-21 16:00:00,21695.289017722902,28449.9096683234,41057.12156156765
2024-11-21 20:00:00,22094.31184800353,28814.767254620114,41839.93012824563
2024-11-22 00:00:00,22238.19771259484,28983.258364081415,42192.97981560725
2024-11-22 04:00:00,22467.664483747358,29122.325474647823,42903.420566853165
2024-11-22 08:00:00,22351.503147062183,29157.943999625855,42500.936750916444
2024-11-22 12:00:00,22448.552013050212,29283.073426505205,42746.97305243414
2024-11-22 16:00:00,22361.736390825223,29327.983740607942,42523.444235921605
2024-11-22 20:00:00,22221.302240352365,29405.7250429513,42195.96167153383
2024-11-23 00:00:00,22389.69056341224,29344.089508424095,42557.19264334584
2024-11-23 04:00:00,22358.674093230307,29200.376503295338,42481.01837837603
2024-11-23 08:00:00,22370.789764679117,29167.23578875056,42573.62360224775
2024-11-23 12:00:00,22343.941326579057,29151.130020934404,42383.424650149725
2024-11-23 16:00:00,22684.80810203334,29156.705094409226,42943.26579681836
2024-11-23 20:00:00,22301.3301560396,28825.917401569757,42117.50646889817
2024-11-24 00:00:00,22286.560096385165,28867.42072632677,42136.48315500412
2024-11-24 04:00:00,22502.665824031,29017.328257538666,42635.18281318194
2024-11-24 08:00:00,22494.415891126057,29135.024253118252,42513.82003342355
2024-11-24 12:00:00,21984.07163809912,28768.30830899659,41374.98470369795
2024-11-24 16:00:00,21509.355700206503,28274.914306474802,40562.51636902275
2024-11-24 20:00:00,21509.355700206503,28483.66983547649,41253.012025755444
2024-11-25 00:00:00,21509.355700206503,28932.4632501997,41872.417686775996
2024-11-25 04:00:00,21509.355700206503,28924.100639987468,41842.87176515969
2024-11-25 08:00:00,21509.355700206503,29063.47747685803,42143.08659667765
2024-11-25 12:00:00,21487.846344506295,29023.213057317644,42022.734622588134
2024-11-25 16:00:00,21574.198009456264,28329.426136006397,41045.14303492456
2024-11-25 20:00:00,21453.219110441147,27901.074657357538,40214.522197011334
2024-11-26 00:00:00,21385.26316358829,27549.84502844372,39568.868895423875
2024-11-26 04:00:00,21410.58432849843,27924.304130169297,40000.69614998674
2024-11-26 08:00:00,21307.74533888877,27722.36257985906,39708.05155735503
2024-11-26 12:00:00,21307.74533888877,27168.88167433085,38420.42098541703
2024-11-26 16:00:00,21307.74533888877,27438.033832643112,38578.489222248914
2024-11-26 20:00:00,21307.74533888877,27114.989297407563,38662.014774399984
2024-11-27 00:00:00,21307.74533888877,27141.316033260893,38801.309898639556
2024-11-27 04:00:00,21307.74533888877,27349.452109654267,39040.970068291
2024-11-27 08:00:00,21307.74533888877,27647.71854055727,39557.24215763316
2024-11-27 12:00:00,21307.74533888877,27490.997030653925,39540.704865832995
2024-11-27 16:00:00,21286.43759354988,28043.858483573826,40344.90448629595
2024-11-27 20:00:00,21369.158256025807,28391.061670533603,40395.12297084252
2024-11-28 00:00:00,21488.59676358034,28132.130480258515,40684.40999304765
2024-11-28 04:00:00,21390.049443742944,28048.504378136175,40426.178376469376
2024-11-28 08:00:00,21379.07629463899,28020.319284457906,40187.65984018435
2024-11-28 12:00:00,21427.611377214154,28030.54025249508,40090.97313144952
2024-11-28 16:00:00,21268.500715206887,27890.853689320364,39499.385520484226
2024-11-28 20:00:00,21330.54121206383,27913.46370952381,39792.26314508615
2024-11-29 00:00:00,21333.49552143797,28055.318356827625,40058.16726708853
2024-11-29 04:00:00,21333.706543536122,28295.665968853307,40572.388638578006
2024-11-29 08:00:00,21251.829969452807,27980.05486491752,39923.55089641972
2024-11-29 12:00:00,21326.311917271414,28527.650970666757,41091.82232007843
2024-11-29 16:00:00,21382.335902706942,28776.36119290467,41020.25921780214
2024-11-29 20:00:00,21160.55714798764,28523.934255016873,40573.230131743156
2024-11-30 00:00:00,21230.56477530007,28532.606591533262,40793.31925552962
2024-11-30 04:00:00,21295.819635477656,28291.32980059511,40789.30292562103
2024-11-30 08:00:00,21420.191559415904,28321.37325209832,40976.721741671325
2024-11-30 12:00:00,21193.427585900125,28159.386395024314,40529.45368967533
2024-11-30 16:00:00,21201.095707902812,28274.604580170646,40439.02448964886
2024-11-30 20:00:00,21264.050392961843,28396.636744008425,40525.57369649427
2024-12-01 00:00:00,21232.37781063028,28227.52618193881,40242.33085313297
2024-12-01 04:00:00,21238.497451476716,28211.1106878185,40045.31287496109
2024-12-01 08:00:00,21233.221899022894,28250.445928446414,40036.44587976689
2024-12-01 12:00:00,21210.642534520535,28442.476237023635,40257.15239116689
2024-12-01 16:00:00,21282.60106999067,28414.91059595368,40449.42246004475
2024-12-01 20:00:00,21228.157368667227,28406.8577120456,40128.75471219543
2024-12-02 00:00:00,21257.27841821232,28523.31480240856,40344.892561318746
2024-12-02 04:00:00,21231.53372223767,28373.716997500822,39455.22153028971
2024-12-02 08:00:00,21205.366982066713,28289.161716466013,39446.92125547146
2024-12-02 12:00:00,21015.181627929647,27983.46185426325,38771.480084369454
2024-12-02 16:00:00,21015.181627929647,28722.77854228554,39786.31634237486
2024-12-02 20:00:00,21015.181627929647,28283.276916687035,38922.33671428826
2024-12-03 00:00:00,21015.181627929647,28263.144706916843,39121.32375865034
2024-12-03 04:00:00,21015.181627929647,28335.930388393692,39379.53498175995
2024-12-03 08:00:00,21015.181627929647,28164.65174219498,39160.43156400302
2024-12-03 12:00:00,21015.181627929647,27954.96703428082,38899.80379981034
2024-12-03 16:00:00,21015.181627929647,28188.810393919208,38689.098068383406
2024-12-03 20:00:00,21015.181627929647,28144.20980612063,39242.982960438414
2024-12-04 00:00:00,21015.181627929647,28261.905801700217,39957.97245331375
2024-12-04 04:00:00,21015.181627929647,28266.861422566726,40456.57069503181
2024-12-04 08:00:00,20994.16644630172,28487.69627743053,40471.49549922038
2024-12-04 12:00:00,21019.50979704955,28375.88508162992,40391.30153437666
2024-12-04 16:00:00,21185.231551549055,28198.721635652226,40185.90780306146
2024-12-04 20:00:00,21231.958354490373,28666.408354929004,40296.75894308114
2024-12-05 00:00:00,21194.9026415127,29036.22156209223,39996.00246829194
2024-12-05 04:00:00,21457.708671683722,30220.924675492013,40717.55001507241
2024-12-05 08:00:00,21429.510773044218,29999.470368019895,40754.4145331646
2024-12-05 12:00:00,21601.00124575849,30137.91802597799,41786.79486862719
2024-12-05 16:00:00,21307.87780438015,29700.27475820442,41227.5559888848
2024-12-05 20:00:00,20777.819876613852,28973.03739604424,40178.6877626122
2024-12-06 00:00:00,20701.98781929807,28408.71606987054,40269.41834660257
2024-12-06 04:00:00,20930.473965884,28639.46216646736,41172.0093817904
2024-12-06 08:00:00,20904.536630353017,28766.75967747581,40914.24247827734
2024-12-06 12:00:00,20851.275994797023,28715.654837289934,40284.43287354011
2024-12-06 16:00:00,21107.085441407962,29157.324547017542,41140.467859557204
2024-12-06 20:00:00,21251.819733569413,29795.670459884717,41646.67614167562
2024-12-07 00:00:00,21109.857370396006,29246.5257226147,41002.2128566945
2024-12-07 04:00:00,21086.29597399763,29128.2102744268,40707.299554750476
2024-12-07 08:00:00,21089.661887768827,29164.448252013146,40901.27594756808
2024-12-07 12:00:00,21112.43130445633,29228.25187066945,41141.31912966292
2024-12-07 16:00:00,21112.43130445633,29215.862818503178,41386.28670754955
2024-12-07 20:00:00,21134.606736360685,29340.063066470055,41555.81779872619
2024-12-08 00:00:00,21094.01777617861,29230.419954798548,41081.15547984974
2024-12-08 04:00:00,21079.36615152752,29250.55216456874,41321.906196151685
2024-12-08 08:00:00,21068.674425430778,29205.641850466003,41015.504491046464
2024-12-08 12:00:00,21058.180694261755,29241.57010174819,40851.174723499484
2024-12-08 16:00:00,21093.819781250895,29302.276457362925,41055.35584032275
2024-12-08 20:00:00,21074.81226819002,29281.215068680263,40881.02481517114
2024-12-09 00:00:00,21115.79721822753,29638.019771068903,41138.571471170166
2024-12-09 04:00:00,20998.980210874237,29138.740968768132,40395.512052582875
2024-12-09 08:00:00,20934.382187762214,29193.872250908043,40293.17646289709
2024-12-09 12:00:00,20934.382187762214,28734.238415539345,39415.02501682506
2024-12-09 16:00:00,20934.382187762214,28591.764315627213,39086.09278113568
2024-12-09 20:00:00,20934.382187762214,28461.679267881354,38843.929546227446
2024-12-10 00:00:00,20934.382187762214,28578.446084548472,38244.61140036208
2024-12-10 04:00:00,20934.382187762214,28458.582004839787,38010.05070704137
2024-12-10 08:00:00,20934.382187762214,28553.048527607614,38348.83315381839
2024-12-10 12:00:00,20934.382187762214,28772.644477254787,38397.14071596233
2024-12-10 16:00:00,20934.382187762214,28219.78302433489,36956.93571347795
2024-12-10 20:00:00,20934.382187762214,28216.685761293324,37562.99351578989
2024-12-11 00:00:00,20934.382187762214,28445.263773761046,37814.99688537635
2024-12-11 04:00:00,20934.382187762214,28675.70014405371,38561.63791701087
2024-12-11 08:00:00,20934.382187762214,28767.998582692435,38619.27490493514
2024-12-11 12:00:00,20934.382187762214,29015.77962601788,39423.74461936143
2024-12-11 16:00:00,20913.447805574455,29663.72705431392,40162.50353775146
2024-12-11 20:00:00,20963.430007357834,29876.199298965486,40394.911846472154
2024-12-12 00:00:00,20948.42077475233,29812.395680309186,40071.92874034424
2024-12-12 04:00:00,20943.466270785466,29791.33429162652,40575.68729079723
2024-12-12 08:00:00,20892.245443010364,29573.59669980429,40342.38418921551
2024-12-12 12:00:00,20894.57697428889,29583.507941537307,40367.14629477206
2024-12-12 16:00:00,20974.354263356017,30099.8216905667,40883.852459220274
2024-12-12 20:00:00,20517.731722207107,29386.831738397734,40043.38854598406
2024-12-13 00:00:00,20579.361599911324,29561.517373942173,40120.100253202865
2024-12-13 04:00:00,20686.619257491744,29515.987607231124,40251.59982926171
2024-12-13 08:00:00,20558.92397633503,29638.32949737306,39956.6591414813
2024-12-13 12:00:00,20573.28893368507,29621.294550644438,39984.7487524447
2024-12-13 16:00:00,20372.433962484196,29475.72318769074,39422.95220847698
2024-12-13 20:00:00,20596.21982566682,29933.808391538652,39844.081173649094
2024-12-14 00:00:00,20606.98758123507,29902.835761122973,39955.53478977062
2024-12-14 04:00:00,20693.528347751693,30093.627164483565,40168.88335411572
2024-12-14 08:00:00,20690.69511380526,30015.57613583605,40145.90781625757
2024-12-14 12:00:00,20554.8570492199,29941.86127544673,39897.22067235208
2024-12-14 16:00:00,20551.025509415205,29962.30321152108,39695.98852099022
2024-12-14 20:00:00,20481.564851960295,29881.154919831995,39154.5635721906
2024-12-15 00:00:00,20480.864427688884,29889.51753004423,39370.87428539184
2024-12-15 04:00:00,20516.420279686394,30040.66396647275,39481.73570466778
2024-12-15 08:00:00,20501.702488490704,29978.099253033077,39064.5416643114
2024-12-15 12:00:00,20568.806873100755,30263.357179161496,39336.17678625523
2024-12-15 16:00:00,20564.945274420697,30246.941685041184,39600.471664903984
2024-12-15 20:00:00,20597.222410557777,30384.15043778265,39669.20048178498
2024-12-16 00:00:00,20669.57274054451,30691.708657810355,40146.394133955255
2024-12-16 04:00:00,20683.3433471583,30750.246929295994,39823.305157651426
2024-12-16 08:00:00,20705.531836658898,30932.675722444354,40195.964802770526
2024-12-16 12:00:00,20525.649854041003,30604.675566342295,39052.290021484594
2024-12-16 16:00:00,20736.04149717428,31310.232087211498,39607.60079868555
2024-12-16 20:00:00,20940.167447954398,31359.788295876588,39911.99481842177
2024-12-17 00:00:00,20786.018807734872,31214.21693292289,39530.03007422308
2024-12-17 04:00:00,20942.80583741422,31486.776080580876,39683.97156699597
2024-12-17 08:00:00,20890.865818800186,31523.943237079693,39669.90112918592
2024-12-17 12:00:00,20897.085409817846,31517.74871099656,40319.185458134074
2024-12-17 16:00:00,20738.26008242121,31396.955452375405,40034.184816761335
2024-12-17 20:00:00,20721.889071864876,31415.539030624812,40838.59368546013
2024-12-18 00:00:00,20572.42185482983,31331.912928502476,40276.553768631624
2024-12-18 04:00:00,20268.574504051216,30891.791850295653,39421.358664380634
2024-12-18 08:00:00,20246.27923620032,30797.01560122367,39269.838526844345
2024-12-18 12:00:00,20287.591056041685,30972.630415680578,39539.86804598785
2024-12-18 16:00:00,20265.805810657967,30880.022250737697,39557.46640194612
2024-12-18 20:00:00,20193.163820680362,30663.21383782793,38921.86450933994
2024-12-19 00:00:00,20193.163820680362,30021.151209310872,38056.44702322813
2024-12-19 04:00:00,20193.163820680362,30207.606444413268,38326.70860512454
2024-12-19 08:00:00,20193.163820680362,30323.753808472073,38714.94587404506
2024-12-19 12:00:00,20193.163820680362,30486.669844458553,38577.86285462185
2024-12-19 16:00:00,20193.163820680362,30011.859420186167,37771.43554499532
2024-12-19 20:00:00,20193.163820680362,29029.40758340078,35757.151019621655
2024-12-20 00:00:00,20193.163820680362,29123.254653560292,35990.62233288009
2024-12-20 04:00:00,20193.163820680362,29027.54922557584,36231.89387558387
2024-12-20 08:00:00,20193.163820680362,29160.112083754953,35626.630845772335
2024-12-20 12:00:00,20193.163820680362,27560.37572278505,32921.37334012802
2024-12-20 16:00:00,20193.163820680362,28927.50762933319,35378.2018035208
2024-12-20 20:00:00,20193.163820680362,28840.474537865128,35596.71746547335
2024-12-21 00:00:00,20193.163820680362,29081.441602499122,35988.60381588759
2024-12-21 04:00:00,20193.163820680362,28982.638911473103,35932.65435697144
2024-12-21 08:00:00,20193.163820680362,29514.438975710338,36749.087205214535
2024-12-21 12:00:00,20193.163820680362,29274.401089988813,35906.78282063172
2024-12-21 16:00:00,20193.163820680362,29040.557730350425,35052.922703454424
2024-12-21 20:00:00,20193.163820680362,28947.02038649507,34399.614464875034
2024-12-22 00:00:00,20193.163820680362,28964.67478583201,34395.17801242341
2024-12-22 04:00:00,20193.163820680362,28897.46417782998,34545.89945558804
2024-12-22 08:00:00,20193.163820680362,28619.949409305482,34555.74336089322
2024-12-22 12:00:00,20193.163820680362,28900.251714567392,34983.16232176196
2024-12-22 16:00:00,20193.163820680362,28321.37325209832,34090.670713343345
2024-12-22 20:00:00,20193.163820680362,28181.99641522776,33623.32490801901
2024-12-23 00:00:00,20193.163820680362,28243.322223450807,33874.03586767918
2024-12-23 04:00:00,20193.163820680362,28479.953119826605,34693.74623083454
2024-12-23 08:00:00,20193.163820680362,28367.522471417687,34183.306707192874
2024-12-23 12:00:00,20193.163820680362,28556.14579064918,34472.481244350456
2024-12-23 16:00:00,20193.163820680362,27778.423040911443,33836.741541743184
2024-12-23 20:00:00,20193.163820680362,27658.558961202758,34549.63776914765
2024-12-24 00:00:00,20193.163820680362,28229.074813459592,35184.58623162051
2024-12-24 04:00:00,20193.163820680362,28106.732923317657,35110.96427331227
2024-12-24 08:00:00,20193.163820680362,28055.937809435938,35263.82403087586
2024-12-24 12:00:00,20193.163820680362,28090.00770289319,35435.23239394826
2024-12-24 16:00:00,20193.163820680362,29293.29439454238,36517.37520431816
2024-12-24 20:00:00,20193.163820680362,29065.026108378814,36115.34523224209
2024-12-25 00:00:00,20172.97065685968,29375.68159144809,36447.047785295785
2024-12-25 04:00:00,20109.194938694745,29185.199914391655,36644.759328257525
2024-12-25 08:00:00,20057.04195177881,29200.06677699118,36489.118458434335
2024-12-25 12:00:00,19979.23422146979,29173.12058852954,36226.352709898056
2024-12-25 16:00:00,20099.28628326783,29349.35485559476,36544.29363470135
2024-12-25 20:00:00,20160.553205298922,29482.537166382186,36697.02714699321
2024-12-26 00:00:00,20110.160881225907,29606.42768804491,36572.94785404903
2024-12-26 04:00:00,19968.29941588567,29469.218935303445,36365.72230740486
2024-12-26 08:00:00,19713.827628036546,29101.573812269315,35844.69126774763
2024-12-26 12:00:00,19299.161922840754,28490.174087863783,35175.978171748
2024-12-26 16:00:00,19299.161922840754,28568.225116511298,35014.760468382556
2024-12-26 20:00:00,19299.161922840754,28567.91539020714,35036.77280019555
2024-12-27 00:00:00,19299.161922840754,28453.62638397328,34900.34616903555
2024-12-27 04:00:00,19299.161922840754,28663.93054449575,35186.93993519836
2024-12-27 08:00:00,19299.161922840754,28268.410054087508,34644.17755596392
2024-12-27 12:00:00,19299.161922840754,28751.892814876283,35390.69154033766
2024-12-27 16:00:00,19299.161922840754,28090.00770289319,34302.61030850685
2024-12-27 20:00:00,19299.161922840754,28138.32500634165,34656.15375886385
2024-12-28 00:00:00,19299.161922840754,27991.20501186717,34278.03852662475
2024-12-28 04:00:00,19299.161922840754,28075.450566597818,34404.17957886907
2024-12-28 08:00:00,19299.161922840754,28011.027495333205,34371.751128959826
2024-12-28 12:00:00,19299.161922840754,28125.62622787122,34670.044817842376
2024-12-28 16:00:00,19299.161922840754,28001.7357062085,34942.091188144084
2024-12-28 20:00:00,19299.161922840754,28171.465720886426,35434.81938990668
2024-12-29 00:00:00,19299.161922840754,28252.92373887967,35651.73642544266
2024-12-29 04:00:00,19299.161922840754,28222.260834768145,35537.8222844835
2024-12-29 08:00:00,19299.161922840754,28255.71127561708,35726.42465747015
2024-12-29 12:00:00,19299.161922840754,28169.60736306149,35676.96325477693
2024-12-29 16:00:00,19299.161922840754,28006.381600770852,35475.87336516986
2024-12-29 20:00:00,19299.161922840754,27737.229442458585,35100.38358213015
2024-12-30 00:00:00,19299.161922840754,27789.26346155693,34808.217138634835
2024-12-30 04:00:00,19299.161922840754,27776.254956782344,35053.330559601585
2024-12-30 08:00:00,19279.862760917913,27785.856472211206,35204.20524061621
2024-12-30 12:00:00,19259.46775990203,27788.953735252773,35257.58368164682
2024-12-30 16:00:00,19095.546861352417,27434.007390689072,34484.865202613735
2024-12-30 20:00:00,19076.451314491067,28101.777302451148,35781.96471553892
2024-12-31 00:00:00,18907.68521291302,27571.216143430538,34969.27835267585
2024-12-31 04:00:00,18841.310180226785,27495.33319891212,34754.10978673951
2024-12-31 08:00:00,18841.310180226785,27593.51643732983,34822.70109503327
2024-12-31 12:00:00,18841.310180226785,27999.257895775245,35435.50923064006
2024-12-31 16:00:00,18784.95531428393,28502.253413725895,36273.476657633146
2024-12-31 20:00:00,18410.402953888864,28094.65359745554,35515.10251354935
2025-01-01 00:00:00,18192.38744761722,27918.10960408616,34935.76825431961
2025-01-01 04:00:00,18192.38744761722,28008.54968489995,35108.359653657266
2025-01-01 08:00:00,18192.38744761722,27975.40897035517,35066.723125804645
2025-01-01 12:00:00,18192.38744761722,27929.259751035806,35212.453502336284
2025-01-01 16:00:00,18192.38744761722,28218.853845422418,35378.97810133512
2025-01-01 20:00:00,18192.38744761722,28278.94074842884,35541.38635552323
2025-01-02 00:00:00,18192.38744761722,28237.747149975985,35631.98288195614
2025-01-02 04:00:00,18192.38744761722,28321.682978402478,36127.78702496438
2025-01-02 08:00:00,18137.973527036113,28611.896525397406,37113.672137740665
2025-01-02 12:00:00,18426.107227522058,28986.355627122983,37696.888068456254
2025-01-02 16:00:00,18435.979164888377,29049.230066866818,37655.22084319455
2025-01-02 20:00:00,18542.09926960313,29399.530516868163,37842.86045472491
2025-01-03 00:00:00,18519.879600560424,29235.0658493609,37900.03338206923
2025-01-03 04:00:00,18531.613892633453,29245.906270006388,37884.957161510494
2025-01-03 08:00:00,18401.140836457053,28991.62097429365,37712.5331414785
2025-01-03 12:00:00,18657.708125002973,29087.63612858226,38477.26271183353
2025-01-03 16:00:00,18995.70504693054,29363.91199189013,39072.94198089783
2025-01-03 20:00:00,19135.997210446163,29650.408823235175,39191.22267756483
2025-01-04 00:00:00,19093.062955234396,29495.85539746093,39189.685014496354
2025-01-04 04:00:00,19036.59841355106,29505.76663919395,39043.98348547442
2025-01-04 08:00:00,19040.942976542843,29536.73926960963,39052.414311056025
2025-01-04 12:00:00,19015.879984104933,29415.63628468432,38979.62906106668
2025-01-04 16:00:00,18953.219456629202,29347.80622407398,38743.29018853187
2025-01-04 20:00:00,19068.8623103722,29514.748702014494,38977.08902322228
2025-01-05 00:00:00,19146.10586226437,29516.916786143593,39131.255841700025
2025-01-05 04:00:00,19143.560555623808,29501.120744631597,39233.07192786604
2025-01-05 08:00:00,19094.71261781724,29532.71282765559,39062.60777851882
2025-01-05 12:00:00,18945.10016804545,29336.346350820175,38693.9105511644
2025-01-05 16:00:00,18992.110841543683,29461.78550400368,38728.28175862762
2025-01-05 20:00:00,18983.771029318217,29467.360577478503,38655.342008226406
2025-01-06 00:00:00,19032.804134067163,29566.163268504526,38782.572188931284
2025-01-06 04:00:00,19165.07564110715,29729.079304491006,39082.83753686893
2025-01-06 08:00:00,19122.427213295232,29782.04250250182,38997.069002162774
2025-01-06 12:00:00,18983.573641956224,29496.165123765088,38754.68988208868
2025-01-06 16:00:00,19486.191072043322,30450.122140568048,39832.579629466905
2025-01-06 20:00:00,19377.86227744131,30359.06260714595,39600.13499516793
2025-01-07 00:00:00,19361.463884841454,30507.731233141214,39467.54570440324
2025-01-07 04:00:00,19254.87145317559,30311.3647563058,39275.153472154154
2025-01-07 08:00:00,19182.658901269304,30243.53469569546,39027.79594378695
2025-01-07 12:00:00,19131.216468394774,30000.08982062821,38692.279875815206
2025-01-07 16:00:00,18954.3537845108,29250.861890872897,37591.350477614826
2025-01-07 20:00:00,18954.3537845108,28842.023169385913,37033.465690281024
2025-01-08 00:00:00,18954.3537845108,29072.459539678577,36913.09598225415
2025-01-08 04:00:00,18954.3537845108,28931.843797591388,36461.76577914866
2025-01-08 08:00:00,18954.3537845108,28685.611385786728,36049.91138985244
2025-01-08 12:00:00,18954.3537845108,28628.93147212603,36079.2810099063
2025-01-08 16:00:00,18954.3537845108,28732.999510322716,36365.57032425195
2025-01-08 20:00:00,18954.3537845108,28338.717925131103,35727.957320579495
2025-01-09 00:00:00,18954.3537845108,28587.737873673173,36234.44418656026
2025-01-09 04:00:00,18954.3537845108,28253.54319148798,35773.90460536846
2025-01-09 08:00:00,18954.3537845108,28074.831113989505,35236.906337111985
2025-01-09 12:00:00,18954.3537845108,28098.680039409577,35324.81385705776
2025-01-09 16:00:00,18954.3537845108,28370.000281850942,35604.02285844112
2025-01-09 20:00:00,18954.3537845108,27664.13403467758,34483.36636375531
2025-01-10 00:00:00,18954.3537845108,27869.7923006377,34505.61157342908
2025-01-10 04:00:00,18954.3537845108,28209.25232999356,35126.76030890446
2025-01-10 08:00:00,18954.3537845108,28465.705709835394,35563.04774392138
2025-01-10 12:00:00,18954.3537845108,28607.250630835053,35630.80903810923
2025-01-10 16:00:00,18954.3537845108,28330.974767527183,35040.80136069193
2025-01-10 20:00:00,18954.3537845108,28825.917401569757,35606.06506954056
2025-01-11 00:00:00,18954.3537845108,28655.258207979357,35240.57320322548
2025-01-11 04:00:00,18954.3537845108,28483.979561780645,34973.86065165375
2025-01-11 08:00:00,18954.3537845108,28502.563140030055,34983.43658853248
2025-01-11 12:00:00,18954.3537845108,28618.091051480544,35139.43237872538
2025-01-11 16:00:00,18954.3537845108,28553.35825391177,35141.29974144
2025-01-11 20:00:00,18954.3537845108,28470.351604397747,35188.67483036195
2025-01-12 00:00:00,18954.3537845108,28554.28743282424,35221.454889050765
2025-01-12 04:00:00,18954.3537845108,28565.747306078043,35147.231303422115
2025-01-12 08:00:00,18954.3537845108,28488.31573003884,35028.09675120545
2025-01-12 12:00:00,18954.3537845108,28469.422425485274,35019.14106324365
2025-01-12 16:00:00,18954.3537845108,28718.752100331505,35572.03614836491
2025-01-12 20:00:00,18954.3537845108,28591.454589323057,35348.31589952101
2025-01-13 00:00:00,18954.3537845108,28577.207179331843,35295.011792966376
2025-01-13 04:00:00,18954.3537845108,28568.534842815454,34900.871947938314
2025-01-13 08:00:00,18954.3537845108,28364.11548207196,34527.08179484728
2025-01-13 12:00:00,18954.3537845108,27578.339848426145,33294.44456388227
2025-01-13 16:00:00,18954.3537845108,27990.585559258852,33825.38922829603
2025-01-13 20:00:00,18954.3537845108,28011.646947941517,33627.18525637735
2025-01-14 00:00:00,18954.3537845108,28535.084401966516,34427.57002636521
2025-01-14 04:00:00,18954.3537845108,28666.408354929004,34675.532625661624
2025-01-14 08:00:00,18954.3537845108,28656.806839500143,34838.966229376456
2025-01-14 12:00:00,18935.39943072629,29175.288672658637,35246.9738681204
2025-01-14 16:00:00,18902.06392523991,29021.354699492702,35035.07375886357
2025-01-14 20:00:00,18903.405394273566,29027.54922557584,35086.098929100495
2025-01-15 00:00:00,18903.204173918515,29026.620046663367,35133.60058766911
2025-01-15 04:00:00,18953.44218922898,29258.605048476817,35472.91812993854
2025-01-15 08:00:00,18952.704381260468,29255.198059131093,35484.92627049671
2025-01-15 12:00:00,18916.618864255088,29088.56530749473,35050.10600769437
2025-01-15 16:00:00,19020.673512490852,29743.326714482217,36512.87716619324
2025-01-15 20:00:00,19459.3924909783,30036.94725082287,37378.426261691224
2025-01-16 00:00:00,19633.58467837405,30193.359034422057,37853.84662551405
2025-01-16 04:00:00,19302.43697117594,29924.826328718107,37242.84591270445
2025-01-16 08:00:00,19387.772377117843,30005.664894103033,37407.34470725795
2025-01-16 12:00:00,19611.62999193905,29842.12940550824,38388.33862862438
2025-01-16 16:00:00,19445.93013978473,29850.182289416316,37921.66403827508
2025-01-16 20:00:00,19697.76722043608,30177.562992910058,38600.489386372676
2025-01-17 00:00:00,19507.272946502668,30042.212597993534,38183.919402714804
2025-01-17 04:00:00,19660.809932293785,30351.629175846185,38328.91154850054
2025-01-17 08:00:00,19825.613807555885,30541.491400294308,38718.614558548805
2025-01-17 12:00:00,20119.830762706435,30737.85787712972,39417.19773662081
2025-01-17 16:00:00,20238.303407851294,31291.64850896209,39596.316711285355
2025-01-17 20:00:00,20353.535731673637,31867.739434693747,39684.35495203802
2025-01-18 00:00:00,20373.32195850665,31307.13482416993,39789.97236083101
2025-01-18 04:00:00,20194.87020614356,31142.97988296682,39698.36684147396
2025-01-18 08:00:00,20321.86892613965,30891.482123991496,40790.222330749835
2025-01-18 12:00:00,20589.169740175228,31170.855250340937,41636.60726617061
2025-01-18 16:00:00,21220.94602343192,31400.052715416972,43685.204862877785
2025-01-18 20:00:00,21141.314001774088,31359.788295876588,43404.20382192066
2025-01-19 00:00:00,21369.1152382055,31421.73355670795,44181.78968305736
2025-01-19 04:00:00,21173.0853988452,31297.843035045225,43591.30349299667
2025-01-19 08:00:00,21727.72954264831,31632.347443534578,45281.097274410786
2025-01-19 12:00:00,22178.628825740852,31455.803450165196,46712.1862111544
2025-01-19 16:00:00,21719.824815321346,31635.444706576145,45430.644501503906
2025-01-19 20:00:00,21776.62094257142,32022.60258677215,45524.23121857821
2025-01-20 00:00:00,20924.424585613317,30524.456453565683,42969.391873071436
2025-01-20 04:00:00,20477.412475558252,30636.267649366288,41632.44887603997
2025-01-20 08:00:00,20456.935063082696,32106.228688894487,44464.40620232237
2025-01-20 12:00:00,20527.39242802207,32437.635834342273,44389.98118117002
2025-01-20 16:00:00,20255.91888395056,31254.481352463274,43013.19390725209
2025-01-20 20:00:00,20255.91888395056,30823.652063381156,41975.74189464918
2025-01-21 00:00:00,20255.91888395056,30403.972921248685,41310.54532363058
2025-01-21 04:00:00,20255.91888395056,30695.115647156083,40999.909268702664
2025-01-21 08:00:00,20255.91888395056,30441.44980405166,40822.41094410417
2025-01-21 12:00:00,20255.91888395056,31028.381150428806,41432.98948097617
2025-01-21 16:00:00,20255.91888395056,30954.04683743117,41415.406500172045
2025-01-21 20:00:00,20255.91888395056,31827.475015153363,43081.29025643306
2025-01-22 00:00:00,20255.91888395056,31598.277550077328,42696.43913399057
2025-01-22 04:00:00,20255.91888395056,31406.247241500107,43020.70461345066
2025-01-22 08:00:00,20255.91888395056,31266.870404629546,43402.8801156476
2025-01-22 12:00:00,20255.91888395056,31195.63335467348,43272.79572780795
2025-01-22 16:00:00,20255.91888395056,30991.21399392999,43150.37977312969
2025-01-22 20:00:00,20255.91888395056,31105.812726468008,44007.92067448953
2025-01-23 00:00:00,20255.91888395056,30872.279093133773,43125.1224846473
2025-01-23 04:00:00,20255.91888395056,30496.58108619157,42010.60438479648
2025-01-23 08:00:00,20255.91888395056,30610.250639817117,42175.04742406188
2025-01-23 12:00:00,20255.91888395056,30362.469596491672,41458.42040908338
2025-01-23 16:00:00,20255.91888395056,31378.371874125995,42460.231332668285
2025-01-23 20:00:00,20255.91888395056,30854.624693796835,41841.04859114609
2025-01-24 00:00:00,20255.91888395056,30924.00338592796,42780.01887745401
2025-01-24 04:00:00,20255.91888395056,30826.12987381441,42493.16514138249
2025-01-24 08:00:00,20235.662965066607,31115.10451559271,43471.0342352993
2025-01-24 12:00:00,20257.382218661514,31155.368935133094,44195.181391334954
2025-01-24 16:00:00,20206.007830350485,31189.438828590344,43592.883803818804
2025-01-24 20:00:00,20188.256517316186,31214.21693292289,43612.528710485545
2025-01-25 00:00:00,20054.667027106283,30971.081784159796,42534.76580465609
2025-01-25 04:00:00,20054.667027106283,31077.937359093892,42519.00766450282
2025-01-25 08:00:00,20054.667027106283,30838.82865228484,41811.58442262442
2025-01-25 12:00:00,20054.667027106283,30941.6577852649,42186.95184490454
2025-01-25 16:00:00,20054.667027106283,31012.894835220966,42656.52080087646
2025-01-25 20:00:00,20054.667027106283,31034.57567651194,43165.05258757189
2025-01-26 00:00:00,20054.667027106283,30945.374500914782,42868.686843076706
2025-01-26 04:00:00,20054.667027106283,31040.77020259508,43141.238605380655
2025-01-26 08:00:00,20054.667027106283,31015.992098262534,43196.75269624685
2025-01-26 12:00:00,20054.667027106283,30963.95807916419,42786.898413058276
2025-01-26 16:00:00,20054.667027106283,30997.408520013123,42685.0637717402
2025-01-26 20:00:00,20054.667027106283,31025.283887387235,42899.287950394326
2025-01-27 00:00:00,20054.667027106283,30381.98235365355,40918.08280486299
2025-01-27 04:00:00,20054.667027106283,30017.434493660992,40202.867151949285
2025-01-27 08:00:00,20054.667027106283,29348.115950378135,38944.210349600544
2025-01-27 12:00:00,20054.667027106283,29114.89204334806,38535.09507030096
2025-01-27 16:00:00,20054.667027106283,29878.986835702897,39805.42066121884
2025-01-27 20:00:00,20054.667027106283,29449.086725533252,38795.56484937845
2025-01-28 00:00:00,20054.667027106283,30305.170230222662,40293.16432967938
2025-01-28 04:00:00,20054.667027106283,30495.34218097494,40636.62199198075
2025-01-28 08:00:00,20054.667027106283,30536.22605312364,40825.54368917914
2025-01-28 12:00:00,20054.667027106283,30537.464958340268,40775.304339674076
2025-01-28 16:00:00,20054.667027106283,30543.659484423402,40681.09005255646
2025-01-28 20:00:00,20054.667027106283,30399.327026686333,39963.35343236749
2025-01-29 00:00:00,20054.667027106283,30100.13141687086,39232.75157530875
2025-01-29 04:00:00,20054.667027106283,30288.13528349404,39809.5885170165
2025-01-29 08:00:00,20054.667027106283,30559.76525223956,40340.31857172318
2025-01-29 12:00:00,20054.667027106283,30558.216620718773,40079.68473103702
2025-01-29 16:00:00,20054.667027106283,30316.32037717231,39515.11154118338
2025-01-29 20:00:00,20054.667027106283,30798.564232744455,40059.91600430877
2025-01-30 00:00:00,20054.667027106283,30822.722884468687,39658.75276273627
2025-01-30 04:00:00,20034.61236007918,31238.995037255434,41237.90945886224
2025-01-30 08:00:00,20032.623993330508,31229.70324813073,41064.43578686053
2025-01-30 12:00:00,20022.52011265318,31369.080085001293,41574.29894390767
2025-01-30 16:00:00,20015.22595703762,31341.204717627177,41420.076411902126
2025-01-30 20:00:00,20058.00974925722,31387.6636632507,41459.7033802112
2025-01-31 00:00:00,19930.126237165005,31189.438828590344,41148.34317371041
2025-01-31 04:00:00,19819.12985396979,31096.520937343303,40845.01133270901
2025-01-31 08:00:00,19795.839861316126,31006.70030913783,40768.06874266628
2025-01-31 12:00:00,20158.410714261514,31245.18956333857,41402.97896782272
2025-01-31 16:00:00,20389.030977141938,31390.760926292267,41670.55897933578
2025-01-31 20:00:00,19741.66608568958,30512.377127703567,40262.520982077236
2025-02-01 00:00:00,19678.772661940962,30624.188323504175,40447.428793359046
2025-02-01 04:00:00,19662.459009364527,30576.180746359867,40383.36645029721
2025-02-01 08:00:00,19639.491103763496,30543.969210727562,40273.465596760776
2025-02-01 12:00:00,19577.02698666162,30501.22698075392,39938.28219988836
2025-02-01 16:00:00,19577.88559995512,30530.960705952974,39770.736934572444
2025-02-01 20:00:00,19445.956232956203,30402.114563423744,39130.32441430622
2025-02-02 00:00:00,19445.956232956203,30146.59036249438,38027.109441750974
2025-02-02 04:00:00,19445.956232956203,29741.778082961435,37210.62105418545
2025-02-02 08:00:00,19445.956232956203,29864.11997310337,37788.20834047657
2025-02-02 12:00:00,19445.956232956203,29603.020698699183,37280.488927960876
2025-02-02 16:00:00,19445.956232956203,29749.83096686951,37722.613459977816
2025-02-02 20:00:00,19445.956232956203,29522.80158592257,36624.77775835305
2025-02-03 00:00:00,19445.956232956203,29543.862974605236,36665.19543890896
2025-02-03 04:00:00,19445.956232956203,28544.685917395378,35288.93662022696
2025-02-03 08:00:00,19445.956232956203,28949.80792323248,35711.31380700087
2025-02-03 12:00:00,19445.956232956203,28789.98915028757,35474.68615792025
2025-02-03 16:00:00,19445.956232956203,29766.865913598136,36757.43612785361
2025-02-03 20:00:00,19445.956232956203,30787.41408579481,38185.92513252064
2025-02-04 00:00:00,19445.956232956203,30468.086266209142,38228.96925556397
2025-02-04 04:00:00,19445.956232956203,30263.357179161496,38005.86891398143
2025-02-04 08:00:00,19445.956232956203,29597.44562522436,36355.18009278758
2025-02-04 12:00:00,19445.956232956203,29746.114251219627,36868.38637674342
2025-02-04 16:00:00,19445.956232956203,29685.407895604894,37573.80133912527
2025-02-04 20:00:00,19445.956232956203,29539.217080042883,36707.46962694658
2025-02-05 00:00:00,19445.956232956203,29223.605976107097,36389.130582096506
2025-02-05 04:00:00,19445.956232956203,29279.046984551165,36432.20739209236
2025-02-05 08:00:00,19445.956232956203,29170.95250440044,36157.75820969694
2025-02-05 12:00:00,19445.956232956203,29249.622985656268,36355.029428594295
2025-02-05 16:00:00,19445.956232956203,29179.93456722099,35773.12872670581
2025-02-05 20:00:00,19445.956232956203,28999.673858201728,35510.088331940475
2025-02-06 00:00:00,19445.956232956203,28798.3517604998,35102.60570661655
2025-02-06 04:00:00,19445.956232956203,29053.56623512501,35745.741674061115
2025-02-06 08:00:00,19445.956232956203,29319.930856699862,36036.19246061665
2025-02-06 12:00:00,19445.956232956203,29575.455057629228,35934.379201414675
2025-02-06 16:00:00,19445.956232956203,29095.37928618618,34617.68014374747
2025-02-06 20:00:00,19445.956232956203,28640.39134537983,34260.70155536885
2025-02-07 00:00:00,19445.956232956203,28818.174243965837,34273.367211646386
2025-02-07 04:00:00,19445.956232956203,29099.09600183606,34852.32533188316
2025-02-07 08:00:00,19445.956232956203,28867.111000022614,34652.95150141354
2025-02-07 12:00:00,19445.956232956203,29180.554019829302,35489.43182351817
2025-02-07 16:00:00,19445.956232956203,29435.458768150354,35549.9690869786
2025-02-07 20:00:00,19445.956232956203,29066.26501359544,35083.47538283435
2025-02-08 00:00:00,19445.956232956203,28985.116721906357,34659.31885636497
2025-02-08 04:00:00,19445.956232956203,29009.585099934746,34788.43609858115
2025-02-08 08:00:00,19445.956232956203,28896.225272613352,34738.77136698147
2025-02-08 12:00:00,19445.956232956203,28879.500052188887,34859.97953244279
2025-02-08 16:00:00,19445.956232956203,28798.3517604998,34736.49319068802
2025-02-08 20:00:00,19445.956232956203,29013.301815584626,35252.20736038294
2025-02-09 00:00:00,19445.956232956203,28984.497269298045,35489.923035374035
2025-02-09 04:00:00,19426.510276723246,29208.429387203414,36449.76807488869
2025-02-09 08:00:00,19332.830631094534,29141.8382318097,36078.138480212976
2025-02-09 12:00:00,19254.979615244465,28990.382069077023,35745.126130853554
2025-02-09 16:00:00,19233.336386771625,28980.470827344005,35663.46413233886
2025-02-09 20:00:00,19179.066798959127,28849.456600685677,35384.83470748608
2025-02-10 00:00:00,19230.106054163738,28992.859879510277,35619.24366616852
2025-02-10 04:00:00,19272.100378066265,29065.026108378814,35785.88232577342
2025-02-10 08:00:00,19303.434604362767,29273.162184772187,35981.475979261624
2025-02-10 12:00:00,19347.69016109081,29322.718393437277,36174.02861550737
2025-02-10 16:00:00,19308.603136535385,29204.71267155353,36009.196767326364
2025-02-10 20:00:00,19257.563881330774,29269.135742818147,35875.4618859099
2025-02-11 00:00:00,19225.26055525191,29303.205636275397,35761.324478116396
2025-02-11 04:00:00,19215.502494431174,29357.407739502836,35906.37219863865
2025-02-11 08:00:00,19440.61908335974,29550.986679600843,36382.38814914637
2025-02-11 12:00:00,19355.82838493841,29461.475777699525,36184.72194823537
2025-02-11 16:00:00,18948.82965158343,29062.858024249716,35498.81724414425
2025-02-11 20:00:00,18948.82965158343,28431.326090073988,34722.563834277375
2025-02-12 00:00:00,18948.82965158343,28641.939976900616,35052.774492768745
2025-02-12 04:00:00,18948.82965158343,28497.297792859386,34590.90374603455
2025-02-12 08:00:00,18948.82965158343,28687.779469915822,34760.434023195514
2025-02-12 12:00:00,18948.82965158343,28694.90317491143,35019.05051456959
2025-02-12 16:00:00,18948.82965158343,28618.091051480544,34371.76632059252
2025-02-12 20:00:00,18948.82965158343,28985.426448210514,34755.69609039736
2025-02-13 00:00:00,18929.880821931845,29163.519073100677,35226.04964607764
2025-02-13 04:00:00,18929.161783125957,29000.603037114197,35279.47610006857
2025-02-13 08:00:00,18780.320750307008,28553.667980215927,34459.929535559335
2025-02-13 12:00:00,18718.329778375726,28573.180737377807,34365.58069186009
2025-02-13 16:00:00,18718.329778375726,28515.57164480464,34257.719963905976
2025-02-13 20:00:00,18718.329778375726,28388.893586404505,34279.60648631849
2025-02-14 00:00:00,18718.329778375726,28609.728441268308,34510.967668841564
2025-02-14 04:00:00,18718.329778375726,28775.741740296355,34930.070913071526
2025-02-14 08:00:00,18718.329778375726,28704.194964036134,34823.3577572608
2025-02-14 12:00:00,18718.329778375726,28671.67370209967,35105.598170114215
2025-02-14 16:00:00,18718.329778375726,28584.33088432745,35189.57429300457
2025-02-14 20:00:00,18718.329778375726,28910.782408908723,35400.44140110909
2025-02-15 00:00:00,18718.329778375726,28797.422581587332,35116.62508916744
2025-02-15 04:00:00,18718.329778375726,28844.810706123324,35036.3215899851
2025-02-15 08:00:00,18718.329778375726,28758.397067263577,34710.43052083747
2025-02-15 12:00:00,18718.329778375726,28850.385779598146,34643.481483004274
2025-02-15 16:00:00,18718.329778375726,28858.438663506222,34609.018152709876
2025-02-15 20:00:00,18718.329778375726,28832.731380261208,34552.43285375697
2025-02-16 00:00:00,18718.329778375726,28831.80220134874,34578.5432856319
2025-02-16 04:00:00,18718.329778375726,28817.24506505337,34589.289523057116
2025-02-16 08:00:00,18718.329778375726,28739.50376271001,34383.913407170956
2025-02-16 12:00:00,18718.329778375726,28759.94569878436,34492.66314986926
2025-02-16 16:00:00,18718.329778375726,28640.081619075674,34077.39708953629
2025-02-16 20:00:00,18718.329778375726,28681.584943832688,33947.79395169408
2025-02-17 00:00:00,18718.329778375726,28400.043733354152,33720.0241187126
2025-02-17 04:00:00,18718.329778375726,28418.62731160356,33519.365070888045
2025-02-17 08:00:00,18718.329778375726,28403.14099639572,33018.95926319779
2025-02-17 12:00:00,18699.61144859735,28397.875649225054,33432.970569059355
2025-02-17 16:00:00,18703.882926887018,28291.949253203427,32990.22400402223
2025-02-17 20:00:00,18617.74144804537,28254.162644096294,32568.686862063445
2025-02-18 00:00:00,18674.931796257042,28310.532831452834,32654.807957929697
2025-02-18 04:00:00,18610.385013213163,28478.094762001667,32742.136255657962
2025-02-18 08:00:00,18503.68538397204,28257.879359746177,31302.39957729781
2025-02-18 12:00:00,18503.68538397204,28302.789673848914,31646.10925798703
2025-02-18 16:00:00,18503.68538397204,28278.94074842884,31331.3089880367
2025-02-18 20:00:00,18503.68538397204,27891.16341562452,31098.923269354236
2025-02-19 00:00:00,18503.68538397204,28339.95683034773,31731.673272701388
2025-02-19 04:00:00,18503.68538397204,28353.894514034786,31570.400843602776
2025-02-19 08:00:00,18503.68538397204,28352.036156209844,31758.50669875488
2025-02-19 12:00:00,18503.68538397204,28645.966418854656,32474.307992666047
2025-02-19 16:00:00,18503.68538397204,28504.421497854994,31935.474017386896
2025-02-19 20:00:00,18503.68538397204,28572.56128476949,31857.14860173747
2025-02-20 00:00:00,18485.18169858807,28714.41593207331,31948.548750358816
2025-02-20 04:00:00,18506.404649389275,28813.21862309933,32384.43058093164
2025-02-20 08:00:00,18495.42726104382,28762.113782913457,32276.27969978015
2025-02-20 12:00:00,18514.78738230762,28852.244137423088,32547.866968997387
2025-02-20 16:00:00,18475.202254637657,28667.956986449786,32105.99030047265
2025-02-20 20:00:00,18555.636572877964,29042.416088175367,32599.4692909811
2025-02-21 00:00:00,18547.78607697031,29005.868384284862,32686.47648542645
2025-02-21 04:00:00,18537.207866382872,28956.621901923932,32378.109007143867
2025-02-21 08:00:00,18543.661240137473,28986.665353427143,32703.11079771449
2025-02-21 12:00:00,18567.919813178403,29186.129093304124,33009.94312295612
2025-02-21 16:00:00,18410.344993526414,29076.176255328457,32482.276107418293
2025-02-21 20:00:00,17995.515820686625,28210.18150890603,31531.770598512958
2025-02-22 00:00:00,17995.515820686625,28494.510256121976,31727.782639382836
2025-02-22 04:00:00,17995.515820686625,28538.181665008087,31910.641499225625
2025-02-22 08:00:00,17995.515820686625,28532.916317837422,32082.30597655801
2025-02-22 12:00:00,17995.515820686625,28618.4007777847,32384.010911762423
2025-02-22 16:00:00,17995.515820686625,28613.135430614035,32510.111428466662
2025-02-22 20:00:00,17995.515820686625,28625.214756476147,32332.804800032347
2025-02-23 00:00:00,17995.515820686625,28604.463094097642,32255.420142694587
2025-02-23 04:00:00,17995.515820686625,28560.791685211534,32052.024385603938
2025-02-23 08:00:00,17977.52030486594,28588.667052585646,32427.127682004957
2025-02-23 12:00:00,17917.36432924756,28469.422425485274,31987.318130992455
2025-02-23 16:00:00,17887.17535255347,28269.02950669582,31601.497983071535
2025-02-23 20:00:00,17936.01046191156,28338.09847252279,31721.22555314399
2025-02-24 00:00:00,17957.542305583083,28478.094762001667,31839.552688065596
2025-02-24 04:00:00,17701.696499522666,28131.201301346042,30710.080272652944
2025-02-24 08:00:00,17701.696499522666,28323.851062531576,30861.377592549434
2025-02-24 12:00:00,17701.696499522666,28356.37232446804,30656.24088041656
2025-02-24 16:00:00,17701.696499522666,27922.1360460402,29763.32924500215
2025-02-24 20:00:00,17701.696499522666,27790.812093077715,29402.133424963715
2025-02-25 00:00:00,17701.696499522666,27111.272581757683,28100.802853914545
2025-02-25 04:00:00,17701.696499522666,27268.30381796518,27809.350597300952
2025-02-25 08:00:00,17701.696499522666,26419.653744575535,27044.298951391043
2025-02-25 12:00:00,17701.696499522666,26342.53189484049,27612.06474165917
2025-02-25 16:00:00,17701.696499522666,25731.441896739114,27092.931797761667
2025-02-25 20:00:00,17701.696499522666,25893.738480117278,27925.647090712504
2025-02-26 00:00:00,17701.696499522666,26108.998261506258,27909.434920466563
2025-02-26 04:00:00,17701.696499522666,26205.013415794867,27858.88873699111
2025-02-26 08:00:00,17701.696499522666,26185.50065863299,27521.908449902578
2025-02-26 12:00:00,17701.696499522666,26170.633796033464,27280.79797591184
2025-02-26 16:00:00,17701.696499522666,25802.36922039102,27182.17052608489
2025-02-26 20:00:00,17701.696499522666,24718.327155842202,25840.731454319077
2025-02-27 00:00:00,17701.696499522666,24841.907951200767,26331.46539431338
2025-02-27 04:00:00,17701.696499522666,25194.686211635366,26813.303821437206
2025-02-27 08:00:00,17701.696499522666,25509.058410354526,27226.49777173723
2025-02-27 12:00:00,17701.696499522666,25629.541942671523,27197.36311857473
2025-02-27 16:00:00,17701.696499522666,25411.80435084929,27095.684036939692
2025-02-27 20:00:00,17701.696499522666,25014.735228920264,26555.91769642141
2025-02-28 00:00:00,17701.696499522666,25220.70322118454,26828.672704128643
2025-02-28 04:00:00,17701.696499522666,23967.86032087026,25088.366666046757
2025-02-28 08:00:00,17701.696499522666,23559.021599383275,24955.58866566732
2025-02-28 12:00:00,17701.696499522666,23973.125668040924,25670.556257478536
2025-02-28 16:00:00,17683.994803023146,25038.893880644493,27518.102695682657
2025-02-28 20:00:00,17725.251610884476,25229.995010309245,27713.40528577967
2025-03-01 00:00:00,17788.82077401775,25180.438801644155,27875.44667472942
2025-03-01 04:00:00,17691.5725840589,25481.183042980414,27754.61385347104
2025-03-01 08:00:00,17565.69722129831,25301.85151287362,27306.54356905698
2025-03-01 12:00:00,17489.077435270126,25292.24999744476,27031.620118728282
2025-03-01 16:00:00,17486.130520422885,25339.63812198075,27023.432432983078
2025-03-01 20:00:00,17494.12928929396,25549.013103590754,27191.47955182843
2025-03-02 00:00:00,17620.00465205455,25721.840381310252,27576.951228337115
2025-03-02 04:00:00,17636.45056204873,25806.395662345058,27712.37040018415
2025-03-02 08:00:00,17601.037571254623,25772.945221496124,27616.41560066817
2025-03-02 12:00:00,17588.08652660854,25745.689306730324,27617.854655237206
2025-03-02 16:00:00,18235.22002371602,26124.484576714098,29230.634626112485
2025-03-02 20:00:00,19225.453994469455,27941.029350593766,31814.66093316953
2025-03-03 00:00:00,19552.186074045047,28072.972756164563,32541.11962769301
2025-03-03 04:00:00,18887.535210221606,27568.428606693127,31283.393226372445
2025-03-03 08:00:00,18440.79085059561,27485.112230874947,30360.209593083935
2025-03-03 12:00:00,18261.858687305863,27478.607978487653,30080.118882542654
2025-03-03 16:00:00,17717.698193376615,26593.719927511658,29273.38088703241
2025-03-03 20:00:00,16747.052979576056,25297.825070919585,26859.892994284502
2025-03-04 00:00:00,16747.052979576056,25442.157528656655,26989.44458069357
2025-03-04 04:00:00,16747.052979576056,24821.466015126418,26056.637887015575
2025-03-04 08:00:00,16747.052979576056,24552.004130509995,25917.470810079976
2025-03-04 12:00:00,16747.052979576056,24669.08067348127,26013.30214212445
2025-03-04 16:00:00,16747.052979576056,24413.86619885606,26084.523413210078
2025-03-04 20:00:00,16747.052979576056,25807.634567561687,27086.517716839116
2025-03-05 00:00:00,16747.052979576056,25476.227422113905,27098.321647160432
2025-03-05 04:00:00,16747.052979576056,25409.016814111877,26750.785715834376
2025-03-05 08:00:00,16747.052979576056,25447.113149523164,26848.73554939146
2025-03-05 12:00:00,16747.052979576056,26085.149336086186,27522.096006880784
2025-03-05 16:00:00,16747.052979576056,25422.644771494775,26518.60780619921
2025-03-05 20:00:00,16747.052979576056,25778.520294970946,26978.25518128806
2025-03-06 00:00:00,16747.052979576056,26013.292833521806,27222.8521891055
2025-03-06 04:00:00,16747.052979576056,26317.753790507944,27682.10722248634
2025-03-06 08:00:00,16747.052979576056,26206.562047315652,27599.327558831064
2025-03-06 12:00:00,16747.052979576056,26219.26082578608,27946.47863874879
2025-03-06 16:00:00,16747.052979576056,26029.0888750338,27517.902472193033
2025-03-06 20:00:00,16747.052979576056,25406.539003678623,26674.441604588363
2025-03-07 00:00:00,16747.052979576056,25848.518439710384,26827.988714694264
2025-03-07 04:00:00,16747.052979576056,24923.98542180232,26134.31696697988
2025-03-07 08:00:00,16747.052979576056,25280.79012419096,26648.194484044223
2025-03-07 12:00:00,16747.052979576056,25421.715592582306,26600.106585984307
2025-03-07 16:00:00,16747.052979576056,25213.269789884776,26643.449945568333
2025-03-07 20:00:00,16747.052979576056,25090.927899742837,26747.939141304043
2025-03-08 00:00:00,16747.052979576056,24795.449005577244,25887.687192509482
2025-03-08 04:00:00,16747.052979576056,24577.71141375501,25843.692633052728
2025-03-08 08:00:00,16747.052979576056,24667.532041960483,25783.935234044635
2025-03-08 12:00:00,16747.052979576056,24585.76429766309,25634.361871463367
2025-03-08 16:00:00,16747.052979576056,24713.061808671533,25698.293777647057
2025-03-08 20:00:00,16747.052979576056,24661.027789573192,25875.6213801149
2025-03-09 00:00:00,16747.052979576056,24662.266694789818,25684.89784105227
2025-03-09 04:00:00,16747.052979576056,24638.10804306559,25754.19195312471
2025-03-09 08:00:00,16747.052979576056,24601.560339175085,25917.730289699604
2025-03-09 12:00:00,16747.052979576056,24315.99268674251,25418.716479938477
2025-03-09 16:00:00,16747.052979576056,23741.450392531635,24508.142050374066
2025-03-09 20:00:00,16747.052979576056,23612.91397630656,24266.07299846418
2025-03-10 00:00:00,16747.052979576056,23018.239472325495,23748.62426062381
2025-03-10 04:00:00,16747.052979576056,23452.16602444918,23989.224016300825
2025-03-10 08:00:00,16747.052979576056,23570.171746332922,24230.04310404405
2025-03-10 12:00:00,16747.052979576056,23869.98680875671,24547.57916803458
2025-03-10 16:00:00,16747.052979576056,22869.26112002607,23247.906929851168
2025-03-10 20:00:00,16747.052979576056,22580.596204551926,22699.478922874696
2025-03-11 00:00:00,16747.052979576056,22442.767999202148,22499.09662168808
2025-03-11 04:00:00,16747.052979576056,22680.94752709873,22706.85085705389
2025-03-11 08:00:00,16747.052979576056,22870.19029893854,23117.42047689306
2025-03-11 12:00:00,16747.052979576056,23220.800475244043,23414.225374036785
2025-03-11 16:00:00,16747.052979576056,23021.64646167122,23327.125073349373
2025-03-11 20:00:00,16747.052979576056,23576.0565461119,23904.864353505916
2025-03-12 00:00:00,16747.052979576056,23546.94227352116,23586.30569504976
2025-03-12 04:00:00,16747.052979576056,23344.071544298455,23166.370167131725
2025-03-12 08:00:00,16747.052979576056,23428.62682533326,23313.213353129482
2025-03-12 12:00:00,16747.052979576056,23588.75532458233,23758.990097678718
2025-03-12 16:00:00,16747.052979576056,23184.252771353542,23288.795484748174
2025-03-12 20:00:00,16747.052979576056,23589.065050886486,23534.099967749215
2025-03-13 00:00:00,16747.052979576056,23817.952789658368,23821.864465724073
2025-03-13 04:00:00,16747.052979576056,23785.121801417743,23611.44365345371
2025-03-13 08:00:00,16747.052979576056,23710.477762115956,23521.167414769443
2025-03-13 12:00:00,16747.052979576056,23671.14252148804,23828.76674110973
2025-03-13 16:00:00,16747.052979576056,23126.33395247622,23346.6279632949
2025-03-13 20:00:00,16747.052979576056,22897.13648740018,22953.484092618208
2025-03-14 00:00:00,16747.052979576056,23147.085614854725,23247.573362290277
2025-03-14 04:00:00,16747.052979576056,23398.58337383005,23484.73761555096
2025-03-14 08:00:00,16747.052979576056,23487.78454942721,23559.217735122405
2025-03-14 12:00:00,16747.052979576056,23668.974437358942,23690.15064500121
2025-03-14 16:00:00,16713.5588736169,24149.35993510615,24543.396944716485
2025-03-14 20:00:00,16783.157506103642,24084.936863841533,24743.673949314958
2025-03-15 00:00:00,16717.35663744777,23925.427817200776,24586.67597473995
2025-03-15 04:00:00,16817.803900955467,24071.928359066947,24816.773715060393
2025-03-15 08:00:00,16691.017191007035,23882.995313531294,24543.94631283041
2025-03-15 12:00:00,16721.815480348294,23962.594973699594,24616.532652641763
2025-03-15 16:00:00,16799.99971537666,24046.840528430246,24841.929742711072
2025-03-15 20:00:00,16769.536161131855,24023.611055618487,24771.382481015567
2025-03-16 00:00:00,16830.667904898066,24033.212571047345,24921.60679604712
2025-03-16 04:00:00,16774.35361287259,24017.106803231192,24843.92271088713
2025-03-16 08:00:00,16738.549764898824,24011.53172975637,24768.214649519286
2025-03-16 12:00:00,16230.586743034866,23471.678781611055,24015.77646166639
2025-03-16 16:00:00,16175.484158582862,23737.733676881755,24000.288058076294
2025-03-16 20:00:00,16084.560302355012,23673.620331921295,23777.67981604369
2025-03-17 00:00:00,16084.560302355012,23515.96964310548,23643.389068170072
2025-03-17 04:00:00,16084.560302355012,23824.766768349815,24075.126438453575
2025-03-17 08:00:00,16084.560302355012,23800.298390321426,24089.424113058296
2025-03-17 12:00:00,16084.560302355012,23728.751614061206,24028.69437677713
2025-03-17 16:00:00,16084.560302355012,23695.301173212272,23832.06178861366
2025-03-17 20:00:00,16084.560302355012,23962.285247395437,24199.094988062265
2025-03-18 00:00:00,16084.560302355012,23831.27102073711,23944.313314824856
2025-03-18 04:00:00,16084.560302355012,23601.454103052758,23446.996123334975
2025-03-18 08:00:00,16084.560302355012,23558.402146774963,23508.366752937654
2025-03-18 12:00:00,16084.560302355012,23428.007372724947,23292.40626486988
2025-03-18 16:00:00,16084.560302355012,23134.696562688452,23070.405068485485
2025-03-18 20:00:00,16084.560302355012,23292.656977808423,23299.24936606022
2025-03-19 00:00:00,16084.560302355012,23419.0253099044,23510.07751288651
2025-03-19 04:00:00,16084.560302355012,23520.615537667833,23705.075321981283
2025-03-19 08:00:00,16084.560302355012,23651.010311717848,23690.379809739934
2025-03-19 12:00:00,16068.475742052658,23823.837589437346,24175.745047020857
2025-03-19 16:00:00,16122.079937592349,24134.80279881078,24733.496899902017
2025-03-19 20:00:00,16083.705818081851,24291.214582409964,24810.59238045873
2025-03-20 00:00:00,16311.085029680764,24661.95696848566,25183.379469782274
2025-03-20 04:00:00,16105.564310280906,24392.185357565082,24901.735001440305
2025-03-20 08:00:00,16111.652995799424,24445.1485555759,24953.633242063253
2025-03-20 12:00:00,15944.384118802529,24409.839756902024,24605.43807145668
2025-03-20 16:00:00,15770.949300615534,24169.801871180498,24311.159537603275
2025-03-20 20:00:00,15682.27869718164,24011.222003452214,24147.614392503794
2025-03-21 00:00:00,15705.781128163291,24017.106803231192,24114.385458865632
2025-03-21 04:00:00,15735.588871792339,24159.89062944748,24264.572191011037
2025-03-21 08:00:00,15685.059763348783,23977.152109994964,24176.87915991006
2025-03-21 12:00:00,15659.209084581516,23990.470341073706,23981.817045734395
2025-03-21 16:00:00,15621.169890793703,23931.0028906756,23950.679580140546
2025-03-21 20:00:00,15707.665896334585,24030.73476061409,24254.680551896552
2025-03-22 00:00:00,15684.756335180866,24067.59219080875,24269.087228790504
2025-03-22 04:00:00,15755.502549668148,24119.935936211252,24352.694571395325
2025-03-22 08:00:00,15754.6555219221,24132.944440985837,24365.12380543693
2025-03-22 12:00:00,15767.813709619864,24120.86511512372,24533.210231155972
2025-03-22 16:00:00,15734.151816560083,24088.653579491413,24395.062110299627
2025-03-22 20:00:00,15758.071735306865,24098.87454752859,24483.70177313698
2025-03-23 00:00:00,15700.46133148472,24002.859393239978,24273.27342838022
2025-03-23 04:00:00,15700.46133148472,24113.741410128114,24603.60098604192
2025-03-23 08:00:00,15700.46133148472,24126.749914902703,24644.09533034528
2025-03-23 12:00:00,15700.46133148472,24244.44591048229,24897.52867114001
2025-03-23 16:00:00,15684.760870153234,24398.070157344064,24872.091442060482
2025-03-23 20:00:00,15657.692567658352,24346.345864549876,24635.691150005936
2025-03-24 00:00:00,15653.302056004188,24607.75486525822,24943.294782486173
2025-03-24 04:00:00,15703.475127475547,24768.81254341976,25587.237825792145
2025-03-24 08:00:00,15866.52952295931,24822.395194038887,25730.45077921923
2025-03-24 12:00:00,16161.402144404972,25081.636110618132,26337.82316945577
2025-03-24 16:00:00,16242.509343764163,25352.956353059497,26466.607712357534
2025-03-24 20:00:00,16203.746110614338,25306.187681131818,26383.615709003767
2025-03-25 00:00:00,16067.837515121388,25092.78625756778,26108.87718720471
2025-03-25 04:00:00,15809.006757169456,24787.705847973324,25697.1145976614
2025-03-25 08:00:00,15903.644994066191,24821.775741430574,25852.71952487834
2025-03-25 12:00:00,16062.771164647933,25043.23004890269,26185.34938836781
2025-03-25 16:00:00,16219.112381482286,25173.31509664855,26577.762630520992
2025-03-25 20:00:00,16257.624269311758,25286.984650274095,26607.513234529768
2025-03-26 00:00:00,16155.408213527195,25120.66162494189,26408.498671015997
2025-03-26 04:00:00,16024.391655967265,25037.035522819555,26169.738809157912
2025-03-26 08:00:00,16240.310505002963,25321.673996339658,26573.788621552405
2025-03-26 12:00:00,16222.8416004822,25256.941198770885,26553.72171120842
2025-03-26 16:00:00,15794.532036867548,24925.534053323103,25816.460633800572
2025-03-26 20:00:00,15739.528236352882,24934.825842447808,25652.1340215499
2025-03-27 00:00:00,15773.67843216656,25070.795689972645,25730.412801556355
2025-03-27 04:00:00,15886.032855040447,25207.07526380164,26030.885268253063
2025-03-27 08:00:00,15835.919402525538,25155.041244703298,25899.339731997585
2025-03-27 12:00:00,15695.074706136276,24973.23190416325,25622.103126306087
2025-03-27 16:00:00,15695.074706136276,24951.241336568117,25648.183399150097
2025-03-27 20:00:00,15695.074706136276,24985.620956329523,25781.08115955941
2025-03-28 00:00:00,15695.074706136276,25012.567144791166,25716.19085623008
2025-03-28 04:00:00,15695.074706136276,24908.18938029032,25514.830434621486
2025-03-28 08:00:00,15695.074706136276,24454.750071004757,24692.826309306853
2025-03-28 12:00:00,15695.074706136276,24508.642447928043,24753.329593075334
2025-03-28 16:00:00,15695.074706136276,24044.982170605304,24272.385796616338
2025-03-28 20:00:00,15695.074706136276,23966.311689349477,24188.948558218188
2025-03-29 00:00:00,15695.074706136276,24150.90856662693,24296.644714826954
2025-03-29 04:00:00,15695.074706136276,24077.50343254177,24209.304244886065
2025-03-29 08:00:00,15695.074706136276,23952.683731966576,23881.36299692969
2025-03-29 12:00:00,15695.074706136276,23532.075410921636,23569.435188500647
2025-03-29 16:00:00,15695.074706136276,23582.87052480335,23695.992933206984
2025-03-29 20:00:00,15695.074706136276,23677.337047571174,23600.793466633277
2025-03-30 00:00:00,15695.074706136276,23646.67414345965,23515.18944360062
2025-03-30 04:00:00,15695.074706136276,23740.21148731501,23654.256427180462
2025-03-30 08:00:00,15695.074706136276,23782.64399098449,23675.974989500515
2025-03-30 12:00:00,15695.074706136276,23786.360706634372,23629.063426942183
2025-03-30 16:00:00,15695.074706136276,23679.505131700273,23552.172281220013
2025-03-30 20:00:00,15695.074706136276,23632.42673346844,23635.464424553124
2025-03-31 00:00:00,15695.074706136276,23586.896966757387,23506.31274229407
2025-03-31 04:00:00,15695.074706136276,23322.700429311633,23361.26096743805
2025-03-31 08:00:00,15695.074706136276,23437.60888815381,23537.390056832402
2025-03-31 12:00:00,15695.074706136276,23529.907326792538,23432.55897591461
2025-03-31 16:00:00,15695.074706136276,23947.728111100067,23918.64738178393
2025-03-31 20:00:00,15695.074706136276,23600.52492414029,23584.003413684208
2025-04-01 00:00:00,15695.074706136276,23627.471112601932,23495.579210427553
2025-04-01 04:00:00,15695.074706136276,23727.822435148737,23704.230172056923
2025-04-01 08:00:00,15695.074706136276,23931.622343283914,23907.145386701566
2025-04-01 12:00:00,15679.37963143014,24106.927431436667,24100.812472897807
2025-04-01 16:00:00,15725.564163136387,24463.732133825306,24457.587366900523
2025-04-01 20:00:00,15591.19015047578,24391.256178652613,24166.839452486944
2025-04-02 00:00:00,15566.187232959168,24433.37895601794,24135.705962977696
2025-04-02 04:00:00,15349.702719385528,24245.375089394758,23805.257044804064
2025-04-02 08:00:00,15314.090265746418,24227.101237449508,23808.049449242564
2025-04-02 12:00:00,15323.647686400243,24244.13618417813,23926.215688137898
2025-04-02 16:00:00,15471.186957990969,24725.450860837806,24528.17260207963
2025-04-02 20:00:00,15572.606459471728,24803.50188948532,24709.03367981476
2025-04-03 00:00:00,14328.650053025503,23425.83928859585,22538.703523496763
2025-04-03 04:00:00,14328.650053025503,23691.274731258232,22909.254857824264
2025-04-03 08:00:00,14328.650053025503,23558.71187307912,22648.41193984849
2025-04-03 12:00:00,14328.650053025503,23209.960054598556,22045.559736632382
2025-04-03 16:00:00,14328.650053025503,22993.46136799295,21852.881362684617
2025-04-03 20:00:00,14328.650053025503,23032.486882316705,22031.464827206037
2025-04-04 00:00:00,14328.650053025503,23331.99221843634,22320.00087199459
2025-04-04 04:00:00,14328.650053025503,23126.024226172063,21983.542105536006
2025-04-04 08:00:00,14328.650053025503,23653.79784845526,22601.095222910888
2025-04-04 12:00:00,14328.650053025503,23152.970414633703,21919.689144913045
2025-04-04 16:00:00,14328.650053025503,23301.94876693313,22476.48965859047
2025-04-04 20:00:00,14328.650053025503,23766.847949472492,23156.111779035473
2025-04-05 00:00:00,14328.650053025503,23695.920625820585,23135.78276079285
2025-04-05 04:00:00,14328.650053025503,23630.878101947656,22896.069339108195
2025-04-05 08:00:00,14328.650053025503,23592.472040232213,22918.1179129963
2025-04-05 12:00:00,14328.650053025503,23579.463535457624,22832.47095979983
2025-04-05 16:00:00,14328.650053025503,23339.73537604026,22429.821139912325
2025-04-05 20:00:00,14328.650053025503,23401.37091056746,22559.202591732705
2025-04-06 00:00:00,14328.650053025503,23592.78176653637,22828.569728104092
2025-04-06 04:00:00,14328.650053025503,23543.535284175436,22789.18261821881
2025-04-06 08:00:00,14328.650053025503,23449.06876140761,22661.14526547437
2025-04-06 12:00:00,14328.650053025503,23390.220763617817,22555.16945578761
2025-04-06 16:00:00,14328.650053025503,23315.886450620183,22120.140451875297
2025-04-06 20:00:00,14328.650053025503,22500.377091775314,20956.39877347392
2025-04-07 00:00:00,14328.650053025503,22084.414665292723,20477.019013872392
2025-04-07 04:00:00,14328.650053025503,21961.45332254247,20161.443732007232
2025-04-07 08:00:00,14328.650053025503,21118.688048931803,19074.745908886478
2025-04-07 12:00:00,14328.650053025503,21653.27564990645,19655.21258022829
2025-04-07 16:00:00,14328.650053025503,22269.630995178493,20688.533766644774
2025-04-07 20:00:00,14328.650053025503,22172.686661977412,20542.379956817782
2025-04-08 00:00:00,14328.650053025503,22463.519661580653,20777.081715775854
2025-04-08 04:00:00,14328.650053025503,22583.07401498518,21253.69478947721
2025-04-08 08:00:00,14328.650053025503,22548.07494261546,21005.330960632673
2025-04-08 12:00:00,14328.650053025503,22654.00133863709,21345.234829282876
2025-04-08 16:00:00,14328.650053025503,22279.232510607355,20711.215102253238
2025-04-08 20:00:00,14328.650053025503,21705.929121613106,20041.745783589984
2025-04-09 00:00:00,14328.650053025503,21516.6863497733,20103.07751497258
2025-04-09 04:00:00,14328.650053025503,21079.04308199973,19587.21202880358
2025-04-09 08:00:00,14328.650053025503,21836.943348271438,20393.867875589647
2025-04-09 12:00:00,14328.650053025503,21384.7429442025,19763.790613405276
2025-04-09 16:00:00,14328.650053025503,21665.04524946441,20206.497249864427
2025-04-09 20:00:00,14314.321402972477,23318.673987357593,22393.87741115611
2025-04-10 00:00:00,14303.078918530198,23365.75238558943,22456.59011660026
2025-04-10 04:00:00,14080.05184667831,23058.813618170036,21860.9833319081
2025-04-10 08:00:00,14009.804092592352,22927.799391511708,21667.38432948898
2025-04-10 12:00:00,13950.586035827237,22902.401834570846,21508.28919902862
2025-04-10 16:00:00,13478.820898114775,21794.2011182978,20412.782580786763
2025-04-10 20:00:00,13478.820898114775,22020.92077294058,20686.30096699576
2025-04-11 00:00:00,13478.820898114775,21899.508061711113,20727.43469149936
2025-04-11 04:00:00,13478.820898114775,22082.556307467785,20981.50504045513
2025-04-11 08:00:00,13478.820898114775,22156.58089416126,21112.152580686135
2025-04-11 12:00:00,13478.820898114775,22456.08623028089,21403.779703391585
2025-04-11 16:00:00,13478.820898114775,22565.7293419524,21639.153334620125
2025-04-11 20:00:00,13478.820898114775,22890.322508708734,21816.98597037592
2025-04-12 00:00:00,13478.820898114775,22737.62744075943,21797.51232904559
2025-04-12 04:00:00,13478.820898114775,22629.223234304543,21621.952553114003
2025-04-12 08:00:00,13465.342077216661,22841.385752651957,22145.935940207142
2025-04-12 12:00:00,13480.945415854581,22785.635017903733,22187.22402638122
2025-04-12 16:00:00,13689.126802418406,23184.5624976577,22976.54501839152
2025-04-12 20:00:00,13701.44522765887,23177.129066357935,22990.683072855158
2025-04-13 00:00:00,13758.931212114365,23265.71078934678,23179.5873047766
2025-04-13 04:00:00,13740.042960078988,23304.73630367054,23111.084485959727
2025-04-13 08:00:00,13626.302833692045,23058.813618170036,22705.84858408416
2025-04-13 12:00:00,13673.523463780486,23090.09597488987,22834.53647614677
2025-04-13 16:00:00,13630.819589613548,22891.871140229516,22624.88968859506
2025-04-13 20:00:00,13613.984408451583,22947.002422369427,22602.260975966892
2025-04-14 00:00:00,13620.554235246496,22867.09303589697,22602.96784545762
2025-04-14 04:00:00,13729.777605711935,23033.10633492502,22997.253983186754
2025-04-14 08:00:00,13741.274802603035,22997.797536251142,23023.828845716773
2025-04-14 12:00:00,13778.398769303352,23108.060100530965,23255.729511652302
2025-04-14 16:00:00,13495.657618107245,22941.427348894606,22694.062303104845
2025-04-14 20:00:00,13605.442283710156,23158.235761804368,23010.332972912878
2025-04-15 00:00:00,13520.259738046698,23126.643678780376,22828.929860865184
2025-04-15 04:00:00,13589.711781703212,23299.78068280403,23001.74356962458
2025-04-15 08:00:00,13632.441617014087,23390.530489921974,23146.622389478558
2025-04-15 12:00:00,13646.340540341052,23409.11406817138,23235.347200264492
2025-04-15 16:00:00,13532.53259722418,23302.258493237285,22977.525773865127
2025-04-15 20:00:00,13353.575060204352,23064.698417949014,22716.263282898275
2025-04-16 00:00:00,13353.575060204352,22947.002422369427,22445.588086235337
2025-04-16 04:00:00,13353.575060204352,22862.137415030462,22402.782945983272
2025-04-16 08:00:00,13353.575060204352,22682.805884923673,22083.88186899897
2025-04-16 12:00:00,13353.575060204352,22915.100613041275,22364.983578196297
2025-04-16 16:00:00,13353.575060204352,23101.24612183952,22626.26422298779
2025-04-16 20:00:00,13353.575060204352,22934.92309650731,22953.84752031969
2025-04-17 00:00:00,13353.575060204352,22835.50095287298,22785.47474896292
2025-04-17 04:00:00,13353.575060204352,22889.083603492105,22702.50006180873
2025-04-17 08:00:00,13340.221485144146,23047.353744916232,23203.60712961977
2025-04-17 12:00:00,13310.043914386622,23053.54827099937,23108.874171148964
2025-04-17 16:00:00,13319.47440524835,23047.353744916232,23119.525111869363
2025-04-17 20:00:00,13302.499521697242,23126.33395247622,23090.081660303564
2025-04-18 00:00:00,13359.459686502069,23137.484099425863,23266.993911546837
2025-04-18 04:00:00,13350.78363490928,23103.723932272773,23232.183103759126
2025-04-18 08:00:00,13365.495200653573,23060.671975994977,23261.31744587
2025-04-18 12:00:00,13342.484802950961,23046.73429230792,23195.48973669175
2025-04-18 16:00:00,13291.56015229764,22943.595433023704,22996.008503322748
2025-04-18 20:00:00,13333.054312089234,22993.151641688793,23150.39712213391
2025-04-19 00:00:00,13330.790994282419,22968.99298996456,23129.427916824527
2025-04-19 04:00:00,13484.319385511324,23075.229112290344,23635.733906442467
2025-04-19 08:00:00,13468.19716922197,23157.92603550021,23659.511922196114
2025-04-19 12:00:00,13472.417000138314,23164.12056158335,23664.282577822214
2025-04-19 16:00:00,13458.689692162792,23149.253698983823,23680.92129090974
2025-04-19 20:00:00,13471.330641948556,23127.26313138869,23671.921774616952
2025-04-20 00:00:00,13502.393213423831,23124.16586834712,23782.386115632187
2025-04-20 04:00:00,13543.83763140591,23154.519046154488,23904.113060429532
2025-04-20 08:00:00,13439.76354253822,23053.238544695214,23713.277213833728
2025-04-20 12:00:00,13206.17173235799,22877.623730238305,23305.555688146975
2025-04-20 16:00:00,13176.443807404752,22955.67475888582,23286.41923260065
2025-04-20 20:00:00,13176.443807404752,23026.911808841884,23457.79547898184
2025-04-21 00:00:00,13176.443807404752,23054.167723607683,23453.220877484346
2025-04-21 04:00:00,13150.090919789942,23456.502192707372,23705.270393294973
2025-04-21 08:00:00,13162.38792109548,23442.874235324474,23740.988250085913
2025-04-21 12:00:00,13094.759099114046,23334.470028869593,23572.50771604073
2025-04-21 16:00:00,13167.582160669925,23705.21241494529,23669.64569061323
2025-04-21 20:00:00,12983.117714593009,23509.775117022346,23393.529916941392
2025-04-22 00:00:00,12988.279284401237,23537.3407580923,23376.47789423661
2025-04-22 04:00:00,13012.753244615518,23668.045258446473,23669.36909283072
2025-04-22 08:00:00,13040.880900312028,23818.262515962524,23896.643593160657
2025-04-22 12:00:00,13054.219788580474,23889.499565918588,23981.184970574337
2025-04-22 16:00:00,13157.361067247675,24577.401687450852,24832.247918989207
2025-04-22 20:00:00,13191.520159390242,24818.368752084847,24862.2771328586
2025-04-23 04:00:00,13747.257202894685,25527.95171490809,25902.575695956024
2025-04-23 08:00:00,13818.659285285092,25617.15289050525,26033.907814664526
2025-04-23 12:00:00,13778.887200738447,25372.159383917216,25962.184437594937
2025-04-23 16:00:00,13814.863218611737,25436.582455181833,26013.729746334328
2025-04-23 20:00:00,13803.387477898006,25576.269018356554,25964.283043792777
2025-04-24 00:00:00,13856.837212775727,25615.913985288622,26079.051957268024
2025-04-24 04:00:00,13627.08832902732,25322.29344894797,25598.92552421793
2025-04-24 08:00:00,13508.924591027604,25100.839141475855,25392.60384112059
2025-04-24 12:00:00,13548.363061943946,25230.614462917558,25491.272435915904
2025-04-24 16:00:00,13671.219317548905,25423.26422410309,25759.476432633477
2025-04-24 20:00:00,13720.95086163897,25466.9356329892,25952.279842412245
2025-04-25 00:00:00,13804.436030069493,25608.170827684702,26124.85227959
2025-04-25 04:00:00,13774.699171856639,25526.403083387308,26067.073873438363
2025-04-25 08:00:00,13897.977197202335,25583.392723352157,26373.939308846253
2025-04-25 12:00:00,13983.630866226435,25846.660081885442,26483.514342642993
2025-04-25 16:00:00,13963.356162403246,25901.791364025354,26313.635194056507
2025-04-25 20:00:00,13937.928768894872,26008.337212655297,26205.55340305409
2025-04-26 00:00:00,13837.67860070993,25813.519367340665,26058.538801123963
2025-04-26 04:00:00,13885.042548639076,25840.465555802308,26129.353900745868
2025-04-26 08:00:00,13890.940829622068,25801.74976778271,26127.42624970307
2025-04-26 12:00:00,13735.987280284455,25685.292677419748,25789.196722631612
2025-04-26 16:00:00,13779.173913323939,25740.733685863815,25900.0552495738
2025-04-26 20:00:00,13812.702432496611,25723.079286526878,25910.985140940124
2025-04-27 00:00:00,13852.61809462673,25825.59869320278,25956.518583840516
2025-04-27 04:00:00,13795.211604306249,25686.531582636377,25721.63982361593
2025-04-27 08:00:00,13778.148825314136,25667.63827808281,25701.163477658796
2025-04-27 12:00:00,13776.585743404248,25620.86960615513,25749.25672889872
2025-04-27 16:00:00,13743.37648728626,25620.25015354682,25830.0933593625
2025-04-27 20:00:00,13802.212982036155,25753.122738030088,25984.300593814718
2025-04-28 00:00:00,13725.91871981898,25602.286027905724,25731.837871115662
2025-04-28 04:00:00,13689.612241809782,25615.913985288622,25785.908273162528
2025-04-28 08:00:00,13689.612241809782,25860.907491876656,26157.40132408458
2025-04-28 12:00:00,13675.922629567973,26023.51380155898,26272.827998534696
2025-04-28 16:00:00,13577.709004458997,25540.031040770205,25452.030296276032
2025-04-28 20:00:00,13577.709004458997,25720.291749789467,25713.239300888607
2025-04-29 00:00:00,13577.709004458997,25802.678946695178,25713.987783989836
2025-04-29 04:00:00,13577.709004458997,25840.15582949815,25770.77578909762
2025-04-29 08:00:00,13577.709004458997,25797.413599524512,25843.473136299224
2025-04-29 12:00:00,13564.131295454536,25915.1095951041,25947.26579163008
2025-04-29 16:00:00,13522.203942356957,25786.263452574865,25748.93253150994
2025-04-29 20:00:00,13545.840839405257,25946.70167812809,25971.210528523705
2025-04-30 00:00:00,13481.964939048543,25644.099078966894,25521.182403875824
2025-04-30 04:00:00,13515.731934831827,25897.764922071317,25837.700410602618
2025-04-30 08:00:00,13468.633729113302,25767.060421717146,25581.330845967605
2025-04-30 12:00:00,13468.633729113302,25932.763994441037,25832.097968572063
2025-04-30 16:00:00,13468.633729113302,25664.231288737086,25137.231589653114
2025-04-30 20:00:00,13468.633729113302,25747.23793825111,25570.102346918997
2025-05-01 00:00:00,13468.633729113302,25768.918779542084,25783.188281824096
2025-05-01 04:00:00,13468.633729113302,25959.090730294363,25997.004246758854
2025-05-01 08:00:00,13455.165095384189,26028.159696121333,26143.6287459592
2025-05-01 12:00:00,13479.635783750917,26325.496948111864,26466.066920630634
2025-05-01 16:00:00,13584.629132982034,26606.10897967793,26646.43656484633
2025-05-01 20:00:00,13480.025605789084,26495.53668909395,26412.557653847485
2025-05-02 00:00:00,13476.122043665771,26462.086248245017,26449.244122984754
2025-05-02 04:00:00,13508.001801817838,26596.50746424907,26471.935621071723
2025-05-02 08:00:00,13306.287980941162,26346.248610490373,26086.786669326597
2025-05-02 12:00:00,13426.757365486512,26476.33365823623,26358.684341590993
2025-05-02 16:00:00,13462.550784406769,26617.259126627578,26372.993476899566
2025-05-02 20:00:00,13410.167162372672,26569.871002091586,26196.129310963413
2025-05-03 00:00:00,13417.091077957844,26565.53483383339,26199.101818843592
2025-05-03 04:00:00,13384.747414563795,26421.512102400477,26171.090661189377
2025-05-03 08:00:00,13359.572138355139,26424.9190917462,26144.297189684694
2025-05-03 12:00:00,13310.447430636548,26322.709411374453,26014.465982232905
2025-05-03 16:00:00,13395.929959812576,26449.077743470432,26198.94452730818
2025-05-03 20:00:00,13376.967528698893,26439.47622804157,26107.218019698725
2025-05-04 00:00:00,13302.032731054936,26298.86048595438,25971.30314425475
2025-05-04 04:00:00,13293.796979647968,26265.410045105444,25852.782087292126
2025-05-04 08:00:00,13322.594513459007,26308.462001383243,25883.948286732415
2025-05-04 12:00:00,13241.329055781229,26183.64230080805,25807.627957258323
2025-05-04 16:00:00,13241.329055781229,26199.12861601589,25953.749310429193
2025-05-04 20:00:00,13241.329055781229,26235.056867298077,25903.462624058495
2025-05-05 00:00:00,13241.329055781229,25803.917851911803,25461.445308708935
2025-05-05 04:00:00,13241.329055781229,25714.716676314645,25495.44228588014
2025-05-05 08:00:00,13241.329055781229,25954.75456203617,25840.304293620837
2025-05-05 12:00:00,13241.329055781229,25688.69966676547,25411.182930905525
2025-05-05 16:00:00,13241.329055781229,25676.930067207515,25400.632028901127
2025-05-05 20:00:00,13241.329055781229,25838.29747167321,25748.173313407202
2025-05-06 00:00:00,13241.329055781229,25946.70167812809,25814.131424271432
2025-05-06 04:00:00,13241.329055781229,25861.52694448497,25553.32643716614
2025-05-06 08:00:00,13241.329055781229,25783.78564214161,25540.736061842763
2025-05-06 12:00:00,13241.329055781229,25659.275667870577,25208.75210997186
2025-05-06 16:00:00,13241.329055781229,25829.62513515682,25303.272118445624
2025-05-06 20:00:00,13241.329055781229,25876.393807084496,25467.349136870333
2025-05-07 00:00:00,13228.087726725447,26453.10418542447,25950.787479175364
2025-05-07 04:00:00,13209.793458874869,26343.461073752962,25849.11255330624
2025-05-07 08:00:00,13225.968899093035,26440.40540695404,25984.355968741602
2025-05-07 12:00:00,13232.01530965382,26476.643384540388,26031.579646751874
2025-05-07 16:00:00,13229.172979903024,26459.608437811763,25830.120300338203
2025-05-07 20:00:00,13211.03374822067,26350.894505052725,25819.605933531548
2025-05-08 00:00:00,13237.110894970912,26586.596222516055,26091.429690780842
2025-05-08 04:00:00,13406.128509494425,27107.865592411956,26701.668198494404
2025-05-08 08:00:00,13530.74896033794,27219.98651451672,26888.021884248134
2025-05-08 12:00:00,13697.747804534703,27257.153671015538,27247.677287249204
2025-05-08 16:00:00,14201.914822324485,27740.016979195996,28176.016117612715
2025-05-08 20:00:00,14417.84668220144,27939.48071907298,28402.92989651249
2025-05-09 00:00:00,14816.266463690099,28453.62638397328,29071.636567607897
2025-05-09 04:00:00,14691.127593357949,28242.393044538338,28700.59545774792
2025-05-09 08:00:00,15202.230779355981,28525.792612841815,29363.679017075712
2025-05-09 12:00:00,15348.224294785787,28321.063525794165,29987.274862964478
2025-05-09 16:00:00,15164.47310438835,28267.48087517504,29718.769265447045
2025-05-09 20:00:00,15302.286382033992,28389.822765316978,29940.382676124562
2025-05-10 00:00:00,15355.608508697836,28331.28449383134,30045.754636127538
2025-05-10 04:00:00,15307.677386938793,28390.44221792529,29917.05354799523
2025-05-10 08:00:00,15498.11066350904,28549.33181195773,30125.552224377076
2025-05-10 12:00:00,15354.33719771708,28461.369541577198,29758.02496881046
2025-05-10 16:00:00,15512.143822972648,28380.221249888116,29997.040136166877
2025-05-10 20:00:00,15695.235959618201,28381.46015510474,30197.667845697313
2025-05-11 00:00:00,16127.88052920205,28820.96178070325,31020.979037606518
2025-05-11 04:00:00,15929.557370773777,28601.67555736023,30690.4072502333
2025-05-11 08:00:00,15660.901629361328,28441.547058111162,30226.785321451505
2025-05-11 12:00:00,15915.915704124362,28788.750245070943,30638.925505554274
2025-05-11 16:00:00,15616.186703062496,28665.169449712375,30082.91084254688
2025-05-11 20:00:00,15808.46209173619,28752.82199378875,30413.35996991358
2025-05-12 00:00:00,15841.101443807416,28713.796479464996,30480.309343278073
2025-05-12 04:00:00,15900.019070726725,28697.69071164884,30645.94914735421
2025-05-12 08:00:00,16211.574805761644,29109.93642248155,31188.582927583248
2025-05-12 12:00:00,16052.25726116903,28901.49061978402,30871.247606184952
2025-05-12 16:00:00,15901.110824897438,28579.994716069254,30752.411570726446
2025-05-12 20:00:00,15734.781016983687,28421.105122036814,30351.865601585618
2025-05-13 00:00:00,15815.270176036123,28678.797407095277,30799.861749338474
2025-05-13 04:00:00,15624.484820810309,28332.52339904797,29812.743341363857
2025-05-13 08:00:00,15624.484820810309,28596.719936493722,30418.56492667558
2025-05-13 12:00:00,15624.484820810309,28912.331040429508,30851.982683003527
2025-05-13 16:00:00,15624.484820810309,28744.149657272363,30964.986768314102
2025-05-13 20:00:00,15593.235851168687,29012.062910368,31792.164344220004
2025-05-14 00:00:00,15626.924961490835,28823.439591136503,31896.85146781502
2025-05-14 04:00:00,15457.043497802342,28652.470671241947,31430.107793219002
2025-05-14 08:00:00,15470.0936640932,28643.798334725558,31528.796170092228
2025-05-14 12:00:00,15418.927569370744,28706.363048165233,31456.078615227558
2025-05-14 16:00:00,15265.949388890383,28613.135430614035,31027.555707699557
2025-05-14 20:00:00,15309.551852190712,28654.32902906689,31105.21557960013
2025-05-15 00:00:00,15293.379424669636,28668.576439058103,31042.76452127729
2025-05-15 04:00:00,15125.858562630854,28422.034300949283,30630.47380039421
2025-05-15 08:00:00,15024.484805638978,28148.545974378823,30094.09878640335
2025-05-15 12:00:00,15024.484805638978,28367.522471417687,30314.56116449189
2025-05-15 16:00:00,15024.484805638978,28603.224188881017,30507.37373588059
2025-05-15 20:00:00,15024.484805638978,28581.853073894195,30214.886417077236
2025-05-16 00:00:00,15024.484805638978,28730.83142619362,30203.09210194415
2025-05-16 04:00:00,15024.484805638978,28776.36119290467,30604.60128238415
2025-05-16 08:00:00,15024.484805638978,28660.213828845866,30549.877238843954
2025-05-16 12:00:00,15024.484805638978,28695.212901215586,30668.483060578652
2025-05-16 16:00:00,15024.484805638978,28959.409438661343,30750.193678394877
2025-05-16 20:00:00,15024.484805638978,28868.34990523924,30602.799560529373
2025-05-17 00:00:00,15024.484805638978,28697.69071164884,30048.7192182981
2025-05-17 04:00:00,15024.484805638978,28731.141152497778,30100.9482969578
2025-05-17 08:00:00,15024.484805638978,28706.053321861076,30114.926174324886
2025-05-17 12:00:00,15024.484805638978,28581.853073894195,29946.341775426732
2025-05-17 16:00:00,15024.484805638978,28562.340316732316,29920.67705140013
2025-05-17 20:00:00,15024.484805638978,28610.34789387662,29711.54594843024
2025-05-18 00:00:00,15024.484805638978,28622.736946042893,29806.99553037127
2025-05-18 04:00:00,15024.484805638978,28666.098628624848,29918.946341070347
2025-05-18 08:00:00,15024.484805638978,28843.26207460254,30400.42445902586
2025-05-18 12:00:00,15024.484805638978,28802.687928757998,30381.017339015503
2025-05-18 16:00:00,14994.4358360277,29256.127238043562,31185.620970213116
2025-05-18 20:00:00,14611.185518058177,28806.714370712038,29804.559010248333
2025-05-19 00:00:00,14596.57433254012,29462.095230307837,30804.810607330728
2025-05-19 04:00:00,14457.71372022973,28708.221405990174,29611.58735206462
2025-05-19 08:00:00,14457.71372022973,28460.130636360573,29107.09278386312
2025-05-19 12:00:00,14457.71372022973,28293.807611028365,29042.115152408565
2025-05-19 16:00:00,14457.71372022973,28897.154451525825,29581.49840288263
2025-05-19 20:00:00,14457.71372022973,29075.556802720144,29931.60169383387
2025-05-20 00:00:00,14457.71372022973,29120.46711682288,30009.035963521794
2025-05-20 04:00:00,14457.71372022973,29134.714526814096,30249.511076182076
2025-05-20 08:00:00,14457.71372022973,28852.553863727244,29901.99111260166
2025-05-20 12:00:00,14457.71372022973,28979.23192212738,29869.377123437822
2025-05-20 16:00:00,14457.71372022973,29002.151668634982,29842.847178891985
2025-05-20 20:00:00,14457.71372022973,29389.619275135145,30100.15671885335
2025-05-21 00:00:00,14457.71372022973,29319.001677787393,30138.674614001342
2025-05-21 04:00:00,14457.71372022973,29207.190481986785,30192.36236777759
2025-05-21 08:00:00,14457.71372022973,29141.218779201386,30085.384134355572
2025-05-21 12:00:00,14457.71372022973,29158.873178538324,30124.386494691087
2025-05-21 16:00:00,14443.2560065095,29755.71576664849,30607.3237808675
2025-05-21 20:00:00,14437.236411118496,29718.54861014967,30452.87785589385
2025-05-22 00:00:00,14475.059535491975,29952.082243483906,30796.856698483734
2025-05-22 04:00:00,14535.113033596539,30500.607528145607,31405.068636251774
2025-05-22 08:00:00,14576.705419822149,30339.240123679912,31550.195222993407
2025-05-22 12:00:00,14605.89985389233,30355.345891496065,31554.388781512484
2025-05-22 16:00:00,14710.334838629362,30534.987147907013,31774.341882438315
2025-05-22 20:00:00,14617.665747490537,30494.72272836663,31603.32862706945
2025-05-23 00:00:00,14732.736147739037,30610.250639817117,31848.280153058935
2025-05-23 04:00:00,14912.087247561783,30359.991786058417,32307.36658285147
2025-05-23 08:00:00,14687.594043843768,30221.23440179617,31894.715098777917
2025-05-23 12:00:00,14341.293696121278,29818.280480088164,31229.348028349505
2025-05-23 16:00:00,14374.617437549532,29731.55711492426,31423.523558245215
2025-05-23 20:00:00,14325.411117536412,29635.541960635648,31195.39839307603
2025-05-24 00:00:00,14175.041216668815,29249.003533047955,30518.791501481945
2025-05-24 04:00:00,14175.041216668815,29548.19914286343,30758.50983982702
2025-05-24 08:00:00,14175.041216668815,29346.877045161506,30586.827171737285
2025-05-24 12:00:00,14175.041216668815,29770.892355552172,31049.284608675924
2025-05-24 16:00:00,14175.041216668815,29703.991473854305,30939.159140721473
2025-05-24 20:00:00,14175.041216668815,29720.406967974614,31044.607932331055
2025-05-25 00:00:00,14175.041216668815,29394.265169697497,30773.792813453434
2025-05-25 04:00:00,14175.041216668815,29496.165123765088,30571.040615117945
2025-05-25 08:00:00,14175.041216668815,29371.65514949405,30349.423719737104
2025-05-25 12:00:00,14175.041216668815,29257.366143260188,30294.30701731299
2025-05-25 16:00:00,14175.041216668815,29200.99595590365,30140.618843736673
2025-05-25 20:00:00,14175.041216668815,29391.16790665593,30443.5012888957
2025-05-26 00:00:00,14175.041216668815,29710.495726241596,30886.503729709922
2025-05-26 04:00:00,14175.041216668815,29752.308777302766,30999.718401424165
2025-05-26 08:00:00,14175.041216668815,29979.95761085802,31237.072260077897
2025-05-26 12:00:00,14175.041216668815,29903.764940035442,31166.90650236006
2025-05-26 16:00:00,14175.041216668815,29947.74607522571,31126.450484130317
2025-05-26 20:00:00,14175.041216668815,29695.009411033756,30648.92821541639
2025-05-27 00:00:00,14175.041216668815,29782.04250250182,30797.4349984808
2025-05-27 04:00:00,14175.041216668815,29628.108529335885,30582.46561771164
2025-05-27 08:00:00,14160.866175452145,29927.923591759674,31059.916581777936
2025-05-27 12:00:00,14232.105791676116,29902.526034818817,31209.897697301254
2025-05-27 16:00:00,14244.737899080112,30128.93596315744,31519.65094838598
2025-05-27 20:00:00,14232.510593341296,30018.053946269305,31403.111668852656
2025-05-28 00:00:00,14118.832827053955,29765.31728207735,31193.600413650573
2025-05-28 04:00:00,14084.218141212466,29829.740353341967,31084.688632151654
2025-05-28 08:00:00,13999.154454329615,29769.34372403139,30907.480742938747
2025-05-28 12:00:00,14046.101389194984,29803.10389118448,31019.519240255406
2025-05-28 16:00:00,13934.247228592621,29422.14053707161,30450.336313763008
2025-05-28 20:00:00,13913.922381312583,29354.000750157113,30364.662877724953
2025-05-29 00:00:00,14054.964503346786,29740.848904048962,30968.328031097448
2025-05-29 04:00:00,14195.390720917956,29772.750713377114,31218.759908314983
2025-05-29 08:00:00,14127.230627009143,29650.09909693102,30938.387666067574
2025-05-29 12:00:00,14099.720227660404,29901.596855906344,31051.79862010721
2025-05-29 16:00:00,13914.575445344884,29182.7221039584,30246.951321407556
2025-05-29 20:00:00,13914.575445344884,28830.873022436266,29844.749370541314
2025-05-30 00:00:00,13914.575445344884,28770.47639312569,29772.11849592228
2025-05-30 04:00:00,13914.575445344884,28965.603964744478,29723.95046166016
2025-05-30 08:00:00,13914.575445344884,28737.955131189225,29422.5738553527
2025-05-30 12:00:00,13914.575445344884,28956.312175619772,29605.57052367797
2025-05-30 16:00:00,13914.575445344884,28833.35083286952,29234.26858158261
2025-05-30 20:00:00,13914.575445344884,28566.98621129467,29074.09147678173
2025-05-31 00:00:00,13914.575445344884,28423.27320616591,28522.56603387245
2025-05-31 04:00:00,13914.575445344884,28344.602724910084,28287.306104979554
2025-05-31 08:00:00,13914.575445344884,28375.265629021607,28385.03668297906
2025-05-31 12:00:00,13914.575445344884,28309.293926236205,28161.176147747705
2025-05-31 16:00:00,13914.575445344884,28610.038167572464,28566.71798607483
2025-05-31 20:00:00,13914.575445344884,28659.284649933397,28784.98078522439
2025-06-01 00:00:00,13914.575445344884,28621.18831452211,28646.49506632218
2025-06-01 04:00:00,13914.575445344884,28562.340316732316,28431.007385793564
2025-06-01 08:00:00,13914.575445344884,28541.58865435381,28391.674289057926
2025-06-01 12:00:00,13914.575445344884,28488.31573003884,28122.25126012577
2025-06-01 16:00:00,13914.575445344884,28656.18738689183,28424.16848168559
2025-06-01 20:00:00,13914.575445344884,28752.20254118044,28623.237375302986
2025-06-02 00:00:00,13914.575445344884,28878.880599580574,28851.822828036307
2025-06-02 04:00:00,13914.575445344884,28626.453661692776,28461.060794345056
2025-06-02 08:00:00,13914.575445344884,28624.90503017199,28378.01601154011
2025-06-02 12:00:00,13914.575445344884,28271.817043433235,28032.709768354358
2025-06-02 16:00:00,13914.575445344884,28336.24011469785,28079.0623701452
2025-06-02 20:00:00,13914.575445344884,28286.68390603276,28005.670684584256
2025-06-03 00:00:00,13914.575445344884,28653.090123850263,28582.888041486753
2025-06-03 04:00:00,13900.66086989954,28636.984356034107,28895.912544758263
2025-06-03 08:00:00,13901.992808387382,28566.676484990512,28933.904266226768
2025-06-03 12:00:00,13925.164779060024,28652.780397546103,29055.437013345563
2025-06-03 16:00:00,14016.14446702756,29065.33583468297,29423.09025273996
2025-06-03 20:00:00,13957.586317062709,28968.701227786045,29235.44627734282
2025-06-04 00:00:00,13670.896773196513,28696.14208012806,28532.630999156307
2025-06-04 04:00:00,13753.974275004697,28776.670919208827,28785.391347218956
2025-06-04 08:00:00,13728.286027431033,28669.50561797057,28698.92661180105
2025-06-04 12:00:00,13705.108547303807,28625.524482780307,28640.511000321938
2025-06-04 16:00:00,13766.303240752988,28580.304442373414,28733.79544381071
2025-06-04 20:00:00,13688.437567693067,28486.147645909743,28474.0359183654
2025-06-05 00:00:00,13657.738568653778,28418.007858995246,28211.087276134174
2025-06-05 04:00:00,13692.300355651652,28537.87193870393,28352.255954763714
2025-06-05 08:00:00,13656.315436247984,28387.65468118788,28134.491133825355
2025-06-05 12:00:00,13655.095608471587,28432.874721594773,28114.803680393237
2025-06-05 16:00:00,13617.68755666212,28324.78024144405,27898.703941599775
2025-06-05 20:00:00,13496.64506293353,27606.83466840857,27107.0330843797
2025-06-06 00:00:00,13496.64506293353,27481.395515225064,26703.80975415153
2025-06-06 04:00:00,13496.64506293353,27783.37866177795,27139.426729407503
2025-06-06 08:00:00,13496.64506293353,27996.470359037834,27284.938126889352
2025-06-06 12:00:00,13496.64506293353,28240.844413017552,27574.913052467975
2025-06-06 16:00:00,13496.64506293353,28590.215684106428,27962.125445536
2025-06-06 20:00:00,13496.64506293353,28357.61122968467,27658.558200253377
2025-06-07 00:00:00,13496.64506293353,28377.123986846545,27527.46280893009
2025-06-07 04:00:00,13496.64506293353,28522.695349800248,27746.18256088809
2025-06-07 08:00:00,13496.64506293353,28524.24398132103,28045.45718995764
2025-06-07 12:00:00,13496.64506293353,28596.10048388541,27979.936662734122
2025-06-07 16:00:00,13483.148417870598,28705.74359555692,28004.533119096828
2025-06-07 20:00:00,13490.817986678096,28754.680351613693,27971.97312472725
2025-06-08 00:00:00,13483.7794583421,28709.770037510956,27922.466277254476
2025-06-08 04:00:00,13480.964047007703,28691.805911869862,27866.48056445852
2025-06-08 08:00:00,13478.973842443731,28679.107133399433,27826.223725493604
2025-06-08 12:00:00,13490.672361953904,28753.751172701224,27884.4684963512
2025-06-08 16:00:00,13502.807755636655,28831.182748740426,28020.084650227698
2025-06-08 20:00:00,13500.894782805368,28905.2073354339,28427.014145800178
2025-06-09 00:00:00,13414.771821724557,28732.999510322716,28133.953549254154
2025-06-09 04:00:00,13375.994085447972,28691.18645926155,27991.276391467414
2025-06-09 08:00:00,13346.211896136942,28643.178882117245,27890.44655057934
2025-06-09 12:00:00,13566.382644034195,29249.31325935211,28633.03601832519
2025-06-09 16:00:00,13526.205008695908,29195.42088242883,28543.319537160896
2025-06-09 20:00:00,13663.22124434882,29448.46727292494,28752.954128464175
2025-06-10 00:00:00,14062.6567619977,29893.853698302424,29573.310445646755
2025-06-10 04:00:00,14018.54108884749,29774.2993448979,29382.82629155562
2025-06-10 08:00:00,13978.950101674138,29706.779010591716,29299.365181109762
2025-06-10 12:00:00,14180.653244204143,29692.5316006005,29590.52154313738
2025-06-10 16:00:00,14015.790955558388,29564.304910679584,29231.983858398038
2025-06-10 20:00:00,14261.993984622168,29682.00090625917,29864.422116368383
2025-06-11 00:00:00,14395.112359222854,29866.28805723247,30104.135915771047
2025-06-11 04:00:00,14400.393170406474,29764.078376860725,30231.317159998503
2025-06-11 08:00:00,14390.637359914774,29686.95652712568,30208.314834149485
2025-06-11 12:00:00,14257.968694678504,29593.72890957448,29891.175375615716
2025-06-11 16:00:00,14459.803937355653,29588.153836099656,30210.200829838926
2025-06-11 20:00:00,14199.145450480628,29331.08100364951,29606.327504338547
2025-06-12 00:00:00,14031.55341787727,29247.145175223013,29313.343446054554
2025-06-12 04:00:00,13967.098260974846,29015.160173409568,29112.16688145586
2025-06-12 08:00:00,13924.323320353835,28928.127081941504,28917.51547200592
2025-06-12 12:00:00,13878.949902031545,28579.065537156785,28591.766011701402
2025-06-12 16:00:00,13866.557162225457,28643.4886084214,28527.93970747706
2025-06-12 20:00:00,13811.414866926672,28594.551852364624,28285.256801616306
2025-06-13 00:00:00,13811.414866926672,28226.906729330498,27808.142201897404
2025-06-13 04:00:00,13811.414866926672,28028.681894670142,26949.300903436917
2025-06-13 08:00:00,13811.414866926672,28190.66875174415,27045.630004721454
2025-06-13 12:00:00,13811.414866926672,28303.718852761383,27191.28932250931
2025-06-13 16:00:00,13811.414866926672,28288.5422638577,27287.966541097463
2025-06-13 20:00:00,13811.414866926672,28212.96904564344,27052.612752488945
2025-06-14 00:00:00,13811.414866926672,28470.04187809359,27522.109206825535
2025-06-14 04:00:00,13811.414866926672,28247.03893910069,27236.981905974208
2025-06-14 08:00:00,13811.414866926672,28219.163571726578,27159.071595849986
2025-06-14 12:00:00,13811.414866926672,28211.420414122655,27125.223610708996
2025-06-14 16:00:00,13811.414866926672,28147.307069162198,26945.31230885019
2025-06-14 20:00:00,13811.414866926672,28096.202228976323,26816.850300318165
2025-06-15 00:00:00,13811.414866926672,28299.07295819903,27028.563534541456
2025-06-15 04:00:00,13811.414866926672,28322.921883619107,27142.667155203766
2025-06-15 08:00:00,13811.414866926672,28310.84255775699,27149.123172336305
2025-06-15 12:00:00,13811.414866926672,28168.987910453172,27123.661818532615
2025-06-15 16:00:00,13811.414866926672,28315.488452319343,27639.058609649444
2025-06-15 20:00:00,13811.414866926672,28239.915234105083,27741.73087516065
2025-06-16 00:00:00,13811.414866926672,28355.44314555557,27888.871632956994
2025-06-16 04:00:00,13797.603452059746,28466.634888747863,28220.58820790075
2025-06-16 08:00:00,13814.1287541867,28657.736018412612,28451.97670521007
2025-06-16 12:00:00,13785.561133003102,28611.58679909325,28352.03741201158
2025-06-16 16:00:00,13799.660924331412,28763.042961825926,28434.936963127162
2025-06-16 20:00:00,13953.359276506762,29132.856168989154,28738.026988914768
2025-06-17 00:00:00,13442.9951106421,28643.178882117245,27733.77109224062
2025-06-17 04:00:00,13473.98095632936,28835.828643302775,28125.411967884025
2025-06-17 08:00:00,13424.306809824324,28612.825704309875,27947.74537127118
2025-06-17 12:00:00,13424.306809824324,28296.595147765776,27582.557494681816
2025-06-17 16:00:00,13424.306809824324,28002.66488512097,27182.80779383215
2025-06-17 20:00:00,13424.306809824324,28241.15413932171,27505.444231672256
2025-06-18 00:00:00,13424.306809824324,28209.25232999356,27345.399660644936
2025-06-18 04:00:00,13424.306809824324,28335.001209481223,27461.795073131267
2025-06-18 08:00:00,13424.306809824324,28245.490307579905,27371.317625175085
2025-06-18 12:00:00,13424.306809824324,28230.623444980378,27208.94895436845
2025-06-18 16:00:00,13424.306809824324,28166.51010001992,27088.278188747474
2025-06-18 20:00:00,13424.306809824324,28025.58463162857,26989.590709393087
2025-06-19 00:00:00,13424.306809824324,28326.948325573143,27297.523982717903
2025-06-19 04:00:00,13424.306809824324,28391.37139683776,27347.28921993519
2025-06-19 08:00:00,13424.306809824324,28278.01156951637,27164.418366912752
2025-06-19 12:00:00,13424.306809824324,28274.604580170646,27161.207162182392
2025-06-19 16:00:00,13424.306809824324,28138.634732645805,26897.74312345991
2025-06-19 20:00:00,13424.306809824324,28086.600713547465,27070.77127887737
2025-06-20 00:00:00,13424.306809824324,28157.218310895216,27240.67878468449
2025-06-20 04:00:00,13424.306809824324,28098.680039409577,27026.690865865618
2025-06-20 08:00:00,13424.306809824324,28462.298720489667,27419.84752035016
2025-06-20 12:00:00,13424.306809824324,28495.43943503445,27496.26836724656
2025-06-20 16:00:00,13424.306809824324,28026.204084236888,26737.432690095455
2025-06-20 20:00:00,13424.306809824324,27797.935798073322,26266.78933423421
2025-06-21 00:00:00,13424.306809824324,27785.54674590705,26255.018980332425
2025-06-21 04:00:00,13424.306809824324,27837.58076500539,26395.308804556767
2025-06-21 08:00:00,13424.306809824324,27835.102954572136,26378.026497299983
2025-06-21 12:00:00,13424.306809824324,27945.36551885196,26574.223095532172
2025-06-21 16:00:00,13424.306809824324,27858.022701079743,26338.75553879189
2025-06-21 20:00:00,13424.306809824324,27497.191556737063,25877.412677271706
2025-06-22 00:00:00,13424.306809824324,27482.324694137536,25584.080626930125
2025-06-22 04:00:00,13424.306809824324,27550.154754747877,25518.418214355697
2025-06-22 08:00:00,13424.306809824324,27565.021617347404,25504.66233471039
2025-06-22 12:00:00,13424.306809824324,27620.152899487315,25352.52618795266
2025-06-22 16:00:00,13424.306809824324,26562.437570791823,24390.27853745062
2025-06-22 20:00:00,13424.306809824324,26596.81719055323,24493.823700012734
2025-06-23 00:00:00,13424.306809824324,27194.279231271707,25019.998356253574
2025-06-23 04:00:00,13424.306809824324,27265.51628122777,25182.87617853303
2025-06-23 08:00:00,13424.306809824324,27470.24536827542,25437.070713890032
2025-06-23 12:00:00,13424.306809824324,27343.567309875285,25389.231672370974
2025-06-23 16:00:00,13424.306809824324,27250.649418628243,25207.991509317704
2025-06-23 20:00:00,13424.306809824324,27627.896057091235,25989.951290993962
2025-06-24 00:00:00,13397.458196204676,28160.315573936783,26731.04636158838
2025-06-24 04:00:00,13333.588823117047,28029.301347278455,26532.39576507687
2025-06-24 08:00:00,13368.258780815122,28064.61014595233,26630.729994723457
2025-06-24 12:00:00,13381.763360046687,28084.12290311421,26686.80389710104
2025-06-24 16:00:00,13380.78427303131,28100.53839723452,26722.185473269692
2025-06-24 20:00:00,13364.394391669739,28184.78395196517,26647.405818763436
2025-06-25 00:00:00,13444.743193792816,28322.61215731495,26937.86756786894
2025-06-25 04:00:00,13437.556551597037,28367.832197721844,26919.84858532884
2025-06-25 08:00:00,13511.520585343544,28482.121203955703,27124.219852695922
2025-06-25 12:00:00,13478.249969400462,28637.294082338263,27069.838060455597
2025-06-25 16:00:00,13330.23623249871,28547.163727828633,26731.842075091015
2025-06-25 20:00:00,13393.537267131464,28642.869155813085,26838.447917407884
2025-06-26 00:00:00,13290.697497927971,28477.475309393354,26621.191930340035
2025-06-26 04:00:00,13501.971951522568,28595.790757581253,26969.816547278322
2025-06-26 08:00:00,13456.61323470735,28535.703854574833,26850.847962079737
2025-06-26 12:00:00,13328.515318860746,28432.874721594773,26632.312923982365
2025-06-26 16:00:00,13257.303140943153,28374.95590271745,26502.121779382403
2025-06-26 20:00:00,13255.812166561525,28464.15707831461,26466.05268540563
2025-06-27 00:00:00,13102.127429384978,28341.505461868514,26116.155417879832
2025-06-27 04:00:00,13179.706928688185,28476.54613048088,26416.32566059869
2025-06-27 08:00:00,13106.457582779465,28271.817043433235,26229.306089014128
2025-06-27 12:00:00,13106.457582779465,28306.196663194638,26415.674437764894
2025-06-27 16:00:00,13106.457582779465,28377.74343945486,26556.363764589914
2025-06-27 20:00:00,13106.457582779465,28286.68390603276,26346.122786026048
2025-06-28 00:00:00,13106.457582779465,28327.877504485616,26392.1338858113
2025-06-28 04:00:00,13106.457582779465,28399.11455444168,26539.79750001656
2025-06-28 08:00:00,13106.457582779465,28439.378973982064,26882.995035688975
2025-06-28 12:00:00,13106.457582779465,28412.123059216265,26904.793967662044
2025-06-28 16:00:00,13106.457582779465,28430.087184857362,27023.065969398784
2025-06-28 20:00:00,13093.351125196685,28357.61122968467,27236.869185939795
2025-06-29 00:00:00,13093.351125196685,28385.796323362938,27251.786588790346
2025-06-29 04:00:00,13060.084281293231,28361.637671638706,27120.49393980008
2025-06-29 08:00:00,13080.79119433518,28411.503606607952,27223.227296072357
2025-06-29 12:00:00,13105.352515932784,28687.469743611666,27467.466719826967
2025-06-29 16:00:00,13054.63936839368,28497.297792859386,27300.856242793467
2025-06-29 20:00:00,13036.483913523469,28398.804828137523,27300.39666148409
2025-06-30 00:00:00,13082.453984797314,28634.81627190501,27658.18232529772
2025-06-30 04:00:00,13030.904969257006,28705.43386925276,27548.85448589306
2025-06-30 08:00:00,12903.556985470943,28437.210889852966,27304.80672136992
2025-06-30 12:00:00,12844.1444864908,28458.27227853563,27256.893800898193
2025-06-30 16:00:00,13043.745549911528,28318.275989056754,27884.660758442813
2025-06-30 20:00:00,13023.24120542988,28336.85956730616,27915.601834598696
2025-07-01 00:00:00,12883.052157599152,28160.935026545096,27532.25937142114
2025-07-01 04:00:00,12850.93974461014,28173.32407871137,27430.280401834883
2025-07-01 08:00:00,12685.319408955058,28183.8547730527,27055.774308789252
2025-07-01 12:00:00,12685.319408955058,27961.471286668115,26794.52251150746
2025-07-01 16:00:00,12685.319408955058,27886.20779475801,26640.5827499386
2025-07-01 20:00:00,12685.319408955058,27701.92064378471,26373.341749424784
2025-07-02 00:00:00,12685.319408955058,27739.70725289184,26482.803930315647
2025-07-02 04:00:00,12685.319408955058,27894.260678666087,26785.105853336172
2025-07-02 08:00:00,12685.319408955058,28188.50066761505,26962.735800866078
2025-07-02 12:00:00,12685.319408955058,28345.84163012671,26996.223711586237
2025-07-02 16:00:00,12685.319408955058,28588.047599977333,27354.926986495906
2025-07-02 20:00:00,12659.948770137147,28795.56422376239,27687.338672293743
2025-07-03 00:00:00,12575.615614077893,28578.75581085263,27524.497169468275
2025-07-03 04:00:00,12557.44796033527,28543.75673848291,27622.705284565105
2025-07-03 08:00:00,12641.442953723586,28699.549069473782,27913.200401989263
2025-07-03 12:00:00,12655.54325416505,28813.838075707645,27862.2982449972
2025-07-03 16:00:00,12616.689351415398,28765.830498563337,27443.640164335084
2025-07-03 20:00:00,12677.975190810574,28965.29423844032,27714.565314613017
2025-07-04 00:00:00,12661.58940983298,28861.535926547793,27694.81243541647
2025-07-04 04:00:00,12627.255923557457,28762.113782913457,27587.93618656603
2025-07-04 08:00:00,12533.457872646171,28616.54241995976,27337.751531955655
2025-07-04 12:00:00,12566.730559140067,28680.036312311902,27369.621823086447
2025-07-04 16:00:00,12421.220222103935,28308.98419993205,26827.3261499916
2025-07-04 20:00:00,12377.863482543622,28285.75472712029,26808.517298936553
2025-07-05 00:00:00,12377.863482543622,28427.919100728264,26980.157300046973
2025-07-05 04:00:00,12377.863482543622,28472.519688526845,27018.73765102482
2025-07-05 08:00:00,12377.863482543622,28443.095689631948,27018.329442559458
2025-07-05 12:00:00,12377.863482543622,28459.820910056413,27063.940967823633
2025-07-05 16:00:00,12377.863482543622,28457.65282592732,26948.837821440247
2025-07-05 20:00:00,12377.863482543622,28474.068320047627,26922.006233703352
2025-07-06 00:00:00,12377.863482543622,28488.625456342997,27011.076605860708
2025-07-06 04:00:00,12377.863482543622,28449.290215715082,26952.384229166335
2025-07-06 08:00:00,12377.863482543622,28441.547058111162,27020.496383043945
2025-07-06 12:00:00,12377.863482543622,28442.476237023635,27027.34401727435
2025-07-06 16:00:00,12377.863482543622,28663.001365583277,27492.683837812318
2025-07-06 20:00:00,12377.863482543622,28560.791685211534,27408.88736852075
2025-07-07 00:00:00,12377.863482543622,28719.06182663566,27549.601807216226
2025-07-07 04:00:00,12377.863482543622,28798.66148680396,27608.36960235935
2025-07-07 08:00:00,12365.485619061079,28760.87487769683,27671.4944914832
2025-07-07 12:00:00,12385.205722255592,28696.451806432215,27705.860022039815
2025-07-07 16:00:00,12335.269331908195,28597.02966279788,27456.15551554258
2025-07-07 20:00:00,12271.927088182694,28570.083474336236,27281.482611333173
2025-07-08 00:00:00,12271.927088182694,28568.225116511298,27233.366481742523
2025-07-08 04:00:00,12271.927088182694,28451.768026148337,27156.383434186944
2025-07-08 08:00:00,12271.927088182694,28582.16280019835,27304.197034989666
2025-07-08 12:00:00,12259.655161094512,28742.601025751577,27600.727525257487
2025-07-08 16:00:00,12248.49023629973,28656.497113195986,27447.591331237316
2025-07-08 20:00:00,12313.991128429108,28738.884310101697,27674.86653782201
2025-07-09 00:00:00,12321.248329545717,28788.440518766787,27693.030226126364
2025-07-09 04:00:00,12290.172622200243,28680.65576492022,27639.769468548075
2025-07-09 08:00:00,12329.561536975642,28767.998582692435,27860.40208811596
2025-07-09 12:00:00,12352.410223030001,28900.56144087155,28007.338756759662
2025-07-09 16:00:00,12387.38487274841,28854.721947856342,28026.2749672193
2025-07-09 20:00:00,12728.247035436427,29523.111312226727,28685.303328211943
2025-07-10 00:00:00,12699.960675280978,29357.717465806996,28600.79849802264
2025-07-10 04:00:00,12711.763177802703,29319.31140409155,28621.471502504573
2025-07-10 08:00:00,12759.25776568931,29365.150897106756,28713.754965576038
2025-07-10 12:00:00,12749.306557094884,29378.778854489658,28707.387994227516
2025-07-10 16:00:00,12747.729713977707,29537.668448522098,28686.028142556184
2025-07-10 20:00:00,12950.52811464503,30000.08982062821,29151.86086528146
2025-07-11 00:00:00,13353.65293128912,30600.958850692412,29948.95113904043
2025-07-11 04:00:00,13480.13471928741,30940.109153744113,30216.888064850402
2025-07-11 08:00:00,13419.607523854995,31015.992098262534,30026.17915949499
2025-07-11 12:00:00,13477.550552850826,31115.10451559271,30146.52227843797
2025-07-11 16:00:00,13355.983692518785,30899.225281595416,29886.898943729902
2025-07-11 20:00:00,13558.480717897659,31217.314195964456,30305.948522794533
2025-07-12 00:00:00,13370.002748552666,30978.824941763716,29927.949824460793
2025-07-12 04:00:00,13407.88262725343,31046.964728678213,30015.156611951425
2025-07-12 08:00:00,13387.13238621996,31012.894835220966,29967.867574621174
2025-07-12 12:00:00,13350.503819716114,31056.256517802918,29830.00020096704
2025-07-12 16:00:00,13121.619008216083,30801.351769481866,29320.875281660356
2025-07-12 20:00:00,13179.645955252443,30938.56052222333,29650.93951608034
2025-07-13 00:00:00,13190.53840612833,30937.94106961502,29667.932131138998
2025-07-13 04:00:00,13213.406219938912,31000.505783054694,29737.97398989783
2025-07-13 08:00:00,13247.07990169166,31096.520937343303,29947.23072871117
2025-07-13 12:00:00,13242.427849693835,31096.520937343303,29871.14941391151
2025-07-13 16:00:00,13294.523657357971,31192.53609163191,29916.81180315331
2025-07-13 20:00:00,13311.071090784062,31297.843035045225,30013.230195477365
2025-07-14 00:00:00,13326.435061984088,31496.06786970558,29993.373350865953
2025-07-14 04:00:00,13458.905787503063,31839.864067319635,30735.86858665412
2025-07-14 08:00:00,13473.613900259032,32186.75752797526,30763.336339451038
2025-07-14 12:00:00,13534.007956196248,32127.909530185465,30853.611481931428
2025-07-14 16:00:00,13367.436975275963,31759.335228238866,30458.645171778306
2025-07-14 20:00:00,13358.450002224803,31787.210595612978,30470.17028456454
2025-07-15 00:00:00,13332.179417402516,31781.016069529844,30315.94024433034
2025-07-15 04:00:00,13009.438963346423,31050.06199171978,29665.78456659486
2025-07-15 08:00:00,13009.438963346423,30923.074207015492,29699.150499305513
2025-07-15 12:00:00,13009.438963346423,31074.840096052325,29828.02853623152
2025-07-15 16:00:00,12996.429524383077,31019.0893613041,30033.05847959489
2025-07-15 20:00:00,13003.89106166179,31068.64556996919,30056.677407905183
2025-07-16 00:00:00,13141.680783408701,31406.247241500107,30654.24917559037
2025-07-16 04:00:00,13107.855147745198,31322.62113937777,30449.912743469293
2025-07-16 08:00:00,13172.024368342136,31502.26239578872,30703.856972194888
2025-07-16 12:00:00,13149.576160828896,31700.487230449075,31044.007492380522
2025-07-16 16:00:00,13307.818429585252,31712.876282615347,31297.424702602533
2025-07-16 20:00:00,13651.576169703447,31731.459860864754,32037.275028246644
2025-07-17 00:00:00,13627.551643751962,31579.69397182792,31942.075979837136
2025-07-17 04:00:00,13463.766090014291,31480.58155449774,31450.36690116013
2025-07-17 08:00:00,13780.986464449692,31613.763865285167,32166.357997648232
2025-07-17 12:00:00,13832.521727878233,31564.207656620078,32374.54658159068
2025-07-17 16:00:00,13740.50214147288,31753.14070215573,32175.129696785956
2025-07-17 20:00:00,13694.679818621982,31765.529754322004,32052.841312223944
2025-07-18 00:00:00,13845.04755155473,31784.11333257141,32382.808477214166
2025-07-18 04:00:00,14117.589437672978,32025.699849813718,33060.20675738915
2025-07-18 08:00:00,14099.91753444518,31768.62701736357,33006.02946591497
2025-07-18 12:00:00,14032.219590183126,31712.876282615347,32748.537327121845
2025-07-18 16:00:00,13862.659355954314,31350.496506751882,32416.074944796594
2025-07-18 20:00:00,13862.196134320271,31276.162193754248,32410.932370647373
2025-07-19 00:00:00,13858.957975632602,31418.63629366638,32468.72660792034
2025-07-19 04:00:00,13933.747164811572,31527.040500121264,32596.941495499283
2025-07-19 08:00:00,13890.165932635868,31486.776080580876,32509.425311111503
2025-07-19 12:00:00,13852.728295768793,31520.845974038126,32457.5523858542
2025-07-19 16:00:00,13867.20470669062,31440.317134957357,32490.49302209671
2025-07-19 20:00:00,13897.15624382823,31431.02534583265,32496.65700597241
2025-07-20 00:00:00,13919.73287733613,31403.14997845854,32508.012002320873
2025-07-20 04:00:00,14040.005310128468,31412.441767583245,32692.47824273847
2025-07-20 08:00:00,14050.4776720509,31431.02534583265,32707.801464906603
2025-07-20 12:00:00,14232.123437637474,31375.274611084427,33023.514028852864
2025-07-20 16:00:00,14314.868305350767,31582.791234869488,33287.6993075888
2025-07-20 20:00:00,14262.061479384494,31424.830819749517,33187.30586363984
2025-07-21 00:00:00,14260.823813892595,31217.314195964456,33071.78420966082
2025-07-21 04:00:00,14409.211772423518,31539.429552287533,33717.70167866576
2025-07-21 08:00:00,14515.62968964783,31737.654386947892,34092.4962612414
2025-07-21 12:00:00,14564.64630526807,31335.010191544043,34081.047092180685
2025-07-21 16:00:00,14679.533345749896,31313.329350253065,34527.786945948596
2025-07-21 20:00:00,14528.736605367645,30941.6577852649,34119.868191884685
2025-07-22 00:00:00,14595.032425977057,31096.520937343303,34314.879784386634
2025-07-22 04:00:00,14664.714878166276,31068.64556996919,34688.097910696655
2025-07-22 08:00:00,14522.66837690253,31276.162193754248,34495.62427420753
2025-07-22 12:00:00,14565.731771604413,31539.429552287533,34776.54507184986
2025-07-22 16:00:00,14592.608216524735,31359.788295876588,34813.32819030768
2025-07-22 20:00:00,14516.865508112915,31440.317134957357,34492.79489760783
2025-07-23 00:00:00,14694.92195571006,31654.028284825552,35330.96908314454
2025-07-23 04:00:00,14587.721590175584,31310.232087211498,34797.07798056008
2025-07-23 08:00:00,14533.663286188117,31220.411459006024,34490.00576738292
2025-07-23 12:00:00,14486.629507577549,31313.329350253065,34353.55281010158
2025-07-23 16:00:00,14354.385182003683,31282.356719837386,33809.73707909867
2025-07-23 20:00:00,14212.687677757387,31155.368935133094,33210.94981811557
2025-07-24 00:00:00,14212.687677757387,31254.481352463274,33411.92469999006
2025-07-24 04:00:00,14212.687677757387,31183.244302507206,33459.75007133879
2025-07-24 08:00:00,14212.687677757387,31189.438828590344,32869.48907078503
2025-07-24 12:00:00,14212.687677757387,31248.286826380136,33197.90850854593
2025-07-24 16:00:00,14212.687677757387,31369.080085001293,33540.75316654814
2025-07-24 20:00:00,14212.687677757387,31350.496506751882,33498.69250970331
2025-07-25 00:00:00,14212.687677757387,31173.952513382505,32908.87664758938
2025-07-25 04:00:00,14212.687677757387,30448.573509047263,32046.45282285066
2025-07-25 08:00:00,14212.687677757387,30403.35346864037,32043.70571346601
2025-07-25 12:00:00,14212.687677757387,30801.97122209018,32710.2853142523
2025-07-25 16:00:00,14212.687677757387,30569.36676766842,32212.09368729017
2025-07-25 20:00:00,14212.687677757387,30775.02503362854,32635.96481502641
2025-07-26 00:00:00,14212.687677757387,31012.894835220966,33263.79755856837
2025-07-26 04:00:00,14212.687677757387,30981.922204805283,33193.665390815295
2025-07-26 08:00:00,14212.687677757387,30943.825869393997,33243.49962135518
2025-07-26 12:00:00,14212.687677757387,31071.742833010758,33410.822787739104
2025-07-26 16:00:00,14212.687677757387,31158.466198174665,33434.34332394204
2025-07-26 20:00:00,14198.47499007963,31177.04977642407,33322.6374433069
2025-07-27 00:00:00,14188.091453879879,31096.520937343303,33140.47622641905
2025-07-27 04:00:00,14228.290572596059,31170.855250340937,33435.694925566226
2025-07-27 08:00:00,14220.725424793383,31149.17440904996,33413.65827251097
2025-07-27 12:00:00,14279.021563743418,31133.68809384212,33453.597457704134
2025-07-27 16:00:00,14285.103349231844,31266.870404629546,33446.9766416778
2025-07-27 20:00:00,14291.18513472027,31338.10745458561,33506.496949127904
2025-07-28 00:00:00,14318.810050206306,31461.997976248334,33730.135546753176
2025-07-28 04:00:00,14450.158324558608,31427.928082791084,34216.296129882896
2025-07-28 08:00:00,14516.83383542811,31517.74871099656,34319.11155072784
2025-07-28 12:00:00,14532.363878257958,31588.985760952623,34365.10707119796
2025-07-28 16:00:00,14343.325614921308,31530.13776316283,33860.0191804178
2025-07-28 20:00:00,14299.088033418531,31545.62407837067,33692.77466012575
2025-07-29 00:00:00,14220.472479433032,31530.13776316283,33465.86033716741
2025-07-29 04:00:00,14249.18756987097,31734.55712390632,33671.71393702974
2025-07-29 08:00:00,14387.299081039455,31855.350382527475,34053.78004917271
2025-07-29 12:00:00,14320.168006553256,31818.18322602866,33695.25435171067
2025-07-29 16:00:00,14185.46571969561,31527.040500121264,33331.940783633174
2025-07-29 20:00:00,14182.679950473204,31508.456921871853,33314.24997456645
2025-07-30 00:00:00,14198.930270937239,31616.861128326735,33425.26747528874
2025-07-30 04:00:00,14204.037514511649,31650.931021783985,33471.96814104012
2025-07-30 08:00:00,14204.50180938205,31654.028284825552,33378.43437281221
2025-07-30 12:00:00,14191.501553010823,31567.30491966165,32989.14251733256
2025-07-30 16:00:00,14234.216681087712,31852.253119485908,33449.894857479245
2025-07-30 20:00:00,14210.537642697262,31694.292704365937,33132.976097172665
2025-07-31 00:00:00,14244.431168236533,31920.392906400404,33426.324092947165
2025-07-31 04:00:00,14257.088910449069,32100.034162811353,33819.58090528691
2025-07-31 08:00:00,14243.987405426235,32078.353321520375,33848.6489660793
2025-07-31 12:00:00,14203.008536005671,32004.019008522744,33739.69990597324
2025-07-31 16:00:00,14142.73911593932,32047.380691104696,33395.16710888629
2025-07-31 20:00:00,14074.1674065298,31685.000915241235,33031.41513134772
2025-08-01 00:00:00,14074.1674065298,31396.955452375405,32570.39404920511
2025-08-01 04:00:00,14074.1674065298,31375.274611084427,32473.761538981667
2025-08-01 08:00:00,14074.1674065298,31208.02240683975,32160.24323556015
2025-08-01 12:00:00,14074.1674065298,31307.13482416993,32191.071759353756
2025-08-01 16:00:00,14074.1674065298,30925.552017448746,31692.181009834367
2025-08-01 20:00:00,14074.1674065298,30336.142860638345,31123.117724232645
2025-08-02 00:00:00,14074.1674065298,30304.55077761435,30707.250892559714
2025-08-02 04:00:00,14074.1674065298,30473.661339683964,30967.604208560042
2025-08-02 08:00:00,14074.1674065298,30517.02302226592,30994.299683160505
2025-08-02 12:00:00,14074.1674065298,30465.29872947173,30961.956500987384
2025-08-02 16:00:00,14074.1674065298,30205.128633980014,30506.41863245098
2025-08-02 20:00:00,14074.1674065298,30031.06245104389,29953.324350135917
2025-08-03 00:00:00,14074.1674065298,30114.37882686207,30087.63229377323
2025-08-03 04:00:00,14074.1674065298,30390.9644164741,30488.813085866364
2025-08-03 08:00:00,14074.1674065298,30446.715151222324,30589.878198795075
2025-08-03 12:00:00,14074.1674065298,30520.120285307486,30689.92760186497
2025-08-03 16:00:00,14074.1674065298,30532.819063777915,30728.765258614556
2025-08-03 20:00:00,14074.1674065298,30625.4272287208,30738.93739902741
2025-08-04 00:00:00,14074.1674065298,30557.906894414617,30732.43630783878
2025-08-04 04:00:00,14074.1674065298,30666.00137456534,30983.809524803124
2025-08-04 08:00:00,14074.1674065298,30724.22991974682,31001.01009121383
2025-08-04 12:00:00,14074.1674065298,30664.762469348716,30906.25523628458
2025-08-04 16:00:00,14074.1674065298,30762.01652885395,31373.531305320786
2025-08-04 20:00:00,14074.1674065298,30731.973077350744,31380.55642629663
2025-08-05 00:00:00,14046.019071716739,30777.193117757637,31826.97814168413
2025-08-05 04:00:00,13933.151262771376,30628.834218066524,31567.323127452775
2025-08-05 08:00:00,13847.01152344183,30574.632114839085,31356.227580089937
2025-08-05 12:00:00,14047.513253710928,30827.36877903104,31999.365852752704
2025-08-05 16:00:00,13565.91604484517,30221.23440179617,30882.80211172143
2025-08-05 20:00:00,13572.778002625924,30429.6802044937,30868.40171065434
2025-08-06 00:00:00,13619.935712480892,30542.11085290262,31063.920202975925
2025-08-06 04:00:00,13584.019933458221,30356.275070408537,30765.91159565061
2025-08-06 08:00:00,13654.099502282945,30556.048536589675,31140.42834128678
2025-08-06 12:00:00,13619.789713379174,30500.29780184145,31049.824737242452
2025-08-06 16:00:00,13659.793467249952,30705.95606780157,31569.63334261468
2025-08-06 20:00:00,13679.357346880188,30636.577375670444,31532.708661235883
2025-08-07 00:00:00,13676.145366642388,30551.712368331482,31418.66812440903
2025-08-07 04:00:00,13644.02556426439,30427.202394060445,31212.83200227668
2025-08-07 08:00:00,13692.205267831385,30439.591446226717,31554.195405410203
2025-08-07 12:00:00,13837.517691288245,30997.408520013123,32261.234695583495
2025-08-07 16:00:00,13801.192348268414,31065.548306927623,32073.487203317713
2025-08-07 20:00:00,13889.60281497236,31235.897774213863,32279.612149641092
2025-08-08 00:00:00,14004.127322437358,31167.757987299367,32605.35950672145
2025-08-08 04:00:00,14011.286662970202,31019.0893613041,32553.43143014583
2025-08-08 08:00:00,14049.705282626954,31034.57567651194,32766.125274927177
2025-08-08 12:00:00,14092.217287890438,31112.007252551142,32881.56456466019
2025-08-08 16:00:00,14022.757710110107,30867.323472267264,32578.268612069143
2025-08-08 20:00:00,14267.572305928668,30971.081784159796,33101.38474843148
2025-08-09 00:00:00,14164.415374242966,31015.992098262534,32879.641140655374
2025-08-09 04:00:00,14210.950318428537,30944.44532200231,32928.531451036586
2025-08-09 08:00:00,14451.526980214207,31006.70030913783,33434.183302543366
2025-08-09 12:00:00,14481.242766502224,31074.840096052325,33473.48548612618
2025-08-09 16:00:00,14451.12956533529,30954.356563735328,33353.49898138038
2025-08-09 20:00:00,14560.856650875081,30882.809787475107,33602.40948765002
2025-08-10 00:00:00,14507.055249372559,30861.438672488286,33396.00745937933
2025-08-10 04:00:00,14664.066793755368,31356.69103283502,33956.92317464926
2025-08-10 08:00:00,14398.952654438748,31146.077146008392,33227.82620493183
2025-08-10 12:00:00,14436.593661520747,31266.870404629546,33358.3975546632
2025-08-10 16:00:00,14546.598200007124,31400.052715416972,33610.0664034729
2025-08-10 20:00:00,14632.91952668073,31406.247241500107,33809.82575489483
2025-08-11 00:00:00,14696.788019784517,31666.417336991824,33950.13130903028
2025-08-11 04:00:00,14880.515379874607,32199.146580141532,34370.86954959128
2025-08-11 08:00:00,14811.998159680945,32233.21647359878,34185.4539886162
2025-08-11 12:00:00,14589.307579254804,32069.061532395674,33700.383604801
2025-08-11 16:00:00,14784.813893200242,32072.15879543724,34070.012010284
2025-08-11 20:00:00,14651.638546612494,31765.529754322004,33526.15537170341
2025-08-12 00:00:00,14587.004271165797,31641.63923265928,33240.658506062646
2025-08-12 04:00:00,14668.487971760544,31678.806389158097,33398.37167259464
2025-08-12 08:00:00,14712.011905908566,31715.973545656914,33490.26449455817
2025-08-12 12:00:00,14671.0186532866,31623.055654409873,33385.670499074076
2025-08-12 16:00:00,14898.460814076261,31818.18322602866,34191.015762457144
2025-08-12 20:00:00,14923.546104488007,31731.459860864754,35089.23966683075
2025-08-13 00:00:00,15044.494831215428,31827.475015153363,35294.1824031531
2025-08-13 04:00:00,15224.631662576241,31635.444706576145,35861.4963957561
2025-08-13 08:00:00,15200.219128685425,31613.763865285167,35873.90840365199
2025-08-13 12:00:00,15368.680753744162,31858.447645569046,36256.293349495696
2025-08-13 16:00:00,15272.266248507916,31951.365536816087,35938.195182542724
2025-08-13 20:00:00,15554.047998072363,32437.635834342273,36652.661041926185
2025-08-14 00:00:00,15513.966575563107,32456.21941259168,36514.289995447194
2025-08-14 04:00:00,15736.657078829197,32555.33182992186,37249.235737742
2025-08-14 08:00:00,15647.120952985691,32254.897314889757,37004.61597726372
2025-08-14 12:00:00,15514.200201557014,32062.867006312536,36686.68878165425
2025-08-14 16:00:00,15222.816469033833,31452.70618712363,35616.1619762405
2025-08-14 20:00:00,15065.453443603446,31378.371874125995,35268.92223939567
2025-08-15 00:00:00,15069.742837525982,31471.289765373036,35281.58872761786
2025-08-15 04:00:00,15236.78202803017,31635.444706576145,35697.90290238694
2025-08-15 08:00:00,15269.163437386995,31561.11039357851,35811.35728235541
2025-08-15 12:00:00,15193.641974710708,31567.30491966165,35536.801086139465
2025-08-15 16:00:00,14676.891470873616,31056.256517802918,34208.03410865678
2025-08-15 20:00:00,14676.891470873616,30985.01946784685,33966.68985928644
2025-08-16 00:00:00,14676.891470873616,31096.520937343303,34269.49273657701
2025-08-16 04:00:00,14676.891470873616,31121.299041675848,34414.47390014327
2025-08-16 08:00:00,14676.891470873616,31170.855250340937,34641.60689197005
2025-08-16 12:00:00,14676.891470873616,31124.396304717415,34227.84444351959
2025-08-16 16:00:00,14676.891470873616,31195.63335467348,34555.2615952443
2025-08-16 20:00:00,14676.891470873616,31208.02240683975,34588.964509799924
2025-08-17 00:00:00,14676.891470873616,31118.20177863428,34642.206663488745
2025-08-17 04:00:00,14676.891470873616,31139.882619925254,35044.126081974784
2025-08-17 08:00:00,14676.891470873616,31276.162193754248,34970.28091147194
2025-08-17 12:00:00,14676.891470873616,31365.982821959722,35283.36808021023
2025-08-17 16:00:00,14676.891470873616,31347.399243710315,35464.18677818633
2025-08-17 20:00:00,14676.891470873616,31115.10451559271,34806.99420988647
2025-08-18 00:00:00,14676.891470873616,31084.13188517703,34785.57736267787
2025-08-18 04:00:00,14676.891470873616,30559.145799631246,33632.00097275868
2025-08-18 08:00:00,14676.891470873616,30569.36676766842,33386.38639380476
2025-08-18 12:00:00,14676.891470873616,30516.403569657607,33476.86658349873
2025-08-18 16:00:00,14676.891470873616,30864.535935529853,33883.36267654634
2025-08-18 20:00:00,14676.891470873616,30909.44624963259,33898.67015174466
2025-08-19 00:00:00,14676.891470873616,30875.6860824795,33806.47200427647
2025-08-19 04:00:00,14676.891470873616,30525.695358782308,33173.79566521297
2025-08-19 08:00:00,14676.891470873616,30505.25342270796,33282.10657941573
2025-08-19 12:00:00,14676.891470873616,30634.40929154135,33653.52780414879
2025-08-19 16:00:00,14676.891470873616,30233.313727658286,32952.71522931858
2025-08-19 20:00:00,14676.891470873616,30077.521396667413,32737.31112160643
2025-08-20 00:00:00,14676.891470873616,30036.637524518712,32606.493004142867
2025-08-20 04:00:00,14676.891470873616,30232.074822441657,33189.841245467316
2025-08-20 08:00:00,14676.891470873616,30186.23532942645,33208.97799458014
2025-08-20 12:00:00,14676.891470873616,30239.817980045576,33225.07890059755
2025-08-20 16:00:00,14676.891470873616,30150.61680444842,33540.601403831926
2025-08-20 20:00:00,14676.891470873616,30372.071111920533,34151.69009047942
2025-08-21 00:00:00,14676.891470873616,30386.00879560759,34173.199426210565
2025-08-21 04:00:00,14676.891470873616,30303.931325006037,34167.98278687667
2025-08-21 08:00:00,14676.891470873616,30267.073894811376,33996.1151662215
2025-08-21 12:00:00,14676.891470873616,30094.556343396034,33646.66246880178
2025-08-21 16:00:00,14676.891470873616,30093.93689078772,33436.45105077499
2025-08-21 20:00:00,14676.891470873616,29931.330581105398,33211.58049330393
2025-08-22 00:00:00,14676.891470873616,30000.399546932367,33236.15949597247
2025-08-22 04:00:00,14676.891470873616,30167.9614774812,33557.44523015109
2025-08-22 08:00:00,14662.214579402742,30199.86328680935,33837.39005586941
2025-08-22 12:00:00,14597.721513617864,29980.886789770488,33248.312856859164
2025-08-22 16:00:00,14906.30152217692,30775.64448623685,35092.05883176069
2025-08-22 20:00:00,15276.054440270334,30799.183685352767,35884.880384110904
2025-08-23 00:00:00,15256.057203598057,30735.99951930478,35897.343626707865
2025-08-23 04:00:00,14984.036070258442,30379.19481691614,35350.61239320428
2025-08-23 08:00:00,15180.199141667224,30429.060751885387,36043.266385767
2025-08-23 12:00:00,15074.149653011209,30328.399703034425,35727.838675625055
2025-08-23 16:00:00,15133.331689426948,30183.757518993196,35783.29255598582
2025-08-23 20:00:00,15182.808637386875,30257.162653078358,35973.8772277212
2025-08-24 00:00:00,15203.945999944179,30328.70942933858,36020.85212614311
2025-08-24 04:00:00,15345.658253316764,30255.614021557576,36495.242942060184
2025-08-24 08:00:00,15246.209673295762,30211.013433758995,36194.651576346136
2025-08-24 12:00:00,15198.437219731946,30201.72164463429,36021.31216758148
2025-08-24 16:00:00,15281.375422773945,30104.157858824896,36161.979591619296
2025-08-24 20:00:00,15292.126109031928,29696.867768858698,36011.35777231547
2025-08-25 00:00:00,15317.647092899722,29996.682831282484,36255.52689712861
2025-08-25 04:00:00,15345.258658385017,29885.49108809019,36467.13907336704
2025-08-25 08:00:00,14960.3726828771,29519.394596576847,35268.71083225359
2025-08-25 12:00:00,14913.422110426342,29429.264242067216,35030.0328791182
2025-08-25 16:00:00,14932.201607875108,29777.08688163531,35141.551580662715
2025-08-25 20:00:00,14607.300996687172,29535.190638088843,34429.7476475057
2025-08-26 00:00:00,14607.300996687172,29369.79679166911,33911.00904668181
2025-08-26 04:00:00,14607.300996687172,29286.48041585093,33876.267567747986
2025-08-26 08:00:00,14607.300996687172,29407.273674472082,34153.02421091001
2025-08-26 12:00:00,14607.300996687172,29209.66829242004,33915.607735322425
2025-08-26 16:00:00,14607.300996687172,29147.72303158868,34306.75595425596
2025-08-26 20:00:00,14607.300996687172,29577.623141758326,35200.289179842206
2025-08-27 00:00:00,14607.300996687172,29751.99905099861,35130.86670876584
2025-08-27 04:00:00,14607.300996687172,29687.266253429836,35734.714131119224
2025-08-27 08:00:00,14607.300996687172,29563.995184375428,35745.99245739148
2025-08-27 12:00:00,14607.300996687172,29759.432482298373,36146.86210980068
2025-08-27 16:00:00,14592.693695690486,29894.782877214897,36566.83616686111
2025-08-27 20:00:00,14527.714598730134,29839.96132137914,36136.36117358926
2025-08-28 00:00:00,14446.761473767026,29586.605204578875,35629.69288696519
2025-08-28 04:00:00,14563.994594532996,29795.670459884717,36236.34403128592
2025-08-28 08:00:00,14666.005536601473,30094.86606970019,36898.08064727562
2025-08-28 12:00:00,14640.268632047626,29989.868852591037,36812.33946276981
2025-08-28 16:00:00,14580.618423285812,29912.74700285599,36466.49366489954
2025-08-28 20:00:00,14503.443748229804,29661.249243880666,36134.43098911402
2025-08-29 00:00:00,14632.515299343077,29848.943384199687,36705.72954271425
2025-08-29 04:00:00,14687.45009884364,29673.948022351095,36976.72655920096
2025-08-29 08:00:00,14390.180687024294,29190.46526156232,35812.79092673077
2025-08-29 12:00:00,14366.896510613502,29249.31325935211,35695.39651006472
2025-08-29 16:00:00,14284.048161989052,28724.94662641464,35120.48001502371
2025-08-29 20:00:00,14244.465062090705,28671.363975795513,35029.80248963552
2025-08-30 00:00:00,14244.465062090705,28731.76060510609,35269.06918551712
2025-08-30 04:00:00,14244.465062090705,28766.75967747581,35329.36106929266
2025-08-30 08:00:00,14244.465062090705,28785.652982029373,35321.63033592948
2025-08-30 12:00:00,14244.465062090705,28828.39521200301,35112.48057594898
2025-08-30 16:00:00,14244.465062090705,28881.35841001383,34955.72422093994
2025-08-30 20:00:00,14244.465062090705,28877.641694363945,34953.4513978265
2025-08-31 00:00:00,14244.465062090705,28872.686073497436,35124.519145051316
2025-08-31 04:00:00,14244.465062090705,28966.842869961107,35563.23559196251
2025-08-31 08:00:00,14244.465062090705,28824.67849635313,35261.18764586039
2025-08-31 12:00:00,14244.465062090705,28742.601025751577,35289.77569625617
2025-08-31 16:00:00,14244.465062090705,28849.456600685677,35417.25459687757
2025-08-31 20:00:00,14244.465062090705,28876.09306284316,35385.15541074323
2025-09-01 00:00:00,14244.465062090705,28676.939049270335,34798.62955443125
2025-09-01 04:00:00,14244.465062090705,28482.43093025986,34529.374659370515
2025-09-01 08:00:00,14244.465062090705,28912.95049303782,35164.282514160965
2025-09-01 12:00:00,14244.465062090705,28751.583088572126,34685.70814989424
2025-09-01 16:00:00,14244.465062090705,28804.54628658294,34600.79651324107
2025-09-01 20:00:00,14244.465062090705,28889.72102022606,34782.545845474204
2025-09-02 00:00:00,14244.465062090705,28875.783336539003,34444.16266806898
2025-09-02 04:00:00,14230.220597028612,29220.50871306553,35089.62849570264
2025-09-02 08:00:00,14245.621161313544,29315.284962137514,35256.38293531293
2025-09-02 12:00:00,14225.288390166119,29190.155535258164,35167.495438273196
2025-09-02 16:00:00,14270.785482040556,29470.148114215914,35033.039886678176
2025-09-02 20:00:00,14257.972767630079,29479.130177036463,35517.662172831464
2025-09-03 00:00:00,14376.645028699457,29610.763856303103,36042.27849604485
2025-09-03 04:00:00,14379.383149291334,29569.57025785025,36082.19747335301
2025-09-03 08:00:00,14366.00976385244,29570.189710458562,35989.915022333924
2025-09-03 12:00:00,14397.90025705252,29637.090592156434,36178.865238078855
2025-09-03 16:00:00,14429.858296381977,29782.352228805976,36393.81725522516
2025-09-03 20:00:00,14406.36882094172,29812.395680309186,36349.14250715598
2025-09-04 00:00:00,14366.337886893152,29680.76200104254,36310.04768168538
2025-09-04 04:00:00,14235.841195574743,29552.22558481747,35959.74910930475
2025-09-04 08:00:00,14129.452757113277,29371.964875798207,35711.163524607626
2025-09-04 12:00:00,14163.686406361388,29488.11223985701,35867.6142314776
2025-09-04 16:00:00,14007.664907129834,29116.130948564685,35259.32788796151
2025-09-04 20:00:00,13955.367296671138,29198.20841916624,35088.45034527192
2025-09-05 00:00:00,13955.367296671138,29424.618347504864,35204.854715429145
2025-09-05 04:00:00,13955.367296671138,29545.411606126017,35356.656941200614
2025-09-05 08:00:00,13941.411929374466,29966.639379779273,36039.770216843164
2025-09-05 12:00:00,13912.756539274638,29782.04250250182,35829.434043006644
2025-09-05 16:00:00,13806.37205730264,29184.270735479182,35000.153022491635
2025-09-05 20:00:00,13806.37205730264,29513.819523102025,35428.837832417856
2025-09-06 00:00:00,13806.37205730264,29270.374648034776,35129.68219154923
2025-09-06 04:00:00,13806.37205730264,29376.920496664716,35243.82510837274
2025-09-06 08:00:00,13806.37205730264,29310.019614966845,35114.875683074
2025-09-06 12:00:00,13806.37205730264,29301.347278450456,35048.28114548386
2025-09-06 16:00:00,13806.37205730264,29194.801429820516,34852.22069054819
2025-09-06 20:00:00,13806.37205730264,29113.962864435587,34669.957087761344
2025-09-07 00:00:00,13806.37205730264,29150.51056832609,34755.17521782155
2025-09-07 04:00:00,13806.37205730264,29256.746690651875,35066.03412228988
2025-09-07 08:00:00,13806.37205730264,29284.931784330143,35086.114719862904
2025-09-07 12:00:00,13806.37205730264,29426.476705329806,35246.86438282839
2025-09-07 16:00:00,13806.37205730264,29431.432326196315,35332.62521781988
2025-09-07 20:00:00,13806.37205730264,29413.777926859377,35118.33339868083
2025-09-08 00:00:00,13806.37205730264,29393.02626448087,35463.712316410594
2025-09-08 04:00:00,13806.37205730264,29374.132959927305,35590.64076364864
2025-09-08 08:00:00,13806.37205730264,29380.946938618756,35536.694643737275
2025-09-08 12:00:00,13792.565685245338,29589.08301501213,36255.52655368014
2025-09-08 16:00:00,13801.382980004946,29697.796947771167,36400.007296117925
2025-09-08 20:00:00,13819.269492231582,29521.8724070101,36309.84059787911
2025-09-09 00:00:00,13777.450322800294,29494.616492244302,36128.797638723336
2025-09-09 04:00:00,13783.244545070895,29409.132032297024,36126.85809635944
2025-09-09 08:00:00,13875.414700888723,29791.33429162652,36810.51459782632
2025-09-09 12:00:00,13818.4547974681,29663.107601705604,36588.04063673781
2025-09-09 16:00:00,13664.863654545847,29297.630562800576,36020.10220777328
2025-09-09 20:00:00,13742.203925722984,29455.281251616387,36439.037359448266
2025-09-10 00:00:00,13766.136582927638,29519.704322881003,36591.099249979176
2025-09-10 04:00:00,13802.413452795743,29512.890344189553,36758.39361607219
2025-09-10 08:00:00,13857.820505138188,29781.423049893503,37176.958801852255
2025-09-10 12:00:00,13800.949002281264,29718.54861014967,36944.437138780246
2025-09-10 16:00:00,13909.967718376416,30107.255121866463,37448.31761980201
2025-09-10 20:00:00,13766.655365179868,30055.840555376435,37140.36742677742
2025-09-11 00:00:00,13844.520502542335,30154.95297270661,37490.17142127674
2025-09-11 04:00:00,13858.276304975327,30293.090904360546,37637.516040899194
2025-09-11 08:00:00,13866.0543094567,30220.305222883697,37582.410098178196
2025-09-11 12:00:00,13906.710630557627,30230.216464616715,37779.26668981279
2025-09-11 16:00:00,13882.835092951267,30164.244761831316,37797.15907297254
2025-09-11 20:00:00,13887.513774059222,30202.341097242603,37784.72175603977
2025-09-12 00:00:00,14018.522396470766,30494.72272836663,38145.81389155488
2025-09-12 04:00:00,14195.891077259545,30432.158014926954,38812.27989602591
2025-09-12 08:00:00,14243.488391809686,30373.31001713716,39003.368802795616
2025-09-12 12:00:00,14292.34550037345,30380.12399582861,39217.36142756324
2025-09-12 16:00:00,14332.084730291936,30446.715151222324,39299.45109398683
2025-09-12 20:00:00,14526.835747633915,30803.82957991512,39703.48083075436
2025-09-13 00:00:00,14566.752829923853,30621.40078676676,39800.41822866622
2025-09-13 04:00:00,14626.278628947724,30573.702935926613,39959.21917607511
2025-09-13 08:00:00,14556.102403045861,30537.774684644424,39785.121812196
2025-09-13 12:00:00,14558.673859075501,30588.260072221983,39758.779988408816
2025-09-13 16:00:00,14407.155084655837,30485.121212937767,39343.05566439451
2025-09-13 20:00:00,14386.339509802932,30495.651907279098,39289.96318538126
2025-09-14 00:00:00,14487.328930995698,30525.075906173995,39651.682059216975
2025-09-14 04:00:00,14565.205653142417,30440.830351443343,40039.10837717977
2025-09-14 08:00:00,14536.522334169891,30479.855865767102,40000.47340275372
2025-09-14 12:00:00,14519.044054083279,30494.72272836663,39968.93433328005
2025-09-14 16:00:00,14393.587332427618,30325.302439992854,39580.52721131072
2025-09-14 20:00:00,14367.639293563627,30429.060751885387,39543.51274838139
2025-09-15 00:00:00,14332.62203723261,30452.599951001303,39403.838473249496
2025-09-15 04:00:00,14389.808491816359,30481.404497287887,39712.84791702166
2025-09-15 08:00:00,14288.28364072715,30578.65855679312,39232.96596023526
2025-09-15 12:00:00,14226.490779438274,30302.38269348525,38830.742035514224
2025-09-15 16:00:00,14226.490779438274,30228.04838048762,38418.39174588103
2025-09-15 20:00:00,14226.490779438274,30360.92096497089,38450.623184027136
2025-09-16 00:00:00,14226.490779438274,30380.743448436922,38654.046483452476
2025-09-16 04:00:00,14226.490779438274,30347.9124601963,38675.85863575298
2025-09-16 08:00:00,14226.490779438274,30428.44129927707,38723.329985991375
2025-09-16 12:00:00,14226.490779438274,30234.242906570755,38562.365096895985
2025-09-16 16:00:00,14226.490779438274,30324.68298738454,38688.933744906855
2025-09-16 20:00:00,14226.490779438274,30509.589590966156,38752.009411851584
2025-09-17 00:00:00,14226.490779438274,30486.360118154396,38652.15573372521
2025-09-17 04:00:00,14226.490779438274,30421.00786797731,38397.59478319466
2025-09-17 08:00:00,14212.264288658836,30662.904111523774,38917.532323103595
2025-09-17 12:00:00,14161.838037035017,30428.131572972914,38432.54386571814
2025-09-17 16:00:00,14161.838037035017,30303.002146093564,38336.258994092
2025-09-17 20:00:00,14161.838037035017,30303.62159870188,38917.47633874843
2025-09-18 00:00:00,14161.838037035017,30509.279864662,39638.76622262881
2025-09-18 04:00:00,14133.514360960948,30845.64263097629,40000.49879701687
2025-09-18 08:00:00,14058.179627357984,30660.42630109052,39640.887155902325
2025-09-18 12:00:00,14085.818279008225,30671.266721736007,39779.6437482397
2025-09-18 16:00:00,14189.031638207878,30932.365996140194,40237.34111482806
2025-09-18 20:00:00,14178.14868476661,30870.11100900468,40190.89278528878
2025-09-19 00:00:00,14147.046827297514,30773.166675803597,40076.63523822877
2025-09-19 04:00:00,14099.087379666269,30763.874886678892,39790.85751237087
2025-09-19 08:00:00,14084.266067909055,30776.263938845164,39706.056691843856
2025-09-19 12:00:00,14035.348548284928,30734.141161479838,39463.54690799149
2025-09-19 16:00:00,13908.71107783481,30557.287441806304,38988.10233068732
2025-09-19 20:00:00,13908.71107783481,30369.903027791435,38757.34170440878
2025-09-20 00:00:00,13908.71107783481,30521.97864313243,39089.45263883652
2025-09-20 04:00:00,13908.71107783481,30473.971065988124,39035.35322730569
2025-09-20 08:00:00,13908.71107783481,30616.75489220441,39274.062537108046
2025-09-20 12:00:00,13908.71107783481,30605.604745254765,39108.08514088839
2025-09-20 16:00:00,13908.71107783481,30626.35640763327,39326.26869567417
2025-09-20 20:00:00,13908.71107783481,30547.685926377442,39134.877312898476
2025-09-21 00:00:00,13908.71107783481,30545.208115944188,39217.27906439199
2025-09-21 04:00:00,13908.71107783481,30517.642474874232,39408.676422229
2025-09-21 08:00:00,13908.71107783481,30572.464030709987,39257.8570717876
2025-09-21 12:00:00,13908.71107783481,30513.925759224352,39087.91899994173
2025-09-21 16:00:00,13908.71107783481,30488.83792858765,39048.73757204824
2025-09-21 20:00:00,13908.71107783481,30484.501760329455,39058.87740363554
2025-09-22 00:00:00,13908.71107783481,30429.060751885387,38811.2795558453
2025-09-22 04:00:00,13908.71107783481,30297.117346314586,38277.21665520926
2025-09-22 08:00:00,13908.71107783481,29693.151053208814,36844.92036991264
2025-09-22 12:00:00,13908.71107783481,29724.74313623281,36737.172242836285
2025-09-22 16:00:00,13908.71107783481,29709.876273633283,36643.580731277965
2025-09-22 20:00:00,13908.71107783481,29467.360577478503,36110.13512144644
2025-09-23 00:00:00,13908.71107783481,29605.18878282828,36556.45048162296
2025-09-23 04:00:00,13908.71107783481,29512.580617885396,36191.408939921384
2025-09-23 08:00:00,13908.71107783481,29738.680819919864,36499.18822695474
2025-09-23 12:00:00,13908.71107783481,29694.6996847296,36495.05734526328
2025-09-23 16:00:00,13908.71107783481,29662.48814909729,36454.881199456046
2025-09-23 20:00:00,13908.71107783481,29280.285889767794,35769.57546489457
2025-09-24 00:00:00,13908.71107783481,29371.035696885738,35722.88547534314
2025-09-24 04:00:00,13908.71107783481,29346.56731885735,35265.724348335665
2025-09-24 08:00:00,13908.71107783481,29601.162340874245,35620.71438639643
2025-09-24 12:00:00,13908.71107783481,29808.05951205099,35933.27423823702
2025-09-24 16:00:00,13908.71107783481,29922.038791980696,36103.32450963323
2025-09-24 20:00:00,13908.71107783481,29953.011422396376,36071.8548590673
2025-09-25 00:00:00,13908.71107783481,29900.35795068972,35863.345926612186
2025-09-25 04:00:00,13908.71107783481,29673.638296046935,35223.429031471824
2025-09-25 08:00:00,13908.71107783481,29529.925290918178,34871.00146718424
2025-09-25 12:00:00,13908.71107783481,29381.876117531225,34510.83390081097
2025-09-25 16:00:00,13908.71107783481,29619.436192819496,34708.63678448883
2025-09-25 20:00:00,13908.71107783481,29060.689940120617,34143.254846593256
2025-09-26 00:00:00,13908.71107783481,28966.22341735279,33538.55445331216
2025-09-26 04:00:00,13908.71107783481,29084.229139236533,34026.9960211395
2025-09-26 08:00:00,13908.71107783481,29035.911835788072,33978.70271585504
2025-09-26 12:00:00,13908.71107783481,28982.329185168946,33631.587865985784
2025-09-26 16:00:00,13908.71107783481,28910.472682604566,33875.59624954789
2025-09-26 20:00:00,13908.71107783481,28913.569945646133,34405.854082756225
2025-09-27 00:00:00,13908.71107783481,29056.044045558265,34908.48128759476
2025-09-27 04:00:00,13908.71107783481,29021.664425796862,34747.81303081432
2025-09-27 08:00:00,13908.71107783481,28999.05440559341,34562.46067346224
2025-09-27 12:00:00,13908.71107783481,28986.355627122983,34524.21138829153
2025-09-27 16:00:00,13908.71107783481,29001.841942330826,34735.975209984645
2025-09-27 20:00:00,13908.71107783481,29007.417015805648,34588.06204391822
2025-09-28 00:00:00,13908.71107783481,29061.619119033086,34746.14025507903
2025-09-28 04:00:00,13908.71107783481,29063.167750553872,34700.82654709087
2025-09-28 08:00:00,13908.71107783481,29025.690867750898,34592.456463196235
2025-09-28 12:00:00,13908.71107783481,28989.76261646871,34319.73649607296
2025-09-28 16:00:00,13908.71107783481,29152.988378759346,34758.49449625703
2025-09-28 20:00:00,13880.893655679141,29234.446396752584,35081.51359802756
2025-09-29 00:00:00,14084.016140228186,29708.01791580834,35809.405504845425
2025-09-29 04:00:00,14008.335598671158,29570.189710458562,35631.63247992422
2025-09-29 08:00:00,13963.383319680348,29566.472994808682,35484.126821646576
2025-09-29 12:00:00,13921.601841401034,29626.86962411926,35309.97320821547
2025-09-29 16:00:00,14130.92607064682,30077.83112297157,35838.77050064584
2025-09-29 20:00:00,14239.793305637095,30192.73958181374,36181.35842624215
2025-09-30 00:00:00,14263.617326572394,30200.79246572182,36193.412405827956
2025-09-30 04:00:00,14210.215460970296,30230.83591722503,35999.36058898343
2025-09-30 08:00:00,14100.359707293424,30008.452430840443,35688.41808807177
2025-09-30 12:00:00,14010.950783852419,29831.598711166906,35428.05013268381
2025-09-30 16:00:00,13934.403146985618,29864.11997310337,35295.434592306396
2025-09-30 20:00:00,14028.232441069455,30186.23532942645,35725.07175261845
2025-10-01 00:00:00,13998.792573208551,30106.325942953994,35660.315445042725
2025-10-01 04:00:00,13982.67166363554,30139.776383802928,35450.30375508216
2025-10-01 08:00:00,14009.168296545611,30202.65082354676,35800.94731372784
2025-10-01 12:00:00,14274.093914912144,30835.11193663496,36989.78386005832
2025-10-01 16:00:00,14402.517340749419,31034.57567651194,37360.074936386554
2025-10-01 20:00:00,14389.352368311116,31009.797572179396,37311.561087223745
2025-10-02 00:00:00,14493.59994612541,31307.444550474087,37623.12057657099
2025-10-02 04:00:00,14565.230622177045,31338.726907193923,37832.55585099515
2025-10-02 08:00:00,14517.764047621276,31241.47284768869,37678.35167030486
2025-10-02 12:00:00,14587.686577101917,31320.76278155283,37944.080942114575
2025-10-02 16:00:00,14804.39526486607,31762.742217584593,38471.65166951979
2025-10-02 20:00:00,14983.094572596254,31930.92360074174,39040.21435825162
2025-10-03 00:00:00,15004.08780700517,31846.987772315242,39215.31833177454
2025-10-03 04:00:00,14955.475821068074,31765.220028017848,38961.724210561806
2025-10-03 08:00:00,14821.453252928963,31594.251108123288,38571.59715652566
2025-10-03 12:00:00,14901.421328497627,31784.11333257141,38799.79799302453
2025-10-03 16:00:00,15110.63562945159,32236.623462944503,39378.71125216861
2025-10-03 20:00:00,15059.049554805624,32337.284511795468,39182.71512153947
2025-10-04 00:00:00,15032.30931384784,32218.039884695096,39132.372852789355
2025-10-04 04:00:00,14929.002008504609,32231.977568382154,38753.66738029021
2025-10-04 08:00:00,14939.668641010841,32237.24291555282,38759.47864780418
2025-10-04 12:00:00,14899.746927736447,32122.953909318956,38689.367478973254
2025-10-04 16:00:00,14752.478000323536,32043.973701758972,38173.784685879495
2025-10-04 20:00:00,14795.933313366579,32073.707426958026,38391.74607646579
2025-10-05 00:00:00,14845.015637681088,32208.438369266234,38587.091752252425
2025-10-05 04:00:00,14931.150387559217,32504.226989735984,38981.150480056254
2025-10-05 08:00:00,15023.53765879677,32649.488626385526,39588.570172170745
2025-10-05 12:00:00,14918.000363401312,32355.868090044874,39062.692117658364
2025-10-05 16:00:00,14882.59526338036,32213.7037164369,38761.69989585763
2025-10-05 20:00:00,14831.477019654387,32248.70278880662,38510.771148011074
2025-10-06 00:00:00,14878.421179529749,32552.23456688029,38839.90893807481
2025-10-06 04:00:00,14894.181004630764,32654.13452094788,39271.51884729964
2025-10-06 08:00:00,14901.845357263475,32703.69072961297,39360.232025769685
2025-10-06 12:00:00,14917.809536535286,32903.464195794106,39622.570086984415
2025-10-06 16:00:00,15010.45155813739,33006.29332877417,39941.33256197543
2025-10-06 20:00:00,15069.171226098038,33096.733409587956,39998.77815299991
2025-10-07 00:00:00,14931.521474125773,32900.986385360855,39579.11124858693
2025-10-07 04:00:00,14979.233084223273,32865.36786038282,39770.799805058006
2025-10-07 08:00:00,14924.234850262194,32781.12230565217,39539.851093350124
2025-10-07 12:00:00,15000.03320074856,33045.628569402084,39648.913650471324
2025-10-07 16:00:00,14487.001069717868,32324.895459629195,38481.61492426621
2025-10-07 20:00:00,14487.001069717868,32351.841648090834,38381.46636176345
2025-10-08 00:00:00,14487.001069717868,32259.233483147953,38051.11703848498
2025-10-08 04:00:00,14487.001069717868,32349.67356396174,37993.42709562494
2025-10-08 08:00:00,14487.001069717868,32397.681141106044,38282.67643018531
2025-10-08 12:00:00,14487.001069717868,32746.742685890764,38460.76205861326
2025-10-08 16:00:00,14487.001069717868,32614.17982771165,38396.07911059834
2025-10-08 20:00:00,14487.001069717868,32880.23472298235,39303.870508437336
2025-10-09 00:00:00,14487.001069717868,32843.06756648353,39312.47621844872
2025-10-09 04:00:00,14487.001069717868,32471.396001495363,38754.75151848178
2025-10-09 08:00:00,14487.001069717868,32522.810567985394,38651.40710924187
2025-10-09 12:00:00,14487.001069717868,32748.601043715706,38520.91313219082
2025-10-09 16:00:00,14487.001069717868,32467.059833237166,38083.03108055041
2025-10-09 20:00:00,14487.001069717868,32419.981435005335,38011.32713963911
2025-10-10 00:00:00,14487.001069717868,32583.826649904284,38359.29819343546
2025-10-10 04:00:00,14487.001069717868,32394.274151760317,38305.99144570492
2025-10-10 08:00:00,14487.001069717868,32361.13343721554,37919.46046971125
2025-10-10 12:00:00,14487.001069717868,32570.508418825542,38352.43437377065
2025-10-10 16:00:00,14487.001069717868,31775.131269750862,36624.94482714072
2025-10-10 20:00:00,14487.001069717868,31144.21878818345,35765.16386043071
2025-10-11 00:00:00,14487.001069717868,30489.457381195964,34015.930117575175
2025-10-11 04:00:00,14487.001069717868,30204.818907675857,33400.70462161564
2025-10-11 08:00:00,14487.001069717868,29984.29377911621,33332.681032444336
2025-10-11 12:00:00,14487.001069717868,30647.417796315935,33766.37666308832
2025-10-11 16:00:00,14487.001069717868,30381.98235365355,33569.85509980021
2025-10-11 20:00:00,14487.001069717868,30182.828340080727,32806.84093812715
2025-10-12 00:00:00,14487.001069717868,29998.85091541158,32703.06517201181
2025-10-12 04:00:00,14487.001069717868,29916.773444810027,32588.506832060793
2025-10-12 08:00:00,14487.001069717868,30151.545983360887,33275.89568784034
2025-10-12 12:00:00,14487.001069717868,30325.92189260117,33253.66694526055
2025-10-12 16:00:00,14487.001069717868,30719.27429888031,34695.199031164884
2025-10-12 20:00:00,14487.001069717868,30946.613406131408,35286.857234842624
2025-10-13 00:00:00,14487.001069717868,30800.422590569397,35106.11049732589
2025-10-13 04:00:00,14487.001069717868,30705.646341497413,34833.53256495505
2025-10-13 08:00:00,14487.001069717868,30876.61526139197,35153.822454429544
2025-10-13 12:00:00,14487.001069717868,30638.12600719123,34566.29302461342
2025-10-13 16:00:00,14487.001069717868,30644.630259578524,35028.002822626586
2025-10-13 20:00:00,14487.001069717868,31050.681444328096,36371.32910796589
2025-10-14 00:00:00,14487.001069717868,30889.004313558242,36458.623461416304
2025-10-14 04:00:00,14487.001069717868,30401.49511081543,35867.41383504437
2025-10-14 08:00:00,14487.001069717868,29980.267337162175,34416.08624544762
2025-10-14 12:00:00,14487.001069717868,29917.392897418344,34504.77594535003
2025-10-14 16:00:00,14487.001069717868,30191.500676597116,35325.794459072735
2025-10-14 20:00:00,14487.001069717868,30113.759374253757,34965.54647517932
2025-10-15 00:00:00,14487.001069717868,30226.499748966835,35391.43604520731
2025-10-15 04:00:00,14487.001069717868,29917.083171114187,35129.73861745607
2025-10-15 08:00:00,14487.001069717868,30008.452430840443,35445.09907383799
2025-10-15 12:00:00,14487.001069717868,29881.774372440308,35217.648498641254
2025-10-15 16:00:00,14487.001069717868,29527.137754180767,34368.68684524534
2025-10-15 20:00:00,14487.001069717868,29618.507013907027,34140.54666781557
2025-10-16 00:00:00,14487.001069717868,29473.245377257485,34009.114453823764
2025-10-16 04:00:00,14487.001069717868,29588.463562403816,34018.92154971003
2025-10-16 08:00:00,14487.001069717868,29410.370937513653,33911.91464178925
2025-10-16 12:00:00,14487.001069717868,29626.250171510947,34421.37539864794
2025-10-16 16:00:00,14487.001069717868,28840.784264169284,33042.59073192314
2025-10-16 20:00:00,14487.001069717868,28685.301659482568,32675.611486054586
2025-10-17 00:00:00,14487.001069717868,28656.497113195986,32611.886185482053
2025-10-17 04:00:00,14487.001069717868,28899.63226195908,32960.27357056994
2025-10-17 08:00:00,14487.001069717868,27935.7640034231,31483.43600249427
2025-10-17 12:00:00,14487.001069717868,28035.49587336159,31962.52991320059
2025-10-17 16:00:00,14487.001069717868,28360.708492726237,32246.63983997963
2025-10-17 20:00:00,14487.001069717868,28283.58664299119,32191.728287924336
2025-10-18 00:00:00,14487.001069717868,28326.948325573143,32275.90316804275
2025-10-18 04:00:00,14487.001069717868,28491.41299308041,32598.840191406118
2025-10-18 08:00:00,14487.001069717868,28421.724574645126,32810.770688623794
2025-10-18 12:00:00,14487.001069717868,28570.083474336236,32843.55212108155
2025-10-18 16:00:00,14487.001069717868,28486.767098518056,32691.865786727016
2025-10-18 20:00:00,14487.001069717868,28506.899308288248,32828.930249292534
2025-10-19 00:00:00,14487.001069717868,28531.367686316637,32949.872931311715
2025-10-19 04:00:00,14487.001069717868,28553.667980215927,32929.479375612136
2025-10-19 08:00:00,14487.001069717868,28423.582932470068,32750.564043925428
2025-10-19 12:00:00,14487.001069717868,28685.611385786728,33206.619514444756
2025-10-19 16:00:00,14487.001069717868,28899.012809350766,33532.642373325674
2025-10-19 20:00:00,14487.001069717868,28994.71823733522,33371.9429055444
2025-10-20 00:00:00,14487.001069717868,28878.570873276414,33189.851794713104
2025-10-20 04:00:00,14458.027067578432,29260.773132605915,33706.282356150536
2025-10-20 08:00:00,14521.904476598302,29537.048995913785,33998.65127354434
2025-10-20 12:00:00,14476.111420256586,29512.27089158124,33895.26227883179
2025-10-20 16:00:00,14399.063688245296,29534.880911784687,33683.4690994659
2025-10-20 20:00:00,14333.933656121215,29486.873334640382,33508.383043519
2025-10-21 00:00:00,14340.763414111358,29412.848747946904,33565.277148705114
2025-10-21 04:00:00,14085.335832134517,29039.3188251338,32972.46770077169
2025-10-21 08:00:00,14032.023664108743,28802.687928757998,32823.77076436565
2025-10-21 12:00:00,14032.023664108743,28964.67478583201,33021.15145620671
2025-10-21 16:00:00,13990.05350359795,30246.32223243287,34673.01618124507
2025-10-21 20:00:00,13797.61456701252,29854.82818397867,34260.01725594512
2025-10-22 00:00:00,13264.310434668783,28919.14501912096,32945.722516568174
2025-10-22 04:00:00,13264.310434668783,28895.60582000504,32878.93335711324
2025-10-22 08:00:00,13264.310434668783,28934.321608024642,32876.20788797964
2025-10-22 12:00:00,13264.310434668783,28764.281867042555,32812.59672969104
2025-10-22 16:00:00,13264.310434668783,28923.171461074995,32707.999439710416
2025-10-22 20:00:00,13264.310434668783,28783.794624204435,32268.4746279687
2025-10-23 00:00:00,13264.310434668783,28706.053321861076,32232.06061382971
2025-10-23 04:00:00,13264.310434668783,28966.842869961107,32650.3555463503
2025-10-23 08:00:00,13264.310434668783,29183.961009175026,33243.83649303291
2025-10-23 12:00:00,13264.310434668783,29204.093218945218,33285.9821768618
2025-10-23 16:00:00,13264.310434668783,29321.16976191649,33597.01862807158
2025-10-23 20:00:00,13264.310434668783,29390.238727743457,33587.17476021029
2025-10-24 00:00:00,13264.310434668783,29353.691023852956,33600.826547454184
2025-10-24 04:00:00,13264.310434668783,29469.5286616076,33685.772796001635
2025-10-24 08:00:00,13264.310434668783,29612.31248782389,33888.53194680475
2025-10-24 12:00:00,13264.310434668783,29638.948949981375,33897.431420730914
2025-10-24 16:00:00,13264.310434668783,29324.88647756637,33428.66058155063
2025-10-24 20:00:00,13264.310434668783,29457.13960944133,33850.58314507682
2025-10-25 00:00:00,13264.310434668783,29580.410678495737,33958.34240945461
2025-10-25 04:00:00,13264.310434668783,29575.14533132507,33941.81688478679
2025-10-25 08:00:00,13237.781813799447,29704.30120015846,34029.82723649965
2025-10-25 12:00:00,13209.84190647271,29708.947094720814,33925.17083274614
2025-10-25 16:00:00,13182.478888239937,29656.91307562247,33814.004411692105
2025-10-25 20:00:00,13242.444437622378,29733.105746445042,34135.30110734595
2025-10-26 00:00:00,13221.775740840385,29729.69875709932,34062.126215421595
2025-10-26 04:00:00,13164.933180448113,29639.25867628553,33917.853233822345
2025-10-26 08:00:00,13230.344667594396,29764.697829469038,34085.93174345209
2025-10-26 12:00:00,13473.770304234462,30155.882151619084,34697.566722360774
2025-10-26 16:00:00,13555.586064316672,30259.330737207456,34928.95890519048
2025-10-26 20:00:00,13528.740369060653,30231.7650961375,34845.37128306419
2025-10-27 00:00:00,13699.806284190432,30498.74917032067,35173.891107747346
2025-10-27 04:00:00,13878.597550793489,30631.931481108095,35734.78419979921
2025-10-27 08:00:00,13855.228245375616,30788.962717315593,35597.47402976263
2025-10-27 12:00:00,13723.204553878946,30673.74453216926,35236.19784940223
2025-10-27 16:00:00,13730.63848865715,30595.074050913434,35238.242870167596
2025-10-27 20:00:00,13733.35982386869,30547.9956526816,35210.399437773594
2025-10-28 00:00:00,13579.613951551266,30307.648040655917,34883.853049169455
2025-10-28 04:00:00,13597.936983663294,30247.561137649496,35068.9308527003
2025-10-28 08:00:00,13673.944588131686,30346.983281283832,35274.145434899365
2025-10-28 12:00:00,13607.226799951997,30379.504543220297,35004.753617838316
2025-10-28 16:00:00,13577.125160127882,30456.316666651186,34912.073962561895
2025-10-28 20:00:00,13380.291623936268,30216.588507233817,34438.80837709255
2025-10-29 00:00:00,13335.956744524887,30008.7621571446,34175.529923564245
2025-10-29 04:00:00,13335.956744524887,29953.321148700532,34190.97071799509
2025-10-29 08:00:00,13335.956744524887,30251.587579603536,34498.176231196594
2025-10-29 12:00:00,13335.956744524887,30112.52046903713,34729.54258065023
2025-10-29 16:00:00,13335.956744524887,29623.462634773532,34218.486947514495
2025-10-29 20:00:00,13335.956744524887,29555.322847859035,33901.77280605598
2025-10-30 00:00:00,13335.956744524887,29374.132959927305,33935.571429680494
2025-10-30 04:00:00,13335.956744524887,29528.686385701552,34292.102151067644
2025-10-30 08:00:00,13335.956744524887,29708.01791580834,34250.67769577168
2025-10-30 12:00:00,13335.956744524887,29314.665509529197,33718.89012245904
2025-10-30 16:00:00,13335.956744524887,28857.81921089791,32807.852297150734
2025-10-30 20:00:00,13335.956744524887,28531.05796001248,31987.87910126466
2025-10-31 00:00:00,13335.956744524887,29001.532216026666,32842.78582956412
2025-10-31 04:00:00,13335.956744524887,29244.66736478976,33033.42510060965
2025-10-31 08:00:00,13335.956744524887,29311.258520183474,33061.88007145023
2025-10-31 12:00:00,13335.956744524887,29547.889416559272,33526.2092115828
2025-10-31 16:00:00,13335.956744524887,29541.694890476138,33463.01848636022
2025-10-31 20:00:00,13335.956744524887,29480.369082253088,33544.14971258117
2025-11-01 00:00:00,13335.956744524887,29388.690096222675,33322.18587283115
2025-11-01 04:00:00,13335.956744524887,29565.54381589621,33404.23439491725
2025-11-01 08:00:00,13335.956744524887,29522.491859618414,33248.05181846543
2025-11-01 12:00:00,13335.956744524887,29538.907353738727,33315.008709935726
2025-11-01 16:00:00,13335.956744524887,29564.924363287897,33363.54337878323
2025-11-01 20:00:00,13335.956744524887,29572.977247195973,33333.08972186771
2025-11-02 00:00:00,13335.956744524887,29507.624997018887,33301.83871569056
2025-11-02 04:00:00,13335.956744524887,29496.7845763734,33200.10925385121
2025-11-02 08:00:00,13322.62078778036,29721.9555994954,33565.929743158384
2025-11-02 12:00:00,13335.869377947769,29810.537322484244,33413.023161246165
2025-11-02 16:00:00,13294.270657771784,29532.403101351432,33051.48139246308
2025-11-02 20:00:00,13298.53244202144,29560.89792133386,33092.20529198292
2025-11-03 00:00:00,13301.847502678122,29672.089664526153,33578.249570154636
2025-11-03 04:00:00,12974.483665875832,28976.444385389965,32101.946538910288
2025-11-03 08:00:00,12974.483665875832,28838.30645373603,31901.55134905497
2025-11-03 12:00:00,12974.483665875832,28987.904258643768,31907.845658192815
2025-11-03 16:00:00,12974.483665875832,28424.20238507838,30706.953785460893
2025-11-03 20:00:00,12974.483665875832,28791.537781808354,30887.872944104973
2025-11-04 00:00:00,12974.483665875832,28652.16094493779,30725.45829495079
2025-11-04 04:00:00,12974.483665875832,28811.669991578547,31021.785784542182
2025-11-04 08:00:00,12974.483665875832,28060.58370399829,29492.518180989427
2025-11-04 12:00:00,12974.483665875832,28178.89915218619,30094.494706130172
2025-11-04 16:00:00,12974.483665875832,27808.466492414653,29929.66363170567
2025-11-04 20:00:00,12974.483665875832,27113.44066588678,28657.92964207199
2025-11-05 00:00:00,12974.483665875832,27372.681582466026,28845.83814619424
2025-11-05 04:00:00,12974.483665875832,27539.00460779823,29153.554754898832
2025-11-05 08:00:00,12974.483665875832,27509.270882599176,29105.546627349748
2025-11-05 12:00:00,12974.483665875832,27515.155682378158,29177.213994203044
2025-11-05 16:00:00,12974.483665875832,27993.373095996263,29766.178083588835
2025-11-05 20:00:00,12974.483665875832,28061.203156606607,30056.555891610602
2025-11-06 00:00:00,12974.483665875832,27988.107748825598,29944.26343400786
2025-11-06 04:00:00,12974.483665875832,27903.86219409495,29930.109718329302
2025-11-06 08:00:00,12974.483665875832,27772.228514828304,29449.361941233143
2025-11-06 12:00:00,12974.483665875832,27763.865904616072,29459.4752446876
2025-11-06 16:00:00,12974.483665875832,27384.14145571983,28875.29824569485
2025-11-06 20:00:00,12974.483665875832,27202.951567788095,28945.65496947331
2025-11-07 00:00:00,12974.483665875832,27171.359484764103,28733.727356639803
2025-11-07 04:00:00,12974.483665875832,27358.434172474812,29006.113479302898
2025-11-07 08:00:00,12974.483665875832,27391.574887019593,29137.06808245166
2025-11-07 12:00:00,12974.483665875832,26901.278147539368,28421.87684114078
2025-11-07 16:00:00,12974.483665875832,26962.294229458257,28613.68897478927
2025-11-07 20:00:00,12961.509182209957,27690.770496835066,29935.470859470945
2025-11-08 00:00:00,12894.809371814961,27656.081150769503,29659.819178364458
2025-11-08 04:00:00,12916.128945913817,27456.92713719668,29704.079840142378
2025-11-08 08:00:00,12873.489797716105,27385.0706346323,29507.496989797044
2025-11-08 12:00:00,12830.54608417412,27259.631481448792,29258.886558461192
2025-11-08 16:00:00,12746.606352466757,27217.508704083466,28933.517419220523
2025-11-08 20:00:00,12746.606352466757,27294.63055381851,29047.68502350631
2025-11-09 00:00:00,12746.606352466757,27382.592824199044,29142.8740186894
2025-11-09 04:00:00,12746.606352466757,27212.862809521113,28861.651392596512
2025-11-09 08:00:00,12746.606352466757,27289.365206647846,29287.184283603703
2025-11-09 12:00:00,12746.606352466757,27359.982803995597,29271.46217235767
2025-11-09 16:00:00,12733.85974611429,27779.661946128068,29891.182270578443
2025-11-09 20:00:00,12787.74891997183,28076.07001920613,30441.27411525393
2025-11-10 00:00:00,12756.293311938873,28074.52138768535,30300.59072947505
2025-11-10 04:00:00,12946.182963660402,28405.309080524818,30811.384260068407
2025-11-10 08:00:00,12915.67876873384,28505.04095046331,30735.208708705373
2025-11-10 12:00:00,12938.056043185377,28443.71514224026,30830.737660375922
2025-11-10 16:00:00,12742.320161829739,28174.25325762384,30429.07584378656
2025-11-10 20:00:00,12827.496736868537,28343.983272301768,30598.243739483165
2025-11-11 00:00:00,12856.656164284064,28394.468659879327,30666.427654726147
2025-11-11 04:00:00,12980.390069669538,28511.854929154757,30988.21421136065
2025-11-11 08:00:00,12682.25415164794,28059.65452508582,30164.510522217628
2025-11-11 12:00:00,12721.182832732102,28181.067236315288,30193.30242671185
2025-11-11 16:00:00,12405.354018474389,27631.30304643696,29584.090267373762
2025-11-11 20:00:00,12405.354018474389,27563.47298582662,29224.440182343074
2025-11-12 00:00:00,12405.354018474389,27549.53530213956,28875.040393288655
2025-11-12 04:00:00,12405.354018474389,27635.329488391,28922.609885551283
2025-11-12 08:00:00,12405.354018474389,27578.03012212199,28955.13634759814
2025-11-12 12:00:00,12405.354018474389,28105.803744405184,29793.52631956413
2025-11-12 16:00:00,12405.354018474389,27288.436027735374,28909.960138524533
2025-11-12 20:00:00,12405.354018474389,27070.078983304826,28553.37318249463
2025-11-13 00:00:00,12405.354018474389,27162.996874551867,28616.220354892954
2025-11-13 04:00:00,12405.354018474389,27298.966722076708,28816.230517531185
2025-11-13 08:00:00,12405.354018474389,27611.170836666766,29091.33913425897
2025-11-13 12:00:00,12405.354018474389,27470.24536827542,29103.91803427598
2025-11-13 16:00:00,12405.354018474389,26966.320671412297,28403.65757284588
2025-11-13 20:00:00,12405.354018474389,26265.719771409604,26912.374960059788
2025-11-14 00:00:00,12405.354018474389,26543.853992542412,27246.405865143555
2025-11-14 04:00:00,12405.354018474389,26388.06166155154,27142.399866215907
2025-11-14 08:00:00,12405.354018474389,25852.235155360268,26809.965661532216
2025-11-14 12:00:00,12405.354018474389,25621.489058763447,26447.984720892382
2025-11-14 16:00:00,12405.354018474389,25805.156757128432,26740.273555427062
2025-11-14 20:00:00,12405.354018474389,25527.641988603933,26748.51987804672
2025-11-15 00:00:00,12405.354018474389,25199.951558806035,26086.62364169401
2025-11-15 04:00:00,12405.354018474389,25676.62034090336,26702.2034103656
2025-11-15 08:00:00,12405.354018474389,25672.59389894932,26713.746884242
2025-11-15 12:00:00,12405.354018474389,25496.97908449241,26368.238784672772
2025-11-15 16:00:00,12405.354018474389,25656.797857437323,26622.20005846386
2025-11-15 20:00:00,12405.354018474389,25589.89697573945,26611.78477145945
2025-11-16 00:00:00,12405.354018474389,25487.687295367705,26341.75996954076
2025-11-16 04:00:00,12405.354018474389,25529.19062012472,26566.521662217176
2025-11-16 08:00:00,12405.354018474389,25610.029185509644,26706.438310934696
2025-11-16 12:00:00,12405.354018474389,25486.44839015108,26365.179533753133
2025-11-16 16:00:00,12405.354018474389,25205.2169059767,25948.03084049702
2025-11-16 20:00:00,12405.354018474389,25011.637965878694,25769.057800041188
2025-11-17 00:00:00,12405.354018474389,25102.078046692484,25848.143871652806
2025-11-17 04:00:00,12405.354018474389,25455.785486039556,26415.344026490275
2025-11-17 08:00:00,12405.354018474389,25482.731674501196,26540.364405669447
2025-11-17 12:00:00,12405.354018474389,25494.501274059156,26628.393142081866
2025-11-17 16:00:00,12405.354018474389,25074.822131926685,25909.423034236046
2025-11-17 20:00:00,12405.354018474389,24459.705691871266,24796.437305207288
2025-11-18 00:00:00,12405.354018474389,24585.454571358932,25016.55372522013
2025-11-18 04:00:00,12405.354018474389,24232.67631092433,25249.67984900758
2025-11-18 08:00:00,12405.354018474389,24126.130462294386,25445.40521621418
2025-11-18 12:00:00,12405.354018474389,24422.84826167661,25690.234241493272
2025-11-18 16:00:00,12405.354018474389,24820.22710990979,26085.498395329632
2025-11-18 20:00:00,12405.354018474389,24901.68512790303,26339.080256647292
2025-11-19 00:00:00,12405.354018474389,24851.819192933785,26220.1200216014
2025-11-19 04:00:00,12405.354018474389,24548.906867468428,25947.658578373317
2025-11-19 08:00:00,12405.354018474389,24550.455498989213,26055.29354461417
2025-11-19 12:00:00,12405.354018474389,24425.63579841402,25825.20954326247
2025-11-19 16:00:00,12405.354018474389,24102.59126317847,25218.537346437126
2025-11-19 20:00:00,12405.354018474389,23867.199272019297,24767.693233974613
2025-11-20 00:00:00,12405.354018474389,24550.76522529337,25691.160828291413
2025-11-20 04:00:00,12392.948664455915,24848.412203588057,26459.085702604258
2025-11-20 08:00:00,12405.585132830183,24804.74079470195,26486.4288556459
2025-11-20 12:00:00,12357.367029823112,24704.079745850988,26269.102211792553
2025-11-20 16:00:00,12249.957048641842,24118.387304690466,25612.801766945267
2025-11-20 20:00:00,12098.401897733715,23306.904387799637,24715.901815122626
2025-11-21 00:00:00,12098.401897733715,23228.853359152123,24659.420255008627
2025-11-21 04:00:00,12098.401897733715,23015.76166189224,24453.67113179897
2025-11-21 08:00:00,12098.401897733715,22521.12875415382,23659.267224767587
2025-11-21 12:00:00,12098.401897733715,22132.422242437027,23227.306666103366
2025-11-21 16:00:00,12098.401897733715,22306.79815167731,23435.820852455825
2025-11-21 20:00:00,12098.401897733715,22641.922012774976,23861.03757444535
2025-11-22 00:00:00,12098.401897733715,22899.30457152928,24005.357402723403
2025-11-22 04:00:00,12098.401897733715,22713.778515339352,23786.66260881567
2025-11-22 08:00:00,12098.401897733715,22740.41497749684,23843.484771249474
2025-11-22 12:00:00,12098.401897733715,22639.13447603756,23706.161675611493
2025-11-22 16:00:00,12098.401897733715,22682.18643231536,23762.779534547815
2025-11-22 20:00:00,12098.401897733715,22745.06087205919,23786.52469214587
2025-11-23 00:00:00,12098.401897733715,22795.236533332594,23885.53235878924
2025-11-23 04:00:00,12098.401897733715,23227.92418023965,24346.767372940867
2025-11-23 08:00:00,12098.401897733715,23098.768311406264,24162.654020940892
2025-11-23 12:00:00,12098.401897733715,23260.13571587196,24341.592380601793
2025-11-23 16:00:00,12098.401897733715,23467.342613352863,24750.57791950307
2025-11-23 20:00:00,12098.401897733715,23537.960210700614,24711.738729057513
2025-11-24 00:00:00,12098.401897733715,23366.062111893585,24422.793913594123
2025-11-24 04:00:00,12086.303495835982,23528.358695271752,24816.97576143123
2025-11-24 08:00:00,12044.189885426884,23408.494615563068,24428.415579365676
2025-11-24 12:00:00,11996.942053995692,23133.147931167667,24187.05373440536
2025-11-24 16:00:00,12065.246690631433,23268.49832608419,24548.726503896927
2025-11-24 20:00:00,12201.619101248636,23743.92820296489,25396.16444733348
2025-11-25 00:00:00,12226.074661996834,23739.90176101085,25498.42508472154
2025-11-25 04:00:00,12131.73580115507,23611.05561848162,25349.822384452462
2025-11-25 08:00:00,12059.120236032724,23507.29730658909,25162.564729540478
2025-11-25 12:00:00,12038.94584650017,23495.837433335288,25136.235301965982
2025-11-25 16:00:00,11940.78945748625,23303.187672149754,24869.143817173222
2025-11-25 20:00:00,12008.923424562578,23243.72022175165,25037.24109682851
2025-11-26 00:00:00,12167.19625782868,23401.061184263304,25391.937242708733
2025-11-26 04:00:00,12058.609336094629,23284.604093900347,25188.397547503508
2025-11-26 08:00:00,12176.83140781038,23524.332253317712,25461.33969160346
2025-11-26 12:00:00,12007.708796620278,23312.47946127446,25075.97317299389
2025-11-26 16:00:00,12008.494780950436,23244.029948055806,25028.322368472633
2025-11-26 20:00:00,12352.819446198624,24042.194633867894,26141.72325799052
2025-11-27 00:00:00,12329.201618543035,24162.67816618489,26063.88790929059
2025-11-27 04:00:00,12357.023214473085,24328.072012604625,26094.26378233867
2025-11-27 08:00:00,12417.079988264411,24439.573482101074,26260.897922755452
2025-11-27 12:00:00,12364.620356031384,24440.502661013546,26097.326985409338
2025-11-27 16:00:00,12310.829454922301,24301.745276751295,26014.398235797424
2025-11-27 20:00:00,12384.225048997938,24458.46678665464,26157.906724363078
2025-11-28 00:00:00,12292.71955457304,24394.043715390024,25922.57870471597
2025-11-28 04:00:00,12254.30762470168,24385.371378873635,25810.964965267383
2025-11-28 08:00:00,12208.844907768404,24329.930370429567,25727.293997326975
2025-11-28 12:00:00,12288.55264992275,24497.802027282556,26057.261704141492
2025-11-28 16:00:00,12357.987194979552,24670.629305002054,26166.218805822275
2025-11-28 20:00:00,12265.837595049652,24337.983254337643,25613.85252255728
2025-11-29 00:00:00,12239.94065610612,24291.834035018277,25582.878573865215
2025-11-29 04:00:00,12220.005670064118,24233.915216140955,25513.929788092555
2025-11-29 08:00:00,12189.249679263952,24207.898206591784,25514.44866648932
2025-11-29 12:00:00,12191.175213030954,24250.02098395711,25528.201565794254
2025-11-29 16:00:00,12216.424532625786,24348.82367498313,25599.324485577807
2025-11-29 20:00:00,12160.817565260926,24239.800015919936,25353.59770084703
2025-11-30 00:00:00,12167.177586074806,24278.825530243692,25395.661323975815
2025-11-30 04:00:00,12159.38368342553,24303.913360880393,25450.194385778123
2025-11-30 08:00:00,12159.38368342553,24327.452559996313,25490.079993914816
2025-11-30 12:00:00,12159.38368342553,24354.708474762112,25485.82698471009
2025-11-30 16:00:00,12159.38368342553,24450.413902746564,25738.84244013214
2025-11-30 20:00:00,12159.38368342553,24442.05129253433,25659.3840638186
2025-12-01 00:00:00,12159.38368342553,24132.324988377524,25087.30029860806
2025-12-01 04:00:00,12159.38368342553,23058.194165561723,23872.55790842483
2025-12-01 08:00:00,12159.38368342553,23099.387764014577,23935.834085892453
2025-12-01 12:00:00,12159.38368342553,22947.62187497774,23822.93821707052
2025-12-01 16:00:00,12159.38368342553,22557.05700543601,23374.77101723391
2025-12-01 20:00:00,12159.38368342553,22702.318642085553,23321.289661581373
2025-12-02 00:00:00,12159.38368342553,23025.67290362526,23784.539998466695
2025-12-02 04:00:00,12159.38368342553,23203.45580221126,23895.88307099505
2025-12-02 08:00:00,12159.38368342553,23216.154580681694,23907.51195632868
2025-12-02 12:00:00,12159.38368342553,23312.169734970303,24070.69235357261
2025-12-02 16:00:00,12159.38368342553,24256.5252363444,25560.236341116586
2025-12-02 20:00:00,12135.06491605868,24505.854911190632,25872.90263371858
2025-12-03 00:00:00,12056.097186268013,24316.612139350822,25618.054074118147
2025-12-03 04:00:00,12160.997791891143,24672.79738913115,25938.69264634742
2025-12-03 08:00:00,12203.584792060767,24751.46787038698,26140.970990325615
2025-12-03 12:00:00,12193.195714154017,24709.964545629966,26091.495331643186
2025-12-03 16:00:00,12168.224909675,24549.216593772584,25998.212743529723
2025-12-03 20:00:00,12246.236757594083,24700.67275650526,26109.62551983216
2025-12-04 00:00:00,12449.50788033371,24809.696415568458,26579.973027882377
2025-12-04 04:00:00,12492.456149524209,24865.447150316682,26631.819070915677
2025-12-04 08:00:00,12412.450335901038,24806.289426222735,26449.053960553952
2025-12-04 12:00:00,12363.616756529635,24662.88614739813,26340.196981638444
2025-12-04 16:00:00,12407.350405426774,24681.159999343385,26410.177641022477
2025-12-04 20:00:00,12165.350143434476,24458.157060350484,25899.265751513012
2025-12-05 00:00:00,12173.571903949956,24498.731206195025,25869.860016148683
2025-12-05 04:00:00,12214.652426072003,24522.580131615097,25889.61435841747
2025-12-05 08:00:00,12232.985332875043,24512.97861618624,25963.96138790823
2025-12-05 12:00:00,12081.022898794716,24315.682960438353,25604.830140162336
2025-12-05 16:00:00,11942.950193504435,24063.256022550555,25317.00679117265
2025-12-05 20:00:00,11810.855065094991,23860.695019632007,24909.68919024374
2025-12-06 00:00:00,11779.290140825176,23790.387148588412,24941.480636495384
2025-12-06 04:00:00,11779.290140825176,23885.16339766039,25039.6027863015
2025-12-06 08:00:00,11779.290140825176,23871.225713973337,24929.84196799467
2025-12-06 12:00:00,11779.290140825176,23879.278597881414,25002.102379110984
2025-12-06 16:00:00,11779.290140825176,23903.437249605646,24973.77332650655
2025-12-06 20:00:00,11779.290140825176,23819.191694874993,24868.222534323955
2025-12-07 00:00:00,11779.290140825176,23774.281380772256,24857.665451920268
2025-12-07 04:00:00,11779.290140825176,23873.393798102436,25023.732060725808
2025-12-07 08:00:00,11779.290140825176,23807.73182162119,24847.997559540876
2025-12-07 12:00:00,11779.290140825176,23747.025466006457,24869.85173546201
2025-12-07 16:00:00,11779.290140825176,23846.75733594495,24842.944038801106
2025-12-07 20:00:00,11779.290140825176,24342.938875204152,25529.153549124712
2025-12-08 00:00:00,11779.290140825176,24044.36271799699,24976.45623138965
2025-12-08 04:00:00,11779.290140825176,24233.915216140955,25305.554097713
2025-12-08 08:00:00,11779.290140825176,24326.52338108384,25489.429541870137
2025-12-08 12:00:00,11779.290140825176,24464.971039041935,25814.200765820242
2025-12-08 16:00:00,11779.290140825176,23981.178551949004,25348.055647502064
2025-12-08 20:00:00,11779.290140825176,24000.69130911088,25178.318611593
2025-12-09 00:00:00,11779.290140825176,24123.96237816529,25185.46576874904
2025-12-09 04:00:00,11779.290140825176,24066.043559287966,25257.61938811733
2025-12-09 08:00:00,11779.290140825176,24086.175769058158,25157.52808626389
2025-12-09 12:00:00,11779.290140825176,24055.20313864248,25120.013451521176
2025-12-09 16:00:00,11744.057966924402,24694.16850411797,26061.24377264869
2025-12-09 20:00:00,12014.700032317047,24970.44436742584,26637.3127427438
2025-12-10 00:00:00,11804.102177346298,24672.79738913115,26078.559685223336
2025-12-10 04:00:00,11791.543181490852,24605.89650743328,26072.234378030582
2025-12-10 08:00:00,11844.062568441239,24678.372462605974,26203.14687738201
2025-12-10 12:00:00,11765.350575937759,24531.25246813149,25972.886265667963
2025-12-10 16:00:00,11726.404014963626,24502.447921844905,25863.36517161678
2025-12-10 20:00:00,11817.171237268258,24671.558483914523,26214.888641056226
2025-12-11 00:00:00,11666.068231608257,24350.99175911223,25726.420132390325
2025-12-11 04:00:00,11498.388700398076,23813.306895096015,24700.76039201652
2025-12-11 08:00:00,11498.388700398076,23927.286175025718,24926.96384353842
2025-12-11 12:00:00,11498.388700398076,23871.84516658165,24865.40156511006
2025-12-11 16:00:00,11498.388700398076,23694.062267995643,24746.789318249197
2025-12-11 20:00:00,11498.388700398076,23967.86032087026,25144.33623624585
2025-12-12 00:00:00,11498.388700398076,24416.963461897627,25591.65166826672
2025-12-12 04:00:00,11498.388700398076,24364.929442799286,25651.902161476777
2025-12-12 08:00:00,11498.388700398076,24398.689609952376,25854.421708442667
2025-12-12 12:00:00,11498.388700398076,24419.44127233088,25845.827241668303
2025-12-12 16:00:00,11498.388700398076,23735.875319056813,24862.046752405244
2025-12-12 20:00:00,11498.388700398076,23814.54580031264,24671.83930203221
2025-12-13 00:00:00,11498.388700398076,23843.66007290338,24818.061035352726
2025-12-13 04:00:00,11498.388700398076,23866.88954571514,24884.437119818183
2025-12-13 08:00:00,11498.388700398076,23861.933924848632,24905.665355330715
2025-12-13 12:00:00,11498.388700398076,23863.792282673574,24966.98899540375
2025-12-13 16:00:00,11498.388700398076,23793.174685325823,24927.13025768635
2025-12-13 20:00:00,11498.388700398076,23820.120873787462,24887.124751683557
2025-12-14 00:00:00,11498.388700398076,23829.722389216324,24921.54399861655
2025-12-14 04:00:00,11498.388700398076,23834.05855747452,24915.655685475303
2025-12-14 08:00:00,11498.388700398076,23840.87253616597,24953.81293947209
2025-12-14 12:00:00,11498.388700398076,23605.790271310954,24652.86312779495
2025-12-14 16:00:00,11498.388700398076,23495.837433335288,24529.576401295948
2025-12-14 20:00:00,11498.388700398076,23401.68063687162,24486.004594282083
2025-12-15 00:00:00,11498.388700398076,23280.887378250463,24313.763862295353
2025-12-15 04:00:00,11498.388700398076,23585.03860893245,24648.938331674435
2025-12-15 08:00:00,11498.388700398076,23703.97350972866,24830.374213546937
2025-12-15 12:00:00,11498.388700398076,23645.435238243026,24817.377295694743
2025-12-15 16:00:00,11498.388700398076,22921.60486542857,23842.29351055633
2025-12-15 20:00:00,11498.388700398076,22710.99097860194,23505.381955311525
2025-12-16 00:00:00,11498.388700398076,22782.84748116632,23822.44252872444
2025-12-16 04:00:00,11498.388700398076,22639.44420234172,23631.59113007354
2025-12-16 08:00:00,11498.388700398076,22671.965464278186,23534.532778555345
2025-12-16 12:00:00,11498.388700398076,22982.93067365162,23962.620568458122
2025-12-16 16:00:00,11498.388700398076,23150.18287789629,24114.132617200885
2025-12-16 20:00:00,11498.388700398076,23068.10540729474,23885.446539062417
2025-12-17 00:00:00,11498.388700398076,23138.103552034176,24046.94806625082
2025-12-17 04:00:00,11498.388700398076,23011.7352199382,23942.870045246967
2025-12-17 08:00:00,11498.388700398076,23015.76166189224,23980.484834842595
2025-12-17 12:00:00,11498.388700398076,22995.319725817888,23889.96550591215
2025-12-17 16:00:00,11498.388700398076,22977.045873872637,23702.502972942413
2025-12-17 20:00:00,11498.388700398076,22677.540537753008,23096.802491389124
2025-12-18 00:00:00,11498.388700398076,22731.123188372134,23193.538585147602
2025-12-18 04:00:00,11498.388700398076,22838.28848961039,23273.784698536845
2025-12-18 08:00:00,11498.388700398076,22906.428276524886,23238.80800445386
2025-12-18 12:00:00,11498.388700398076,23046.73429230792,23449.877917347592
2025-12-18 16:00:00,11498.388700398076,23349.956344077433,24001.56839144195
2025-12-18 20:00:00,11498.388700398076,22310.51486732719,22483.03403616859
2025-12-19 00:00:00,11498.388700398076,22581.21565716024,22822.941838674284
2025-12-19 04:00:00,11498.388700398076,22943.285706719547,23233.03959917555
2025-12-19 08:00:00,11498.388700398076,23253.631463484664,23702.809731803092
2025-12-19 12:00:00,11486.890311697678,23317.744808445124,23825.661908464535
2025-12-19 16:00:00,11481.98431313712,23236.286790451886,23749.438757153617
2025-12-19 20:00:00,11508.467620181618,23199.11963395307,23882.995162750798
2025-12-20 00:00:00,11504.424713960418,23298.232051283245,23927.59977160106
2025-12-20 04:00:00,11517.552802701173,23323.01015561579,23941.648884612885
2025-12-20 08:00:00,11508.331342443827,23341.903460169357,23938.33772617084
2025-12-20 12:00:00,11515.781192109862,23341.5937338652,23969.667236322144
2025-12-20 16:00:00,11504.243010310027,23323.319881919946,23972.96856210913
2025-12-20 20:00:00,11502.97108475729,23322.700429311633,23912.82558825953
2025-12-21 00:00:00,11493.510235573365,23373.185816889192,23913.74991750213
2025-12-21 04:00:00,11473.86071381023,23296.063967154147,23818.760572460276
2025-12-21 08:00:00,11488.313625895924,23320.84207148669,23843.479473614396
2025-12-21 12:00:00,11528.23638708513,23436.989435545496,23927.607503198902
2025-12-21 16:00:00,11471.559754093078,23283.05546237956,23786.07242065441
2025-12-21 20:00:00,11513.102912783092,23394.86665818017,23920.778929336324
2025-12-22 00:00:00,11539.15229754912,23444.732593149416,23986.451886296505
2025-12-22 04:00:00,11557.70971683026,23447.829856190983,24002.91051644723
2025-12-22 08:00:00,11580.508979354912,23543.22555787128,24055.682039447078
2025-12-22 12:00:00,11625.551857776101,23735.2558664485,24208.782735330184
2025-12-22 16:00:00,11626.140913947767,23625.922481081147,24244.193895099226
2025-12-22 20:00:00,11324.15171245929,23181.155508311975,23671.18943947631
2025-12-23 00:00:00,11324.15171245929,23305.046029974696,23858.06109848254
2025-12-23 04:00:00,11324.15171245929,23184.5624976577,23754.481026178124
2025-12-23 08:00:00,11324.15171245929,23018.54919862965,23522.35371839338
2025-12-23 12:00:00,11324.15171245929,23063.769239036545,23587.191784846404
2025-12-23 16:00:00,11324.15171245929,22992.22246277632,23378.23217593835
2025-12-23 20:00:00,11324.15171245929,23047.044018612076,23477.393963894123
2025-12-24 00:00:00,11324.15171245929,22964.656821706365,23470.24012369892
2025-12-24 04:00:00,11324.15171245929,22938.020359548882,23317.3359111802
2025-12-24 08:00:00,11324.15171245929,22828.996700485684,23125.226593635
2025-12-24 12:00:00,11324.15171245929,22894.039224358614,23202.909123417172
2025-12-24 16:00:00,11324.15171245929,22880.411266975716,23285.750711483794
2025-12-24 20:00:00,11324.15171245929,23010.80604102573,23365.222355361024
2025-12-25 00:00:00,11324.15171245929,23042.70785035388,23347.497423853747
2025-12-25 04:00:00,11324.15171245929,23090.715427498188,23382.850615865907
2025-12-25 08:00:00,11324.15171245929,23090.405701194028,23333.73111413427
2025-12-25 12:00:00,11324.15171245929,23000.894799292713,23217.12294989207
2025-12-25 16:00:00,11324.15171245929,23210.889233511025,23526.68433695346
2025-12-25 20:00:00,11324.15171245929,23163.501108975037,23485.273681901468
2025-12-26 00:00:00,11324.15171245929,22921.295139124413,23007.897427453274
2025-12-26 04:00:00,11324.15171245929,23307.833566712106,23436.037626083766
2025-12-26 08:00:00,11324.15171245929,23252.39255826804,23453.132528611568
2025-12-26 12:00:00,11324.15171245929,23269.117778692507,23570.44620918265
2025-12-26 16:00:00,11324.15171245929,22912.622802608024,23189.802327216818
2025-12-26 20:00:00,11324.15171245929,23004.92124124675,23275.660198049278
2025-12-27 00:00:00,11324.15171245929,22980.452863218365,23285.291839875328
2025-12-27 04:00:00,11324.15171245929,23016.381114500553,23441.403465872907
2025-12-27 08:00:00,11324.15171245929,23025.053451016942,23399.44544050674
2025-12-27 12:00:00,11324.15171245929,23007.089325375848,23382.673144251632
2025-12-27 16:00:00,11324.15171245929,23019.47837754212,23391.673121543674
2025-12-27 20:00:00,11324.15171245929,23019.788103846276,23395.179580845237
2025-12-28 00:00:00,11312.827560746831,23104.653111185242,23587.02642877521
2025-12-28 04:00:00,11296.074802469035,23056.645534040937,23508.39220602232
2025-12-28 08:00:00,11296.074802469035,23060.05252338666,23505.37820131689
2025-12-28 12:00:00,11307.480935764555,23094.432143148068,23559.26507286081
2025-12-28 16:00:00,11304.27296077519,23081.113912069326,23551.387167087014
2025-12-28 20:00:00,11263.282169244412,22975.806968656012,23361.702985708915
2025-12-29 00:00:00,11326.015902369776,23115.80325813489,23635.161062102386
2025-12-29 04:00:00,11402.916436143008,23662.16045866749,24254.66354709272
2025-12-29 08:00:00,11325.435793589393,23523.7128007094,24102.42085834591
2025-12-29 12:00:00,11074.96424705217,23023.50481949616,23607.369255961967
2025-12-29 16:00:00,11014.567701927392,23056.645534040937,23427.748980681332
2025-12-29 20:00:00,11014.567701927392,22974.258337135227,23362.538825798787
2025-12-30 00:00:00,11014.567701927392,22925.011854774293,23362.641958740354
2025-12-30 04:00:00,11014.567701927392,22966.20545322715,23451.61651577353
2025-12-30 08:00:00,11014.567701927392,23000.275346684397,23476.898120226702
2025-12-30 12:00:00,11014.567701927392,23117.042163351514,23593.707900970585
2025-12-30 16:00:00,11014.567701927392,23429.86573054989,23811.05041845614
2025-12-30 20:00:00,11014.567701927392,23236.9062430602,23687.42292143655
2025-12-31 00:00:00,11014.567701927392,23300.090409108187,23730.61681543583
2025-12-31 04:00:00,11014.567701927392,23299.161230195718,23815.471477807187
2025-12-31 08:00:00,11014.567701927392,23347.47853364418,23857.502548253815
2025-12-31 12:00:00,11014.567701927392,23442.874235324474,23982.212043427797
2025-12-31 16:00:00,11014.567701927392,23160.713572237622,23764.12378555131
2025-12-31 20:00:00,11014.567701927392,23036.20359796659,23578.389952334397
2026-01-01 00:00:00,11014.567701927392,23065.317870557326,23605.197986700638
2026-01-01 04:00:00,11014.567701927392,23106.511469010184,23678.71593138526
2026-01-01 08:00:00,11014.567701927392,23048.59265013286,23562.038967558197
2026-01-01 12:00:00,11014.567701927392,23166.90809832076,23726.053487761856
2026-01-01 16:00:00,11014.567701927392,23186.111129178484,23720.470243917887
2026-01-01 20:00:00,11014.567701927392,23275.931757383954,23839.295632688212
2026-01-02 00:00:00,10992.538566523537,23390.220763617817,23991.87196400339
2026-01-02 04:00:00,11026.121732100682,23391.769395138603,24064.676132788933
2026-01-02 08:00:00,11024.914775713394,23423.361478162595,24060.314508344032
2026-01-02 12:00:00,11086.484087652772,23627.471112601932,24278.764905431664
2026-01-02 16:00:00,11137.371952534284,23563.048041337315,24368.507059276984
2026-01-02 20:00:00,11310.013616032917,23749.813002743867,24783.90994577376
2026-01-03 00:00:00,11338.320843198282,23783.57316989696,24866.506313229704
2026-01-03 04:00:00,11369.87286590848,23884.54394505208,24950.893294017624
2026-01-03 08:00:00,11209.16130001544,23671.452247792196,24557.827142060585
2026-01-03 12:00:00,11244.459917721944,23718.53064602403,24644.25560749502
2026-01-03 16:00:00,11284.059701005224,23780.78563315955,24752.219959550042
2026-01-03 20:00:00,11317.810547274748,23829.10293660801,24816.80180623388
2026-01-04 00:00:00,11401.803050796148,23965.69223674116,25033.192231246616
2026-01-04 04:00:00,11481.69571303229,24114.670589040586,25222.244309848043
2026-01-04 08:00:00,11471.938864329384,24213.473280066606,25183.29709342735
2026-01-04 12:00:00,11481.632949109182,24162.987892489047,25225.59153830931
2026-01-04 16:00:00,11484.490731696575,24151.837745539404,25255.538889173666
2026-01-04 20:00:00,11431.887631577902,24096.706463399492,25098.292154440423
2026-01-05 00:00:00,11493.369587151625,24221.835890278842,25236.836492305563
2026-01-05 04:00:00,11693.187476348261,24629.12598024504,25697.95001800364
2026-01-05 08:00:00,11600.296232470504,24519.48286857353,25495.817010371196
2026-01-05 12:00:00,11670.230741901658,24693.2393252055,25626.754756938186
2026-01-05 16:00:00,11720.218561046364,24886.818265303504,25725.48792097138
2026-01-05 20:00:00,11798.986002629292,24910.667190723576,25930.43351537292
2026-01-06 00:00:00,11789.837771725728,24824.563278167985,25897.2001446509
2026-01-06 04:00:00,11779.548118606852,24758.901301686743,25889.438890318284
2026-01-06 08:00:00,11730.073222278723,24627.88707502841,25766.875636806377
2026-01-06 12:00:00,11854.452387822914,24840.049593375825,26071.669759564684
2026-01-06 16:00:00,11963.84805551716,24807.52833143936,26337.905673485486
2026-01-06 20:00:00,11723.226995010506,24394.972894302497,25743.70535439584
2026-01-07 00:00:00,11983.238136644817,24838.8106881592,26331.16331126132
2026-01-07 04:00:00,11853.756546681272,24570.277982455245,26034.119481667123
2026-01-07 08:00:00,11852.63124706798,24616.42720177461,26044.23550002574
2026-01-07 12:00:00,11720.422984063971,24402.716051906416,25780.65561765123
2026-01-07 16:00:00,11560.771301036466,24196.43833333798,25415.485714676557
2026-01-07 20:00:00,11560.771301036466,24158.341997926695,25393.118618565753
2026-01-08 00:00:00,11560.771301036466,24220.287258758057,25505.740168313925
2026-01-08 04:00:00,11560.771301036466,24071.61863276279,25449.853439994884
2026-01-08 08:00:00,11560.771301036466,23989.23143585708,25331.320431817396
2026-01-08 12:00:00,11560.771301036466,23906.84423895137,25181.645860468292
2026-01-08 16:00:00,11560.771301036466,24090.511937316354,25411.58667386997
2026-01-08 20:00:00,11560.771301036466,24157.722545318382,25562.865659612165
2026-01-09 00:00:00,11560.771301036466,24194.8897018172,25644.775159049677
2026-01-09 04:00:00,11560.771301036466,24226.172058537035,25893.31969299411
2026-01-09 08:00:00,11560.771301036466,24112.50250491149,25742.2032084507
2026-01-09 12:00:00,11560.771301036466,24038.78764452217,25568.241606943313
2026-01-09 16:00:00,11560.771301036466,24248.472352436325,25736.795579020378
2026-01-09 20:00:00,11560.771301036466,24028.566676484992,25316.54777529698
2026-01-10 00:00:00,11560.771301036466,24109.714968174078,25370.01851723669
2026-01-10 04:00:00,11560.771301036466,24106.30797882835,25398.393531010268
2026-01-10 08:00:00,11560.771301036466,24123.96237816529,25411.585648938162
2026-01-10 12:00:00,11560.771301036466,24145.33349315211,25482.89219002909
2026-01-10 16:00:00,11560.771301036466,24126.749914902703,25451.5357433382
2026-01-10 20:00:00,11560.771301036466,24120.24566251541,25431.140111043616
2026-01-11 00:00:00,11560.771301036466,24095.77728448702,25377.333357994852
2026-01-11 04:00:00,11560.771301036466,24145.33349315211,25438.584719784285
2026-01-11 08:00:00,11560.771301036466,24138.51951446066,25429.683682002076
2026-01-11 12:00:00,11560.771301036466,24141.61677750223,25480.243293394647
2026-01-11 16:00:00,11549.210529735428,24175.37694465532,25687.474792343553
2026-01-11 20:00:00,11555.26906851368,24112.192778607332,25756.464160772863
2026-01-12 00:00:00,11553.513387442548,24223.074795495468,25826.44113699047
2026-01-12 04:00:00,11561.867586600129,24365.5488954076,26154.0448408924
2026-01-12 08:00:00,11464.575485993457,24203.871764637744,25922.758475748335
2026-01-12 12:00:00,11356.667330694003,24014.628992797938,25715.32770210703
2026-01-12 16:00:00,11422.306867265454,24279.13525654785,26057.85991717784
2026-01-12 20:00:00,11384.933159839604,24357.186285195367,25940.280709050337
2026-01-13 00:00:00,11326.277481520496,24215.641364195704,25690.066948146974
2026-01-13 04:00:00,11326.277481520496,24266.746204381576,25697.822038934537
2026-01-13 08:00:00,11314.951204038975,24395.282620606653,25871.82276282415
2026-01-13 12:00:00,11315.814005126897,24400.857694081475,26059.805890246065
2026-01-13 16:00:00,11360.130166080371,24832.925888380218,26465.1629208036
2026-01-13 20:00:00,11452.99190980243,25045.707859335944,26658.436120865903
2026-01-14 00:00:00,11664.94521612763,25364.10650000914,27041.26527811885
2026-01-14 04:00:00,11722.524830873714,25435.033823661048,27156.427299672567
2026-01-14 08:00:00,11647.038760510039,25300.922333961153,26958.04296993014
2026-01-14 12:00:00,11543.670688276983,25196.23484315615,26750.918914770664
2026-01-14 16:00:00,11781.572590518648,25711.309686968918,27325.480985770526
2026-01-14 20:00:00,11838.159591388057,25890.64121707571,27412.88494259736
2026-01-15 00:00:00,11801.539878678737,25790.289894528905,27343.59360220087
2026-01-15 04:00:00,11595.346563190025,25536.93377772864,26849.293121620412
2026-01-15 08:00:00,11732.477668548603,25741.043412167972,27158.809252914616
2026-01-15 12:00:00,11741.911099285167,25716.575034139587,27148.718732929417
2026-01-15 16:00:00,11716.82364769445,25820.333346032116,27067.739010471814
2026-01-15 20:00:00,11550.270114502908,25459.502201689436,26693.4243751748
2026-01-16 00:00:00,11586.718294555883,25495.430452971625,26821.976387449555
2026-01-16 04:00:00,11546.604075285235,25420.16696106152,26734.93789118147
2026-01-16 08:00:00,11578.702869086943,25516.182115350133,26878.01112450761
2026-01-16 12:00:00,11553.37151535714,25432.246286923637,26844.896560923764
2026-01-16 16:00:00,11490.760186482372,25263.44545115818,26542.774032292335
2026-01-16 20:00:00,11518.845488813622,25363.487047400828,26912.93522900459
2026-01-17 00:00:00,11565.812009639085,25514.943210133504,27067.046657885603
2026-01-17 04:00:00,11536.888511385056,25459.19247538528,26990.276817506965
2026-01-17 08:00:00,11527.628138192827,25394.769404120663,26897.219943341857
2026-01-17 12:00:00,11527.628138192827,25455.475759735396,26971.463595710287
2026-01-17 16:00:00,11527.628138192827,25528.261441212246,27059.555770919582
2026-01-17 20:00:00,11527.628138192827,25469.72316972661,27037.152439710768
2026-01-18 00:00:00,11527.628138192827,25420.786413669837,26952.73747244314
2026-01-18 04:00:00,11527.628138192827,25434.414371052735,26883.0233506381
2026-01-18 08:00:00,11527.628138192827,25397.866667162234,26790.84245432393
2026-01-18 12:00:00,11527.628138192827,25429.768476490382,26845.635269762555
2026-01-18 16:00:00,11527.628138192827,25411.184898240976,26809.430336239635
2026-01-18 20:00:00,11516.100510054635,25469.72316972661,26870.10210411559
2026-01-19 00:00:00,11422.802365109184,24954.338599609688,26142.368775550516
2026-01-19 04:00:00,11422.802365109184,24702.221388026046,25563.556413372084
2026-01-19 08:00:00,11422.802365109184,24733.503744745885,25530.364608171498
2026-01-19 12:00:00,11422.802365109184,24821.775741430574,25647.348714240223
2026-01-19 16:00:00,11422.802365109184,24767.88336450729,25551.282510407786
2026-01-19 20:00:00,11422.802365109184,24769.431996028074,25642.541709630925
2026-01-20 00:00:00,11422.802365109184,24634.08160111155,25450.81159696947
2026-01-20 04:00:00,11422.802365109184,24549.216593772584,25469.8549747282
2026-01-20 08:00:00,11422.802365109184,24136.66115663572,24842.108183171116
2026-01-20 12:00:00,11422.802365109184,24066.97273820044,24565.873887875787
2026-01-20 16:00:00,11422.802365109184,23929.14453285066,24330.826836308952
2026-01-20 20:00:00,11422.802365109184,23690.965004954076,24157.02953416002
2026-01-21 00:00:00,11422.802365109184,23328.275502786455,23805.9374318821
2026-01-21 04:00:00,11422.802365109184,23606.09999761511,24136.683069524486
2026-01-21 08:00:00,11422.802365109184,23559.33132568743,24112.19058599759
2026-01-21 12:00:00,11422.802365109184,23460.83836096557,23988.252260141213
2026-01-21 16:00:00,11422.802365109184,23887.33148178949,24564.526485141825
2026-01-21 20:00:00,11422.802365109184,23921.091648942584,24763.99026718807
2026-01-22 00:00:00,11422.802365109184,23722.24736167391,24438.961867539874
2026-01-22 04:00:00,11422.802365109184,23807.112369012877,24514.606326652887
2026-01-22 08:00:00,11422.802365109184,23781.405085767863,24485.126236085773
2026-01-22 12:00:00,11422.802365109184,23790.077422284252,24481.793220898355
2026-01-22 16:00:00,11422.802365109184,23478.802486606663,24021.91668837204
2026-01-22 20:00:00,11422.802365109184,23657.514564105142,24247.20032566018
2026-01-23 00:00:00,11422.802365109184,23583.180251107508,24133.563723366075
2026-01-23 04:00:00,11422.802365109184,23694.681720603956,24223.31904194402
2026-01-23 08:00:00,11422.802365109184,23603.002734573543,24098.181134292237
2026-01-23 12:00:00,11422.802365109184,23516.89882201795,24021.80758347367
2026-01-23 16:00:00,11422.802365109184,23622.82521803958,24081.598983753334
2026-01-23 20:00:00,11422.802365109184,23569.862020028766,24016.61945828513
2026-01-24 00:00:00,11422.802365109184,23453.09520336165,23896.625083594095
2026-01-24 04:00:00,11422.802365109184,23491.810991381248,23956.017218152585
2026-01-24 08:00:00,11422.802365109184,23452.16602444918,23863.470604219452
2026-01-24 12:00:00,11422.802365109184,23448.449308799296,23873.24775144484
2026-01-24 16:00:00,11422.802365109184,23364.82320667696,23808.10083989836
2026-01-24 20:00:00,11422.802365109184,23372.876090585036,23850.956705763183
2026-01-25 00:00:00,11422.802365109184,23345.000723210924,23828.468606353592
2026-01-25 04:00:00,11422.802365109184,23277.170662600583,23741.56128382237
2026-01-25 08:00:00,11422.802365109184,23197.571002432283,23695.484040213225
2026-01-25 12:00:00,11422.802365109184,23162.88165636672,23699.39703721599
2026-01-25 16:00:00,11422.802365109184,23136.86464681755,23565.75822690917
2026-01-25 20:00:00,11422.802365109184,22616.21472952996,22515.979548932046
2026-01-26 00:00:00,11422.802365109184,22614.04664540086,22564.66641577104
2026-01-26 04:00:00,11422.802365109184,22763.954176612755,22915.02176987274
2026-01-26 08:00:00,11422.802365109184,23004.92124124675,23225.35727225275
2026-01-26 12:00:00,11422.802365109184,22928.41884412002,23125.28956906121
2026-01-26 16:00:00,11422.802365109184,22804.21859615314,23145.005322600548
2026-01-26 20:00:00,11422.802365109184,22927.489665207548,23303.553177525973
2026-01-27 00:00:00,11422.802365109184,23026.602082537727,23346.375146246966
2026-01-27 04:00:00,11422.802365109184,23115.49353183073,23405.880358137794
2026-01-27 08:00:00,11422.802365109184,23034.654966445803,23383.346894978167
2026-01-27 12:00:00,11422.802365109184,22882.269624800654,23241.56981291544
2026-01-27 16:00:00,11422.802365109184,22788.112828336987,23247.229988399253
2026-01-27 20:00:00,11422.802365109184,22829.925879398157,23358.010535586793
2026-01-28 00:00:00,11411.379562744076,22964.037369098052,23531.295498332845
2026-01-28 04:00:00,11390.815208201237,22966.824905835463,23507.416464546804
2026-01-28 08:00:00,11393.389538298647,22995.00999951373,23540.909392267342
2026-01-28 12:00:00,11432.553841550693,23284.604093900347,23818.665127206747
2026-01-28 16:00:00,11384.935164210268,23179.916603095346,23581.825872488524
2026-01-28 20:00:00,11394.921433705822,23164.430287887506,23580.695247202708
2026-01-29 00:00:00,11360.073717455696,23060.05252338666,23434.98537478323
2026-01-29 04:00:00,11214.511803731426,22727.406472722254,23013.17588997083
2026-01-29 08:00:00,11227.762032173978,22828.067521573215,23143.943634940282
2026-01-29 12:00:00,11186.881427937216,22737.007988151112,23021.720890692028
2026-01-29 16:00:00,11186.881427937216,22015.345699465757,22169.43000358529
2026-01-29 20:00:00,11186.881427937216,21739.379562462043,21938.853054857267
2026-01-30 00:00:00,11186.881427937216,21881.23420976586,22098.863983873416
2026-01-30 04:00:00,11186.881427937216,21458.148078287664,21579.26064874233
2026-01-30 08:00:00,11186.881427937216,21457.838351983504,21684.888239573615
2026-01-30 12:00:00,11186.881427937216,21523.50032846475,21841.486084923803
2026-01-30 16:00:00,11186.881427937216,21542.70335932247,21846.59585103629
2026-01-30 20:00:00,11186.881427937216,21950.92262820114,22166.838366081553
2026-01-31 00:00:00,11186.881427937216,21990.567595133212,22099.377123115846
2026-01-31 04:00:00,11186.881427937216,21928.62233430185,22148.630692623723
2026-01-31 08:00:00,11186.881427937216,21806.28044415991,21987.6838848017
2026-01-31 12:00:00,11186.881427937216,21670.930049243387,21761.121821487344
2026-01-31 16:00:00,11186.881427937216,21221.82690821602,20774.070124373713
2026-01-31 20:00:00,11186.881427937216,20336.629130935868,19644.008485017446
2026-02-01 00:00:00,11186.881427937216,20614.143899460367,20205.99855326462
2026-02-01 04:00:00,11186.881427937216,20638.3025511846,20134.89824747033
2026-02-01 08:00:00,11186.881427937216,20490.87283040596,20053.332509077634
2026-02-01 12:00:00,11186.881427937216,20605.781289248134,20083.977168235913
2026-02-01 16:00:00,11186.881427937216,20286.453469662465,19514.26629114234
2026-02-01 20:00:00,11186.881427937216,20162.253221695588,19499.669062377165
2026-02-02 00:00:00,11186.881427937216,20107.431665859833,19312.89551683847
2026-02-02 04:00:00,11186.881427937216,19904.87066294128,19106.85579016214
2026-02-02 08:00:00,11186.881427937216,20005.531711792242,19277.19925638878
2026-02-02 12:00:00,11186.881427937216,20295.74525878717,19561.84570309414
2026-02-02 16:00:00,11186.881427937216,20711.70768526976,20092.065401305925
2026-02-02 20:00:00,11186.881427937216,20568.614132749317,19903.479417999453
2026-02-03 00:00:00,11186.881427937216,20665.24873964624,20008.474920656587
2026-02-03 04:00:00,11186.881427937216,20634.585835534715,19942.387086572457
2026-02-03 08:00:00,11186.881427937216,20645.735982484362,19965.381011706057
2026-02-03 12:00:00,11186.881427937216,20510.07586126368,19732.59089728712
2026-02-03 16:00:00,11186.881427937216,20476.315694110588,19683.023187147817
2026-02-03 20:00:00,11186.881427937216,19634.47959941239,18930.127798961803
2026-02-04 00:00:00,11186.881427937216,19838.898960155882,18916.41118596593
2026-02-04 04:00:00,11186.881427937216,20059.114362411372,19164.033454929435
2026-02-04 08:00:00,11186.881427937216,20014.51377461279,19033.07349774785
2026-02-04 12:00:00,11186.881427937216,19914.162452065986,18812.102623895968
2026-02-04 16:00:00,11186.881427937216,19437.80339627282,18208.039732698162
2026-02-04 20:00:00,11186.881427937216,19354.48702045464,18359.38056374973
2026-02-05 00:00:00,11186.881427937216,19162.766438181574,18032.92879790521
2026-02-05 04:00:00,11186.881427937216,18677.115593263705,17750.30667399562
2026-02-05 08:00:00,11186.881427937216,18541.45547204302,17606.9858295121
2026-02-05 12:00:00,11186.881427937216,18438.316612758805,17510.17561057295
2026-02-05 16:00:00,11186.881427937216,17703.336092994705,16600.077990800135
2026-02-05 20:00:00,11186.881427937216,17108.661589013638,16072.641649421807
2026-02-06 00:00:00,11186.881427937216,16522.039968940648,15444.172876164936
2026-02-06 04:00:00,11186.881427937216,16847.56231460945,15473.26440931591
2026-02-06 08:00:00,11186.881427937216,17029.99110775781,15826.1860796359
2026-02-06 12:00:00,11186.881427937216,17499.22645855537,16181.377049949602
2026-02-06 16:00:00,11186.881427937216,18010.584586718258,16715.593227824524
2026-02-06 20:00:00,11186.881427937216,18555.702882034235,17258.52540418882
2026-02-07 00:00:00,11186.881427937216,18522.2524411853,17291.024917891395
2026-02-07 04:00:00,11186.881427937216,18615.4800587365,17408.281309376158
2026-02-07 08:00:00,11186.881427937216,17870.898023543537,16803.207704388646
2026-02-07 12:00:00,11186.881427937216,17852.933897902443,16764.589776102832
2026-02-07 16:00:00,11186.881427937216,18192.703653562457,17096.505788890223
2026-02-07 20:00:00,11186.881427937216,18219.030389415788,17309.936930751417
2026-02-08 00:00:00,11186.881427937216,18191.155022041676,17221.33130427556
2026-02-08 04:00:00,11186.881427937216,18150.89060250129,17132.025595356186
2026-02-08 08:00:00,11186.881427937216,18311.01910175036,17241.519069693783
2026-02-08 12:00:00,11175.69454650928,18669.68216196394,17522.12695729864
2026-02-08 16:00:00,11120.42511466521,18708.39794998354,17449.371228559707
2026-02-08 20:00:00,11160.674913168466,18757.644432344474,17526.33398430071
2026-02-09 00:00:00,11026.796730050131,18440.174970583746,17237.692861567826
2026-02-09 04:00:00,11095.188788951893,18695.69917151311,17399.5565193869
2026-02-09 08:00:00,10966.137897265278,18407.03425603897,17016.141851551765
2026-02-09 12:00:00,10809.171717976184,17982.709219344146,16617.16670844266
2026-02-09 16:00:00,10875.950223078187,18084.609173411733,16826.572860043758
2026-02-09 20:00:00,11062.947913876198,18436.148528629707,17278.18245655873
2026-02-10 00:00:00,10976.171457461709,18255.57809330629,17090.338370873913
2026-02-10 04:00:00,10893.643887847093,18065.71586885817,16877.35286086361
2026-02-10 08:00:00,10893.643887847093,17920.14450590447,16645.11144973998
2026-02-10 12:00:00,10893.643887847093,17829.084972482367,16540.09297675071
2026-02-10 16:00:00,10893.643887847093,18016.469386497236,16659.73808651872
2026-02-10 20:00:00,10893.643887847093,17974.34660913191,16535.233722607594
2026-02-11 00:00:00,10893.643887847093,17931.914105462427,16529.032876054684
2026-02-11 04:00:00,10893.643887847093,17728.423923631406,16454.949474408826
2026-02-11 08:00:00,10893.643887847093,17421.175429907857,16048.846028440428
2026-02-11 12:00:00,10893.643887847093,17440.06873446142,16093.463586705973
2026-02-11 16:00:00,10893.643887847093,17376.26511580512,15936.479407667015
2026-02-11 20:00:00,10893.643887847093,17615.064096310016,16024.55025132293
2026-02-12 00:00:00,10893.643887847093,17492.102753559764,15933.878164647718
2026-02-12 04:00:00,10893.643887847093,17626.833695867976,16144.218866048353
2026-02-12 08:00:00,10893.643887847093,17534.844983533403,16136.423158469257
2026-02-12 12:00:00,10893.643887847093,17740.193523189366,16323.952162742351
2026-02-12 16:00:00,10893.643887847093,17495.509742905488,16015.914379380554
2026-02-12 20:00:00,10893.643887847093,17166.270681586804,15653.279678756518
2026-02-13 00:00:00,10893.643887847093,17282.727771949765,15785.697849629
2026-02-13 04:00:00,10893.643887847093,17364.49551624716,15889.002666582786
2026-02-13 08:00:00,10893.643887847093,17288.9222980329,15840.579192210336
2026-02-13 12:00:00,10893.643887847093,17537.0130676625,16079.464493598247
2026-02-13 16:00:00,10882.750243959244,17961.028378053168,16610.213162822118
2026-02-13 20:00:00,10908.116078051913,17994.78854520626,16780.416972065814
2026-02-14 00:00:00,10873.490049673082,17964.74509370305,16721.418641212833
2026-02-14 04:00:00,10904.222062642582,18006.867871068374,16810.480876487596
2026-02-14 08:00:00,10934.582175326512,18077.485468416126,16858.861557116084
2026-02-14 12:00:00,11179.362842665181,18435.219349717237,17245.668558379235
2026-02-14 16:00:00,11127.550438235077,18248.14466200653,17182.933364635715
2026-02-14 20:00:00,11164.183636031668,18262.701798301896,17259.994513661048
2026-02-15 00:00:00,11150.663286943225,18249.383567223154,17235.501302197546
2026-02-15 04:00:00,11134.738699567613,18289.338260459383,17264.59197192965
2026-02-15 08:00:00,11336.04264105515,18525.659430531025,17601.02910693959
2026-02-15 12:00:00,11179.182736776891,18371.415731060937,17351.729836397248
2026-02-15 16:00:00,10928.481280864104,18047.442016912915,16991.190749808527
2026-02-15 20:00:00,10786.640066623837,17829.394698786527,16630.91822258289
2026-02-16 00:00:00,10819.273775750695,17963.506188486423,16778.25808569387
2026-02-16 04:00:00,10777.971737637014,17862.84513963546,16646.195671741436
2026-02-16 08:00:00,10776.9519342268,17914.56943242965,16677.639496250005
2026-02-16 12:00:00,10796.83810072598,17971.868798698655,16749.202077650734
2026-02-16 16:00:00,10689.216717140944,17654.39933693793,16404.040892068675
2026-02-16 20:00:00,10689.216717140944,17749.175586009915,16594.225371580935
2026-02-17 00:00:00,10689.216717140944,18011.823491934883,16894.013228036678
2026-02-17 04:00:00,10689.216717140944,17912.711074604707,16838.750293453595
2026-02-17 08:00:00,10689.216717140944,17905.277643304944,16855.656715127
2026-02-17 12:00:00,10689.216717140944,17764.97162752191,16655.631545482196
2026-02-17 16:00:00,10689.216717140944,17677.62880974969,16520.847543377367
2026-02-17 20:00:00,10689.216717140944,17725.016934285683,16643.353260500207
2026-02-18 00:00:00,10689.216717140944,17641.390832163346,16627.63369810704
2026-02-18 04:00:00,10689.216717140944,17689.39840930765,16681.951138900484
2026-02-18 08:00:00,10689.216717140944,17828.77524617821,16756.071286660233
2026-02-18 12:00:00,10689.216717140944,17637.364390209306,16416.4378116043
2026-02-18 16:00:00,10689.216717140944,17735.85735493117,16474.671412322255
2026-02-18 20:00:00,10689.216717140944,17393.6097888379,16135.288847969761
2026-02-19 00:00:00,10689.216717140944,17462.36902836071,16241.405023367875
2026-02-19 04:00:00,10689.216717140944,17594.622160235667,16320.331398312333
2026-02-19 08:00:00,10689.216717140944,17635.81575868852,16399.611253293406
2026-02-19 12:00:00,10689.216717140944,17478.474796176866,16212.890363665483
2026-02-19 16:00:00,10689.216717140944,17477.235890960237,16131.93743595391
2026-02-19 20:00:00,10689.216717140944,17650.063168679735,16337.965744960933
2026-02-20 00:00:00,10689.216717140944,17628.692053692917,16382.21840275016
2026-02-20 04:00:00,10689.216717140944,17741.122702101835,16494.878395885833
2026-02-20 08:00:00,10689.216717140944,17873.995286585105,16596.09326313818
2026-02-20 12:00:00,10689.216717140944,17718.822408202544,16512.694715505088
2026-02-20 16:00:00,10689.216717140944,17762.493817088656,16623.939501861692
2026-02-20 20:00:00,10689.216717140944,17778.289858600652,16658.954722112205
2026-02-21 00:00:00,10689.216717140944,17868.420213110283,16686.668770667722
2026-02-21 04:00:00,10689.216717140944,17777.050953384027,16611.54997927285
2026-02-21 08:00:00,10689.216717140944,17833.73086704472,16629.590404573395
2026-02-21 12:00:00,10667.838283706662,17899.392843525962,16782.385873845502
2026-02-21 16:00:00,10744.413786884837,18037.840501484057,16955.88416147638
2026-02-21 20:00:00,10714.265603953252,18018.637470626334,16914.62969112819
2026-02-22 00:00:00,10611.392878506438,17867.80076050197,16740.65657719969
2026-02-22 04:00:00,10613.356205555141,17883.28707570981,16739.680104461106
2026-02-22 08:00:00,10622.610347563246,17877.402275930832,16756.24609544917
2026-02-22 12:00:00,10644.589089153325,17935.321094808154,16787.215327240585
2026-02-22 16:00:00,10475.00266709967,17799.351247283317,16535.697484451808
2026-02-22 20:00:00,10449.681986567452,17725.32666058984,16480.214884333436
2026-02-23 00:00:00,10449.681986567452,17701.477735169767,16391.14896804172
2026-02-23 04:00:00,10449.681986567452,17014.814518854128,15562.928630361057
2026-02-23 08:00:00,10449.681986567452,17279.630508908194,15843.421640593733
2026-02-23 12:00:00,10449.681986567452,17402.901577962602,16023.045329360486
2026-02-23 16:00:00,10449.681986567452,17237.19800523871,15870.070975969575
2026-02-23 20:00:00,10449.681986567452,16890.30454458309,15597.994163448799
2026-02-24 00:00:00,10449.681986567452,16976.71818344284,15590.98076979
2026-02-24 04:00:00,10449.681986567452,16723.052340338414,15387.821952581644
2026-02-24 08:00:00,10449.681986567452,16615.267586491846,15336.232314771514
2026-02-24 12:00:00,10449.681986567452,16625.178828224864,15340.178264644277
2026-02-24 16:00:00,10449.681986567452,16834.553809834866,15491.911878439352
2026-02-24 20:00:00,10449.681986567452,16944.506647810533,15636.575765832169
2026-02-25 00:00:00,10449.681986567452,16853.44711438843,15662.777666876036
2026-02-25 04:00:00,10449.681986567452,17177.11110223229,16090.981550476554
2026-02-25 08:00:00,10449.681986567452,17076.45005338133,16079.875811180951
2026-02-25 12:00:00,10449.681986567452,17212.41990090617,16293.840322888762
2026-02-25 16:00:00,10428.782622594317,17696.522114303258,16810.53014800258
2026-02-25 20:00:00,10655.684301540805,18118.369340564826,17355.554401699832
2026-02-26 00:00:00,10505.148250909791,17816.695920316095,17081.19900994483
2026-02-26 04:00:00,10508.532459608616,17875.54391810589,17089.079615653714
2026-02-26 08:00:00,10467.834157039299,17789.4400055503,17003.47820713539
2026-02-26 12:00:00,10479.145017315874,17867.80076050197,17002.929440031363
2026-02-26 16:00:00,10396.767441675063,17694.973482782472,16893.297380629534
2026-02-26 20:00:00,10396.127457101456,17750.104764922384,16892.373751734354
2026-02-27 00:00:00,10356.24354146545,17710.76952429447,16815.72372327242
2026-02-27 04:00:00,10463.5947394576,17744.219965143406,17016.796140894767
2026-02-27 08:00:00,10422.218453370748,17744.219965143406,16960.02666896544
2026-02-27 12:00:00,10073.98453580206,17362.017705813905,16391.384144724612
2026-02-27 16:00:00,9990.939494671024,17347.460569518535,16279.546120265026
2026-02-27 20:00:00,9990.939494671024,17148.30655594571,16066.225258121787
2026-02-28 00:00:00,9990.939494671024,17288.302845424587,16158.335342124654
2026-02-28 04:00:00,9990.939494671024,17267.241456741922,16135.693343572417
2026-02-28 08:00:00,9990.939494671024,16762.077854662173,15595.830016219876
2026-02-28 12:00:00,9990.939494671024,16777.87389617417,15625.026669656509
2026-02-28 16:00:00,9990.939494671024,17042.070433619927,15951.370676722585
2026-02-28 20:00:00,9990.939494671024,17440.06873446142,16280.690393126664
2026-03-01 00:00:00,9990.939494671024,17594.622160235667,16558.843494340043
2026-03-01 04:00:00,9990.939494671024,17714.486239944352,17014.645001214412
2026-03-01 08:00:00,9990.939494671024,17615.993275222485,16827.60150107468
2026-03-01 12:00:00,9990.939494671024,17445.334081632085,16596.573691407244
2026-03-01 16:00:00,9990.939494671024,17543.207593745636,16699.22786106002
2026-03-01 20:00:00,9990.939494671024,17327.6380860525,16347.369000427892
2026-03-02 00:00:00,9990.939494671024,17332.28398061485,16398.328135319996
2026-03-02 04:00:00,9990.939494671024,17562.720350907515,16603.15196617158
2026-03-02 08:00:00,9990.939494671024,17455.245323365103,16397.488291292015
2026-03-02 12:00:00,9990.939494671024,17522.146205062974,16521.214531512796
2026-03-02 16:00:00,9961.056325693942,18328.36377478314,17444.635325738716
2026-03-02 20:00:00,9874.362678291222,18236.684788752726,17260.27697584891
2026-03-03 00:00:00,9825.161067769082,18231.109715277904,17166.29262164334
2026-03-03 04:00:00,9761.538897413078,18113.723446002474,17070.663222109448
2026-03-03 08:00:00,9740.32301980896,18130.7583927311,17031.13748975843
2026-03-03 12:00:00,9618.544897240421,17898.463664613493,16820.83601494755
2026-03-03 16:00:00,9718.92325732697,18129.209761210313,17014.329363879577
2026-03-03 20:00:00,9747.337407693696,18257.746177435387,17041.368620117006
2026-03-04 00:00:00,9808.591078951602,18234.826430927784,17212.639672092788
2026-03-04 04:00:00,9694.837617546284,18076.556289503656,17021.750748661594
2026-03-04 08:00:00,9840.603582773445,18539.597114218082,17395.91217495708
2026-03-04 12:00:00,9985.75519281648,18932.639794193066,17802.092374736756
2026-03-04 16:00:00,10361.261407886668,19545.588150119387,18437.107295995105
2026-03-04 20:00:00,10426.204787289696,19608.772316167375,18522.508315511128
2026-03-05 00:00:00,10215.567161520345,19353.867567846322,18148.09657028829
2026-03-05 04:00:00,10181.440798815474,19343.956326113304,18068.44772566654
2026-03-05 08:00:00,10154.879014531947,19243.91472987066,18046.853924804225
2026-03-05 12:00:00,10301.720331046274,19463.200953213676,18312.042579331785
2026-03-05 16:00:00,10103.18571466986,19171.748501002123,17960.31211568859
2026-03-05 20:00:00,10022.895373938296,18987.46135002882,17807.54379857514
2026-03-06 00:00:00,9991.832407345864,18930.161983759812,17755.440321504313
2026-03-06 04:00:00,9978.900841905037,18949.05528831338,17724.793909148462
2026-03-06 08:00:00,9982.823304526954,18961.754066783808,17761.21771196289
2026-03-06 12:00:00,9909.83313590086,18814.634072309324,17580.028908684686
2026-03-06 16:00:00,9812.618852850432,18333.00966934549,17048.62083458284
2026-03-06 20:00:00,9812.618852850432,18198.278727037283,17051.61131696293
2026-03-07 00:00:00,9812.618852850432,18176.28815944215,16975.905479275076
2026-03-07 04:00:00,9812.618852850432,18172.571443792265,16959.91450657473
2026-03-07 08:00:00,9812.618852850432,18106.29001470271,16913.361482975793
2026-03-07 12:00:00,9812.618852850432,18158.0143074969,16982.648417588098
2026-03-07 16:00:00,9812.618852850432,18127.661129689528,16873.828432154063
2026-03-07 20:00:00,9812.618852850432,17915.188885037962,16653.63763117457
2026-03-08 00:00:00,9812.618852850432,17973.107703915284,16767.158994207857
2026-03-08 04:00:00,9812.618852850432,17902.79983287169,16622.0226972494
2026-03-08 08:00:00,9812.618852850432,17995.71772411873,16733.665491273714
2026-03-08 12:00:00,9812.618852850432,18045.27393278382,16723.52581494791
2026-03-08 16:00:00,9812.618852850432,17971.868798698655,16621.8744277771
2026-03-08 20:00:00,9812.618852850432,18018.94719693049,16726.07090417693
2026-03-09 00:00:00,9812.618852850432,17744.529691447562,16550.388406422488
2026-03-09 04:00:00,9812.618852850432,18087.086983844987,16883.045327244006
2026-03-09 08:00:00,9812.618852850432,18104.741383181925,16855.598687109796
2026-03-09 12:00:00,9812.618852850432,18162.35047575509,16928.39810384491
2026-03-09 16:00:00,9812.618852850432,18419.42330820524,17172.88074431858
2026-03-09 20:00:00,9812.618852850432,18420.662213421867,17263.05550152996
2026-03-10 00:00:00,9812.618852850432,18248.14466200653,17036.548559994746
2026-03-10 04:00:00,9802.80623399758,18529.376146180908,17242.22092759524
2026-03-10 08:00:00,9815.90943270397,18714.28274976252,17404.28658352652
2026-03-10 12:00:00,9861.938623478569,18793.572683626662,17471.985591526598
2026-03-10 16:00:00,9977.066280783283,18983.434908074785,17703.35164771795
2026-03-10 20:00:00,9785.124763398695,18687.026834996723,17346.809776479087
2026-03-11 00:00:00,9778.405808477239,18669.68216196394,17329.087194865344
2026-03-11 04:00:00,9708.159171725521,18530.305325093377,17219.270286554514
2026-03-11 08:00:00,9707.675555978598,18583.887975712503,17225.258647700422
2026-03-11 12:00:00,9664.26504344719,18482.297747949073,17128.29241604353
2026-03-11 16:00:00,9784.151118902257,18819.899419479993,17398.53648815474
2026-03-11 20:00:00,9839.499061777718,18911.578405510405,17638.219257068242
2026-03-12 00:00:00,9798.367849518294,18844.367797508377,17547.121688368647
2026-03-12 04:00:00,9717.940886309043,18652.956941539473,17287.545464441515
2026-03-12 08:00:00,9757.388436185422,18734.105233228554,17411.539871342386
2026-03-12 12:00:00,9818.279101822705,18884.01276444045,17586.228071686262
2026-03-12 16:00:00,9849.734004451373,18916.84375268107,17618.26710841835
2026-03-12 20:00:00,9854.38773766536,18954.6303617882,17654.277974062068
2026-03-13 00:00:00,9857.477562836832,18961.44434047965,17653.76284313169
2026-03-13 04:00:00,9972.39701226404,19223.472793796307,18100.614528616556
2026-03-13 08:00:00,9958.054058654063,19365.637167404282,18070.211435292164
2026-03-13 12:00:00,10072.280748014933,19512.757161878766,18302.804995166916
2026-03-13 16:00:00,10057.95375250059,19447.714638005837,18234.93223301097
2026-03-13 20:00:00,9980.391666293766,19309.266980047745,18110.7884771959
2026-03-14 00:00:00,9926.36760473251,19234.622940745954,18004.49556277567
2026-03-14 04:00:00,9963.393209832315,19287.586138756767,18065.725732498697
2026-03-14 08:00:00,9863.202542167013,19162.456711877418,17885.476517437935
2026-03-14 12:00:00,9853.731596541114,19206.747573371842,17858.65810705378
2026-03-14 16:00:00,9839.656452259891,19166.1734275273,17824.493188354965
2026-03-14 20:00:00,9865.434357203547,19204.8892155469,17877.816999187202
2026-03-15 00:00:00,9958.86563853571,19345.195231329933,18053.437002705366
2026-03-15 04:00:00,9958.305272080772,19382.672114132907,18047.327090696104
2026-03-15 08:00:00,10001.181638579597,19419.219818023408,18122.638774502248
2026-03-15 12:00:00,10043.007245120847,19522.358677307628,18186.836209678666
2026-03-15 16:00:00,9960.14426653581,19414.57392346106,18054.336486972472
2026-03-15 20:00:00,10000.726490754067,19424.175438889917,18110.674354514158
2026-03-16 00:00:00,10299.356929206837,19732.972564134256,18698.834464298874
2026-03-16 04:00:00,10439.13929055876,19907.967925982848,18890.369924800794
2026-03-16 08:00:00,10492.011991169293,19920.666704453277,18980.379849766483
2026-03-16 12:00:00,10488.550824447462,19851.59773862631,18947.56265500968
2026-03-16 16:00:00,10453.662689243542,19763.016015637466,18858.709399345233
2026-03-16 20:00:00,10629.904933329914,19914.7819046743,19159.86620385963
2026-03-17 00:00:00,10752.475528181147,20176.190905382642,19387.38850719452
2026-03-17 04:00:00,10616.246833601235,20085.750824568855,19116.199010730452
2026-03-17 08:00:00,10626.842178311088,20016.991585046046,19133.73112133043
2026-03-17 12:00:00,10574.41821791856,19932.746030315393,19014.955967532194
2026-03-17 16:00:00,10542.43185511468,19875.756390350543,18978.351115738005
2026-03-17 20:00:00,10600.237590066028,20020.708300695926,19106.415152465263
2026-03-18 00:00:00,10561.16923275798,19850.358833409682,19037.511384316036
2026-03-18 04:00:00,10641.845706328233,20004.602532879773,19164.702131128244
2026-03-18 08:00:00,10547.976144317701,19866.15487492168,18991.622416764436
2026-03-18 12:00:00,10315.130926808444,19576.870506839223,18610.633918506446
2026-03-18 16:00:00,10182.192369418746,19230.596498791914,18153.783750479226
2026-03-18 20:00:00,10182.192369418746,19197.765510551293,18225.886475181167
2026-03-19 00:00:00,10182.192369418746,19254.44542421199,18311.097588593468
2026-03-19 04:00:00,10182.192369418746,19222.23388857968,18362.715240666996
2026-03-19 08:00:00,10182.192369418746,18987.151623724665,18125.783472881714
2026-03-19 12:00:00,10182.192369418746,18878.12796466147,18072.921445491644
2026-03-19 16:00:00,10182.192369418746,18669.37243565978,17698.36146004394
2026-03-19 20:00:00,10182.192369418746,18788.617062760153,17813.951017103875
2026-03-20 00:00:00,10182.192369418746,18706.5395921586,17808.846315529758
2026-03-20 04:00:00,10182.192369418746,18955.559540700673,17991.16920459922
2026-03-20 08:00:00,10182.192369418746,18966.709687650316,17960.61467245976
2026-03-20 12:00:00,10182.192369418746,18867.906996624297,17897.13413492735
2026-03-20 16:00:00,10182.192369418746,18748.35264321977,17855.632942327735
2026-03-20 20:00:00,10182.192369418746,18796.360220364073,17853.996502830858
2026-03-21 00:00:00,10182.192369418746,18876.26960683653,17977.98197520644
2026-03-21 04:00:00,10182.192369418746,18920.250742026798,18059.20081419703
2026-03-21 08:00:00,10182.192369418746,18933.259246801383,18033.17175939436
2026-03-21 12:00:00,10182.192369418746,18917.463205289383,18014.723100161325
2026-03-21 16:00:00,10182.192369418746,18911.88813181456,17998.75791432393
2026-03-21 20:00:00,10182.192369418746,18850.87204989567,17969.528693014137
2026-03-22 00:00:00,10182.192369418746,18460.616906658095,17532.175653243445
2026-03-22 04:00:00,10182.192369418746,18578.31290223768,17724.761553211327
2026-03-22 08:00:00,10182.192369418746,18463.714169699662,17560.334701080974
2026-03-22 12:00:00,10182.192369418746,18288.71880785107,17396.549038257435
2026-03-22 16:00:00,10182.192369418746,18464.33362230798,17542.95913345024
2026-03-22 20:00:00,10182.192369418746,18300.488407409026,17403.85886638899
2026-03-23 00:00:00,10182.192369418746,18184.03131704607,17272.037059209557
2026-03-23 04:00:00,10182.192369418746,18271.9935874266,17329.959813323818
2026-03-23 08:00:00,10182.192369418746,18357.47804737388,17322.542623474685
2026-03-23 12:00:00,10182.192369418746,18790.16569428094,17847.988605321363
2026-03-23 16:00:00,10182.192369418746,18747.11373800314,17896.711913583786
2026-03-23 20:00:00,10172.010177049327,18848.394239462417,18082.87142354031
2026-03-24 00:00:00,10177.09782398188,18915.9145737686,18117.116375178877
2026-03-24 04:00:00,10140.320172850807,18862.64164945363,17995.309072927208
2026-03-24 08:00:00,10164.887431796,19021.221517181915,18193.807816309578
2026-03-24 12:00:00,10176.064123692322,19019.67288566113,18217.774977990583
2026-03-24 16:00:00,9995.23224819954,18687.026834996723,17871.609887898965
2026-03-24 20:00:00,9871.374168131644,18538.977661609766,17670.514268944888
2026-03-25 00:00:00,9926.763447502324,18816.18270383011,18014.999391373203
2026-03-25 04:00:00,9931.830091809345,18870.694533361708,18126.744429827126
2026-03-25 08:00:00,9943.519564031973,18938.524593972048,18179.61020761606
2026-03-25 12:00:00,9956.992606359645,19131.174355157582,18383.160328494254
2026-03-25 16:00:00,9864.869685745294,18955.249814396513,18205.601724040836
2026-03-25 20:00:00,9885.231051896417,18989.009981549607,18229.572346032775
2026-03-26 00:00:00,9902.23677899592,19104.84761930425,18264.95925380183
2026-03-26 04:00:00,9828.419639776661,18978.479287208276,18131.067607423407
2026-03-26 08:00:00,9678.515625580714,18783.04198928533,17849.795049844477
2026-03-26 12:00:00,9551.517755092396,18609.59525895752,17596.802808740824
2026-03-26 16:00:00,9551.517755092396,18532.473409222475,17552.88123241355
2026-03-26 20:00:00,9551.517755092396,18416.326045163674,17300.140573464923
2026-03-27 00:00:00,9551.517755092396,18478.58103229919,17434.107109773642
2026-03-27 04:00:00,9551.517755092396,18453.493201662488,17407.464827399886
2026-03-27 08:00:00,9551.517755092396,18423.14002385512,17375.65056905246
2026-03-27 12:00:00,9551.517755092396,17957.621388707445,16883.715656163284
2026-03-27 16:00:00,9551.517755092396,17769.92724838842,16803.660523275106
2026-03-27 20:00:00,9551.517755092396,17759.39655404709,16753.583587096873
2026-03-28 00:00:00,9551.517755092396,17867.80076050197,16822.247169078535
2026-03-28 04:00:00,9551.517755092396,17821.341814878448,16753.96629082764
2026-03-28 08:00:00,9551.517755092396,17912.091621996395,16910.38064519345
2026-03-28 12:00:00,9551.517755092396,17859.128423985578,16822.522591889337
2026-03-28 16:00:00,9551.517755092396,18053.94626930021,17015.087677286898
2026-03-28 20:00:00,9551.517755092396,18024.522270405312,16945.781301419393
2026-03-29 00:00:00,9551.517755092396,17869.349392022752,16732.41599918288
2026-03-29 04:00:00,9551.517755092396,18022.044459972058,16899.19296569845
2026-03-29 08:00:00,9551.517755092396,17947.710146974427,16811.210273958342
2026-03-29 12:00:00,9551.517755092396,17985.806482385713,16836.44310621992
2026-03-29 16:00:00,9551.517755092396,17909.61381156314,16714.46949984791
2026-03-29 20:00:00,9551.517755092396,17858.508971377265,16682.56280191981
2026-03-30 00:00:00,9551.517755092396,17796.873436850063,16652.974703084612
2026-03-30 04:00:00,9551.517755092396,18062.618605816602,16957.693818533895
2026-03-30 08:00:00,9551.517755092396,18207.88024246614,17126.718609783653
2026-03-30 12:00:00,9541.966237337303,18248.14466200653,17200.545597603414
2026-03-30 16:00:00,9554.870282518861,18280.66592394299,17263.609529082023
2026-03-30 20:00:00,9464.462529581317,17973.727156523597,16873.89807798936
2026-03-31 00:00:00,9464.462529581317,18051.77818517111,16923.787385406133
2026-03-31 04:00:00,9464.462529581317,18270.754682209976,17140.522214154087
2026-03-31 08:00:00,9464.462529581317,18180.00487509203,17040.30345939105
2026-03-31 12:00:00,9464.462529581317,17967.84235674462,16718.95962139727
2026-03-31 16:00:00,9464.462529581317,17935.940547416467,16705.13459457177
2026-03-31 20:00:00,9454.998067051736,18169.16445444654,16981.131879755067
2026-04-01 00:00:00,9462.879377807512,18259.294808956172,17049.544550973445
2026-04-01 04:00:00,9463.279532658249,18256.197545914605,17082.4637092359
2026-04-01 08:00:00,9491.723426678778,18367.699015411054,17183.461403979116
2026-04-01 12:00:00,9485.22860503467,18335.17775347459,17109.598336258
2026-04-01 16:00:00,9492.010144067403,18383.185330618893,17137.431438476426
2026-04-01 20:00:00,9483.717204357066,18228.941631148806,17151.871427191552
2026-04-02 00:00:00,9474.935847508259,18207.88024246614,16873.725445030726
2026-04-02 04:00:00,9286.126523373146,17871.827202456006,16485.475592503506
2026-04-02 08:00:00,9286.126523373146,17976.514693261008,16591.011180749985
2026-04-02 12:00:00,9286.126523373146,17810.191667928804,16390.33020122993
2026-04-02 16:00:00,9286.126523373146,17939.037810458034,16510.791297580738
2026-04-02 20:00:00,9286.126523373146,17983.018945648302,16535.04465315894
2026-04-03 00:00:00,9286.126523373146,17964.125641094735,16516.617892506394
2026-04-03 04:00:00,9286.126523373146,17883.906528318123,16492.61294951354
2026-04-03 08:00:00,9286.126523373146,17996.027450422887,16633.264614679596
2026-04-03 12:00:00,9286.126523373146,17987.664840210655,16647.95702228959
2026-04-03 16:00:00,9286.126523373146,17965.983998919677,16653.601202485952
2026-04-03 20:00:00,9286.126523373146,17988.90374542728,16655.70638761767
2026-04-04 00:00:00,9286.126523373146,18008.726228893316,16683.20880305861
2026-04-04 04:00:00,9286.126523373146,17976.824419565164,16647.442407397204
2026-04-04 08:00:00,9286.126523373146,18027.619533446883,16685.367635384275
2026-04-04 12:00:00,9286.126523373146,18061.379700599973,16681.1613752439
2026-04-04 16:00:00,9286.126523373146,18123.324961431335,16794.356203328214
2026-04-04 20:00:00,9286.126523373146,18097.927404490478,16773.698029001775
2026-04-05 00:00:00,9286.126523373146,18101.644120140358,16776.72213760357
2026-04-05 04:00:00,9286.126523373146,18057.043532341777,16718.06733231481
2026-04-05 08:00:00,9286.126523373146,17974.34660913191,16572.252074355507
2026-04-05 12:00:00,9286.126523373146,18023.593091492843,16625.641507400458
2026-04-05 16:00:00,9286.126523373146,18105.36083579024,16640.237867834378
2026-04-05 20:00:00,9286.126523373146,18118.679066868983,16681.761065209415
2026-04-06 00:00:00,9258.351468966248,18573.357281371173,17100.733356620483
2026-04-06 04:00:00,9294.338168980366,18578.003175933525,17144.78783196884
2026-04-06 08:00:00,9252.089877607717,18508.6244838024,17054.322696133684
2026-04-06 12:00:00,9337.885685344281,18672.77942500551,17211.650276051892
2026-04-06 16:00:00,9367.357968493578,18772.20156863984,17245.178943925814
2026-04-06 20:00:00,9316.112191944288,18712.42439193758,17166.007082021817
2026-04-07 00:00:00,9139.99016009074,18469.289243174488,16848.71080302853
2026-04-07 04:00:00,9144.12735964925,18467.430885349546,16833.09546860383
2026-04-07 08:00:00,9127.954563084855,18415.706592555358,16812.022542686245
2026-04-07 12:00:00,9068.314368118574,18316.90390152934,16684.131817892398
2026-04-07 16:00:00,9068.314368118574,18244.7376726608,16598.108252028753
2026-04-07 20:00:00,9068.314368118574,18437.387433846336,16959.720041642144
2026-04-08 00:00:00,9041.19079573138,19060.866484113987,17637.744627971962
2026-04-08 04:00:00,8978.852168350988,18918.392384201856,17489.864229618266
2026-04-08 08:00:00,9002.291787272285,18977.240381991647,17511.81788080411
2026-04-08 12:00:00,8991.583270818672,18984.364086987254,17498.596184826583
2026-04-08 16:00:00,8901.614212147044,18902.596342689856,17331.715033441928
2026-04-08 20:00:00,8908.80170799415,18943.480214838557,17346.997607291945
2026-04-09 00:00:00,8850.851733689222,18877.198785749,17241.534664656247
2026-04-09 04:00:00,8807.512580446,18862.951375757788,17168.61307238363
2026-04-09 08:00:00,8806.24664111796,18856.137397066337,17190.723992812098
2026-04-09 12:00:00,8800.277286350007,18864.50000727857,17162.18242594722
2026-04-09 16:00:00,8885.148930987503,19106.396250825037,17430.520556783253
2026-04-09 20:00:00,8884.514864332508,19092.148840833823,17467.071795199205
2026-04-10 00:00:00,8836.56230684447,19024.318780223482,17330.888751606413
2026-04-10 04:00:00,8834.870247552804,19043.831537385362,17290.216081144637
2026-04-10 08:00:00,8816.725361896235,18964.851329825375,17276.130668837075
2026-04-10 12:00:00,8875.982566861509,19081.618146492492,17387.460280707353
2026-04-10 16:00:00,8898.504516718695,19159.35944883585,17487.2161823338
2026-04-10 20:00:00,8965.176459091384,19352.938388933853,17701.005309617656
2026-04-11 00:00:00,8943.445355969761,19281.391612673633,17608.53516883617
2026-04-11 04:00:00,8929.192578195234,19262.808034424223,17550.290692170973
2026-04-11 08:00:00,8919.990764356557,19229.35759357529,17520.784419537773
2026-04-11 12:00:00,8948.50691929999,19286.966686148455,17563.982080854992
2026-04-11 16:00:00,8951.342855713801,19274.88736028634,17608.791710738536
2026-04-11 20:00:00,9065.474809162552,19487.669331242065,17894.873000814296
2026-04-12 00:00:00,8957.41693217596,19311.125337872683,17686.4924639492
2026-04-12 04:00:00,8692.054738169634,18937.905141363735,17219.03152745909
2026-04-12 08:00:00,8692.054738169634,18968.877771779415,17237.691247789906
2026-04-12 12:00:00,8692.054738169634,18911.88813181456,17196.922702509666
2026-04-12 16:00:00,8692.054738169634,18757.024979736158,17052.83644677933
2026-04-12 20:00:00,8692.054738169634,18843.128892291752,17158.45334134468
2026-04-13 00:00:00,8692.054738169634,18779.01554733129,17087.931104148884
2026-04-13 04:00:00,8692.054738169634,18822.377229913247,17138.590337761478
2026-04-13 08:00:00,8692.054738169634,18760.431969081885,17117.681942331605
2026-04-13 12:00:00,8692.054738169634,18809.058998834502,17123.818469622525
2026-04-13 16:00:00,8692.054738169634,19020.292338269443,17280.969052059507
2026-04-13 20:00:00,8692.054738169634,19321.346305909858,17548.94414372432
2026-04-14 00:00:00,8666.056568464242,19591.117916830437,18000.983226029723
2026-04-14 04:00:00,8641.757562669149,19593.286000959535,17947.018315620364
2026-04-14 08:00:00,8648.81026256135,19610.630673992317,17944.55907246804
2026-04-14 12:00:00,8618.419750365661,19528.553203390762,17881.637635013056
2026-04-14 16:00:00,8659.274965127752,19792.130288228203,17988.424440527364
2026-04-14 20:00:00,8477.973152839659,19512.137709270453,17628.36638398064
2026-04-15 00:00:00,8480.557189331947,19473.42192125085,17597.432701736834
2026-04-15 04:00:00,8503.835970038726,19551.16322359421,17619.569147728933
2026-04-15 08:00:00,8464.065858426367,19387.31800869526,17498.61266280761
2026-04-15 12:00:00,8510.656162648353,19518.641961657744,17638.09376394597
2026-04-15 16:00:00,8477.367006594244,19373.69005131236,17598.966305486843
2026-04-15 20:00:00,8577.254412988279,19694.256776114653,17918.096050245425
2026-04-16 00:00:00,8547.439214904924,19632.31151528329,17807.148400247544
2026-04-16 04:00:00,8543.400578270837,19637.2671361498,17832.17540979351
2026-04-16 08:00:00,8526.281092645077,19623.6391787669,17823.61068507283
2026-04-16 12:00:00,8521.651494340633,19608.46258986322,17804.983633690747
2026-04-16 16:00:00,8530.646932972004,19644.700567449563,17973.81345600404
2026-04-16 20:00:00,8572.79349389332,19814.120855823337,18395.40181055566
2026-04-17 00:00:00,8515.802830608038,19762.086836724993,18254.664465396618
2026-04-17 04:00:00,8424.40346968453,19621.471094637804,18046.85215361034
2026-04-17 08:00:00,8460.807515897217,19745.671342604684,18146.133751884423
2026-04-17 12:00:00,8479.197436304803,19863.986790792584,18214.93128341079
2026-04-17 16:00:00,8604.451192875582,20428.927569574596,18673.43655974025
2026-04-17 20:00:00,8573.90928975043,20382.158897646917,18602.629737136253
2026-04-18 00:00:00,8537.084883653919,20294.8160798747,18518.798740518345
2026-04-18 04:00:00,8505.234945570752,20282.117301404272,18452.582051156573
2026-04-18 08:00:00,8506.946583302155,20282.42702770843,18460.9023184178
2026-04-18 12:00:00,8339.500945984582,20015.133227221104,18116.792698957426
2026-04-18 16:00:00,8352.900108432726,20052.30038371992,18169.26331140077
2026-04-18 20:00:00,8308.216507743904,19930.26821988214,18051.793864349922
2026-04-19 00:00:00,8310.317270301408,19944.515629873353,18063.291968179947
2026-04-19 04:00:00,8294.528532612976,19897.12750533736,17980.12615009579
2026-04-19 08:00:00,8294.528532612976,19830.22662363949,17855.580002440845
2026-04-19 12:00:00,8294.528532612976,19939.250282702687,17993.08855786988
2026-04-19 16:00:00,8294.528532612976,20003.363627663144,18085.252851600337
2026-04-19 20:00:00,8294.528532612976,19785.316309536753,17884.05145037472
2026-04-20 00:00:00,8294.528532612976,19478.37754211736,17550.1036849143
2026-04-20 04:00:00,8294.528532612976,19674.12456634446,17739.41843919205
2026-04-20 08:00:00,8294.528532612976,19724.919680226176,17790.644779312
2026-04-20 12:00:00,8294.528532612976,19803.899887786163,17850.895043110886
2026-04-20 16:00:00,8294.528532612976,19911.994367936888,17953.20873000947
2026-04-20 20:00:00,8294.528532612976,20061.28244654047,18018.84788744527
2026-04-21 00:00:00,8294.528532612976,19941.728093135942,17908.83242183821
2026-04-21 04:00:00,8294.528532612976,19921.59588336575,17897.085743605672
2026-04-21 08:00:00,8294.528532612976,20042.69886829106,18006.18506804134
2026-04-21 12:00:00,8294.528532612976,20132.82922280069,18053.344880223296
2026-04-21 16:00:00,8294.528532612976,20005.531711792242,18032.204960705432
2026-04-21 20:00:00,8294.528532612976,19820.625108210632,17831.56753165455
2026-04-22 00:00:00,8286.234004080363,20138.094569971356,18102.122470587557
2026-04-22 04:00:00,8314.241598114631,20462.37801042353,18376.48909736068
2026-04-22 08:00:00,8376.866565957327,20555.295901670575,18508.199587048304
2026-04-22 12:00:00,8419.472948046518,20671.13353942522,18599.60759234645
2026-04-22 16:00:00,8473.305387316093,20968.780517719908,18717.221237731468
2026-04-22 20:00:00,8430.247125085549,20863.783300610754,18604.79752252712
2026-04-23 00:00:00,8363.836361372352,20690.646296587096,18467.005405222786
2026-04-23 04:00:00,8279.353754446256,20595.2505949068,18290.457960529413
2026-04-23 08:00:00,8294.739444186884,20668.03627638365,18325.143219423
2026-04-23 12:00:00,8256.177773587962,20601.754847294094,18290.69105669236
2026-04-23 16:00:00,8277.184438794086,20754.759641547556,18383.464195355322
2026-04-23 20:00:00,8256.092726360406,20601.13539468578,18225.547847515525
2026-04-24 00:00:00,8277.439580476752,20756.617999372498,18380.32321777569
2026-04-24 04:00:00,8258.431525118174,20618.170341414407,18264.698282408626
2026-04-24 08:00:00,8254.264210967971,20587.817163607036,18231.22825439649
2026-04-24 12:00:00,8269.317570245234,20697.460275278547,18334.11745719557
2026-04-24 16:00:00,8261.620796151492,20641.399814226166,18337.92009828844
2026-04-24 20:00:00,8246.142200736454,20528.65943951309,18275.200801003542
2026-04-25 00:00:00,8238.785615552933,20475.076788893963,18234.029435522898
2026-04-25 04:00:00,8246.865102170672,20533.924786683754,18287.56939083292
2026-04-25 08:00:00,8233.023240649933,20494.58954605584,18260.413843142822
2026-04-25 12:00:00,8233.023240649933,20545.384659937557,18278.587921516526
2026-04-25 16:00:00,8233.023240649933,20449.05977934479,18227.242445963544
2026-04-25 20:00:00,8233.023240649933,20450.91813716973,18175.792447980395
2026-04-26 00:00:00,8233.023240649933,20533.615060379598,18267.400588222925
2026-04-26 04:00:00,8233.023240649933,20545.074933633397,18281.92616618645
2026-04-26 08:00:00,8233.023240649933,20669.584907904435,18374.813805707985
2026-04-26 12:00:00,8233.023240649933,20652.54996117581,18356.540247301804
2026-04-26 16:00:00,8224.790217409283,20646.974887700988,18377.071846824816
2026-04-26 20:00:00,8241.123693036037,20705.822885490783,18461.093883443566
2026-04-27 00:00:00,8238.201743683378,20821.35079694127,18509.33222570391
2026-04-27 04:00:00,8290.753558381011,20894.13647841812,18618.942412451204
2026-04-27 08:00:00,8035.645666091372,20476.625420414744,18124.030340771824
2026-04-27 12:00:00,8035.645666091372,20540.42903907105,18153.61576500441
2026-04-27 16:00:00,8035.645666091372,20278.40058575439,17907.062254891574
2026-04-27 20:00:00,8035.645666091372,20319.594184207246,17952.4861817813
2026-04-28 00:00:00,8035.645666091372,20446.581968911534,18071.307630945892
2026-04-28 04:00:00,8035.645666091372,20311.23157399501,17956.693264702342
2026-04-28 08:00:00,8035.645666091372,20358.309972226845,17968.882960201627
2026-04-28 12:00:00,8035.645666091372,20216.14559861887,17861.099710506856
2026-04-28 16:00:00,8035.645666091372,20100.92741347254,17797.987029857562
2026-04-28 20:00:00,8035.645666091372,20191.05776798217,17907.722436416134
2026-04-29 00:00:00,8035.645666091372,20175.881179078486,17894.475969542975
2026-04-29 04:00:00,8035.645666091372,20378.751908301194,18055.88028455301
2026-04-29 08:00:00,8035.645666091372,20385.25616068849,18085.62097527618
2026-04-29 12:00:00,8035.645666091372,20536.092870812852,18169.577411623402
2026-04-29 16:00:00,8035.645666091372,20105.263581730735,17789.660664361152
2026-04-29 20:00:00,8035.645666091372,20044.557226116,17638.919224297482
2026-04-30 00:00:00,8035.645666091372,20089.777266522895,17751.757757218256
2026-04-30 04:00:00,8035.645666091372,20151.722527354257,17787.39658496774
2026-04-30 08:00:00,8035.645666091372,20197.252294065307,17821.456864710475
2026-04-30 12:00:00,8035.645666091372,20123.537433675985,17742.319075716667
2026-04-30 16:00:00,8035.645666091372,20193.84530471958,17787.603016642835
2026-04-30 20:00:00,8035.645666091372,20169.376926691195,17739.779068755503
2026-05-01 00:00:00,8035.645666091372,20152.651706266726,17736.993061183188
2026-05-01 04:00:00,8035.645666091372,20361.097508964256,17917.76932979508
2026-05-01 08:00:00,8035.645666091372,20359.54887744347,17917.488125438747
2026-05-01 12:00:00,8035.645666091372,20419.01632784158,17931.816414365796
2026-05-01 16:00:00,8027.61002042528,20666.487644862867,18084.260790562184
2026-05-01 20:00:00,8033.832201408141,20714.495222007172,18074.41074536375
2026-05-02 00:00:00,8028.653741106276,20674.540528770944,18036.88746406163
2026-05-02 04:00:00,8035.959785873249,20730.910716127484,18072.64858964722
2026-05-02 08:00:00,8027.2487324972435,20663.700108125457,18031.780832411438
2026-05-02 12:00:00,8025.643008372634,20651.311055959184,18032.357928341477
2026-05-02 16:00:00,8036.481646213746,20734.93715808152,18098.295759520002
2026-05-02 20:00:00,8037.003506554245,20738.96360003556,18125.79158807747
2026-05-03 00:00:00,8035.102255929543,20786.351724571552,18151.16534228771
2026-05-03 04:00:00,8000.211753349882,20656.266676825693,18024.278326018954
2026-05-03 08:00:00,8017.390964797167,20707.06179070741,18078.667962051644
2026-05-03 12:00:00,8038.281926774871,20783.56418783414,18123.470722853537
2026-05-03 16:00:00,8048.613765069222,20786.971177179865,18153.917460675766
2026-05-03 20:00:00,8043.817509139224,20780.157198488414,18164.12528425826
2026-05-04 00:00:00,8010.8421376149145,20730.600989823324,18092.299659756773
2026-05-04 04:00:00,8185.075709986064,21185.279204325518,18462.61166035626
2026-05-04 08:00:00,8134.2422313637635,21053.95525136303,18356.621790577487
2026-05-04 12:00:00,8057.8699758441435,20870.907005606357,18202.096790233794
2026-05-04 16:00:00,8113.838578462168,21192.093183016965,18369.005756166953
2026-05-04 20:00:00,8122.167162495229,21200.4557932292,18381.796845887446
2026-05-05 00:00:00,8107.233364226084,21153.377394997366,18325.850592867733
2026-05-05 04:00:00,8185.766127662195,21435.538058084217,18538.137769188495
2026-05-05 08:00:00,8181.01344220037,21422.839279613785,18535.58917774858
2026-05-05 12:00:00,8186.368457249586,21470.227404149777,18563.88301288057
2026-05-05 16:00:00,8191.133991223111,21578.012157996345,18642.48032424628
2026-05-05 20:00:00,8217.83895725082,21615.798767103475,18741.26241313423
2026-05-06 00:00:00,8157.6396058111295,21382.88458637756,18605.49568910309
2026-05-06 04:00:00,8232.957650563758,21568.720368871644,18790.96378087756
2026-05-06 08:00:00,8218.512349935445,21474.87329871213,18771.47249227242
2026-05-06 12:00:00,8344.990064995218,21718.937626387695,19077.557970680515
2026-05-06 16:00:00,8232.663724302183,21531.553212372826,18875.967573816044
2026-05-06 20:00:00,8236.516271034498,21477.041382841227,18881.125364623727
2026-05-07 00:00:00,8232.134862688763,21472.70521458303,18869.657264692803
2026-05-07 04:00:00,8168.121777409438,21311.02808381318,18641.500287171264
2026-05-07 08:00:00,8258.263472764638,21464.96205697911,18939.40595043771
2026-05-07 12:00:00,8206.157919048126,21284.70134795985,18794.29687932378
2026-05-07 16:00:00,8170.053733086554,21034.75222050531,18551.306340785166
2026-05-07 20:00:00,8180.863369601995,21150.89958456411,18634.107847982206
2026-05-08 00:00:00,8179.566213220141,21131.38682740223,18618.29176049464
2026-05-08 04:00:00,8174.485684057884,21012.142200301863,18546.19425328099
2026-05-08 08:00:00,8172.792174337132,21014.929737039274,18541.38409888374
2026-05-08 12:00:00,8181.367819306048,21127.050659144035,18619.925986582668
2026-05-08 16:00:00,8207.743332403725,21088.334871124436,18684.336117994957
2026-05-08 20:00:00,8297.715540333911,21083.06952395377,18992.80653942375
2026-05-09 00:00:00,8278.150098240963,21083.99870286624,18918.248805108273
2026-05-09 04:00:00,8327.802361968555,21131.077101098075,19100.321595183384
2026-05-09 08:00:00,8332.450505670195,21089.264050036905,19100.482188187423
2026-05-09 12:00:00,8327.838394090273,21124.263122406624,19098.399655715708
2026-05-09 16:00:00,8309.389947770587,21172.58042585509,19060.03054457187
2026-05-09 20:00:00,8323.910892822996,21274.17065361852,19159.292779256408
2026-05-10 00:00:00,8312.812999333812,21209.437856049746,19094.984034607594
2026-05-10 04:00:00,8321.9291261285,21243.817475811153,19137.768992663725
2026-05-10 08:00:00,8322.469607954272,21224.61444495343,19131.21263783258
2026-05-10 12:00:00,8326.00075588265,21250.631454502603,19145.53477029391
2026-05-10 16:00:00,8356.772187829938,21405.184880276847,19327.248991050048
2026-05-10 20:00:00,8406.333123802744,21402.08761723528,19529.394159392148
2026-05-11 00:00:00,8412.229135532501,21637.78933469861,19629.98435276759
2026-05-11 04:00:00,8260.845089521259,21259.61351732315,19294.26832162057
2026-05-11 08:00:00,8272.836196222248,21237.932676032175,19329.104149668878
2026-05-11 12:00:00,8279.21537252398,21369.87608160297,19378.48788714761
2026-05-11 16:00:00,8315.586606559718,21406.733511797633,19516.474993324737
2026-05-11 20:00:00,8369.621101442062,21554.163232576273,19715.01001298691
2026-05-12 00:00:00,8342.64829177373,21491.28879283244,19613.39192103738
2026-05-12 04:00:00,8269.316467071829,21348.81469292031,19425.907287211325
2026-05-12 08:00:00,8269.604724045574,21311.337810117337,19397.986260685386
2026-05-12 12:00:00,8229.120077014604,21299.25848425522,19285.129019430722
2026-05-12 16:00:00,8229.120077014604,21202.933603662455,19120.88752774392
2026-05-12 20:00:00,8229.120077014604,21324.965767500235,19292.79875618117
2026-05-13 00:00:00,8229.120077014604,21244.436928419465,19195.874020209954
2026-05-13 04:00:00,8229.120077014604,21447.307657642174,19423.643866659368
2026-05-13 08:00:00,8229.120077014604,21430.892163521865,19403.838923684718
2026-05-13 12:00:00,8229.120077014604,21283.77216904738,19271.458437908543
2026-05-13 16:00:00,8229.120077014604,20839.314922582365,18668.574440176795
2026-05-13 20:00:00,8229.120077014604,21062.00813527111,18816.15655164233
2026-05-14 00:00:00,8229.120077014604,20963.8248968534,18799.005786529317
2026-05-14 04:00:00,8229.120077014604,20891.968394289022,18640.324626584887
2026-05-14 08:00:00,8229.120077014604,21092.671039382632,18836.40540218858
2026-05-14 12:00:00,8229.120077014604,20972.49723336979,18756.91054670349
2026-05-14 16:00:00,8220.89095693759,21566.8620110467,19290.086496834563
2026-05-14 20:00:00,8225.53937609874,21603.409714937203,19277.632014983916
2026-05-15 00:00:00,8216.47889807277,21532.17266498114,19170.115003005303
2026-05-15 04:00:00,8217.581912788974,21540.84500149753,19156.25334731497
2026-05-15 08:00:00,8213.406214220484,21508.014013256907,19111.77791737668
2026-05-15 12:00:00,8208.324467849394,21468.05932002068,19060.625001760833
2026-05-15 16:00:00,8151.8638232768735,21087.405692211967,18677.093993865295
2026-05-15 20:00:00,8151.8638232768735,21087.715418516123,18719.39034116931
2026-05-16 00:00:00,8151.8638232768735,21075.32636634985,18695.075755370483
2026-05-16 04:00:00,8151.8638232768735,21070.990198091655,18681.745227950218
2026-05-16 08:00:00,8151.8638232768735,20893.517025809804,18429.759480273657
2026-05-16 12:00:00,8151.8638232768735,20816.70490237892,18250.08300729295
2026-05-16 16:00:00,8151.8638232768735,20860.06658496087,18304.984825414795
2026-05-16 20:00:00,8151.8638232768735,20869.358374085576,18330.388154024033
2026-05-17 00:00:00,8151.8638232768735,20838.385743669893,18310.00732508373
2026-05-17 04:00:00,8151.8638232768735,20801.528313475235,18289.93302450573
2026-05-17 08:00:00,8151.8638232768735,20846.438627577973,18362.118027050445
2026-05-17 12:00:00,8151.8638232768735,20905.59635167192,18376.95380571549
2026-05-17 16:00:00,8151.8638232768735,20799.97968195445,18286.627662476058
2026-05-17 20:00:00,8151.8638232768735,20895.375383634746,18361.096528604176
2026-05-18 00:00:00,8151.8638232768735,20652.859687479966,18051.018461466094
2026-05-18 04:00:00,8151.8638232768735,20500.47434583482,17936.381946272177
2026-05-18 08:00:00,8151.8638232768735,20512.243945392776,17926.98705710397
2026-05-18 12:00:00,8151.8638232768735,20554.366722758103,17969.247495876778
2026-05-18 16:00:00,8151.8638232768735,20306.895405736814,17767.167491269163
2026-05-18 20:00:00,8151.8638232768735,20436.36100087436,17907.765684132384
2026-05-19 00:00:00,8151.8638232768735,20450.91813716973,17954.409400480574
2026-05-19 04:00:00,8151.8638232768735,20414.06070697507,17922.337419448995
2026-05-19 08:00:00,8151.8638232768735,20548.79164928328,18029.739008046876
2026-05-19 12:00:00,8151.8638232768735,20438.838811307614,17861.31391504637
2026-05-19 16:00:00,8151.8638232768735,20415.2996121917,17861.49922084517
2026-05-19 20:00:00,8151.8638232768735,20484.988030626977,17883.849218617215
2026-05-20 00:00:00,8151.8638232768735,20485.607483235293,17875.207977575687
2026-05-20 04:00:00,8151.8638232768735,20464.855820856785,17857.01686434279
2026-05-20 08:00:00,8151.8638232768735,20626.223225322483,18004.43224942431
2026-05-20 12:00:00,8151.8638232768735,20648.83324552593,17994.216901439668
2026-05-20 16:00:00,8151.8638232768735,20632.417751405617,18104.447128990552
2026-05-20 20:00:00,8151.8638232768735,20676.08916029173,18137.4058874239
2026-05-21 00:00:00,8151.8638232768735,20650.69160335087,18116.545079424053
2026-05-21 04:00:00,8143.711959453596,20795.02406108794,18264.84229136139
2026-05-21 08:00:00,8139.202420859208,20769.00705153877,18231.480055938417
2026-05-21 12:00:00,8108.908504334009,20601.754847294094,18057.445710390384
2026-05-21 16:00:00,8139.311522599395,20638.3025511846,18190.75876477122
2026-05-21 20:00:00,8172.987593070386,20690.646296587096,18316.74500582135
2026-05-22 00:00:00,8158.2952253918975,20685.071223112274,18257.942673993406
2026-05-22 04:00:00,8149.967125890973,20732.14962134411,18256.438937398485
2026-05-22 08:00:00,8149.34888269658,20635.515014447185,18208.56845273941
2026-05-22 12:00:00,8163.386639933949,20661.841750300515,18266.863012895505
2026-05-22 16:00:00,8144.075631920886,20481.581041281253,18129.679561134108
2026-05-22 20:00:00,8066.81465273166,20227.295745568517,17756.685288691704
2026-05-23 00:00:00,8066.81465273166,20160.08513756649,17725.36360212464
2026-05-23 04:00:00,8066.81465273166,20176.81035799096,17764.535736249898
2026-05-23 08:00:00,8066.81465273166,19904.25121033297,17370.184784226876
2026-05-23 12:00:00,8066.81465273166,19961.860302906134,17409.488608321484
2026-05-23 16:00:00,8066.81465273166,20157.91705343739,17690.886150338323
2026-05-23 20:00:00,8066.81465273166,20277.781133146076,17834.958789204018
2026-05-24 00:00:00,8066.81465273166,20462.997463031847,18023.02583487328
2026-05-24 04:00:00,8066.81465273166,20461.44883151106,18025.814324779196
2026-05-24 08:00:00,8066.81465273166,20477.244873023057,18059.7468771094
2026-05-24 12:00:00,8066.81465273166,20613.83417315621,18168.92084031751
2026-05-24 16:00:00,8066.81465273166,20353.97380396865,17897.45270328165
2026-05-24 20:00:00,8066.81465273166,20437.909632395145,17929.641912755924
2026-05-25 00:00:00,8066.81465273166,20492.111735622584,17928.45824405145
2026-05-25 04:00:00,8066.81465273166,20481.581041281253,17887.4510410456
2026-05-25 08:00:00,8066.81465273166,20580.693458611433,18041.948075943095
2026-05-25 12:00:00,8066.81465273166,20560.25152253708,18013.114562488932
2026-05-25 16:00:00,8066.81465273166,20634.585835534715,18106.02851977825
2026-05-25 20:00:00,8066.81465273166,20581.622637523902,18014.074161467335
2026-05-26 00:00:00,8066.81465273166,20564.587690795277,17949.517437777897
2026-05-26 04:00:00,8066.81465273166,20394.238223509034,17790.156486621017
2026-05-26 08:00:00,8066.81465273166,20400.123023288015,17800.81709478802
2026-05-26 12:00:00,8066.81465273166,20527.73026060062,17962.737631980024
2026-05-26 16:00:00,8066.81465273166,20365.433677222452,17806.723106198187
2026-05-26 20:00:00,8066.81465273166,20224.198482526946,17661.63570751521
2026-05-27 00:00:00,8066.81465273166,20183.31461037825,17637.658572325672
2026-05-27 04:00:00,8066.81465273166,20102.78577129748,17589.64409545337
2026-05-27 08:00:00,8066.81465273166,20184.243789290722,17692.065054534345
2026-05-27 12:00:00,8066.81465273166,20139.64320149214,17647.379006595987
2026-05-27 16:00:00,8066.81465273166,20025.97364786659,17654.005549717607
2026-05-27 20:00:00,8066.81465273166,19961.24085029782,17562.249910390427
2026-05-28 00:00:00,8066.81465273166,19817.218118864905,17336.801695373324
2026-05-28 04:00:00,8066.81465273166,19549.924318377583,17050.05004517587
2026-05-28 08:00:00,8066.81465273166,19574.082970101812,17109.510163316158
2026-05-28 12:00:00,8066.81465273166,19567.888444018678,17061.977662023943
2026-05-28 16:00:00,8066.81465273166,19356.964830887893,16985.36748854637
2026-05-28 20:00:00,8066.81465273166,19502.53619384159,17172.155739657825
2026-05-29 00:00:00,8066.81465273166,19559.52583380644,17172.983660925413
2026-05-29 04:00:00,8066.81465273166,19491.07632058779,17110.190483710354
2026-05-29 08:00:00,8066.81465273166,19539.70335034041,17184.09261261328
2026-05-29 12:00:00,8066.81465273166,19517.093330136962,17123.61223106426
2026-05-29 16:00:00,8066.81465273166,19556.118844460718,17224.248317112157
2026-05-29 20:00:00,8066.81465273166,19500.058383408337,17148.75324153947
2026-05-30 00:00:00,8066.81465273166,19504.084825362374,17147.36794009499
2026-05-30 04:00:00,8066.81465273166,19515.854424920333,17215.562445830397
2026-05-30 08:00:00,8066.81465273166,19515.544698616177,17183.020408318524
2026-05-30 12:00:00,8066.81465273166,19527.624024478293,17185.87892064815
2026-05-30 16:00:00,8066.81465273166,19606.29450573412,17257.57208306457
2026-05-30 20:00:00,8066.81465273166,19637.2671361498,17302.04140097558
2026-05-31 00:00:00,8066.81465273166,19601.958337475924,17259.400436990407
2026-05-31 04:00:00,8066.81465273166,19668.54949286964,17340.412270361543
2026-05-31 08:00:00,8066.81465273166,19601.958337475924,17252.810918789557
2026-05-31 12:00:00,8066.81465273166,19620.85164202949,17266.64498307365
2026-05-31 16:00:00,8066.81465273166,19541.561708165347,17143.67076895778
2026-05-31 20:00:00,8066.81465273166,19517.093330136962,17089.278812278983
2026-06-01 00:00:00,8066.81465273166,19566.64953880205,17204.673197009502
2026-06-01 04:00:00,8066.81465273166,19597.931895521888,17250.444986194874
2026-06-01 08:00:00,8066.81465273166,19323.514390038956,16915.182264500185
2026-06-01 12:00:00,8066.81465273166,19257.852413557714,16915.870301630363
2026-06-01 16:00:00,8066.81465273166,18923.65773137252,16686.08387296247
2026-06-01 20:00:00,8066.81465273166,19044.450989993675,16923.456742064656
2026-06-02 00:00:00,8066.81465273166,18987.46135002882,16910.45642689484
2026-06-02 04:00:00,8066.81465273166,18864.50000727857,16829.467625348007
2026-06-02 08:00:00,8066.81465273166,18621.05513221132,16590.46056080912
2026-06-02 12:00:00,8066.81465273166,18446.059770362725,16453.396549106375
2026-06-02 16:00:00,8066.81465273166,17877.092549626675,15933.126971060978
2026-06-02 20:00:00,8066.81465273166,17905.277643304944,15871.462774704982
2026-06-03 00:00:00,8066.81465273166,17773.6439640383,15638.679648274996
2026-06-03 04:00:00,8066.81465273166,17523.075383975443,15359.968490276373
2026-06-03 08:00:00,8066.81465273166,17906.206822217413,15813.628104501076
2026-06-03 12:00:00,8066.81465273166,17864.084044852087,15784.422782888021
2026-06-03 16:00:00,8066.81465273166,17619.70999087237,15481.492541240561
2026-06-03 20:00:00,8066.81465273166,17465.466291402277,15257.808997301323
2026-06-04 00:00:00,8066.81465273166,17094.414179022424,15105.976894270698
2026-06-04 04:00:00,8066.81465273166,17166.890134195117,15120.571088379917
2026-06-04 08:00:00,8066.81465273166,16966.806941709823,14784.727642590084
2026-06-04 12:00:00,8066.81465273166,16631.373354308,14565.304422156982
2026-06-04 16:00:00,8066.81465273166,17006.142182337735,14821.33194284491
2026-06-04 20:00:00,8066.81465273166,16954.727615847707,14765.413187915954
2026-06-05 00:00:00,8066.81465273166,17017.60205559154,14749.021241782611
2026-06-05 04:00:00,8066.81465273166,16719.955077296847,14433.338086410979
2026-06-05 08:00:00,8066.81465273166,16798.315832248518,14288.968581283305
2026-06-05 12:00:00,8066.81465273166,16479.607465271165,14141.125801554024
2026-06-05 16:00:00,8066.81465273166,16224.392990645958,13845.494238640236
2026-06-05 20:00:00,8066.81465273166,16207.977496525647,13762.339028097247
2026-06-06 00:00:00,8066.81465273166,16427.573446172824,13880.305707516138
2026-06-06 04:00:00,8066.81465273166,16333.106923404997,13735.903576576515
2026-06-06 08:00:00,8066.81465273166,16415.49412031071,13777.432821581622
2026-06-06 12:00:00,8066.81465273166,16375.229700770322,13724.748844707465
2026-06-06 16:00:00,8066.81465273166,16354.478038391817,13669.741146495151
2026-06-06 20:00:00,8066.81465273166,16318.24006080547,13613.742520443604
2026-06-07 00:00:00,8066.81465273166,16392.88410010726,13712.757960719424
2026-06-07 04:00:00,8066.81465273166,16611.24114453781,13980.07464430279
2026-06-07 08:00:00,8066.81465273166,16829.598188968357,14194.242931179142
2026-06-07 12:00:00,8066.81465273166,16884.72947110827,14248.172127707683
2026-06-07 16:00:00,8066.81465273166,16738.848381850414,14194.759255705914
2026-06-07 20:00:00,8066.81465273166,16511.19954829516,13980.245826557439
2026-06-08 00:00:00,8058.747838078928,17034.94672862432,14496.547048265662
2026-06-08 04:00:00,8046.525391635396,16957.515152585118,14440.449808266167
2026-06-08 08:00:00,8054.885545002771,17010.47835059593,14423.477116749822
2026-06-08 12:00:00,8050.493726656896,17033.70782340769,14488.975906816024
2026-06-08 16:00:00,8084.390575942325,17111.139399446893,14577.693071841304
2026-06-08 20:00:00,8085.904644854858,17029.681381453654,14580.304126681638
2026-06-09 00:00:00,8046.321490133043,16950.701173893667,14494.687036989628
2026-06-09 04:00:00,8000.376812028633,16879.154397633447,14356.887821327127
2026-06-09 08:00:00,8050.5537714823,16962.780499755783,14488.318507687402
2026-06-09 12:00:00,7981.562157608303,16779.1128013908,14311.71744419968
2026-06-09 16:00:00,7834.202615694248,16382.353405765929,13966.794231840147
2026-06-09 20:00:00,7834.202615694248,16661.41680581121,14205.891238629596
2026-06-10 00:00:00,7834.202615694248,16574.38371434315,14114.569977640163
2026-06-10 04:00:00,7834.202615694248,16503.146664387084,14022.444798272512
2026-06-10 08:00:00,7834.202615694248,16532.260936977822,14041.20137026453
2026-06-10 12:00:00,7834.202615694248,16379.256142724362,13873.38840941423
2026-06-10 16:00:00,7834.202615694248,16794.599116598638,14246.295294610654
2026-06-10 20:00:00,7834.202615694248,16610.931418233653,13966.123647653563
2026-06-11 00:00:00,7834.202615694248,16507.792558949437,13893.564403493401
2026-06-11 04:00:00,7834.202615694248,16793.66993768617,14222.582340917459
2026-06-11 08:00:00,7834.202615694248,16814.111873760517,14212.108151218374
2026-06-11 12:00:00,7834.202615694248,16929.949511515162,14357.19254648022
2026-06-11 16:00:00,7834.202615694248,16873.57932415862,14292.817024693039
2026-06-11 20:00:00,7834.202615694248,17003.974098208637,14469.978942331016
2026-06-12 00:00:00,7834.202615694248,17013.265887333342,14460.861523099262
2026-06-12 04:00:00,7834.202615694248,16987.24887778417,14465.365357382201
2026-06-12 08:00:00,7834.202615694248,16879.77385024176,14349.36854521991
2026-06-12 12:00:00,7826.368413078553,17053.530306873727,14473.992189813755
2026-06-12 16:00:00,7812.951104644024,17016.982602983226,14482.199000777833
2026-06-12 20:00:00,7798.181332437269,17021.938223849735,14453.356388859167
2026-06-13 00:00:00,7798.418473816845,17023.486855370516,14455.623980081282
2026-06-13 04:00:00,7798.724597952327,17006.142182337735,14455.482810824884
2026-06-13 08:00:00,7832.740249340648,17098.440620976464,14551.817323918945
2026-06-13 12:00:00,7858.252519025612,17128.174346175518,14616.716812861592
2026-06-13 16:00:00,7890.594570837213,17220.472784814247,14718.4874539189
2026-06-13 20:00:00,7871.498863424515,17218.614426989305,14679.320431962253
2026-06-14 00:00:00,7910.609347798529,17263.524741092042,14769.242533890501
2026-06-14 04:00:00,7918.431565218145,17294.187645203565,14783.983124097904
2026-06-14 08:00:00,7875.783696002188,17265.073372612827,14693.323767174286
2026-06-14 12:00:00,7876.258583739164,17296.046003028507,14696.001661881985
2026-06-14 16:00:00,7801.544867004284,17152.33299789975,14563.509635957987
2026-06-14 20:00:00,7799.4587992639445,17100.608705105562,14564.060847864454
2026-06-15 00:00:00,7993.556105983161,17548.78266722046,15122.202552058212
2026-06-15 04:00:00,7989.295510353673,17596.170791756453,15122.751544783143
2026-06-15 08:00:00,7971.584617018223,17523.075383975443,15093.596804667748
2026-06-15 12:00:00,8118.267205840008,17670.505104754084,15341.62753856833
2026-06-15 16:00:00,8382.676847837707,17955.14357827419,15800.2040863556
2026-06-15 20:00:00,8331.597764505002,17803.68741554151,15731.88616493577
2026-06-16 00:00:00,8227.89697620319,17710.76952429447,15537.92214139998
2026-06-16 04:00:00,8193.04783163158,17683.823335832825,15487.010544579587
2026-06-16 08:00:00,8216.541597200407,17726.565565806468,15558.481363601468
2026-06-16 12:00:00,8262.768346561335,17750.41449122654,15616.492599858946
2026-06-16 16:00:00,8146.08074158391,17554.66746699944,15379.515902808444
2026-06-16 20:00:00,8170.9166814076025,17506.659889855135,15435.612253777312
2026-06-17 00:00:00,8160.804847405755,17506.96961615929,15411.056040318294
2026-06-17 04:00:00,8164.028297712811,17551.87993026203,15435.347644503941
2026-06-17 08:00:00,8136.655725330508,17474.13862791867,15361.09676518739
2026-06-17 12:00:00,8064.439340462926,17304.098886936583,15165.526945599806
2026-06-17 16:00:00,8149.4696847180985,17560.861993082573,15441.421240817064
2026-06-17 20:00:00,8042.596127458688,17305.957244761525,15165.300962564615
2026-06-18 00:00:00,8056.778339540661,17353.03564299336,15236.270932005238
2026-06-18 04:00:00,8036.6719122852055,17262.595562179573,15143.179500391103
2026-06-18 08:00:00,8036.093089534505,17341.2660434354,15197.677411105578
2026-06-18 12:00:00,8036.093089534505,17278.701329995725,15131.004005054318
2026-06-18 16:00:00,8036.093089534505,16823.40366288522,14636.302739210394
2026-06-18 20:00:00,8036.093089534505,17002.1157403837,14832.978944968243
2026-06-19 00:00:00,8036.093089534505,17002.73519299201,14868.249948473338
2026-06-19 04:00:00,8036.093089534505,16979.81544648441,14793.716125659303
2026-06-19 08:00:00,8036.093089534505,16935.214858685827,14708.398929157567
2026-06-19 12:00:00,8036.093089534505,16919.109090869675,14676.139958030264
2026-06-19 16:00:00,8036.093089534505,17068.087443169097,14846.317496455671
2026-06-19 20:00:00,8036.093089534505,16999.018477342128,14774.269696895073
2026-06-20 00:00:00,8036.093089534505,17147.06765072908,14921.133183644472
2026-06-20 04:00:00,8036.093089534505,17130.342430304616,14932.569412139688
2026-06-20 08:00:00,8036.093089534505,17185.16398614037,15138.05335047836
2026-06-20 12:00:00,8036.093089534505,17191.358512223505,15158.474575050344
2026-06-20 16:00:00,8036.093089534505,17311.842044540503,15236.149569830077
2026-06-20 20:00:00,8036.093089534505,17255.16213087981,15187.900464697253
2026-06-21 00:00:00,8028.0569964449705,17352.416190385044,15370.491947283743
2026-06-21 04:00:00,8033.950377093181,17385.556904929825,15414.73123942603
2026-06-21 08:00:00,8008.259436010242,17320.20465475274,15342.781439345534
2026-06-21 12:00:00,8007.990244664512,17319.275475840266,15332.950656860565
2026-06-21 16:00:00,8042.954393325721,17328.257538660815,15433.278937257073
2026-06-21 20:00:00,8054.592760348852,17328.876991269128,15470.224953575558
2026-06-22 00:00:00,7939.468674225754,17091.93636858917,15165.129237809899
2026-06-22 04:00:00,7976.4897555558355,17282.10831934145,15361.004482379329
2026-06-22 08:00:00,7995.265908021032,17357.99126385987,15482.697907075097
2026-06-22 12:00:00,8022.231357816458,17476.306712047768,15558.51498712759
2026-06-22 16:00:00,7970.092619434347,17554.66746699944,15466.22339294123
2026-06-22 20:00:00,7928.04993385618,17467.014922923063,15386.991829787206
2026-06-23 00:00:00,7859.660842543248,17337.23960148136,15253.351632378155
2026-06-23 04:00:00,7862.758082056354,17349.00920103932,15263.358848541462
2026-06-23 08:00:00,7732.674226302568,17048.574686007218,14914.60575219579
2026-06-23 12:00:00,7732.674226302568,16986.3196988717,14815.899661052214
2026-06-23 16:00:00,7732.674226302568,16983.222435830132,14777.16237183715
2026-06-23 20:00:00,7732.674226302568,16973.001467792958,14773.874210004791
2026-06-24 00:00:00,7732.674226302568,17056.937296219454,14888.445712274637
2026-06-24 04:00:00,7732.674226302568,17078.618137510428,14892.480330171016
2026-06-24 08:00:00,7732.674226302568,17076.759779685486,14894.521919803065
2026-06-24 12:00:00,7732.674226302568,17164.102597457706,14985.138486239366
2026-06-24 16:00:00,7732.674226302568,16426.02481465204,14397.694070116413
2026-06-24 20:00:00,7732.674226302568,16340.850081008917,14204.240649228723
2026-06-25 00:00:00,7732.674226302568,16641.28459604102,14548.907704293722
2026-06-25 04:00:00,7732.674226302568,16566.021104130916,14469.43615884635
2026-06-25 08:00:00,7732.674226302568,16860.880545688193,14798.268101270574
2026-06-25 12:00:00,7732.674226302568,16722.123161425945,14615.508927785686
2026-06-25 16:00:00,7732.674226302568,16194.349539142748,14135.62404663524
2026-06-25 20:00:00,7732.674226302568,16138.289078090365,14098.687957334612
2026-06-26 00:00:00,7732.674226302568,16283.240988435751,14321.189348924849
2026-06-26 04:00:00,7732.674226302568,16334.965281229937,14359.33865889653
2026-06-26 08:00:00,7732.674226302568,16441.820856164035,14671.56013216713
2026-06-26 12:00:00,7732.674226302568,16127.758383749035,14288.247862100528
2026-06-26 16:00:00,7724.941552076266,16368.105995774717,14763.89117005848
2026-06-26 20:00:00,7759.608076824985,16231.826421945721,14808.71735662355
2026-06-27 00:00:00,7719.190987382654,16327.841576234332,14734.971521255095
2026-06-27 04:00:00,7731.263094824561,16380.495047940989,14788.631339281426
2026-06-27 08:00:00,7733.302302162721,16445.227845509762,14822.660807535394
2026-06-27 12:00:00,7714.54159465165,16389.477110761534,14748.741947194485
2026-06-27 16:00:00,7751.77752064645,16514.91626394504,14923.504301771969
2026-06-27 20:00:00,7690.682868795178,16350.761322741935,14663.666783173887
2026-06-28 00:00:00,7669.638249065368,16312.974713634805,14587.057267198703
2026-06-28 04:00:00,7685.666418743305,16352.929406871033,14647.133379623767
2026-06-28 08:00:00,7691.294630996626,16366.247637949775,14667.726851419447
2026-06-28 12:00:00,7719.884317877629,16396.291089452985,14765.968105688087
2026-06-28 16:00:00,7726.980759414426,16272.71029409442,14741.70439506065
2026-06-28 20:00:00,7674.817835704293,16160.2796456855,14538.70300958785
2026-06-29 00:00:00,7700.919689632741,16186.606381538828,14626.46309265929
2026-06-29 04:00:00,7746.80185474134,16310.49690320155,14814.254037440664
2026-06-29 08:00:00,7744.436374229075,16279.52427278587,14787.594168015024
2026-06-29 12:00:00,7736.8913070778835,16255.36562106164,14750.721257523586
2026-06-29 16:00:00,7780.407991674217,16195.588444359375,14855.447383476398
2026-06-29 20:00:00,7847.5953708967845,16356.955848825071,15178.180490067181
2026-06-30 00:00:00,7799.114515534304,16320.408144934569,15068.400907512476
2026-06-30 04:00:00,7725.241785265956,16172.668697851772,14907.255729613684
2026-06-30 08:00:00,7724.997080385378,16158.111561556401,14909.584614600823
2026-06-30 12:00:00,7698.976794750457,16066.432575525987,14787.737981038179
2026-06-30 16:00:00,7675.6143303918,15818.032079592229,14639.920190329674
2026-06-30 20:00:00,7675.6143303918,15919.312581051505,14746.955629491931
2026-07-01 00:00:00,7675.6143303918,15889.888582156607,14734.941546812883
2026-07-01 04:00:00,7675.6143303918,16055.282428576342,15005.332589884281
2026-07-01 08:00:00,7675.6143303918,15940.06424343001,14887.086752446732
2026-07-01 12:00:00,7675.6143303918,15929.53354908868,14884.81940846752
2026-07-01 16:00:00,7660.263101731016,16355.407217304288,15355.028212401565
2026-07-01 20:00:00,7645.307101896167,16323.505407976136,15301.7096945314
2026-07-02 00:00:00,7646.684346456916,16325.363765801078,15335.50434617079
2026-07-02 04:00:00,7726.230208462073,16596.68400824244,15588.268003646685
2026-07-02 08:00:00,7609.253414516645,16310.806629505707,15365.033833867976
2026-07-02 12:00:00,7862.508169814117,16645.930490603372,15963.628077268575
2026-07-02 16:00:00,7871.875412441652,16657.70009016133,15849.342099740945
2026-07-02 20:00:00,7880.198141015114,16645.930490603372,15859.710276974329
2026-07-03 00:00:00,7883.060556203627,16674.11558428164,15863.295977669803
2026-07-03 04:00:00,7875.852681128975,16613.718954971064,15835.44677028594
2026-07-03 08:00:00,7913.030260840203,16681.549015581404,15910.895736923754
2026-07-03 12:00:00,7977.1223821314325,16761.768128358017,16008.817127111335
2026-07-03 16:00:00,7955.2816631586265,16758.051412708133,15972.590926696566
2026-07-03 20:00:00,8029.705023660368,16839.509430701375,16139.684616798895
2026-07-04 00:00:00,8062.371788998104,16938.00239542324,16180.70338018526
2026-07-04 04:00:00,8070.848285240627,16952.55953171861,16217.58282536165
2026-07-04 08:00:00,8076.560879660168,16936.453763902453,16220.25449291506
2026-07-04 12:00:00,8044.652228262439,16918.48963826136,16126.523330600317
2026-07-04 16:00:00,8128.2088458257795,17044.23851774902,16255.686558859295
2026-07-04 20:00:00,8134.709453826961,17138.70504051685,16254.314440405584
2026-07-05 00:00:00,8108.343467258794,17100.298978801406,16219.48091429141
2026-07-05 04:00:00,8018.050871255735,16991.894772346524,16028.879548714054
2026-07-05 08:00:00,8049.425488433216,17064.99018012753,16083.63094352435
2026-07-05 12:00:00,8011.941009609073,16960.92214193084,16018.623155155932
2026-07-05 16:00:00,8066.158783772235,16991.275319738208,16129.195931363462
2026-07-05 20:00:00,8057.206939096681,16993.13367756315,16103.538554072522
2026-07-06 00:00:00,8097.5783871242875,17221.09223742256,16236.120012894433
2026-07-06 04:00:00,8075.375163331595,17134.678598562812,16124.13361723864
2026-07-06 08:00:00,8058.877453125044,17086.671021418504,16108.891653429979
2026-07-06 12:00:00,8019.155073359263,16942.02883737728,16009.275061612567
2026-07-06 16:00:00,8106.9062609165885,17222.640868943345,16246.407635836218
2026-07-06 20:00:00,8113.113855351929,17251.13568892577,16300.813122425347
2026-07-07 00:00:00,8137.477954375507,17329.186717573284,16328.94120331313
2026-07-07 04:00:00,8060.030536691942,17102.467062930504,16127.930733776364
2026-07-07 08:00:00,8042.469963263056,17095.343357934897,16179.309351411186
2026-07-07 12:00:00,8042.469963263056,17165.341502674335,16189.426256030045
2026-07-07 16:00:00,8034.427493299793,17330.115896485753,16354.92053275569
2026-07-07 20:00:00,8025.747495396205,17313.390676061288,16276.165838456665
2026-07-08 00:00:00,7997.7538541415715,17211.18099568954,16155.815624940798
2026-07-08 04:00:00,7997.7538541415715,17020.079866024793,15869.220760187734
2026-07-08 08:00:00,7997.7538541415715,17039.592623186672,15821.44165271119
2026-07-08 12:00:00,7997.7538541415715,16920.038269782144,15722.84674166208
2026-07-08 16:00:00,7997.7538541415715,16762.38758096633,15558.49727512891
2026-07-08 20:00:00,7997.7538541415715,16874.508503071094,15655.10439642552
2026-07-09 00:00:00,7997.7538541415715,16883.49056589164,15714.0128748873
2026-07-09 04:00:00,7997.7538541415715,16794.599116598638,15617.768302121236
2026-07-09 08:00:00,7997.7538541415715,17056.627569915294,15808.358398665277
2026-07-09 12:00:00,7997.7538541415715,17001.496287775382,15722.212369168581
2026-07-09 16:00:00,7997.7538541415715,17013.885339941655,15718.053877645678
2026-07-09 20:00:00,7997.7538541415715,17142.421756166732,15832.644478360615
2026-07-10 00:00:00,7997.7538541415715,17121.05064117991,15804.601779747467
2026-07-10 04:00:00,7997.7538541415715,17298.214087157605,15994.192396283097
2026-07-10 08:00:00,7997.7538541415715,17318.03657062364,15988.732983679449
2026-07-10 12:00:00,7981.758346433288,17448.741070977812,16124.066040811802
2026-07-10 16:00:00,7946.725236725979,17331.974254310695,15943.775485850509
2026-07-10 20:00:00,7954.268730123983,17333.832612135637,15937.863572453949
2026-07-11 00:00:00,7970.328637636733,17399.184862312723,15992.25060398411
2026-07-11 04:00:00,7970.521369052622,17400.11404122519,15959.920693878117
2026-07-11 08:00:00,7975.124168849344,17400.11404122519,15982.02112906402
2026-07-11 12:00:00,7979.03705234929,17414.98090382472,16003.160015894975
2026-07-11 16:00:00,7997.740871335321,17406.928019916642,16043.295890361518
2026-07-11 20:00:00,8018.87995338326,17441.617365982205,16049.226226794239
2026-07-12 00:00:00,7943.439669682721,17310.912865628034,15819.920523996556
2026-07-12 04:00:00,7996.843845760685,17425.201871861893,15917.679342885278
2026-07-12 08:00:00,7963.999213594757,17332.28398061485,15816.343695157224
2026-07-12 12:00:00,7975.730831660206,17360.77880059728,15874.087191107745
2026-07-12 16:00:00,8008.688842756678,17410.02528295821,15965.95291197655
2026-07-12 20:00:00,8012.124164126515,17426.75050338268,15994.778477036827
2026-07-13 00:00:00,7975.594124223583,17315.24903388623,15864.931077594958
2026-07-13 04:00:00,7880.2467333501645,17058.795654044392,15645.720420164693
2026-07-13 08:00:00,7880.2467333501645,17073.043064035606,15700.110231482482
2026-07-13 12:00:00,7880.2467333501645,17039.90234949083,15662.423386653254
2026-07-13 16:00:00,7880.2467333501645,17001.496287775382,15614.774876041727
2026-07-13 20:00:00,7880.2467333501645,16929.33005890685,15538.1226219124
2026-07-14 00:00:00,7880.2467333501645,16949.46226867704,15531.88000634786
2026-07-14 04:00:00,7880.2467333501645,16995.301761692248,15561.345213907629
2026-07-14 08:00:00,7880.2467333501645,16985.080793655074,15529.268838761907
2026-07-14 12:00:00,7880.2467333501645,17049.813591223847,15616.558389973208
2026-07-14 16:00:00,7864.486239883465,17540.72978331238,16061.348074241363
2026-07-14 20:00:00,7862.9433475661845,17502.94317420525,16041.198026066935
2026-07-15 00:00:00,7900.146413562161,17619.090538264056,16166.045245901048
2026-07-15 04:00:00,7862.18362089177,17531.128267883523,16091.109654003714
2026-07-15 08:00:00,7850.369439999411,17491.48330095145,16046.179914490105
2026-07-15 12:00:00,7882.877167858307,17557.45500373685,16108.161135073704
2026-07-15 16:00:00,7960.205098764809,17714.79596624851,16261.739535277426
2026-07-15 20:00:00,7880.267305324258,17545.99513048305,16077.988487891558
2026-07-16 00:00:00,7863.972062466766,17482.501238130902,16055.095823961206
2026-07-16 04:00:00,7848.95793697593,17445.643807936245,16013.99584427242
2026-07-16 08:00:00,7795.3205844707245,17336.929875177204,15912.470813126576
2026-07-16 12:00:00,7760.7669182050395,17341.885496043713,15863.79303405953
2026-07-16 16:00:00,7784.786721140725,17500.465363771997,15965.951675983968
2026-07-16 20:00:00,7760.819137768862,17394.848694054526,15846.971411427749
2026-07-17 00:00:00,7718.132138909249,17264.144193700355,15737.663498151276
2026-07-17 04:00:00,7692.920720598353,17195.6946804817,15689.211001901669
2026-07-17 08:00:00,7692.920720598353,16984.46134104676,15522.78274951535
2026-07-17 12:00:00,7692.920720598353,17145.209292904143,15631.045264648814
2026-07-17 16:00:00,7692.920720598353,17174.013839190724,15613.017602586413
2026-07-17 20:00:00,7692.920720598353,17363.876063638847,15734.472629058007
2026-07-18 00:00:00,7692.920720598353,17309.673960411405,15702.451254726902
2026-07-18 04:00:00,7692.920720598353,17332.28398061485,15749.252315467334
2026-07-18 08:00:00,7692.920720598353,17331.354801702382,15703.616077538063
2026-07-18 12:00:00,7692.920720598353,17344.673032781124,15714.529426802936
2026-07-18 16:00:00,7692.920720598353,17358.61071646818,15714.73929398014
2026-07-18 20:00:00,7692.920720598353,17477.545617264394,15822.082342938986
2026-07-19 00:00:00,7692.920720598353,17556.52582482438,15864.15230756607
2026-07-19 04:00:00,7692.920720598353,17515.332226371524,15897.476166574637
2026-07-19 08:00:00,7692.920720598353,17521.836478758818,15921.59823514671
2026-07-19 12:00:00,7692.920720598353,17452.457786627692,15890.408314421751
2026-07-19 16:00:00,7692.920720598353,17484.049869651688,15913.770496561476
2026-07-19 20:00:00,7692.920720598353,17453.077239236005,15866.080586744134
2026-07-20 00:00:00,7692.920720598353,17526.172647017014,15954.954854821102
2026-07-20 04:00:00,7677.534879157156,17549.092393524617,15997.287154635942
2026-07-20 08:00:00,7636.66277511716,17385.86663123398,15864.998068841276
2026-07-20 12:00:00,7706.995303736427,17599.887507406333,16081.087238365339
2026-07-20 16:00:00,7776.614488199852,17788.820552941983,16236.465773611699
2026-07-20 20:00:00,7747.435377714588,17668.02729432083,16172.714703137673
2026-07-21 00:00:00,7762.290104885337,17681.035799095414,16201.344391406676
2026-07-21 04:00:00,7823.096859844709,17782.006574250536,16307.844588876778
2026-07-21 08:00:00,7862.67676058229,17937.179452633096,16397.807428847846
2026-07-21 12:00:00,7867.02069105838,17986.11620868987,16399.59051764801
2026-07-21 16:00:00,7876.11001726131,18096.998225578005,16421.781506096195
2026-07-21 20:00:00,7847.597287519848,18040.008585613155,16362.220388640471
2026-07-22 00:00:00,7872.235479333133,18073.768752766246,16413.957276828605
2026-07-22 04:00:00,7842.733411340416,17966.60345152799,16341.914933515978
2026-07-22 08:00:00,7781.424495686059,17863.464592243774,16212.49749077835
2026-07-22 12:00:00,7824.104463789839,17916.427790254587,16296.874075335236
2026-07-22 16:00:00,7872.432351351828,17913.640253517176,16400.283993777928
2026-07-22 20:00:00,7817.563195892987,17886.694065055533,16286.692680343576
2026-07-23 00:00:00,7852.056378824183,17937.489178937252,16359.578607742093
2026-07-23 04:00:00,7786.126831717651,17787.891374029514,16225.155213862981
2026-07-23 08:00:00,7745.506427452024,17733.06981819376,16165.130474546255
2026-07-23 12:00:00,7766.517397709681,17813.908383578684,16284.420688651131
2026-07-23 16:00:00,7728.994460491173,17679.487167574633,16080.321721539505
2026-07-23 20:00:00,7693.076074052626,17640.151926946717,15976.061501874272
2026-07-24 00:00:00,7693.076074052626,17715.105692552665,16021.95627584506
2026-07-24 04:00:00,7693.076074052626,17799.97069989163,16044.730534460889
2026-07-24 08:00:00,7693.076074052626,17802.138784020728,16081.01448231552
2026-07-24 12:00:00,7693.076074052626,17706.743082340432,15957.865231376014
2026-07-24 16:00:00,7693.076074052626,17423.343514036955,15709.160457124772
2026-07-24 20:00:00,7693.076074052626,17480.95260661012,15738.56108318314
2026-07-25 00:00:00,7693.076074052626,17466.085744010594,15730.093635843468
2026-07-25 04:00:00,7693.076074052626,17441.92709228636,15737.106288491717
2026-07-25 08:00:00,7693.076074052626,17423.0337877328,15691.034697897994
2026-07-25 12:00:00,7693.076074052626,17445.02435532793,15719.789040123153
2026-07-25 16:00:00,7693.076074052626,17478.165069872706,15769.734225520622
2026-07-25 20:00:00,7693.076074052626,17534.844983533403,15837.580248784678
2026-07-26 00:00:00,7693.076074052626,17524.004562887916,15825.851560567236
2026-07-26 04:00:00,7693.076074052626,17577.587213507042,15904.342232935363
2026-07-26 08:00:00,7693.076074052626,17527.721278537796,15868.60416636429
2026-07-26 12:00:00,7693.076074052626,17562.720350907515,15895.206541036496
2026-07-26 16:00:00,7693.076074052626,17637.674116513463,16017.199515723423
2026-07-26 20:00:00,7693.076074052626,17597.719423277234,15976.618510938697
2026-07-27 00:00:00,7677.689921904521,17762.493817088656,16216.505275360196
2026-07-27 04:00:00,7653.652422192118,17717.893229290075,16147.699182041844
2026-07-27 08:00:00,7679.142028460322,17715.41541885682,16181.739914890519
2026-07-27 12:00:00,7680.216401622511,17698.999924736512,16183.495528685675
2026-07-27 16:00:00,7599.120692359849,17559.31336156179,15976.740421266913
2026-07-27 20:00:00,7656.279592936864,17689.708135611807,16131.716299533931
2026-07-28 00:00:00,7507.944593075421,17357.68153755571,15765.833799848566
2026-07-28 04:00:00,7507.944593075421,17235.64937371793,15607.78507136966
2026-07-28 08:00:00,7507.944593075421,17288.302845424587,15636.992559895909
2026-07-28 12:00:00,7507.944593075421,17276.533245866627,15611.632380034443
2026-07-28 16:00:00,7507.944593075421,17353.03564299336,15780.894057850837
2026-07-28 20:00:00,7507.944593075421,17366.663600376258,15798.636782535934
2026-07-29 00:00:00,7507.944593075421,17366.973326680414,15751.544543601482
2026-07-29 04:00:00,7507.944593075421,17305.337792153212,15605.159364526568
2026-07-29 08:00:00,7507.944593075421,17522.765657671287,15840.107270884033
2026-07-29 12:00:00,7507.944593075421,17536.39361505419,15813.445035979861
2026-07-29 16:00:00,7507.944593075421,17379.362378846687,15644.932986642361
2026-07-29 20:00:00,7507.944593075421,17187.641796573625,15481.287979224122
2026-07-30 00:00:00,7507.944593075421,17266.002551525296,15617.075743256975
2026-07-30 04:00:00,7507.944593075421,17341.575769739557,15658.600979603592
2026-07-30 08:00:00,7507.944593075421,17317.726844319484,15622.090390029412
2026-07-30 12:00:00,7507.944593075421,17466.705196618906,15748.848484571083
2026-07-30 16:00:00,7507.944593075421,17383.388820800727,15716.53796756639
2026-07-30 20:00:00,7507.944593075421,17390.512525796334,15729.18927898283
2026-07-31 00:00:00,7507.944593075421,17400.423767529348,15710.144672288403
2026-07-31 04:00:00,7507.944593075421,17299.45299237423,15630.790384925145
2026-07-31 08:00:00,7507.944593075421,17188.26124918194,15520.312060279146
2026-07-31 12:00:00,7507.944593075421,17196.004406785858,15532.978850523632
2026-07-31 16:00:00,7507.944593075421,16846.94286200114,15310.326501794518
2026-07-31 20:00:00,7507.944593075421,16899.906060011952,15326.280702589676
2026-08-01 00:00:00,7507.944593075421,16882.56138697917,15293.254758152394
2026-08-01 04:00:00,7507.944593075421,16912.60483848238,15328.389770560325
2026-08-01 08:00:00,7507.944593075421,16928.710606298533,15329.123586467787
2026-08-01 12:00:00,7507.944593075421,16939.241300639867,15326.495753828469
2026-08-01 16:00:00,7507.944593075421,16919.728543477988,15314.792645889222
2026-08-01 20:00:00,7507.944593075421,16794.908842902794,15076.552899388003
2026-08-02 00:00:00,7507.944593075421,16874.198776766938,15184.611150153556
2026-08-02 04:00:00,7507.944593075421,17051.981675352945,15409.094178903128
2026-08-02 08:00:00,7507.944593075421,17047.026054486436,15427.70879240946
2026-08-02 12:00:00,7507.944593075421,16925.923069561122,15312.750582054307
2026-08-02 16:00:00,7507.944593075421,16945.126100418845,15327.509593898962
2026-08-02 20:00:00,7507.944593075421,17024.41603428299,15444.984139131822
2026-08-03 00:00:00,7507.944593075421,17040.212075794985,15436.056454763306
2026-08-03 04:00:00,7507.944593075421,16866.455619163018,15276.942636780637
2026-08-03 08:00:00,7507.944593075421,16805.74926354828,15205.85488220119
2026-08-03 12:00:00,7507.944593075421,16783.75869595315,15182.556122462922
2026-08-03 16:00:00,7507.944593075421,17124.457630525634,15461.061259439928
2026-08-03 20:00:00,7500.436648482345,17170.916576149157,15525.746202711147
2026-08-04 00:00:00,7483.802709431004,17074.901421860548,15431.964257276246
2026-08-04 04:00:00,7489.490192104296,17153.88162942053,15481.531820330569
2026-08-04 08:00:00,7488.905861692656,17119.19228335497,15466.573953476323
2026-08-04 12:00:00,7487.721413508226,17172.7749339741,15513.58141651475
2026-08-04 16:00:00,7496.52455476659,17220.16305851009,15534.537530286132
2026-08-04 20:00:00,7506.175940685023,17243.39253132185,15561.13761170193
2026-08-05 00:00:00,7483.338120539466,17199.41139613158,15491.385851166582
2026-08-05 04:00:00,7486.691808718784,17217.375521772676,15495.744462308212
2026-08-05 08:00:00,7495.727130720058,17219.233879597617,15528.666905925658
2026-08-05 12:00:00,7475.025147079928,17165.03177637018,15464.61782570713
2026-08-05 16:00:00,7496.584237866043,17260.73720435463,15526.926632745804
2026-08-05 20:00:00,7521.777513632029,17373.47757906771,15670.12439795144
2026-08-06 00:00:00,7484.638718187924,17313.700402365444,15590.060531020896
2026-08-06 04:00:00,7443.313073330698,17289.85147694537,15519.95540391769
2026-08-06 08:00:00,7474.276803327605,17375.02621058849,15608.150744021537
2026-08-06 12:00:00,7462.782355337151,17322.68246518599,15545.701203258584
2026-08-06 16:00:00,7479.035620294577,17365.424695159632,15566.91317217752
2026-08-06 20:00:00,7469.069767648852,17315.24903388623,15501.504958200012
2026-08-07 00:00:00,7455.12521031559,17277.772151083256,15466.540778718347
2026-08-07 04:00:00,7445.95428226076,17266.312277829453,15449.518396862011
2026-08-07 08:00:00,7453.5071370421765,17276.533245866627,15489.522828861443
2026-08-07 12:00:00,7495.68212518413,17453.386965540165,15628.91820563321
2026-08-07 16:00:00,7482.217524602698,17381.530462975785,15614.193125229354
2026-08-07 20:00:00,7485.32428435806,17397.016778183624,15627.355550633936
2026-08-08 00:00:00,7478.311388413754,17388.654167971392,15587.578296767246
2026-08-08 04:00:00,7480.267545476567,17416.83926164966,15719.605226838525
2026-08-08 08:00:00,7473.754945267387,17404.759935787544,15707.808681317665
2026-08-08 12:00:00,7509.4398253524505,17406.618293612486,15798.478719797475
2026-08-08 16:00:00,7539.716374308696,17432.3255768575,15881.715889376512
2026-08-08 20:00:00,7528.858651933409,17432.635303161656,15854.714054198088
2026-08-09 00:00:00,7513.995841202144,17398.875136008566,15823.89641648821
2026-08-09 04:00:00,7496.027703337663,17356.442632339084,15803.055148567415
2026-08-09 08:00:00,7514.71902135849,17366.663600376258,15850.126720567612
2026-08-09 12:00:00,7519.387876653713,17398.255683400253,15875.238102782067
2026-08-09 16:00:00,7554.745322681043,17475.06780683114,16007.918953769482
2026-08-09 20:00:00,7536.7370280178475,17456.79395488589,15968.767239335572
2026-08-10 00:00:00,7470.989844526754,17378.742926238374,15832.673551660784
2026-08-10 04:00:00,7488.350823308974,17410.644735566526,15892.523818151263
2026-08-10 08:00:00,7504.841960966266,17455.55504966926,15945.565451699378
2026-08-10 12:00:00,7507.088811555409,17446.572986848714,15947.736549261408
2026-08-10 16:00:00,7431.809894739181,17225.428405680756,15707.619897154269
2026-08-10 20:00:00,7441.4320124656015,17172.155481365782,15722.197145615319
2026-08-11 00:00:00,7433.673466947064,17147.37737703324,15683.575762526934
2026-08-11 04:00:00,7437.476675534583,17194.146048960916,15721.875887519767
2026-08-11 08:00:00,7427.284076520035,17191.358512223505,15688.530490183544
2026-08-11 12:00:00,7444.5886755932415,17272.816530216747,15789.104714359573
2026-08-11 16:00:00,7391.932492057339,17055.38866469867,15537.62625029507
2026-08-11 20:00:00,7391.932492057339,17036.185633840945,15636.156511016932
2026-08-12 00:00:00,7391.932492057339,17044.857970357338,15692.809626485447
2026-08-12 04:00:00,7391.932492057339,17122.28954639654,15746.874258068343
2026-08-12 08:00:00,7391.932492057339,17115.47556770509,15731.849906961477
2026-08-12 12:00:00,7391.932492057339,17218.614426989305,15853.504770010777
2026-08-12 16:00:00,7391.932492057339,17010.168624291775,15647.457800277674
2026-08-12 20:00:00,7391.932492057339,17030.610560366124,15653.071739079505
2026-08-13 00:00:00,7391.932492057339,17037.424539057574,15635.104287031289
2026-08-13 04:00:00,7391.932492057339,17092.24609489333,15732.141234843792
2026-08-13 08:00:00,7391.932492057339,17143.970387687514,15779.4489136645
2026-08-13 12:00:00,7391.932492057339,17028.75220254118,15633.315887497165
2026-08-13 16:00:00,7391.932492057339,17021.009044937262,15630.114866839882
2026-08-13 20:00:00,7391.932492057339,17021.628497545575,15699.116041034877
2026-08-14 00:00:00,7391.932492057339,17039.592623186672,15706.986735510387
2026-08-14 04:00:00,7391.932492057339,16979.505720180252,15624.702224593433
2026-08-14 08:00:00,7391.932492057339,16857.47355634247,15545.588827794767
2026-08-14 12:00:00,7391.932492057339,16823.093936581063,15523.925884996297
2026-08-14 16:00:00,7391.932492057339,16829.2884626642,15529.180190622254
2026-08-14 20:00:00,7391.932492057339,16844.155325263728,15481.924442675767
2026-08-15 00:00:00,7391.932492057339,16867.07507177133,15529.854842540704
2026-08-15 04:00:00,7391.932492057339,16867.694524379644,15530.401562843255
2026-08-15 08:00:00,7391.932492057339,16880.70302915423,15516.735439081856
2026-08-15 12:00:00,7391.932492057339,16861.809724600666,15510.872918705918
2026-08-15 16:00:00,7391.932492057339,16883.800292195796,15552.645307203038
2026-08-15 20:00:00,7391.932492057339,16892.162902408032,15555.9266720462
2026-08-16 00:00:00,7391.932492057339,16882.56138697917,15530.059640129999
2026-08-16 04:00:00,7391.932492057339,16893.711533928814,15556.499367830082
2026-08-16 08:00:00,7391.932492057339,16875.437681983563,15537.094612969102
2026-08-16 12:00:00,7391.932492057339,16862.42917720898,15515.632762128656
2026-08-16 16:00:00,7391.932492057339,16901.144965228577,15563.235284116512
2026-08-16 20:00:00,7391.932492057339,16885.34892371658,15523.495153794956
2026-08-17 00:00:00,7391.932492057339,16817.828589410397,15417.566091314817
2026-08-17 04:00:00,7384.540559565282,16950.701173893667,15582.064819613377
2026-08-17 08:00:00,7378.561964048963,16936.144037598297,15580.062524549108
2026-08-17 12:00:00,7378.761722549751,16983.222435830132,15599.778338042062
2026-08-17 16:00:00,7407.816547622691,17146.138471816612,15713.031489363344
2026-08-17 20:00:00,7400.820276763366,17187.641796573625,15699.657547499763
2026-08-18 00:00:00,7422.577703637999,17242.15362610522,15743.93399024773
2026-08-18 04:00:00,7371.3232527587315,17157.28861876626,15643.89928701033
2026-08-18 08:00:00,7395.392485496443,17161.62478702445,15708.37822670765
2026-08-18 12:00:00,7415.28676958633,17203.128111781465,15751.948087606594
2026-08-18 16:00:00,7482.2219716799955,17337.23960148136,15902.463091655238
2026-08-18 20:00:00,7470.069651389844,17287.063940207958,15879.730736543343
2026-08-19 00:00:00,7475.574627254891,17309.36423410725,15883.148677639252
2026-08-19 04:00:00,7444.011079335554,17188.88070179025,15818.90841875329
2026-08-19 08:00:00,7437.699062390329,17161.00533441614,15798.768834334081
2026-08-19 12:00:00,7470.534384336438,17207.46428003966,15876.25571839439
2026-08-19 16:00:00,7935.468231789805,18191.155022041676,16789.894198339683
2026-08-19 20:00:00,7962.071981599342,18143.766897505684,16838.913188686016
2026-08-20 00:00:00,8282.906332802424,18380.70752018564,17408.14692391781
2026-08-20 04:00:00,8241.539185856356,18330.841585216393,17294.075278083328
2026-08-20 08:00:00,8315.01741777658,18483.84637946986,17501.39054351163
2026-08-20 12:00:00,8491.679064174294,19051.264968685125,17858.93334507638
2026-08-20 16:00:00,8560.19239170783,19210.77401532588,17972.141150835945
2026-08-20 20:00:00,8567.152206950643,19273.338728765553,17988.866355740247
2026-08-21 00:00:00,8594.765342020393,19362.84963066687,18056.374111711197
2026-08-21 04:00:00,8706.814657964926,19729.875301092685,18323.82170969207
2026-08-21 08:00:00,8858.076454314927,20219.24286166044,18655.638524899518
2026-08-21 12:00:00,8861.116655222715,20309.063489865912,18662.143693642305
2026-08-21 16:00:00,8955.924062432096,20469.19198911498,18865.262904518087
2026-08-21 20:00:00,8960.373447429622,20418.08714892911,18830.071172075754
2026-08-22 00:00:00,9223.597054095362,20751.352652201833,19340.927161134692
2026-08-22 04:00:00,9333.819858676212,20776.440482838534,19668.979456653207
2026-08-22 08:00:00,9113.773088206532,20500.784072138977,19234.510136881705
2026-08-22 12:00:00,9037.337057300225,20406.31754937115,19050.508297639855
2026-08-22 16:00:00,9006.697768671424,20359.54887744347,18998.304623135406
2026-08-22 20:00:00,9105.907639286552,20474.457336285646,19212.504168448344
2026-08-23 00:00:00,9045.08013004625,20376.27409786794,19082.70992409601
2026-08-23 04:00:00,9019.581429593884,20325.478983986224,19038.561712799357
2026-08-23 08:00:00,8907.998169117187,20075.839582835837,18792.269144276223
2026-08-23 12:00:00,9094.858125678064,20443.794432174123,19201.380337668088
2026-08-23 16:00:00,9124.030536459846,20406.31754937115,19275.496200677986
2026-08-23 20:00:00,9139.323256199626,20483.12967280204,19291.779809914235
2026-08-24 00:00:00,9195.246949282342,20603.613205119036,19399.194414047684
2026-08-24 04:00:00,9074.18608958264,20403.53001263374,19130.72664727522
2026-08-24 08:00:00,9138.667404398495,20523.70381864658,19248.251211472096
2026-08-24 12:00:00,9283.345910926779,20820.4216180288,19554.82861119011
2026-08-24 16:00:00,9331.552773574826,21011.522747693547,19693.26791633235
2026-08-24 20:00:00,9299.757919206133,20914.888140796626,19647.893767330406
2026-08-25 00:00:00,9391.788613333494,20969.399970328224,19894.833363607333
2026-08-25 04:00:00,9560.960600284241,21371.1149868196,20319.956427281802
2026-08-25 08:00:00,9466.134121188901,21174.748509984187,20104.95761848046
2026-08-25 12:00:00,9391.10071946894,21017.40754747253,19895.886017681565
2026-08-25 16:00:00,9391.949307664428,21099.79474437824,19882.922127886384
2026-08-25 20:00:00,9330.78203258329,20942.45378186658,19766.490582030932
2026-08-26 00:00:00,9227.02533523484,20846.438627577973,19574.52094403077
2026-08-26 04:00:00,9248.173644020717,20992.319716835827,19706.067833248606
2026-08-26 08:00:00,9241.258910362489,20944.62186599568,19671.339163432665
2026-08-26 12:00:00,9225.184399650507,20833.739849107544,19647.114795985734
2026-08-26 16:00:00,9211.220229730321,20737.414968514775,19522.064058232798
2026-08-26 20:00:00,9218.764832763598,20852.013701052794,19654.07007379776
2026-08-27 00:00:00,9200.32730309807,21002.230958568845,20267.39470449603
2026-08-27 04:00:00,9152.582461923044,20951.745570991287,20132.744132284697
2026-08-27 08:00:00,9182.64865992632,21020.504810514096,20237.98464006809
2026-08-27 12:00:00,9260.445815095974,21147.18286891423,20512.663622633772
2026-08-27 16:00:00,9379.172253665747,21346.95633509537,20911.277202538306
2026-08-27 20:00:00,9412.488101415855,21253.109264935858,21048.160387700354
2026-08-28 00:00:00,9422.681111888036,21341.690987924703,21079.91987942955
2026-08-28 04:00:00,9328.798113794888,21228.950613211626,20793.601674836398
2026-08-28 08:00:00,9327.538166677721,21193.332088233594,20757.406320012862
2026-08-28 12:00:00,9317.64564463302,21173.509604767558,20699.041816562465
2026-08-28 16:00:00,9285.338449021738,20917.056224925724,20570.851356749863
2026-08-28 20:00:00,9175.911001289995,20722.857832219404,20276.48998568442
2026-08-29 00:00:00,9198.538515035732,20808.652018470842,20389.984932061237
2026-08-29 04:00:00,9191.873045870321,20726.884274173444,20331.8780492145
2026-08-29 08:00:00,9188.119334287694,20755.998546764185,20330.658472307972
2026-08-29 12:00:00,9181.980086372183,20752.901283722615,20311.163411357797
2026-08-29 16:00:00,9228.603289113402,20827.23559672025,20499.18104428954
2026-08-29 20:00:00,9240.250319444542,20918.914582750665,20578.616629007185
2026-08-30 00:00:00,9245.89842752681,20928.206371875367,20604.81515290915
2026-08-30 04:00:00,9230.462604196386,20904.357446455295,20546.95592200759
2026-08-30 08:00:00,9222.674529697852,20896.92401515553,20516.89960253505
2026-08-30 12:00:00,9232.111430779409,20909.313067321804,20558.070785234835
2026-08-30 16:00:00,9265.929916439705,21095.7683024242,20756.663948874084
2026-08-30 20:00:00,9242.945519442284,21091.122407861847,20742.213101886344
2026-08-31 00:00:00,9242.945519442284,20754.4499152434,20087.6191278219
2026-08-31 04:00:00,9242.945519442284,20782.015556313356,20140.544606601525
2026-08-31 08:00:00,9242.945519442284,20875.55290016871,20284.987168581945
2026-08-31 12:00:00,9242.945519442284,20908.38388840933,20343.472576664382
2026-08-31 16:00:00,9242.945519442284,20945.241318603992,20312.315892271854
2026-08-31 20:00:00,9242.945519442284,21040.017567675975,20442.005103053463
2026-09-01 00:00:00,9242.945519442284,20944.931592299836,20325.43641244444
2026-09-01 04:00:00,9242.945519442284,20993.248895748296,20425.458463984898
2026-09-01 08:00:00,9242.945519442284,21007.806032043667,20397.655171274517
2026-09-01 12:00:00,9242.945519442284,20857.588774527616,20239.629932163043
2026-09-01 16:00:00,9242.945519442284,20814.53681824982,20191.450763833687
2026-09-01 20:00:00,9242.945519442284,20658.43476095479,19908.912629378683
2026-09-02 00:00:00,9242.945519442284,20684.761496808118,19905.79024301356
2026-09-02 04:00:00,9242.945519442284,20735.866336993993,19961.402819821247
2026-09-02 08:00:00,9242.945519442284,20716.973032440426,19920.359344645043
2026-09-02 12:00:00,9242.945519442284,20538.880407550263,19632.52106615236
2026-09-02 16:00:00,9242.945519442284,20636.753919663814,19777.644054230666
2026-09-02 20:00:00,9242.945519442284,20665.868192254555,19816.640260703778
2026-09-03 00:00:00,9242.945519442284,20668.655728991966,19907.337045247063
2026-09-03 04:00:00,9242.945519442284,20749.49429437689,19952.672068999138
2026-09-03 08:00:00,9242.945519442284,20727.503726781757,19921.40698283603
2026-09-03 12:00:00,9242.945519442284,20784.49336674661,19979.78473494365
2026-09-03 16:00:00,9215.299620580543,21680.53156467225,20840.278549188064
2026-09-03 20:00:00,9228.010987509464,21775.927266352544,20870.282762366638
2026-09-04 00:00:00,9159.350941120068,21637.169882090297,20690.459402522392
2026-09-04 04:00:00,9137.184422806928,21538.676917368433,20635.379005231527
2026-09-04 08:00:00,9129.244957670435,21495.934687394794,20613.940410242874
2026-09-04 12:00:00,9189.987281633908,21652.036744689824,20742.666516114747
2026-09-04 16:00:00,8938.512708538885,21176.606867809125,20224.03955059444
2026-09-04 20:00:00,8954.486122739523,21289.347242522203,20308.442250962475
2026-09-05 00:00:00,8950.010056122861,21257.75515949821,20318.826702679202
2026-09-05 04:00:00,8946.938245699661,21236.074318207233,20301.85066327337
2026-09-05 08:00:00,8950.93159924982,21264.2594118855,20349.028854382203
2026-09-05 12:00:00,8947.947554838713,21243.19802320284,20353.7715795124
2026-09-05 16:00:00,8956.416975005533,21302.975199905104,20445.165738539716
2026-09-05 20:00:00,8954.793303781842,21291.5153266513,20509.230592529268
2026-09-06 00:00:00,8956.285325987397,21302.04602099263,20491.315985987687
2026-09-06 04:00:00,8953.948748240398,21348.81469292031,20811.66566233743
2026-09-06 08:00:00,8925.927144893296,21296.161221213653,20706.431848609926
2026-09-06 12:00:00,8965.708030821252,21326.204672716864,20845.509539342755
2026-09-06 16:00:00,8937.256686893212,21267.976127535385,20726.40352651665
2026-09-06 20:00:00,8934.498309920149,21301.42656838432,20726.463302656954
2026-09-07 00:00:00,8973.168027291811,21435.538058084217,20899.76348975173
2026-09-07 04:00:00,8928.869143361782,21230.189518428255,20659.326266919772
2026-09-07 08:00:00,8912.171116159778,21158.333015863875,20561.291444590548
2026-09-07 12:00:00,8926.249844977156,21168.244257596893,20615.129024713075
2026-09-07 16:00:00,8868.05597601143,20992.629443139984,20358.85784315608
2026-09-07 20:00:00,8868.05597601143,21155.235752822307,20565.275893310958
2026-09-08 00:00:00,8868.05597601143,21071.919377004127,20466.648418298653
2026-09-08 04:00:00,8868.05597601143,21018.02700008084,20396.57524805689
2026-09-08 08:00:00,8868.05597601143,20928.82582448368,20328.172346014006
2026-09-08 12:00:00,8868.05597601143,20913.33950927584,20310.080407599475
2026-09-08 16:00:00,8868.05597601143,21023.602073555663,20500.60437603928
2026-09-08 20:00:00,8868.05597601143,20900.64073080541,20347.40616475608
2026-09-09 00:00:00,8868.05597601143,20905.59635167192,20363.969726067888
2026-09-09 04:00:00,8868.05597601143,20949.267760558032,20373.3980040322
2026-09-09 08:00:00,8868.05597601143,21095.7683024242,20560.127225781594
2026-09-09 12:00:00,8868.05597601143,21104.75036524475,20517.620021648014
2026-09-09 16:00:00,8868.05597601143,20938.42733991254,20350.990462629674
2026-09-09 20:00:00,8868.05597601143,20835.288480628325,20208.848988169044
2026-09-10 00:00:00,8868.05597601143,20845.5094486655,20138.51158954129
2026-09-10 04:00:00,8868.05597601143,20843.651090840558,20164.444463328902
2026-09-10 08:00:00,8868.05597601143,20782.015556313356,20088.674450494156
2026-09-10 12:00:00,8868.05597601143,20749.184568072735,20057.321486060373
2026-09-10 16:00:00,8868.05597601143,20576.667016657393,19834.950398055415
2026-09-10 20:00:00,8868.05597601143,20583.171269044688,19883.787248915978
2026-09-11 00:00:00,8868.05597601143,20422.733043491462,19699.340476846548
2026-09-11 04:00:00,8868.05597601143,20528.65943951309,19819.045447305347
2026-09-11 08:00:00,8868.05597601143,20607.02019446476,19905.90648907273
2026-09-11 12:00:00,8868.05597601143,20576.97674296155,19872.144266088835
2026-09-11 16:00:00,8859.18792003542,20748.565115464422,20258.203909567404
2026-09-11 20:00:00,8838.402785664224,20643.567898355264,20262.303364756146
2026-09-12 00:00:00,8809.241952400705,20623.125962280916,20246.742021118498
2026-09-12 04:00:00,8807.191581311865,20640.470635313693,20178.761745698943
2026-09-12 08:00:00,8820.820518549455,20644.80680357189,20198.84598418186
2026-09-12 12:00:00,8835.96378214678,20672.372444641846,20274.33079052005
2026-09-12 16:00:00,8834.221636777176,20677.63779181251,20269.188050833218
2026-09-12 20:00:00,8815.500274613052,20604.542384031505,20142.190472393966
2026-09-13 00:00:00,8822.56266391906,20647.5943403093,20214.337549641397
2026-09-13 04:00:00,8817.068205445694,20627.771856843265,20185.931928976417
2026-09-13 08:00:00,8813.27568898725,20601.754847294094,20085.328534633845
2026-09-13 12:00:00,8762.618818832792,20513.17312430525,19921.19044911731
2026-09-13 16:00:00,8762.618818832792,20598.34785794837,19999.282863248358
2026-09-13 20:00:00,8762.618818832792,20637.683098576283,20104.195549268148
2026-09-14 00:00:00,8762.618818832792,20531.756702554656,19874.144175526282
2026-09-14 04:00:00,8753.85620001396,20762.812525455633,20180.797384856553
2026-09-14 08:00:00,8771.372026162948,20887.32249972667,20323.405018156536
2026-09-14 12:00:00,8766.75342523809,20854.49151148605,20267.97305789603
2026-09-14 16:00:00,8797.471478559077,21072.848555916597,20403.970724904204
2026-09-14 20:00:00,8805.040585889941,21189.305646279554,20611.69562300486
2026-09-15 00:00:00,8750.07225524171,20957.630370770265,20422.416662325806
2026-09-15 04:00:00,8711.249684244036,20851.703974748638,20286.465569944714
2026-09-15 08:00:00,8632.174784145045,20639.541456401224,20070.338939773254
2026-09-15 12:00:00,8632.174784145045,20643.87762465942,20113.965846231076
2026-09-15 16:00:00,8632.174784145045,20523.394092342423,19856.45312515641
2026-09-15 20:00:00,8632.174784145045,20440.077716524243,19671.67437583924
2026-09-16 00:00:00,8632.174784145045,20293.267448353916,19504.58904280186
2026-09-16 04:00:00,8632.174784145045,20340.34584658575,19556.99016039986
2026-09-16 08:00:00,8632.174784145045,20306.585679432657,19497.063527800492
2026-09-16 12:00:00,8632.174784145045,20460.519652598592,19705.585776826018
2026-09-16 16:00:00,8632.174784145045,20334.77077311093,19526.717990512272
2026-09-16 20:00:00,8632.174784145045,20523.084366038267,19780.065632235484
2026-09-17 00:00:00,8632.174784145045,20570.1627642701,19870.688919464057
2026-09-17 04:00:00,8632.174784145045,20641.399814226166,20055.32591338677
2026-09-17 08:00:00,8632.174784145045,20627.46213053911,20058.733701973586
2026-09-17 12:00:00,8632.174784145045,20630.55939358068,20062.15149749065
2026-09-17 16:00:00,8632.174784145045,20701.17699092843,20228.522031230706
2026-09-17 20:00:00,8632.174784145045,20644.187350963577,20151.58038790305
2026-09-18 00:00:00,8632.174784145045,20604.85211033566,20201.32687851468
2026-09-18 04:00:00,8623.5426093609,20842.102459319776,20608.876154855683
2026-09-18 08:00:00,8647.22797979751,20965.992980982497,20780.941744088166
2026-09-18 12:00:00,8659.317187677361,21081.83061873714,20867.918551517752
2026-09-18 16:00:00,8996.192163387372,21802.254002205875,21749.830910189525
2026-09-18 20:00:00,9139.713717538436,21891.145451498876,22121.14362425152
2026-09-19 00:00:00,9051.575472293436,21787.387139606348,21895.97175430307
2026-09-19 04:00:00,9080.992348827132,21843.757326962885,21972.86465533988
2026-09-19 08:00:00,9040.999613155638,21835.394716750652,21814.463634842577
2026-09-19 12:00:00,9073.631722015803,21900.43724062358,21883.315325296928
2026-09-19 16:00:00,9087.779987708669,22003.26637360364,21910.30097372931
2026-09-19 20:00:00,9054.184844643189,21921.8083556104,21821.26497842701
2026-09-20 00:00:00,9040.734404162913,21877.207767811822,21788.67773647121
2026-09-20 04:00:00,8907.827728826844,21686.41636445123,21460.656252419023
2026-09-20 08:00:00,8874.059045444033,21632.8337138321,21380.137332915212
2026-09-20 12:00:00,8884.670910784089,21681.770469888877,21405.317620904476
2026-09-20 16:00:00,8955.547501895395,21815.26250698046,21538.052977367886
2026-09-20 20:00:00,9034.618572134468,21889.596819978095,21753.054890800584
2026-09-21 00:00:00,9069.851450591064,21900.127514319425,21846.85161060666
2026-09-21 04:00:00,9117.149080571562,21973.842374708744,21944.75370371897
2026-09-21 08:00:00,9137.182296681753,22050.03504553132,22014.37842982312
2026-09-21 12:00:00,9447.39506880958,22884.74743523391,22826.966658504323
2026-09-21 16:00:00,9569.96155162515,23207.791970469458,23119.831545320274
2026-09-21 20:00:00,9617.200958173598,23380.619248188956,23236.0120332352
2026-09-22 00:00:00,9645.434150049023,23394.247205571857,23303.53961705658
2026-09-22 04:00:00,9506.477695254356,23129.12148921363,22950.011023175022
2026-09-22 08:00:00,9486.100455384947,23085.140354023362,22903.918149386292
2026-09-22 12:00:00,9542.725361704603,23229.472811760435,23051.28286595101
2026-09-22 16:00:00,9589.311234697125,23412.21133121295,23164.155348403645
2026-09-22 20:00:00,9602.442501293619,23327.9657764823,23212.172599231042
2026-09-23 00:00:00,9610.156147566075,23317.12535583681,23237.127300333323
2026-09-23 04:00:00,9684.777732565379,23493.66934920619,23409.082031016023
2026-09-23 08:00:00,9607.190075089826,23368.849648630996,23224.808795982237
2026-09-23 12:00:00,9553.087487418197,23245.578579576588,23091.44423996795
2026-09-23 16:00:00,9322.91629641975,22834.26204765635,22549.34604153064
2026-09-23 20:00:00,9368.251343362415,23000.585072988557,22720.535627445053
2026-09-24 00:00:00,9377.860795199575,22972.09025300613,22767.62548505664
2026-09-24 04:00:00,9352.076155132016,22848.81918395172,22685.163517586756
2026-09-24 08:00:00,9390.053150253834,22978.90423169758,22818.401112726046
2026-09-24 12:00:00,9292.978423409422,22738.24689336774,22487.15672541506
2026-09-24 16:00:00,9327.929992123609,22992.22246277632,22914.73224376332
2026-09-24 20:00:00,9315.377860825602,22969.92216887703,23017.533358255823
2026-09-25 00:00:00,9315.377860825602,22978.90423169758,22984.805050301096
2026-09-25 04:00:00,9315.377860825602,22943.595433023704,22949.991274501368
2026-09-25 08:00:00,9315.377860825602,22853.77480481823,22838.659893459517
2026-09-25 12:00:00,9306.062482964775,22975.806968656012,23361.81076018457
2026-09-25 16:00:00,9290.61744872644,22767.980618566795,23191.62273743424
2026-09-25 20:00:00,9338.974766550451,22835.810679177135,23409.787721612618
2026-09-26 00:00:00,9343.839805798201,22865.854130680345,23436.982192665764
2026-09-26 04:00:00,9304.772954489468,22827.75779526906,23269.760167719993
2026-09-26 08:00:00,9307.38131890543,22866.1638569845,23295.59156586726
2026-09-26 12:00:00,9322.562585955635,22896.51703479187,23364.37899255717
2026-09-26 16:00:00,9337.538700748406,22890.63223501289,23424.30576151156
2026-09-26 20:00:00,9319.221534905977,22858.110973076426,23331.56430605494
2026-09-27 00:00:00,9325.757099678554,22971.16107409366,23411.15505817499
2026-09-27 04:00:00,9303.747193202293,22950.409411715154,23317.522908991115
2026-09-27 08:00:00,9385.402249142899,23064.388691644857,23772.598310634567
2026-09-27 12:00:00,9368.795538009395,23097.83913249379,23724.24798632811
2026-09-27 16:00:00,9275.263821533545,22983.240399955776,23444.95681579798
2026-09-27 20:00:00,9319.6707091216,23052.619092086898,23599.261303410873
2026-09-28 00:00:00,9273.374971822426,22991.912736472164,23471.794764727623
2026-09-28 04:00:00,9153.078361860917,22668.248748628303,23085.153583240477
2026-09-28 08:00:00,9153.078361860917,22567.897426081498,22874.05849557025
2026-09-28 12:00:00,9153.078361860917,22618.692539963213,22996.19773828408
2026-09-28 16:00:00,9153.078361860917,22712.539610122727,23053.05759217038
2026-09-28 20:00:00,9153.078361860917,22719.353588814174,23019.445941857168
2026-09-29 00:00:00,9153.078361860917,22734.839904022017,23083.289290359025
2026-09-29 04:00:00,9153.078361860917,22642.231739079132,22932.689657040515
2026-09-29 08:00:00,9143.925283499055,22915.100613041275,23279.527787462037
2026-09-29 12:00:00,9165.700356169109,23012.97412515483,23394.396553767896
2026-09-29 16:00:00,9096.29311023979,22697.053294914887,23047.126202633153
2026-09-29 20:00:00,9096.29311023979,22825.899437444117,23153.260089827963
2026-09-30 00:00:00,9096.29311023979,22850.677541776662,23185.74772997635
2026-09-30 04:00:00,9096.29311023979,22759.61800835456,23150.496938049273
2026-09-30 08:00:00,9096.29311023979,22730.813462067978,23056.26095098133
2026-09-30 12:00:00,9096.29311023979,22882.579351104814,23232.29901948866
2026-09-30 16:00:00,9096.29311023979,22959.701200839856,23231.5452261073
2026-09-30 20:00:00,9096.29311023979,22849.438636560033,22998.31657688898
2026-10-01 00:00:00,9096.29311023979,22850.367815472506,23101.65799020353
2026-10-01 04:00:00,9096.29311023979,22887.84469827548,23181.07591943245
