date,S1,S2,S3,S4,S7,S8,S9,S10,B1,B2
2020-03-07,9997.536274417896,9983.45319557262,10000.0,9991.111111111115,9991.111111111115,10000.0,9975.466415593499,9940.357852882704,9940.357852882704,9940.357852882706
2020-03-08,9974.577481459193,9833.052032884469,10000.0,9905.581807299579,9905.581807299579,10000.0,9730.825072820127,9647.447172646916,9647.447172646916,9379.634073556643
2020-03-09,9952.114942037686,9486.518020015767,10000.0,9823.42503556338,9823.42503556338,9970.0,9228.69816532938,8634.82814478723,8686.949843850332,8107.165387437321
2020-03-10,9952.114942037686,9465.388474678446,10000.0,9823.42503556338,9823.42503556338,9944.674232721052,9250.231709560703,8634.82814478723,8530.51864897305,8053.43420146314
2020-03-11,9952.114942037686,9508.007364585865,10000.0,9823.42503556338,9823.42503556338,9941.438181682835,9238.450113948495,8634.82814478723,8525.377717686002,8200.61879131947
2020-03-12,9952.114942037686,9425.071456609747,10000.0,9823.42503556338,9823.42503556338,9864.576937217778,9204.720658264567,8634.82814478723,8651.452937344533,7882.36852300728
2020-03-13,9952.114942037686,8562.832312517954,10000.0,9823.42503556338,9823.42503556338,7828.409183810458,8831.432284332433,8634.82814478723,5318.538222701716,4766.488993929518
2020-03-14,9952.114942037686,8802.384118248614,10000.0,9823.42503556338,9823.42503556338,8451.954964520515,8831.432284332433,8634.82814478723,6253.5757013148295,5575.534583466081
2020-03-15,9952.114942037686,8701.241151824699,10000.0,9823.42503556338,9823.42503556338,8155.700728863028,8831.432284332433,8634.82814478723,5746.2147445336595,5224.2061656768055
2020-03-16,9952.114942037686,8725.760316642194,10000.0,9823.42503556338,9823.42503556338,8129.3794635047825,8831.432284332433,8634.82814478723,5897.015395620367,5311.316260876356
2020-03-17,9952.114942037686,8626.753248153875,10000.0,9823.42503556338,9823.42503556338,8129.3794635047825,8831.432284332433,8634.82814478723,5569.3422276340725,4958.827343861454
2020-03-18,9952.049455975271,8725.706434108557,10000.0,9822.988438895132,9823.42503556338,8129.3794635047825,8831.432284332433,8634.82814478723,5964.337114855504,5297.146186253575
2020-03-19,9952.182676604376,8749.477503539112,10000.0,9823.87662304707,9823.42503556338,8129.3794635047825,8831.432284332433,8634.82814478723,6060.3011655470455,5380.275592737378
2020-03-20,9953.732975479788,9013.994648667594,10000.0,9834.725468289715,9823.42503556338,8129.3794635047825,8831.432284332433,8634.82814478723,7132.919757651603,6334.685327239711
2020-03-21,9944.799403345582,8939.984182083848,10000.0,9779.704276110015,9823.42503556338,8129.3794635047825,8831.432284332433,8634.82814478723,7128.513245119849,6021.530638800722
2020-03-22,9947.435617774121,8961.868857814396,10000.0,9796.126825476971,9823.42503556338,8129.3794635047825,8831.432284332433,8634.82814478723,7112.233629377533,6112.331662873525
2020-03-23,9933.089412245406,8850.540199352332,10000.0,9708.612784623072,9823.42503556338,8129.3794635047825,8831.432284332433,8634.82814478723,6652.977101068016,5635.720114281548
2020-03-24,9935.643653784506,8979.128699547691,10000.0,9722.359825881927,9823.42503556338,8129.3794635047825,8831.432284332433,8634.82814478723,7430.481756670909,6180.054146373542
2020-03-25,9935.83358669837,8990.527180237697,10000.0,9721.929152379937,9823.42503556338,8129.3794635047825,8831.432284332433,8634.82814478723,7660.232423951549,6228.169447345423
2020-03-26,9933.61116531898,8984.885637709418,10000.0,9708.265350087026,9823.42503556338,8129.3794635047825,8831.432284332433,8634.82814478723,7558.393023217669,6196.608564610364
2020-03-27,9934.270508181367,9000.39138676663,10000.0,9712.874505995387,9823.42503556338,8129.3794635047825,8831.432284332433,8634.82814478723,7509.064563487196,6262.4490286249265
2020-03-28,9920.34911090748,8890.827218516008,10000.0,9631.223112557007,9823.42503556338,8129.3794635047825,8831.432284332433,8634.82814478723,6997.297094174272,5795.744525591955
2020-03-29,9921.098375432692,8906.925758719535,10000.0,9634.923817933146,9823.42503556338,8129.3794635047825,8831.432284332433,8634.82814478723,6912.226921686235,5864.139563436331
2020-03-30,9915.500365663704,8847.262496341798,10000.0,9604.612639513081,9823.42503556338,8129.3794635047825,8831.432284332433,8634.82814478723,6494.58745617662,5621.049077624201
2020-03-31,9915.43434227747,8937.127874219415,10000.0,9604.185767840214,9823.42503556338,8129.3794635047825,8831.432284332433,8634.82814478723,7139.039913945706,6004.0174673983865
2020-04-01,9915.413130729168,8951.497219715102,10000.0,9603.955024457451,9823.42503556338,8129.3794635047825,8831.432284332433,8634.82814478723,7158.502010960955,6055.844239187504
2020-04-02,9916.77292096387,9007.604556098775,10000.0,9615.693297896365,9823.42503556338,8129.3794635047825,8824.891850404905,8634.82814478723,7475.281300743746,6327.010070098622
2020-04-03,9919.831021612294,9037.926480514809,10000.0,9633.011187865743,9823.42503556338,8129.3794635047825,8829.60589543473,8634.82814478723,7670.759092777407,6452.918443872378
2020-04-04,9921.822790526527,9046.09228589401,10000.0,9643.876357412697,9823.42503556338,8129.3794635047825,8843.234984584436,8634.82814478723,7642.973583202179,6484.04945114587
2020-04-05,9927.560719624731,9067.067128475097,10000.0,9676.784849513468,9823.42503556338,8129.3794635047825,8888.376301166943,8634.82814478723,7797.079118687701,6567.952845010179
2020-04-06,9926.486217926757,9064.79913702505,10000.0,9669.891778181036,9823.42503556338,8121.250084041278,8863.379370200431,8634.82814478723,7678.225683456213,6559.505960783291
2020-04-07,9971.740889937382,9218.537453523779,10000.0,9950.177208203833,9823.42503556338,8380.53171883199,9236.894598209597,8634.82814478723,8328.186281889992,7225.228945876441
2020-04-08,9958.213533306252,9179.203235090976,10000.0,9866.091351648087,9823.42503556338,8300.784052423234,9085.900794871337,8634.82814478723,8088.398558287022,7051.182548539749
2020-04-09,9978.30636792154,9239.14207304498,10000.0,9996.056150640137,9823.42503556338,8389.889863359547,9303.431827504224,8634.82814478723,8298.075112923003,7326.616848280099
2020-04-10,9970.399603644344,9214.899705064996,10000.0,9942.577392748,9823.42503556338,8343.709454495292,9228.563484609364,8634.82814478723,8185.341833985619,7206.663762623625
2020-04-11,9932.799690273452,9111.515562851277,10000.0,9694.9519334269,9823.42503556338,8241.278459503435,8847.003821031976,8634.82814478723,7711.396930570254,6713.083852009759
2020-04-12,9932.105324492451,9110.035875857775,10000.0,9689.446012589475,9823.42503556338,8247.89019205008,8840.224141908286,8634.82814478723,7732.450268221969,6700.845386538639
2020-04-13,9930.334529033238,9097.954192882407,9940.357852882706,9678.119172198933,9823.42503556338,8237.484342211283,8801.947662605035,8634.82814478723,7740.0392620266575,6640.537593249372
2020-04-14,9929.960028450623,9099.166233549566,9957.971709089174,9676.480503450326,9823.42503556338,8218.577189182384,8795.180453933328,8634.82814478723,7727.18693380904,6649.769777352044
2020-04-15,9929.386753810457,9091.319322199892,9916.37156323365,9673.0711843749,9823.42503556338,8210.289144569879,8761.25105704302,8634.82814478723,7637.955055041013,6623.376080573047
2020-04-16,9923.73181757724,9045.690402725737,9588.594479205338,9636.731116331384,9823.42503556338,8132.53281011402,8586.063904233997,8634.82814478723,7429.869741041499,6403.6572941710465
2020-04-17,9928.208567003796,9157.069818476708,10381.224793853324,9665.460791097232,9823.42503556338,8416.387096366621,9013.864595216935,8634.82814478723,8029.400251611865,6936.2377922358955
2020-04-18,9927.594228285527,9155.091107760803,10376.4335024314,9662.37190097737,9823.42503556338,8392.430322385868,8991.099508446801,8634.82814478723,7931.722557157976,6931.224454103778
2020-04-19,9934.015920743474,9203.960376630286,10723.489961668132,9701.587278157916,9823.42503556338,8573.939337431499,9179.441866446215,8634.82814478723,8197.459743447944,7166.802383408578
2020-04-20,9927.793809913335,9171.527165020581,10505.574769293155,9663.923242679704,9823.42503556338,8462.927911666186,9055.094492039041,8634.82814478723,8036.622036038907,7019.933668514967
2020-04-21,9912.50012623405,9102.11844733744,10004.524031206862,9565.53996302782,9823.42503556338,8232.530969872623,8791.003221546282,8634.82814478723,7712.620961829074,6684.830992954815
2020-04-22,9912.470228352346,9105.780189259323,10026.914410177793,9565.281781649466,9823.42503556338,8209.953520005349,8803.25482125979,8634.82814478723,7732.817477599616,6700.548500554923
2020-04-23,9916.408310912968,9161.336648801904,10425.636524493466,9590.38416056581,9823.42503556338,8566.925736164008,9014.712274554951,8634.82814478723,8077.382276957635,6968.4433383922915
2020-04-24,9916.727208478378,9214.935298485076,10806.41661201126,9592.291121622251,9823.42503556338,8715.793084149296,9221.419757128993,8634.82814478723,8501.509108139,7222.288543634911
2020-04-25,9919.298355779058,9236.388692046612,10968.265504686105,9610.952792669268,9823.42503556338,8754.159650638074,9301.825309057454,8634.82814478723,8505.548411293108,7331.124210781522
2020-04-26,9933.770182494633,9276.961228766988,11282.815150286815,9704.154042150407,9823.42503556338,8922.377322924844,9465.878443427466,8634.82814478723,8551.694389750648,7543.6669583428675
2020-04-27,9949.44176185396,9321.137677687808,11630.208042608134,9808.13533647591,9823.42503556338,9039.542627746092,9640.199641663274,8634.82814478723,8710.696050271452,7776.716992339901
2020-04-28,9942.38719174423,9311.496688258949,11562.381743131893,9765.367756235597,9823.42503556338,9005.308572094502,9600.219952808144,8634.82814478723,8777.772963254825,7724.507310664564
2020-04-29,9953.950751268465,9346.915687857549,11789.197007759989,9834.266389411605,9823.42503556338,9035.698466088612,9734.804639192844,8634.82814478723,8796.745447766547,7873.055938495201
2020-04-30,9997.245122913422,9446.903323308323,12542.48921207148,10101.548901527958,9797.665832136794,9595.793642492055,10148.031487335154,8583.328175732833,9843.536980309987,8381.39014857176
2020-05-01,9962.910287287403,9376.155640040806,11988.788862464768,9883.19828198394,9594.893415700371,9381.529886378241,9841.310541032652,8406.915427394708,9660.544307116297,7994.975433076389
2020-05-02,9986.392985724522,9429.335996594267,12371.409782594477,10058.195772455816,9763.49912102026,9467.038604298878,10075.623986514347,8492.945617837342,9837.17201776412,8342.698168801737
2020-05-03,10014.935849561336,9481.32438580597,12536.310136143144,10251.118423410644,9947.733204945067,9555.04991623082,10291.385974005356,8651.778189211283,10021.143915964867,8599.97029764792
2020-05-04,9995.398634769646,9436.86423965329,12257.644613719829,10122.628509161808,9824.376498085498,9449.166987071712,10105.897668122729,8612.994720352843,9976.221968766149,8356.984352140866
2020-05-05,10001.404566717736,9451.508140316313,12409.52867227664,10167.06180599652,9867.819941007248,9420.69210478432,10169.224913286742,8626.838410871796,9992.2567782567,8458.598812384724
2020-05-06,10022.259045908506,9470.18637638232,12599.781213247341,10338.991477622492,10033.916225782388,9488.353208053562,10249.362289810915,8808.814251128568,10203.03496102562,8611.667593271777
2020-05-07,10011.162866622853,9445.02457739083,12353.931510775888,10248.735157670302,9947.401269819959,9452.99025870546,10143.728987837463,8978.003171135008,10399.002365562812,8440.508605906487
2020-05-08,10040.41248937154,9515.683416888296,12956.503662116756,10449.494744432068,10137.801936908265,9931.628745586871,10444.747280968284,9738.138025355072,11279.448050032523,8852.217452694646
2020-05-09,10049.2564296763,9561.164161310471,13297.026639239559,10475.907110158245,10160.501301008768,9860.588731256259,10635.915730184655,9583.743889109346,11100.617083118821,9069.285001912081
2020-05-10,10033.025869709529,9530.34798757493,13008.130956862935,10361.536938429215,10050.969616953109,9743.632170692017,10502.919720351809,9321.981893571587,10797.42454030894,8873.221459054108
2020-05-11,9966.28061826522,9395.744210683826,11828.433955720795,9891.2493378714,9600.800914191535,9137.977642420343,9931.170781807357,8570.723909607948,9927.260718413323,8064.215115850609
2020-05-12,9960.177846906232,9376.90922403386,11636.518812232587,9849.405827945577,9560.192017434294,9035.508984196284,9847.63877787651,8358.787364111413,9701.182144909144,7929.341090732747
2020-05-13,9986.830925321436,9443.294864090794,12265.58237406918,10047.305899724104,9752.283214015635,9175.842491342848,10133.726576579034,8490.18393887491,9958.228709261486,8370.294000454438
2020-05-14,9991.585793470666,9476.993616665517,12548.056890855238,10074.106894899256,9778.291988312267,9530.89480796822,10280.663468106835,9020.84652466058,10580.6486043718,8562.997101545214
2020-05-15,9995.78218655993,9495.441372721345,12728.479230982697,10103.626109641347,9806.946897462043,9763.022564621591,10358.226242153147,9495.990428904855,11137.950036512852,8683.235969230249
2020-05-16,9988.911872326393,9458.094686152279,12402.418316819494,10059.408875532172,9764.031840772694,9415.966194588971,10198.020194969664,9003.105592589081,10559.840072971847,8458.030735265933
2020-05-17,9988.423427586202,9474.272689605057,12539.456538746932,10051.255058322218,9756.115414808744,9536.717221357487,10268.449647486927,9037.022080372826,10599.62108888352,8547.673578751605
2020-05-18,9987.213877523149,9489.545106583968,12644.383614469149,10035.49228737169,9740.816078787011,9770.496303044218,10335.367738819883,9325.260047322681,10937.698522569788,8609.457716134413
2020-05-19,9981.46135958247,9490.738909050526,12631.649365376508,9987.610924227314,9694.341294033435,9814.485699421137,10340.479612933605,9265.671387247243,10867.80633769113,8592.20678532819
2020-05-20,9988.002034730278,9511.419046828081,12820.592220562448,10031.123528449069,9736.578291967977,9842.091597881888,10427.513754322743,9331.625911183632,10945.165113248595,8715.708461122897
2020-05-21,9980.029957249591,9498.753295158687,12725.177489547565,9970.751594761543,9677.98326530137,9653.982537729611,10361.851193947725,9042.553076842176,10606.108454555268,8632.788598131729
2020-05-22,9956.249191284345,9417.30705578361,12040.290627550112,9803.559340816852,9515.705544318591,9342.374884837738,10014.245478126973,8645.991065832235,10140.976576203411,8162.7879394635875
2020-05-23,9968.411943439525,9518.820789143465,12962.813740457657,9881.037772337795,9590.907470584709,9566.579384075767,10443.995865652403,8796.684630016012,10317.726689977117,8808.816430960373
2020-05-24,9962.677644976326,9501.253656387938,12802.406609921709,9840.883410088612,9551.93327699784,9532.252006148066,10370.395930177645,8788.022880828164,10307.567230528906,8702.585726837064
2020-05-25,9945.158718858613,9443.14530241814,12287.015497284787,9721.768270880857,9436.313331662614,9269.314943236293,10117.33254732268,8349.926217086131,9793.718908075985,8354.81426214048
2020-05-26,9965.617334756236,9510.395267130234,12920.975981756508,9872.190181773447,9582.325817878092,9445.292013178354,10416.675151403373,8541.42392503435,10018.32864406958,8800.791008725402
2020-05-27,9962.282527836674,9488.377740511767,12729.27811926476,9850.5743371278,9561.345370051717,9304.84602362406,10316.958055484356,8412.958705151921,9867.650396108756,8667.170806527318
2020-05-28,9973.128637402775,9511.629040145972,12921.408207427914,9933.749765314933,9642.089210456095,9570.571122066769,10417.69398110483,8729.895238688023,10239.388689412594,8803.276498371184
2020-05-29,9979.995320450393,9563.793325838795,13352.413978334787,9968.951569790637,9676.251852787535,9900.908084619954,10649.429749886247,9027.003671673629,10587.870388798841,9076.625002847039
2020-05-30,9976.598638765447,9545.928212930468,13188.77562085307,9949.026023997543,9656.911554819075,9790.896842539358,10567.132262928753,8866.917849334353,10400.10399369575,8959.468593406677
2020-05-31,10009.473162596198,9636.219317351133,14000.868863327629,10157.08458281883,9858.859345240488,10278.484469699539,10966.751500866649,9096.297665176417,10669.146064384533,9502.690917175561
2020-06-01,9993.566788665688,9593.740897149852,13612.487720493555,10055.824109907353,9760.571980931181,9966.693626987024,10778.209528667103,8867.543999878053,10400.838412451043,9247.107469672215
2020-06-02,10036.611185954744,9681.050768214865,14389.603175081811,10331.889478899933,10028.531714380315,10651.387143176207,11172.468100830793,9507.052421843555,11150.924767856352,9775.50857214527
2020-06-03,10031.566823422867,9660.528833768101,14236.248953338629,10314.696268627515,10011.843295611081,10076.471113698371,11084.77557185461,8893.320530593697,10431.07198454391,9676.14618249011
2020-06-04,10040.002888140274,9673.48467166877,14347.359622526616,10364.287933115573,10059.978898375393,10254.208174910715,11146.282825817929,8985.155943669684,10538.78673532013,9749.382401148037
2020-06-05,10024.039614925376,9650.676926827142,14113.4725421343,10249.383170787094,9948.447903683984,10186.189466551556,11047.814730243463,9024.707786346728,10585.177520029434,9590.663896620486
2020-06-06,10024.187078322524,9641.253360365206,14050.52032674251,10262.568839990086,9961.246420264473,10081.364105004315,11005.676816435072,8912.209405328646,10453.226950328566,9549.330566905657
2020-06-07,10045.444362143186,9668.944711376873,14349.26759930392,10418.322562278763,10112.427011503369,10152.576673432068,11125.888982189344,8944.14308305734,10490.68230684848,9756.29023437636
2020-06-08,10048.281416979715,9670.847494478676,14376.432105361764,10438.196327740541,10131.717257895381,10246.471172486261,11137.132887580654,9019.17678987738,10578.690154357686,9778.485258946783
2020-06-09,10047.792266010076,9676.103158624574,14443.260307783374,10438.926040089256,10132.425546221772,10310.299830368735,11156.233692544723,9047.875356463624,10612.351013975254,9810.895765093102
2020-06-10,10066.398229719363,9692.71167292718,14584.639569820742,10573.156667886942,10262.714981671383,10204.885613901835,11230.850214539481,9000.914065686131,10557.269607328324,9941.955275468472
2020-06-11,10093.430468868446,9745.505150809218,15217.868094548458,10776.396791480092,10459.987712645961,10330.051713680958,11469.727068638525,9090.975385554968,10662.903504964546,10404.96405932541
2020-06-12,10008.899078952318,9568.896711146226,14066.040929107798,10350.861863115979,10046.947026259842,9680.40487376837,10632.363549725775,8568.765832109248,10050.398263050682,9599.951783184466
2020-06-13,10055.73158904058,9670.877025376754,14877.623823118629,10597.710616743912,10286.547983529712,9987.721450869896,11044.893236901473,8785.935712349165,10305.119168011264,10165.496238050611
2020-06-14,10037.113186336781,9651.32449467575,14644.819049175934,10483.153683322387,10175.354590046689,9981.45179261448,10961.377859562124,8783.639827022263,10302.426299241859,9969.965256183186
2020-06-15,10007.524364860208,9585.618113587178,14177.703125397285,10337.64736700311,10034.12052658378,9779.433524583055,10688.894604707173,8656.322549803283,10153.094485665735,9656.335576930142
2020-06-16,10018.889188376312,9584.622126327205,14232.844388161799,10406.218492306773,10100.678315272777,9726.434085542809,10691.327890520035,8685.85598378113,10187.734570290362,9728.905084111611
2020-06-17,10022.622761902956,9608.30614864815,14326.513502214282,10415.737997985747,10109.918318285545,9904.096786461032,10767.422441664618,8822.565519155609,10348.08266519587,9791.137852695523
2020-06-18,10016.224929904727,9611.659253851089,14260.388112332485,10367.559616564839,10063.154522038934,9859.557627942031,10768.536327128291,8773.725776747015,10290.798002283062,9723.781392739178
2020-06-19,9996.669836000741,9570.160229488263,13941.216897586533,10261.957396504637,9960.65291907485,9813.46485709469,10612.023238081152,8728.956012872473,10238.287061279656,9471.92950507539
2020-06-20,9976.832671712247,9538.464352973095,13719.730429039375,10162.685525919538,9864.295798590529,9759.554501856079,10469.150086618527,8675.420141386132,10175.494257702156,9293.620177828761
2020-06-21,9982.41162509321,9556.6630439661,13848.784550105494,10196.36897755825,9896.990259050352,9779.282264569254,10528.394026370821,8736.574177820823,10247.222489469048,9389.43912543963
2020-06-22,9986.931268059398,9554.012748686986,13855.561935584155,10223.984568173168,9923.795019878027,9712.21739645986,10540.728179953667,8666.236600078531,10164.722782624533,9407.212776552566
2020-06-23,10012.367299056024,9645.796734111838,14409.137390510807,10325.666973233727,10022.491896705778,10186.44325387289,10902.490648096711,8973.154724915436,10524.710375843693,9799.985687662502
2020-06-24,10009.512324940102,9648.751032124132,14404.236871699843,10300.467967711997,9998.03276684538,10106.51125796077,10932.208609716541,8879.440860208351,10414.792368801598,9777.241689377071
2020-06-25,9984.280427883228,9577.438995073779,14029.00795923339,10199.750381787875,9900.272380889683,9803.939199694487,10704.17819454036,8613.74431283169,10103.154010305852,9527.20644349407
2020-06-26,9980.355282535787,9562.107122211446,13946.842652025756,10176.078819322318,9877.29584642717,9755.391137860843,10650.627527328164,8599.134133478692,10086.017572682364,9464.568913471425
2020-06-27,9967.412098271861,9529.35177521791,13765.196334109527,10122.494025631346,9825.284372314385,9645.118729718077,10497.209626578722,8510.533831545157,9982.097318808488,9333.340862790092
2020-06-28,9929.44686286438,9409.11446814864,13131.885826822592,9969.416723790428,9676.70162011323,9399.947488295194,10108.646189792227,8383.216554326176,9832.765505232366,8872.377630386081
2020-06-29,9952.001396014904,9477.168053320218,13462.92838294767,10059.92436458651,9764.551838291236,9517.538178959981,10294.57596091001,8486.53139403666,9953.944599855613,9176.54892269287
2020-06-30,9970.72366192559,9531.269743081208,13462.92838294767,10129.031516916792,9831.62991430032,9567.8439813254,10394.176159931825,8528.066046768754,10002.661043956676,9388.854268344621
2020-07-01,9957.328463667323,9485.64431784992,13462.92838294767,10072.03988788637,9776.311633984782,9522.26836327198,10319.77004353798,8477.556569576962,9943.417931029755,9216.242521185543
2020-07-02,10010.514200371217,9575.055469361929,13462.92838294767,10284.769824199204,9982.795541358235,9632.551590634032,10619.628480717845,8569.078907381097,10050.76547242833,9541.427353686455
2020-07-03,10006.140998980192,9546.606879055815,13462.92838294767,10269.193480806136,9967.676539763395,9516.227949117396,10583.797334177918,8443.640081793217,9903.636915118082,9450.603744263895
2020-07-04,10036.903970049882,9586.585507383756,13462.92838294767,10403.29923161449,10097.844770469997,9494.6290638451,10751.999950874473,8411.393328792672,9865.814349220525,9639.48644622464
2020-07-05,10102.2975902287,9686.570320588067,13462.92838294767,10695.945083282555,10381.898157484718,9573.002265520474,11158.82522714611,8484.65294240556,9951.741343589736,10099.934904500866
2020-07-06,10123.830171319038,9684.992240956972,13382.63258742313,10783.778631158748,10467.152797608805,9538.252940921835,11203.59445969812,8431.847579886868,9889.80536189341,10129.834182681083
2020-07-07,10160.771060119581,9822.640011468302,14007.85934045,10909.377492704974,10589.063912439375,9772.78554050693,11479.11397010803,8618.85787560524,10109.151763474074,10560.226389272282
2020-07-08,10232.505746813245,9901.545544555494,14463.260979144901,11223.89924866249,10894.3508986048,9748.009626020917,11831.978894834401,8583.480369886196,10067.657103800053,10967.505535422886
2020-07-09,10337.520969291723,10075.951984389114,15295.401811396896,11639.924878564494,11298.161472323744,9870.103051020356,12402.920908327433,8704.118707972377,10209.155117319724,11640.215419856886
2020-07-10,10277.955021589865,9992.940301286751,14788.136991178808,11368.467501171559,11034.674438289087,9759.781044385443,12093.684449542921,8552.7989932449,10031.670584790727,11218.95058431814
2020-07-11,10261.336191580027,9981.428494756503,14707.107767042346,11300.546531729771,10968.747717273658,9772.232267257194,12014.095694944433,8594.542362824894,10080.631835143553,11134.44427595131
2020-07-12,10312.87956007161,10045.310311063306,15097.305099444724,11532.275183899394,11193.672513377558,9725.544879733203,12251.665577931988,8548.415939439,10026.529653503678,11469.534175299923
2020-07-13,10348.341476410826,10086.943060904665,15302.329901756733,11626.032966857163,11284.677445299116,9779.751827231803,12399.450165926111,8597.151323423643,10083.691913290604,11600.375898456961
2020-07-14,10325.419870806472,10050.401105227098,15171.80274391152,11592.538911546646,11252.166819224696,9656.18982119003,12221.858638191445,8498.323895943007,9967.776153080285,11525.045705103654
2020-07-15,10374.547180568723,10097.186455728115,15430.797440531433,11788.92482835254,11442.786588863488,9641.112417135671,12426.678794852469,8480.79168071941,9947.2124279321,11758.009385029225
2020-07-16,10387.453957103484,10106.481027070136,15429.979709129992,11821.073436947161,11473.991272295963,9567.302507846342,12441.494854862349,8413.480497271672,9868.262411738166,11774.223105234434
2020-07-17,10371.598695076033,10062.608752867776,15149.647599673213,11741.005242376265,11396.273984555959,9470.800553653948,12264.107654147745,8369.754317636627,9816.975501993578,11553.924194613024
2020-07-18,10372.881116569151,10064.66961802368,15215.505511116886,11769.936747927706,11424.356023294846,9436.801576040436,12267.353029311,8355.201952850499,9819.545967637103,11607.204928985979
2020-07-19,10367.239025141103,10076.581275986602,15270.947102481332,11775.976028830199,11430.217983017517,9514.36564798031,12298.181809751295,8354.937703627904,9848.188299093506,11652.535344642061
2020-07-20,10361.876409980618,10072.446122687124,15214.628144910603,11748.908609588258,11403.945298577974,9593.026540883702,12261.039333160614,8374.667971518695,9871.4448930111,11610.179232463832
2020-07-21,10277.971560376747,9952.12265194792,14574.871428423865,11380.49412240486,11046.347942206135,9490.184526401561,11769.175777381717,8302.369831668895,9805.836817538311,11042.06349665366
2020-07-22,10298.312471859643,10022.623588033937,14903.440263034156,11465.29436332954,11128.658337234836,9702.074505007353,12032.276253141818,8386.173888057372,9983.076543815545,11305.520796667137
2020-07-23,10313.377888422177,10092.630937678256,15249.819155712423,11524.005911553106,11185.646037674513,10093.808542649556,12293.538527425442,8478.509303541568,10092.994550857642,11541.176918981884
2020-07-24,10338.414166510933,10144.141889199378,15583.30020744001,11619.422724590575,11278.261288384343,10322.654491350224,12541.400090385834,8531.360532449004,10155.909757561025,11779.797044257104
2020-07-25,10298.489018196731,10073.574544073115,15212.088111013445,11443.755169231175,11107.751562024008,10354.200326598158,12274.183017022564,8442.932406261465,10050.643069302447,11455.512224024687
2020-07-26,10373.521191729067,10225.108937805842,15905.546355267039,11731.799385116728,11387.33842329637,10900.404901274705,12832.001698820195,8567.143076534192,10198.506045367983,12000.390858933304
2020-07-27,10351.950863524213,10180.95739939982,15568.99434064275,11604.81902372157,11264.086371257912,11008.352488110377,12607.994465662403,8768.779768922286,10438.538575222718,11747.9537227642
2020-07-28,10338.629711914504,10185.502504054328,15252.182704875737,11408.893182019672,11073.913168316933,11806.374043277843,12523.709178588444,9653.47232440783,11491.695070312027,11419.196597538516
2020-07-29,10402.35553872361,10298.849160654212,15864.990465947047,11693.903217933763,11350.554937107056,11657.287462254371,12994.241030424717,9590.235931843488,11416.417147894555,11922.316084889451
2020-07-30,10368.843391563623,10243.72742720023,15516.235784824037,11519.927668844242,11181.687537501293,11686.773975771563,12748.594915493848,9664.885722090175,11505.281817284937,11611.971797385988
2020-07-31,10419.542230886935,10321.700995617528,15956.707168748775,11728.733403498514,11384.362462905288,11970.274969212216,13051.12595196032,9655.528792458705,11494.143132829668,11966.543449047243
2020-08-01,10463.955453829807,10379.909193849238,16106.339127823048,11820.237927537735,11473.180294534697,12367.380332537701,13285.979369622937,9929.861630445157,11820.714672683025,12064.893501425597
2020-08-02,10597.17944651291,10588.233963144976,17047.933132008235,12241.298425818224,11881.87790631661,13372.380407095337,14171.675488958666,10337.86489173835,12306.410276183069,12753.212644294004
2020-08-03,10501.825477749653,10460.2115421243,16425.39646164897,11868.573827115655,11520.096988932535,12661.001817467775,13586.038641393834,9669.409951802096,11510.667554823747,12279.035769576249
2020-08-04,10591.540533756657,10596.288439612825,17138.62804775565,12202.579508335075,11844.29582685115,13062.646763351153,14234.050075580159,9849.04243604585,11724.50581573972,12828.118577231955
2020-08-05,10621.245490419718,10642.284516359363,17479.761353477283,12352.305968671146,11989.626122639545,13008.513611269216,14493.819999148813,9773.055941566094,11634.049905712873,13102.034523255514
2020-08-06,10621.011034443594,10641.092615411668,17427.588490765178,12329.139347055,11967.139703309687,13421.476582749521,14461.167624472648,10188.359664439888,12128.436131150544,13060.603151350082
2020-08-07,10646.088424735568,10686.323960919259,17775.67266337205,12477.94361980734,12111.574888146979,13324.730561137732,14696.212976607923,10189.902015478043,12130.272178038775,13322.996604498567
2020-08-08,10611.090792963809,10640.191028047224,17591.81917827007,12347.631594164386,11985.088993877076,13058.77795489327,14461.64399172176,10137.256433375695,12067.601777587155,13168.207087752207
2020-08-09,10737.02245840591,10825.298028495396,18805.601244823163,12922.75133075611,12543.322463398843,13446.436961372543,15379.425064115127,10266.50545037306,12221.462506820913,14108.637367568524
2020-08-10,10786.867537817136,10890.865301113907,19335.858209021124,13209.231261224766,12821.39096871846,13324.685824942917,15741.867907110343,10209.746932168966,12153.895981334012,14538.862021441802
2020-08-11,10854.488217303086,10980.451998180688,19865.588664753854,13462.151550892417,13066.885188148888,13575.517179379196,16178.524363449267,10418.067145722396,12401.884714371081,14931.000400560933
2020-08-12,10733.828286847724,10841.588946546457,19056.82214547481,12973.420515466569,12592.50393462844,12995.016844082247,15477.960413210023,9986.31167844162,11887.91398879228,14308.601854870596
2020-08-13,10843.016426531238,10960.028042013579,19937.43851873479,13523.501745004689,13126.434060385633,13207.786144847389,16136.881753988704,10103.427533938833,12027.331149171954,15105.07719572194
2020-08-14,10858.786553072268,10982.793466219406,19872.46252661246,13532.328425253765,13135.001577767318,13911.828970833183,16219.962969057387,10259.616282402634,12213.261497386815,15089.731320289528
2020-08-15,10926.22773748643,11051.864777435945,20411.490446804622,13888.796047572974,13481.00284484032,14120.041393235972,16629.62191411009,10241.313716749866,12191.473740979807,15546.631029897891
2020-08-16,10926.354888864542,11056.40785605238,20362.243626088366,13856.77752780805,13449.924430659561,14067.79989127245,16647.646721408884,10302.904934873512,12264.793213383165,15549.13471044887
2020-08-17,10983.9900122432,11127.551530940222,20770.31915663182,14089.296862542644,13675.616693855061,14111.120381644949,17048.34259191324,10353.288402119899,12324.770745065378,15879.198565044191
2020-08-18,10974.40938953084,11135.540792443833,20702.987626640173,13979.788315972413,13569.323461324973,14244.391059721263,17025.362712526556,10655.589205598222,12684.635935158658,15684.045733674073
2020-08-19,10873.038799906215,11008.775609946504,19825.65559210679,13524.26165516776,13127.171658593214,13835.89907708869,16334.79036965923,10319.356679280494,12284.377713524296,14995.723775684231
2020-08-20,10795.39684597999,10909.766263290472,19116.738479952426,13155.891798103174,12769.617621941572,13630.995550227839,15785.674454312733,10220.132095825875,12166.2586970481,14455.964979729488
2020-08-21,10850.86096797682,10986.331228059149,19783.635904090457,13470.078896157622,13074.579776197146,13773.868212149679,16222.485970701271,10286.453190466527,12245.208713242035,14987.98687433294
2020-08-22,10715.551077594158,10798.009690846915,18469.448900955693,12825.43631065647,12448.864739466884,13178.858017875642,15196.947150602793,10072.169219565565,11990.120598903806,13888.618027927325
2020-08-23,10778.800980423684,10898.507476514289,19219.722881735834,13162.43933367169,12775.972913309055,13411.310363225712,15742.415095632155,10197.71659407136,12139.57481560581,14591.445324055754
2020-08-24,10752.010314616198,10862.944718352508,19016.823383901545,13033.38895119691,12650.711618715115,13302.314600264222,15543.778479846356,10171.290979617641,12108.11721225412,14350.480313872125
2020-08-25,10794.117388059016,10945.306244623285,19526.69655744362,13219.113717443824,12830.983263107897,13663.136134081666,15977.830948074186,10263.626395101837,12218.035219296215,14778.33839282445
2020-08-26,10692.366506951785,10759.850354491195,18339.589079952573,12788.612314531267,12413.121943991895,12930.048082316418,14994.04637556375,9854.183606173032,11730.625972033824,13861.502156313978
2020-08-27,10703.921897554628,10781.558014936938,18454.359579225304,12830.523632968947,12453.802691347828,13060.972650104592,15086.448095289861,9964.204646894736,11861.597316727635,13985.497577641021
2020-08-28,10648.415103749494,10665.450175597445,17707.804564324677,12553.279891451974,12184.699188401824,12960.248449305662,14538.968861221281,9850.070670071285,11725.72984699854,13363.829914449807
2020-08-29,10674.84472192021,10716.367851923147,18033.0085787579,12670.51076161077,12298.488007007883,13204.000212189849,14762.510063527436,9972.8418127084,11871.879179301728,13646.971500247182
2020-08-30,10702.44628203451,10766.326181222448,18379.846169624525,12825.246073096203,12448.680087530003,13230.445295317248,14968.274194156187,9931.712451690943,11822.917928948902,13999.909438316645
2020-08-31,10758.370784702403,10871.17466110284,18946.28127895928,13078.557926666434,12694.554374035117,13822.356165677369,15473.910640196593,10117.514340087315,12044.100377417799,14531.356728600565
2020-09-01,10727.57471888252,10818.330035005372,18633.575708475757,12905.42237084903,12526.50230440124,13865.508446028169,15170.132275309743,10052.83841988736,11967.108811237977,14124.520027291224
2020-09-02,10777.026468687356,10921.498297066733,18942.280777825214,13070.099344086395,12686.34414649385,14704.637931169718,15671.94220134371,10285.424956441091,12243.984681983215,14439.984424305323
2020-09-03,10664.85975996408,10710.547855021874,18099.122572039345,12626.310190231816,12255.585222168776,13905.059877848596,14691.13681132192,9911.3534179873,11798.682110024254,13530.137047033524
2020-09-04,10452.572752206923,10236.904735815799,15961.23487168529,11743.28083624271,11398.482764012591,12271.063941991055,12489.944991452934,8839.59609707534,10543.927666607178,11317.940617716471
2020-09-05,10480.438971981626,10401.83413825942,16659.265076091957,11876.680654910713,11527.965789669,12503.688141301453,12800.59756542607,9003.2224049898,10836.103928087672,12099.257687661553
2020-09-06,10400.467016256074,10135.931590465236,15322.68054628369,11459.93500044372,11123.456332247304,11491.29397020004,11980.067483287656,8829.79359936618,10526.424019606042,10777.669701116718
2020-09-07,10421.98882702446,10235.061639521926,15731.16614168945,11567.05082133692,11227.427092653204,11816.04326375164,12331.755432473918,8882.096436793383,10619.817604654061,11279.881575108711
2020-09-08,10419.526556912975,10224.141319150332,15731.16614168945,11544.631179870485,11205.66572115966,11880.74431428136,12272.148845568638,8957.705912130477,10754.82825250198,11179.214746454743
2020-09-09,10407.261181385733,10154.623530171531,15731.16614168945,11492.944840019518,11155.496959793765,11615.894691498308,12078.00854353305,8842.200956606448,10548.578985390697,10887.738162954018
2020-09-10,10427.319411198521,10251.380986829012,15731.16614168945,11609.406541606742,11268.539193622713,11805.000669852583,12360.389124737721,8880.382713417655,10616.757526507008,11395.831584984204
2020-09-11,10454.220367738511,10335.576214253895,15731.16614168945,11767.845582416925,11422.326257136334,12031.977702445973,12621.70486663239,8943.79047831957,10729.980417947922,11831.608388028819
2020-09-12,10451.33592105889,10330.588867886672,15731.16614168945,11752.990180164914,11407.907028908441,12065.018257679172,12662.338327068028,8961.33900568702,10761.31561817373,11816.730478820718
2020-09-13,10467.014330701508,10398.279350600873,15731.16614168945,11826.051440862631,11478.823115510899,12264.002354126675,12827.237019248074,8987.93599247831,10808.808031015973,12104.338814432287
2020-09-14,10440.373784393249,10292.525610645189,15731.16614168945,11706.809535294235,11363.082308123016,11963.814087222263,12629.276531473564,8926.858891367383,10699.74684585505,11638.711324339307
2020-09-15,10456.938590653031,10352.858608781464,15731.16614168945,11771.811644295904,11426.175870255438,12237.90771442353,12751.156333489693,9093.409468095064,11028.3992388484,11867.88609622827
2020-09-16,10442.05724256772,10272.252361602765,15731.16614168945,11685.353857336995,11342.256596910262,12136.240984462896,12570.04299699038,9202.71326118874,11160.961824178681,11402.48988734226
2020-09-17,10452.070978969332,10336.337356345368,15731.16614168945,11717.31652393175,11373.280797842917,12236.836438247914,12577.655136806512,9378.527857282164,11374.188069465243,11676.5455421179
2020-09-18,10452.508151320428,10350.79971688467,15731.16614168945,11718.35782521648,11374.291525161088,12472.38969174483,12650.126644550124,9330.082962836213,11315.434569041849,11759.001085085885
2020-09-19,10452.80297280763,10335.205853382344,15731.16614168945,11730.481857534609,11386.059580045887,12411.23888696789,12584.203059516756,9332.101500104794,11317.88263155949,11715.351731945655
2020-09-20,10456.794392449709,10362.282711756296,15731.16614168945,11738.326266996155,11393.67366739406,12470.67508246286,12549.721467009878,9459.572128615702,11472.477779548544,11837.84512668064
2020-09-21,10441.58532022705,10290.564947570738,15731.16614168945,11672.7466066651,11330.019511594062,12250.69533469462,12430.608730938151,9315.54949450243,11297.808518914831,11498.654722003319
2020-09-22,10413.199161038905,10112.305999686158,15731.16614168945,11561.373777835866,11221.916734568464,11781.47883478918,12181.053703618381,8928.969935071274,10850.66990006764,10701.357181486866
2020-09-23,10419.804400654333,10174.06761032557,15731.16614168945,11587.557770727804,11247.331931210161,11906.38355191769,12235.857997841096,9004.54607361845,11020.320632540184,10944.682561243788
2020-09-24,10385.95413392447,10001.312473924017,15731.16614168945,11417.662717852163,11082.42521911678,11558.563657244242,11917.271422840478,8768.543614955235,10752.99220561375,10100.055787998237
2020-09-25,10401.852025854703,10180.615739274073,15731.16614168945,11479.258206793394,11142.212184005732,12063.626542983946,11971.899813009846,9029.486171683122,11263.902853045498,10877.948748582
2020-09-26,10402.494888574134,10288.807389263435,15731.16614168945,11482.465384592588,11145.325194873392,12105.65483461941,11977.135500352008,9022.225139368325,11254.845021730225,11343.281283384946
2020-09-27,10399.511384529937,10282.478158007587,15731.16614168945,11467.147273101864,11130.456843154729,12146.101389054013,11936.18581360556,9054.016686260138,11294.503634516015,11283.220829414038
2020-09-28,10401.94766879269,10295.961775724549,15731.16614168945,11469.67800259401,11132.913267121663,12198.060758883803,11965.692301224708,9093.657997816597,11343.954497372373,11308.39142412526
2020-09-29,10397.178201120252,10267.795135138316,15731.16614168945,11455.510785032797,11119.162017582681,12082.613393169875,11981.839849646341,8995.143451275299,11221.061758986774,11236.211094522387
2020-09-30,10396.798262227569,10294.261965126756,15731.16614168945,11445.218216276377,11109.171652095945,12163.117543065062,11964.280826230435,9068.734995006347,11312.864103398326,11309.822041195514
2020-10-01,10401.310655657067,10328.923236733423,15731.16614168945,11467.923274169,11131.210059816403,12165.496725378935,12003.291665409964,9025.266923175875,11258.63951863257,11479.856292241591
2020-10-02,10386.985656457795,10269.186325966895,15731.16614168945,11403.882993588373,11069.0500855656,12010.122762515432,11902.626263489354,8881.51810775456,11079.318939215342,11208.507079648583
2020-10-03,10371.207121397134,10192.537856553958,15731.16614168945,11322.123050948883,10989.690721691182,11916.552441571454,11761.577929808871,8844.365760329143,11055.083120290694,10842.754163444586
2020-10-04,10376.349432332667,10213.244653341604,15731.16614168945,11350.529483045459,11017.26310381804,11941.148293009817,11842.824344349054,8843.188295629447,11052.879864024815,10937.144913354326
2020-10-05,10385.156816418523,10277.727453537096,15637.342089154516,11390.292601325793,11055.858724980648,12033.183600280267,11956.884194601886,8877.026081225707,11148.966317842238,11179.701519676564
2020-10-06,10373.883859455083,10244.277260898803,15400.139219920246,11332.953887556418,11000.20355078148,12030.996833270781,11836.44818888793,8917.569347329412,11199.886018209178,11010.16542530772
2020-10-07,10347.197641805547,10121.60150560411,14551.92728340443,11202.91670192212,10873.9844268584,11731.432143694903,11547.604323238651,8791.672955019527,11063.896145354202,10407.562746165908
2020-10-08,10349.718046152404,10158.782497122327,14766.40740555741,11210.975355366263,10881.806467705852,11762.073674521078,11561.2568399895,8809.670526671332,11097.801811223535,10557.965611472258
2020-10-09,10361.822628674685,10225.857109202558,15162.323637385198,11264.179458694925,10933.448429030226,12074.716532956445,11603.26280432367,8932.929046508565,11362.80457875821,10840.652097630533
2020-10-10,10372.921862560246,10307.780891327353,15733.56804855718,11314.062692083957,10981.867025496322,12332.657689775946,11718.864046783967,9002.405565899491,11451.179635645061,11243.444111942552
2020-10-11,10379.127185199046,10323.009284900232,15799.642186153558,11335.69035543893,11002.859672390763,12527.64898383043,11692.190016109342,9164.645748299912,11657.551305882229,11286.456446623357
2020-10-12,10389.903402401855,10358.86787531422,15901.948902000438,11371.25925072723,11037.384218429668,12659.451216164634,11809.784222470198,9263.47176687953,11783.259316163112,11434.432175352887
2020-10-13,10401.943392077334,10390.965228071489,15901.948902000438,11416.161960469548,11080.96852593219,12958.764429123188,11881.755000222522,9371.63188847981,11920.840429654556,11577.889899780334
2020-10-14,10408.967353157459,10415.85689453754,15901.948902000438,11438.268265251532,11102.425760715829,12899.195840801269,11930.657024516842,9375.19231952893,11925.369345312192,11660.885728820262
2020-10-15,10388.394327485004,10356.02367825106,15901.948902000438,11338.618286701656,11005.701635765205,12843.03846960519,11742.895463127317,9356.524113487598,11901.623138891071,11365.010663994499
2020-10-16,10391.905569467235,10360.911128490747,15901.948902000438,11349.267834788394,11016.038499202597,12891.94032517165,11750.179533256156,9444.187699588892,12013.132386569634,11383.380166806586
2020-10-17,10362.570890590214,10277.206523606126,15901.948902000438,11234.631699227473,10904.768230395652,12594.61641455329,11442.673561882864,9309.083775454736,11841.278397831213,11021.755170924303
2020-10-18,10362.981989837934,10290.635465323961,15901.948902000438,11238.210180328962,10908.241642615412,12663.349355385915,11458.947262196338,9337.374768115307,11877.264916840539,11085.024858977542
2020-10-19,10372.114050981989,10330.345449354103,15901.948902000438,11270.377483855787,10939.464472072377,12934.001441568515,11579.364327909998,9465.93519734838,12040.795493018983,11252.608380349262
2020-10-20,10373.679987869362,10333.012561583519,15901.948902000438,11266.939025680767,10936.126971522977,13008.6404624887,11614.681762158682,9609.410945841279,12223.298553709144,11244.399693373094
2020-10-21,10349.349422137517,10234.828576188149,15901.948902000438,11150.728992561646,10823.329016847008,12868.546040910456,11244.453051991972,9689.183846914795,12324.770745065378,10756.06691710129
2020-10-22,10381.863820054587,10383.565538532446,15901.948902000438,11241.360575468387,10911.299538036401,13656.521321900083,11754.526761515717,10367.590303571358,13187.712782533954,11333.150254075512
2020-10-23,10406.15383003185,10477.752298536627,15901.948902000438,11323.973866829638,10991.487195198899,14198.634351408826,12094.492055143384,10546.57413468926,13415.3825966746,11746.27133526629
2020-10-24,10393.551036741845,10449.661242881733,15901.948902000438,11273.31842254734,10942.319060960537,14057.261603878727,11972.123519005985,10480.17690701649,13330.924439815974,11633.957536577534
2020-10-25,10413.195536730322,10495.978038301397,15901.948902000438,11351.18292812843,11017.897362899399,14195.4691984044,12163.179789945325,10634.141492924362,13526.769441227281,11843.464843572441
2020-10-26,10402.395459346551,10465.749442446675,15807.106264413955,11302.068279667288,10970.224784703274,14087.689150974822,12045.815899626285,10588.914395813925,13469.239972062709,11698.106094266162
2020-10-27,10374.573319065697,10381.406278780563,15261.369632451224,11175.561090612342,10847.432012046747,13947.143101908088,11706.929785003642,10656.27390214862,13554.922160180156,11310.142291949725
2020-10-28,10397.403031820115,10423.772664582875,15432.729668655153,11234.418258407419,10904.561056477012,14464.45466830167,11888.740316960242,11150.885134377659,14184.074227213985,11454.60937145165
2020-10-29,10373.610949925924,10347.928175811403,14978.085629207257,11147.74594390145,10820.433554393918,14047.93484828389,11581.74698939187,10885.296223686579,13846.241599779478,11125.66282999242
2020-10-30,10371.504681550301,10305.62201055798,14676.21012509918,11123.37547365019,10796.77863299814,14196.592278770015,11515.403919532922,11096.997529309903,14115.528476720026,10930.65448903942
2020-10-31,10368.396378126541,10270.977760341586,14463.122112750132,11103.288778896886,10777.281709853383,14181.054085465648,11411.76187611642,11208.621854093111,14257.516102743224,10778.366433379615
2020-11-01,10378.484057558993,10322.750490139202,14757.837685023294,11132.108126663405,10805.254883906491,14377.719330643053,11530.81094438306,11383.756570563315,14480.289791848587,10972.94942175461
2020-11-02,10383.58283325789,10389.528420476745,15058.524036987777,11148.861220965275,10821.516085465633,14613.221911255456,11677.657702234907,11401.077586477952,14502.32235450736,11259.725700674131
2020-11-03,10363.281550432868,10265.377524382964,14374.438943661511,11082.826873549186,10757.420592787632,14215.90907677747,11301.694608479731,11218.244640712353,14269.756415331432,10745.048652193142
2020-11-04,10366.985986955859,10212.070017207685,14013.302229305855,11083.286167270217,10757.866401044777,14411.491276958031,11258.963085993844,11486.720387389205,14611.2611365424,10462.131724354276
2020-11-05,10374.97705237069,10241.184238135253,14162.964907885102,11104.7342174198,10778.684708412273,14803.29756290462,11368.413306886567,11615.66572808705,14775.28132522437,10569.201981093829
2020-11-06,10412.336906017259,10335.774379642904,14558.744999915474,11185.094398998133,10856.685410039592,15684.740359257823,11690.601456593235,12722.28618929988,16182.917272868146,10850.466838939843
2020-11-07,10435.438313044371,10547.131294021536,15737.284718630992,11268.911139538377,10938.04118154044,16307.424737080926,12176.202743325324,12630.869716417083,16066.634303280183,11754.317534833608
2020-11-08,10370.397521383957,10368.012764581683,14810.501629128263,11061.918080108873,10737.125708847689,15465.527599138923,11699.686943454411,11964.972882365535,15219.604672176276,11059.040258875366
2020-11-09,10403.23692039815,10514.109722448684,15571.474728569834,11156.426741046986,10828.859471990636,16186.492752793387,12066.879160392655,12537.528686210435,15947.903271174577,11632.469353540655
2020-11-10,10396.547634276452,10492.269750797128,15476.871019171793,11136.845129146892,10809.852801806444,16026.755123735453,11996.765215236888,12474.980573185361,15868.341239351234,11561.042144463352
2020-11-11,10411.705789564188,10586.833071888217,16067.890052705658,11213.663953704858,10884.416125283586,16165.110071729177,12071.610845512181,12480.754245156906,15875.685426904158,12027.976112602946
2020-11-12,10420.550970385539,10581.707482610984,15906.237139672354,11207.534448540038,10878.46659040084,16631.387728621667,12090.238028934467,12832.948235421165,16323.680867632525,11898.566470639003
2020-11-13,10427.993404049981,10567.936823098964,15722.795168879966,11199.928424554644,10871.083889219699,16918.45343545504,12077.168465643857,13298.69110779248,16916.11199690173,11757.390575711474
2020-11-14,10449.129435583987,10654.728993912235,16241.49853941519,11289.409469428982,10957.937653676916,17124.9800858045,12326.6452755541,13283.29464920169,16896.527496760602,12152.691532904331
2020-11-15,10425.77756635693,10597.11808417139,15881.54918357856,11196.392817007261,10867.652091730468,16717.24174977914,12131.013989472498,13080.253851535685,16638.256901149438,11874.36655517793
2020-11-16,10406.559204274308,10527.157568378563,15506.593055335508,11124.918760406861,10798.276606838772,16413.91166166914,11894.473257997883,12984.025985343265,16515.85377526737,11587.42468751337
2020-11-17,10464.496164829272,10666.340948690362,16197.90518730165,11295.187167884062,10963.545711354687,16977.486311935856,12410.098328719867,13555.619510526241,17242.92834300685,12106.057585015982
2020-11-18,10519.621044709289,10793.530485745294,16810.837338488163,11448.685160185414,11112.536802000981,17862.60894598115,12746.567859781162,14313.895096122513,18207.464974957544,12568.840793298148
2020-11-19,10503.808250984372,10754.91698391374,16590.34634853668,11379.491613680544,11045.374868448089,17921.69660689011,12563.109611047506,14465.935124706537,18400.86191385121,12394.46532503701
2020-11-20,10518.598099635148,10762.337807268335,16607.18794780507,11417.598254333345,11082.362648331102,17761.724750533278,12602.916753239875,14464.972846044613,18399.63788259239,12405.832696023246
2020-11-21,10587.843931036126,10912.14753367208,17345.734434781494,11620.901642071054,11279.69678291483,18894.369678781375,13212.871542778406,15156.851203968114,19279.716357684454,12966.913306760438
2020-11-22,10763.693899273669,11330.024058143426,19519.087327992947,12248.421604378575,11888.791939045375,19646.944102867725,14884.540914616675,15143.379302701174,19262.579920060965,14599.916202575643
2020-11-23,10718.669992497622,11247.269634647164,18999.58488602511,12054.872242753314,11700.925439620245,19654.10259205902,14500.263587256602,14927.828882430154,18988.396918085135,14210.790711123145
2020-11-24,10923.618727271562,11561.122922880819,20976.373388792148,12950.026517830422,12569.796815335647,20531.300638330664,16041.020631085508,14928.791161092078,18989.620949343956,15840.179638284548
2020-11-25,11030.845833189442,11738.718022986337,22174.585564762572,13449.228096314244,13054.341183086315,20802.208541138825,16915.71766093883,15508.082915570449,19726.487767154,16804.3918480028
2020-11-26,10929.862347102626,11593.991733510891,21245.14582559743,13012.738599215756,12630.66758805531,19903.02961546025,16200.720780848367,15125.096008124616,19239.323326143374,16066.44870838843
2020-11-27,10685.737471646502,11222.606675322204,18817.404284017928,11930.107535033945,11579.823986770098,18238.092047389437,14350.301730932219,13870.284632975456,17643.18656464121,14163.280409075702
2020-11-28,10678.78891418188,11191.096359023519,18629.83587363472,11897.454783596022,11548.129962787112,18115.84552415308,14195.548420427122,13798.11373333114,17551.384220229662,14045.715457096238
2020-11-29,10757.950445114313,11338.470328467254,19655.760870360114,12247.369804832577,11887.771021708608,18787.062232751654,14945.360170543325,14299.46091619365,18189.104506075233,14875.951687243589
2020-11-30,10794.640466486338,11441.197330632407,20300.99090410812,12395.70839809371,12031.754200013136,19684.287930830847,15441.791390662967,14632.409333219424,18612.619321627186,15337.563550529405
2020-12-01,10857.058618325129,11600.093502685055,21221.864616404855,12644.259321744586,12273.007343723217,21117.102862807715,16204.228895468976,15814.087530062345,20115.729707458977,16062.73331015847
2020-12-02,10779.20843693973,11402.221668138982,19890.974059163913,12292.364170709485,11931.444294201825,19980.48224406327,15198.419730688827,14979.79193017406,19054.49460606145,15038.482854611118
2020-12-03,10821.847198197263,11524.405020400085,20728.577915028814,12501.89696771159,12134.824934452954,20353.321584698147,15837.311173687776,15300.23072459482,19462.097015248735,15731.499043805412
2020-12-04,10849.264585699644,11567.938468952314,21038.993930441644,12627.107383260405,12256.359008568194,20692.189631427515,16047.423612659852,15419.553278673422,19613.8768913425,15948.94415938792
2020-12-05,10734.832279449533,11316.285841945733,19378.9977535049,12079.152554147822,11724.492849341126,19510.292562310926,14732.880443536607,14820.053672294644,18851.305417097217,14547.837010914962
2020-12-06,10808.875830340408,11479.005919034613,20498.358125349172,12425.34310522606,12060.51879341553,20276.00488520141,15588.713205496157,15204.965137064324,19340.91792062549,15461.197020804231
2020-12-07,10823.410726151396,11484.774887156565,20557.45569168337,12492.665141655314,12125.864166874435,20484.449670273127,15614.06371199266,15399.345426773012,19588.172234907266,15486.760674748044
2020-12-08,10816.628592237099,11460.546831651116,20410.208013972668,12469.744925359104,12103.616918082302,20188.47564863182,15495.526016369688,15251.154512836685,19399.671421048883,15373.040805124101
2020-12-09,10724.548556452757,11258.035946886726,19002.47078956044,12053.01678835264,11699.124463785598,19109.994031172027,14466.928557713349,14545.804253646245,18502.456508333325,14292.442816469666
2020-12-10,10749.898300541161,11321.32445552279,19407.66159062315,12158.948034853815,11801.945430451702,19644.146953653868,14763.516002701659,14783.487083141523,18804.79222926203,14596.351488197835
2020-12-11,10729.202995763177,11227.052219503492,18771.851772350925,12075.121278245542,11720.579936967668,19127.92831483722,14310.616572494775,14473.63335400193,18410.654163921776,14119.39171402018
2020-12-12,10701.147566364283,11168.11283498635,18367.982607306247,11943.078248745773,11592.413863376374,18808.22651941845,14018.894370969383,14333.140669360997,18231.945600133957,13801.2992152797
2020-12-13,10735.654180308211,11277.064634923478,19039.42563520284,12066.747474239295,11712.451998790471,19648.2557924582,14526.375374250014,14991.339274117152,19069.182981167298,14327.582213836582
2020-12-14,10755.415995135572,11331.748994437901,19360.204985588105,12146.914591495068,11790.26530471605,20093.58943606944,14786.20993964879,15155.88892530619,19278.492326425636,14564.139651413543
2020-12-15,10759.351091491568,11347.018770733957,19460.720197195013,12159.82187891383,11802.79361730812,20090.41573467041,14864.086910643106,15264.626414103624,19416.80785867237,14645.377005582151
2020-12-16,10758.713254032667,11342.10130045594,19409.464819011806,12147.291607315017,11790.631250858814,20225.49724221343,14838.863454319542,15392.609476139543,19579.60401609552,14613.330748575401
2020-12-17,10859.229213451397,11583.339018822726,20941.736541887152,12553.232042390253,12184.652744251052,21954.766199149257,16028.639385434315,16824.48012508276,21400.962529220684,15778.014899965121
2020-12-18,10873.446999335258,11559.078029860886,20711.09900347129,12559.846216683458,12191.07271774318,22703.582545268797,15896.968589462447,17882.024374537457,22746.172882664607,15580.777441962267
2020-12-19,10935.654000675766,11667.939233933712,21511.350863777672,12844.357452421009,12467.230331781811,23074.79835074996,16458.281215171766,18146.65100656661,23082.781478840294,16221.399552234492
2020-12-20,10996.133768820308,11755.750514690502,22154.251397533873,13109.934801832973,12725.009983141408,23457.24328239751,16870.183245721342,18673.979713301072,23753.550608674024,16738.432918726303
2020-12-21,10952.55893095898,11700.261471638762,21677.670068557865,12892.33382699666,12513.7980573013,23052.021745072023,16598.953375936166,18495.958160845097,23527.104825792198,16352.147293931897
2020-12-22,10890.568301284638,11542.845978653619,20668.4810956177,12674.649964787975,12302.50567777039,22122.06143595456,15824.025543709964,17888.760325170926,22754.741101476353,15654.069057907565
2020-12-23,10939.65646082067,11601.575258970603,21029.883611002075,12845.323203459946,12468.167727108139,23230.23063692914,16085.731491275403,18791.377710055825,23902.882422250146,15961.512497884714
2020-12-24,10870.069347424496,11229.628628617385,18523.20724938181,12576.011983517243,12206.763836536255,22039.883546183202,14306.256335031389,18350.654082894544,23342.276105710276,14200.91523260596
2020-12-25,10915.46029950493,11471.282116534783,20050.66969164405,12764.52487266155,12389.741740894464,22802.62928935409,14844.399740960835,18762.5093501981,23866.161484485525,15364.66991577419
2020-12-26,10968.522328110737,11546.194032380568,20574.12772067655,12982.924640876328,12601.729006495527,23477.52713701671,15241.01969279267,19484.218346641253,24784.184928601033,15834.651690388098
2020-12-27,11059.402282288682,11729.751314415305,22040.625895944395,13403.952645313866,13010.395078496185,24515.922209581324,15902.250507449822,20865.088226502485,26540.6697850087,17238.629580384477
2020-12-28,11038.423176920005,11747.790896355686,21939.4516512365,13268.146438409753,12878.576319307102,25135.42147223414,15780.29635265296,20565.819562644057,26159.99606351547,16999.799800957793
2020-12-29,11110.355962458798,11942.735443663863,23212.48379526963,13601.099010193633,13201.752968459474,26481.47574378693,16614.009142034607,21305.811853663767,27101.27610154857,18267.69625954833
2020-12-30,11116.664641062318,11910.876764774002,22942.33992214916,13626.153265526009,13226.071598112774,26562.998211871112,16696.046405456775,21481.908848795898,27325.273821912753,18041.11478811406
2020-12-31,11120.037536801574,11884.820202503844,22600.6644561335,13573.306111566264,13174.776105657362,27599.307230305596,16698.614388801932,22611.623997894912,28762.286519768226,17672.70419089208
2021-01-01,11107.038938732372,11861.386434327283,22444.829124507116,13517.35744924931,13120.47016918336,27510.67082173212,16600.717773000684,22803.11745161783,29005.86874027354,17624.163964701092
2021-01-02,11099.254365115257,11879.476325813777,22530.4348057729,13456.330902674265,13061.235441769193,27631.86139240303,16609.20542604941,23155.311441882084,29453.864181001907,17809.880280933015
2021-01-03,11146.763159319678,11917.538346733298,22739.948568247113,13584.649437432508,13185.786376651984,29380.81884946607,16866.24578653999,25064.472307139702,31882.342198502127,17864.287278651045
2021-01-04,11375.28795561917,12270.027330000794,25181.17711301103,14633.540864310653,14203.880980477908,33452.47427043581,18565.279848398357,25887.220563084895,32928.888924793806,20073.925500193516
2021-01-05,11392.692774394314,12336.16598888508,25776.996732426436,14692.778834618031,14261.379646561054,34384.55943657669,18580.025911069042,25156.851058684428,31999.84919934891,20526.37666877218
2021-01-06,11487.00723086431,12476.151079438629,26921.873396609823,15226.552964035262,14779.48146996808,36360.17943603959,19225.372212046237,26571.400691713003,33799.1751498153,21498.354577034603
2021-01-07,11761.951367404039,12947.08874853042,31993.783768864396,16898.276646725368,16402.121160617895,39470.00830381945,21139.079398083828,28715.357550480127,36526.31679446777,25663.00553615291
2021-01-08,11779.757107295503,12982.064992906153,32474.4358911442,16936.243266947444,16438.97303125302,41220.442226533065,21123.28299955318,30878.559982485735,39277.93906429665,26061.296462706596
2021-01-09,11757.107123135076,12941.757687429077,31667.94328140026,16628.10794620877,16139.884966222377,41856.13150662233,20885.439365318998,31947.651575883523,40637.83779284642,25353.668358400555
2021-01-10,11894.743912070244,13140.027855235794,33927.704547894115,17586.481667640797,17070.11958272847,42475.89915450092,22198.17425269375,31408.77552520597,39952.38028790684,27175.893657359175
2021-01-11,11815.5128538738,13045.749688098249,32655.63111069056,17014.001299600608,16514.447986448267,41396.33536644419,21592.76507364218,30101.03882365098,38288.92180716954,26111.49079652052
2021-01-12,11594.356539608641,12757.719705239164,29495.97381628491,15543.85947701034,15087.47144904556,37263.80371083791,19768.455011316575,28048.498437766655,35678.06313210504,23471.645564282364
2021-01-13,11522.805963391222,12660.201886145082,28555.571676243937,15085.056534863963,14642.139560873919,35801.880428457436,19140.73131907095,26857.197454304493,34162.71243368505,22705.489739821114
2021-01-14,11670.961978621708,12919.596696345216,31383.585386992465,16036.702914839212,15565.844359460134,39008.48928393499,20770.686181274956,29566.011887621124,37608.360427265245,25098.95875442486
2021-01-15,11696.729704169287,12968.720270557347,31690.876314464185,16117.043304309707,15643.82585010176,41596.39635961175,21133.151230281874,30930.52303022964,39344.036752272965,25413.33307845797
2021-01-16,11671.104362734892,12951.839225554253,31337.705411646082,15943.977242252888,15475.841233800842,39634.27181470506,21071.24663484192,29306.196648901587,37277.87198738366,25083.03913084821
2021-01-17,11726.858440795484,13034.144348117636,32414.735715716455,16380.290485196814,15899.343749729602,40170.57180593426,21595.186776851067,28686.4891906224,36489.59585670315,25972.945246781484
2021-01-18,11772.921783113807,13086.936241545438,33112.19493221727,16688.685079846546,16198.683476050433,40136.34342127635,21943.82757617694,28562.35524323418,36331.695824315284,26617.430929714064
2021-01-19,11833.223312360216,13184.362897990737,34234.170815799414,17137.008330779798,16633.843370438495,41008.9045065219,22521.283869088267,29159.930292289107,37091.819236042924,27468.765693673107
2021-01-20,11785.31904096032,13122.232951989743,33413.180193559645,16755.027037321655,16263.077546954111,42239.05733851984,22086.350734163974,28484.41067161832,36232.549292350806,26771.339872359542
2021-01-21,11843.643942964613,13187.481400546436,34186.03991195497,17193.114255123688,16688.301951520807,42182.120239227865,22526.1189678008,28173.594663816802,35837.18719575173,27478.05963759292
2021-01-22,11561.380582300117,12796.75812355186,29190.38274629618,15191.383932106966,14745.345046778359,35156.643510270354,20011.60223337329,24402.42458773585,31040.2086924335,23196.786715518854
2021-01-23,11674.917696114298,12983.823400025978,31468.971368599156,15947.756020726098,15479.509062399722,38247.722151507885,21217.21648067805,26072.94034483627,33165.12695774619,25203.350794530095
2021-01-24,11693.793130801365,13026.461836709024,32083.69642524278,16093.218590329687,15620.700660859868,37799.8023422821,21511.48200690318,25384.91110156046,32289.944607689413,25732.202207777456
2021-01-25,11728.909439748471,13087.622328005298,32845.55184400039,16334.718750833179,15855.110061042962,40440.86313192924,21914.72791867634,25535.02657282064,32480.893484065436,26390.952216306523
2021-01-26,11702.465402972986,13031.087880950216,32019.0909817008,16120.640415818143,15647.317345715368,39463.26368907222,21553.774398534544,25617.78253774612,32586.160172324016,25655.278393756846
2021-01-27,11720.142103439783,13046.893041150985,32195.50084270097,16226.719964726966,15750.28226043662,40212.945724064426,21639.72795044362,25700.5385026716,32691.426860582593,25783.863450367207
2021-01-28,11616.429073240975,12866.552630785616,29620.783263173464,15461.394761109674,15007.428004973952,37304.30433359125,20496.43030832293,24196.496954084072,30778.26600304588,23609.353677321185
2021-01-29,11698.657876642044,13063.968429370287,32359.86541839183,16048.41085026941,15577.208534605408,40405.13717113968,21754.6842232962,26530.984987912187,33747.76583694483,25990.578758306405
2021-01-30,11716.000909155955,13151.073335639809,33699.43564573432,16188.569486226577,15713.251929842514,41653.27261285547,22290.570984833113,27163.20206879639,34551.95437399002,27078.36404370806
2021-01-31,11717.959534517935,13203.817017515867,34694.40414070657,16192.779262540731,15717.338101622478,41589.21633798731,22256.896423616105,27187.259035344494,34582.55515546053,27825.848289479258
2021-02-01,11678.099017120674,13133.293988069418,34009.15041356175,15961.045321863072,15492.408172288,39974.37949114331,21803.243132124728,26309.660895669622,33466.23864741608,27187.48770776175
2021-02-02,11753.331059827182,13240.601477565384,35597.48864815432,16531.583944929054,16046.195035764034,41323.866516841525,22501.463776739074,26751.34680149283,34028.06899521477,28482.44257956501
2021-02-03,11809.142896471436,13333.89920007741,36787.65571548302,16916.908429101488,16420.205889514233,44690.65931491315,23110.228062328104,28363.16356021587,36078.321353739404,29470.386942214303
2021-02-04,11878.518367473947,13444.165212046617,38387.911849020405,17430.1855163426,16918.412490690287,48352.891454641765,23877.98010021188,30070.245906469405,38249.75280688728,30781.130825485187
2021-02-05,11839.212170821744,13388.054808909761,37608.52583528109,17114.880730989145,16612.365465895477,47208.806962196686,23501.149496378857,29736.335210781708,37825.0139600765,30134.737757723524
2021-02-06,11996.477927489135,13609.544623164762,41291.076910047974,18524.439441849037,17980.537690902136,49609.214620885716,25057.24727341116,30610.08423580888,38936.434343085675,33150.5103571925
2021-02-07,11995.495468583866,13610.324536506736,41219.23773762908,18527.379738590145,17983.391656688353,49598.4234995846,25039.1017533266,31377.020329362473,39911.987256365755,33156.6081225243
2021-02-08,11967.765803005112,13563.95467211278,40409.389636853164,18292.07877968112,17754.999441439395,48330.602719109374,24706.17375792131,31061.392928251335,39510.50500347257,32531.217841243357
2021-02-09,12084.252062123009,13742.320286979553,43112.53991406912,19146.852446063156,18584.675835903003,55017.175686489136,25960.474750813264,37059.27582802489,47139.89183970184,34653.812474637285
2021-02-10,12210.656411274134,13915.301924355068,46433.480623433126,20343.230745887493,19745.926905340042,55123.075541369304,27270.94176201873,36947.65150324168,46997.904213678645,37296.27180678641
2021-02-11,12290.761985986434,14009.060661537978,48168.49919084667,21112.381234704157,20492.49413062951,53653.73712628539,28015.73595812852,35628.367457743596,45319.7573578355,39116.386146872566
2021-02-12,12475.52081318034,14255.394417076308,53159.14889892788,22987.58272200863,22312.637251632263,56161.83452871526,29808.937738951212,38090.83855360763,48452.053349157606,42959.89935249671
2021-02-13,12628.48991076364,14452.024859313084,57985.0454187201,24793.024253231062,24065.068660030374,56815.38092163964,31342.598505985923,37648.1903691225,47888.998970100096,46639.21056698134
2021-02-14,12773.007883211529,14648.891090700534,62398.695992859495,26451.620309332164,25674.966168363862,56340.89141486617,32862.68072853998,37584.6799774355,47808.21290701793,50048.02245376702
2021-02-15,12686.80404523591,14546.072154928394,58890.57315898604,25150.56877444338,24412.11520683762,56936.49519089469,31906.711649210403,38680.715373367166,49202.38451081468,47216.79353374042
2021-02-16,12658.445722099863,14511.029709502534,57567.312771639656,24678.754978093082,23954.15448014492,56058.161966208136,31625.376146366027,38055.234243116436,48406.76419258124,46447.844327103034
2021-02-17,12652.472341328972,14501.081714223075,57080.42481896834,24526.148854024912,23806.029071314937,56976.30166686686,31526.57722815068,39141.646852428865,49788.69548378979,46105.62329616724
2021-02-18,12800.6293211594,14675.584573149536,61822.951296453946,26343.113372624324,25569.645137121646,60004.24947365402,33007.27066299008,41683.9870772326,53022.58606959401,49962.45763274789
2021-02-19,12841.781832574281,14724.895540989042,63394.22540142076,26948.623264663252,26157.37646741087,60889.486104050084,33445.127281844485,41100.84620810654,52280.82312674868,51397.35482298848
2021-02-20,12892.09687487771,14787.319612050023,64792.39807039093,27469.439594001975,26662.900948683782,63506.90617881356,33961.71879196276,44407.2356904781,56486.59453205652,52468.55421889351
2021-02-21,12843.476856662579,14723.868059340999,62745.28320081305,26787.299100243414,26000.788991287238,62943.72392047914,33449.20610934049,44487.10481941781,56588.18912653864,51241.76381740158
2021-02-22,12911.037740118545,14808.92789909147,65808.94847283508,27896.424573647455,27077.349091315307,64033.51329954028,34206.180688625886,45616.81996851682,58025.201824394106,53606.31115497591
2021-02-23,12768.738159382396,14639.995143305301,61753.23605125073,26161.73462819309,25393.591909664374,59437.11109504829,32772.93641375454,42892.609076609406,54559.96933067278,50402.193860553125
2021-02-24,12506.717260447222,14304.247271028564,53275.84050658057,23042.05406170946,22365.50924161281,53226.681394972606,29979.059605108523,38723.05563449184,49256.24188620279,43225.49770855515
2021-02-25,12554.35302815742,14394.030235195873,55190.25969711741,23562.587482447398,22870.75912085118,54438.903931287896,30714.433529955502,39359.12183002373,50065.32654828326,44940.686500361626
2021-02-26,12479.78598899499,14266.109198013057,52219.61974000331,22627.564498586744,21963.189633745118,50713.35047929694,29618.4605288877,37361.43132786909,47524.23765497153,42247.31200849454
2021-02-27,12494.464041973028,14286.285411055916,52794.40400911801,22801.682101857106,22132.194916635337,49991.417854627754,29769.70717588348,36969.78391246594,47026.05693263152,42936.27775024013
2021-02-28,12521.215970264555,14336.272369257693,54050.492947443854,23133.536916430356,22454.306040163403,50224.75836315053,30193.06178105167,36905.311242117015,46944.04683829054,44032.40072443611
2021-03-01,12470.311161403868,14232.200640002266,51669.073466659465,22515.746313980628,21854.654577170266,48832.57625809096,29342.405681158143,35995.95790659865,45787.337298704995,41803.32931064087
2021-03-02,12575.807879154107,14456.857741251017,56451.48188602534,23684.324855059975,22988.922125109588,53974.3468500043,31172.354498891644,39658.39049388216,50446.00026977649,45988.33270322927
2021-03-03,12544.983773763339,14407.367422683568,55302.763071594316,23331.028362851685,22645.99887962322,51774.11268993797,30774.089346363548,38633.563718932885,49142.406979132465,45035.79275049176
2021-03-04,12621.086569454066,14561.487803028009,58915.593921202344,24235.853800719233,23524.25746015064,54436.43488381355,32041.435435988773,40308.89086934292,51273.44540073926,48162.83357218067
2021-03-05,12590.220415315593,14512.818799380379,57970.19006144537,23886.39957879569,23185.063670872118,53185.926027594,31660.455562812174,38967.474414620585,49567.14582594324,47351.178032345066
2021-03-06,12617.564525398166,14544.480302456595,58732.88405968435,24217.477058548007,23506.420283145475,53332.732377670516,31940.02702484774,39373.5560099526,50083.68701716557,47955.666320307595
2021-03-07,12619.906399255215,14558.69095900569,58905.11698880036,24227.26200247557,23515.917928331728,55525.57907243866,32041.51665029193,39472.670712130785,50209.7622368241,48135.822918913655
2021-03-08,12668.159245642224,14643.064930303131,61002.261638405995,24783.557082183295,24055.879457496885,57876.90132603624,32740.171102910703,41078.71379888228,52252.670407795806,49971.52089469226
2021-03-09,12717.779843319702,14738.064674149226,63155.98375526131,25396.604886287067,24650.927376901695,60752.54399779487,33518.404879997084,42433.60215487156,53976.106420215314,51923.3353334731
2021-03-10,12772.684322606463,14831.156253994066,65219.37456972203,25966.836576432805,25204.416319409145,62693.12276893414,34289.423811992514,44359.12175738189,56425.392969115484,53558.96962031601
2021-03-11,12711.741024800267,14735.669978868309,62535.854551464814,25170.655241373817,24431.61190884869,61900.00292138419,33420.39908772789,45097.18949107775,57364.22494463094,51312.086949027886
2021-03-12,12768.04706114888,14817.568280956564,64818.75876352743,25884.376464171106,25124.377343807653,63280.67372118874,34133.57422873724,46401.07707798504,59022.78730033296,53257.627506224795
2021-03-13,12718.185076253305,14746.476624471406,62579.200203646105,25243.074845629606,24501.905178880912,61924.636986775746,33469.09814927766,46001.7314332865,58514.81432792238,51490.895199916675
2021-03-14,12827.119108259634,14916.154271890577,67705.23212606875,26655.796875836008,25873.14784404404,65586.67986333658,35071.06956880102,48311.20022190459,61452.489349092,55760.17207632248
2021-03-15,12860.314727204808,14930.599874363732,70360.95911383317,27513.773485902457,26705.933139579676,64377.26904316721,35253.986682935196,47519.24488314097,60445.11162308259,57997.91281790959
2021-03-16,12896.225162458082,14966.68925186458,72743.51088778715,28326.844807937952,27495.13162502607,61913.27797055982,35578.98180360357,44992.301116928014,57230.80553741949,60416.80883480321
2021-03-17,12906.118099574007,15010.695871165468,73191.5898630474,28291.58516105111,27460.907247451414,62717.15924642583,35942.710931755246,45942.0701562472,58438.924389875494,60223.21164354524
2021-03-18,12972.009716018543,15103.74642975969,76587.0697308421,29350.756330265736,28488.97976694459,63722.33869033503,36839.97980325443,47271.93926702645,60130.53558956567,63127.45215114953
2021-03-19,12938.043824548691,15053.896243292042,75110.68827133867,28884.54631832976,28036.458290232422,62603.717492079464,36359.413665208645,46564.66445051216,59230.872614332475,62043.58354954097
2021-03-20,12992.951055064523,15127.343945137098,78169.50702019705,29904.345150325033,29026.314495781317,63513.595145502026,37031.73646592612,46982.293389787264,59762.102180660644,65402.28543171802
2021-03-21,13027.553838740205,15180.401309392335,82039.99344304494,30573.326954018747,29675.654119449937,63436.550072349935,37534.38862732451,46997.68984837805,59781.68668080178,68944.02400905847
2021-03-22,13042.342841472933,15187.276946707,83886.63568892541,30977.77989297689,30068.23179155504,62728.3410014438,37622.48669174907,46533.87153333059,59191.70361405021,71224.06943924681
2021-03-23,12970.967205242707,15077.988815874582,80342.72204580388,29860.242227600753,28983.50649250477,59632.87208455299,36638.77359791436,43748.07480706002,55648.13311976436,67523.70570289841
2021-03-24,12989.522639304158,15115.43541816435,81457.0629933187,30053.819581145046,29171.400161969614,59886.94805185147,36969.62373472499,44217.66679407903,56245.46037406885,67205.86947075244
2021-03-25,12923.624027661652,14979.307759244834,76915.86303844993,29086.979205845477,28232.947483618293,57912.22701854503,35623.659158994145,42683.79460697185,54294.35454750869,64539.81325259793
2021-03-26,12915.190066414038,14978.662745750476,76969.02439059557,28985.480771432147,28134.429175884055,57545.00937399071,35600.872564067526,41980.36890510526,53399.58769731077,64598.61448018051
2021-03-27,13027.2550918547,15199.129084254013,84553.38787112948,30808.17118054103,29903.60301257192,60841.7509986584,37585.395754217694,44938.41351186026,57162.25978692553,72897.33257084795
2021-03-28,13009.963621546256,15169.613659447841,83230.13839161985,30455.536543455204,29561.32218927666,61400.236486749396,37316.728589115715,45553.30957682982,57944.415761311946,71026.57152821113
2021-03-29,13032.269289728134,15201.43509388261,84413.28145289635,30814.964367252807,29910.196742444063,61031.45835204766,37526.04328683417,45550.42274084405,57940.743667535484,71926.4321939486
2021-03-30,13122.05281328223,15345.480908071655,89978.77137104927,32273.75564887622,31326.156005596327,64394.24155913088,38887.73134676198,47049.65289612196,59847.78436877809,78141.41184663634
2021-03-31,13198.69187930576,15465.589568499454,95830.59840999702,33683.6707762447,32694.674182257088,65783.75025773328,40026.00138118042,48219.783749021786,61336.20637950404,85115.11680797825
2021-04-01,13209.44839536798,15489.45463123495,96097.98595123545,33688.90438311942,32699.75412359436,67202.30798364911,40265.56618079375,48140.876898744005,61235.83581628074,83040.64366765128
2021-04-02,13193.327898125204,15475.147821160239,95559.63069290051,33292.47720690397,32314.96656734924,67813.5316442114,40128.63848808376,48055.23409783275,61126.897034245696,82170.0168299208
2021-04-03,13297.682972867085,15621.1525019475,103364.35823696708,35307.51896646501,34270.844067462815,70955.69430905534,41622.30655228339,48228.444256979106,61347.222660833424,88123.98716778109
2021-04-04,13186.445356828635,15469.058502413314,98392.55555243524,33367.86925103309,32388.14500253553,67996.7480447202,40037.52411725686,46931.29262070528,59697.22852394315,82729.3260327823
2021-04-05,13312.091848494121,15641.270052358395,105764.54921513009,35708.024625138954,34659.59035659142,69647.73660458263,41827.54122550211,47719.398844821204,60699.710124917285,89836.61545281995
2021-04-06,13374.395481840425,15750.866327090964,110255.4152217216,36753.18119249137,35674.05976124825,70124.89300851487,42941.8328701831,48065.81916311392,61140.361378092726,93737.41035441186
2021-04-07,13383.027298961457,15765.303128675052,110417.26442569446,36562.44611510232,35488.92491499626,69419.37144880596,43076.61125435661,47082.37037062738,59889.40143157799,93394.43945849146
2021-04-08,13259.706870176728,15616.540020900396,103454.41596079734,34393.64548353714,33383.80310430261,65732.52134622808,41435.16334748823,45402.23182690772,57752.2428536771,86959.51475943548
2021-04-09,13384.082683196624,15784.511658395064,112028.73569678931,36835.58085106173,35754.040058157785,68646.8444030101,43293.10068136298,46943.802243310296,59713.14093030782,94277.45342402885
2021-04-10,13396.37276610344,15802.294522817278,112950.94811824232,37022.9082775311,35935.86730657444,68596.57169977084,43503.09174744769,47088.14404259893,59896.74561913092,94608.00571639436
2021-04-11,13464.089076638475,15879.210840014446,116988.61483914372,37976.647191865224,36861.60319997608,70428.60611394643,44393.2177032476,48228.444256979106,61347.222660833424,98210.46402995977
2021-04-12,13478.04924445767,15900.312292775327,117512.71814439476,38182.885720043014,37061.78629544073,70942.64417573882,44672.276413024854,48492.10861034634,61682.60722575029,98836.2890381016
2021-04-13,13443.990427683977,15854.608362133666,115230.67267547672,37456.840059975504,36357.058284796185,70635.41798050299,44182.22446210119,48308.31338591882,61448.81725531554,97203.23731404457
2021-04-14,13576.25770301838,16008.38384672268,121641.47021511453,39572.72558855592,38410.81864908158,75296.1944658868,45897.921810521235,51193.224814367575,65118.46296925992,104506.76219462001
2021-04-15,13665.969994109777,16115.969852163538,125633.0024568346,40965.26734309677,39762.47355784557,76967.43576823067,47168.4444647454,50651.46192770425,64429.33337054388,108754.15790039446
2021-04-16,13734.843299714501,16210.275750008519,130723.05703257179,42422.578383882304,41176.99604196542,78542.9479914523,48299.264946022085,50896.84298649492,64741.46134154315,112547.48943967427
2021-04-17,13827.882124720332,16340.874767266567,136792.31015263122,44240.28064727525,42941.32819141441,76003.22880125584,49795.602578387545,49322.555095586926,62738.94620211253,117721.7447114749
2021-04-18,13826.445082077662,16349.206750494523,137538.88246776487,44490.84350681106,43184.53419794253,73865.09230019283,49783.132767339914,48635.48813097304,61864.98788331456,118424.1797823149
2021-04-19,13725.02286087868,16220.86785690604,131189.19236202247,42537.0378459391,41288.09482463322,70682.58633193857,48200.556692835264,46104.69525011239,58645.78567261619,113308.37967198041
2021-04-20,13592.238910259044,16027.090324846356,121478.63335330584,39974.36098142207,38800.66150193009,68431.08562883179,45861.49826266094,44669.93776518341,56820.75506571456,104254.42974429207
2021-04-21,13648.72944182797,16119.385990016915,125459.94704766986,41013.06413966329,39808.866978000966,71249.69143141613,46938.693024116714,45218.4366024802,57518.452883242346,108462.18508036486
2021-04-22,13602.896466736553,16034.663220912418,121849.26126302149,40094.41396722954,38917.18957518126,70547.45682087872,45942.561826741956,43097.574431599256,54820.68798880158,104796.78481447526
2021-04-23,13477.925405205731,15825.309706867101,110358.12474048587,37438.77013086231,36339.51891241671,70336.5622846686,43478.940259551106,41339.49131626374,52584.38287893621,94027.24628339005
2021-04-24,13459.737107542634,15786.347000385656,108922.3166727511,37183.268145092065,36091.51879885518,69413.36399962926,43110.59126830836,40785.2188069954,51879.3408738555,93357.99147206816
2021-04-25,13354.495047741784,15606.995798177431,100877.92035327447,35417.46324535509,34377.5602386424,66783.3409462628,41171.268004674814,40025.9809427372,50913.58021064599,85313.37196346179
2021-04-26,13339.484410246303,15581.984283496276,99267.28020833804,35116.04764353775,34084.994592803785,67756.83778168148,40880.14729097446,39046.0771848412,49766.662921131014,83598.50293017182
2021-04-27,13467.187012073273,15960.02290834493,114775.11832346876,37200.29791229843,36108.048549840765,73127.4273076134,43380.62605488519,41577.17860960967,54743.57401949588,97726.34948134891
2021-04-28,13533.370055702408,16207.062330303115,125405.91828927744,38292.66222620321,37168.33961991703,75478.21646022977,44866.558203956985,42361.79400059685,55776.65640194053,105975.35407984558
2021-04-29,13518.300655024255,16163.198041020156,122544.5518010578,37959.78406287081,36845.23519448676,76439.22838114545,44309.477955217764,42110.791446608055,55446.16796205894,103179.31148274809
2021-04-30,13502.415706103782,16123.459390410684,120763.13018600328,37697.65894696793,36590.80641454883,75992.19971011468,44150.28758333876,41097.484839764424,54111.97388994441,101885.3360335741
2021-05-01,13583.228523279975,16332.588794881864,130311.73133921782,39006.74064080429,37861.45175906161,78592.79730820279,45643.0624456367,44621.7466255848,58752.276392133586,110740.66033478279
2021-05-02,13607.71868175825,16381.123137239429,131788.0001863491,39263.88720371931,38111.0481628337,81109.02939556113,46139.34237267192,44650.565437339064,58790.22136115703,112032.09313849527
2021-05-03,13588.255405370634,16333.483961640297,130227.64339323918,39005.01017733365,37859.77210425996,80733.96427619232,45824.09091273401,43771.126859289456,57632.28779031267,110398.81373227877
2021-05-04,13649.829408572663,16431.257542289775,132945.53083723623,39644.75032063035,38480.72864089571,87349.35011946906,46787.28426945253,44101.14873583027,58066.818887194015,112874.0617816022
2021-05-05,13561.577766611585,16257.574620689706,124315.09038605788,37998.52390775658,36882.83758689895,83184.5986884953,45660.47229081829,41212.7600867815,54263.75376603817,105465.25909659619
2021-05-06,13800.176034879903,16706.982933822546,143457.03541130142,41554.57807797791,40334.48135940125,88949.31733818304,49672.1267328774,44422.80386057146,58490.333702745964,122134.13201267742
2021-05-07,13805.197488141202,16731.513729161474,145058.00909755754,41721.57040806049,40496.57057643625,87686.9945290691,49626.29249739274,43484.79801992446,57255.286162595905,123508.60808396185
2021-05-08,13791.231934276357,16717.73384067523,143960.31904245386,41580.68186209308,40359.81870230069,87686.47657658963,49474.45647506932,43935.67297801544,57848.94132312393,122739.59612354412
2021-05-09,13820.439268401502,16744.42605264113,144465.33829524007,41788.69299493041,40561.72235643554,94089.28209816712,49599.25056287676,45058.67699734306,59327.57108377931,123127.70912513268
2021-05-10,13873.37540619236,16810.280210705383,146830.5520429728,42569.2608537646,41319.371722837845,93843.49023736047,50384.756256956935,44548.305137565854,58655.57792268675,125571.40490840626
2021-05-11,13730.838696345021,16575.357642061143,134353.60564834878,40027.218749326385,38851.96729669078,93082.52898799354,48048.89232686597,42852.643439508254,56422.94490659785,114799.85918689083
2021-05-12,13832.26559166306,16735.643365647695,142029.95552217503,41659.506593685226,40436.32903676004,96176.80491417476,49716.29098173268,43470.85343359176,57236.925693713594,121847.02565951065
2021-05-13,13580.647459637688,16298.128390650187,120721.041007956,37578.9788757629,36475.61094533315,88875.01247232774,45168.28370814058,38090.000127043415,50252.60333088282,103092.77049422718
2021-05-14,13636.825306173181,16396.304357389712,125473.68086002397,38544.367786617644,37412.65477613261,87429.37211354644,46121.241786656785,38200.31729891997,50470.4808949529,107347.07869053836
2021-05-15,13696.054235717582,16506.26352124556,130466.96713255277,39405.20312054406,38248.21485965971,91362.91131256985,47020.57252584808,38142.05991601887,50355.42195662376,111814.69508610756
2021-05-16,13615.053480302535,16337.166839527294,122876.0683392894,38149.15840031866,37029.04925390051,84578.29908590727,45836.510009460646,36560.43394619321,47231.694184113396,105068.32375920996
2021-05-17,13617.088774540982,16342.028665674261,122753.50589922178,38235.56402397962,37112.917895530336,83318.11122153523,45861.29386588341,36318.7277830929,46754.32199317333,105527.34156416848
2021-05-18,13520.139594136437,16154.416834564265,122753.50589922178,36706.66171736409,35628.906158705344,79010.04183762177,44274.95646772455,34895.76021776386,43943.94622292106,97714.99676284453
2021-05-19,13544.257617643801,16228.73011295796,122753.50589922178,37075.7332705951,35987.14128880694,79672.0739271883,45003.7763471399,34425.362838807094,43014.90649747617,100720.00661348128
2021-05-20,13234.932472838882,15425.287929341528,122753.50589922178,32454.99397631256,31488.80023341296,67280.83992805457,38352.49013591484,31313.553823015034,36966.96804764321,69000.96093926259
2021-05-21,13258.652482126103,15799.427509150664,122753.50589922178,32793.23201948993,31476.204713319596,72029.51566033739,38897.49141757098,32332.511308296664,40783.49751264608,80985.20747629937
2021-05-22,13236.514979333231,15467.380810774976,122753.50589922178,32486.503258821293,31184.065722857315,67253.46006380385,38448.81469364267,30585.317755583565,37593.672052159396,69719.37386147742
2021-05-23,13230.48583983757,15327.54901290775,122753.50589922178,32409.621385638293,31184.065722857315,65674.49873267414,38365.36712169702,30629.550721591135,37756.46820958255,64765.02479887887
2021-05-24,13222.797653336082,15060.013936970834,122753.50589922178,32306.073274750208,31184.065722857315,62495.95453372231,38219.91217699241,29867.945517400694,34953.4366268832,56397.3372594359
2021-05-25,13231.338814080425,15532.53969394593,122753.50589922178,32429.79496629791,31184.065722857315,67892.83562072889,38516.17969591428,30977.760611891303,39038.0289375678,69847.67192842248
2021-05-26,13231.162912414795,15532.270036826772,122753.50589922178,32426.634443246105,31184.065722857315,68380.28027960451,38512.0626699966,30795.84006748424,38368.483838992885,70030.19165067945
2021-05-27,13240.217486828366,15858.592274706325,122753.50589922178,32571.173112541772,31184.065722857315,70229.91558172414,38808.72814573435,31093.16541794112,39462.76778437857,80055.4564054514
2021-05-28,13224.333607264725,15717.148795734269,122753.50589922178,32290.844552097395,31184.065722857315,68759.13578179992,38685.49953796783,30898.274304554398,38745.48546670965,74962.42091128108
2021-05-29,13202.450975052194,15492.799252458948,122753.50589922178,31924.964832459736,31184.065722857315,65531.62473602693,38554.73833144576,30115.051485397853,35862.891852186964,67404.53530137836
2021-05-30,13194.223409129294,15367.980783245848,122753.50589922178,31789.06880940891,31184.065722857315,64246.65304864441,38448.70617251399,29848.988531968876,34883.66684513042,63141.40370371438
2021-05-31,13200.336582401775,15477.195940489635,122753.50589922178,31877.665205203717,31184.065722857315,65283.77698217905,38649.03549133853,30108.06733287034,35837.18719575173,66900.06257672314
2021-06-01,13205.062901291749,15674.679056367313,122753.50589922178,31946.154821359625,31184.065722857315,68065.31649735669,38831.99350248226,30504.168554787728,37295.00842500715,73341.74624788153
2021-06-02,13204.461662690324,15644.998965968238,122753.50589922178,31934.44861719911,31184.065722857315,67453.73298863247,38802.096972808176,30369.141605922523,36798.05173392596,72313.36373491203
2021-06-03,13204.524774579626,15695.559130025298,122753.50589922178,31936.653792951594,31184.065722857315,68116.37428574383,38825.52444172576,30607.267949241454,37674.45811524156,73889.63337879447
2021-06-04,13214.321883830147,15835.346799035971,122753.50589922178,32087.38031382874,31184.065722857315,69666.97712002283,38963.70167279528,31124.09523627724,39576.60269144889,78452.54572262541
2021-06-05,13186.435396289156,15643.883562268085,122753.50589922178,31635.23250457705,31184.065722857315,68162.99226644513,38737.698508693116,30465.25684784874,37151.796767725136,72183.28693805248
2021-06-06,13181.001831452153,15572.295785934502,122753.50589922178,31543.542526069257,31184.065722857315,67542.52914234925,38661.19619194428,30112.72343455535,35854.32363337522,69923.61673685633
2021-06-07,13182.237472186396,15614.230238713013,122753.50589922178,31564.43875939286,31184.065722857315,68279.69208110278,38691.553085222964,30167.26634000829,36055.064759821806,71318.64364472845
2021-06-08,13174.418819070563,15424.984920183564,122753.50589922178,31435.139499599747,31184.065722857315,67251.59821992546,38468.92146576316,29539.357769915907,33744.09374316837,65031.90318266827
2021-06-09,13174.96369586703,15409.549212784606,122753.50589922178,31443.068901060095,31184.065722857315,66528.46474018865,38475.150440925194,29500.77864166871,33602.10611714517,64593.85102368391
2021-06-10,13176.168277870573,15541.674449850536,122753.50589922178,31461.656979602685,31184.065722857315,67399.48870590831,38612.870617259985,30596.29285241251,37634.06508370048,68516.95904154323
2021-06-11,13172.705369164729,15431.35808066207,122753.50589922178,31414.675605366872,31184.065722857315,66205.14553979857,38439.8091522099,30398.40853079971,36905.76648470218,64964.174544084686
2021-06-12,13170.213890366318,15342.254969921189,122753.50589922178,31374.431226201188,31184.065722857315,65332.081705306715,38321.51528722214,30629.550721591135,37756.46820958255,61863.43391531886
2021-06-13,13170.683152135622,15335.484845954974,122753.50589922178,31389.595137435146,31184.065722857315,65497.31107585307,38355.73632380728,30146.313882425755,35977.95079051611,61768.11190577711
2021-06-14,13175.407221884145,15474.149789406116,122753.50589922178,31441.670838892842,31184.065722857315,66664.84591735006,38499.68308131723,31083.520635879322,39427.27087787277,65805.60629847983
2021-06-15,13177.45504610721,15530.216909542605,122753.50589922178,31467.109682347014,31184.065722857315,67266.99366301078,38504.52736354842,31490.929533317438,40926.70916992809,67354.20186180838
2021-06-16,13174.570332750169,15502.318187886278,122753.50589922178,31425.389407117,31184.065722857315,66930.56236027509,38433.47547163909,31393.483976624077,40568.06801109364,66506.23212795553
2021-06-17,13166.650375396279,15420.015781303067,122753.50589922178,31319.27280371079,31184.065722857315,65597.69439657059,38245.77399354273,31007.692694152065,39148.19175086165,64112.36168327905
2021-06-18,13167.590457936734,15446.609523459663,122753.50589922178,31334.64321178787,31184.065722857315,65765.91004793844,38259.103995912315,31006.029800693133,39142.071594567555,64970.029858302034
2021-06-19,13158.482904193434,15320.381297439013,122753.50589922178,31223.821903454278,31184.065722857315,64626.972230078405,38002.07260745503,30439.6482885812,37057.54636079594,61212.60980235355
2021-06-20,13157.542431914597,15268.099568165737,122753.50589922178,31210.135539289837,31184.065722857315,64051.61041616417,37920.97197430103,30349.519463107135,36725.833889655536,59636.90940480479
2021-06-21,13158.770270723076,15310.094072911183,122021.37763342123,31228.003848060078,31184.065722857315,64551.847258518064,37970.25079601285,30346.52625488106,36714.81760832615,60842.51923217123
2021-06-22,13150.55424417677,14875.254978090205,96634.0020629473,31108.394264427036,31184.065722857315,58051.41921538704,37061.24344212278,29196.801717376104,32483.34154658308,48267.66006367086
2021-06-23,13150.183641687845,14801.615896178453,92602.7562526166,31103.169628992742,31184.065722857315,58196.726792054455,37061.24344212278,29432.600009852533,33351.17970908694,46322.19862232481
2021-06-24,13150.183641687845,15003.238205969963,102348.5477924262,31103.169628992742,31184.065722857315,59870.98775381331,37061.24344212278,29765.51128033054,34576.434999166435,51103.88559064132
2021-06-25,13150.183641687845,15110.179834823242,107436.06284445245,31103.169628992742,31184.065722857315,60485.51472174911,37061.24344212278,30039.55612236238,35585.03675643467,53666.36797781505
2021-06-26,13150.183641687845,14896.369253450985,97102.84041700921,31103.169628992742,31184.065722857315,56950.57720830794,37061.24344212278,29183.831148396443,32435.604327489073,48535.03146347604
2021-06-27,13150.183641687845,14926.951447783824,98546.55160862222,31103.169628992742,31184.065722857315,57368.09990361975,37061.24344212278,29354.77659597456,33064.7563945229,49251.72625142149
2021-06-28,13150.02726152358,15036.412373026656,102832.35829312452,31101.78726589812,31184.065722857315,60123.05436955206,37061.24344212278,30041.551594513097,35592.38094398759,51705.7986011117
2021-06-29,13149.48272115623,15090.918407425688,102832.35829312452,31093.60038906582,31184.065722857315,60641.13594203952,37061.24344212278,29988.006425135518,35395.31191131746,53014.35538884814
2021-06-30,13155.929541369971,15260.994115427415,102832.35829312452,31209.776687268313,31184.065722857315,61072.06360513656,37061.24344212278,30406.057840710793,36933.91920365505,57109.04373714777
2021-07-01,13156.930359704844,15277.05140169749,102832.35829312452,31233.643990191682,31184.065722857315,61688.79856117011,37061.24344212278,30207.50836171442,36203.17254213911,57486.956146815544
2021-07-02,13142.811982602443,15161.483156064605,102832.35829312452,31003.318674967093,31184.065722857315,60840.86365105921,37061.24344212278,29779.479585385558,34627.844312036905,54527.544722466344
2021-07-03,13144.581472219961,15182.431802553629,102832.35829312452,31031.30923858285,31184.065722857315,61073.274076100315,37061.24344212278,29847.325638509945,34877.54668883632,55045.25025386332
2021-07-04,13148.603730784222,15230.367901425254,102832.35829312452,31105.306353375436,31184.065722857315,61435.20489426328,37061.24344212278,30084.45424575352,35750.28097637546,56290.3787445107
2021-07-05,13150.568108093157,15274.754040769869,102832.35829312452,31127.131046615665,31184.065722857315,61799.245652339254,37061.24344212278,30259.723216324855,36395.34544977396,57285.46071186649
2021-07-06,13144.418830557759,15192.154242351917,102832.35829312452,31022.804219956226,31184.065722857315,60276.96807530127,37061.24344212278,29827.038338310987,34802.88078204826,55227.96225110741
2021-07-07,13146.890442722657,15245.29029760163,102832.35829312452,31063.84737578555,31184.065722857315,61596.470837867964,37061.24344212278,29996.653471121957,35427.1367240468,56579.92328071535
2021-07-08,13151.060608442755,15263.765757810259,102832.35829312452,31146.12382879572,31184.065722857315,61546.078874751205,37054.24163383514,29928.142260613997,35174.98628472974,57182.92437961465
2021-07-09,13141.31572035998,15142.024088109267,102832.35829312452,30971.390469953505,31184.065722857315,59353.45684996065,36894.54508039483,29604.21061481422,33982.77983863841,53952.144628985734
2021-07-10,13141.232824838888,15169.873295710231,102832.35829312452,30976.76397365464,31184.065722857315,59820.96721460787,36859.9822468756,29845.9953237428,34872.650563801035,54540.87045627415
2021-07-11,13138.785494360134,15135.204321382183,102832.35829312452,30935.045135501878,31184.065722857315,59447.5379566894,36787.672817875566,29768.171909864825,34586.227249236996,53579.589138881376
2021-07-12,13141.444713055136,15169.845623874953,102832.35829312452,30986.925819815868,31184.065722857315,59756.686315193656,36900.26635863266,29966.7213888612,35316.97391075294,54524.26493021136
2021-07-13,13139.241639897904,15094.51551567169,102832.35829312452,30944.671529600815,31184.065722857315,59263.43573759306,36793.04179200853,29655.095154657512,34170.05662123797,52524.38280782083
2021-07-14,13136.391779431011,15048.678747011862,102832.35829312452,30889.41215058312,31184.065722857315,58911.35115021486,36674.48832094137,29612.192503417093,34012.1565888501,51261.301736403846
2021-07-15,13137.846148062798,15047.708391397484,102832.35829312452,30918.617782944846,31184.065722857315,59111.197905000285,36706.2658316275,29594.898411444206,33948.506963391425,51236.24036441947
2021-07-16,13136.922040914009,14970.816093206467,102832.35829312452,30900.0604976318,31184.065722857315,58782.91777871841,36588.8614531158,29341.806026994895,33017.01917542889,49334.29895860363
2021-07-17,13135.61288911989,14890.712704267347,102832.35829312452,30873.77101010498,31184.065722857315,58575.87432639223,36454.56941470799,29214.095809348986,32546.991172041755,47255.41980383793
2021-07-18,13135.687212466608,14905.904599964064,102832.35829312452,30875.258091485528,31184.065722857315,58691.02148704422,36460.81306541035,29255.00298843869,32697.547016876695,47645.48155931091
2021-07-19,13135.612246943294,14913.495603210838,102832.35829312452,30873.758617513886,31184.065722857315,58577.56499672219,36454.27209800788,29318.192939878074,32930.112956052624,47807.735885133516
2021-07-20,13134.5367724637,14800.481095154477,102832.35829312452,30852.24678223241,31184.065722857315,58577.56499672219,36364.40307046425,29013.265505684343,31999.84919934891,45047.5751903524
2021-07-21,13134.5367724637,14689.698746822081,102832.35829312452,30852.24678223241,31184.065722857315,58577.56499672219,36275.12644012377,29013.265505684343,30938.614097951388,42470.309884939255
2021-07-22,13134.21026574531,14875.73366601616,102832.35829312452,30848.133149328118,31184.065722857315,58577.56499672219,36372.30221246511,28955.238974672975,33373.21227174571,46544.412011082575
2021-07-23,13134.135961086926,14938.867788068315,102832.35829312452,30845.524809187405,31184.065722857315,58577.56499672219,36426.79247819128,29014.475056822856,33577.62549196876,47985.57755019125
2021-07-24,13139.481729808693,15015.700664272099,102832.35829312452,30923.08606343609,31184.065722857315,58577.56499672219,36542.88098161895,29402.169893887625,34915.49165785976,49716.26758030705
2021-07-25,13145.484716182335,15071.674781329628,102832.35829312452,31019.501747964656,31184.065722857315,58577.56499672219,36603.61976670288,29607.89999955786,35625.42978797575,51029.915801406794
2021-07-26,13150.072840018658,15120.331999151462,102219.04402895086,31088.790043817873,31184.065722857315,58401.83230173203,36640.09094764529,29933.166390764076,36747.86645231431,52063.43190986363
2021-07-27,13167.007439455541,15209.451465662654,106120.51561916899,31336.238856142518,31184.065722857315,59206.71453190751,36709.9230261148,30477.99646371146,38627.97846586287,53872.14166831499
2021-07-28,13188.684096108957,15308.338501138995,110450.750354923,31653.082974582496,31184.065722857315,60386.01445429448,36908.90329592553,31137.042216013695,40902.228544751684,56081.01451108798
2021-07-29,13191.55341156462,15323.965956278249,111000.77169934526,31678.470989502657,31184.065722857315,60367.21886945291,36842.04533246247,31223.645495811368,41384.49686072703,56339.52891262338
2021-07-30,13201.19657781565,15367.338682486607,113088.84138978392,31843.981239020854,31184.065722857315,61113.47131074589,37053.43953000498,31142.23886703753,41222.9247345627,57470.308368211074
2021-07-31,13226.190375185659,15465.720727665164,117688.32907970584,32217.640841594162,31184.065722857315,62417.891393511294,37452.81420022548,32308.450495911173,43537.5678449926,59824.580923630376
2021-08-01,13229.854142465616,15482.202029930037,118638.06332189144,32295.13887138549,31184.065722857315,62852.23188421903,37582.52738818929,31926.086027428013,42778.66846452378,60234.86248007515
2021-08-02,13211.070540927707,15430.216539622324,116156.88184905962,31998.84351919565,31184.065722857315,62654.46742591543,37084.814807174975,31104.619137073867,41148.25882777464,59014.53368942965
2021-08-03,13218.693460756596,15453.924448009948,117535.52581330064,32149.74904016409,31184.065722857315,62832.499364306146,37294.93472744693,30653.000835431492,40372.22300968233,59696.38394375583
2021-08-04,13206.319444550736,15415.940663837662,115854.14113181375,31958.687455910975,31184.065722857315,61824.50184275565,36948.26527526927,30405.923633810096,39397.89412766107,58816.72826492621
2021-08-05,13230.507510648815,15508.706115604426,120094.95640250479,32319.768723520127,31184.065722857315,64065.41082841336,37812.879790151936,30771.58522383438,41079.71307728068,60993.30223351784
2021-08-06,13244.471544878426,15553.553523096332,122107.51493757799,32524.90097798466,31184.065722857315,65193.000135202004,38243.220456456766,31351.589660998423,42238.87067938386,62032.46188694942
2021-08-07,13284.062822253502,15677.81411329497,128062.44668742518,33124.89650583486,31184.065722857315,66398.9315256487,39426.15893315742,32485.262536595725,44504.55253946093,65056.6879881678
2021-08-08,13333.471436667298,15807.76028612471,134279.34584655118,33889.3638126891,31093.978421880172,69055.7974872793,40664.10026222098,33317.91483706683,46290.41414608029,68235.79396096997
2021-08-09,13300.186437583532,15721.489405684657,129916.17605586437,33332.898140156394,30498.319787018096,67751.17378846221,39838.22199147111,32775.607582595,45628.21323505831,66018.9745746178
2021-08-10,13352.396014254036,15866.41552662609,136973.01554534008,34145.3621422774,30411.569010735016,69529.6858417929,41249.987218854454,33970.54820399121,48253.76028522866,69665.4617722059
2021-08-11,13390.867262906871,15973.00978807069,142479.40247625456,34796.57885135278,31016.944597374404,69248.58119018265,42274.3529163975,33521.59443162351,47616.03999938309,72705.91693913308
2021-08-12,13458.953608906708,16146.565570429873,152386.77537429304,35934.93397446096,32050.7967321897,69343.32057855264,44037.37117836918,33438.00802870668,47497.30896727748,77727.29153536606
2021-08-13,13426.84518953314,16073.149549186597,148196.91845104084,35416.32500997231,31580.05013009203,68209.77200711955,43249.699578109445,32620.24002491216,46335.70330265666,75555.62939132006
2021-08-14,13530.220874593775,16319.756834724007,161832.3607534951,37099.66407486365,33126.66918590689,70910.29894902931,45840.28888069454,34892.58378255827,49563.47373216678,82597.22728962846
2021-08-15,13579.026484073695,16425.946735880458,169498.98792114522,37984.9518095504,33911.788213234075,70342.04604728057,47059.65153414919,34403.129381973136,48868.22397715664,86379.27642523091
2021-08-16,13613.391581019236,16496.325392299943,175374.28586031086,38600.28323459315,34493.575870214496,70445.03326356589,47832.60212360665,34331.60699597214,48766.629382674524,89244.96414195614
2021-08-17,13563.920398166569,16390.3098295946,168769.16928903037,37723.81935866615,33677.97232896542,67995.84846913513,46701.031661510846,33607.765981022305,47738.443125265156,85457.89409267949
2021-08-18,13489.74427270845,16230.521552389428,158743.301407203,36408.520121969465,32466.311040770524,66020.98430884232,44976.40306444316,32896.85069848228,46728.6173367381,80017.92953746281
2021-08-19,13501.561683697137,16257.642823757833,160182.43642294672,36552.818376489886,32604.857464389956,66174.57844485014,45226.442033161205,32942.52161966364,46793.49099345559,81004.16963945684
2021-08-20,13573.110683408184,16454.078998370213,170454.62242498717,37561.813813133915,33519.94192501587,69555.25929577048,47333.613290147085,34468.619759516216,48961.25035282701,86429.82125286112
2021-08-21,13620.5234921255,16575.902850517574,176703.66019141464,38164.84742401877,34063.948862201636,72548.03104775412,48735.72112341033,36356.63840684372,51643.102840903106,89420.92271841693
2021-08-22,13596.039565924511,16514.365703601707,173760.47790795215,37838.43667560771,33753.95293058006,71592.28633588873,48069.93734697538,36022.292795176414,51168.17871248069,87608.19935616678
2021-08-23,13628.225274160111,16565.77699328799,176246.7049634413,38256.6907901807,34125.485257542,72024.86517464768,48598.420824053785,36316.13777862629,51585.57337173854,88892.28787056677
2021-08-24,13673.465232591774,16648.730249475455,181340.62675494349,38944.144215422726,34738.96838028567,72779.3572508629,49612.06815708525,36336.818950482,51614.950121950234,91394.28147587554
2021-08-25,13560.12349911358,16399.641196401302,168159.21954401245,37292.94711469937,33269.51658637947,69784.57003109134,46596.93711437675,34989.9576333789,49701.78926441351,84424.86565982824
2021-08-26,13601.842528473804,16500.586091498702,173551.12477774278,37857.6650385635,33773.4224926906,71216.65587102287,47807.75529622673,35870.63086823454,50952.74921092825,87129.46528452751
2021-08-27,13494.153373830379,16242.923670084057,160662.965895147,36479.93463660586,32544.186048930133,68314.13333297621,44705.041281199636,34357.45846079178,48803.35032043914,80280.97000765565
2021-08-28,13584.949434539883,16485.789558787998,171707.35545552627,37578.03865894816,33523.93366320657,71589.45668426863,47434.68497483966,35840.47082594496,50909.90811686953,86377.27114949857
2021-08-29,13577.529571211087,16473.090299749092,171115.59699918883,37492.26631218016,33447.38745789755,71190.0552068514,47291.40644191291,35720.692372280646,50739.76777189345,85890.3419958587
2021-08-30,13574.975050081777,16468.780441791678,171063.28692573536,37474.96168476842,33431.95068976175,70853.72331436432,47232.39751086196,35640.55283133977,50625.932864823124,85738.79536818831
2021-08-31,13527.190608189709,16327.165405325963,164674.43784078019,36890.68861222121,32910.67577812539,69626.92184402507,45657.41447809286,34335.91557344208,48772.74953896862,82309.28208326113
2021-09-01,13542.66358776977,16396.619158075675,167775.3233118505,37058.141945429954,33060.06262763201,71814.99037657742,46436.6508128475,34381.58649462344,48837.62319568612,83825.24318781676
2021-09-02,13615.692159224238,16634.43053045547,178931.8001098274,37927.85269650021,33835.94268476867,77154.04675796395,49153.283449573944,35519.912662181465,50454.56848858823,89724.66218225301
2021-09-03,13631.022122619868,16683.70243251725,180942.61622615947,38086.923431053496,33977.85185991782,76896.0326822407,49678.89966120897,35771.53358642593,50811.98561616387,90694.76037244842
2021-09-04,13670.21923926281,16801.69455988718,185365.20093322868,38492.26579221797,34339.46317480061,79020.91517901863,51035.77244590048,36268.74342645695,51518.2516525034,93110.1656896958
2021-09-05,13659.166103809503,16799.473935830367,184872.52091172923,38431.60188092188,34285.344051691274,78430.17601303165,51032.282901847066,36229.966229227495,51463.17024585647,93514.56180187815
2021-09-06,13772.860069723014,17036.132370571788,195403.81324871743,39782.36588892241,35490.37856479656,80291.25346392475,53799.29316763964,37499.27315187168,53266.168290099326,99225.10484486837
2021-09-07,13759.230792247636,17021.71243370101,194128.14235223096,39617.989910696364,35343.7365626305,80980.69962791659,53537.87303987963,38246.3804851592,54327.403391496846,98552.82336973726
2021-09-08,13428.852931298405,16382.774530899724,163091.5203022128,35478.231671954825,31650.60332782549,71698.06141927169,45848.30720277903,34175.63649156033,48545.07972482798,82360.1659452071
2021-09-09,13421.302981891635,16356.274588803673,162165.1368752557,35403.96466712713,31584.34874300317,71784.93958338759,45563.300572754466,33599.14882608242,47726.202812676944,81887.03105299387
2021-09-10,13431.88407298984,16400.24365202371,164213.23859438533,35522.45526846771,31690.055787678597,71226.69284968227,46103.03030484911,33811.992553097436,48028.53853360566,82971.11894085335
2021-09-11,13404.475252922604,16285.423369949647,158930.69811489413,35203.422191717924,31366.238307767846,67911.0869159277,44687.31759554141,32675.398433682327,46507.06767889155,80240.21020915946
2021-09-12,13425.04562682817,16346.138644554754,161824.68148929856,35426.88578405919,31366.238307767846,68732.22051067682,45399.692259188036,32837.40094655205,46852.244493878985,81697.27535990832
2021-09-13,13436.435406166322,16427.622302933923,164492.64673274744,35565.98851626148,31311.870161367708,70697.5321497982,46360.81532888215,33169.08940795566,47696.826062465254,83627.83901201686
2021-09-14,13408.888492474542,16298.93113233666,164492.64673274744,35281.78267430902,31018.833025944456,68917.00051358597,44889.94002813248,32348.388740585946,46609.88630463249,80893.6884070117
2021-09-15,13434.492687164171,16431.271030103868,164492.64673274744,35573.63952042673,30967.824278301778,71624.9649243607,46427.28081999316,33340.97059475962,48889.032508556586,83944.9843077079
2021-09-16,13460.361459363163,16533.675181089446,164492.64673274744,35880.27537774623,31225.089827287513,73938.11087469524,47631.77418576763,34003.76648500371,49860.913328060204,86515.5378730961
2021-09-17,13436.083756250024,16457.16272015826,164492.64673274744,35560.61653151598,30956.5739084209,73564.67804740074,46751.18637649896,33891.9092440809,49696.89313937823,84416.00105703347
2021-09-18,13404.277889334078,16348.431114952016,164492.64673274744,35168.806764014815,30627.360475867514,71788.9467508795,45477.12911987632,33694.072183642806,49406.79773103773,81563.10454928878
2021-09-19,13417.938022536551,16403.57650498048,164492.64673274744,35332.5143351282,30775.838845619983,72693.21836892638,46111.25799648861,34431.16131599234,50487.61733257639,82963.36194886347
2021-09-20,13386.240066999853,16278.234240575235,164492.64673274744,34955.19449704908,30439.24717771808,71006.87777920609,44640.76235136792,33653.16916270835,49346.82019935552,79833.16781979379
2021-09-21,13307.186189054717,15838.761492321426,164492.64673274744,34047.31496297452,29635.197226340304,65105.78239824014,40432.48896083095,30585.086986768463,44937.859605083446,70460.04123348807
2021-09-22,13289.652877550963,15625.658924068037,164492.64673274744,33864.03436185534,29635.197226340304,61764.32987039281,40077.740570794216,29504.356828200856,42560.7909004537,65904.6582557158
2021-09-23,13301.22846659922,16035.961688335447,164492.64673274744,33988.88826058424,29635.197226340304,66527.30708432692,40728.766627649005,30920.65870953688,45675.95045415231,74156.10553541865
2021-09-24,13304.426982153507,16102.74218781606,164492.64673274744,34023.84493903378,29635.197226340304,67834.72982995243,40910.85727958391,31445.441685607555,46830.21193122021,75642.18960736232
2021-09-25,13300.034442069054,15844.843935424233,164492.64673274744,33974.32680521831,29635.197226340304,64547.04314956135,40653.51563866572,30511.62850019229,44776.28747891912,70375.31155338878
2021-09-26,13299.598007523087,15825.76881586527,164492.64673274744,33968.509034072296,29635.197226340304,64449.008361665554,40623.62665427885,30445.961065222684,44631.85179037828,69952.7345104944
2021-09-27,13299.367111116939,15827.11139503745,164492.64673274744,33969.24403698991,29635.197226340304,65937.44884456336,40626.16181347818,30646.858895934787,45073.727074812545,70001.44536767084
2021-09-28,13294.520249953734,15706.583524408477,164492.64673274744,33915.38028941738,29635.197226340304,64822.82775664417,40345.93771808278,30238.941693962566,44176.51216209699,67663.02410274594
2021-09-29,13289.562338548825,15582.943756361215,164492.64673274744,33861.046962125896,29635.197226340304,63693.41419233334,40068.63954768011,29710.81969577479,43014.90649747617,65139.546202270896
2021-09-30,13290.943183051364,15696.405902169992,164492.64673274744,33875.5691652612,29635.197226340304,64337.816527402945,40172.16951978716,30079.225136028013,43825.215190815456,67269.0635902472
2021-10-01,13293.396478122062,15878.045241077518,164492.64673274744,33904.571857710645,29635.197226340304,66071.83883911479,40388.40461828333,31228.405247996143,46352.83974028015,70701.42758040696
2021-10-02,13318.500296349053,16276.664840782,164492.64673274744,34182.7122812247,29594.366510161803,69379.95140276899,41467.69752646289,33187.39549201792,50794.84917854038,78411.30942836269
2021-10-03,13325.857344942882,16321.4757062903,164492.64673274744,34279.837266434166,29678.583788855172,69796.29284596028,41614.13287742787,32817.91800593877,50229.34673696523,79456.10094170028
2021-10-04,13369.021245476475,16447.649907149767,164492.64673274744,34895.31763242563,30209.821269127184,70040.90901196611,42382.06425891891,33216.98568029698,50840.138335116746,82451.98752875588
2021-10-05,13354.785163896902,16389.914883639518,164492.64673274744,34680.20297798088,30023.541343531957,70353.41230044432,42269.32340334446,33922.35179008444,51919.73390539658,81096.3837593375
2021-10-06,13383.154952915247,16573.716587450228,164492.64673274744,34949.72152465586,30257.038790977676,72370.82422369166,42567.504384897606,35510.62513933374,54350.659985414444,84675.83078096506
2021-10-07,13390.28840011249,16577.271671498478,164492.64673274744,34918.49822032713,30229.98640478699,74780.432464129,42706.823790602655,38254.5153011033,58550.311234428176,84217.52287812694
2021-10-08,13377.175735311801,16554.22221014583,164492.64673274744,34767.467585325285,30099.232660735004,74170.2114824859,42519.73290677447,37230.054998792955,56982.327191878896,83669.69811694496
2021-10-09,13368.614281414844,16532.94597287333,164492.64673274744,34632.36527827581,29982.26058857437,74086.7141710578,42402.131984537176,37336.41972963392,57145.12334930204,83137.65342764423
2021-10-10,13392.663019975313,16653.275280970225,164492.64673274744,34927.75066186924,30238.040073875192,74558.90109201452,42717.882987730045,37963.41182722277,58104.763856217454,85593.07451193786
2021-10-11,13337.8039734559,16465.671375505088,164492.64673274744,34225.08595561284,29629.712443857417,73264.29653280452,41214.1563798734,37836.253991104626,57910.14288606496,81474.74516592734
2021-10-12,13352.889063920129,16498.80546560894,164492.64673274744,34325.479074705814,29716.625802739454,76529.00182326618,41571.283135115635,39798.003500524836,60912.69156395208,81873.33126634017
2021-10-13,13335.134787711455,16418.403332865964,164492.64673274744,34164.39623455824,29577.17149014486,75177.27872274061,40841.156110891214,38839.121453319436,59445.07808462609,80318.7336995259
2021-10-14,13355.601366317233,16536.75172522835,164492.64673274744,34388.009156047956,29770.76007830981,76824.8130869463,41866.1209674892,39533.29127564995,60507.537217282435,82820.22222639299
2021-10-15,13359.26118233944,16589.75851040656,164492.64673274744,34399.64788547233,29780.83608353036,78883.89962877691,42281.87781893587,39574.877486204314,60571.18684274111,83797.01456055017
2021-10-16,13374.955472595266,16624.56727242373,164492.64673274744,34463.80498765785,29836.37879950497,82414.04404515441,42637.44027546355,42453.92283227556,64977.69937449554,84097.49693308111
2021-10-17,13366.15226323369,16615.165345925532,164492.64673274744,34397.248746028505,29778.759022373742,81384.47237597963,42494.86934047489,41853.32198369236,64058.45189912122,84060.48908333719
2021-10-18,13360.22318225882,16584.725347172844,163511.57726913263,34288.742765810304,29684.822033715987,82325.22644553462,42217.56574428599,42471.51699827932,65004.6280621896,83241.85006886015
2021-10-19,13350.668939078945,16542.746422466025,161652.7924002985,34183.3972631752,29593.62117789942,81373.85712157807,41905.10373386473,42715.43611787703,65377.957596129905,82326.08504660781
2021-10-20,13371.614789716137,16577.094494112374,162704.81483406326,34373.43996203285,29758.14697097592,84106.02268061056,42250.81845377112,44141.363299000644,67560.40533060717,82909.49498886823
2021-10-21,13417.933544376645,16784.00083878518,171156.01064342423,34828.626631726045,30152.21608318567,88111.28310665203,44026.17816134309,45262.591514331725,69276.49715547376,87251.93831717562
2021-10-22,13382.049183463661,16705.127910697225,168385.29496789185,34505.941071985304,29872.85729827964,84668.7611062094,43188.86697503688,42801.807478259165,65510.152972082535,85816.36645145288
2021-10-23,13370.233088480887,16711.60592982594,169314.69653564165,34438.990287558365,29814.895965230455,82682.89115044186,43236.66205167982,41659.78615765091,63762.23633448661,86214.52187155206
2021-10-24,13403.894408736316,16795.076154391543,172561.4925826746,34769.49822549507,30101.026867723747,85304.04011551003,44092.41861830183,42184.41219849056,64565.20084027298,87877.86849617715
2021-10-25,13371.07339706915,16694.87559539595,168226.40723430412,34404.96774202629,29785.44159370489,84106.21726698671,43170.09426529983,41866.11774078601,64078.036399262346,85693.8598119137
2021-10-26,13421.81593152554,16860.66609710876,175259.1315021785,34930.46208871846,30240.378219423343,87174.20761851294,44736.273236016496,43454.391090035315,66508.9624792802,89306.59324772957
2021-10-27,13403.904270546374,16889.521794786553,177123.54612130634,34804.50705327603,30131.335101817323,84464.88624264085,44557.37953064724,41634.194643463605,63723.06733420435,90199.54833290141
2021-10-28,13295.258062505667,16539.766492303268,162055.85249552745,33626.462454666456,29111.465592093555,81007.88755415389,41021.55635436428,40344.222381460015,61748.7049137266,82695.90461637406
2021-10-29,13339.22032151882,16718.085432261996,169489.49676991955,34064.953677581696,29491.080940166215,85678.43310007526,42726.31044329572,41509.43601180052,63532.11845782833,86560.5148328304
2021-10-30,13381.555084605976,16904.26278432695,177627.9806034735,34513.56877235548,29879.46083393733,88959.29630856421,44536.03760945877,43049.725271948635,65889.60266231695,90742.60751904384
2021-10-31,13392.955584705027,16886.4988214386,177884.0175397246,34675.152028216624,30019.34844162741,87875.10197266263,44471.426777051165,42844.193423631885,65575.02662880003,90966.8280616439
2021-11-01,13388.921566627336,16980.087543443904,182035.26914762027,34633.55603471324,29983.337507390966,87081.09670076027,45449.15655562631,42475.51567237109,65010.7482184837,92937.56388274205
2021-11-02,13389.204114056965,17013.329648020306,183663.00050986637,34642.409869185736,29991.00254500337,86828.11520020184,45841.42882337355,42042.0594008237,64347.32327620289,93779.87712601149
2021-11-03,13460.810148846942,17186.269562542606,191150.35907649586,35444.167029960416,30685.10844431093,91342.16100637204,47512.184683182495,43722.30225418361,66919.01295098514,97653.16502424791
2021-11-04,13452.158860693573,17181.078613669546,190574.5856897536,35343.17776301518,30597.678921575498,90992.67425231267,47333.135053641796,43358.42291183294,66362.07872822172,97480.78713993839
2021-11-05,13436.961535990295,17156.1363621492,189921.47658744748,35194.51919272164,30468.98061281751,89512.21643724249,47166.66596688017,42741.82736688268,65418.35062767099,97175.56192125707
2021-11-06,13434.530011990204,17152.24157470462,189811.90846959836,35169.536489986145,30447.352316615186,88777.19660154218,47111.5960877047,42230.79681795504,64636.194653284576,97131.77620382102
2021-11-07,13473.50831578206,17207.973330354485,193368.53417576596,35646.90133681496,30860.621785781477,89677.45551505651,47744.85287516181,42636.26237086007,65256.778501506655,98976.28232974566
2021-11-08,13474.651115983379,17227.072753466877,193214.01684673992,35581.60303121715,30804.0910289864,91770.80676129909,47925.20339511906,43806.27441011069,67047.5362331613,98968.21884403426
2021-11-09,13546.430103271145,17425.177912912917,201578.80200576346,36293.41562283656,31420.32914094305,96465.8013081858,49903.160308475046,46590.15131279791,71308.38904511607,103310.80258939146
2021-11-10,13560.809958800926,17492.46761498848,204060.06616820273,36376.485936991485,31492.24567362149,95283.06288536993,50434.56391824202,46211.07700889853,70728.19822843508,104493.14367460519
2021-11-11,13481.56101231922,17316.161303592875,195552.9599252481,35442.024232044074,30683.253358174574,93764.24607690061,48518.85701292668,45240.19893941784,69242.22428022677,100003.26894391382
2021-11-12,13510.68773987987,17375.319719098698,198366.6394933753,35768.72748337791,30966.0904379785,94853.34881198456,49118.283524166385,45322.57162570821,69368.29949988531,101526.55516413265
2021-11-13,13482.313520695494,17320.364100010695,195876.74558697484,35495.34430792903,30729.414192214696,93830.30941714875,48555.25669430421,44837.13259096786,68625.31252578116,100219.21455249822
2021-11-14,13491.992601369604,17344.420658989977,197051.6917636387,35600.66125735453,30820.590323139902,93855.21589998977,48760.51634903494,45050.66178746815,68952.12887188628,100805.8759403801
2021-11-15,13511.888561680313,17366.96039597712,198005.25645275856,35783.00405828358,30978.450109077516,94448.11241171254,49039.29857015022,45804.01198635679,70105.16631769536,101373.13033592196
2021-11-16,13490.81660826193,17332.373190937156,196843.65717003602,35593.92080374658,30814.754904547735,93063.03146289702,48688.00343511563,44797.94558486856,68565.33499409894,100602.39161689609
2021-11-17,13366.307272595111,17016.392129866163,182619.602895469,34282.433844983825,29679.360199737144,87279.96431304881,45345.8530413154,42505.105860650154,65056.03737506006,92985.04657322014
2021-11-18,13375.791480781927,17047.937726871227,183957.9133963363,34383.92457729933,29767.223856527755,88330.52347864848,45694.60388541298,42711.43744378526,65371.8374398358,93747.98512426647
2021-11-19,13298.79439918266,16742.585174532636,170900.55424749895,33589.108779527545,29079.127309436954,82383.60364015934,42598.79494294012,40057.11758167125,61309.27769180998,86890.55810284262
2021-11-20,13362.753797770763,17034.432125803232,184143.7180640244,34346.83048359729,29735.11035567785,87076.30756951065,44953.42468138352,41268.71583147623,63163.685048923304,94001.50446367652
2021-11-21,13380.904501843244,17122.756695277698,187933.65970949485,34528.498052684634,29892.38557259876,89542.25444686195,45515.663518316724,42453.92283227556,64977.69937449554,96037.30022640782
2021-11-22,13359.655350982835,17074.327068058126,185459.4464932641,34262.81823381192,29662.37836022465,87055.0647684704,45003.68502621437,41684.57793701985,63800.18130351006,94587.03121074499
2021-11-23,13338.837100974451,16909.93302141162,178869.82473946473,34123.51459938712,29541.778907981607,84260.03753699789,43797.7027154504,40067.51413430984,61325.19009817465,91290.16458278909
2021-11-24,13367.113190064249,16991.381829437178,182554.5319729591,34450.10929910161,29824.52201122661,87404.21873168666,44715.26733296081,40943.22376040651,62665.50432658329,93368.35593528896
2021-11-25,13374.469894278718,16906.138263694156,179548.6703366964,34649.748923110325,29997.35619032292,86738.71208823798,44231.63158028033,40820.86433319848,62478.227543983725,92147.02125718306
2021-11-26,13387.992443786337,17027.059875313942,184010.59835245355,34745.0121471685,30079.82850116866,90268.90495230594,45290.40862023627,42108.43739074701,64448.917870685014,94413.37721155661
2021-11-27,13297.354112512574,16601.668879327848,165679.64194165455,33839.18405438315,29295.625186830504,82212.71633878644,41831.35921373223,38076.17443661056,58277.35226371117,84605.8246172209
2021-11-28,13296.505816945952,16619.961125232818,165943.10545669677,33806.99402761623,29267.757287965043,83198.02187062053,41768.346010682886,38761.54717593919,59326.34705252048,84667.34245772999
2021-11-29,13321.40050265289,16721.99987008137,168986.5919845997,34051.17770098758,29479.154624270064,86616.98064820137,42121.27383303523,40644.122938342436,62207.71663578435,86879.3676368675
2021-11-30,13323.326195285408,16824.48400787732,168986.5919845997,34026.2350593033,29457.561010169404,88344.76419257274,42262.40336248027,40976.81262277734,62716.913639453756,89016.49781774246
2021-12-01,13313.45205629584,16763.974733136063,168986.5919845997,33908.092147887844,29355.281048402412,89535.16718722413,42279.418493462435,40242.656059529174,61593.25294385638,87424.95160342
2021-12-02,13312.334445765715,16759.294885447554,168986.5919845997,33902.501259523284,29350.44084393039,89287.28213640126,42202.10047146094,40487.37491394523,61967.8065090555,87327.3499058078
2021-12-03,13299.670281277162,16749.00794188933,168986.5919845997,33714.43617604157,29187.62710150813,88262.06663713948,42036.610708707274,39986.74091765617,61201.56294103376,86737.75018499228
2021-12-04,13245.346158316097,16518.23526862327,168986.5919845997,33090.71934348165,28647.65620504594,83854.84725425593,41013.917752116446,37983.4051976816,58135.36463768797,81397.85114487464
2021-12-05,13220.580422933834,16231.592960784776,168986.5919845997,32843.667802354124,28433.776067183524,81605.92558562694,39943.25237508689,35378.94560255262,54257.63360974407,74746.30435880012
2021-12-06,13204.563613697323,16055.14302127049,168986.5919845997,32553.853047241562,28182.874496219345,81909.98992859063,39482.59908843296,35272.847449984445,54014.05138923875,70575.77508603343
2021-12-07,13223.600622401842,16187.451554061281,168986.5919845997,32865.89524876195,28453.019053000724,83216.35306086256,39872.856187478814,35639.65915333574,54856.18489530738,73537.89070053495
2021-12-08,13221.810246586376,16180.61704546831,168986.5919845997,32850.67134437211,28439.839249487493,83042.21514471209,39808.462000473104,35706.8368780774,55010.41283391879,73432.89988468548
2021-12-09,13227.645871917752,16295.138587568295,168986.5919845997,32936.85394235096,28514.45018230307,83454.51915613795,39968.90151249817,35500.5052949423,54536.71273675518,75723.40241466474
2021-12-10,13203.741649483542,16008.960833686933,168986.5919845997,32684.594739602508,28296.061611178822,79926.52322691606,39496.517140831245,34218.263802849455,51592.91755929146,70125.70712642149
2021-12-11,13189.596086267653,15829.733994784174,168986.5919845997,32495.21897376477,28132.11317062141,78342.09903506837,39118.393295944035,34006.60065425866,51106.97714953965,66558.62495876166
2021-12-12,13201.64712912025,16034.59880773192,168986.5919845997,32640.397374724183,28257.798589421556,80795.96329665769,39177.95446259469,35073.44690194173,53556.26369843982,70250.65067514182
2021-12-13,13204.86520982705,16069.500255367928,168986.5919845997,32675.867595600652,28288.506253484054,81388.13923761761,39186.891313296095,35366.683002004545,54229.480890791194,70925.79849402585
2021-12-14,13179.733160984071,15700.840666819811,168986.5919845997,32353.141262480334,28009.112114493626,77402.42161883893,39020.14145230467,33827.460054947565,50695.702646575905,63884.4179063082
2021-12-15,13186.620492154323,15829.022333206227,168986.5919845997,32439.21522567109,28083.62899882302,78920.45458610573,39066.752212549705,34665.58214458164,52619.879785442005,66162.8269326152
2021-12-16,13193.858313374092,15924.628914053745,168986.5919845997,32512.445696852697,28147.026876045577,80077.47944638412,39088.478927428565,34831.92698679909,53001.77753819406,67915.39566899261
2021-12-17,13185.86870712425,15796.02583451569,168986.5919845997,32400.444723005152,28050.06417903951,78788.52100126515,39023.51283909622,34168.680244111565,51479.082652221136,65544.12164748888
2021-12-18,13182.134225060083,15731.997045921864,168986.5919845997,32359.537171052663,28014.649249785158,77891.63639606138,39009.01052448496,33657.383116911136,50305.23667501211,64399.473516804326
2021-12-19,13185.09452678383,15828.053771549332,168986.5919845997,32381.919059977794,28034.025941252366,78802.25878587704,39013.55922094975,33981.542296616935,51049.44768037508,66083.83731355768
2021-12-20,13180.777445148076,15784.995178978223,168986.5919845997,32328.20333018944,27987.522577460033,78484.27592788413,38995.524977318775,33897.83671896264,50857.27477274023,65257.55843434083
2021-12-21,13182.58222188822,15787.023019983504,168986.5919845997,32339.150297201806,27996.99970439109,78607.70787704851,38983.87046777893,33938.88977297143,50951.52517966943,65272.05320052408
2021-12-22,13200.49971874449,15952.256622818104,168986.5919845997,32608.026105195087,28229.7737831076,80123.07247073775,38983.87046777893,34853.25324862184,53050.738788546885,68478.15845950841
2021-12-23,13201.574987385626,16042.768985777831,168986.5919845997,32568.594831274546,28195.63691327176,79549.43879449711,38983.87046777893,34641.05694348548,52563.574347536254,69741.61089325402
2021-12-24,13235.934302986576,16311.769510811628,168986.5919845997,32924.52166454791,28503.77374909954,81646.71100958729,38962.392943519975,35667.383293705316,54919.83452076605,74446.65652849204
2021-12-25,13207.75863387886,16187.643480745748,168986.5919845997,32645.221037519124,28261.97458305783,81284.68001621611,38668.047514488586,35714.301069715366,55027.54927154227,72212.64885135664
2021-12-26,13227.035341282448,16286.99210488051,168986.5919845997,32860.09913308528,28448.001176915684,81437.51629745067,38675.96335523024,35541.02519240553,54629.73911242555,74108.36885263583
2021-12-27,13231.704276015478,16314.12683305093,168986.5919845997,32939.71797191893,28516.929661022536,81308.18598079377,38649.60040144178,35679.6458942534,54947.98723971893,74705.70191277994
2021-12-28,13244.758612835887,16397.73215412131,168986.5919845997,33026.42134879007,28591.991448185225,81072.71389274999,38737.56962433779,35609.80238678389,54787.63914481342,75803.02228813093
2021-12-29,13169.399374435425,16112.648143519807,168986.5919845997,32321.359728986903,27981.597860852336,77828.98991304854,37318.985712846974,34175.078122658386,51493.771027326984,70703.4788058554
2021-12-30,13137.848764937893,15938.081816206704,168986.5919845997,31972.178412520552,27666.04809265771,75970.78892227914,36202.16636508737,33510.38814546196,50114.28779863608,67383.85121902528
2021-12-31,13139.127875468528,15971.547427774174,168986.5919845997,31986.3977434335,27653.752071283194,76993.2680639353,36253.48222774829,33632.48218140949,50958.86936722235,67847.88284763318
2022-01-01,13137.113355765388,15877.884190007915,168986.5919845997,31998.83176822392,27649.6405474269,76168.54940837926,35647.94985105599,33052.738038463955,49792.36757756625,66279.53098654367
2022-01-02,13139.896797401376,16001.98357383659,168986.5919845997,32015.868627979587,27638.58069120793,77495.41842786208,36376.08750715559,33351.953692063835,51436.241558162415,68549.79761374397
2022-01-03,13141.60972087331,16035.442160718154,168986.5919845997,32029.07770138811,27650.69405748002,77665.7747943843,36671.75099068245,33154.736390987346,50980.901929881125,69225.88072671485
2022-01-04,13137.506433777084,16006.700680638689,168986.5919845997,31984.00149883978,27605.649825078042,77184.90727924215,36489.995545888196,32814.51102591802,50345.62970655319,68734.72348559814
2022-01-05,13136.068822850522,15979.470100286131,168986.5919845997,31973.420504621285,27605.649825078042,77185.7055135748,36201.143442279346,32617.379528595116,49738.510202178135,68222.171593456
2022-01-06,13122.874970081673,15761.581834613517,168986.5919845997,31779.196179410334,27605.649825078042,74784.5286139918,35359.999002141594,32617.379528595116,47064.00190165496,64019.33084589559
2022-01-07,13122.299901537383,15767.603413384586,168986.5919845997,31787.316272285905,27605.649825078042,73835.66165576392,35450.67933754393,32617.379528595116,46732.28943051456,64228.17349750207
2022-01-08,13117.32760425054,15581.305991535912,168986.5919845997,31724.666186211052,27605.649825078042,71807.51320952966,34776.40140027124,32617.379528595116,44776.28747891912,60789.62374878706
2022-01-09,13113.379283327291,15459.222664024155,168986.5919845997,31689.052274486003,27605.649825078042,71057.99744101554,34535.74852596488,32617.379528595116,44926.84332375406,58447.93666285106
2022-01-10,13122.763742181374,15538.46067896224,168986.5919845997,31779.557940834406,27605.649825078042,71357.04373900514,34733.28677539396,32617.379528595116,45178.99376307112,59933.466918775615
2022-01-11,13124.54611289704,15431.369632285607,168986.5919845997,31798.557101570124,27605.649825078042,71357.04373900514,34786.10226524131,32617.379528595116,45214.490669576924,57984.50530216947
2022-01-12,13120.092965297446,15546.938838505446,168986.5919845997,31750.767915412896,27605.649825078042,71357.04373900514,34656.038923117216,32617.379528595116,46070.08851949257,59681.94967425402
2022-01-13,13119.48096267394,15732.458892540046,168986.5919845997,31743.399551668357,27605.649825078042,71357.04373900514,34654.99924812022,32617.379528595116,47082.362370537274,62729.57962942261
2022-01-14,13097.879757612656,15536.034175586003,168986.5919845997,31545.201563187456,27605.649825078042,71357.04373900514,34477.11085613435,32617.379528595116,45520.49848428209,59315.38130279336
2022-01-15,13104.674913330144,15637.525823787471,168986.5919845997,31606.088737893737,27605.649825078042,71357.04373900514,34567.45861337323,32617.379528595116,46207.18002048049,60963.752880831504
2022-01-16,13105.099385317928,15649.136169765665,168986.5919845997,31609.28550276342,27605.649825078042,71357.04373900514,34511.21219603579,32617.379528595116,46268.38158342152,61026.45811028099
2022-01-17,13108.657818549042,15683.114698313257,168986.5919845997,31641.82305295304,27605.649825078042,71357.04373900514,34547.91272342972,32617.379528595116,46225.5404893628,61618.65731293675
2022-01-18,13106.561125924427,15607.30748722572,168986.5919845997,31612.386102238677,27605.649825078042,71357.04373900514,34377.95090158527,32617.379528595116,45317.30929531786,60467.153348187865
2022-01-19,13092.524626092354,15538.214490466433,168986.5919845997,31458.886960909684,27605.649825078042,71357.04373900514,34118.281895316395,32617.379528595116,45795.905517516745,59033.260500726734
2022-01-20,13081.060691613635,15404.837462186008,168986.5919845997,31336.21351676138,27605.649825078042,71357.04373900514,33793.21332558394,32617.379528595116,44994.1650429892,56627.20202789346
2022-01-21,13080.284298803967,15264.856552119078,168986.5919845997,31330.67408332687,27605.649825078042,71357.04373900514,33562.707812457425,32617.379528595116,44034.52453607379,54188.457920759574
2022-01-22,13075.566584034423,14792.350698757296,168986.5919845997,31297.013973903577,27605.649825078042,71357.04373900514,33067.36656504231,32617.379528595116,39384.42978381405,46655.1842406992
2022-01-23,13075.566584034423,14553.857148578543,168986.5919845997,31297.013973903577,27605.649825078042,71357.04373900514,33067.36656504231,32617.379528595116,37919.2643670057,42960.329548966045
2022-01-24,13075.566584034423,14685.776311448748,168986.5919845997,31297.013973903577,27605.649825078042,71357.04373900514,33067.36656504231,32617.379528595116,39178.79253233217,44894.14645904101
2022-01-25,13075.566584034423,14588.642559156018,168986.5919845997,31297.013973903577,27605.649825078042,71357.04373900514,33067.36656504231,32617.379528595116,39706.35000488388,43461.467551893686
2022-01-26,13075.566584034423,14632.80240264914,168986.5919845997,31297.013973903577,27605.649825078042,71357.04373900514,33067.36656504231,32617.379528595116,40074.78341378891,44008.82716039783
2022-01-27,13075.26016440238,14670.760159009253,168986.5919845997,31294.232017105896,27605.649825078042,71357.04373900514,33067.36656504231,32617.379528595116,40147.001258059325,44510.33678222595
2022-01-28,13074.900680814013,14655.753444302147,168986.5919845997,31275.565042444217,27605.649825078042,71357.04373900514,33067.36656504231,32617.379528595116,40854.49132565768,44265.35980073643
2022-01-29,13074.855945888914,14735.443495111125,168986.5919845997,31275.93747833725,27605.649825078042,71357.04373900514,33067.36656504231,32617.379528595116,41459.16276751509,45344.56511745438
2022-01-30,13079.674273732073,14802.225513253463,168986.5919845997,31324.075918961185,27605.649825078042,71357.04373900514,33067.36656504231,32617.379528595116,41998.96055265501,46300.27902375696
2022-01-31,13078.23579986144,14786.734117356817,168986.5919845997,31318.578735122475,27605.649825078042,71357.04373900514,33067.36656504231,32617.379528595116,41653.783737667574,46213.74168748253
2022-02-01,13080.224681768492,14812.9164094794,168986.5919845997,31342.538374289314,27605.649825078042,71357.04373900514,33067.36656504231,32617.379528595116,41975.70395873742,46540.521056632795
2022-02-02,13080.563022004892,14841.75151463434,168986.5919845997,31341.023598444186,27605.649825078042,71357.04373900514,33067.36656504231,32617.379528595116,42077.29855321953,46840.28544186227
2022-02-03,13054.22537609919,14644.065634229633,168986.5919845997,31088.364390192735,27605.649825078042,71357.04373900514,33067.36656504231,32617.379528595116,40019.702007141976,44114.00688353596
2022-02-04,13053.905759694957,14661.685394220312,168986.5919845997,31084.000847081188,27605.649825078042,71357.04373900514,33067.36656504231,32617.379528595116,39963.396569236225,44475.87445664414
2022-02-05,13055.58897998407,14966.214651904302,168986.5919845997,31115.740504134777,27605.649825078042,71357.04373900514,33067.36656504231,32617.379528595116,44437.23082022579,48345.83101950458
2022-02-06,13061.354902178358,15028.30394283299,168986.5919845997,31175.155522319055,27605.649825078042,71357.04373900514,33067.36656504231,32617.379528595116,44286.67497539085,49267.505758042666
2022-02-07,13079.679982525244,15163.496613159437,168986.5919845997,31335.133832399682,27605.649825078042,71285.68669526614,33067.36656504231,32617.379528595116,45313.637201541394,51195.380049177475
2022-02-08,13133.321403538874,15459.675174314278,168986.5919845997,31816.739130277965,27605.649825078042,71717.45270816557,33031.818993059474,32617.379528595116,46958.73521339639,54892.51559872208
2022-02-09,13127.8799654089,15412.985346609643,168986.5919845997,31747.81343484208,27605.649825078042,71805.47643400964,33201.2888214149,32617.379528595116,47294.11977831325,54232.363016128365
2022-02-10,13144.210603647538,15506.447855016588,168986.5919845997,31910.48409141577,27605.649825078042,71892.2151419582,33145.35130001082,32617.379528595116,47624.60821819483,55462.02123952943
2022-02-11,13094.754368558533,15303.916268454357,168986.5919845997,31398.02730804222,27605.649825078042,71654.80808575828,32414.762468143832,32617.379528595116,46720.049117926355,52443.49608462228
2022-02-12,13046.773335385658,15066.902744569656,168986.5919845997,30940.064975126603,27605.649825078042,71392.02192612157,31506.44492242205,32617.379528595116,45718.79154821104,49080.3115263833
2022-02-13,13053.830608095184,15077.847503586374,168986.5919845997,30997.83547961072,27605.649825078042,71369.21285847585,31675.81044853658,32617.379528595116,45631.885328834775,49158.19978566923
2022-02-14,13049.087486936629,15001.533662638325,168986.5919845997,30959.624611636937,27605.649825078042,71207.94311258632,31426.683041384324,32617.379528595116,45289.156576364985,48194.600208053795
2022-02-15,13051.695569832458,15048.49060074423,168986.5919845997,30975.94195368918,27605.649825078042,71207.94311258632,31579.854575403584,32617.379528595116,46088.44898837488,48838.56669243095
2022-02-16,13064.923239554397,15273.863606565563,168986.5919845997,31072.86955541539,27605.649825078042,71207.94311258632,32372.802182030635,32617.379528595116,48083.61994025258,51839.89222148163
2022-02-17,13057.413046541664,15223.262031328133,168986.5919845997,31015.288352455125,27605.649825078042,71207.94311258632,32103.978750568585,32617.379528595116,47269.639153136835,51182.541830451235
2022-02-18,13024.363321683359,14912.928463824806,168986.5919845997,30760.663630455154,27605.649825078042,71207.94311258632,31016.995893506486,32617.379528595116,43688.12368982754,46942.678610200426
2022-02-19,13025.42030270689,14869.453222530583,168986.5919845997,30770.323572081616,27605.649825078042,71207.94311258632,30880.59279586163,32617.379528595116,43264.60887427559,46340.69019039079
2022-02-20,13028.159708449011,14882.713755551087,168986.5919845997,30792.999331553485,27605.649825078042,71207.94311258632,31003.58669105664,32617.379528595116,43324.5864059578,46513.60214225502
2022-02-21,13023.210311090947,14694.56614622555,168986.5919845997,30755.96332626103,27605.649825078042,71065.52722636116,30354.962422490396,32617.379528595116,41536.27673682079,43942.297301942795
2022-02-22,13017.54368137515,14452.467651704634,168986.5919845997,30708.80416815456,27605.649825078042,70417.93393771217,29994.555172572025,32617.379528595116,40090.695820153574,40959.44197737251
2022-02-23,13017.54368137515,14572.790855614017,168986.5919845997,30708.80416815456,27605.649825078042,71069.45058206527,30041.893874862875,32617.379528595116,41309.83095393897,42336.767707614155
2022-02-24,13017.54368137515,14468.012324398213,168986.5919845997,30708.80416815456,27605.649825078042,70547.42538190247,29957.416062485117,32617.379528595116,40330.605946882424,41069.8024657449
2022-02-25,13017.54368137515,14466.047936812212,168986.5919845997,30708.80416815456,27605.649825078042,71199.67690651938,29976.538977742337,32617.379528595116,41934.086895937515,40952.75602469697
2022-02-26,13016.989802442504,14655.693519854682,168986.5919845997,30704.709660932138,27605.649825078042,72086.66168944127,30195.822275296403,32617.379528595116,42609.752150806526,43168.12446377729
2022-02-27,13016.986054519408,14652.94825959178,168986.5919845997,30705.478934772163,27605.649825078042,72128.08183747737,30139.71398533266,32617.379528595116,42525.2939939479,43152.65686593511
2022-02-28,13006.793234948402,14491.657145532306,168986.5919845997,30618.44436345794,27605.649825078042,71055.4749957553,30059.224878741537,32617.379528595116,41307.38289142132,41292.73498649044
2022-03-01,13004.264234349324,14899.68640634638,168986.5919845997,30595.31042771665,27605.649825078042,72390.13365526129,30231.369286323235,32617.379528595116,47155.80424606651,45818.78218966823
2022-03-02,13012.3135838486,14976.348983657474,168986.5919845997,30666.751894927474,27605.649825078042,72735.81885224368,30233.78719784736,32552.14476953793,48843.74335198022,46717.932207084414
2022-03-03,13006.500242119928,14922.32329275974,168986.5919845997,30616.236333146015,27605.649825078042,72622.9523823651,30127.37220081364,32384.806866520346,48382.283567404826,46105.831418551956
2022-03-04,12992.985056796508,14837.043922785033,168986.5919845997,30495.35396134521,27605.649825078042,72153.26590681654,29926.69442428901,32384.806866520346,46973.42358850223,45103.55712430644
2022-03-05,12956.525059572237,14607.001026170336,168986.5919845997,30172.62366721596,27605.649825078042,71347.00453230269,29564.736014823284,32384.806866520346,43865.60822235654,42377.18170615121
2022-03-06,12958.35280959943,14708.112159522705,168986.5919845997,30189.81092702544,27605.649825078042,71543.38206733807,29765.325137948435,32384.806866520346,44128.77494300298,43619.39438296458
2022-03-07,12955.687270464294,14552.373335503109,168986.5919845997,30165.12618983228,27605.649825078042,70989.37877138586,29550.248310875057,32384.806866520346,43234.00809280507,41664.674238618805
2022-03-08,12955.687270464294,14481.500933108922,168986.5919845997,30165.12618983228,27605.649825078042,70989.37877138586,29469.81568550421,32384.806866520346,42788.460714594345,40840.63494567686
2022-03-09,12955.687270464294,14533.470790445073,168986.5919845997,30165.12618983228,27605.649825078042,70989.37877138586,29528.599300111302,32384.806866520346,43502.070938486795,41469.91136577078
2022-03-10,12954.60602601283,14724.606593595872,168986.5919845997,30155.741483906553,27605.649825078042,70989.37877138586,29852.018420476918,32384.806866520346,46443.41805343288,43728.92708150457
2022-03-11,12949.961006614729,14584.424370493696,168986.5919845997,30128.153554772634,27605.649825078042,70989.37877138586,29572.454000278405,32384.806866520346,43852.14387850951,42148.51741825878
2022-03-12,12942.600485212271,14582.357564021862,168986.5919845997,30043.914028547086,27605.649825078042,70989.37877138586,29610.043740452107,32384.806866520346,43453.10968813397,41933.00909694126
2022-03-13,12939.288474810703,14576.035316728097,168986.5919845997,30011.641549767523,27605.649825078042,70989.37877138586,29540.118065865045,32384.806866520346,43575.51281401604,41824.304195914025
2022-03-14,12932.351449774385,14503.490601113685,168986.5919845997,29944.791606577543,27605.649825078042,70989.37877138586,29334.27716594431,32384.806866520346,42352.70558645418,40998.78225468637
2022-03-15,12938.68513267568,14623.20206585494,168986.5919845997,30010.80052047113,27605.649825078042,70989.37877138586,29564.87028642927,32384.806866520346,44365.012975955375,42438.62508556608
2022-03-16,12930.762002070252,14603.937732013299,168986.5919845997,29939.138401327407,27605.649825078042,70989.37877138586,29350.46832306956,32384.806866520346,43877.848534944744,42127.833706620026
2022-03-17,12938.52471745664,14758.55285866447,168986.5919845997,30001.443331736737,27605.649825078042,70989.37877138586,29581.192238908938,32384.806866520346,45668.60626659939,43917.11847476099
2022-03-18,12926.734363361435,14700.453400953114,168986.5919845997,29893.605400153203,27605.649825078042,70989.37877138586,29424.52120997318,32384.806866520346,45178.99376307112,43191.506739349934
2022-03-19,12940.705392264523,14801.798739540785,168986.5919845997,30018.520942337367,27605.649825078042,70989.37877138586,29587.218153453272,32320.037252787304,46231.660645656906,44405.749993738464
2022-03-20,12965.063802862742,14972.060611146742,168986.5919845997,30245.024145203075,27605.649825078042,70989.37877138586,29769.182665821376,32440.647865245795,46748.20183687923,46591.80404792057
2022-03-21,12930.526309176725,14834.958978737222,167978.71966660023,29907.131930791205,27605.649825078042,70847.40001384309,29150.29947158019,32140.210259297357,45735.92798583453,44825.8165733059
2022-03-22,12943.854884054485,14890.919684045048,170302.79763369367,30016.41307968888,27605.649825078042,70939.892212111,29309.57870360052,32140.210259297357,45576.80392218784,45437.18380364596
2022-03-23,12964.132071351562,14988.768201280167,174364.5234018803,30180.268653170635,27605.649825078042,71633.43774204898,29604.30754209849,32075.92983877876,47004.02436997275,46514.852214036444
2022-03-24,13026.555135975039,15210.42512196179,186367.8645855274,30836.004649131522,27605.649825078042,72114.48694112751,30940.849839615985,32240.532531876903,47726.202812676944,49742.11407992795
2022-03-25,13064.437291234859,15360.558287205757,192355.06682013324,31142.136367313575,27605.649825078042,72731.67782279204,31923.631702683484,32444.643114270642,48898.824758627154,51273.75073997568
2022-03-26,13046.247278375635,15307.463190704533,189716.98860203748,30969.098818010607,27605.649825078042,72883.72234961399,31532.011524940215,32694.187770824865,49461.879137684664,50606.56996800113
2022-03-27,13087.73128730869,15419.789410032721,195085.29399112373,31344.298487390108,27605.649825078042,73102.1154413793,32453.117907167263,32781.528400618845,49658.94817035479,52040.51440247752
2022-03-28,13210.60171662127,15745.677414567344,210819.1326463194,32479.09368921337,27523.446334487802,74221.9380904252,35098.35671131997,33852.162958387926,52219.62156380765,56207.46291529668
2022-03-29,13177.563439363223,15667.201158427632,206369.21530655638,32132.827171775803,27242.20030712707,74524.4194870427,34412.709174342024,34003.72085827663,52453.4115342424,54920.90488024601
2022-03-30,13190.242376399634,15692.413789499125,208592.6722276519,32291.511715203807,27397.0550273876,74622.11995448484,34633.683947365505,33962.45902165772,52389.76190878372,55525.75362889198
2022-03-31,13262.241306353499,15871.0619677076,218081.62137473264,33002.36662296778,27869.755588826964,73960.33455056482,36201.075233592324,33420.97200473911,51657.791216008955,58080.86314555434
2022-04-01,13195.701442960833,15712.631838094077,209482.0658372094,32344.88962843534,27869.755588826964,72728.92367783286,34918.935395608685,32846.48027950652,50328.493268929706,55699.84473322283
2022-04-02,13235.11932395733,15815.87095556083,213822.73545289965,32728.005579780474,27869.755588826964,74021.21017749664,35760.80879757155,33222.59779022509,51198.7794939512,57116.66681662213
2022-04-03,13220.285937483372,15782.382115554337,212578.9534207381,32555.949637024038,27869.755588826964,73671.73581060002,35481.920656802904,33030.57155057552,50754.4561469993,56557.8950231598
2022-04-04,13255.303517416405,15897.002656633305,217494.50293187366,32901.210363106635,27869.755588826964,74243.91264105689,36432.20622463688,33331.57135873146,51450.929933268264,58221.673119703315
2022-04-05,13243.304625088569,15855.13038662401,214950.18972102215,32749.38821085314,27869.755588826964,74666.71220809946,36094.51205605725,33526.24258790788,51901.37343651427,57516.33225076084
2022-04-06,13216.639702026841,15781.265906138135,210880.62748324533,32487.947485965506,27869.755588826964,73314.07833953608,35491.1843607599,33161.76303110746,51058.01589918682,56399.84880439023
2022-04-07,13098.441233299345,15416.890555145637,190804.684783084,31301.541791861266,27869.755588826964,69540.20234406272,32420.781350429243,32044.51945496452,48472.86188055756,50905.80257475542
2022-04-08,13117.447651288157,15530.701177043153,197267.31193146674,31498.027746436965,27869.755588826964,70507.90623063015,33378.58205406452,32254.53162339669,48958.802290309366,52673.96040343508
2022-04-09,13080.277119261276,15345.416319908389,187000.43578560383,31126.45481029335,27869.755588826964,69443.13745505475,31815.892426522896,31600.399148188997,47584.215186653746,49854.76246869492
2022-04-10,13089.452047833001,15459.172663039157,194285.81187418706,31212.268408222903,27869.755588826964,70485.6580869245,32787.29477898024,31735.592396239423,48193.782753546446,51781.72227005614
2022-04-11,13077.26616923757,15347.536812431832,187652.67930263144,31085.00523140443,27869.755588826964,69364.82089797944,31844.54561698636,31569.17982384,47443.451591889374,49999.34841054109
2022-04-12,13045.11690746538,15018.630054165516,170006.74246648065,30808.728053159906,27869.755588826964,66352.66641206898,29060.509239398234,30859.77090040044,44511.89672701385,45161.72427630757
2022-04-13,13045.782482365374,15133.238713729283,175548.70341302257,30813.51794520696,27869.755588826964,67218.22552171444,29632.090315994385,30859.77090040044,45358.92635811776,46698.27361546713
2022-04-14,13046.50709086519,15203.6208240504,178844.16460474886,30818.732679852972,27869.755588826964,68095.8411844404,29994.82755716792,30798.051358599638,46148.426520057095,47621.37239051425
2022-04-15,13045.715346114592,15145.428148477267,176658.60925668952,30813.034790878737,27869.755588826964,67103.33084530951,29740.04100787856,30529.94683332074,45216.93873209456,46991.22318128019
2022-04-16,13045.634859051994,15212.303064552252,179102.35671840492,30812.219970471004,27869.755588826964,67649.3030083554,29872.36683970298,30468.886939654098,45963.59779997518,47736.914884592916
2022-04-17,13046.183079484867,15229.68020598469,180239.88101462348,30815.161432129993,27869.755588826964,67707.25370084964,29964.37044884363,30428.777647124545,45782.441173669715,48034.21813157273
2022-04-18,13041.86475964068,15116.449010029934,174751.28118757534,30795.8397694193,27869.755588826964,66677.74188686706,29526.984137142677,30182.892507429337,44941.53169885991,46734.82890196129
2022-04-19,13046.374619902055,15254.533129745389,174751.28118757534,30851.275126452972,27869.755588826964,67582.94901225246,30289.29734718014,30122.526722414477,46351.61570902133,48679.98902007611
2022-04-20,13046.98570196811,15325.8215524623,174751.28118757534,30849.08975662287,27869.755588826964,68089.90045265525,30636.404199889577,30279.81231415771,47076.24221424317,49529.38507450737
2022-04-21,13037.185122374392,15241.83397678192,174751.28118757534,30744.36165117918,27869.755588826964,67700.98279833133,30260.012289010618,30196.387186104716,46691.89639897348,48369.85805961697
2022-04-22,13027.722684659082,15131.628505839206,174751.28118757534,30645.151529722454,27869.755588826964,66785.20622881634,29772.547654193615,29981.97929330608,45704.10317310519,46882.16557522168
2022-04-23,13028.098123016733,15120.703842418763,174751.28118757534,30649.544187789004,27869.755588826964,66563.15223534411,29730.87666203714,29782.224466311207,45054.142574671416,46753.86737181487
2022-04-24,13029.407613473066,15094.274864755675,174751.28118757534,30677.03367659143,27869.755588826964,66266.6614206837,29594.538982428792,29782.224466311207,44740.79057241332,46647.45878910614
2022-04-25,13028.220975651988,15063.710602490199,174751.28118757534,30656.84580331511,27869.755588826964,66059.20120519362,29361.822261248853,29782.224466311207,44710.1897909428,46133.75018137673
2022-04-26,13026.73528430601,15106.386644918932,174751.28118757534,30634.47939686437,27869.755588826964,66851.69123057873,29582.607203896274,29722.660017378585,46176.579239009974,46463.90458719485
2022-04-27,13023.274198073841,14852.690454957534,174751.28118757534,30589.142359044505,27869.755588826964,65603.68414228904,28604.611812816896,29169.76877638586,43868.056284874176,43204.44362222309
2022-04-28,13023.274198073841,14962.921046794341,174751.28118757534,30589.142359044505,27869.755588826964,66406.36068878332,28930.91702110307,29111.429238833087,45518.05042176445,44582.959838017596
2022-04-29,13022.846897541542,14973.01812638179,174751.28118757534,30586.423324168143,27869.755588826964,66820.33510217309,28921.324790006438,29275.108976859974,46284.293989786194,44588.4270392899
2022-04-30,13020.31785765431,14775.240738296978,174751.28118757534,30570.382431675014,27869.755588826964,65981.43640267654,28323.96110369603,28912.22367651592,44854.62547948364,42072.25637238558
2022-05-01,13019.550992155764,14548.24200016305,174751.28118757534,30560.871646029605,27869.755588826964,65374.263999528506,28013.310979688795,28912.22367651592,43757.89347158032,39365.90210152686
2022-05-02,13011.19392252258,14661.283132154449,174751.28118757534,30457.22596363076,27869.755588826964,65890.7911134367,27953.390134345173,28912.22367651592,44677.14094695464,40691.34495896567
2022-05-03,12999.107548577398,14618.003532212679,174751.28118757534,30307.32886688986,27869.755588826964,66054.8945214223,27734.52629318695,28912.22367651592,44875.4340108836,39999.929907568796
2022-05-04,12982.798189752544,14545.10735163996,174751.28118757534,30105.212677782627,27869.755588826964,65722.99537877142,27528.8088267935,28912.22367651592,43883.96869123885,39125.20189168171
2022-05-05,12984.067496922939,14860.92883174491,174751.28118757534,30128.59513987369,27869.755588826964,66257.56223028453,27925.797016198725,28854.39922916289,45699.20704806991,43305.02746542553
2022-05-06,12941.982511947974,14526.821311023423,174751.28118757534,29683.174392468616,27869.755588826964,65599.50756426224,27530.46685952856,28119.191621388753,42467.76452478333,39139.66660233875
2022-05-07,12941.982511947974,14470.86082434498,174751.28118757534,29683.174392468616,27869.755588826964,65378.7884805216,27557.33861863193,28119.191621388753,41809.2357075378,38541.8390392045
2022-05-08,12941.982511947974,14355.426470154829,174751.28118757534,29683.174392468616,27869.755588826964,65161.35146494067,27509.086369314715,28119.191621388753,41175.18751546869,37095.137203655395
2022-05-09,12941.982511947974,14271.788602051276,174751.28118757534,29683.174392468616,27869.755588826964,64649.56298697299,27518.784736009653,28119.191621388753,39569.258503895966,36232.46223472866
2022-05-10,12941.982511947974,13752.103460255956,174751.28118757534,29683.174392468616,27869.755588826964,64649.56298697299,27382.29114981596,28119.191621388753,34886.114907648065,30263.359419819062
2022-05-11,12941.982511947974,13882.780014242919,174751.28118757534,29683.174392468616,27869.755588826964,64649.56298697299,27382.29114981596,28119.191621388753,36068.529103668836,31704.0029860157
2022-05-12,12941.982511947974,13248.908320386032,174751.28118757534,29683.174392468616,27869.755588826964,64649.56298697299,27382.29114981596,28119.191621388753,33725.73327428607,24580.11002856258
2022-05-13,12941.982511947974,13083.803434841006,174751.28118757534,29683.174392468616,27869.755588826964,64649.56298697299,27382.29114981596,28119.191621388753,34103.95893326165,22924.04862103251
2022-05-14,12941.982511947974,13331.798787759235,174751.28118757534,29683.174392468616,27869.755588826964,64649.56298697299,27382.29114981596,28119.191621388753,34417.310935519745,25228.612068372473
2022-05-15,12941.982511947974,13421.083221208932,174751.28118757534,29683.174392468616,27869.755588826964,64649.56298697299,27382.29114981596,28119.191621388753,35334.11034837643,26098.561001976035
2022-05-16,12941.770456395585,13576.491456318137,174751.28118757534,29681.855140273397,27869.755588826964,64649.56298697299,27382.29114981596,28119.191621388753,36849.46104679643,27522.748261481822
2022-05-17,12939.70265612616,13389.481268066818,174751.28118757534,29668.26941390233,27869.755588826964,64649.56298697299,27382.29114981596,28119.191621388753,35003.621908494846,25735.8885110064
2022-05-18,12939.71817484449,13550.412352681387,174751.28118757534,29668.362934372984,27869.755588826964,64649.56298697299,27382.29114981596,28119.191621388753,35315.74987949412,27147.917744696846
2022-05-19,12934.63869493504,13312.539837430135,174751.28118757534,29598.267266910992,27869.755588826964,64649.56298697299,27382.29114981596,28119.191621388753,33521.32005406301,24773.37433667577
2022-05-20,12937.211764509886,13458.23411000857,174751.28118757534,29640.29855209324,27869.755588826964,64649.56298697299,27382.29114981596,28119.191621388753,35046.46300255357,26221.74201285145
2022-05-21,12935.864723370794,13381.126448239425,174751.28118757534,29615.293638295716,27869.755588826964,64649.56298697299,27382.29114981596,28119.191621388753,33805.29530610941,25486.636536242833
2022-05-22,12935.37284248912,13416.97307668374,174751.28118757534,29607.073127418313,27869.755588826964,64649.56298697299,27382.29114981596,28119.191621388753,34074.582183049955,25849.22852612396
2022-05-23,12934.931059441777,13499.154503965387,174751.28118757534,29599.96918097717,27869.755588826964,64649.56298697299,27382.29114981596,28119.191621388753,35023.20640863598,26736.584971066193
2022-05-24,12931.175367072112,13441.611034085272,174751.28118757534,29520.959278182418,27869.755588826964,64649.56298697299,27382.29114981596,28119.191621388753,33338.93939649873,26052.461062477712
2022-05-25,12928.820319989583,13451.404020617718,174751.28118757534,29496.998705466012,27869.755588826964,64649.56298697299,27382.29114981596,28119.191621388753,33797.951118556484,26114.30410646383
2022-05-26,12930.180154727404,13431.527703515407,174751.28118757534,29523.118927878586,27869.755588826964,64649.56298697299,27382.29114981596,28119.191621388753,33774.69452463889,25962.17507114206
2022-05-27,12923.314302839937,13247.519549786297,174751.28118757534,29422.943023041997,27869.755588826964,64649.56298697299,27382.29114981596,28119.191621388753,33272.841708522414,23981.66723432865
2022-05-28,12920.042671622281,13162.344861876762,174751.28118757534,29379.756308551376,27869.755588826964,64649.56298697299,27382.29114981596,28119.191621388753,32615.53692253571,23155.914015887363
2022-05-29,12920.042671622281,13240.807892750168,174751.28118757534,29379.756308551376,27869.755588826964,64649.56298697299,27382.29114981596,28119.191621388753,33105.14942606398,23872.175980865984
2022-05-30,12920.042671622281,13277.860219589871,174751.28118757534,29379.756308551376,27869.755588826964,64649.56298697299,27382.29114981596,28119.191621388753,33582.521617004044,24206.075019248987
2022-05-31,12917.685681898814,13565.304983687569,174751.28118757534,29354.946736557475,27869.755588826964,64649.56298697299,27374.95621386536,28119.191621388753,36044.04847849242,26930.2738332043
2022-06-01,12926.723539441124,13655.762811394763,174751.28118757534,29490.065494069066,27869.755588826964,64649.56298697299,27286.339447285452,28119.191621388753,36260.702011303685,27815.917664751814
2022-06-02,12886.58180877236,13450.709704101979,174751.28118757534,29032.64645473652,27869.755588826964,64649.56298697299,26837.598902979833,28119.191621388753,34247.17059054367,25701.75259222956
2022-06-03,12893.616706240038,13536.346598259153,174751.28118757534,29123.803825470968,27869.755588826964,64649.56298697299,27002.048132681408,28119.191621388753,34674.35749987209,26680.533248770258
2022-06-04,12886.320379359873,13441.754194126133,174751.28118757534,29052.577296043797,27869.755588826964,64649.56298697299,26901.612088856804,28119.191621388753,33949.73099465025,25771.278182340582
2022-06-05,12887.551857875944,13479.998276287475,174751.28118757534,29071.479385821174,27869.755588826964,64649.56298697299,26930.89913502233,28119.191621388753,34112.527152073395,26115.681587177332
2022-06-06,12885.683847985412,13485.577287170687,174751.28118757534,29041.486565704643,27869.755588826964,64649.56298697299,26892.12116156523,28119.191621388753,34141.90390228509,26099.815074743747
2022-06-07,12891.832378137075,13582.10547585458,174751.28118757534,29115.59626331816,27869.755588826964,64649.56298697299,27042.191953854148,28119.191621388753,35905.732946245684,27026.33493858965
2022-06-08,12909.114558731007,13621.638752789557,174751.28118757534,29381.07671647381,27869.755588826964,64649.56298697299,27577.719950892777,28119.191621388753,35583.81272517585,27622.18544347415
2022-06-09,12901.088534223894,13566.953153673658,174751.28118757534,29261.853277029066,27869.755588826964,64649.56298697299,27456.988798343787,28119.191621388753,34488.304748531344,26880.382898416803
2022-06-10,12902.909469505663,13614.692819759475,174751.28118757534,29254.434048110532,27869.755588826964,64649.56298697299,27559.392744014913,28119.191621388753,34691.49393749558,27272.849929756976
2022-06-11,12883.505782967264,13475.383008803203,174751.28118757534,29070.28095245173,27869.755588826964,64649.56298697299,27121.977603798307,28119.191621388753,33854.256556462235,25993.155536466133
2022-06-12,12871.109903934623,13309.131996057173,174751.28118757534,28931.91008900852,27869.755588826964,64649.56298697299,26726.69507950344,28119.191621388753,33085.56492592285,24231.535346693854
2022-06-13,12862.92568187311,13115.700175280503,174751.28118757534,28817.166367566788,27869.755588826964,64649.56298697299,26272.32669124756,28119.191621388753,30979.007129492467,22245.133439178036
2022-06-14,12862.92568187311,12883.851167649907,174751.28118757534,28817.166367566788,27869.755588826964,64649.56298697299,25991.38114683071,28119.191621388753,26425.610846679556,20512.641764949
2022-06-15,12862.92568187311,12908.690503164979,174751.28118757534,28817.166367566788,27869.755588826964,64649.56298697299,25923.31820679244,28119.191621388753,25939.67043692775,20701.11494800356
2022-06-16,12862.837502075834,13087.484204575692,174751.28118757534,28815.885604617117,27869.755588826964,64649.56298697299,26037.93711015277,28119.191621388753,26417.042627867813,22321.04233111575
2022-06-17,12860.861770713276,12789.080196332889,174751.28118757534,28787.189195623218,27869.755588826964,64649.56298697299,25906.963244461145,28119.191621388753,23666.644389297755,19725.059640902076
2022-06-18,12860.861770713276,12857.72235832366,174751.28118757534,28787.189195623218,27869.755588826964,64649.56298697299,26008.299610735354,28119.191621388753,23857.59326567378,20424.11420696371
2022-06-19,12860.861770713276,12695.966434492428,174751.28118757534,28787.189195623218,27869.755588826964,64649.56298697299,25907.258411951945,28119.191621388753,22140.277409548373,18995.5818428778
2022-06-20,12860.861770713276,12865.844426036736,174751.28118757534,28787.189195623218,27869.755588826964,64649.56298697299,25947.495107630002,28119.191621388753,23981.22042281467,20319.265169574155
2022-06-21,12860.795256660516,12914.885407654245,174751.28118757534,28785.9097649923,27869.755588826964,64649.56298697299,26218.106112912617,28119.191621388753,23897.986297214862,21079.922253794888
2022-06-22,12858.846959447956,12959.506303734244,174751.28118757534,28756.982745861,27869.755588826964,64649.56298697299,26156.521179549538,28119.191621388753,24073.02276722622,21419.463725499252
2022-06-23,12851.503779956598,12872.983248939603,174751.28118757534,28671.523247280078,27869.755588826964,64649.56298697299,26245.270674384745,28119.191621388753,23126.846604157836,20922.12199031068
2022-06-24,12858.569263407919,13016.382191070708,174751.28118757534,28752.40126457968,27869.755588826964,64649.56298697299,26238.382624220023,28119.191621388753,24552.843020683926,22030.886663060915
2022-06-25,12871.17624222035,13133.892035398023,174751.28118757534,28915.334692091517,27869.755588826964,64649.56298697299,26282.821978168755,28119.191621388753,24627.508927471987,23073.22263530104
2022-06-26,12879.8495772811,13196.507468224627,174751.28118757534,29032.677764451157,27869.755588826964,64649.56298697299,26226.666627464576,28119.191621388753,24916.380304553666,23547.53269625588
2022-06-27,12854.649658604787,13061.254998638484,174751.28118757534,28696.115007837365,27869.755588826964,64649.56298697299,26039.161915255354,28119.191621388753,24352.101894237334,22172.12889631836
2022-06-28,12856.655544109148,13068.017990286762,174751.28118757534,28734.768564819733,27869.755588826964,64649.56298697299,26138.391879733772,28119.191621388753,23972.652204002923,22395.46454102473
2022-06-29,12840.759669918156,12972.555157682778,174751.28118757534,28524.304756249334,27869.755588826964,64649.56298697299,26014.269595465314,28119.191621388753,23545.46529467451,21469.500221095437
2022-06-30,12836.394315649488,12996.340834463212,174751.28118757534,28466.81916861228,27869.755588826964,64649.56298697299,25941.206468000077,28119.191621388753,23528.32885705102,21470.332790541448
2022-07-01,12835.453841694305,12962.142534642746,174751.28118757534,28455.313157771583,27869.755588826964,64649.56298697299,25888.234068088226,28119.191621388753,23294.53888661627,21132.344849787663
2022-07-02,12832.371391831539,12899.98259760224,174751.28118757534,28415.43483134681,27869.755588826964,64649.56298697299,25724.028778814667,28119.191621388753,22607.85735041787,20644.856658753404
2022-07-03,12832.21136210387,12921.789893587567,174751.28118757534,28413.36449184355,27869.755588826964,64649.56298697299,25763.544554369928,28119.191621388753,22583.37672524146,20868.540519053116
2022-07-04,12840.208674988733,12957.118040989248,174751.28118757534,28516.60176959628,27869.755588826964,64649.56298697299,26020.44119647962,28119.191621388753,22640.90619440603,21146.839853341546
2022-07-05,12833.556766699683,13043.137255483787,174751.28118757534,28427.30290883165,27869.755588826964,64649.56298697299,25992.97294314412,28119.191621388753,23722.949827203505,21827.26174444081
2022-07-06,12834.53537677475,13032.126852126676,174751.28118757534,28438.7800648971,27869.755588826964,64649.56298697299,26015.329409780094,28119.191621388753,24080.366954779143,21725.140617401805
2022-07-07,12837.177237273498,13095.708719028666,174751.28118757534,28460.475289744987,27869.755588826964,64649.56298697299,26030.990827479764,28119.191621388753,24694.830646707123,22224.511794521502
2022-07-08,12851.58167654704,13214.6949109259,174751.28118757534,28611.634589207373,27869.755588826964,64649.56298697299,26070.507064749647,28119.191621388753,26018.008437492274,23257.811939131872
2022-07-09,12840.98311616883,13166.301109768523,174751.28118757534,28485.502573926056,27869.755588826964,64649.56298697299,25932.04149000581,28119.191621388753,25962.92703084534,22784.12829257234
2022-07-10,12853.83611913008,13225.56165081296,174751.28118757534,28642.247148140705,27869.755588826964,64649.56298697299,26130.143824701787,28119.191621388753,25934.774311892466,23375.88755836331
2022-07-11,12829.560533057524,13116.309504398767,174751.28118757534,28385.172817269242,27869.755588826964,64649.56298697299,25761.019859951833,28119.191621388753,25103.657087153228,22392.972870212332
2022-07-12,12809.136785777508,12997.519801748638,174751.28118757534,28178.27122736399,27869.755588826964,64649.56298697299,25311.551054715535,28119.191621388753,24312.932893955072,21311.03441958866
2022-07-13,12803.853481029095,12922.984090802265,174751.28118757534,28123.224767899595,27869.755588826964,64649.56298697299,25055.958281544306,28119.191621388753,23529.552888309838,20666.075264427993
2022-07-14,12810.702526901407,13067.588256316412,174751.28118757534,28214.831134664884,27869.755588826964,64649.56298697299,25378.506342746554,28119.191621388753,24683.814365377737,22005.314349149754
2022-07-15,12815.797988571236,13154.228451893558,174751.28118757534,28282.201967565194,27869.755588826964,64649.56298697299,25596.364125765933,28119.191621388753,25109.77724344733,22789.886847302194
2022-07-16,12813.610202631646,13158.018275452563,174751.28118757534,28257.277740675898,27869.755588826964,64649.56298697299,25585.135219208692,28119.191621388753,25272.573400870482,22782.04596908839
2022-07-17,12827.244854403632,13262.68613654515,174751.28118757534,28387.365066498405,27869.755588826964,64649.56298697299,25841.615859982623,28119.191621388753,25716.896747822386,23679.34187299913
2022-07-18,12815.579400245184,13205.71285614809,173709.0270254228,28250.823140072654,27869.755588826964,64520.263860999046,25626.720401468323,28119.191621388753,25186.891212753035,23097.77762388754
2022-07-19,12859.710952831592,13403.332036667045,186686.5191554406,28701.33537240689,27869.755588826964,67206.40735598645,26427.3239958477,28119.191621388753,27051.090819936922,24860.412680417485
2022-07-20,12882.434717989012,13477.77427700461,192405.0852113031,28962.098926134648,27869.755588826964,67199.09070789404,26917.15824537498,28119.191621388753,27989.92279545238,25558.996805162587
2022-07-21,12843.189309133884,13374.445946973432,184104.88523185533,28485.006884073016,27869.755588826964,67057.98382729935,26168.408299532763,28119.191621388753,27929.945263770165,24486.93417869493
2022-07-22,12854.269104036284,13402.70628441729,186265.41545908348,28617.901936143047,27869.755588826964,67357.36725419317,26391.7343447467,28119.191621388753,27736.5483248765,24803.47801062668
2022-07-23,12825.324898792689,13323.073911581889,180391.96678199316,28292.81146604071,27869.755588826964,66851.0221354862,25812.503189220362,28119.191621388753,27220.007133654177,23997.12470484393
2022-07-24,12835.864925358968,13363.434050458063,183754.41052656784,28430.101247969622,27869.755588826964,66892.48589394329,26111.660635075263,28119.191621388753,26931.135756572497,24433.491827351096
2022-07-25,12840.47711936654,13373.3281539167,183920.2899866826,28466.48005115265,27869.755588826964,67279.30418711416,26211.94043334658,28119.191621388753,27090.259820219184,24480.75217237157
2022-07-26,12783.424896194285,13172.548673723888,170066.73506679435,27855.596107098212,27869.755588826964,65489.26771700511,24700.985200309442,28119.191621388753,25492.899027458203,22599.96106446607
2022-07-27,12784.391407852243,13196.859077153356,171750.5241856839,27863.277473722323,27869.755588826964,65746.67464159832,24882.916241399093,28119.191621388753,25704.65643523418,22825.964673524657
2022-07-28,12802.827001644058,13384.091057824206,184679.91931959888,28055.49124740831,27869.755588826964,67734.42938590472,26293.798051098427,28119.191621388753,27523.5668858417,24617.09386444077
2022-07-29,12819.941002748285,13510.803851274013,193264.8276027333,28232.746634737494,27869.755588826964,68833.5802352213,27262.07760275231,28119.191621388753,28642.3314564038,25785.35374280926
2022-07-30,12821.183311864734,13516.383744181141,194113.7002055094,28256.910093640316,27869.755588826964,68726.67105093952,27269.835851436983,28119.191621388753,28484.431424015933,25844.055042061354
2022-07-31,12826.385232777502,13536.273263416477,195499.022502747,28303.84178810189,27869.755588826964,68469.81092615597,27416.798480885103,28119.191621388753,28315.51511029868,26000.4892850828
2022-08-01,12819.04159481403,13530.898905841357,195325.198408416,28236.774973751166,27869.755588826964,68203.72449210266,27404.412812045222,28119.191621388753,27956.873951464222,25995.9910866107
2022-08-02,12815.491551720394,13525.281503817117,195060.11011567895,28195.077873513124,27869.755588826964,67730.28189143127,27279.301652269824,28119.191621388753,27761.028950052914,25983.06398172919
2022-08-03,12805.880962933023,13500.27578001874,193204.02309772425,28092.538271901325,27869.755588826964,67830.11990417249,27159.49615215297,28119.191621388753,27719.41188725301,25727.92716881701
2022-08-04,12817.387992056152,13529.770846718326,195661.46988244512,28235.821838601674,27869.755588826964,67651.90328412838,27399.264265572765,28119.191621388753,27500.31029192411,26051.766691864454
2022-08-05,12813.425169848182,13523.945096596915,195781.07467332788,28201.68604994283,27869.755588826964,67300.24015193248,27285.769276684532,28119.191621388753,27014.3698821723,26079.251554371436
2022-08-06,12857.37350571402,13662.019484548367,205827.79150080355,28699.83294255074,27869.755588826964,68647.0150524555,28313.183665238426,28119.191621388753,28024.19567069936,27404.686743987684
2022-08-07,12840.825549826544,13617.630402335311,202631.41384822986,28505.077580687255,27869.755588826964,68177.08957979696,27964.637047329303,28119.191621388753,27617.817292770895,26977.8897416774
2022-08-08,12854.180777436304,13656.83021200508,205439.66031972945,28657.37300971691,27869.755588826964,68373.42392941768,28277.236528510486,28119.191621388753,27906.688669852574,27343.17989233499
2022-08-09,12868.234437928542,13702.571773509875,208723.49913440197,28818.547404142846,27869.755588826964,69120.66220272053,28631.484900633415,28119.191621388753,28563.993455839278,27791.595616963197
2022-08-10,12829.234983717895,13607.595883317483,202170.00847811054,28387.343342763284,27869.755588826964,68273.21879659133,27867.62174831455,28119.191621388753,27783.061512711687,26942.891655769836
2022-08-11,12872.590507694751,13739.358235382566,211314.53492656787,28821.024217860853,27869.755588826964,69473.14165143124,28923.601924499544,28119.191621388753,28488.103517792395,28146.057531894166
2022-08-12,12860.133585629896,13703.0270529781,208052.18916588917,28664.751555366678,27869.755588826964,69586.76876993635,28635.40665846186,28119.191621388753,28387.7329545691,27696.062824821358
2022-08-13,12895.906459222464,13801.106802471764,215154.31564318555,29028.823470427607,27869.755588826964,70481.46808281436,29433.084597110785,28119.191621388753,29120.927678602682,28628.93070562742
2022-08-14,12884.994542997016,13779.444795242642,213436.72373129954,28909.03582541216,27869.755588826964,70686.50558201064,29266.731478706683,28119.191621388753,29194.369554131925,28395.533845600192
2022-08-15,12864.772395350417,13734.719123395327,209827.85863504748,28684.6736263293,27869.755588826964,70289.57275764353,28906.446554376027,28119.191621388753,29040.14161552052,27909.20649646115
2022-08-16,12860.611355170267,13734.018920005354,209611.02732206174,28649.851091849247,27869.755588826964,70185.02891492906,28894.05263638548,28062.953238145976,29048.709834332265,27880.460054709234
2022-08-17,12849.598149481075,13722.532750076743,209203.92798268446,28566.70429230743,27869.755588826964,69883.03275535516,28813.18301462625,27894.435565745174,28698.63689430955,27827.69983870494
2022-08-18,12797.610131267953,13605.9830298976,200219.9901948822,28053.179516208766,27869.755588826964,69362.53035311063,27822.352406092952,27894.435565745174,28079.27707734629,26622.58143497626
2022-08-19,12768.397505586498,13508.946264893828,193415.26558167228,27798.083071944297,27869.755588826964,69552.62107420593,27029.299999021285,27894.435565745174,28119.67010888737,25710.423410062398
2022-08-20,12702.60226856967,13227.20858413786,175533.8562093185,27241.673730064067,27869.755588826964,67048.33645586958,24757.12329625202,27894.435565745174,25398.64862052901,23348.77840049835
2022-08-21,12702.564695795541,13230.920958675426,175673.5943236278,27241.697987978223,27869.755588826964,67022.34350979104,24819.54012893247,27894.435565745174,25811.14715475158,23359.52083853165
2022-08-22,12704.016592987775,13299.623771322576,179933.36119480547,27257.497281163043,27869.755588826964,67386.4953103157,25321.32306798232,27894.435565745174,26254.24647044466,23925.93029071415
2022-08-23,12705.551182324403,13310.930843047476,180533.0222561625,27275.095141164573,27869.755588826964,67558.02568568104,25398.80303173749,27894.435565745174,26347.272846115033,24000.220436283293
2022-08-24,12706.495962132882,13343.157075992032,182541.3555119949,27285.36052009659,27869.755588826964,67790.21924257802,25650.668729766152,27894.435565745174,26447.64340933833,24266.342128794913
2022-08-25,12706.222673020155,13335.703969532233,182246.3888164158,27283.207703982025,27869.755588826964,67734.43700668684,25570.702762001976,27894.435565745174,26248.12631415056,24232.87299549872
2022-08-26,12708.590399887247,13382.933492407632,185108.18627558093,27312.29396645392,27869.755588826964,68000.09990511852,25909.432144665818,27894.435565745174,26478.244190808848,24619.68174300046
2022-08-27,12680.787047003676,13147.272094840962,170136.78225267772,27049.24186763496,27869.755588826964,66709.43842218668,24147.792078704915,27894.435565745174,24887.00355434197,22629.46119646468
2022-08-28,12679.876710660285,13139.655714265475,169892.47370619696,27039.098888735032,27869.755588826964,66593.69028271252,24035.489026485055,27894.435565745174,24642.19730257783,22599.336337618184
2022-08-29,12676.900563809237,13048.027410144237,163196.1030997855,27006.98217623159,27869.755588826964,66106.12286079398,23641.728223810016,27894.435565745174,24096.279361143814,21849.952325310096
2022-08-30,12676.900563809237,13191.521095694854,163196.1030997855,27006.98217623159,27869.755588826964,66106.12286079398,23832.683048856798,27894.435565745174,24811.113616295086,22996.529050194218
2022-08-31,12676.716668852225,13139.604796073512,163196.1030997855,27004.581555593704,27869.755588826964,66106.12286079398,23796.160721992208,27894.435565745174,24213.7863619906,22659.149643069886
2022-09-01,12674.913286525098,13126.916550112805,163196.1030997855,26983.457405200872,27869.755588826964,66106.12286079398,23786.43596849894,27894.435565745174,24463.488738790016,22516.232888210645
2022-09-02,12673.270652808527,13195.404049591441,163196.1030997855,26968.254060534673,27869.755588826964,66106.12286079398,23872.70941014141,27894.435565745174,24743.79189705995,23090.38090442609
2022-09-03,12674.31062289436,13183.03271310479,163196.1030997855,26982.520946554694,27869.755588826964,66106.12286079398,23933.16055641837,27894.435565745174,24558.963176978028,22949.30696214944
2022-09-04,12674.617786422563,13186.869474317524,163196.1030997855,26979.2793943055,27869.755588826964,66106.12286079398,23904.078189563817,27894.435565745174,24413.30345717837,22959.370979743682
2022-09-05,12678.652315908745,13254.35820521813,163196.1030997855,27007.38773487143,27869.755588826964,66040.01673793318,24008.50749182835,27894.435565745174,24713.191115589434,23420.466897934708
2022-09-06,12680.139480888885,13267.492292208492,163196.1030997855,27040.71866711389,27869.755588826964,66249.397019197,24181.330320232195,27894.435565745174,24334.965456613845,23571.675990719126
2022-09-07,12643.146527472609,13067.38693681616,163196.1030997855,26667.64490286064,27869.755588826964,65902.50295584905,23630.80401405317,27894.435565745174,23288.418730322166,21961.2508219824
2022-09-08,12647.853499210847,13186.49844861804,163196.1030997855,26720.75201165404,27869.755588826964,66294.31358118428,23899.456909642115,27894.435565745174,23643.387795380164,22892.176447139183
2022-09-09,12649.17020500651,13212.831434885775,163196.1030997855,26729.173195633946,27869.755588826964,66286.71231684797,23835.19444539031,27894.435565745174,23615.235076427285,23007.31410282394
2022-09-10,12659.46561168906,13384.87809430659,163196.1030997855,26821.5275195468,27869.755588826964,66833.3123250317,24228.911949215693,27894.435565745174,26015.56037497463,24288.467304684662
2022-09-11,12665.369457170505,13421.24582634412,163196.1030997855,26869.996014921187,27869.755588826964,67220.97680618349,24342.659898860707,27894.435565745174,26364.40928373852,24549.331522798748
2022-09-12,12663.308367801932,13409.154155307777,163196.1030997855,26851.29419694234,27869.755588826964,67072.91523329666,24224.07971501036,27894.435565745174,26508.844972279363,24403.207870057864
2022-09-13,12655.640447517015,13387.781823093332,163196.1030997855,26769.766450214254,27869.755588826964,66919.2873939273,23988.880458734064,27838.646694613686,27062.10710126631,24218.825240217335
2022-09-14,12587.50090172066,13149.771441841258,163196.1030997855,26245.761044500327,27869.755588826964,65223.89658875996,22747.589805811644,27001.130639365685,24773.168647271646,22511.115674451983
2022-09-15,12591.23277371585,13254.442980418966,163196.1030997855,26290.462608819005,27869.755588826964,65620.6892546074,23248.038061809053,27001.130639365685,24779.28880356575,23371.51986676624
2022-09-16,12585.63899010494,13123.461319126745,163196.1030997855,26216.15041315936,27869.755588826964,64291.53338044495,22542.745776190928,27001.130639365685,24158.704955343666,22370.86879646504
2022-09-17,12587.648606355415,13172.036156787844,163196.1030997855,26235.16366090169,27869.755588826964,64041.920227586124,22772.62991607935,27001.130639365685,24192.977830590644,22610.28959173537
2022-09-18,12600.560287345228,13297.181352837844,163196.1030997855,26327.761271953605,27869.755588826964,64441.83698770323,23356.76210031249,27001.130639365685,24599.356208519108,23437.01680649948
2022-09-19,12576.055447884557,13036.534188832298,163196.1030997855,26152.069176126646,27869.755588826964,63112.414183084344,22240.538696699463,27001.130639365685,23696.021139509452,21556.199477892453
2022-09-20,12595.336770385082,13133.030557869877,163196.1030997855,26288.743053971742,27869.755588826964,63432.056184426365,22647.873675581945,27001.130639365685,23835.56070301501,22185.006613768066
2022-09-21,12602.47811442179,13073.26118117842,163196.1030997855,26280.630610295604,27869.755588826964,63064.15140565399,22545.69529203548,27001.130639365685,23174.583823251844,21732.144688775083
2022-09-22,12589.521916571994,13021.010496016348,163196.1030997855,26193.953209714837,27869.755588826964,62600.51226509352,22428.940048047407,27001.130639365685,23011.787665828695,21357.19741022628
2022-09-23,12670.432127819859,13291.23805225383,163196.1030997855,26723.790213601114,27869.755588826964,63250.081777721745,23455.565518161507,27001.130639365685,24148.912705273102,23045.21886670227
2022-09-24,12685.835421131223,13402.961022437747,163196.1030997855,26833.768149431453,27869.755588826964,63413.06755068328,23937.175710469433,27001.130639365685,24339.861581649126,23812.684391252697
2022-09-25,12676.364617691082,13364.530621014783,163196.1030997855,26770.483230355967,27869.755588826964,63345.81613950983,23877.89223235597,27001.130639365685,23894.3142034384,23562.101182589828
2022-09-26,12670.284473111427,13340.114360646898,162222.76650078082,26716.413663624095,27869.755588826964,63103.49427238353,23850.946468476737,27001.130639365685,23773.135108815153,23413.171476864478
2022-09-27,12676.879099642956,13419.20921006277,166059.64236000937,26782.8856694035,27869.755588826964,63805.84361426986,23991.533417883307,27001.130639365685,24447.576332425346,23905.98335573351
2022-09-28,12675.82857689696,13410.003757746941,165644.2890438897,26787.586134285557,27869.755588826964,63734.098524759866,24001.855687726627,27001.130639365685,24345.98173794323,23851.891331188333
2022-09-29,12663.239668232463,13371.914930046918,163919.46254818855,26687.65672436011,27869.755588826964,63715.70058813436,23829.345945582456,27001.130639365685,24453.696488719448,23583.369343330705
2022-09-30,12666.950042707162,13369.04402251543,163186.34068080486,26682.68805681741,27869.755588826964,63556.11966942315,23901.473279478745,27001.130639365685,24409.631363401906,23537.12097448164
2022-10-01,12669.859454705216,13349.273360500025,162774.92090833661,26718.02848416017,27869.755588826964,63460.33161556216,23830.67148242421,27001.130639365685,24259.075518566962,23438.640073327195
2022-10-02,12676.191742000598,13342.32228244782,161217.10894642054,26797.380159396074,27869.755588826964,63248.625532635284,23923.51183200301,27001.130639365685,24109.74370499084,23420.343137517993
2022-10-03,12642.881219072386,13238.14831914389,156542.75788283674,26523.543829327627,27869.755588826964,62799.971277621706,23455.37541233737,27001.130639365685,23830.664577979725,22719.823193696982
2022-10-04,12658.786748500617,13334.567926203223,160846.7741985106,26647.726395628306,27869.755588826964,63138.96346611569,23706.512919589888,27001.130639365685,24448.800363684168,23316.96372913113
2022-10-05,12649.656394630756,13357.4899202462,161672.67655432026,26559.49823729424,27869.755588826964,63280.34409449232,23714.45379002251,27001.130639365685,24929.844648400693,23407.576180892138
2022-10-06,12650.947058862745,13386.459869407405,163208.06935178424,26566.239288178556,27869.755588826964,63286.77048669126,23811.86305698965,27001.130639365685,24895.57177315371,23637.763283594708
2022-10-07,12652.401953944664,13382.356559440304,162833.91943138416,26564.786509078243,27869.755588826964,63423.33132091869,23791.584973847996,27001.130639365685,24965.341554906492,23595.87346935861
2022-10-08,12654.061908930216,13376.59213137123,162233.38502435057,26552.87864530324,27869.755588826964,63306.049663288075,23796.109172263703,27001.130639365685,24555.291083201566,23496.825360065457
2022-10-09,12649.121495980731,13338.323474920431,160347.76191241702,26496.996712807395,27869.755588826964,63167.078931986034,23642.76848591196,27001.130639365685,24385.150738225493,23167.940326982472
2022-10-10,12662.01494957471,13379.938107090235,162027.53600811114,26589.58339919224,27869.755588826964,63242.709195288844,23830.946682149406,27001.130639365685,24435.336019837137,23403.51209276874
2022-10-11,12614.733405746536,13205.986877363952,153919.8929945651,26205.262847465146,27869.755588826964,62993.85963706638,23125.32140035828,27001.130639365685,24102.399517437916,22213.45237124149
2022-10-12,12618.030827910121,13187.08839377502,153327.09574674672,26243.21200557288,27869.755588826964,62930.290591040706,23110.234471263735,27001.130639365685,24039.97392323806,22125.244694822602
2022-10-13,12616.034992033461,13169.767999921001,152476.11479468548,26223.78421915554,27869.755588826964,63042.699269988545,23036.807772074157,27001.130639365685,24151.360767790742,22003.71256862976
2022-10-14,12618.67475803402,13132.462952991882,150845.18392975267,26247.5486963526,27869.755588826964,62916.336410205804,22918.24280618241,27001.130639365685,24281.108081225735,21765.03851981068
2022-10-15,12631.219299357572,13124.05301937991,150277.97465226738,26329.761610570084,27869.755588826964,63041.92403771994,22880.866050821096,27001.130639365685,24148.912705273102,21697.75470228332
2022-10-16,12653.890528795035,13132.78191511915,150752.15079448247,26486.65638610996,27869.755588826964,62869.82247408945,23056.79522509541,27001.130639365685,24010.597173026366,21781.90513193968
2022-10-17,12663.831728017081,13182.460774939209,152866.12924549857,26572.244233902315,27869.755588826964,63032.3638014741,23214.810259780737,27001.130639365685,24207.666205696492,22105.60154641451
2022-10-18,12679.809693282394,13248.843584962866,155906.57021729456,26704.28753394194,27869.755588826964,63173.725322247716,23501.344556645694,27001.130639365685,24305.588706402148,22574.897262403185
2022-10-19,12639.145424185534,13122.647764504145,150632.34175273238,26432.77510774297,27869.755588826964,62846.17750488405,23002.61480456713,27001.130639365685,23984.89251659113,21732.074009152708
2022-10-20,12622.05112951988,13025.37259429134,146399.71605326375,26314.415896619885,27869.755588826964,62723.66568329729,22711.98627905896,27001.130639365685,23962.85995393236,21103.873130322343
2022-10-21,12618.29612794621,12967.992660066164,144076.46340595157,26284.974878934812,27869.755588826964,62638.33592544812,22575.42393836149,27001.130639365685,23840.45682805029,20761.200917428578
2022-10-22,12637.355750936003,13037.200975381948,146995.20240539697,26437.920089843916,27869.755588826964,62690.339854542195,22820.98618703366,27001.130639365685,23801.28782776803,21228.441067985957
2022-10-23,12628.480966097559,13039.896315080056,147061.32885963353,26376.524584140603,27869.755588826964,62823.03426530784,22732.881645970094,27001.130639365685,23857.59326567378,21208.028833721844
2022-10-24,12624.405803186584,13098.815773142189,148342.70620493504,26350.009938634408,27869.755588826964,63401.29369282827,22798.384750127523,27001.130639365685,24284.780175002197,21512.251704833947
2022-10-25,12615.285970529196,13023.426952429898,148342.70620493504,26299.749981358797,27869.755588826964,63067.360263119925,22618.343194247682,27001.130639365685,23942.051422532408,21105.809626308466
2022-10-26,12623.424430289837,13193.359748041974,148342.70620493504,26347.86014985452,27869.755588826964,64216.683201883425,22857.596419790927,27001.130639365685,24686.262427895377,21961.849036956097
2022-10-27,12628.59328077601,13226.312372118391,148342.70620493504,26377.437499539155,27869.755588826964,65072.08982081659,22994.26120551253,27001.130639365685,25183.219118976573,22139.223090986336
2022-10-28,12610.985895085578,13167.831680743186,148342.70620493504,26263.22209560174,27869.755588826964,64700.78321468668,22793.6400296912,27001.130639365685,24909.03611700074,21804.222655493515
2022-10-29,12641.572034145313,13319.683632314682,148342.70620493504,26448.904555285197,27869.755588826964,65189.125021738204,23012.08215146647,27001.130639365685,25299.502088564535,22593.343081190644
2022-10-30,12662.875996768284,13420.713033421593,148342.70620493504,26581.174635041156,27869.755588826964,65795.36820158732,23362.85679586016,26947.128378086953,25546.756402846313,23086.56504983972
2022-10-31,12645.721308631593,13396.886347035172,147457.9584542098,26480.467181300737,27869.755588826964,65501.15837026916,23149.507862086866,26829.68577166235,25365.599776540854,23006.4398470148
2022-11-01,12662.324175093525,13434.873212993334,148763.18706873816,26570.991290685597,27869.755588826964,65464.65874311885,23445.06898180159,26829.68577166235,25383.96024542316,23188.923792759822
2022-11-02,12676.494918888468,13461.79744284646,148350.27733595227,26739.603457654623,27869.755588826964,65512.32071278045,23581.73158844156,26829.68577166235,25385.184276681983,23613.648570373025
2022-11-03,12625.451639734274,13343.56150707271,145641.84432053077,26379.70887730889,27869.755588826964,65041.40326498211,22886.874734451932,26829.68577166235,25119.569493517898,22847.10333063121
2022-11-04,12648.00783645528,13424.585396790062,148364.83896247827,26529.647805847988,27869.755588826964,65313.84604165433,23225.532585433342,26829.68577166235,25382.736214164343,23290.249508668716
2022-11-05,12717.080818819964,13641.831272992513,155512.62892123056,26969.61121231251,27869.755588826964,66142.2357777557,24439.854921547612,26776.026400119023,26010.66424993935,24442.89871248415
2022-11-06,12720.607910540199,13669.347712578812,156199.64031610364,26967.648090176608,27869.755588826964,66083.53049936346,24607.501634052904,26836.62992562678,26186.924751209524,24527.481023284934
2022-11-07,12628.531734814545,13530.817792484744,150342.58160891422,26361.702670485385,27869.755588826964,65555.02892344334,23744.72300876271,26698.588561970224,25785.442498316344,24290.71752902368
2022-11-08,12629.238608305106,13516.941286757185,148658.05605496216,26297.2498248808,27869.755588826964,65197.155420691604,23643.581817160022,26448.777462964732,25210.147806670626,23861.021522676583
2022-11-09,12429.60171498633,12908.62246522853,123537.63920282602,24857.944172223735,27869.755588826964,62425.30237151512,20006.90265002556,26448.777462964732,22557.672068806223,19746.48686987122
2022-11-10,12409.844843338255,12225.347902514906,98385.3504308386,24708.32072717292,27869.755588826964,59564.75508323423,17991.672376865095,26448.777462964732,19475.561359095762,15726.161920050417
2022-11-11,12409.844843338255,12691.998466245877,115828.32006256704,24708.32072717292,27869.755588826964,61449.536863587535,18307.346436139695,26448.777462964732,21113.315183397826,18595.491429027497
2022-11-12,12409.844843338255,12524.418650037955,110081.46880862478,24708.32072717292,27869.755588826964,60844.43697920848,18206.472969436178,26448.777462964732,20158.5708015177,17671.175685301485
2022-11-13,12409.844843338255,12389.12177481553,105319.31123485044,24708.32072717292,27869.755588826964,60460.80696013443,18260.246779013025,26448.777462964732,19799.92964268324,16949.462180035807
2022-11-14,12409.844843338255,12292.934808112112,101187.3811569051,24708.32072717292,27869.755588826964,59971.367787770374,18197.860401260885,26448.777462964732,19338.46985810785,16370.212261348946
2022-11-15,12409.844843338255,12362.762350746309,101187.3811569051,24708.32072717292,27869.755588826964,59971.367787770374,18212.258085103098,26448.777462964732,19660.390079177687,16722.532799108103
2022-11-16,12409.844843338255,12435.922209534692,101187.3811569051,24708.32072717292,27869.755588826964,59971.367787770374,18225.809320625474,26448.777462964732,19938.24517492998,17178.58465684887
2022-11-17,12409.752361660932,12372.587224658144,101187.3811569051,24707.222579585046,27869.755588826964,59971.367787770374,18191.957052146256,26448.777462964732,19597.96448497783,16833.03287883783
2022-11-18,12410.084002023195,12368.516396264466,101187.3811569051,24711.16054950947,27869.755588826964,59971.367787770374,18206.63096975461,26448.777462964732,19717.919548342255,16892.537829048844
2022-11-19,12412.341206664287,12397.343013899714,101187.3811569051,24737.9393404622,27869.755588826964,59971.367787770374,18202.402927843577,26448.777462964732,19755.8645173657,17141.100748417863
2022-11-20,12409.537585321674,12379.308448358272,101187.3811569051,24703.78756146875,27869.755588826964,59971.367787770374,18214.961347220928,26448.777462964732,19776.67304876565,16984.04599290946
2022-11-21,12403.852074944816,12194.0581095508,101187.3811569051,24633.699100008344,27869.755588826964,59971.367787770374,18111.75337045556,26448.777462964732,19274.820232649174,15786.99273736029
2022-11-22,12403.345934212895,12149.055492629648,101187.3811569051,24622.589708767766,27869.755588826964,59971.367787770374,18067.28802674963,26448.777462964732,18830.496885697266,15483.180080751314
2022-11-23,12403.066760285663,12230.641806901443,101187.3811569051,24620.401034126986,27869.755588826964,59971.367787770374,18106.948179240604,26448.777462964732,19216.06673222578,15877.772416304066
2022-11-24,12404.634707997184,12315.069531071196,101187.3811569051,24632.31075601819,27869.755588826964,59971.367787770374,18141.048183425115,26448.777462964732,19511.05826560156,16321.432374627366
2022-11-25,12405.394985985615,12323.9143356024,101187.3811569051,24638.92898465612,27869.755588826964,59971.367787770374,18131.374899269817,26448.777462964732,19503.714078048637,16331.396862126643
2022-11-26,12404.65615422899,12342.061929916197,101187.3811569051,24628.07752573274,27869.755588826964,59971.367787770374,18227.528376312275,26448.777462964732,19409.463671119447,16434.587178158807
2022-11-27,12405.447900545303,12340.384865252301,101187.3811569051,24636.167998415032,27869.755588826964,59971.367787770374,18221.158389405955,26448.777462964732,19376.414827131288,16417.51044360082
2022-11-28,12407.344173147852,12359.402786442342,101187.3811569051,24657.949816958982,27869.755588826964,59971.367787770374,18339.40395339896,26448.777462964732,19388.655139719496,16515.605331500505
2022-11-29,12401.596878312146,12307.219556462074,101187.3811569051,24603.071327309983,27869.755588826964,59971.367787770374,18312.629272881633,26448.777462964732,19196.48223208465,16248.846920495085
2022-11-30,12406.10724409602,12371.034228377031,101187.3811569051,24645.768592415476,27869.755588826964,59971.367787770374,18370.160001040163,26448.777462964732,19492.697796719254,16612.60552461637
2022-12-01,12411.234118339757,12466.1902011371,101187.3811569051,24694.355589253573,27869.755588826964,59971.367787770374,18448.08549965071,26448.777462964732,20168.363051588265,17092.86816805987
2022-12-02,12390.473205490056,12383.884944510495,101187.3811569051,24532.125046870366,27869.755588826964,59971.367787770374,18318.673024117394,26448.777462964732,19758.31257988334,16577.424662618247
2022-12-03,12395.835375493258,12423.624175389474,101187.3811569051,24566.9884736081,27869.755588826964,59971.367787770374,18315.364792645494,26448.777462964732,19875.819580730124,16827.135655402417
2022-12-04,12379.092917327676,12359.233091795351,101187.3811569051,24436.577730786976,27869.755588826964,59971.367787770374,18144.85307732607,26448.777462964732,19649.3737978483,16452.70601516291
2022-12-05,12383.337668408769,12406.483631205627,101187.3811569051,24475.726984340883,27869.755588826964,59971.367787770374,18251.657835738773,26448.777462964732,19869.69942443602,16771.660407644962
2022-12-06,12385.00506439657,12397.239172889484,101187.3811569051,24470.856381341764,27869.755588826964,59971.367787770374,18233.039123631148,26448.777462964732,19770.552892471547,16696.52198082514
2022-12-07,12382.164861465295,12399.304445795293,101187.3811569051,24451.497299547045,27869.755588826964,59971.367787770374,18161.998067893044,26448.777462964732,19978.63820647106,16747.04105896512
2022-12-08,12361.617872789424,12293.912247078802,101187.3811569051,24278.515758628415,27869.755588826964,59971.367787770374,17922.939840940344,26448.777462964732,19604.084641271933,16058.752650696451
2022-12-09,12364.384434705511,12341.707195563993,101187.3811569051,24299.80348576161,27869.755588826964,59971.367787770374,18017.487173732487,26448.777462964732,19967.621925141673,16286.549063488003
2022-12-10,12359.252931666071,12330.751878251258,101187.3811569051,24250.918498743304,27869.755588826964,59971.367787770374,17943.268378227298,26448.777462964732,19874.5955494713,16449.7073008478
2022-12-11,12356.870703863116,12318.08941087949,101187.3811569051,24178.78439760294,27869.755588826964,59971.367787770374,17865.35414461907,26448.777462964732,19906.420362200643,16209.284726929845
2022-12-12,12354.918321010859,12279.890079601275,100583.87788956774,24155.09611555011,27869.755588826964,59851.42505219483,17750.59893197667,26448.777462964732,19890.507955835972,15968.798578294909
2022-12-13,12354.158260845817,12275.162815138763,100144.61512428624,24147.979175581808,27869.755588826964,59970.130942936965,17745.15197098688,26448.777462964732,19967.621925141673,15903.599525294194
2022-12-14,12352.758030915262,12308.706056685327,100665.44104558411,24141.24130897357,27869.755588826964,60487.31100859895,17768.691694115107,26448.777462964732,20478.042960069895,15965.25582486992
2022-12-15,12347.452952447624,12251.596356871236,98622.84117764402,24108.450667249188,27869.755588826964,60328.97498363959,17618.60740664333,26448.777462964732,20436.425897269994,15650.309734587012
2022-12-16,12334.59829110132,12193.475412496075,97047.98468774142,24035.037441101435,27869.755588826964,59795.2672636834,17364.53475043671,26448.777462964732,19962.725800106393,15408.99261533103
2022-12-17,12314.996567931708,11953.685107969422,87658.16339177685,23908.96952811036,27869.755588826964,58691.73935785527,16734.777098906576,26448.777462964732,19213.61866970814,13920.331758064916
2022-12-18,12314.996567931708,11980.041838444173,88490.44058943792,23908.96952811036,27869.755588826964,58952.459760068115,16740.32789957698,26448.777462964732,19395.99932727242,14036.040527079122
2022-12-19,12314.996567931708,11960.889864286128,86856.44946854954,23908.96952811036,27869.755588826964,58895.12313039969,16727.388151138286,26448.777462964732,19375.19079587247,13863.486729847264
2022-12-20,12314.996567931708,11835.487530470014,86856.44946854954,23908.96952811036,27869.755588826964,58509.15316282689,16576.34052260844,26448.777462964732,18930.867448920562,13156.726409703488
2022-12-21,12314.996567931708,11924.34966246627,86856.44946854954,23908.96952811036,27869.755588826964,59192.04163102662,16615.271620789877,26448.777462964732,19463.321046507557,13567.800300768746
2022-12-22,12314.816173740477,11895.53187689482,86856.44946854954,23907.906907242443,27869.755588826964,59162.32284349379,16611.68854880656,26448.777462964732,19416.80785867237,13399.647762101142
2022-12-23,12314.737331728202,11934.481960765492,86856.44946854954,23907.370298891125,27869.755588826964,59191.58800869395,16628.954128829802,26448.777462964732,19415.58382741355,13692.434142014545
2022-12-24,12314.220453895883,11914.267199550133,86856.44946854954,23904.114382181295,27869.755588826964,59121.96911387396,16616.107052081326,26448.777462964732,19304.196982860867,13539.76518925363
2022-12-25,12313.955960016485,11908.87707339074,86856.44946854954,23902.009667165523,27869.755588826964,59168.53972951125,16617.85217522346,26448.777462964732,19366.622577060723,13478.62682430639
2022-12-26,12314.344986160058,11908.388206361711,86856.44946854954,23903.11450253628,27869.755588826964,59041.12643719683,16676.220974785905,26448.777462964732,19404.567546084163,13416.548302114054
2022-12-27,12313.721195232014,11947.955553188298,86856.44946854954,23899.09456175709,27869.755588826964,59041.12643719683,16704.10581478043,26448.777462964732,19462.097015248735,13632.043593875398
2022-12-28,12309.659297120505,11910.278547549242,86856.44946854954,23878.000977073032,27869.755588826964,59041.12643719683,16665.49032397576,26448.777462964732,19225.858982296344,13458.402069468364
2022-12-29,12303.333564648368,11809.223698488944,86856.44946854954,23835.004689851354,27869.755588826964,59041.12643719683,16625.779489922304,26448.777462964732,19031.23801214386,12898.151111356847
2022-12-30,12302.14141390025,11797.141549549719,86856.44946854954,23827.845797092807,27869.755588826964,59041.12643719683,16628.954128829802,26448.777462964732,19087.54345004961,12813.01228190578
2022-12-31,12301.388515725164,11777.133170314684,86856.44946854954,23821.574723003003,27869.755588826964,59041.12643719683,16647.37074752126,26448.777462964732,19001.86126193216,12683.95058011707
2023-01-01,12301.125802098994,11779.392212026161,86856.44946854954,23819.457249694293,27869.755588826964,59041.12643719683,16668.774823245374,26448.777462964732,18879.458136050096,12687.840539109307
2023-01-02,12299.08236243091,11794.936136522587,86856.44946854954,23803.275619586624,27869.755588826964,59041.12643719683,16646.732814054296,26448.777462964732,19011.653512002726,12747.21564178656
2023-01-03,12299.330613537442,11870.487195954098,86856.44946854954,23804.502253756906,27869.755588826964,59041.12643719683,16756.921389637326,26448.777462964732,19097.335700120173,13119.656634999908
2023-01-04,12304.918996350627,11945.615156370754,86856.44946854954,23860.22082474412,27869.755588826964,59041.12643719683,16874.710076894353,26448.777462964732,19320.109389225538,13545.349443487694
2023-01-05,12314.14556235945,12014.573827877222,86856.44946854954,23935.348050743723,27869.755588826964,59041.12643719683,16952.29173829278,26448.777462964732,19438.840421331144,13849.737417836128
2023-01-06,12310.614944280947,12007.159539761324,86856.44946854954,23907.588985010923,27869.755588826964,59041.12643719683,16872.299277890474,26448.777462964732,19585.724172389622,13813.669543316024
2023-01-07,12320.134258949309,12048.19957468956,86856.44946854954,23995.931271038655,27869.755588826964,59041.12643719683,17103.349494204092,26448.777462964732,19495.145859236894,14050.993727528552
2023-01-08,12350.842991009891,12100.072694438419,86856.44946854954,24312.3619308763,27869.755588826964,59041.12643719683,17377.447913815486,26448.777462964732,19498.817953013357,14362.625907006066
2023-01-09,12360.969078745264,12167.496230358718,86856.44946854954,24334.842460000553,27869.755588826964,58982.085310759634,17541.92908385484,26448.777462964732,19668.95829798943,14603.547033881407
2023-01-10,12393.527747033282,12259.11972571055,86856.44946854954,24658.1327860863,27869.755588826964,59149.59862985258,17959.016196406978,26448.777462964732,19579.60401609552,15184.80264712294
2023-01-11,12442.092340732588,12354.404318003822,86856.44946854954,25102.876451242322,27869.755588826964,59261.81629021582,18466.178933464274,26448.777462964732,19872.14748695366,15770.733811397862
2023-01-12,12451.132390167664,12392.53537595459,86856.44946854954,25117.978384102986,27869.755588826964,59621.23807195894,18581.406030382284,26448.777462964732,20396.03286572891,15855.142001116745
2023-01-13,12486.659960379173,12465.06945198413,86856.44946854954,25444.387472925475,27869.755588826964,59733.455732322174,18988.010622074504,26448.777462964732,21235.718309279895,16289.391532286316
2023-01-14,12580.270783545468,12656.683597855372,86856.44946854954,26222.458225740047,27869.755588826964,60040.02136969131,20052.610843254955,26395.879908038798,22545.431756218015,17385.34286009189
2023-01-15,12653.566874199154,12801.696138393449,86856.44946854954,26803.717074844448,27780.57237094272,60761.30444753327,20917.197147099643,26774.84074855366,23647.059889156626,18281.961881718584
2023-01-16,12646.04931065845,12789.875411416328,86338.41895482065,26654.251744389272,27647.314564036424,60558.95976686446,20848.361790138653,26734.108023730678,23593.202513768516,18061.42649714994
2023-01-17,12652.587715977439,12799.944422639943,86392.46288543963,26682.934570110017,27656.05918240961,61359.16237829122,20911.682234200038,27007.20242879385,23954.291735120612,18096.44042369103
2023-01-18,12688.842354813645,12850.636327563478,88190.52008822453,27106.424250142594,28067.721703041116,61254.06461909971,21249.520343846612,27015.534122507644,23965.30801645,18625.041780671123
2023-01-19,12590.660558369596,12676.983267666214,83244.67723356081,26209.075658837348,27059.488771898414,59708.45753575767,20180.485629482024,26556.038471471864,23427.958293827724,17484.902531069165
2023-01-20,12636.120543701356,12767.733996906323,85734.11383009871,26605.162610624087,26986.127491227933,60727.05925667225,20726.275485358572,26645.584685245583,23803.735890285672,18067.70648987303
2023-01-21,12755.362667161673,13016.32084694724,92200.92770364002,27500.979606641406,27879.24725227544,64206.88557413765,22225.723292277613,27927.85021927153,25518.603683893438,19484.1944745732
2023-01-22,12730.540241903407,12962.256929790416,90505.53549994549,27268.58580107604,27647.956258111342,63694.49941058985,21900.230509504534,28035.849743193776,25663.039372434276,19072.859252690505
2023-01-23,12738.511839010029,12991.717740513866,91579.69762374298,27372.87142476598,27747.83032413455,63513.35693499172,22083.416673725304,27982.765231435384,25592.045559422677,19262.541760174332
2023-01-24,12774.040649043138,13054.251405629731,93188.14094405132,27653.03201929813,28047.344810066694,63768.02149158568,22474.6886632642,28140.188266305093,25802.578935939833,19638.8857587749
2023-01-25,12691.005411733811,12903.804964619034,88809.6793428897,26924.811993084073,27282.959949484582,62338.90772566052,21507.241304426905,27873.85045731041,25446.385839623017,18659.7370016024
2023-01-26,12736.063602219698,13015.588995332138,91913.76473711038,27294.57572857234,27658.75411873663,63593.447155607806,22220.558833963507,28199.6795294826,25882.14096776318,19336.026909071574
2023-01-27,12738.434516768883,13023.48973075692,92057.09182717123,27306.702145439936,27663.337001599546,63419.94401431322,22310.631107432935,28169.476272792483,25841.747936222095,19332.104813823644
2023-01-28,12772.932800968749,13089.514329552323,93957.032882459,27588.598639613025,27952.727978763363,63639.66247945404,22731.050012201613,28293.95030036388,26008.216187421705,19774.246589611415
2023-01-29,12767.302436603286,13065.754006669766,93403.00160330473,27576.401156077693,27941.82792349239,63266.04048248952,22575.205425377957,28261.00129306557,25964.151062104163,19709.13791915209
2023-01-30,12810.430385982845,13163.307279599816,95895.99991813788,27900.499825295272,28277.855744506138,65132.79999455674,23190.812213197467,28835.778420380553,26732.842692643546,20234.26256557417
2023-01-31,12716.254353061833,12988.738027963402,91485.74099015337,27122.150730804366,27463.766246091407,63020.35171065146,22056.064221702105,28126.45951326413,25784.218467057523,19239.280239569474
2023-02-01,12761.432403442857,13092.131640426465,95255.60633230585,27604.56204840648,27956.450990576788,63560.035657535,22726.45954859966,28335.136559486768,26063.297594068637,19956.59764655193
2023-02-02,12794.231489426607,13164.452248015627,96777.59840227308,27868.18669275402,28235.36073309714,64414.95964868933,23173.222154897107,28578.59311341318,26388.889908914938,20363.902016311942
2023-02-03,12790.451889781225,13161.693587139229,96153.32325226639,27799.18141079467,28163.47656598645,64685.79020966903,23153.754735405328,28591.406616251414,26406.026346538427,20302.786912887015
2023-02-04,12846.160295099196,13296.12122119017,99415.66692149022,28358.895756074075,28737.24347093792,65336.19152103724,24005.185928592487,28705.81289159277,26559.03025389101,21194.866706832727
2023-02-05,12860.976064264214,13321.813893012077,100302.94273691882,28451.011570741033,28826.4890080895,65297.77275983235,24169.30097591161,28639.91487699615,26470.900003255923,21285.412771964282
2023-02-06,12860.697836611433,13283.148485013055,101313.74178177814,28718.433272141643,29095.86451774816,64205.02371752443,23923.127246335476,28312.255304418497,26032.696812598122,21314.655795235725
2023-02-07,12840.330832403395,13237.21018455404,100100.56136224879,28536.716770678086,28911.729986597853,63982.142445930454,23624.10715050683,28258.255542457377,25960.4789683277,21034.51641456828
2023-02-08,12929.235304586104,13426.57878427155,105919.19140587565,29390.179842973892,29789.05266337526,65768.04347863383,24830.90579159133,28670.11813368627,26511.293034797003,22444.94954285765
2023-02-09,12881.869310787457,13338.340984375944,103122.99765657214,28919.589768039124,29308.491642622517,65078.76654523067,24321.615017802505,28459.610587058167,26229.765845268248,21752.25456093092
2023-02-10,12701.355494893642,12962.348219754414,93605.86313195834,27536.869946412407,27884.884766924315,61202.50440146546,22315.01728697922,27430.86935918867,24853.95471035381,19605.644251661553
2023-02-11,12720.701777485765,12998.450548450015,94787.84364374106,27713.4444816826,28063.700686948177,60716.88068806244,22518.89604722533,27395.174601282164,24806.217491259802,19911.587673085087
2023-02-12,12734.08640176434,13061.716948441179,95985.12711549264,27773.440119859337,28124.45662002163,61617.18405394646,22839.308896659393,27613.919399734845,25098.760962117944,20160.652626962226
2023-02-13,12717.002941589324,13007.074536490609,95074.49668788414,27643.90132671778,27993.2746483644,60895.247986097274,22530.764870755367,27538.86888311091,24998.39039889465,19928.65670008349
2023-02-14,12694.489759944621,12924.137147757989,92926.00584724078,27488.292334378977,27835.690915625037,60521.09877536604,22161.869042524817,27426.293108175014,24847.834554059707,19452.803032317097
2023-02-15,12733.66358171664,13078.07277381457,96619.75068195486,27847.429124131722,28199.382168545864,61721.93781700941,22935.530701672044,27779.57968642913,25320.310619964486,20351.97906429656
2023-02-16,12825.773049133639,13426.219491195176,103610.18764804504,28383.28511309473,28742.021126992608,66436.1353069779,24615.591156090566,29652.18160121649,27824.67857551159,21872.455656912185
2023-02-17,12724.252132071771,13187.261443838626,98017.81371000575,27690.371699199342,28040.334143059317,64993.59200108397,23447.159316149067,29018.82846092673,26977.648944407683,20594.79021322157
2023-02-18,12805.499570315971,13429.362347427934,103142.79720173751,28194.648874570576,28550.991350040607,67085.61494623452,24665.680645255536,29878.248401291017,28127.014296440295,21725.431788112
2023-02-19,12807.27262392807,13440.57011243383,103161.84800225569,28182.54735336657,28538.735156827177,67108.6434715344,24706.26866596166,29924.01091142756,28188.21585938133,21716.60266726209
2023-02-20,12814.079055506161,13448.077620776203,103463.51949114104,28227.065963147183,28583.814226927505,66424.2276925218,24813.05841582084,29632.04609675641,27797.749887817536,21756.56241748896
2023-02-21,12861.910029750941,13571.033624235093,106265.06812132032,28510.574669400565,28870.90699678412,67655.34514391403,25426.067592207815,30109.806702581925,28436.694204921925,22347.635863686653
2023-02-22,12806.76596798561,13449.328357252462,103877.0120990172,28217.920687493122,28574.55596647786,66553.8896725116,24825.011195629195,29854.45189602001,28095.189483710958,21867.440337896292
2023-02-23,12802.168768915197,13449.011845666795,103687.26915434554,28184.465998286156,28540.680341454216,66164.63695050152,24828.643529351404,29729.977868448615,27928.721232511347,21843.834132129698
2023-02-24,12795.447061672861,13416.224382758142,103015.90904503634,28129.836827548304,28485.360051045296,65989.17214754017,24668.64927871842,29530.453324253285,27661.88241808844,21699.873552845424
2023-02-25,12722.60195813064,13252.623557629755,100069.05247258182,27802.14341118047,28153.529795076232,64440.05222630854,23877.10983347033,28976.726951601107,26921.34350650193,21145.909072884424
2023-02-26,12700.523859152832,13210.692931423113,98533.96310899577,27561.0385770848,27909.369418954528,64331.55927478137,23661.333153714702,29034.387714373155,26998.457475807634,20742.33475086996
2023-02-27,12730.461972413656,13294.943988062534,100474.88094276335,27741.58286311308,28092.19684069176,65532.5502245237,24077.670493976933,29285.16626992141,27333.8420407245,21165.227602418683
2023-02-28,12705.076129333547,13202.729115438053,98563.87452211963,27595.619765469877,27944.38863778935,64994.316896039454,23625.022887738727,29129.573735457165,27125.756726724983,20757.609584369933
2023-03-01,12680.510916727322,13117.832781800267,96775.55081456987,27459.989696461853,27807.045539553234,64118.5401492322,23171.971291854898,28887.03243173348,26801.388443137505,20359.57462893161
2023-03-02,12714.714282646126,13225.519455135087,98616.01460446409,27779.212893906857,28130.31042499762,65389.608169147294,23749.63708383682,29124.99748444351,27119.63657043088,20981.840837816624
2023-03-03,12691.777161015098,13151.91235640234,97474.45486329563,27578.9018976128,27927.465502032624,65218.38596996222,23341.748788700344,29107.607730591622,27096.379976513286,20565.732468235452
2023-03-04,12625.405229090155,12955.671230682467,94057.47127635224,27148.58226853084,27491.702020681274,61958.73599177518,22311.424742056886,28069.714000694818,25708.32852901064,19621.35256790401
2023-03-05,12602.404746532455,12869.940003616855,92952.61597268152,26941.356367474247,27281.855436754602,61886.442794223825,21866.32940189426,28091.680005560356,25737.705279222337,19110.326333609268
2023-03-06,12604.950592878353,12878.097914026519,92507.96373864084,26956.153348367192,27296.839328042188,61927.6675296987,21874.781491731617,28177.71352461706,25852.76421755148,19159.71291372883
2023-03-07,12597.221392637644,12861.491007485365,92507.96373864084,26880.900432648483,27220.632440048867,61697.330752288624,21853.380966836397,28056.900497856583,25691.19209138715,19112.192634687595
2023-03-08,12589.677500120924,12882.490467601776,92507.96373864084,26798.32000994163,27137.008321573176,61902.89424281268,21839.04672865967,28079.781752924857,25721.79287285767,19151.73016391959
2023-03-09,12553.985260598787,12706.988740888959,92507.96373864084,26429.015583936474,26763.036439343763,61120.18583654251,21031.876001165263,27688.054666156044,25197.90749408242,18112.429045671946
2023-03-10,12517.6022936286,12440.116566346529,92507.96373864084,26191.07485782465,26522.088495554497,58464.28761305134,20288.74874337529,26456.127893280292,23550.361419709792,16874.518805150037
2023-03-11,12519.118289699221,12498.156121821099,92507.96373864084,26219.327847134347,26545.838042229665,58021.82948360321,20471.002480846517,26171.840008375937,23239.45747996934,17193.644533995623
2023-03-12,12515.596349632777,12461.63791235245,92507.96373864084,26170.69819301371,26541.11878213327,58807.80944343494,20415.03516055375,26232.62437685053,23539.345138380406,16991.42685625528
2023-03-13,12526.158016149428,12790.304147795374,92507.96373864084,26322.452336540446,26700.096046799456,61542.596964898745,20959.097418555873,27553.84970069593,25314.190463670384,18571.32217928847
2023-03-14,12527.984718290276,12920.660535356268,92507.96373864084,26342.767867822364,26720.907709066796,65338.75541979183,21158.023538203182,29065.51370915077,27344.858322053886,19142.726849019396
2023-03-15,12546.835708286195,13061.12030903342,92507.96373864084,26560.321483936896,26946.530819467178,66919.31776549248,21386.010891597463,29573.03877672652,28096.41351496978,19907.62743052594
2023-03-16,12519.804828664157,12915.180623193814,92507.96373864084,26344.779005329616,26725.29452102104,66572.57625642634,21206.806349786522,29588.499108926604,28111.101890075628,19243.594795270328
2023-03-17,12532.567276111118,12992.939619816,92507.96373864084,26441.97330002062,26824.656262353783,67741.42419326246,21351.546230346725,30369.245885030825,28852.864832920957,19620.87830753043
2023-03-18,12616.475611757374,13349.36628247381,92507.96373864084,27026.39453156486,27419.584699587547,72985.7084139633,22005.217080171024,33132.780265795765,31478.411883091303,21454.126227066805
2023-03-19,12580.600706640891,13217.047560407493,92507.96373864084,26807.375325657238,27194.828491598728,71669.95621169823,21889.047739816073,32520.80878287579,30896.997035151482,20948.39285815594
2023-03-20,12609.05668840239,13330.930718180956,92507.96373864084,26930.083863546744,27319.511939991353,73693.52175502593,21986.705250837607,33834.93701988289,32145.50891914857,21349.803635944452
2023-03-21,12549.317753155383,13155.939793959158,92507.96373864084,26463.176543317695,26843.603828374835,72119.20239828891,21571.477796809606,33418.79641149731,31750.146822549494,20473.923365965293
2023-03-22,12569.870600773675,13410.679574832488,92507.96373864084,26539.48741060319,26921.207018698035,73620.25179990355,21672.470540424016,33715.119445332246,32031.67401207825,21287.847739505607
2023-03-23,12481.749542424875,13181.155369760094,92507.96373864084,25967.300232166497,26339.28678013209,70530.10340953538,20865.603673346526,32404.856291375163,30786.83422185762,20177.80091049115
2023-03-24,12561.118748985651,13389.13678370688,92507.96373864084,26592.63883372327,26974.18788622448,73610.79202599154,21590.80182661377,33684.19878093208,32002.29726186655,21334.314418587175
2023-03-25,12518.046782530531,13253.725830467456,92507.96373864084,26277.940293916647,26653.79736681708,71814.35805364957,21075.451111223094,32969.15841667821,31322.95991322108,20633.10765467074
2023-03-26,12494.501452567994,13193.835621710467,92507.96373864084,26001.26694817565,26372.74498046698,71594.27569690318,20823.979039145597,32936.94939126137,31292.359131750563,20174.05813639574
2023-03-27,12532.025134558888,13273.54986276,92507.96373864084,26365.49230934591,26742.831854372744,72703.80265026155,21195.383324160917,33451.00543691415,31780.747604020013,20747.270731043252
2023-03-28,12493.090880882497,13134.793748024164,92507.96373864084,26006.006982019826,26376.0401754747,70321.52500632193,20674.997209929978,32422.89334560859,30803.97065948111,19936.661406949403
2023-03-29,12553.757830638959,13274.829606847376,92507.96373864084,26589.6824945439,26968.706525256766,71357.02879199127,21381.06883793514,32447.372204925392,30827.227253398705,20896.79461983959
2023-03-30,12586.990890557303,13421.052370718338,92507.96373864084,26852.582563328535,27237.689074472422,73116.12166071113,22052.52337092799,33698.37075211549,32015.761605713582,21621.158787400564
2023-03-31,12564.18082395632,13344.55795472706,92507.96373864084,26665.324806235825,27046.043190619326,72349.30760397957,21749.21441369174,33143.087153929155,31488.20413316187,21201.82922020211
2023-04-01,12596.453335536255,13463.382818289378,92507.96373864084,26878.953244191463,27263.057607521627,73874.493041248,22174.211517647513,33823.341770732826,32134.492637819185,21725.32147218916
2023-04-02,12590.524604486953,13492.097437398956,92507.96373864084,26843.77262302387,27227.060061777745,73810.95326283516,22099.06534206694,33801.43963344938,32113.684106419234,21888.603605746623
2023-04-03,12563.647588748207,13412.834464179203,91956.22638035865,26603.220606127295,26982.16890090254,73187.58665644738,21788.988415293567,33600.45531484829,31922.73523004321,21435.85828109771
2023-04-04,12585.521477707702,13465.816269448178,93305.59574902685,26832.779028700184,27215.031855724996,72357.96517968999,22155.008557775906,32860.936091277625,31220.141287480143,21783.219322374294
2023-04-05,12585.70057845587,13488.414481177162,93532.51361821682,26763.86367631313,27145.53607011152,73705.21863223368,22184.36481296847,33153.394042062544,31497.996383232436,21822.949452310208
2023-04-06,12594.531791306794,13511.501448126131,93968.48112963974,26818.79888586516,27201.623260870925,74784.9399911362,22273.998733290624,33262.9047284798,31602.039040232194,21927.154651985253
2023-04-07,12569.79228207575,13443.61227871435,92397.0220801201,26663.175296811187,27042.981265589646,73880.83166665325,21878.01704120961,33136.645348845785,31482.083976867765,21563.84297425903
2023-04-08,12562.606231895434,13435.595484688785,92130.18225635315,26589.888283376662,26967.961310387305,73590.49925216287,21881.00891950031,32983.33038786162,31336.424257068105,21498.58386249301
2023-04-09,12555.108030590685,13414.821830056695,91579.73380659083,26512.426781726128,26889.38049113209,73489.4761421736,21757.43800727881,33092.841074278884,31440.466914067863,21367.35414542438
2023-04-10,12569.796477871752,13449.394971097985,92554.6843779087,26661.914027030034,27040.995403922898,73951.66637031425,21953.23984550311,33448.4287148808,31778.29954150237,21596.280882586198
2023-04-11,12614.47254705312,13589.009602851589,95941.24622098701,27016.320336555098,27400.445830268545,76918.98949676854,22651.704214690883,35103.97262130642,33351.17970908694,22402.073417256448
2023-04-12,12615.445271165649,13597.541767096016,96306.23702432693,27016.742302053393,27400.87125107379,76963.76774758619,22598.816598066413,35637.3540822093,33857.9286502387,22495.82117118814
2023-04-13,12595.163916987032,13542.256949887527,94950.88193934195,26857.8593681386,27239.728302128013,76583.93374302826,22269.026906716244,35026.670960306,33277.737833557694,22181.05161244285
2023-04-14,12631.828345142205,13646.461937042524,97278.59920152878,27118.796478517157,27504.3813544091,78728.85001660924,22879.942468194924,35449.253373774955,33679.22008645088,22723.64495973306
2023-04-15,12700.739855463773,13803.767753235932,101881.50497064914,27784.35499305997,28179.410082478273,80932.20254300706,23806.158563198704,35718.52082625974,33935.0426195444,23826.641823548558
2023-04-16,12710.64358437335,13830.677006085132,102436.81516022937,27847.32874793947,28243.27815072428,80593.6401212397,23929.707411937314,35553.610616125516,33778.366618415355,23958.860517746532
2023-04-17,12747.700195478596,13900.339227316683,104744.18828962308,28229.596647298305,28630.982740504114,81163.54635219707,24380.03203898629,35558.76406019221,33783.262743450636,24534.419540471852
2023-04-18,12716.250058837597,13845.02025100697,103649.99329295507,28044.833550899584,28443.589379917466,79634.14410368956,24092.043184440827,34771.57547900462,33035.3796443112,24269.443332719635
2023-04-19,12743.645664884667,13921.519100887239,105026.98556689723,28157.21239556057,28557.567108372838,81001.35382363693,24551.053308594972,35648.94933135936,33868.94493156808,24521.75453453556
2023-04-20,12575.493091069427,13592.088711039645,97316.79254998325,26974.859768498674,27358.393691829107,75902.03910079763,22670.154255375237,33919.96884698335,32226.29498223074,22720.025932399887
2023-04-21,12542.97013382125,13483.401370435702,94485.30143179157,26695.841646157663,27075.408367731172,75130.58569106454,22027.588064937852,33183.02634544604,31526.14910218531,22000.359254834675
2023-04-22,12493.690766080737,13275.804596694023,89495.96788683947,26304.272106821987,26678.27133805912,71841.75121895918,20826.854458189788,31943.623047406003,30348.63103119982,20770.439691859377
2023-04-23,12509.524872427188,13383.6870555173,91973.86176977471,26441.64740333101,26817.59989139697,73527.84468232369,21302.544473644695,32857.071008227605,31216.46919370368,21383.074205931596
2023-04-24,12490.547994365945,13305.291068375098,89355.55414710537,26225.267970904155,26598.143863793455,72594.28557672983,20971.262211680165,32389.39595917508,30772.145846751773,20803.58026543938
2023-04-25,12486.02463875093,13274.729315443697,89355.55414710537,26204.41699949393,26576.996428775747,71672.06624534055,20835.816519942986,32075.035871106713,30473.48221959953,20670.030706397472
2023-04-26,12519.14524237513,13407.576096842791,89355.55414710537,26530.864085717167,26908.085004120057,73232.17871392288,21513.800697506224,33216.52373187955,31557.973914914648,21615.81486895333
2023-04-27,12513.05435095198,13321.659823862188,89355.55414710537,26467.748855572332,26844.072388897388,73012.01565826814,21175.21930025532,33174.00781832932,31517.580883373565,21155.883448578745
2023-04-28,12536.295707603702,13428.230789503861,89355.55414710537,26651.879830738646,27030.821374200816,74840.89760487436,21616.398023080903,34417.27619941937,32698.771048135517,21802.14889119099
2023-04-29,12524.196026109441,13420.626310812651,89355.55414710537,26529.096760133194,26906.292549785598,74383.96229176386,21610.78015523087,34261.384516401864,32550.663265818217,21665.8540498808
2023-04-30,12522.628992280714,13443.15333269355,89355.55414710537,26504.924354356743,26881.77645644904,74678.79279431213,21641.11656257928,34177.641050318074,32471.101233994872,21737.070865349466
2023-05-01,12507.495770263426,13355.6448540975,88822.6184364865,26368.83751982213,26743.754712607828,73964.56208385562,21330.41886557555,34194.38974353483,32487.01364035954,21183.77775548565
2023-05-02,12491.426275603428,13273.605267494555,86936.01183610728,26271.02016129766,26644.54656765068,72017.36814881292,21035.714028256876,33028.4230234452,31379.26535112683,20734.32775236691
2023-05-03,12496.770509782411,13306.776367966866,87820.39043953364,26296.69893463301,26670.59044669264,73182.16786647686,21136.56237019875,33534.74890299793,31860.309635843354,20944.032050328406
2023-05-04,12506.557433037216,13341.519110484303,88951.63051026782,26390.56541719946,26765.791541163293,73923.94193777296,21303.297687686878,33774.38405209923,32087.979449984,21211.58087367944
2023-05-05,12493.83088810369,13283.16803349422,87190.29824845381,26231.341723434885,26604.30397357306,73519.7506207694,21137.104703429908,33734.44486058235,32050.03448096056,20792.159530651625
2023-05-06,12514.76541536221,13379.24031685179,89225.16899769842,26380.000045707853,26755.075948400536,76599.81529303046,21642.95441446485,34485.55933330308,32763.644704853014,21277.39840231835
2023-05-07,12477.236779852305,13196.032926519258,84980.26515802773,26103.04073231318,26474.17877434124,74109.34060820188,20931.64929564883,33827.20685378285,32138.164731595647,20265.502322943837
2023-05-08,12469.300170760014,13156.538157170406,83826.763876226,26059.149819799033,26429.663812410457,72860.20841258537,20721.864522236065,33319.59261321344,31655.896415620304,20110.839012908727
2023-05-09,12449.760137501687,12940.508424075504,83826.763876226,25892.062489686476,26260.200802575604,71952.22183464498,20089.123046441102,32460.25581509213,30839.467565986914,18943.070581288925
2023-05-10,12442.27534027952,12954.919493634192,83826.763876226,25811.57737298607,26178.571333041487,71999.27351084985,19965.719073347373,32475.716147292213,30854.15594109276,18875.322165921738
2023-05-11,12446.86815949256,13008.467683358162,83826.763876226,25863.68665297328,26231.42151277107,71858.83523123189,20197.93069561421,32404.856291375163,30786.83422185762,19181.66364169662
2023-05-12,12432.053403220743,12877.90819523286,83826.763876226,25739.600850851682,26105.571434903675,71013.35094674781,19819.847040883888,31881.781718605667,30289.87753077643,18463.495996836715
2023-05-13,12436.175857653578,12973.700691602698,83826.763876226,25776.915898015544,26143.41703456876,71266.64862625199,20012.06454844173,31821.228750822007,30232.348061611858,18938.589132672463
2023-05-14,12433.474362977719,12925.439279747889,83826.763876226,25756.500764324846,26122.7116345898,71134.93810276262,19949.026790838856,31832.823999972068,30243.364342941244,18691.621335306954
2023-05-15,12435.621107027984,12965.662289268737,83826.763876226,25770.247111454308,26136.65342992052,71281.57394214848,20008.940768590393,31982.27387790621,30385.35196896444,18878.470433069215
2023-05-16,12439.949628653289,13003.3593222625,83826.763876226,25808.304617515354,26175.25204490557,71592.23682582926,20088.481676634463,32188.41164057399,30581.19697037575,19115.25840823671
2023-05-17,12437.597139476415,13022.931438632486,83826.763876226,25783.52575447351,26150.120871234205,71605.78763154153,20062.13168902836,32042.82684568987,30442.881438129014,19198.839040857903
2023-05-18,12450.601339583422,13118.604104589536,83826.763876226,25878.552550040717,26246.49877601542,72016.79805072185,20194.572594870417,32543.999281175915,30919.029597810255,19711.931153945785
2023-05-19,12440.37477100816,13071.755546454793,83826.763876226,25823.311623829988,26190.472423715684,71502.75079311963,20027.161839854023,32073.747510090037,30472.258188340707,19489.487441694582
2023-05-20,12446.908620000213,13093.579813595563,83826.763876226,25892.85539753846,26261.004984143452,71595.80279697294,20106.284529442375,32062.152260939976,30461.241907011325,19646.20011581443
2023-05-21,12449.201233792419,13099.004843467512,83826.763876226,25913.462020750656,26281.904596278673,71882.6672360291,20117.37134347335,32301.78741004127,30688.91172115197,19668.790717775293
2023-05-22,12428.689214728613,12992.666017983582,83826.763876226,25751.599775184146,26117.74096224506,71316.2691531067,19856.95580450384,31857.30285928887,30266.620936858835,19115.797781161356
2023-05-23,12429.483791462326,13016.989014495,83826.763876226,25749.973326195362,26116.09138809246,71601.62568654919,19848.189599381883,32006.75273722301,30408.608562882033,19189.397235473458
2023-05-24,12438.265681616236,13081.450265814694,83826.763876226,25795.439464501636,26162.20397267764,72594.77745066234,19895.922364993137,32541.422559142567,30916.581535292615,19441.277267310306
2023-05-25,12409.297011795852,12929.068348842233,83826.763876226,25641.002331564083,26005.571022949134,71200.75988143016,19584.991284250496,31517.144630222632,30003.45421621239,18714.171511083965
2023-05-26,12410.290592922538,12934.39613884634,83826.763876226,25642.09397547623,26006.6781880639,71505.7234621845,19592.664591777284,31599.89276783759,30210.315498953085,18733.724240323172
2023-05-27,12415.573383454088,12984.245976675626,83826.763876226,25671.945016933772,26036.953657356982,71988.8836852137,19676.53754451847,31879.00530879576,30477.15431337599,18972.388020273418
2023-05-28,12417.88055025617,13057.525780210653,83826.763876226,25684.18916106073,26049.37189107465,72137.6594418141,19710.546693514945,32050.569898192065,30641.174502057962,19294.249836424904
2023-05-29,12441.428758772843,13204.41814606034,83826.763876226,25835.52105151216,26202.8554473835,74223.03425476889,19951.03736209397,33515.270571844114,32041.466262148813,19985.720652909025
2023-05-30,12438.96197947114,13192.733448178158,83826.763876226,25839.846994377476,26207.242897334574,73729.41432414047,19947.33217290335,33186.22505337508,31726.890228631903,19976.833970980497
2023-05-31,12452.910553080754,13228.841583595473,83826.763876226,25943.421999026228,26312.29055127436,73670.35095522583,20178.822153758883,33030.02445705904,31577.55841505578,20162.819185422657
2023-06-01,12431.171974961759,13147.87867359873,83826.763876226,25791.471283797706,26158.179371619,73029.85110571308,19874.105491470724,32615.19664389185,31180.97228719788,19734.143382013437
2023-06-02,12407.598506154982,13094.202331955476,83826.763876226,25680.42435540123,26045.55355668586,72010.97064094261,19619.228420337877,31934.05961733338,30529.78765750528,19536.911450797663
2023-06-03,12439.213210851107,13225.238307245108,83826.763876226,25884.527765167895,26252.558947897858,73574.47706315853,20144.40117298819,32603.67364908165,31169.956005868495,20164.675841516528
2023-06-04,12436.66721268712,13216.012810508462,83826.763876226,25885.923823523113,26253.974855678658,73122.170055069,20091.44477812861,32389.858078714613,30965.54278564544,20125.297141955023
2023-06-05,12440.721304751907,13320.668197977036,83326.80305787876,25903.47849243051,26271.779120237137,73126.82500033268,20173.722828170285,32438.51072346879,31012.055973480627,20569.68805416893
2023-06-06,12348.820154159834,12958.28985652087,76190.07434083484,25300.901614226008,25660.63468835024,70372.77905092301,18638.5737456893,30724.02993231431,29431.831618343134,18777.993852191797
2023-06-07,12373.578513496888,13109.61627902877,79059.29864058035,25444.726359578577,25806.504361530668,73116.67903369664,19099.724232046116,31859.02397253332,31146.6994119509,19498.218507313893
2023-06-08,12352.87095894887,12922.24727863834,75980.4120358633,25314.203701235838,25674.125906985704,71306.34940174247,18479.134808745133,30740.71038107051,30113.61702950625,18731.21544870509
2023-06-09,12352.767152224966,12961.306949866503,77235.42478852971,25312.606555082108,25672.506052301487,71319.8037860015,18568.214832658985,30729.024815936093,30096.480591882762,19051.53666543058
2023-06-10,12352.83459289938,12863.378774085322,74980.05678850663,25264.955927620525,25624.177919075006,71336.84452373839,18450.085031921,30770.758977130434,30157.682154823797,18503.311959175437
2023-06-11,12313.82432114838,12477.662472802676,67326.47121700583,24955.944474627224,25310.772881947043,69292.0802489882,17593.574585450235,30353.41736518706,29545.666525413457,16605.343889235188
2023-06-12,12317.039100337031,12450.932217021755,66434.00962527774,24974.4145600872,25329.505578626304,69068.94851354907,17613.315202106067,30370.94571288868,29571.37118184869,16482.50265165446
2023-06-13,12316.019129416401,12439.75950789441,66434.00962527774,24968.69372927529,25323.70340794414,68894.64790795825,17638.68834658942,30282.46929115668,29441.623868413702,16423.39771593973
2023-06-14,12316.90797847609,12458.916990734206,66434.00962527774,24984.541349659536,25339.776352836,68851.67482039476,17694.847927655253,30269.114359574494,29422.03936827257,16545.964673976174
2023-06-15,12298.126681850765,12268.251991610636,66434.00962527774,24872.619387946903,25226.263063195107,67824.81436242283,17540.02504092707,29550.452103808006,28368.14845442797,15786.376206810395
2023-06-16,12297.745295316588,12310.558764887412,66434.00962527774,24867.42828917367,25220.9981563834,67902.93820415591,17504.19789642495,29714.050015689805,28608.05858115682,16072.698480065334
2023-06-17,12300.182944398048,12375.819600845882,66434.00962527774,24880.736500836458,25234.49558675331,68556.19700740496,17490.426678143052,30279.96524148502,29437.95177463724,16303.242852473231
2023-06-18,12303.885584375546,12444.921567214229,66434.00962527774,24923.463899800798,25277.830492075056,68702.21190874957,17474.441464140033,30422.696072769657,29647.261119895575,16591.935781990735
2023-06-19,12299.252436672554,12408.280120659532,66434.00962527774,24869.313166386943,25222.909833142578,68581.23711096088,17470.267690778343,30285.808024052232,29446.519993448983,16392.0790103934
2023-06-20,12308.527238375671,12496.754371052388,66434.00962527774,24934.133096293186,25288.65138525048,68941.19781573646,17509.241137190664,30702.314952771718,30057.3115916005,16785.93307110689
2023-06-21,12331.731782802883,12701.406259675592,66434.00962527774,25083.86535457462,25440.512565512185,69941.11256621551,17511.88155491261,31763.2594221347,31702.40960345549,17681.230820706794
2023-06-22,12382.260012246059,12899.323321624146,66434.00962527774,25378.658775084026,25739.497415442114,71151.18176973282,17704.613917096387,33436.04265965561,33371.98824048689,18462.30282916051
2023-06-23,12381.81230361144,12909.337792963119,66434.00962527774,25361.39327865003,25721.98643486675,71113.76216426158,17607.563274549924,33480.19236387171,33416.05336580443,18475.093338286657
2023-06-24,12429.124452954266,13083.779236932747,66434.00962527774,25618.2935281546,25982.53934141519,71718.2594726729,17695.98961925823,34526.295077658615,34460.15202957847,19138.021886054736
2023-06-25,12401.637559458528,12985.627437503124,66434.00962527774,25423.709660525084,25785.188843017153,71537.76644098379,17532.84557577043,34364.41282886627,34298.57990341414,18664.865502299144
2023-06-26,12407.398995496307,13021.669008287508,66434.00962527774,25479.80374235147,25842.080481262805,71440.91463376123,17562.669234852056,34249.13304563535,34183.520965084994,18874.8613050873
2023-06-27,12394.591934585025,12952.383170993222,66434.00962527774,25503.235029915384,25865.844919369512,70705.75542913131,17601.80293465277,34019.7998598462,33954.62711968553,18815.10542288631
2023-06-28,12410.434149403987,13030.21112563273,66434.00962527774,25620.514449795417,25984.791840546066,71345.81443515934,17672.20452068918,34368.09197088428,34302.2519971906,19177.73835039922
2023-06-29,12392.927926871042,12871.885359038171,66434.00962527774,25698.561525860787,26063.94860491534,70067.17278136093,17560.265353206283,33783.10839002103,33718.38908673314,18971.597512559012
2023-06-30,12422.551323111076,13032.97712343077,66434.00962527774,25963.150429637182,26332.29948449741,71025.44646187093,17846.04998241543,34339.88521541288,34274.09927823773,19868.172185534717
2023-07-01,12430.739279752126,13210.832651743112,66434.00962527774,25987.914442856476,26357.415597208616,71822.56893989704,18038.737191324497,34227.05819352731,34161.48840242622,20396.421086903287
2023-07-02,12434.848802321774,13255.792476902954,66434.00962527774,25955.425790066423,26324.465014518963,71842.89616906125,18065.43108356606,34343.56435743089,34277.77137201419,20495.306795645185
2023-07-03,12455.106312176542,13289.255284351733,66037.78292771145,26089.38008907523,26460.323901455482,71978.1864902754,18261.55568945781,34369.31835155695,34303.476028449426,20649.54960429617
2023-07-04,12448.547540398358,13317.156590239265,66180.00229133538,25955.30907997994,26324.346645026075,72953.313355133,18227.97545034938,34988.64059125494,34921.61181415386,20708.913168876825
2023-07-05,12422.010283293655,13261.729670110279,65399.80602496538,25799.76050866962,26166.586454280758,72352.73027734127,18032.854772404266,34678.36628106961,34611.93190567223,20459.68163959262
2023-07-06,12389.048217601407,13172.18875556875,64252.04071816974,25611.264072527032,25975.409939638634,71750.39521525982,17748.471987640853,34478.466231424514,34412.414810484464,20085.0398902758
2023-07-07,12333.608735284872,13008.89226666859,61870.317939199245,25265.06127417372,25624.284763465705,69730.06861503929,17132.800797182797,33725.46849840557,33660.85961756857,19342.10585623383
2023-07-08,12353.007914628599,13090.392075106192,62965.08131458299,25369.294923134483,25730.000426448714,70180.56559266118,17481.038941042534,33989.14034302947,33924.026338215015,19690.248927767087
2023-07-09,12357.875706769513,13144.54419632761,63875.763899870304,25412.61344157972,25773.93485590157,70023.89319958436,17636.093609828455,33926.59492872333,33861.60074401516,19963.776664663143
2023-07-10,12342.960759950916,13080.429473081102,62783.60739052315,25301.37461191012,25661.11441120618,69666.52312178341,17358.991484707476,33780.65562867569,33715.9410242155,19634.891545256967
2023-07-11,12347.210697412274,13104.938307665092,63183.04147694715,25308.781227516767,25668.626335494777,69907.2515227437,17511.53644374395,33909.42559930596,33844.46430639167,19759.354170579605
2023-07-12,12350.983136258332,13143.233223838844,63933.450415812105,25315.873330467934,25675.819275326605,70002.62712530859,17688.99156443452,34131.400501059106,34066.01396423821,19971.74391685836
2023-07-13,12325.238572683693,13062.738254420603,62752.126723860645,25168.19698973045,25526.043244039003,69215.85402117069,17426.95300883766,33470.381318490356,33406.26111573387,19612.963015606023
2023-07-14,12424.628814322537,13606.874869810423,69456.54394395456,25666.036191487183,26030.960819096344,71285.98426457914,18581.52621319169,34409.78891375504,34343.8690599905,21739.12709620738
2023-07-15,12371.421622192978,13496.127549451001,67587.11722428858,25337.656153337084,25697.9118105512,69678.69006603598,18084.751213333395,33201.80395117578,33138.19827005214,21156.097423333827
2023-07-16,12378.1558002924,13531.62721054432,68278.20488578663,25376.25634903094,25737.060831234397,69568.6599019118,18153.999596258374,33177.2763377224,33113.71764487572,21371.590389355737
2023-07-17,12361.156819671563,13472.731077306638,67606.3377012562,25274.696086818607,25634.056565725594,69258.65528366088,17902.828823137563,33102.467116689564,33039.05173808766,21155.88084367852
2023-07-18,12356.189752476896,13457.691208113596,67307.47062105699,25246.081183526287,25605.034810247373,68879.48641891996,17809.186716704382,32933.22658386121,32870.13542437041,21055.069080081837
2023-07-19,12337.388197550401,13383.188502648523,66180.85486736588,25153.63902747252,25511.278293880176,68324.60723908662,17512.33748863543,32646.25350645659,32583.712109806373,20724.51625805838
2023-07-20,12355.188720015149,13417.132299729854,66758.87020420053,25295.146917914793,25654.798170662605,68382.92449572535,17717.440997373968,32754.175005651487,32691.426860582593,20964.67998316902
2023-07-21,12354.94476974894,13426.567985360114,66806.33976678336,25293.287571318077,25652.912387519194,68736.35475631061,17698.57758714951,32862.096504846384,32799.14161135881,20946.973358951192
2023-07-22,12346.986072605923,13440.280364346929,66954.23246078362,25213.49399658541,25571.984292429443,68842.482927073,17733.084350429912,32957.75419731459,32894.61604954683,20967.314967360024
2023-07-23,12319.7823939407,13378.892731374024,65925.65166984708,25009.40030339358,25364.988755944407,68328.01008848292,17456.58231145245,32875.58669224575,32812.60595520584,20591.70205337534
2023-07-24,12329.596514246847,13429.956539959687,66524.2559126174,25061.21624011025,25417.541421592243,68866.84131014076,17645.876058924514,33204.25671252112,33140.646332569784,20790.152548367783
2023-07-25,12291.223577551189,13274.826263452353,63990.37375448491,24819.091210921004,25171.973812276774,68115.94240211308,16957.850724032007,32371.544235778667,32309.52910783054,19954.81113982879
2023-07-26,12289.758494283271,13287.65326476654,64165.24157048444,24811.861069442857,25164.640871259704,68227.47582024698,17010.52234557865,32456.16450219285,32393.98726468917,20011.297823444216
2023-07-27,12299.669264634302,13311.516665149276,64517.79185419236,24876.117443219482,25229.810854488802,68309.92273415466,17152.564633490285,32497.861445063605,32435.604327489073,20159.440235663355
2023-07-28,12302.805781039913,13343.103185576343,65085.42390201257,24896.0766077649,25250.053802265673,68403.359651643,17305.40511884554,32593.51913753181,32531.078765677084,20335.553033895416
2023-07-29,12302.63466008734,13390.548146313027,65701.05730877836,24887.321970011697,25241.174689392978,68456.73350140156,17406.091614470162,32597.19827954982,32534.750859453547,20510.226263091958
2023-07-30,12318.643464077923,13453.64286861201,66463.20134717549,24957.672026904434,25312.524996894026,68534.79594681461,17621.373572253542,32646.25350645659,32583.712109806373,20750.06326182991
2023-07-31,12296.810814332273,13386.804699796769,65114.850485139745,24835.89680196749,25189.01834844157,68355.02887530549,17358.230968950305,32568.991524078425,32506.59814050067,20425.085672848774
2023-08-01,12284.009240740172,13345.257572661692,65114.850485139745,24751.0568790184,25102.9721551881,68357.34547588389,17174.243276423735,32593.51913753181,32531.078765677084,20174.270915284098
2023-08-02,12290.96891690137,13371.373395794784,65114.850485139745,24802.975530065283,25155.628995578205,68733.93836233778,17294.67753610705,33027.65789565674,32964.3858312996,20289.70464380082
2023-08-03,12235.79757807303,13241.347485469945,65114.850485139745,24398.31491513249,24745.214838372245,68380.53848741887,16700.03969111314,32685.497687982006,32622.881110088634,19598.301754120577
2023-08-04,12218.79522792192,13182.532825768172,65114.850485139745,24256.047133527867,24600.9242661491,68346.24649328252,16411.173182877723,32695.308733363363,32632.673360159202,19247.067678636202
2023-08-05,12205.28842153485,13157.535378529281,65114.850485139745,24119.132886943906,24462.063346534826,68066.40708315352,16306.544571351687,32425.50498537612,32363.386483218652,19016.374073631283
2023-08-06,12243.051028255742,13240.009605018655,65114.850485139745,24283.176072652248,24628.438929735705,68103.09750808848,16587.440371078075,32404.65651394074,32342.5779518187,19198.737631011652
2023-08-07,12221.193930306532,13198.817333663439,64726.49153592419,24171.93618319628,24515.617410185703,67967.1397113424,16398.39580630939,32389.939945868708,32327.889576712852,19027.44270640176
2023-08-08,12217.866593492594,13191.462193065527,64661.03262467361,24184.48658720168,24528.346258243546,68060.27081671989,16328.261572379983,32491.72954170026,32429.48417119497,19000.347719784157
2023-08-09,12244.437502356257,13296.123863314322,66278.19459154789,24365.037946687837,24711.46473160475,69005.11197988137,16706.050826989085,33255.76470077323,33192.05564544025,19488.782571475604
2023-08-10,12243.27874804363,13301.385338609209,66469.27246369602,24339.745914387055,24685.813092335447,68808.0379729222,16760.58595871431,33038.695321710766,32975.40211262899,19536.48051778682
2023-08-11,12237.561795082029,13289.203027428266,65981.42906138851,24271.459980098614,24616.556255529955,68633.52249422218,16720.774216395817,32869.4547888824,32806.48579891174,19409.595582481314
2023-08-12,12245.961863397612,13314.54914047236,66420.13537281376,24308.076411913287,24653.693306798472,68696.91262440945,16843.192484671283,32920.96277713451,32857.89511178221,19547.131381606116
2023-08-13,12249.78284102112,13322.931300657878,66430.07049470075,24319.741679576444,24665.524433475704,68798.98565428973,16880.44775471138,32994.54561749467,32931.33698731144,19559.367460575377
2023-08-14,12230.31339997251,13270.381251244466,65196.27999813821,24201.74439526237,24545.849441130835,68533.04228796536,16671.162130383847,32821.6259426483,32758.74857981773,19306.72598581235
2023-08-15,12238.868031083011,13313.05422971413,65196.27999813821,24257.937379704475,24602.841388208573,68806.56293001794,16781.681117596414,33038.695321710766,32975.40211262899,19509.748745680423
2023-08-16,12181.876668694762,13136.031436734429,65196.27999813821,23867.010919755743,24206.35666083767,68449.81863505239,16274.81876314107,32795.87194852225,32733.043923382495,18562.47375145041
2023-08-17,12138.574992210632,12966.24853070651,65196.27999813821,23589.077714916257,23924.471748359363,67962.31402906375,15894.91238237637,32369.09147443333,32307.0810453129,17710.172308651505
2023-08-18,12091.113879340706,12648.726863969063,65196.27999813821,23239.164001045603,23564.326577099837,64807.5480664581,15240.940944031816,29934.691500525947,29997.33405991829,16205.462010884885
2023-08-19,12097.240917161049,12731.981419235213,65196.27999813821,23278.633460324738,23564.326577099837,64126.97193783881,15312.795199096141,29722.118850596606,29360.837805331535,16640.0171687853
2023-08-20,12098.106859807553,12781.623018472186,65196.27999813821,23283.53075037272,23564.326577099837,64345.781701186876,15373.064912788243,29758.501477219128,29469.776587366578,16895.120019637783
2023-08-21,12096.559403041025,12801.546414181246,65196.27999813821,23273.502624692966,23564.326577099837,64265.68879691413,15372.618635938967,29766.268554812697,29493.03318128417,16988.289832181472
2023-08-22,12091.733747791435,12713.745194149655,65196.27999813821,23241.30373130728,23564.326577099837,64265.68879691413,15237.118522461236,29723.754024826827,29365.73393036682,16565.248794112435
2023-08-23,12088.847510155618,12681.724196373263,65196.27999813821,23221.671115272264,23564.326577099837,64265.68879691413,15230.260617248454,29731.929895977955,29390.214555543233,16406.799135612753
2023-08-24,12092.716976983307,12800.024230284132,65196.27999813821,23244.226379666605,23564.326577099837,64265.68879691413,15318.401632693543,29860.291073050677,29774.560370812924,17021.962559206928
2023-08-25,12088.363318332642,12746.432146976305,65196.27999813821,23214.673646821007,23564.326577099837,64265.68879691413,15289.538451843731,29825.54362065838,29670.517713813166,16758.173738480684
2023-08-26,12085.012498860764,12719.33355069065,65196.27999813821,23187.03486078694,23564.326577099837,64265.68879691413,15281.935995165277,29781.393916442285,29538.322337860533,16602.631301141155
2023-08-27,12084.916298378113,12698.310051966047,65196.27999813821,23183.849558398655,23564.326577099837,64265.68879691413,15257.037033123897,29768.312522600478,29499.15333757827,16499.304701258923
2023-08-28,12081.552210790105,12708.449861944784,65196.27999813821,23164.748059420937,23564.326577099837,64265.68879691413,15248.859657150286,29792.840136053866,29572.595213107514,16533.60000059614
2023-08-29,12079.054141671026,12697.321345780643,65196.27999813821,23144.78039640287,23564.326577099837,64265.68879691413,15263.007811252886,29771.174077503376,29507.721556390017,16477.0027369319
2023-08-30,12079.47353791697,12858.94078316115,65196.27999813821,23148.442134972018,23540.23859882104,64265.68879691413,15299.785856152688,30276.89108973684,31198.10872482137,17259.81677323788
2023-08-31,12057.285125830073,12738.438615544223,65196.27999813821,23013.180960681173,23391.084504206457,64265.68879691413,15186.746676257355,29798.038481673793,30550.596188905234,16693.809433611743
2023-09-01,12044.591473630393,12638.967593075293,65196.27999813821,22937.335777591543,23391.084504206457,64265.68879691413,15088.720615333494,29389.719235872035,29297.18817987286,16231.482393980863
2023-09-02,12055.890486123542,12641.845503870458,65196.27999813821,23029.112631684544,23391.084504206457,64265.68879691413,15112.181002395047,29398.491719668556,29324.116867566914,16287.90208272419
2023-09-03,12062.496091398694,12665.473589442998,65196.27999813821,23044.0843164599,23391.084504206457,64265.68879691413,15193.034101597881,29416.435436525077,29379.198274213846,16316.147802696742
2023-09-04,12055.292647379625,12648.953159211644,65196.27999813821,22992.70059464997,23391.084504206457,64265.68879691413,15150.894088976207,29456.709112136385,29502.825431354733,16261.322128678508
2023-09-05,12068.63602005989,12666.846066702781,65196.27999813821,23110.722191852787,23391.084504206457,64265.68879691413,15278.490865750064,29385.73174323725,29284.947867284653,16434.82528068844
2023-09-06,12057.621600929531,12703.11098492509,65196.27999813821,23037.80932653382,23391.084504206457,64265.68879691413,15199.125298338007,29432.78415632769,29429.383555825494,16553.772708475983
2023-09-07,12065.896545871097,12716.048647960964,65196.27999813821,23082.46855298874,23391.084504206457,64265.68879691413,15276.954401677978,29420.42292915986,29391.438586802054,16603.879077845908
2023-09-08,12062.115625729311,12738.751268309927,65196.27999813821,23037.889076947427,23391.084504206457,64265.68879691413,15250.11456023261,29628.968793959,30031.606935165266,16678.86425509039
2023-09-09,12051.09467754288,12698.629397241504,65196.27999813821,22974.660861499062,23391.084504206457,64265.68879691413,15168.93089769489,29505.356522280734,29652.157244930855,16527.64114454269
2023-09-10,12040.728272424198,12679.19481481963,65196.27999813821,22914.408193061696,23391.084504206457,64265.68879691413,15073.23040227014,29502.565277436384,29643.589026119113,16543.019174120713
2023-09-11,12028.435339195628,12583.380796953,65196.27999813821,22820.967271921687,23391.084504206457,64201.42310811722,14981.323942460425,29462.29160182508,29519.961868978226,16132.003545204778
2023-09-12,12007.957382776378,12432.332481722575,65196.27999813821,22668.911190342642,23391.084504206457,63884.318287167975,14706.398938706858,29177.584627701588,28646.003550180263,15445.210113860778
2023-09-13,12006.667871977028,12506.152308171826,65196.27999813821,22658.55372371944,23391.084504206457,64161.89603659834,14688.643091145204,29426.802917375513,29411.023086943183,15674.731408514548
2023-09-14,12014.792043904652,12588.47141187582,65196.27999813821,22703.11879528592,23391.084504206457,64338.2134230365,14797.265355538764,29585.106374976393,29896.963496694993,15968.505039597476
2023-09-15,12022.778975677547,12696.738822187199,65196.27999813821,22741.077628542625,23391.084504206457,64563.3844933744,14959.201508446518,29787.27225155988,30517.547344917075,16363.47587570607
2023-09-16,12050.439941279834,12797.307564212291,65196.27999813821,22892.659614540265,23391.084504206457,64566.04923976893,15247.63490548523,29789.66474714075,30524.89153247,16788.362018209365
2023-09-17,12056.058171228206,12784.21678778949,65196.27999813821,22925.30061284543,23391.084504206457,64553.61375659445,15285.929852479778,29778.49976776336,30490.618657223018,16738.669528115133
2023-09-18,12030.232889664681,12683.421894873949,65196.27999813821,22776.910805159987,23391.084504206457,64530.5771563628,15058.923241351815,29759.3598031164,30431.865156799628,16292.938882994502
2023-09-19,12041.757284839805,12756.512723196596,65196.27999813821,22837.665171088884,23391.084504206457,64606.2827295431,15116.001522036833,29829.140924225096,30646.070627093246,16606.253135106665
2023-09-20,12059.778919729695,12835.940656624196,65196.27999813821,22935.93040781385,23391.084504206457,64791.86953465366,15298.686604671702,30000.20435825728,31171.180037127313,16954.842754533027
2023-09-21,12042.272070524763,12802.785208902911,65196.27999813821,22841.776986445664,23391.084504206457,64794.46515430556,15129.977021359658,30002.59685383815,31178.524224680237,16806.608631650735
2023-09-22,12015.400002425125,12694.862085167733,65196.27999813821,22698.948045235382,23391.084504206457,64557.39855943239,14833.003144973354,29784.08225745205,30507.75509484651,16368.438322538683
2023-09-23,12018.652854152406,12720.706229223051,65196.27999813821,22718.873320891853,23391.084504206457,64576.86570682161,14895.576211797126,29802.025974308577,30562.83650149344,16483.8007980351
2023-09-24,12016.537033559007,12734.251365463166,65196.27999813821,22705.842716187162,23391.084504206457,64585.95037560325,14882.877939549995,29810.399708841618,30588.541157928674,16510.29517746799
2023-09-25,11998.342827208331,12649.507536390058,65196.27999813821,22609.433186718925,23391.084504206457,64434.060758236126,14607.855696054467,29670.83746662422,30160.130217341437,16170.18728630834
2023-09-26,12015.498925655203,12725.335948426859,65196.27999813821,22703.282724656696,23391.084504206457,64507.71766522843,14886.496838317094,29738.22609215205,30366.99150008213,16497.762428283266
2023-09-27,12012.90165262281,12707.772312482884,65196.27999813821,22692.641599636543,23391.084504206457,64501.6159096196,14799.727633657374,29732.64360246335,30349.855062458642,16437.748833802514
2023-09-28,12018.817656531943,12731.540290419387,65196.27999813821,22725.88024839078,23391.084504206457,64633.23949489579,14881.241850479748,29853.065880033795,30719.512502622485,16537.63037141145
2023-09-29,12039.719438260166,12843.58602274416,65196.27999813821,22848.10400903637,23391.084504206457,64834.16159030082,15245.748685959223,30036.88929049728,31283.790912938817,17025.83668084465
2023-09-30,12054.529576979636,12878.28782707796,65196.27999813821,22930.685553342177,23391.084504206457,64780.55330888039,15378.43533277974,29987.843131089452,31133.235068103873,17166.086169512993
2023-10-01,12059.517965990352,12905.35221420868,65196.27999813821,22920.967783010667,23391.084504206457,64814.98464410164,15466.570636449347,30019.34432290424,31229.933537550707,17205.623219812427
2023-10-02,12102.020922770324,13075.914024435304,64807.435385823264,23124.301866902933,23325.589467594684,65107.79538431244,15932.103141733258,30284.577363190307,32407.451608536197,17948.260542909306
2023-10-03,12042.999770966895,12952.936883092993,63168.735879897424,22793.841833823717,23000.472773189103,64578.67692866149,15508.29075306901,30038.649574510524,32144.284887889753,17502.390515105013
2023-10-04,12013.918601378025,12902.968664861215,62113.86713300245,22503.774002840983,22724.265286358353,64492.37394093916,15352.269076606803,29956.292361557294,32056.15463725466,17196.29509066762
2023-10-05,11995.167948473074,12849.559412058838,61242.7138419355,22363.24812606873,22588.891460945004,64595.33110432874,15170.049332694856,30239.967206173973,32359.71438944219,16954.68917406731
2023-10-06,11975.034547915435,12771.297163946,60291.56647499508,22259.123745951445,22491.11309149916,63980.4465323344,14904.218124182227,29743.536228094785,31828.484823114017,16688.4877039078
2023-10-07,12009.777165180969,12884.198930860906,62562.21291910171,22650.13712921872,22856.663291555407,64481.57744499414,15326.384311815642,30203.364000416983,32320.545389159928,17313.275803138276
2023-10-08,11991.589154176252,12834.995428536402,61517.56313039366,22468.198635390167,22658.635968780847,64415.38498334484,15136.695253493317,30218.23405275576,32336.4577955246,17027.313432572777
2023-10-09,11988.532719796089,12824.557766857326,61259.79228333087,22426.70880085344,22618.382107742404,64452.91678967354,15100.699925521461,30247.974157433317,32368.282608253936,16958.445960200457
2023-10-10,11969.350726170387,12662.792004882625,59287.999697083374,22335.027300609134,22523.432613328652,63787.62118514422,14546.130282930564,29838.47579302698,31930.079417596135,16410.581039512916
2023-10-11,11964.912277957577,12635.27350198633,58683.45077859416,22284.05048955549,22468.903220044565,63489.22254687154,14425.046782384674,29558.23249895002,31630.19175918507,16246.325027372288
2023-10-12,11962.880256616665,12580.700575362542,57942.37027232382,22269.412206885972,22438.053579279214,63005.2947887449,14335.551476194614,28811.119890843358,30954.526504316054,16038.03941748385
2023-10-13,11961.284821434132,12587.844953605883,58079.62167779321,22254.992425676854,22438.053579279214,63003.66968287538,14296.51973956102,28853.06106410658,31089.169942786328,16074.413355486853
2023-10-14,11966.010965273337,12653.213500005393,58928.059622353416,22298.22842521173,22438.053579279214,63258.02586107104,14417.872655947082,28916.35410739471,31292.359131750563,16308.958844480489
2023-10-15,11971.358374300886,12694.352159737391,59590.540326688235,22385.833798931708,22438.053579279214,63278.18333130842,14479.43403130359,28918.64180775452,31299.703319303484,16486.84484510785
2023-10-16,11985.420959326111,12721.32650489374,60457.91449771215,22576.080719335296,22414.119655461313,63432.84709979205,14601.325711273486,28901.16068732144,31610.607259043936,16720.402108352988
2023-10-17,11993.26944283384,12803.743260962685,61319.909685982,22609.79942776977,22452.60184862335,64411.405776878426,14793.218224136486,30237.384728392564,33072.10058207582,16966.950166448416
2023-10-18,11967.468799943765,12680.001602229138,59677.89082502929,22444.088149249346,22281.481082636557,64273.719128846176,14634.96367557262,30049.373305528286,32866.46333059395,16512.154481599326
2023-10-19,11963.14162151174,12634.965763537894,59093.455607050935,22432.46665205222,22271.71718776482,64295.02777675593,14508.46997740896,30078.470311447756,32898.28814332329,16345.806726728084
2023-10-20,11972.935457290416,12692.141632633706,59701.217888035535,22493.42779494189,22333.838496993205,64517.12945304605,14587.961203302395,30381.750642377636,33230.00061446369,16513.536048929454
2023-10-21,12007.108061675683,12835.464548835214,61953.56135459165,22820.22404242131,22669.170681203825,65229.3300312605,14941.940451501858,31354.262109455365,34293.68377837886,17135.723599211375
2023-10-22,12067.312200906219,13035.85846243381,64171.94316281599,23085.392921546692,22932.242582664345,65391.60358072709,15387.18879340318,31575.847000688264,34536.04196762535,17753.876905963272
2023-10-23,12108.02333971837,13143.687968423681,65301.433863512146,23282.10654555665,23126.743933542915,65348.43769446506,15655.658970556005,31684.40121508014,34654.77299973096,18060.435611025376
2023-10-24,12225.966765714807,13441.579437764689,69286.83748703268,24088.15097106077,23945.803829542056,69045.56205142286,16247.276261030693,34691.464865296315,37943.74499218211,19287.989831781593
2023-10-25,12227.859732129267,13487.299394887472,69910.91328979463,24102.803204264612,23960.41605237791,70441.35250841017,16402.95885249946,35851.98775523832,39213.06540757915,19449.083060742072
2023-10-26,12362.892601143454,13704.072871562592,73827.51778591599,25118.68031574445,24970.136475005285,71248.79865053673,17138.200016815154,36564.864400265375,39992.77331944792,20701.919514391073
2023-10-27,12371.658254629267,13720.535166552254,73839.73132695761,25101.405849328916,24952.949933373893,70946.29782080883,17238.166152144197,36183.24597647538,39575.37866019007,20688.596874480078
2023-10-28,12356.540468840101,13692.295684352313,73373.48914508981,25015.497814462768,24867.56368520076,70503.11747379709,17191.901118797105,35902.34795779125,39268.14681422608,20503.533269565938
2023-10-29,12398.742921459063,13783.819427090504,74540.78101751773,25218.794095825346,25069.6901387998,70737.81937171443,17494.221129770238,36136.24312075931,39523.9693473196,20814.38960944357
2023-10-30,12469.912436612816,13922.587778536217,76998.43467410747,25715.135557522663,25563.033434780635,71193.66242972051,17984.32830953462,36615.22460281831,40047.854726094854,21505.18525381024
2023-10-31,12561.01126256855,14049.423174684667,80586.68537474725,26679.131533654472,26521.256724711242,71082.25797824789,18446.66344576595,36393.63971158541,39805.49653684836,22615.67861884535
2023-11-01,12572.67119198868,14045.082491307083,80721.86129448737,26752.381750494747,26593.93167446671,71572.08967420782,18485.84978583259,36671.18038343268,40109.056289035885,22600.854216634983
2023-11-02,12689.965360520488,14239.406844516916,82254.25864447132,27276.179829568275,27114.597658452352,73015.50710254279,19090.71025861225,37479.18185550416,40992.80685790441,23235.65745560013
2023-11-03,12588.855378240707,14090.712122126724,80365.99370608035,26531.725913826238,26374.633134052216,71349.31529152197,18500.585034697564,36845.76241894951,40300.00516541191,22387.82612813225
2023-11-04,12645.096704722337,14162.267677450818,81876.11327412298,27193.901341350596,27032.889131851625,71041.45398460771,18786.47934180633,36238.082641477464,39635.356191872284,22997.54129920439
2023-11-05,12764.922395413496,14331.385511675577,86843.66698848063,28365.399582946644,28197.45620506971,71861.37890057081,19404.083526551745,36616.343718430595,40049.07875735367,24093.672690530668
2023-11-06,12806.906016141356,14422.564604091103,86917.27354289837,28421.756048716547,28253.481723348392,72507.40562580086,19680.384893310908,36574.936440775964,40003.78960077731,24187.694732553322
2023-11-07,12947.176287271106,14662.26853597298,90000.83252134194,29246.72008780799,29073.564139241076,72763.05596228225,20477.861000677258,36615.22460281831,40047.854726094854,25066.86774803584
2023-11-08,12894.417784095627,14577.440897713881,88857.29842928195,28932.805730968343,28761.507209337964,72969.38901013392,20156.716553106507,37076.30023508071,40552.15560472897,24702.73566302818
2023-11-09,12973.205207510357,14702.142440297428,91108.53974722259,29509.034484689102,29334.325490555817,73125.4167553175,20658.222993463856,37215.07057100434,40703.935480822736,25347.747778842768
2023-11-10,13080.660321292014,14858.970515908739,92001.86355621596,29821.62774089671,29645.063123698063,79094.28683865073,21105.590213789204,38542.34168717717,42155.636553784054,25700.797887260574
2023-11-11,13296.18611111584,15173.45412999233,97079.12116912965,31129.589515441563,30945.277864006137,78727.23239905215,22290.76231579471,39113.09064944373,42779.8924957826,27229.636930008426
2023-11-12,13360.109136607896,15266.45619102797,98067.5181526903,31414.895745473175,31228.89364677757,78220.09082468314,22674.183864884173,38991.107047704405,42646.47308857115,27382.209617105502
2023-11-13,13405.277226841019,15324.501704478987,100220.6554964344,31950.881142656304,31761.705370339478,77864.90668788506,23015.6248504404,38853.45582739306,42495.9172437362,28082.851562699623
2023-11-14,13160.786201555022,14999.19411766254,93894.54392807346,30230.578975857872,30051.58865758795,77287.97840889203,21625.830972049793,38164.08061022404,41741.913988302666,26035.375492588682
2023-11-15,13098.473008966092,14888.85165710604,93697.38692070983,30150.065223470265,29971.551183433563,73671.63492051681,21332.864726201118,36607.3907935323,40039.286507283105,26039.872147406495
2023-11-16,13379.113224239241,15365.95724121124,102252.81724963397,32171.643121755616,31981.158857877777,77770.74547910717,23317.31579087076,39083.993643524256,42748.06768305326,28752.884167798864
2023-11-17,13258.969684182035,15118.287834766317,97976.78330368294,31331.327755297818,31145.818870429182,74166.3670967723,22346.89418298778,37330.33947906994,40830.01070048126,27510.222235214715
2023-11-18,13279.607947830698,15146.64336546441,98797.83808236543,31599.266778646852,31412.171474204657,74246.69879649274,22479.551427801962,37601.165457243485,41126.22626511587,27863.98583644663
2023-11-19,13264.906951942145,15124.054336005083,97835.28427258923,31331.410742973065,31145.901362196862,74314.67241837156,22357.124020393487,37600.0463416312,41125.00223385705,27442.304011664557
2023-11-20,13344.315116143669,15289.727458307068,100476.81712439467,31881.952453139038,31693.183404434516,75919.87045242122,23053.164190243886,38359.92584237432,41956.11945859629,28254.170375527683
2023-11-21,13284.102805993736,15184.01736609509,98253.98419504872,31362.96345676799,31177.267266184426,75975.43776796812,22581.361299861263,38316.28033349512,41908.38223950228,27520.438469232224
2023-11-22,13112.631604122103,14834.496410002743,91978.72326108455,30196.466915202007,30017.67737917939,72754.68863202784,21174.018422346722,36683.490655167836,40122.520632882915,25686.53865326165
2023-11-23,13287.506976799094,15233.77506864897,99906.3561028372,31596.65587564427,31409.576027799732,77078.85538605331,22813.674575576435,38456.16978503104,42061.386146854864,28017.938171199497
2023-11-24,13264.99193699035,15224.513622291115,99385.79160701435,31297.62989051644,31112.32052573336,76842.60338811009,22736.19536292201,38315.16121788283,41907.158208243454,27783.076894331258
2023-11-25,13286.055611723008,15266.452919608371,99873.55663350875,31436.28199048429,31250.151699217935,77369.2330367685,22920.685564872838,38606.13127707755,42225.406335536834,27993.305350447365
2023-11-26,13307.505387905516,15333.700598275776,100847.75793747496,31549.369623096936,31362.56974572211,77492.65560696533,23178.00881337811,38693.42229483596,42320.88077372484,28262.403536985392
2023-11-27,13267.727254974207,15259.212337222889,98693.90162718199,31119.49290933067,30935.23827649568,76768.53092999908,22855.390999240903,38333.06706767943,41926.74270838459,27560.581259519182
2023-11-28,13192.344857533326,15103.95052314095,95260.61432024375,30501.34470783409,30320.75004804682,75748.98338115403,22201.634299209043,38062.241089505886,41630.52714374998,26642.80877979522
2023-11-29,13246.933355737601,15219.373898557249,97474.60548252412,30919.64182260512,30736.570479950024,76423.63563202103,22701.325855282365,38506.52998758397,42116.467553501796,27343.82016029706
2023-11-30,13253.881527561614,15219.118000105938,97566.09722937903,30985.75587283222,30802.293078832594,76299.8274050642,22715.414676868055,38640.82386105846,42263.351304560274,27447.456288258476
2023-12-01,13263.987814737764,15232.023166088318,98097.10377908217,31072.657364212057,30888.680039996507,77155.11224216013,22764.18654007903,38773.998618920654,42409.011024359934,27556.338045490564
2023-12-02,13320.901327325855,15344.412628451093,99889.53368958776,31390.593185765472,31204.733405589883,78889.93116470407,23199.647927949547,39795.751172939024,43526.55156366321,28043.73087924881
2023-12-03,13414.019743670466,15508.808463859761,102779.86222472232,32068.1970595288,31878.325274353858,81084.36099512139,23877.215764836146,40598.157066949076,44404.18197623763,28978.25227682403
2023-12-04,13416.094050631056,15507.844026627905,102133.89964798503,32214.951444257422,32024.2107434274,82147.46642155701,23852.962697450796,41096.163514416956,44948.87588641283,29098.29053626822
2023-12-05,13476.846532452586,15636.138453514497,103012.81577670445,32320.300031396706,32128.935577900742,85461.33481052505,24256.87040220914,43370.2064385849,47436.10740433645,29334.119449665453
2023-12-06,13574.87289474062,15769.519060163228,104481.04745138458,32722.44830432436,32528.70278863881,88960.39545880741,24745.23674399634,45699.08602775493,49983.31645394227,29714.239890718498
2023-12-07,13588.414067294738,15795.956869486548,104670.70043139189,32754.352525678638,32560.41811611826,87734.39842821597,24889.26996345114,45509.95548927836,49776.455171201575,29744.010125497985
2023-12-08,13666.72122215179,15915.5432738341,107250.4941111644,33314.47690420471,33117.226067705305,89433.3875346646,25445.637320143487,44926.89625527664,49138.734885356,30457.868278698224
2023-12-09,13922.397404739919,16288.37345674465,114096.19670777726,34966.48578355256,34759.453624717644,90644.73840160253,27107.587664999162,45967.67377470389,50277.083956059236,32376.852959028543
2023-12-10,13890.991876673277,16234.025405898277,113163.45985768786,34742.960155163,34537.25146931174,89804.77848595189,26881.876873164467,45504.359911216925,49770.335014907476,32120.95400760876
2023-12-11,14048.802561806486,16438.724809430663,119182.39814440848,36334.952753685924,36119.8180976676,90050.98779942462,28029.677627427936,45556.95834499443,49827.864484072044,33804.18882816104
2023-12-12,13861.200605147076,16164.023074344335,113151.17980695512,35044.83075838975,34837.33475353002,84928.62568415434,26689.818071939684,42875.557337953884,46895.085587937705,32083.346716528325
2023-12-13,13929.079251321826,16257.822396191355,114960.09378378095,35503.32387222047,35293.113186887655,84526.24490994727,27216.127739466287,43002.01740214235,47033.40112018445,32526.32290237885
2023-12-14,14092.64807954608,16473.230216037427,119807.12711537785,36710.71895890054,36493.359438909385,86422.4451523967,28410.918425964108,44136.80063300175,48274.56881662861,33920.08981334126
2023-12-15,14114.511754550771,16511.033215770425,120930.05962295602,36949.53204832606,36730.75854635403,86703.35438907825,28612.564808632236,43814.495336662985,47922.047814088255,34163.44414359744
2023-12-16,13998.52301835197,16336.882483484736,116574.86830779999,35919.643584939324,35706.967923584336,84634.18939525582,27633.837699133037,43104.97603847279,47146.01199599595,32912.32636496242
2023-12-17,14041.256297386954,16399.975150960607,117846.22679747982,36162.75731662464,35948.64220943495,85141.93590184757,27920.944751386847,43437.35337532214,47509.549279865685,33319.75605403909
2023-12-18,13960.732481649864,16269.88764715385,114804.78086487736,35498.749757235346,35288.566155366316,83560.74755745564,27238.453689009337,42507.368301511335,46492.3793037857,32411.723839216542
2023-12-19,14101.974437209883,16449.10452473405,118707.8987889249,36590.37584318289,36373.728860650546,85068.22040057491,28391.432854988892,43705.94112227111,47803.31678198265,33698.8608113416
2023-12-20,14054.50224426403,16358.846097433085,116842.16432018681,36251.556434151826,36036.91555847739,83505.67734677639,27924.2088085131,43117.28631020796,47159.47633984297,33147.02590591319
2023-12-21,14210.78158378857,16588.65661121662,122836.78201967533,37668.22204113401,37445.193267305,85560.0841092949,29286.44245397436,44623.61592434676,48807.0224142156,35049.245996688536
2023-12-22,14284.040947096863,16706.09936755827,126001.672970713,38301.87723643762,38075.09667031922,86114.50307470799,30028.302514727377,44665.023202001394,48852.31157079197,35901.94185728362
2023-12-23,14286.265870764812,16721.311310527235,125814.093275194,38189.90437690775,37963.786788006546,87774.3455436368,30007.28124667356,44747.837757310655,48942.8898839447,35776.58518185145
2023-12-24,14342.243113335853,16791.576310061777,129085.26042120127,38897.29091705954,38666.98498200254,87311.06974132787,30510.941500207457,44544.15871587436,48720.116194839335,36799.06492565657
2023-12-25,14292.599696464767,16720.826521383173,127593.87258506987,38643.7347590657,38414.930098214376,85839.38426654355,30168.158335343134,43864.85553921592,47977.12922073519,36313.98243342308
2023-12-26,14404.649469077907,16886.762810904525,131705.0179801638,39498.261100187316,39264.396896512844,86295.35682708664,31200.960561634554,44318.097362192304,48472.86188055756,37677.526293324576
2023-12-27,14277.230496892786,16693.16742954476,126033.85202845153,38179.999443293644,37953.94050011545,84295.40643023074,29956.906088718257,43118.40542582024,47160.7003711018,35854.76501578169
2023-12-28,14305.708233586134,16758.548185415897,126557.40222842987,38184.849381909306,37958.761723053656,87487.71075348162,30236.690562025404,43807.780642989266,47914.70362653533,35851.39260427586
2023-12-29,14209.431276115018,16618.57225283102,122210.21937396412,37230.9310039627,37010.49137542441,86277.97169400971,29278.33050280584,43088.189304288484,47127.65152711364,34467.12144489367
2023-12-30,14199.119471602598,16582.198737374736,121422.06940950794,37199.01696038243,36978.766290886095,85321.38445335685,29136.26088539243,42801.695707542916,46814.299524855545,34364.088514744464
2023-12-31,14188.149399789227,16580.358021041284,121833.41024239578,37098.76511133957,36879.10802033043,85229.05738195819,29024.965759269904,42849.81767887127,46866.93286898483,34429.24961954138
2024-01-01,14148.688308663899,16504.640640500107,119274.99367654098,36710.67782918804,36493.318553930854,85202.7094295201,28586.893401524747,43012.08944265294,47044.417401513834,33640.95959428726
2024-01-02,14282.572290606015,16722.380754701953,125489.48677310236,37946.45788075781,37721.78170799344,88247.69690753752,30007.069485892032,44832.8905438445,49035.91625961507,35360.418347051425
2024-01-03,14279.42968487339,16708.694851205506,124654.94445490655,37918.93229942306,37694.419102096384,89973.14399193483,29821.925163845153,46114.27791991354,50437.432050964744,35165.81860907704
2024-01-04,14106.10292934275,16376.325569576606,115517.21687081389,36408.32196484021,36192.7529004291,85570.2008177253,27813.899780723106,44277.80920014996,48428.796755240015,32612.594422251215
2024-01-05,14172.088736604495,16533.223413168223,120447.4788172989,37030.47289389206,36811.22015260298,87522.57202005191,28826.174431309286,45298.442638556044,49545.11326328447,33975.13276078479
2024-01-06,14105.663604290978,16404.249860084823,116448.63564516832,36339.59682250027,36124.434670955816,87529.02538619151,27972.094495804307,45273.82209508572,49518.184575590414,32856.8505053651
2024-01-07,14036.756357355203,16262.004549175806,112193.3501847516,35579.133094678196,35368.47355258078,86971.34865371077,27126.092274995903,45208.913389573056,49447.190762578815,31646.98620593973
2024-01-08,13961.383082408112,16088.058815005184,106163.90099090943,34790.70230240061,34584.71095919552,86218.31140021054,26170.947066291923,45044.40339456681,49267.25816753218,30152.832260417363
2024-01-09,14110.346366841666,16441.59064922505,106163.90099090943,36257.142892356685,36042.468940095234,89504.35198040074,27945.912202457454,48016.77446080208,52518.28519095989,32779.26325550262
2024-01-10,14057.087880204741,16320.595508347946,106163.90099090943,35674.165502015196,35462.94328506695,89249.55217433316,27373.443913248735,47261.3714225081,51692.06409125593,31680.43709973381
2024-01-11,14174.222043746779,16631.762892023413,106163.90099090943,36798.09422600892,36580.217369394435,92525.99986671531,28859.123203335457,47669.84862099299,52138.83550072548,33881.877432422254
2024-01-12,14165.887997730706,16627.41545412119,106163.90099090943,36630.091347158814,36413.20921431779,92668.79242008779,28819.37259236209,47277.03904108013,51709.200528879424,33775.6718055242
2024-01-13,14041.850021343302,16396.47183678578,106163.90099090943,35623.04056988561,35412.12105718685,89332.89704295236,27597.148100387232,43807.780642989266,47914.70362653533,32465.520988002503
2024-01-14,14074.912354751268,16463.85765913803,106163.90099090943,35950.957865783625,35738.09679629587,90106.95166033052,27969.73054202941,43870.45111727736,47983.249377029286,32953.34392443133
2024-01-15,14010.94067623707,16333.644839403929,105530.71669076488,35394.42480766934,35184.858899951905,87755.80363291557,27159.077535962977,42665.16360284385,46664.96771127942,32017.692266976446
2024-01-16,14061.919594407325,16443.311422345927,108848.26254584214,35994.71223277764,35781.59209922297,89253.74504050594,27751.993435318862,43474.28419052763,47549.94231140677,33040.56598681303
2024-01-17,14096.713490659864,16516.297083052945,110460.64001503105,36245.74457669452,36031.138112416695,91840.16670243832,28110.07699644847,44386.36341454183,48547.52778734562,33528.28666663025
2024-01-18,14082.302630643357,16474.966466798618,109848.53872319567,36174.290490739695,35960.10709705742,90295.97487797172,27901.801921257058,43936.47893840231,48055.46722129971,33325.24770792452
2024-01-19,13981.344485106176,16243.280894271564,103430.8332240204,35073.07252421521,34865.409302679356,87845.30499858645,26812.76837838612,42533.107960593945,46520.53202273858,31385.183214550172
2024-01-20,13988.248523864044,16252.477165707562,103206.53446426106,35090.73224743621,34882.964464915414,88392.1675168952,26748.91651448959,42770.36047039887,46780.02664960857,31337.993222738194
2024-01-21,13983.271399970745,16272.28320426547,103710.21241997318,35075.59514832401,34867.91699065044,88077.77745614627,26797.23301652451,42814.005979278074,46827.76386870257,31472.996806768027
2024-01-22,13960.786425379303,16205.432542996168,101477.64986415597,34860.008597657084,34653.606900652885,87569.39794042152,26436.193716812522,42683.069452640455,46684.55221142055,30994.961145818947
2024-01-23,13863.653030484898,15968.01097020198,101477.64986415597,34006.93101654344,33805.5802838821,83624.66876566746,25500.064550344257,40632.84965092998,44442.12694526107,29288.999118742904
2024-01-24,13859.558368806785,15953.679978042488,101477.64986415597,33977.8966972247,33776.71787309177,82843.47528997783,25373.956007671244,41116.30759543813,44970.908449071605,29122.080753195158
2024-01-25,13883.151265974546,16012.643370661495,101477.64986415597,34306.01240127852,34102.890845607224,82673.92329861206,25586.01288547666,41229.33827227915,45094.53560621249,29713.729711983353
2024-01-26,13856.988724192415,15946.159110999673,101477.64986415597,33982.605436575235,33781.39873259282,82489.9209461249,25340.753142180532,41236.05296595288,45101.879793765416,29053.933416638392
2024-01-27,13921.734088741734,16148.08177786064,101477.64986415597,34718.3941914192,34512.830975383404,84722.80363396877,25891.104079695317,43143.02596929056,47187.62905879585,30681.850938146905
2024-01-28,13936.948045751644,16200.115187469248,101477.64986415597,34831.9453169346,34625.70977906224,84965.71692667103,26018.153430078666,43492.190040324225,47569.5268115479,31084.850471371723
2024-01-29,13937.118480230654,16189.68302370089,101477.64986415597,34772.39059541639,34566.50767350945,84612.01301424077,26038.959085138587,43374.68290103405,47441.00352937173,30986.22491537533
2024-01-30,13999.419962907334,16361.0079747131,101477.64986415597,35573.14974792299,35362.525632464516,87133.12797935805,26470.74844257677,44738.88483241236,48933.09763387413,32319.32801640381
2024-01-31,13959.14339902044,16262.819692909465,101477.64986415597,34968.92598121248,34761.87939817114,87155.27278468899,26283.776977184367,44336.00321198891,48492.44638069869,31415.387899651287
2024-02-01,13905.876068123773,16139.25625167956,101477.64986415597,34253.76371701671,34050.951519189286,85961.12751787022,25959.752756897877,44112.18008953143,48247.64012893455,30142.521846100943
2024-02-02,13916.37723456822,16169.69420567089,101477.64986415597,34316.74956020933,34113.56443117952,86336.87367593721,26132.38297185892,44351.67083056093,48509.58281832218,30233.506874073693
2024-02-03,13972.243454951811,16307.427757616984,101477.64986415597,34909.790439125136,34703.09399014087,87108.08145212277,26506.615927219624,44744.4804104738,48939.21779016824,31287.473771499615
2024-02-04,13949.002489271961,16301.073149017895,101477.64986415597,34672.05203888902,34466.7632088706,86771.1822693237,26296.36331724377,44615.78211506075,48798.45419540386,31351.997174497745
2024-02-05,13934.467400798816,16214.325295033475,100872.41537192442,34526.55339007445,34322.12603913293,86200.8324589993,26287.815902250346,44229.687228821604,48376.16341111073,30630.842280473706
2024-02-06,13961.677785211776,16283.588131893088,102862.43344021826,34804.0218406641,34597.95163415912,86762.23015154258,26543.49387579791,44499.39409138286,48671.15494448651,31244.38463167923
2024-02-07,13959.671045705149,16292.926658158834,102913.12117098164,34843.67570690585,34637.37071487974,88243.25606658196,26591.816678904535,44783.649456903855,48982.05888422696,31225.147870407316
2024-02-08,13995.097911856177,16399.09087709112,105180.66192576171,35132.26140194096,34924.24773055468,89890.76216710347,26848.559188563042,45979.98404643906,50290.54829990626,31911.223883616665
2024-02-09,13991.191260683343,16421.06534969488,105383.65001938451,35042.313960113024,34834.83285614084,90453.16729247541,26790.778030121954,46991.66455994685,51397.07255788015,31952.88065679581
2024-02-10,14043.953710822803,16548.090325781963,108531.89103654119,35539.09392614703,35328.67145089721,92330.37147065079,27169.196982496356,48550.59260786315,53102.148101417355,32897.83720956931
2024-02-11,14101.240116229917,16640.476041805792,111003.59860642087,36094.87130821525,35881.15814545759,93215.01401193086,27599.99790000858,49304.87653054485,53927.14516986249,33665.5366888491
2024-02-12,14115.555142729663,16660.95506982782,111110.28978245551,36151.5260622418,35937.477453859065,93676.5241755691,27654.679112584985,49901.36515189402,54579.55383081391,33707.367912900256
2024-02-13,14219.594151597994,16849.216384534935,115542.76165978255,37102.89141670993,36883.209894523316,98495.167261078,28690.770267983236,51773.645571250796,56627.358126820895,35032.77414750802
2024-02-14,14201.205767775053,16823.47823373102,114521.88806295299,36857.6374827978,36639.40807810033,98696.68630097275,28604.33848470523,51958.29964727821,56829.32328452631,34711.536057607096
2024-02-15,14329.030329844674,17038.529454559426,119489.95850081668,37921.60841712971,37697.07937524787,103139.92611101258,29816.794759630746,54058.87965154161,59126.82995733272,36214.00181134301
2024-02-16,14371.457182365002,17170.314479973942,122540.32285458194,38192.08781335516,37965.95729721582,103663.0593460339,30803.936192172743,53918.99020000569,58973.82604998013,37128.792795688714
2024-02-17,14348.747205573534,17140.196138168212,121425.17674110725,37920.01988114695,37695.50024478552,103549.2438503596,30569.278936019036,54186.458831342374,59266.36952083827,36762.27174884391
2024-02-18,14362.401768028525,17161.79578948669,122517.39158868627,38186.69735381411,37960.59875390318,102750.62929407714,30605.881812591488,53676.14211213933,58708.21126681605,37077.30181417005
2024-02-19,14422.817843438432,17250.70626420676,124652.72683393546,38713.56612364481,38484.34800045875,104875.567321928,31124.716067457797,54133.860397564866,59208.8400516737,37721.37221130689
2024-02-20,14478.524044055514,17337.763747333687,127047.68877030077,39324.2605323707,39091.42656491544,105750.77919124809,31679.476259595802,53789.17278898035,58831.838423956935,38511.45647386545
2024-02-21,14451.798052381917,17276.115532887132,125111.54470093956,38882.98956716996,38652.76830922683,107141.60309932576,31266.88659733745,54102.52516042082,59174.567176426724,37933.01545796151
2024-02-22,14397.188655500126,17175.76589938691,123021.74364623045,38482.323378391986,38254.474414221084,105847.924500617,30673.82578148635,53660.47449356731,58691.074829192556,37321.767200619935
2024-02-23,14354.505581660062,17095.381875321906,120787.32766915923,38063.257313623384,37837.88958656069,105239.27267032913,30185.49482427087,53025.93594140036,57997.049105441234,36647.240801461994
2024-02-24,14299.884741058167,17014.45171181099,118848.71293667235,37583.811781556695,37361.28279078296,103768.4863976436,29704.266045733966,52439.51936056178,57355.6567258192,36006.45246884665
2024-02-25,14357.59317496782,17125.897875018236,121401.03226504824,38058.54077996747,37833.20097890336,105849.08270694774,30372.303073380328,53276.61783855274,58271.23210741706,36814.193224483075
2024-02-26,14405.214563519297,17196.244368664837,123400.04008857635,38451.25298653974,38223.58798622493,108306.74598622919,30797.3167272635,53510.5130015208,58527.054640510585,37459.255216331505
2024-02-27,14490.591173466777,17344.010157496068,126443.97743135193,39099.3576934641,38867.855347241275,111569.13438710684,31694.54259705607,55989.35408273733,61238.28387879838,38459.89501429769
2024-02-28,14534.34169800748,17477.956859268917,128720.18492388865,39367.51481610266,39134.424745510194,115808.76540040875,32431.77946905579,58857.647397029876,64375.47599515577,39056.28461290906
2024-02-29,14696.925395915117,17712.372658990585,133629.4708461939,40681.71623179849,40440.84494102516,123852.10079411328,33865.123642572245,64405.10348713839,70442.99894512986,40909.834079343855
2024-03-01,14741.98708640895,17787.146036299884,135624.73383974785,41146.14654981973,40902.52542593861,122142.24607036937,34332.62094363196,63280.39229678958,69212.84753001507,41571.25181069109
2024-03-02,14908.704078436098,18021.88182402156,140990.80635020311,42987.6349394218,42733.110595951315,124671.82285689906,35871.5380549624,64352.50505336088,70385.46947596529,43641.87525927377
2024-03-03,14989.093472418292,18153.15834379066,143370.24155641824,43760.65473107737,43501.55343529867,124089.22501835503,36747.892949078065,63944.02785487599,69938.69806649574,44647.95320004706
2024-03-04,14941.58245827542,18078.129896619288,141230.0930959043,43132.625154747526,42877.24234257046,126355.8510208708,36170.80665321005,65135.88598196204,71242.29135713977,43920.64821349076
2024-03-05,15011.274306937396,18175.867952670535,142075.70133424512,43331.16457858211,43074.606239615176,133916.05498174005,36637.83889507223,70358.79854450721,76954.84524205585,44163.56482715453
2024-03-06,14800.657412276607,17890.647776830592,135246.67347860942,41423.21829961416,41177.956668984756,128366.50673136653,34742.6124886261,65857.71555188739,72031.7915190791,42045.65219788171
2024-03-07,15012.919963054275,18195.78685257597,144213.37604058546,43942.981109491215,43682.80028231172,134695.7261666919,36872.877338786006,67859.81338226951,74221.58344110928,44975.22536465371
2024-03-08,15090.330930834536,18315.697697818727,147684.42750219928,44819.84892119509,44554.47627072969,135726.52335816209,37671.94617168153,68320.8890145319,74725.8843197434,46135.97207066779
2024-03-09,15115.608259535016,18332.72140189751,149215.8920588535,45241.21891691733,44973.351388060255,137568.18440733379,37762.465856497314,69785.81135101608,76328.14123753966,46577.98749373799
2024-03-10,15156.118895986681,18390.988024542265,151566.158973728,45753.02725932171,45482.12937807339,138064.34317928497,38192.36237583184,69914.50964642913,76468.90483230405,47379.767385354484
2024-03-11,15123.162163611742,18346.435978608995,149298.95502722476,45240.15216862356,44972.29095584807,138191.5201843839,37914.53539208835,70583.74078257698,77200.87552507881,46578.49316686601
2024-03-12,15276.2280070354,18655.98766549983,155475.92725661266,46505.98254179293,46230.62650765473,144321.78265898098,39829.847311322505,73629.9734792232,80532.68861158869,48577.238866042804
2024-03-13,15271.730327755124,18668.842953832704,155821.23428778676,46517.71202121387,46242.28653831318,142612.89362123964,39922.52667121393,73189.04192798199,80050.42029561334,48743.995142910426
2024-03-14,15299.112032390221,18705.412779648963,156365.7657489991,46669.62983657663,46393.30486752669,144406.10819393914,40097.181765855916,74734.54058855085,81740.80746404469,48880.08520367977
2024-03-15,15270.143573647869,18654.798647186988,155281.8617656842,46473.83931643951,46198.673598268724,141463.70161725942,39804.20263459716,73488.964912075,80378.46067297728,48697.04758550492
2024-03-16,15155.786061931207,18485.325543154137,150417.09505873764,45221.07157448286,44953.323335489324,136970.78481268656,38601.38075100556,71504.77293148948,78208.25325108822,47065.880251916846
2024-03-17,14939.498898991404,18146.134039474007,140837.29907036925,42842.85133396245,42589.184235887675,128389.81839486634,36125.69109528413,66963.40177682732,73241.13440279392,43845.831825161295
2024-03-18,15105.405751140683,18421.33817790409,148822.16733986043,44649.973608705215,44385.6067684558,134114.54954327867,38074.60077523908,70393.49112848812,76992.7902110793,46680.48648384363
2024-03-19,15019.573494233578,18274.89770186014,143690.2562080503,43582.54218836802,43324.49547440244,131015.29537958387,36952.84849969768,69535.12945386372,76053.95823556383,44886.058561833255
2024-03-20,14794.707813294415,17841.47422872727,132860.32589069437,41331.29096325401,41086.573622743555,118812.60594868491,34114.109662795134,63698.94153578505,69670.63522081402,41264.821266993524
2024-03-21,15020.56022821302,18317.569115559916,146201.48273697827,43638.786454863905,43380.406725717956,130620.29181565373,37120.642902005755,69488.12659814765,76002.54892269337,45690.65476207592
2024-03-22,14966.311987257146,18266.728967945277,144228.39008559712,43024.41132532725,42769.66923353237,128697.26783723703,36542.62101758425,67511.76842684814,73840.90971961606,44854.25435799239
2024-03-23,14940.30818193844,18187.606081743128,142317.79659907598,42777.010997181635,42523.73373140438,124976.73468968894,35867.347892152415,66194.5693511859,72400.22492798412,44196.54674802266
2024-03-24,14966.55884611495,18241.58182066058,144125.34009066626,43141.49601366126,42886.06067825177,124868.83089655059,36292.47017875819,66299.76621874092,72515.28386631326,44737.14774006868
2024-03-25,15050.781266956048,18443.424264832178,149699.43308612023,44047.03186136804,43786.23496286138,130270.9959603241,37437.96875738885,69585.48965641664,76109.03964221076,46656.71992786873
2024-03-26,15123.255139515568,18617.683428558936,154948.18606693315,44873.80432646595,44608.11221287768,134842.02371852985,38250.95308666287,72048.66311906115,78803.13244287507,48332.22996586451
2024-03-27,15152.558547629642,18679.080477241958,157053.95268701218,45285.3394823382,45017.21072119974,135080.07335630307,38595.06663012846,72272.48624151862,79047.9386946392,49099.63288891446
2024-03-28,15102.283685616,18564.069559443382,153874.23067397432,44729.33825458598,44464.50150631731,133226.97278036116,37880.296957547864,71864.00904303373,78601.16728516966,48325.20018562826
2024-03-29,15162.7087819541,18681.362711269372,157605.17253310894,45477.84275566992,45208.57420702442,135865.6586962,38781.354804265124,73379.29158207084,80258.50560961285,49553.072774997556
2024-03-30,15134.537446571609,18637.33835209547,155772.73344099722,45070.205053340265,44803.35007591602,134135.5642189561,38512.77719778921,72492.95201713924,79289.07285262688,48916.77539843074
2024-03-31,15120.552123538779,18590.02344582475,154466.93550605554,44957.73602518675,44691.5469626376,133936.27567540383,38135.56653196586,72271.36712590634,79046.71466338038,48686.97151757223
2024-04-01,15166.42801669411,18680.667123803785,156726.7597120347,45336.2973086344,45067.86683265863,138014.34296790694,38749.727003892694,73925.42000086707,80855.83286391734,49239.39722303688
2024-04-02,15057.455625820452,18461.19080462841,149507.3838280611,43979.433035837814,43719.0363814179,134552.38851916848,37183.306447994575,72674.24874632979,79487.36591655582,46933.782336448225
2024-04-03,14891.053932934932,18126.58856863623,139001.7140109798,42039.9310999394,41791.0179909062,125931.90495767111,34714.88236694418,68157.49813513795,74547.17575595558,43603.78929284009
2024-04-04,14872.387821105272,18069.93091963452,137331.49121568815,41811.701928228096,41564.14013522269,126091.70525042506,34320.39894040164,68179.8804473837,74571.656381132,43051.66126223848
2024-04-05,14907.693848272465,18166.430615526122,140329.32240029858,42233.40833427627,41983.34967103625,128946.63982351916,34962.476438789316,70837.78002656621,77478.7306208311,44003.253339016184
2024-04-06,14880.13635696983,18097.42404121431,138396.33694427815,41987.28972625871,41738.68830013373,128024.27880781898,34459.098828329916,70099.16372245655,76670.86999000945,43381.449066166264
2024-04-07,14915.996073057222,18181.782659932203,140845.4273050756,42361.072658164805,42110.258110627634,129651.25258991306,34974.59524350545,71174.63382586472,77847.16402973612,44165.43611049698
2024-04-08,14960.640257294002,18270.17334129312,142867.19217486813,42887.16428883189,42633.234819362166,131887.48814435024,35525.5405188054,71650.25796108684,78367.37731473491,45065.79695682585
2024-04-09,15029.360238598998,18445.169120935403,142867.19217486813,43605.02518106195,43346.84534814341,136693.02129611463,36671.13315590995,73747.4806185134,80661.21189376485,46693.407260201915
2024-04-10,14914.907751630915,18211.9488817767,142867.19217486813,42369.4441219837,42118.58000806924,132077.6821539865,35269.54646843862,71248.49545627568,77927.95009281828,44335.06921796221
2024-04-11,14960.472610049166,18312.990756469746,142867.19217486813,42846.819021016876,42593.12843076946,135120.73448684686,35983.91371038515,73553.87361758767,80449.45448598888,45262.35651638909
2024-04-12,14941.16775214399,18270.59460426256,142867.19217486813,42585.68308157864,42333.538644164146,134211.4129576809,35714.0293685444,73031.24662664947,79877.83188811962,44775.372049266
2024-04-13,14746.640433693436,17779.245123597793,142867.19217486813,40328.398337950784,40089.61899769056,130039.21937193333,32955.09818482836,71350.33497699384,78039.33693737097,39843.31396459882
2024-04-14,14626.538795929559,17346.918848632944,142867.19217486813,38953.039045242214,38722.40303320895,124686.98278298967,31119.06176440955,68448.46819433267,74865.42388324896,35884.24434179769
2024-04-15,14681.486753789666,17582.246515850737,142867.19217486813,39565.28938558078,39331.02831680425,126553.66902328332,31836.026376493388,69255.35055079186,75747.95042085866,37991.362159765886
2024-04-16,14632.287549072184,17398.834578824004,142867.19217486813,39046.79751365122,38815.60636959802,124470.3816476129,31110.010516987237,66938.781233357,73214.20571509987,36349.32638437042
2024-04-17,14630.820573484176,17404.353066845943,142867.19217486813,39066.520559761535,38835.212638049605,124421.65550880146,30970.16528588415,67266.6821077572,73572.84687393432,36463.57248691565
2024-04-18,14588.01036755702,17268.034073036113,142867.19217486813,38623.024304203376,38394.34226766603,121106.07153545902,30550.743838525555,64311.09777570625,70340.18031938892,35323.2487570852
2024-04-19,14624.56319478195,17459.474032782316,142867.19217486813,38986.20889511435,38755.376488599904,123797.03607743958,30829.26640310863,66845.89463753715,73112.61112061774,36917.32584519995
2024-04-20,14632.281421364367,17492.437391595162,142867.19217486813,39073.8291415677,38842.477946668296,123910.98416979186,30926.876431263674,67174.91462754963,73472.47631071103,37185.46563272314
2024-04-21,14691.07169048782,17818.387309367256,142867.19217486813,39828.08248693999,39592.26545348464,125949.93179312308,31154.078580282392,68342.15221116538,74749.14091366099,40096.35831165402
2024-04-22,14677.982359336751,17753.647579089913,142867.19217486813,39688.40348552011,39453.41347374629,125701.42826245313,31035.438457562563,68243.67003728409,74641.42616288477,39558.9470144971
2024-04-23,14718.855103835429,17922.601619738696,142867.19217486813,40116.72560033882,39879.19954755642,127662.1278181749,31240.030395222682,70252.48256133992,76838.56227246788,41017.205227109014
2024-04-24,14695.854525019893,17830.02637492482,142867.19217486813,39878.95862190041,39642.840357291774,127185.26744227539,31116.351086833885,69438.885511207,75948.69154730525,40257.79949522116
2024-04-25,14638.040431297015,17626.130617150015,142867.19217486813,39282.80922851461,39050.22068898101,124825.921632537,30813.77739238779,67261.08652969576,73566.72671764022,38535.24077643189
2024-04-26,14639.270384232508,17625.984137943113,142867.19217486813,39313.90245229621,39081.12981372156,124992.24974619884,30814.530738291924,67347.2584318419,73660.97712456941,38594.19072020628
2024-04-27,14622.066108388239,17552.42097184454,142867.19217486813,39103.60653259545,38872.079029534114,124442.04235799078,30738.64781443907,66769.79477590161,73029.37699501794,37897.99517329062
2024-04-28,14629.049281530093,17567.70886725474,142867.19217486813,39162.30085276019,38930.42582806091,125913.98304805714,30718.80451501769,66460.91886691029,72691.54436758344,38027.74890317356
2024-04-29,14618.890534815282,17508.690578930178,142867.19217486813,39038.67949996608,38807.53642164401,125623.47190127044,30686.02640043845,65979.69915362672,72165.21092629054,37540.93157108946
2024-04-30,14613.000736004065,17499.907348731263,142867.19217486813,38955.9674526884,38725.314101925425,125388.42385441579,30671.033026979665,66654.52586783601,72903.30177535942,37375.616799083975
2024-05-01,14557.93435217345,17228.738913870628,142867.19217486813,38385.75324990951,38158.47606524185,121028.78520607842,30309.447351122013,63616.12698047579,69580.05690766129,34964.84565135292
2024-05-02,14551.073862653704,17225.879288433724,142867.19217486813,38343.07671341596,38116.05221111727,118546.47652437905,30260.181942593434,60739.14261433823,66566.49194844477,34974.72119293095
2024-05-03,14557.746940924775,17274.7729925631,142867.19217486813,38396.191738215784,38168.85274858057,119214.22093774825,30260.181942593434,61245.72894816699,67397.60917318401,35373.19989060984
2024-05-04,14595.075651469118,17469.209667689618,142867.19217486813,38811.62776509189,38581.82903134318,123050.37417867477,30260.181942593434,63687.4878435941,71600.93251597421,37217.63633178649
2024-05-05,14597.510449403559,17502.91288820492,142867.19217486813,38830.22821971113,38600.319355025764,123843.51540665212,30260.181942593434,64667.362348846334,72702.56064891283,37556.21537987571
2024-05-06,14608.973277953724,17547.741711676,142867.19217486813,39006.26842964281,38775.317253164285,124177.60919659003,30251.921660760978,64789.30228727772,72839.65214990074,38145.88596620098
2024-05-07,14597.908875648092,17520.169892894577,142867.19217486813,38877.72680596817,38647.53670816774,122566.32697904429,30224.49543071056,63871.48650069146,71807.7937987149,37872.97334839019
2024-05-08,14571.565450014574,17415.394094382933,142867.19217486813,38582.62015271331,38354.177344041,121406.63237996414,30185.038069440336,63102.8293887936,70943.62772998751,36948.47017845553
2024-05-09,14539.11222760329,17323.282864317807,142867.19217486813,38166.17913837536,37940.20202422005,120269.05777840076,30130.70009850351,61995.571197858575,69698.78793976689,35986.573502215346
2024-05-10,14570.467097513876,17472.31629520136,142867.19217486813,38545.71315870086,38317.488871667025,122065.95113873889,30249.329426896184,63708.174083149424,71624.18910989181,37541.26844221442
2024-05-11,14543.444345583743,17314.90283082831,142867.19217486813,38256.55784283966,38030.045607818785,119141.65292763137,30216.22402799694,61460.855857841336,69236.10412393267,36146.58689350962
2024-05-12,14537.006696382225,17292.70809125348,142867.19217486813,38174.73543590022,37948.70766099065,119117.5302180656,30161.80690488104,61423.8383765318,69173.67852973282,36007.671141039464
2024-05-13,14536.067588506854,17285.93114112327,142867.19217486813,38143.60015035876,37917.75672353259,119743.41398508335,30148.43018661691,61853.53149290908,69898.30503495465,35878.05074001732
2024-05-14,14544.40044159127,17308.409124517082,142867.19217486813,38235.71574561911,38009.32691401689,120723.47349723362,30212.22684295352,62592.670545151566,71350.00610791598,36038.60371987463
2024-05-15,14523.6498247842,17211.117123031232,142867.19217486813,37990.36974618018,37765.43357717544,118814.28616753925,30164.953203999376,60997.1829326991,69670.63522081402,35134.882851906616
2024-05-16,14572.855424414225,17479.521142819398,142867.19217486813,38571.39268556697,38343.01635330605,123023.90184189664,30304.37117686196,63492.17042889731,74143.24544054476,37629.27001957234
2024-05-17,14564.816369803797,17495.825079405906,142867.19217486813,38492.4936612318,38264.584480103935,121442.22737235657,30273.458690474465,62758.4356080988,73286.42355937029,37712.62438971968
2024-05-18,14607.124141137205,17655.029578109737,142867.19217486813,38884.948107974546,38654.71525375929,124657.59014311215,30613.678558312884,64587.53169708937,75422.35810601237,38947.38063201942
2024-05-19,14606.375018865863,17649.08614885273,142867.19217486813,38848.09836194987,38618.08369041499,125039.38081101989,30647.217300658936,64502.62809639697,75323.21157404789,38776.0813357061
2024-05-20,14576.040424525714,17558.820873970228,142867.19217486813,38516.46551401134,38288.41439857843,123703.14503099043,30501.19800063826,63816.061942649794,74521.47109952035,37908.42199475385
2024-05-21,14689.043963313983,17898.708809990407,142867.19217486813,39586.61830486041,39352.230950253426,129542.71340550281,31310.849777640185,67344.27823808948,78641.56031671075,40854.6151212468
2024-05-22,14680.534150376294,17883.59224055589,142867.19217486813,39502.10610133037,39268.21913277973,130753.34913031221,31232.85511904968,67373.62763092143,78675.83319195772,40624.60957473522
2024-05-23,14666.14311692446,17851.154638112006,142867.19217486813,39377.96458776592,39144.812645398546,130325.56467506525,31041.97299816522,66940.7240866503,78170.30828206478,40459.36566979516
2024-05-24,14629.958906835986,17765.831412435007,142867.19217486813,38878.320424970865,38648.126812427494,130058.76387539254,30646.92845590294,65948.08569337004,77011.1506799616,39470.373816254214
2024-05-25,14623.81936050994,17767.62049947379,142867.19217486813,38816.63605920799,38586.80767198394,129845.39429490175,30583.907047488166,66316.00129637044,77440.78565180766,39457.25370229734
2024-05-26,14644.291287039694,17818.750921991996,142867.19217486813,39050.098759228626,38818.88806891833,130454.31355387012,30883.192267209546,67026.67587994384,78270.67884528807,39993.20868794433
2024-05-27,14615.76263826681,17737.991726098742,142015.10156547528,38687.78951069191,38458.72400756735,130062.8056646186,30457.308276154858,66216.42299926207,77324.5026822197,39127.3175637374
2024-05-28,14651.056965837459,17860.896578063766,146091.59062061523,39024.31495949134,38793.256931794596,131735.6186175251,31140.671630321536,66929.19396803775,78156.84393821776,40268.230250409964
2024-05-29,14633.574772815837,17818.32696005622,145127.4821484847,38867.01207153203,38636.88541431752,130063.3011726242,30943.04388978093,65992.10978261795,77062.55999283207,40006.36063602682
2024-05-30,14623.341719384305,17780.231980777822,143756.62169488083,38775.571767976886,38545.98651722174,128606.7676372444,30789.217558943783,65578.07370516736,76579.0676455979,39631.38085766967
2024-05-31,14598.924568819219,17705.690090654898,140894.36149423927,38429.601569141945,38202.064764128074,128677.14728696228,30431.69639683691,66110.55554654685,77200.87552507881,38834.70223344728
2024-06-01,14591.684905093496,17692.793402583433,140589.56447538355,38340.879378796715,38113.867886638065,128082.95334731718,30370.186225717254,65305.54362887077,76260.81951830453,38704.456887233624
2024-06-02,14590.771551761007,17697.084464640982,140962.17586786323,38272.54945028742,38045.94253098368,129112.43141604646,30381.246669147476,65474.30263765443,76457.88855097466,38666.63616746971
2024-06-03,14566.990285554599,17629.51104652853,139202.0389530649,37939.14681615589,37714.51393163408,128254.30588703905,29998.867617994023,65475.350830255564,76459.11258223347,37941.96942876735
2024-06-04,14571.273913717414,17640.75842876079,139921.70302670976,38050.01230851519,37824.723003450694,128273.02871105658,30044.528910456804,66105.31458354114,77194.7553687847,38141.49748332809
2024-06-05,14601.078764060985,17730.310276594904,143103.76459153,38416.837127776475,38189.37589940372,129909.91667667546,30520.25870055548,67799.19382698456,79172.78988303892,39011.78586518455
2024-06-06,14627.78242576992,17806.823884674835,145775.94245969344,38737.861068019556,38508.499097544016,131047.67107542868,30933.672663112542,68459.55516570322,79943.92957609594,39740.19006962114
2024-06-07,14605.039070889297,17737.315205102997,143679.5124700899,38536.9349107025,38308.76259856358,130175.8939245643,30515.21728568062,68113.65160732678,79539.99926068512,39155.44309606313
2024-06-08,14534.964214570415,17524.517755288198,135857.505855444,37641.81973762432,37418.94728908755,128642.1769776669,29423.746327652716,67424.98906837733,78735.81072363994,37049.02710941243
2024-06-09,14516.69629828481,17447.34282344661,133598.72379745689,37400.814965717014,37179.369475919186,128694.500393926,29131.750690415858,67426.03726097847,78737.03475489875,36419.32932002893
2024-06-10,14528.861226496796,17508.840895000518,135464.59394953502,37530.02151098031,37307.811005587835,129033.89862374519,29459.394627263016,67818.06129380509,79194.82244569769,36920.63742867309
2024-06-11,14506.001351262856,17430.6995209021,132604.62356133488,37241.43531554948,37020.93349247997,128099.52181600037,28978.08357441288,67647.20589981915,78995.30535050991,36155.743541991804
2024-06-12,14468.401138776773,17239.443143971846,126987.97548943771,36885.44891669227,36667.05484401614,123673.98367618426,28072.27516508462,65771.98933637839,76805.51342847972,34617.63550696759
2024-06-13,14462.38654356509,17318.63769125169,129204.01522466187,36768.399857423836,36550.69881740711,124704.39702870429,28470.333638825607,66226.90492527347,77336.74299480791,35204.191521590496
2024-06-14,14434.456346516105,17142.52257082131,123796.18037079569,36453.25632567289,36237.421210604836,122628.62959550889,27903.087904434033,65220.64002817837,76161.67298634005,33730.432428501
2024-06-15,14422.172567912556,17035.392629498547,120544.9773135497,36299.93065374751,36085.00336056915,122601.87829398608,27639.249603441724,64612.13277743815,75602.290701059,32832.82504024228
2024-06-16,14431.819730263385,17084.317842222586,121957.71329135918,36395.864410587055,36180.36910578138,124108.03834553823,27843.569435349214,64538.00129720578,75696.5411079882,33208.240452854894
2024-06-17,14444.929572027104,17170.03220647502,123888.0929341784,36529.57157305241,36313.2846050675,125564.66629065567,28185.925865310397,65000.31387724301,76238.78695564576,33925.25442080612
2024-06-18,14410.97607268792,16925.85768959502,123888.0929341784,36150.71017573859,35936.66639811653,123019.17287553936,27510.511391574655,64635.05563116394,75810.37601505851,31954.794545544235
2024-06-19,14385.618306917251,16684.676749462382,123888.0929341784,35915.88627938178,35703.232864317135,121295.89078275613,27119.46117833848,63203.900771376924,74280.33694153267,30114.054067765643
2024-06-20,14390.669523265493,16786.80665688916,123888.0929341784,35973.82927131707,35760.83278313379,122253.67409956796,27210.68992928085,63048.752983042374,74007.37797081567,30852.01723852826
2024-06-21,14388.558111347662,16841.177920815546,123888.0929341784,35958.676794996296,35745.77002270674,121904.4441838091,27153.87439101695,63145.45945200426,74177.51831579173,31310.301038307873
2024-06-22,14389.70712077122,16837.225290665785,123888.0929341784,35985.85425240324,35772.786565829534,121518.92894097495,27189.3368887109,62724.54280652267,73436.97940420522,31399.280166144556
2024-06-23,14386.044837656507,16781.939320810074,123888.0929341784,35951.96023643551,35739.09323203876,120974.31692923531,27160.024021561178,62727.325726492796,73441.87552924051,31036.20523217196
2024-06-24,14370.63495987529,16675.55438122248,123888.0929341784,35815.16979371695,35603.11270821141,118415.4131319739,26998.940085802144,62115.77906305755,72365.95205273714,30344.615504155612
2024-06-25,14365.455063024125,16688.11236510001,123888.0929341784,35832.33978368713,35620.18103684501,116936.58086996537,26803.871037077657,60057.80974514916,68745.26758914559,30610.194146662296
2024-06-26,14385.07325988751,16865.514177628895,123888.0929341784,36004.30133716163,35791.124427734794,117797.14237984028,27043.22978892294,61173.06492317727,70707.38969703512,31701.82370075972
2024-06-27,14381.535981535053,16808.578139698395,123888.0929341784,35985.60317845594,35772.53697845928,117393.01974756568,26991.693173646094,60606.74070925657,69711.0282523551,31421.246798574826
2024-06-28,14389.110490559058,16893.32394447923,123888.0929341784,36004.89673680599,35791.71630209325,118003.14427413479,27049.480564833364,61014.43848488007,70428.31057002401,31769.07029984462
2024-06-29,14361.400483096319,16710.589116286686,123888.0929341784,35725.649869877874,35514.12282050655,117202.44330597011,26868.760277206784,60206.0002335584,69005.98624727438,30508.151215072547
2024-06-30,14359.12553479951,16680.158554513717,123888.0929341784,35692.84987646693,35481.517031703515,117385.50071881863,26836.997144823876,60570.56274964493,69647.37862689642,30272.030573806194
2024-07-01,14372.657259481823,16828.66146131834,123888.0929341784,35804.13748972648,35592.14572509597,118066.59208871354,26948.422192237267,61626.68087830786,71505.4580777862,31145.562805105295
2024-07-02,14368.929764015338,16787.38181420728,123888.0929341784,35756.25874540344,35544.55046475575,118177.35531833635,26894.153379811018,61720.60442729962,71670.702297727,30718.69331950795
2024-07-03,14371.913962322733,16861.11986536874,123888.0929341784,35777.28820884211,35565.45541540412,117593.80340692383,26856.520609017687,61159.15032332664,70682.90907185871,31265.74929793412
2024-07-04,14321.04954657393,16556.380151441397,123888.0929341784,35356.30358473214,35146.9633879493,115425.0852610229,26586.10089014387,59813.60851777058,68315.63261729952,29242.85278880158
2024-07-05,14278.36950524193,16137.633911045768,123888.0929341784,35044.75901283944,34823.626734283745,111643.75938742278,26586.10089014387,57621.41402306278,64643.5388408375,26663.04542271452
2024-07-06,14277.321592795239,16073.435432005237,123888.0929341784,35043.31774976425,34823.626734283745,110496.93543709727,26586.10089014387,57433.044218313415,64010.71468002721,26230.180463144396
2024-07-07,14292.312174691808,16371.968605840717,123888.0929341784,35177.32263125882,34823.626734283745,111906.83452480371,26586.10089014387,57952.24532424736,65754.95922384667,28092.52411834034
2024-07-08,14266.217096103948,16014.218620286701,123888.0929341784,34942.612782171695,34823.626734283745,109418.68104430925,26586.10089014387,57176.905006052664,63150.22070507627,25864.312736643544
2024-07-09,14273.756692828518,16194.964685856943,123888.0929341784,34991.75787299995,34823.626734283745,109418.68104430925,26586.10089014387,57441.05995468573,64037.64336772126,26864.283646441705
2024-07-10,14278.232445499796,16281.645925414934,123888.0929341784,35013.8516150714,34823.626734283745,109418.68104430925,26586.10089014387,57931.477280009996,65685.18944209389,27365.910228928897
2024-07-11,14280.913582791582,16313.307035572467,123888.0929341784,35030.87348238224,34823.626734283745,109418.68104430925,26586.10089014387,57800.31068482668,65244.53818891845,27543.762810627908
2024-07-12,14275.489598937991,16253.326033218269,123888.0929341784,34988.66594573276,34823.626734283745,109418.68104430925,26586.10089014387,57600.64597882542,64573.76905908472,27070.87826949967
2024-07-13,14282.314892659846,16365.825933823538,123888.0929341784,35037.843156438226,34823.626734283745,109418.68104430925,26586.10089014387,57719.424617796976,64972.80324946026,27689.792291300906
2024-07-14,14300.621585291276,16551.621462464245,123888.0929341784,35139.23355031471,34823.626734283745,109418.68104430925,26538.540138756867,58156.282250088065,66440.41672878625,28522.383023987106
2024-07-15,14316.405419062601,16704.082340825975,123888.0929341784,35241.77335563205,34766.36121476516,109090.42500117632,26635.927222318616,58620.971532731,68380.50627401703,29467.286259618548
2024-07-16,14408.588328569349,17117.68654967442,123888.0929341784,35893.64637227521,35409.218811398794,112875.4087909288,26836.590290825905,61094.452343983285,72700.11258639519,32054.0795942447
2024-07-17,14434.126317249149,17212.30746000685,123888.0929341784,36090.68766269772,35604.28463668886,112503.73205317896,27048.89451079954,61304.722744486455,73067.32196404139,32629.386351807592
2024-07-18,14424.960824397718,17157.85175745803,123888.0929341784,35957.43980526646,35472.5570124266,111442.44063135663,26835.452899377236,60535.83397997986,71724.5596731151,32241.176799243378
2024-07-19,14388.026509142748,17066.41088871641,123888.0929341784,35750.264370776196,35267.355149228744,111986.7692451415,26406.32439970425,60622.74574552118,71876.33954920887,31752.167861539354
2024-07-20,14450.143929451382,17273.292625796275,123888.0929341784,36244.09337341755,35754.66641797769,113707.50634399861,27224.762141426403,62247.690515848255,74916.83319611942,33073.98900543051
2024-07-21,14472.14828820319,17337.46459052733,123888.0929341784,36403.88016026912,35912.344892295856,113927.92115538701,27397.835779344576,62637.21531721367,75385.63716824775,33404.248812802245
2024-07-22,14507.178732366669,17436.257017696473,123149.19774769222,36666.052219002595,36170.98230025042,114051.29440360086,27809.091205559853,63529.15591981801,76459.11258223347,33963.14838573607
2024-07-23,14444.017204752507,17246.88747300273,118272.46067922477,36115.90698556151,35628.23443435111,112238.33556960977,26875.91830113313,63060.302307730664,75894.83417191714,32660.69382107479
2024-07-24,14404.022791161093,17126.732485704564,115818.39073192164,35803.026414658336,35319.59675163668,112003.93113389012,26273.40482052815,61804.26280463333,74383.15556727361,31941.148295095423
2024-07-25,14391.556702609396,17051.37658948591,113761.4612399134,35703.894708940046,35221.74894945287,109287.75493650399,25870.62386889737,61369.988417732464,73860.49421975718,31418.63261203347
2024-07-26,14357.116477646625,16915.768675417687,110766.35777130797,35444.85574575484,34966.20716217246,106923.83623033158,25192.011599161782,61715.78066959732,74276.66484775621,30591.78911642798
2024-07-27,14400.053365550162,17143.982884301655,115874.59436121202,35749.704626650804,35266.94063050469,110182.32883465031,26289.99072018461,63592.2121539816,76535.00252028035,31995.11784474841
2024-07-28,14390.908180341277,17096.106080962218,114775.77944234737,35684.65171549241,35202.76618184149,109493.3235495819,26061.049055252843,63452.87821720076,76367.31023782192,31692.630969206246
2024-07-29,14392.576552178803,17047.109264898223,113428.41889816464,35664.69626802346,35183.08036066514,110269.21081051316,25775.04510630201,63908.51036083446,76915.67624177359,31316.03724357936
2024-07-30,14384.672800750432,17030.297105359146,113135.28046642283,35625.23992568948,35144.156650510486,109917.66989629455,25673.437063946545,62735.86781259864,75504.36820035335,31218.6807181505
2024-07-31,14379.202851205788,16962.379185877497,111192.50500406337,35559.25361328784,35079.061156085336,109066.88953787943,25333.61133421633,62230.40090325502,74896.02466471947,30705.882987862817
2024-08-01,14355.88177800149,16843.788119572535,109219.06168309215,35401.1948101057,34923.13592537677,107254.87469842675,24655.06791410013,60614.902218055875,73097.9227455119,30047.725714609653
2024-08-02,14341.817782675142,16796.55215944446,108169.68551316661,35298.44107976321,34821.76927141193,107814.32948173457,24428.339128526903,61100.35390001951,74190.98265963877,29740.77531854237
2024-08-03,14279.957586836517,16339.865914337373,100063.00398940152,34931.40756892689,34447.433973139814,101256.93971697615,22353.23688714265,56586.838943144576,68986.40174713325,27091.28806135341
2024-08-04,14272.199909751851,16161.660090100295,96766.48638443991,34880.37062592559,34447.433973139814,99817.83032301885,22116.185895981922,56376.15501974485,68218.93414785269,25942.122842494213
2024-08-05,14252.246399283518,15891.150967200643,91834.73622360696,34772.42116823736,34447.433973139814,94889.14147015444,21878.391014111283,55567.69326583778,65273.91493913015,24489.860689949597
2024-08-06,14239.5805421142,15498.588280365226,91834.73622360696,34705.69037171745,34447.433973139814,93756.65482186762,21725.874533426053,54289.4769267428,60617.7000305763,22343.627353626518
2024-08-07,14245.403794030066,15722.270029937034,91834.73622360696,34744.52482225475,34447.433973139814,94308.01267481904,21725.874533426053,54911.78414546096,62884.60592191219,23530.779805861835
2024-08-08,14244.06483835959,15677.68279351023,91834.73622360696,34737.809370701645,34447.433973139814,94042.45586875388,21725.874533426053,54612.05518266582,61792.770039044146,23094.772994634997
2024-08-09,14255.738512645508,16239.12965853342,91834.73622360696,34803.50791381608,34447.433973139814,95840.62078874663,21725.874533426053,56641.61004284817,69185.91884232103,26001.938649973035
2024-08-10,14245.93569227005,16100.05996183182,91834.73622360696,34722.24901907056,34447.433973139814,95621.5066528005,21725.874533426053,56394.30004664052,68285.03183582901,25251.181829692672
2024-08-11,14245.230755985689,16136.918587956072,91834.73622360696,34711.767307354516,34447.433973139814,95646.2165349792,21725.874533426053,56422.1896250172,68386.62643031112,25460.46319705681
2024-08-12,14219.492350164172,15852.838733476387,91834.73622360696,34479.48875375665,34447.433973139814,94938.59219629194,21725.874533426053,55732.00656494856,65872.46622469346,23892.499956587653
2024-08-13,14221.786143580677,16042.452078519793,91834.73622360696,34498.95968506575,34447.433973139814,94938.59219629194,21725.874533426053,55890.943559793974,66451.43301011564,24934.815007212455
2024-08-14,14222.581933574924,16060.706852917898,91834.73622360696,34504.8536385409,34447.433973139814,94938.59219629194,21725.874533426053,56168.83128651099,67463.70686116033,25017.446755827285
2024-08-15,14215.52491136545,15938.902670682055,91834.73622360696,34447.56571273957,34447.433973139814,94938.59219629194,21725.874533426053,55580.79800748465,65321.652158224155,24378.604075053816
2024-08-16,14210.832254501453,15804.475053020939,91834.73622360696,34408.80272209222,34447.433973139814,94938.59219629194,21725.874533426053,55293.501748303206,64275.105431932476,23633.381421195587
2024-08-17,14210.596465271396,15783.778376565813,91834.73622360696,34402.54900177101,34447.433973139814,94938.59219629194,21725.874533426053,55614.39990914329,65444.05528410622,23452.162607043723
2024-08-18,14212.47835845597,15860.498229301964,91834.73622360696,34418.655599191625,34447.433973139814,94938.59219629194,21725.874533426053,55793.834064000475,66097.68797631646,23877.024334027254
2024-08-19,14210.537539165069,15802.783365110845,91834.73622360696,34402.83937559539,34447.433973139814,94938.59219629194,21725.874533426053,55468.56765594476,64912.82571777805,23566.396333511988
2024-08-20,14210.494030918573,15895.31942144809,91834.73622360696,34400.22849808671,34447.433973139814,94938.59219629194,21725.874533426053,55679.25157934449,65680.2933170586,24092.340203460197
2024-08-21,14206.869035865355,15905.293167823838,91834.73622360696,34365.004492843786,34447.433973139814,94938.59219629194,21725.874533426053,55475.28803627649,64937.30634295446,24191.91093618804
2024-08-22,14221.13791398098,16078.771132361999,91834.73622360696,34485.53481014098,34447.433973139814,94938.59219629194,21725.874533426053,56069.705676617974,67102.61763980823,25092.915039292282
2024-08-23,14236.202288190021,16168.383346748607,91834.73622360696,34638.137576062836,34447.433973139814,94938.59219629194,21702.442860475596,55907.74451062329,66512.63457305667,25662.65336623147
2024-08-24,14284.14692521729,16507.814310079862,91834.73622360696,35074.86341666575,34447.433973139814,94938.59219629194,21761.532786251155,56866.07074592794,70003.57172321323,27621.060708529865
2024-08-25,14303.942485731495,16583.125096197953,91834.73622360696,35272.11326232095,34447.433973139814,94938.59219629194,22020.431288053314,56883.20771577385,70065.99731741309,28110.963918706737
2024-08-26,14288.45323892513,16527.062575299708,91834.73622360696,35154.429860623306,34447.433973139814,94938.59219629194,21796.72758403834,56931.93047317889,70243.4818499421,27870.937057899522
2024-08-27,14238.95800920963,16354.414816109827,91834.73622360696,34716.95486150318,34447.433973139814,94938.59219629194,21030.403252604057,56566.67780214938,68912.95987160402,26878.320525794265
2024-08-28,14180.299864850638,16054.03575032554,91834.73622360696,34242.95904870411,34447.433973139814,94938.59219629194,19886.95894927659,55529.05107893033,65133.15134436577,25239.416830048653
2024-08-29,14174.161902927892,16055.642358311496,91834.73622360696,34180.33690218384,34447.433973139814,94938.59219629194,19818.518215213895,55487.720739890196,64982.59549953083,25182.266838000345
2024-08-30,14160.298453419662,15997.442593961317,91834.73622360696,34015.42152832363,34447.433973139814,94938.59219629194,19568.203665319157,55661.442571465406,65615.41966034111,24676.97059317178
2024-08-31,14164.650112788564,16008.944729304521,91834.73622360696,34063.53605281871,34447.433973139814,94938.59219629194,19596.20098471703,55644.30560161949,65552.99406614125,24802.045289301634
2024-09-01,14160.387604282292,15932.862400476912,91834.73622360696,34012.896289232536,34447.433973139814,94938.59219629194,19302.600971386553,55588.19042584955,65348.58084591821,24307.304795591335
2024-09-02,14155.629144980943,15736.647635293844,91834.73622360696,33971.55310121612,34447.433973139814,94938.59219629194,18553.692079104738,55098.61071868305,63565.16730181649,23247.30336892074
2024-09-03,14161.192889445241,15898.672296225002,91834.73622360696,34027.085418510986,34447.433973139814,94938.59219629194,18899.3132056845,55605.99943372863,65413.4545026357,24169.82665900607
2024-09-04,14151.187060892957,15729.535559354845,91834.73622360696,33928.81422973833,34447.433973139814,94938.59219629194,18521.73334845142,55138.93300067342,63712.051052874966,23232.66153749656
2024-09-05,14153.191131394984,15804.958944945236,91834.73622360696,33946.7867877114,34447.433973139814,94938.59219629194,18613.522265658612,55235.034439417155,64062.12399289768,23703.22689452852
2024-09-06,14148.125600318957,15688.598469608318,91834.73622360696,33899.311352864446,34447.433973139814,94938.59219629194,18346.337096607313,54641.96087514202,61901.708821079184,23054.580527557064
2024-09-07,14145.479442934633,15566.652564373977,91834.73622360696,33882.62618979741,34447.433973139814,94938.59219629194,18358.664946227153,53948.81681549922,59735.17349296659,22477.573986800624
2024-09-08,14147.47054151409,15646.918482362278,91834.73622360696,33903.20943225918,34447.433973139814,94938.59219629194,18471.078715661326,53948.81681549922,59899.19368164856,22897.900283421983
2024-09-09,14150.163319797255,15763.260322138001,91834.73622360696,33931.310498460036,34447.433973139814,94938.59219629194,18659.1219936326,53840.91918186822,60650.74887456446,23549.766934402465
2024-09-10,14154.931177228538,15942.758595796,91834.73622360696,33967.267631041366,34447.433973139814,94938.59219629194,18811.093455228074,54626.652033570586,63300.77654991122,24566.64699747429
2024-09-11,14159.018595919391,15998.93692231846,91834.73622360696,34012.75923593467,34447.433973139814,94938.59219629194,18912.017498163834,54850.21389807342,64054.779805344755,24929.23426132821
2024-09-12,14151.998720917043,15961.868131704163,91834.73622360696,33959.01844630313,34447.433973139814,94938.59219629194,18866.657994085243,54769.644524827265,63783.044865886564,24745.735844709085
2024-09-13,14167.301855654114,16051.769135711751,91834.73622360696,34106.78703302192,34447.433973139814,94938.59219629194,19039.654793366986,54904.65266378029,64238.384494167854,25315.219069021754
2024-09-14,14190.475504341193,16200.446082444432,91834.73622360696,34287.752383383515,34447.433973139814,94938.59219629194,19074.093927087924,55690.748440587355,66889.63620077344,26071.847280278016
2024-09-15,14185.026926245244,16164.820212954732,91834.73622360696,34250.37652532782,34447.433973139814,94938.59219629194,19132.988717617853,55507.47126270759,66271.500415069,25893.084490269903
2024-09-16,14149.463913596926,15994.619717360472,91287.01413877432,33953.447048868846,34447.433973139814,94843.65360409564,18932.478650736564,55220.39750488008,65303.291689341844,24983.25343741195
2024-09-17,14134.486654229562,15899.497267433762,89268.03495299416,33800.50839099783,34447.433973139814,94539.35754093721,18849.127569701268,54848.03634744515,64047.43561779183,24410.07015748753
2024-09-18,14158.475407017717,16015.578936917618,91840.49626961,34066.39133857594,34447.433973139814,95106.13120243407,19055.04967358549,55541.586222550555,66386.55935339814,25182.10141707287
2024-09-19,14185.586668738764,16177.90582390358,95404.29583558519,34375.419497169976,34447.433973139814,95505.03783493709,19326.823041793876,56029.720488388746,68032.88139651195,26224.612914116806
2024-09-20,14197.222702097448,16302.95565212483,98145.15500497771,34488.0108980356,34447.433973139814,95731.3320807362,19526.495901712027,56204.09772651068,68966.81724699213,26984.667259842252
2024-09-21,14226.873476839542,16414.50383848859,100856.33293759625,34777.55634500258,34447.433973139814,95804.29195552858,19814.81730153153,56367.98896079113,69267.928936662,27777.48143720993
2024-09-22,14244.14497099641,16491.03121529047,102390.96265275977,34920.99491685389,34447.433973139814,95845.81383549172,20044.684181351517,56461.26039493449,69439.2933128969,28185.066440027735
2024-09-23,14230.048420822262,16417.93638653412,101045.11918708569,34824.78889426982,34447.433973139814,95820.0376455803,19772.94804110905,56631.147649981314,69751.42128389618,27892.84786987863
2024-09-24,14250.52149518839,16510.971805749123,103111.11401357438,35015.05343791288,34447.433973139814,95820.0376455803,20104.49007660119,56660.46152928352,69805.27865928429,28413.855711327036
2024-09-25,14297.743507756662,16652.150490612454,106169.11662001662,35497.92481875627,34447.433973139814,95820.0376455803,20562.058268698438,56914.293075059366,70271.63456889497,29395.63629133167
2024-09-26,14276.580576035658,16602.462739337214,104980.20738967754,35293.498106184285,34447.433973139814,95820.0376455803,20349.922099882893,56465.257742112066,69446.63750044983,29036.134188182812
2024-09-27,14356.166560283538,16851.99734296088,110153.17957860818,35928.294803911434,34447.433973139814,95820.0376455803,21472.62386198061,57511.23025357684,71368.36657679829,30333.52460696144
2024-09-28,14423.617680733849,17037.358847495092,114819.83966939022,36569.5812385499,34347.919163884086,95820.0376455803,22325.04562328835,57814.291834458396,72129.71401978475,31586.622056968394
2024-09-29,14414.723035217841,17037.377694064882,114753.33987573009,36508.93501657219,34292.20492507542,95820.0376455803,22316.532019811006,57856.47915710437,72182.34736391404,31558.476086286315
2024-09-30,14412.026722741277,17017.667309696397,114329.43539964638,36505.31032633607,34280.18273173825,95436.75749499798,22249.51314647857,57625.92053334151,71894.70001809119,31534.149807749403
2024-10-01,14313.762334831403,16770.061030651887,108850.97523176754,35650.01958169968,33409.41920906242,93599.54441026138,21155.322368072666,55658.13898024499,69578.83287640246,29993.983119398054
2024-10-02,14246.214164032319,16523.358290475746,104450.42889083216,35026.75657122956,33409.41920906242,91206.60325527402,20033.569451002244,54301.45416218894,67239.70914079616,28368.405551083524
2024-10-03,14232.364825715635,16408.351771011978,102511.67794807347,34921.14268588908,33409.41920906242,90691.98634250464,19488.790186216065,54287.9180552145,67189.5238591845,27653.269895904505
2024-10-04,14201.879956035342,16310.470223420063,100139.92066131042,34556.46116044786,33409.41920906242,90771.79287712454,19025.11770412515,54346.02427051941,67404.95336073694,26872.12793627782
2024-10-05,14223.103411255635,16518.186461907913,104153.41069782127,34784.88037663137,33409.41920906242,92477.55682665267,19910.745235783008,54737.90761163386,69255.68862407381,28278.1673657303
2024-10-06,14215.78129876749,16465.619751311893,103189.48582782062,34699.43880806615,33409.41920906242,92427.75922979935,19685.535635118795,54704.30385420298,69192.03899861513,27888.107247183325
2024-10-07,14231.703453946418,16610.498757705518,105804.36999691978,34887.95349534617,33409.41920906242,93087.44301401796,20342.54030652819,55176.048910444166,70085.58181755422,28927.162257097552
2024-10-08,14231.420429790804,16555.057407711196,104737.78538980676,34922.40522677081,33409.41920906242,92675.87445705429,20089.92045815546,54806.4075787045,69385.4359375088,28613.787515779622
2024-10-09,14222.400518622944,16490.8121202466,103177.33943430636,34838.68603657689,33409.41920906242,92728.77244989245,19785.17650660055,54757.9406208715,69293.63359309724,28175.002800281713
2024-10-10,14197.012431939891,16365.525039132895,100107.36491999046,34577.49545809247,33409.41920906242,91662.73363466797,19230.322482032185,53856.2767900952,67788.07514474781,27314.373578496
2024-10-11,14195.227201940445,16383.78520785672,100537.4468232787,34561.516575143214,33409.41920906242,91640.4011188365,19299.82696522022,53777.67542881002,67491.8595801132,27434.257776811366
2024-10-12,14221.963409858177,16573.391561327146,105158.16851640059,34870.97730876254,33409.41920906242,93053.77233196655,20134.408845252547,54320.59105854483,69938.69806649574,28726.305420875327
2024-10-13,14243.586140995922,16643.45226105736,107160.31179587058,35105.7446580229,33409.41920906242,93545.85635212855,20446.583705099307,54643.1888617316,70560.50594597665,29276.85333602411
2024-10-14,14252.377119608831,16614.684095555924,106798.80841569591,35213.94226987354,33409.41920906242,93365.42180617651,20340.501191298023,54547.93360488511,70376.90125715354,29164.125229251276
2024-10-15,14277.659848331876,16870.16706370768,112227.76523506695,35379.015586556576,33336.660918340465,95115.06770280952,21443.862476584844,56226.71685853458,73820.1011882161,30683.158039815793
2024-10-16,14247.331868170335,16797.00117368749,110028.00886048617,35015.83634174598,32985.5521826195,95376.62477493184,21120.146712017722,57364.13572748303,75313.41932397733,30018.260079229505
2024-10-17,14245.984013346999,16777.335668806667,109576.32742528702,35006.96663200675,32974.89353737586,95627.00473917215,21006.051990827462,57981.325310469816,76123.72801731661,29906.99737577754
2024-10-18,14216.095569911977,16672.50849167396,107104.2788549508,34721.501381241826,32699.91405473627,95617.07921433836,20544.615885448722,57954.28830456858,76088.23111081081,29189.73506669174
2024-10-19,14242.435244180164,16811.42671655781,110339.50497849449,34962.91650239502,32927.24200732897,96010.87721971574,21173.05174759995,58654.453526355705,77007.47858618514,30124.747966979594
2024-10-20,14244.004583037231,16816.300798000215,110399.78831452756,34954.11344229323,32919.0867440081,96010.43479307849,21211.923580118088,58555.62860823395,76877.73127275014,30117.048885082073
2024-10-21,14271.724764469702,16953.501726941744,113240.88895925983,35180.63136029961,33132.63326580339,96553.28234067396,21829.988372766424,59041.362403907835,77515.45155859571,30952.940539987372
2024-10-22,14237.505581195534,16841.86303710938,110591.03199674611,34884.40039573817,32853.554393537604,95341.67354734248,21320.734070303988,58013.956179660956,76166.56911137534,30181.826158168977
2024-10-23,14233.444616518096,16821.438168976063,110023.29909477958,34828.618345741954,32801.0604950295,95289.18098282791,21259.058438022246,58201.35059987296,76412.59939439829,30014.461846510578
2024-10-24,14211.90812298622,16724.513891896517,108083.57219563986,34710.62083524227,32689.964974645194,94212.41545381723,20837.817389428557,57605.604159497496,75630.44342001188,29469.958006560682
2024-10-25,14219.72206353461,16777.78815429398,109020.06604407837,34725.217453172896,32703.872882781354,95131.0719231418,21057.527263419353,58701.06905377162,77068.68014912617,29719.079239389477
2024-10-26,14174.087712465278,16418.482684344264,100814.3160192149,34335.854084863386,32336.854804766506,93650.37391805604,19527.7775376097,57545.93628440512,75552.10541944735,27375.880253705705
2024-10-27,14185.95179847115,16507.401139074507,102696.93932258339,34432.81979494872,32428.17570888617,94237.24802009741,19858.604512902024,57936.57440415053,76064.97451689321,27914.503612795288
2024-10-28,14192.979071633368,16565.639211096084,103234.61157690469,34461.75397952731,32455.42515147928,94895.54103373454,20042.925461746087,58689.8813271918,77053.99177402032,28225.35720720623
2024-10-29,14200.861000909803,16620.676649908717,103234.61157690469,34505.83506974389,32496.939981021667,96124.5583845774,20251.363142690396,60208.61521040248,79047.9386946392,28534.222637226405
2024-10-30,14234.446425586326,16825.64923381547,103234.61157690469,34807.184302756665,32780.747053998115,98009.95700935103,21072.63177964064,62538.45927065017,82106.79281043207,29881.803001408818
2024-10-31,14227.53174599518,16803.995259598763,103234.61157690469,34767.57995173206,32743.448626624733,97655.36022918152,21050.06421951127,62100.27331294052,81531.49811878636,29754.58091300052
2024-11-01,14174.565992246478,16550.064312471943,103234.61157690469,34345.19217919298,32345.65107569602,96078.5362492788,20025.408011203766,60151.74426695506,78973.27278785115,28242.546979740917
2024-11-02,14167.795251358275,16537.253400377213,103234.61157690469,34292.19889113364,32295.743185684703,95817.49266217528,19977.779039665136,59829.16481723689,78549.7579722992,28085.981324022814
2024-11-03,14160.22595380333,16476.324022865923,103234.61157690469,34195.99421850755,32205.13900281662,95821.2649683473,19728.324691510763,59833.82636997848,78555.8781285933,27647.14772860641
2024-11-04,14126.064856989937,16293.566407761522,103234.61157690469,33901.45283146485,31927.745667491043,95088.17039896584,18951.762252512613,59046.95626719775,77522.79574614864,26520.86131198433
2024-11-05,14115.149389240953,16201.825822706507,103234.61157690469,33795.93849166123,31828.37366202112,93958.69947656161,18622.149691474835,58161.26124629527,76359.966050269,25946.066301287283
2024-11-06,14151.657363078637,16405.246317982732,103234.61157690469,34106.65428662796,32121.00081222019,94909.81173196789,19139.97765150683,59221.298339733294,77751.68959154811,27218.748787281853
2024-11-07,14259.984317472265,17052.952058117004,103234.61157690469,34963.555049548624,32928.01579888976,102196.83534581993,20733.076840550184,65529.31150965561,86033.4850887288,30888.951225061603
2024-11-08,14317.181248125451,17213.91442512355,103234.61157690469,35307.81954192278,33252.23759812366,103232.81239020305,21206.665413240848,65519.0560936241,86020.02074488177,31669.598844016087
2024-11-09,14401.233903586482,17345.336273835852,103234.61157690469,35803.96110795587,33719.49434646229,104667.19656695356,21799.036225547065,66573.49932377222,87404.40009860795,32231.534648761797
2024-11-10,14534.789367282265,17620.13388277118,103234.61157690469,36881.016695015074,34733.844943796015,105818.62809749162,22931.547490450394,66676.05348408724,87539.04353707822,34062.295186478186
2024-11-11,14834.713010239693,18164.42904025796,102618.89818777806,39221.47002637036,36938.03967792672,108282.41520507741,24999.12800219815,69626.81636951499,91413.10247124567,37306.00560872232
2024-11-12,15122.132555474596,18627.600374550457,110981.59497684655,41517.747961676854,39100.63086634055,117044.51805308629,27004.212237482854,76748.73664811927,100763.4772573768,40453.25159566043
2024-11-13,15137.925298620054,18655.217071061204,110859.26738875727,41494.21262360726,39078.46572961261,115447.09796308128,26994.057821918876,76889.51554091535,100948.30597745873,40517.53443009757
2024-11-14,15260.55147106533,18827.637558295428,114623.91975103319,42625.94936661827,40144.31401857968,116944.93737412471,27744.88772961167,79573.63760952403,104472.29197160345,42137.19704321552
2024-11-15,15209.031770189496,18736.749204672044,112271.39194699799,41966.74098312895,39523.48401376254,113258.3962305262,27338.247663955306,77311.85221930359,101502.7921377045,41183.48171025327
2024-11-16,15506.380149041377,19168.233624582503,121862.02437575013,44686.54479548137,42084.94387417873,115982.15148017852,29392.870721614614,80320.41835872707,105452.74100991881,44840.85700758263
2024-11-17,15618.540868956392,19340.300597875987,124866.22700542603,45435.708151023195,42790.49177240549,116281.41013136932,30360.806618179016,79842.14304743973,104824.8129741438,45758.237519583774
2024-11-18,15589.537401075673,19267.14039407755,122603.95170028266,44995.11441998118,42375.54891769876,114885.44714756595,29925.767236254454,79306.99679270497,104122.21903158074,45040.47097850514
2024-11-19,15651.91940739846,19406.492537904294,125431.09984978243,45498.85038871769,42849.957938895284,117418.92444348935,30730.954100578645,79623.98237913323,104538.38965957977,45891.298777181924
2024-11-20,15623.622786223428,19337.268143494697,123632.13692664383,45173.34005855342,42543.398458028496,116749.04451117091,30289.27084519527,81252.72890704547,106676.77226873949,45382.78679715887
2024-11-21,15604.751423598196,19288.83257950639,121775.0575584857,44796.923398220366,42188.89635720147,117607.82125384641,30067.65513769372,83221.76878509394,109261.92628736875,44883.68850879575
2024-11-22,15809.48765917919,19637.52623237551,128934.32318644854,46701.49262515329,43982.583682366254,126208.08000768113,31828.223943088997,87242.82417999122,114541.17310666232,47612.30096104001
2024-11-23,16016.914242565463,19952.02186597368,135655.60656960876,48649.001602462,45816.71085370512,126902.43106512603,33701.44744660518,88328.96596878215,115967.16952318841,50581.630400652095
2024-11-24,16036.655751635984,20054.40000068614,138666.6519872194,48948.721548514804,46098.981438004754,126844.97036669578,34292.95589898155,86894.14003492013,114083.38541586339,51444.499457569036
2024-11-25,16053.12185301026,20129.41424283474,140602.45270501744,49182.09938166909,46318.7722733892,126358.76188422821,34808.10357273623,87089.925250067,114340.43198021573,51807.92844853931
2024-11-26,15893.181694554009,19899.575113375002,134865.20131409905,47519.719267639215,44753.17408042362,124496.07688845499,33358.97070101255,82928.09096237365,108876.35644084025,49418.115421101385
2024-11-27,15869.121706530674,19841.829311446196,133728.0988941554,47328.60545090874,44573.186697554826,121659.41436493228,33050.26450748928,81698.37334914168,107261.85921045576,49091.4456135549
2024-11-28,16001.430111766043,20098.026947933628,139550.72794455464,48720.93576446728,45884.45708913344,129631.12379794964,34602.37521731693,84680.83479321224,111177.5352074231,51221.55328168959
2024-11-29,16007.006368015069,20153.327746833005,141327.96195908898,48893.92607424476,46047.37609562016,128015.30743358961,35004.212664487815,84449.62177722929,110873.97545523559,51835.213819150915
2024-11-30,16119.85756947051,20318.562154309635,146063.653155414,50235.20073025371,47310.5632333082,129199.40059844946,36057.72095343431,85886.31233218794,112760.20762507824,53950.696987656884
2024-12-01,16198.91154365344,20466.74621290721,151267.74618875363,51362.46155139115,48372.19618370722,130621.5989309263,37106.18121226874,84967.98644209432,111554.53683513988,55379.7114474459
2024-12-02,16390.161119429653,20726.72661354124,157135.5021745124,53925.626336660374,50786.13636693725,131458.65935936564,38809.898601170666,85858.34301573838,112723.48668731362,58503.22818708974
2024-12-03,16551.394210190454,20935.338874265613,164974.26000403494,56872.646833598556,53561.58460945643,130048.92184232915,40443.13389762811,85075.20215515092,111695.30042990425,61670.3722211922
2024-12-04,16617.73655175986,21012.785749032853,168331.0221144986,57581.504127708344,54229.17302036633,129533.25865565255,41097.42120062433,85071.47291295766,111690.40430486898,62757.403980081435
2024-12-05,16637.818163583954,21075.453756874143,167527.60470210272,57519.7785005779,54171.04099067226,135204.27949737056,41446.669067847644,87402.24928375367,114750.48245192066,62479.84870355621
2024-12-06,16589.321804114636,21016.72049769706,165712.05459548623,56846.49509855068,53536.95539913303,132450.48117062775,41108.93682560439,85513.38811286059,112270.59512154997,61692.05247924351
2024-12-07,16772.654624722403,21270.07294517259,175687.546510418,59529.35581414009,56063.622948689954,138235.9551678784,42913.517538905246,88035.28814606187,115581.5996766599,65555.3882162561
2024-12-08,16805.867691546897,21327.3805399205,176599.60998018397,60002.97868483141,56509.67202276701,138049.12729226446,43419.53052348059,87986.8079975493,115517.95005120122,66004.42669191476
2024-12-09,16829.804361213814,21360.859519187197,177562.5870615306,60374.34102512915,56859.41406079331,139178.2299593173,43684.15424787004,89213.72867913631,117128.77518780922,66463.52650556147
2024-12-10,16421.477204887662,20774.20730017333,156774.98300631435,54268.13756940249,51108.706977133596,131781.11437202254,39184.342339013434,86024.29429333906,112941.3642513837,58515.74557258284
2024-12-11,16391.105925258402,20717.359433281672,155332.83575259076,53863.415092010444,50727.54699209583,130133.14662686965,38731.129818223206,85623.40075756215,112415.03081009082,57948.49968884222
2024-12-12,16567.673164205156,21039.32164549338,165224.02149702152,56203.20560746619,52931.117506913084,136964.77663500744,41126.23797026038,89738.61951783959,117817.90478652527,61673.55405500938
2024-12-13,16564.47767928479,21033.59384639489,164632.72290235854,56061.90382606555,52798.04215801863,137424.55617797334,41031.45122645694,88983.44797370168,116826.43946688052,61365.22379522331
2024-12-14,16605.84647913141,21092.961053425315,167140.940387808,56777.00096951985,53471.50714137423,138554.64291661425,41502.07715084961,90010.85419794856,118175.3219141009,62501.33111382401
2024-12-15,16515.534949514902,20945.436457972788,161663.74012816366,55352.07104802427,52129.53505457714,137830.9322792681,40352.409121937715,89970.76484437086,118122.68856997162,60288.04279717873
2024-12-16,16582.158399483225,21047.28020015627,164819.37613498775,56244.04552271619,52969.57976773377,141097.7965488073,41102.42191745633,92385.44916451554,121292.92953031717,61454.80453940661
2024-12-17,16538.43239478087,20956.379993664745,161242.12132325536,55439.21920174676,52211.60953974683,142816.79542381238,40354.38248739853,93958.25705952868,123357.87026394765,59988.05309230588
2024-12-18,16531.366947215487,20929.825175417645,160317.05873469386,55376.60876370917,52152.64421175244,141633.4204468266,40144.3119700027,94312.53506788966,123823.0021422995,59727.64943732968
2024-12-19,16348.849358582465,20562.969795538844,148979.25950854152,52775.83180170556,49703.28159093866,134826.68281156535,37377.35067434887,90366.99682740618,118642.9018549704,55341.829598405515
2024-12-20,16186.96234867342,20203.482116863655,138177.11381095988,50629.47308565707,47681.88149137047,128832.13716116539,34702.60322515415,87664.22854783114,115094.43523564927,51225.13725888036
2024-12-21,16228.159028300825,20324.75978689619,141974.4023669143,51258.4632164216,48274.252516516484,129387.0061026518,35507.01275706678,87538.36662380815,114929.19101570848,52783.06715099908
2024-12-22,16173.249533603157,20140.91563282512,136557.0557736105,50521.16986490095,47579.883563631985,126797.87842804709,34503.74602222807,87186.88554709211,114467.73123113309,50633.368904409326
2024-12-23,16153.548048382994,20087.119564969304,134782.53267028878,50380.156157141406,47447.079517050806,123698.47673414824,34225.820566148555,85015.53428005855,111616.96242933974,50383.93266899937
2024-12-24,16222.676654189167,20326.796262939086,134782.53267028878,51408.7995420426,48415.83642851925,125534.71609931221,35121.87725631508,84972.6479948359,111560.65699143398,53330.86348242534
2024-12-25,16279.607112856853,20505.118694002893,134782.53267028878,52276.6690943148,49233.17958102244,128140.55867776966,35933.11521553412,88424.06164471063,116092.02071158812,55679.38537353115
2024-12-26,16250.14489927072,20418.483717938587,134782.53267028878,51742.199956841665,48729.82664209947,128529.32402123843,35581.144786506826,89118.63300320784,117003.92399940953,54382.99353594548
2024-12-27,16142.668322488715,20131.261178439727,134782.53267028878,50241.22726763347,47316.23891292208,124694.31497080623,34327.66313130584,85648.57314236675,112448.07965407897,50920.78939936585
2024-12-28,16131.99243015796,20103.584445881497,134782.53267028878,50113.90460264949,47196.32883183827,123986.34610220534,34181.714699307995,84256.63349372738,110620.6009846597,50558.0602673346
2024-12-29,16167.806057003518,20238.068210563168,134782.53267028878,50648.16842719673,47699.48841092545,125188.73090728384,34618.624195381104,85044.43590705642,111654.90739836317,52149.3385049989
2024-12-30,16121.139619711548,20069.481101814854,134782.53267028878,49954.78485560049,47046.47285943083,123898.41562435351,33994.09833625981,83648.76701622378,109822.53260390862,50117.658222966995
2024-12-31,16124.17601599388,20077.691435313478,134782.53267028878,50020.159161581025,47108.04114605057,123724.77108586126,33991.25886901175,82992.42039020761,108960.81459769886,50179.17756575103
2025-01-01,16133.275782553288,20090.805780815474,134782.53267028878,50148.26905851326,47228.69262731443,124127.20381172199,34080.3941699093,84036.60820432423,110331.72960757802,50254.54719483664
2025-01-02,16203.926186645012,20301.948413142876,134782.53267028878,51229.973014330404,48247.420982293675,124915.99982668707,35270.29777701196,84998.75269018882,111594.92986668096,52916.521195891255
2025-01-03,16274.861558069955,20525.777359177293,134782.53267028878,52114.882323884274,49080.81185636751,127999.06605819508,36159.12951777276,88000.79265577407,115536.31052008353,55235.104647484506
2025-01-04,16407.15503415508,20851.25978025592,134782.53267028878,53978.26747824742,50835.712800187306,130150.73767871902,37701.38672379176,88785.79813745817,116566.94484001055,59102.990096326044
2025-01-05,16419.149555999975,20868.08525790694,134782.53267028878,54050.556284462946,50903.793032531226,130787.63485152731,37764.79037821207,88849.19525474383,116650.17896561035,59215.162530124064
2025-01-06,16405.548760840255,20853.583576813344,134782.53267028878,53857.57949813227,50722.051140000825,130618.4590599669,37647.603426857684,88997.43263192645,116844.79993576283,59034.583200324334
2025-01-07,16408.513756400218,20857.18528957455,134782.53267028878,53743.927157148326,50615.01551186295,132262.93287769833,37671.26820268992,91831.6566988144,120565.8549625777,58883.34461100319
2025-01-08,16217.291412655324,20440.082978478087,134782.53267028878,51161.41061913576,48182.850213466816,126714.28896379287,35644.11667687788,87511.32961790691,114893.69410920268,54018.86384126393
2025-01-09,16194.47343795081,20341.637004907243,134782.53267028878,50848.73656403214,47888.37969398002,125465.14253671282,35207.79214445184,86052.26360978861,112978.08518914832,52841.386498403146
2025-01-10,16135.37718917074,20166.827553557596,134782.53267028878,50040.23093870186,47126.944366638534,123213.91347631437,34376.6613570735,83891.16775878656,110140.780731202,50864.47932583866
2025-01-11,16194.042432287912,20317.6944798217,134782.53267028878,50815.46611960701,47857.04621781366,125082.35161123882,35068.70060443058,86255.50730932203,113244.92400357123,52629.657527417694
2025-01-12,16216.486659137863,20375.013825732043,134782.53267028878,51198.28176960215,48217.57476657475,125038.47860848103,35427.35810181222,85951.57407057023,112845.8898131957,53431.638195594714
2025-01-13,16183.004047427814,20292.82229712505,134782.53267028878,50689.68200935383,47738.585118515985,124910.028362952,34976.92010539685,86020.5650511458,112936.46812634842,52300.348902823884
2025-01-14,16164.067415304444,20201.370057454995,134782.53267028878,50441.2995307712,47504.66319149389,123157.97724361414,34706.64862906601,85893.77081657448,112769.9998751488,51306.04732741324
2025-01-15,16206.757193421154,20337.204428510508,134782.53267028878,51045.03507412035,48073.249923206444,124835.85270028417,35104.67161456569,87373.3476567558,114712.53748289721,52927.8092107867
2025-01-16,16339.138592981639,20725.020527618144,134782.53267028878,52939.24780231707,49857.18369380907,129358.1447836813,36363.83765154187,90885.36149227121,119323.4632348747,57460.63112337091
2025-01-17,16346.0206179073,20713.15448119292,134782.53267028878,53212.68380996084,50114.70056130414,127332.25014488668,36604.30891029714,90430.39394469184,118726.13598057021,57614.850761812326
2025-01-18,16440.147678468227,21045.113494078552,134782.53267028878,54665.56364939618,51482.99535291598,131339.11404282931,37336.54472999157,94237.9502240242,123725.07964159385,61597.284509866375
2025-01-19,16392.190989454673,20924.236896485952,134782.53267028878,53546.136320617705,50428.73983777934,129308.49507331949,37300.617973666536,94582.90512690201,124177.9712073575,59364.544931922384
2025-01-20,16237.553228334064,20570.162452835873,133978.66070605247,51188.18158816744,48208.06260646602,126839.50258832605,35868.01211978327,91882.0014684236,120631.952650554,54614.81844307257
2025-01-21,16226.630709148396,20545.462146201196,133513.67601575525,51169.028971226275,48190.02503357456,126906.9736449169,35772.97508129581,91519.33266512773,120155.80449087276,54451.868354320264
2025-01-22,16287.443993880486,20706.844418413602,138159.0739639487,51846.05441866447,48827.63481270014,130022.76365540925,36463.857329184175,95114.3221394435,124875.66902488528,56326.253672513885
2025-01-23,16244.542179452787,20577.83916009256,133921.36866235896,51234.22764534019,48251.42791341955,127420.76061463947,35965.38158970064,92928.98621418516,122006.53975420962,54738.563521844655
2025-01-24,16236.846644675807,20575.09266193782,133736.51242027245,51115.096639602925,48139.232582294906,128761.2370836853,35847.57577266377,93084.68207575433,122210.95297443267,54604.88944774246
2025-01-25,16215.15376818013,20500.644683735864,131327.6317691812,50786.634155148284,47829.89281824818,128158.10726090759,35555.92435979871,93226.39327909873,122397.00572577342,53639.64474751949
2025-01-26,16219.802200402473,20508.113610576984,131580.5137710169,50859.057867515876,47898.10010265808,128238.6264460978,35596.33118408438,93149.0115035883,122295.4111312913,53758.89758080902
2025-01-27,16161.748928862457,20359.56630476366,127239.66029755195,50130.768745064175,47212.21116264394,126040.31401015134,34945.52836925605,91453.13861619713,120068.8982714965,51994.65297623185
2025-01-28,16145.18391559731,20296.563313364903,125105.47986882649,49900.211162960186,46995.076386458924,125339.84725317231,34772.423184734274,91221.92560021416,119765.33851930896,51213.03024004317
2025-01-29,16090.041221831894,20076.291872630318,118034.06316824566,49151.36012773188,46289.82262535348,123572.57396756564,34289.080829109385,90604.73601722738,118955.02982596967,48539.56343348407
2025-01-30,16116.707927052043,20187.170636282823,121334.88833832281,49459.33001350011,46579.86284700991,125559.5525014612,34596.25574682169,92779.81652645422,121810.69475279831,49806.390244681716
2025-01-31,16166.83554395119,20418.531788152453,128866.578763162,50053.4999156423,47139.440838504124,128157.10003582429,34978.78919908042,93883.6722156632,123259.94776324199,52643.94121987184
2025-02-01,16149.047135162218,20418.543172945516,128947.79764946717,49863.71482529157,46960.70482496469,127852.05169067925,34787.93089816464,92182.20546498212,121026.09071589426,52497.67885640586
2025-02-02,16057.48987082727,20126.951299380817,120476.81294262242,48618.70362380125,45788.176790464815,124529.59401875964,33909.27920359852,90744.58259947514,119138.63451479278,48860.67811880573
2025-02-03,15960.298440418654,19770.43030208738,109482.27708009267,47233.576949857146,44483.69065042935,120159.05541158744,32995.73469424509,88930.30627244753,116756.66968512775,44336.94951587662
2025-02-04,15998.370001837184,19944.418916289935,109482.27708009267,47743.49705259339,44963.923772105365,121363.65778398718,33435.24095086622,91712.32094862964,120409.17896144865,46307.3343045948
2025-02-05,15944.335475807711,19652.013725156565,109482.27708009267,46986.301272098215,44250.8110875184,118531.26986176995,32802.80903146573,87966.29716548629,115491.02136350717,42871.40214045636
2025-02-06,15916.39214130555,19533.430410272194,109482.27708009267,46605.14402854465,43891.84439462096,118292.975073726,32409.356416691982,86686.23478264513,113810.42644514638,41480.25491650447
2025-02-07,15899.900531007666,19375.20143087503,109482.27708009267,46357.82636886628,43658.92529393121,117641.90437308219,32300.58515816297,86745.9026577375,113888.7644457109,39768.03936300839
2025-02-08,15904.813743682422,19394.109133749775,109482.27708009267,46429.63968197683,43726.55771584969,117536.47648900043,32361.86501302918,87248.41804328113,114548.51729421524,40041.761266854955
2025-02-09,15909.047512822017,19466.891664980558,109482.27708009267,46488.035143806366,43781.55345886047,117617.96835452112,32445.12500524953,87246.55342218449,114546.0692316976,40812.381516786765
2025-02-10,15904.354214349198,19441.428792277442,109482.27708009267,46405.277800222815,43703.61415574713,117373.94143306173,32459.760493764115,87271.72580698908,114579.11807568576,40473.463468402035
2025-02-11,15910.980460325252,19523.250397370975,109482.27708009267,46484.85289601153,43778.556477991784,118003.34903807665,32495.02435164278,88205.90097640413,115805.59739702409,41264.28923045771
2025-02-12,15897.948760927393,19476.452642243694,109482.27708009267,46379.255340526855,43679.10669470292,116662.24600743112,32377.819336814493,86215.41795574434,113192.29065944193,40874.51882280636
2025-02-13,15915.675431874413,19654.333082802175,109482.27708009267,46578.90541947908,43867.13336818294,117720.0528006897,32420.11897092154,87785.42891911253,115253.55929929596,42622.999540853445
2025-02-14,15896.326834735024,19536.10484879012,109482.27708009267,46379.159187705794,43679.01613979212,116596.91827198048,32312.14348001182,85946.22074340179,113064.99140852458,41515.70087340559
2025-02-15,15910.91634893196,19648.56139826641,109482.27708009267,46580.13036619756,43868.28699986631,116977.57796124098,32383.641145697067,86152.69180549346,113806.75435136992,42676.722027889715
2025-02-16,15904.030704488723,19570.193009049388,109482.27708009267,46487.855819747376,43781.3845748487,117047.3027558085,32336.306171931803,86255.54464856659,113942.62182109902,41889.660198908
2025-02-17,15890.1551544648,19485.256930291343,109482.27708009267,46320.197636666504,43623.48726465556,115942.24526694996,32203.952825483193,84793.93347352669,112236.322246303,41078.12959081585
2025-02-18,15878.254578252641,19460.750259495573,109482.27708009267,46155.678793067695,43468.546525092584,115881.22053669892,32193.281869202572,84615.40811828266,111882.57721250382,40795.0850895802
2025-02-19,15870.052483730466,19303.845519063434,109482.27708009267,46030.23598643532,43350.40685909863,115901.2805691344,32196.78962299724,84674.09292363969,111998.86018209178,39238.54629559017
2025-02-20,15884.181468370673,19400.503699003522,109482.27708009267,46176.797376932605,43488.43560850076,116156.57087665517,32241.4304054999,85420.93428865715,113478.71397400598,40225.40270121559
2025-02-21,15886.418765615354,19475.717545553318,109482.27708009267,46187.84827390495,43498.84313454626,116355.27077688432,32276.17562992918,86002.22272908843,114630.52738855623,40919.28591699971
2025-02-22,15872.610178806013,19301.954639958283,109482.27708009267,46052.990235425576,43371.83638102833,116006.64852897961,32215.21456135028,84982.34258546245,112609.6517802433,39304.63041222684
2025-02-23,15876.483320060122,19423.804453529294,109482.27708009267,46097.90900615715,43414.14003090313,116081.60970281738,32228.32248342509,85201.6384370598,113044.18287712464,40364.19083345354
2025-02-24,15875.043435841075,19374.593975618864,109482.27708009267,46077.57404890367,43394.98895223691,115994.96166851211,32213.257603970098,84949.60264142115,112544.7781235258,39898.60116239611
2025-02-25,15829.156307150139,18828.940268812705,109482.27708009267,45625.61929500725,42969.34650128169,115067.0837974978,32030.92094319833,82223.53899888847,107143.12817835016,35161.079935017544
2025-02-26,15822.574766168555,18833.27002844789,109482.27708009267,45604.74706238239,42949.68942681845,114386.68207744289,32030.92094319833,80224.54920798981,103182.16302480646,35330.64553750937
2025-02-27,15808.290559545823,18697.91989292858,109482.27708009267,45507.46177242244,42858.067978203406,113526.50796225606,32030.92094319833,77697.3961688778,98174.65114497108,34441.50034472594
2025-02-28,15811.963958342007,18731.270572189733,109482.27708009267,45529.65029453799,42878.964709247644,113783.65607833368,32030.92094319833,78452.88582100051,99671.64137450876,34661.81577538263
2025-03-01,15809.21575350805,18715.269050895222,109482.27708009267,45498.90826985048,42850.01245103483,113756.32226386917,32019.27104114471,78372.58029788035,99512.51731086208,34527.109544415696
2025-03-02,15816.291797558359,18771.441881051745,109482.27708009267,45566.637018881745,42913.79810765036,114123.85693836112,31954.74984495816,79452.38071644984,101652.12395128062,35052.75568172067
2025-03-03,15872.071992976571,19620.7979725282,109482.27708009267,46107.62486150264,43423.29023995994,115718.5668373232,32046.96869465927,84141.60553187373,110943.74523698835,41501.447315931364
2025-03-04,15712.393136803019,18769.687608798118,109482.27708009267,44091.814757961474,41524.838357919994,113911.14761172864,30755.768141231783,78894.56619816137,100546.82372456555,33916.515967297484
2025-03-05,15709.167915005159,18735.021722410864,109482.27708009267,44050.90985594981,41486.31489379394,113934.55426522704,30873.30205536192,78962.51702541689,100681.46716303582,33786.01867050804
2025-03-06,15712.97845243059,18851.07907151866,109482.27708009267,44068.58779027338,41502.9636384491,114303.52823946544,30917.21957368174,80033.66915688112,102803.93736583088,34680.60782904345
2025-03-07,15713.73107815353,18801.89058113654,109482.27708009267,44093.36994755925,41526.303006109636,114190.32515163682,30817.6120203366,79705.03424688173,102152.75273613827,34199.73978862106
2025-03-08,15698.63709020721,18601.843007438263,109482.27708009267,43960.94902195903,41401.59147947051,113466.84677077719,30497.565159884605,77604.73594989302,97991.04645614797,32464.590738013543
2025-03-09,15695.19811698547,18536.055775475892,109482.27708009267,43924.623884904984,41367.381151481546,113375.34803437437,30400.544140509133,77339.10998880328,97464.71301485508,31857.960682118905
2025-03-10,15671.152725487967,18127.21313487459,109482.27708009267,43724.65905527225,41174.26509339566,112150.98684512285,29922.691114819012,73932.84116756014,90967.55509303494,28705.588635973945
2025-03-11,15667.605496442335,17872.28577182856,109482.27708009267,43679.032377453215,41174.26509339566,112150.98684512285,29838.8530507868,73315.65644449458,88693.30501414613,26815.323076628778
2025-03-12,15672.865001744078,18065.632181667315,109482.27708009267,43733.79300777237,41174.26509339566,112150.98684512285,29838.8530507868,74499.867175242,93056.97645184184,28212.882951327385
2025-03-13,15675.666484898507,18176.769170782332,109482.27708009267,43762.961337218534,41174.26509339566,112150.98684512285,29838.8530507868,74790.52198292896,94128.00380330993,29047.028995448836
2025-03-14,15676.394787756972,18052.057022908164,109482.27708009267,43770.5442411809,41174.26509339566,112150.98684512285,29838.8530507868,74071.0267675576,91476.75209670434,28147.113694702428
2025-03-15,15678.984220592625,18224.906256400478,109482.27708009267,43794.01964729425,41174.26509339566,112150.98684512285,29838.8530507868,74905.78737523453,94552.7426501207,29375.507625249724
2025-03-16,15681.888106707354,18283.293439680205,109482.27708009267,43834.58054101769,41174.26509339566,112150.98684512285,29838.8530507868,75021.38494446316,94978.70552819029,29793.497788961144
2025-03-17,15661.187023800565,18087.562041704266,109482.27708009267,43572.023438104196,41174.26509339566,112150.98684512285,29838.8530507868,74466.64948293492,92934.57332595976,28353.499035523513
2025-03-18,15663.23067164483,18221.768641583556,109482.27708009267,43599.646767781196,41174.26509339566,112150.98684512285,29838.8530507868,74804.805590621,94180.6371474392,29335.893635315668
2025-03-19,15657.931355669185,18142.490983430653,109482.27708009267,43526.48352016159,41174.26509339566,112150.98684512285,29838.8530507868,74362.67810601376,92551.45154194889,28779.462404242113
2025-03-20,15667.783685665981,18428.323867545463,109482.27708009267,43645.05868971194,41124.8559752836,112150.98684512285,29838.8530507868,75551.61880690079,97463.48898359627,30752.7861888271
2025-03-21,15641.401459153056,18280.838767838348,109482.27708009267,43349.122869256345,40806.47083657895,112150.98684512285,29838.8530507868,74085.71160188237,94915.05590273162,29739.878643459942
2025-03-22,15627.900848749405,18205.176173931384,109482.27708009267,43176.43581716346,40806.47083657895,112150.98684512285,29838.8530507868,74137.72504149981,95114.57299791939,29170.297227727184
2025-03-23,15626.896859529046,18213.633077643015,109482.27708009267,43159.48086965059,40806.47083657895,112150.98684512285,29838.8530507868,74071.03296248114,94858.75046482586,29213.297321031598
2025-03-24,15632.380882016261,18296.595396282934,109482.27708009267,43217.42024916087,40806.47083657895,112150.98684512285,29838.8530507868,74694.23693532073,97249.28351330264,29770.23903205951
2025-03-25,15637.975173236036,18492.148693556774,109482.27708009267,43274.096302880906,40762.9439343533,112150.98684512285,29829.384161727718,75048.28673113418,99166.11646461583,31128.536330824856
2025-03-26,15645.355156486648,18553.58978284805,109482.27708009267,43360.47675581114,40844.595958871345,112150.98684512285,29840.352563630608,75103.97495238185,99276.27927790968,31584.775894807895
2025-03-27,15641.25502497982,18531.086415042962,109482.27708009267,43318.62493482933,40806.58619422415,112150.98684512285,29946.003454333342,75004.35491214992,99079.21024523955,31451.80670616098
2025-03-28,15640.181944256956,18529.35419885563,109482.27708009267,43312.505747372285,40801.065231404296,112150.98684512285,29909.621929317622,74888.0284055437,98849.09236858127,31470.39760523734
2025-03-29,15583.156568757175,18225.215199319442,109482.27708009267,42633.51313916165,40152.6798073817,112150.98684512285,29596.001959143425,73023.49096141328,95443.83740654215,29310.700788624625
2025-03-30,15577.119497886157,18022.584494881332,109482.27708009267,42555.03937627526,40152.6798073817,112150.98684512285,29362.637900198326,72514.28802971008,93451.11451718208,27864.64484633152
2025-03-31,15576.222046038325,18001.542880012068,109482.27708009267,42542.58379538886,40152.6798073817,112150.98684512285,29335.484975062303,72453.92183448974,93214.8764842297,27686.5097575943
2025-04-01,15574.761729800475,17937.63101856929,109482.27708009267,42524.106423145575,40152.6798073817,112150.98684512285,29339.18900688506,72494.89578046832,93375.2245791352,27243.351302654166
2025-04-02,15576.493247625354,18083.6345387166,109482.27708009267,42546.015307376896,40152.6798073817,112150.98684512285,29532.218719179018,73308.74469219541,96560.15391458661,28198.25869901249
2025-04-03,15572.112298911805,17788.872412791236,109482.27708009267,42490.58319064704,40152.6798073817,112150.98684512285,29307.670590014885,72291.27716342974,92578.38022964295,26092.120161034094
2025-04-04,15572.606024877934,17753.40810412328,109482.27708009267,42496.830302215014,40152.6798073817,112150.98684512285,29170.286580747226,72196.50536471594,92207.49875822029,25793.22039106732
2025-04-05,15575.161578294172,17860.326089000504,109482.27708009267,42529.165703640756,40152.6798073817,112150.98684512285,29176.048071788628,72564.01976566881,93645.73548733458,26534.463523873586
2025-04-06,15575.530134297058,17832.890871118685,109482.27708009267,42533.829040445016,40152.6798073817,112150.98684512285,29139.987780529726,72459.8646205477,93238.1330781473,26430.811875904037
2025-04-07,15568.01691851551,17385.500574970265,109482.27708009267,42438.76436805311,40152.6798073817,112150.98684512285,29139.987780529726,70802.82257065213,87277.1008476906,23397.703211520835
2025-04-08,15568.01691851551,17482.3410909297,109482.27708009267,42438.76436805311,40152.6798073817,112150.98684512285,29139.987780529726,70661.21692551083,88775.3151084871,23987.55020448482
2025-04-09,15568.01691851551,17288.438236265185,109482.27708009267,42438.76436805311,40152.6798073817,112150.98684512285,29139.987780529726,69530.8045223029,85033.45155027231,22732.22746237822
2025-04-10,15567.153295698205,17828.64918287486,109482.27708009267,42427.44736422163,40152.6798073817,112150.98684512285,29139.987780529726,69391.74291325829,92340.91816543174,26084.595466386145
2025-04-11,15558.746478843135,17539.744664738726,109482.27708009267,42317.66911622038,40152.6798073817,112150.98684512285,29139.987780529726,67807.01200571188,86546.35418617466,24350.763330568847
2025-04-12,15570.479499177061,17732.179352428328,109482.27708009267,42480.72616638187,40152.6798073817,112150.98684512285,29131.52557732231,67671.39798170044,89858.5827725434,25608.935100837105
2025-04-13,15585.749615335444,17990.919727191525,109482.27708009267,42710.55653196964,40152.6798073817,112150.98684512285,29384.825820490965,68196.33920597685,91945.55606883267,27422.75875133174
2025-04-14,15570.255707807097,17855.831907476044,109482.27708009267,42501.662855403985,40152.6798073817,112150.98684512285,29342.774142913804,67800.09324958757,90370.22783873045,26499.45040435685
2025-04-15,15569.129223063946,17858.276177253178,109482.27708009267,42484.04716363276,40152.6798073817,112150.98684512285,29347.704339595264,68058.0995521938,91395.96603362217,26485.381384383145
2025-04-16,15547.970386925013,17707.505365832876,109482.27708009267,42177.473981679424,40152.6798073817,112150.98684512285,29184.524496491245,67879.52717091503,90686.02790350618,25314.35691521135
2025-04-17,15547.289531607652,17675.211281209315,109482.27708009267,42167.43589043281,40152.6798073817,112150.98684512285,29179.110947193956,67768.68914115577,90245.37665033074,25071.426605822704
2025-04-18,15549.059792924367,17745.424693221117,109482.27708009267,42186.33828209176,40152.6798073817,112150.98684512285,29147.886368211373,68068.87547175372,91438.8071276809,25494.76041350791
2025-04-19,15550.311882235043,17766.124302889562,109482.27708009267,42205.56392027091,40152.6798073817,112150.98684512285,29160.85096227726,67901.38689345086,90772.93412288245,25684.861546581087
2025-04-20,15564.415434352915,17869.529711424868,109482.27708009267,42402.969626066115,40152.6798073817,112150.98684512285,29421.042587333643,68055.63648486581,91386.17378355161,26477.169966336063
2025-04-21,15566.907249984288,17855.87888922907,109482.27708009267,42430.801628476256,40152.6798073817,112150.98684512285,29483.519123679784,67986.05483285029,91109.54271905814,26377.88828123695
2025-04-22,15561.33352838341,17863.369042324124,109482.27708009267,42357.12038605765,40152.6798073817,112150.98684512285,29397.178950375117,68466.352961807,93019.03148281839,26331.05586076845
2025-04-23,15620.376058441683,18393.4081338552,109482.27708009267,43069.36979424924,40152.6798073817,112150.98684512285,29861.40461415448,70445.11967642547,100885.88038325887,29964.279894683234
2025-04-24,15630.40177070989,18438.596412351395,109482.27708009267,43219.943001750944,40152.6798073817,112150.98684512285,30069.835862296793,70532.55856656886,101233.50526076394,30353.461153803397
2025-04-25,15660.622288432165,18539.715136008395,109482.27708009267,43624.242639107055,40152.6798073817,112150.98684512285,30727.749778154845,70524.86148116892,101202.90447929343,31219.109027023856
2025-04-26,15690.694531425896,18635.691770719688,109482.27708009267,44054.66681014595,40152.6798073817,112150.98684512285,31322.41951913692,70728.98818597553,102014.43720389153,32172.447837147723
2025-04-27,15696.270402733124,18653.393005928985,109482.27708009267,44132.4460677896,40152.6798073817,112150.98684512285,31376.161298972296,70740.99563919943,102062.17442298554,32354.104644387004
2025-04-28,15661.05376162651,18553.551456208508,108829.3012724579,43641.6142932307,40152.6798073817,112038.83585827774,30794.02320837809,70519.01169626496,101179.64788537583,31392.360953113537
2025-04-29,15665.267811029757,18576.535864824564,109505.78728526091,43690.31247646117,40152.6798073817,112185.13961395614,30896.086636042302,70718.21226641559,101971.59610983281,31538.97180903644
2025-04-30,15646.723952109689,18509.8292258579,107640.21154105941,43450.78884214518,40152.6798073817,112069.36291703598,30498.820855057915,70560.57595742468,101344.89210531663,31023.69816038516
2025-05-01,15650.935941713027,18516.656507684904,107963.5672507731,43515.47828325936,40152.6798073817,112160.49184058837,30567.79759333859,70684.65297407183,101838.17670262135,31156.921728311107
2025-05-02,15665.486076120587,18593.31892898883,109820.96496459782,43662.461033061605,40070.58988421993,112666.56263689171,31026.37247028203,71104.89450452363,104577.55865986203,31641.67002288685
2025-05-03,15658.113927721828,18574.02771273205,109283.02229676378,43557.431113684164,39955.946321363685,112742.08884152322,30907.71857637751,71382.8658139623,104986.38510030814,31472.46450050943
2025-05-04,15616.29737263957,18434.060588575187,105910.24821044096,42974.84823478298,39404.24843789291,112547.39404455398,29977.15176939822,70666.29905519976,103932.49418646353,30292.609315790207
2025-05-05,15593.405986432295,18340.070909759947,103475.53849118465,42712.59650822453,39118.71728579192,112073.00988298896,29369.686424953445,69059.01900905966,101976.4922348681,29575.049422320542
2025-05-06,15598.10015049166,18349.854771296235,103745.55056561508,42772.24102863119,39118.71728579192,112307.49483194633,29440.360131858888,69049.6004356085,102540.77064518443,29644.279758636243
2025-05-07,15601.69969373618,18375.557894487993,104337.5067400312,42803.29335010546,39078.72926367757,112594.88749737306,29598.617518250143,69813.08606376666,104542.06175335623,29812.970742572343
2025-05-08,15604.587908984498,18395.0614213824,104925.71542064274,42843.72843666851,39114.91695224909,112685.7673921154,29730.27134649058,70165.38842529582,105069.61922590794,29978.006751060704
2025-05-09,15705.52912897417,19025.700820777503,122250.64361242432,44065.696545890176,40205.28249400422,118266.45786026362,33852.28975793343,75092.71704547644,112448.07965407897,34918.26816876259
2025-05-10,15767.831258658916,19179.734368022608,127189.70035652396,44933.15866651674,40977.77587901743,119576.94590790564,34931.105057189256,74769.84133131398,111964.5873068448,36299.877290417004
2025-05-11,15937.852925227828,19588.338145964408,139247.9700913236,47264.61841640591,43104.772497188445,122383.76956131468,37575.098236017526,76062.16159483512,113899.78072704028,39743.70751117213
2025-05-12,15869.313639420818,19437.032166051602,134450.1935294378,46337.155624030725,42258.69572251626,121387.13940535486,36501.45270723512,75779.33881736624,113476.26591148834,38379.32156469639
2025-05-13,15939.757320541154,19576.617697081238,139521.03250191562,47433.65489499972,43259.02220508457,121402.69815957006,37502.87920657288,75686.97184090964,113337.9503792416,39972.46391128703
2025-05-14,15988.666090250637,19682.311709447767,142787.5276927533,48102.72598292793,43869.42792675752,123045.65312283591,38267.79174688574,76068.70084980551,113909.57297711086,40944.20443018315
2025-05-15,15922.514442111018,19537.565259373358,138151.91988675125,47153.281883990414,43003.312858016885,122161.21253452823,37241.140232502825,75659.99741415682,113297.55734770052,39573.182790775514
2025-05-16,15828.162136313998,19324.560656454658,130754.9548045487,45696.475714292596,41674.45979471934,121779.33315346586,35705.057060541,75824.29619528759,113543.58763072347,37338.59989600197
2025-05-17,15809.169018233433,19277.41392874435,129317.04592007972,45410.86795769045,41413.95649320487,121669.25398828262,35388.31598124676,75736.83366005878,113412.61628602966,36934.84339888881
2025-05-18,15777.040038273633,19185.913873113936,126049.66486683734,44931.267312561075,40976.55478842501,121016.62686560703,34719.00680908473,75539.02119720481,113116.40072139505,35946.962598245555
2025-05-19,15848.14617879806,19392.65080404919,133087.25197779163,45967.21665401036,41921.400403668464,122910.74649879908,36205.774397989815,77754.19381842071,116433.52543279908,38097.72263120787
2025-05-20,15807.757138883451,19265.51739566731,128837.64474581483,45358.065381835564,41365.80523459334,122375.25777740788,35312.5396862068,76852.59403937969,115083.41895431989,36816.368442268475
2025-05-21,15807.54411644248,19270.84921692555,128838.75107122932,45334.41004095643,41344.23158894346,122647.12928798421,35330.63516844195,77376.55184388132,115868.02299122393,36792.35395084507
2025-05-22,15841.852807040057,19380.57981084055,132656.2792686417,45814.679663233794,41782.2296333087,124103.61265184838,36107.381664337205,79047.33148881316,118369.9428842534,37970.422393253364
2025-05-23,15907.299106594019,19604.486377414763,140141.64690701404,46737.081916190575,42623.44537310116,126467.94025954518,37715.670416299385,80784.3210903201,120971.00930924733,40222.27565774367
2025-05-24,15796.011384222093,19277.8852918862,129874.06393303626,45191.413384353444,41213.82107941678,122382.69765292619,35391.65253626827,77191.81789096812,115591.39192673046,37146.70947548166
2025-05-25,15801.28731828729,19300.40982696149,130556.84471121992,45263.15411713981,41279.24744157957,122733.45120366465,35537.35878572516,77575.18171360658,116165.46258711736,37339.46981693517
2025-05-26,15800.221091482492,19302.769464522862,130409.11176831815,45220.79765395064,41240.619046638116,123558.85496456765,35546.81139273186,78409.7541292012,117415.19850237327,37294.04178490329
2025-05-27,15801.1803689442,19285.485440672146,129932.3184637881,45234.48089811475,41253.09793536618,123765.39107885589,35439.26053395349,78598.5751164709,117697.94972316084,37191.271082889645
2025-05-28,15813.831036651103,19352.56696317219,131959.49377652456,45398.62515991711,41402.79478547097,124597.95253852401,35920.82710401624,78554.43514542084,117631.85203518452,37756.12834257182
2025-05-29,15817.446857991397,19351.353359487362,132000.10363397497,45461.64583312433,41460.26859660451,124929.3992976826,35920.23384264641,78489.86000258835,117535.1535657377,37802.099221570395
2025-05-30,15766.880455581937,19157.275284488944,126069.60655267838,44792.40781827846,40849.934602517416,122234.96869596672,34541.950869156266,75928.92427481366,113700.26363185252,35997.35227792501
2025-05-31,15699.699034032497,18851.528058171236,116101.78788978653,43808.880036475166,39952.97354314345,120760.25967102611,32303.21395377182,75012.6111720893,112328.12459071455,32904.31072820437
2025-06-01,15699.255040951757,18862.476148455058,116523.48363332785,43783.77742468926,39930.0803766518,121174.55547475866,32375.920080295393,75534.93416284832,113110.28056510095,32937.01723482773
2025-06-02,15703.324998755143,18901.104124831767,117419.30667225676,43835.18156247634,39976.960099561846,121643.73663619836,32605.94769807892,76215.01667976774,114128.67457243976,33270.30611858852
2025-06-03,15710.13197821991,18925.268863325404,118484.31168755892,43945.200242058156,40077.29531449717,121869.12486198092,32794.265916622266,75619.12707059195,113236.35578475948,33591.177456781414
2025-06-04,15716.966809770769,18964.10786914684,119461.06981667978,44037.521082407766,40161.490392957094,121981.63943615496,33020.856108375825,75732.74662570229,113406.49612973556,33872.91939917685
2025-06-05,15704.709151588308,18844.88611022356,116125.09748569754,43867.28430749313,40006.23727170248,121498.56613432335,32215.5524589208,74998.71525527725,112307.31605931459,32844.1274538152
2025-06-06,15663.646835430449,18525.52306181252,108259.10957743585,43396.1491848303,39576.56983725561,116361.2168510022,30480.60201077837,72526.87687647397,108605.84553264087,30493.85675353733
2025-06-07,15672.812577947834,18704.28234890355,112156.84224247739,43471.64849733942,39645.42396072761,119425.93269453234,30796.10608876517,74890.81754826599,112145.74393315027,31668.239654601617
2025-06-08,15682.732967034628,18818.647406681128,115148.6444055908,43600.800836300004,39763.20875634967,120892.09265750674,31174.229452110783,75768.71252803937,113460.35350512367,32571.41405643252
2025-06-09,15679.358259803763,18822.98201765171,114536.24322149223,43564.08607860493,39729.72550497203,120519.93754885046,31110.974870438782,75830.01804338668,113552.15584953522,32597.3402606956
2025-06-10,15705.530756321537,19112.51833080493,114536.24322149223,43858.19707515737,39997.94986620249,124279.68078058201,32062.470343962646,78893.65899700926,118139.82500759511,34790.51899911571
2025-06-11,15739.389660312483,19241.953259721697,114536.24322149223,44222.348591213675,40330.05002202883,125279.62602640339,32488.05591031514,78820.9097854638,118030.88622556007,35738.06758430882
2025-06-12,15692.751909801984,19058.001598634037,114536.24322149223,43701.17807699136,39854.7511385867,123500.2604750318,32012.67785341229,77186.91344974033,115584.04773917753,34343.05611031311
2025-06-13,15608.43267240696,18751.831264838554,114536.24322149223,42811.57219949601,39043.445301555534,120172.73897267846,31256.51152215723,74494.37521568676,111552.08877262223,32123.464098291384
2025-06-14,15602.487503213748,18681.716333924785,114536.24322149223,42730.520690730926,38969.5276669886,120261.13064124112,31069.692866463094,75136.0396096552,112512.95331079647,31563.565763011793
2025-06-15,15590.04188343489,18588.166333298694,114536.24322149223,42591.382203295376,38842.63566923115,119547.77828610214,30792.544451756537,74684.83101669904,111837.28805592745,30889.42610891789
2025-06-16,15591.157536487806,18656.51880136572,114536.24322149223,42606.432831216385,38856.36159280271,119675.18260326661,30858.186430674963,74833.59906727516,112060.06174503281,31353.776289627436
2025-06-17,15591.628780536885,18645.6809852087,114536.24322149223,42600.00941142527,38850.50354026273,120030.65993415032,30789.045127621423,75592.97005071043,113197.18678447722,31185.853950444212
2025-06-18,15584.62814482156,18509.492261416824,114536.24322149223,42517.907575711804,38775.6280249021,119269.5091799518,30517.388494931452,74447.7830240228,111482.31899086946,30214.6637402179
2025-06-19,15583.730381014677,18542.113922988116,114536.24322149223,42504.8911417768,38763.75725257928,119569.0572676206,30518.583698879913,74758.3976351158,111947.45086922131,30438.709844570687
2025-06-20,15581.796294890984,18519.962261319448,114536.24322149223,42488.51546977831,38748.82291073894,119225.16318092105,30454.071872061962,74310.45866964484,111276.68173938758,30300.73286720464
2025-06-21,15575.388240048644,18342.51655265095,114536.24322149223,42431.89000758056,38697.18142638301,117800.3933750187,30149.532452393072,73329.57042408799,109807.84422880277,29102.560079660725
2025-06-22,15568.129653639364,18157.605645164724,114536.24322149223,42366.1942625135,38637.26799416617,116523.54954039992,30003.135961310774,72529.32909708786,108609.51762641734,27832.11885096055
2025-06-23,15565.547490103882,18035.89061790373,114536.24322149223,42343.42366647312,38611.47397738492,115448.87576346818,29935.038650819723,71625.60242536773,107471.1685557141,27057.100485268504
2025-06-24,15573.221995949423,18465.682261530048,114536.24322149223,42409.404021294824,38602.893649834405,117593.03610839951,29935.038650819723,73183.43768459793,111288.9220519758,29784.680981543905
2025-06-25,15574.146172239316,18529.428789793183,114536.24322149223,42423.64919317043,38614.78253610119,117981.66258819848,29935.038650819723,73605.21640596539,111930.31443159783,30191.77353998364
2025-06-26,15565.481978937782,18395.89204464831,114536.24322149223,42305.261436605826,38507.244036504744,117709.2147648828,29935.038650819723,74007.67701795723,112542.33006100816,29254.046090814383
2025-06-27,15558.308985960315,18280.584750779333,114536.24322149223,42226.48999304919,38435.57315897893,117564.14174484437,29935.038650819723,73654.31660062839,112004.98033838588,28518.7569545835
2025-06-28,15560.556671879927,18341.75534440339,114536.24322149223,42251.80588247608,38458.592509343915,117596.2854092439,29935.038650819723,73618.9000667731,111951.12296299778,28912.641756718225
2025-06-29,15561.825712101965,18463.67097577633,114536.24322149223,42264.21184740255,38469.82527396716,117740.80693901028,29935.038650819723,73769.42033565805,112180.01680839724,29740.54653681814
2025-06-30,15569.796846655803,18608.33371477611,114536.24322149223,42347.414580102435,38545.18070327668,118318.47548581152,29935.038650819723,74416.57699974095,113164.13794048906,30710.082643173897
2025-07-01,15546.50746495757,18480.10910118984,114536.24322149223,42109.21201134977,38328.36496750508,117436.60478120348,29925.031106372295,73185.0475270459,111291.37011449343,29877.078116247932
2025-07-02,15523.20677112508,18280.92214606484,114536.24322149223,41887.32176082887,38126.39693716684,116191.61505021814,29800.89673816076,72090.35466242806,109626.68760249732,28574.125162301934
2025-07-03,15536.39546733519,18576.835903435043,114536.24322149223,42005.31530425208,38233.79622920047,118663.94582798454,29976.568790479123,74270.8862581999,112942.58828264252,30553.87695131045
2025-07-04,15539.49903785144,18658.97153937027,114536.24322149223,42042.21800209851,38267.38555542994,119268.45536280256,30007.969753190595,75005.77933569702,114060.1288219458,31056.76446678189
2025-07-05,15499.798925257313,18454.430536162363,114536.24322149223,41610.85463050239,37874.75288162012,118011.00939221754,29598.583078930755,73878.88962211984,112346.48505959686,29652.530843525958
2025-07-06,15501.719106476026,18489.607868961917,114536.24322149223,41626.62596212787,37889.10815726233,118170.56677116532,29669.511703385913,74036.65418202065,112586.39518632571,29935.87556786549
2025-07-07,15514.235788652504,18596.488607967745,114536.24322149223,41744.956341247314,37996.81404092821,118879.94391461015,29796.97793823494,74635.51557266452,113497.07444288829,30615.9385411156
2025-07-08,15504.888293035867,18543.334532048015,114536.24322149223,41647.1917472642,37907.827408212026,118522.91440179599,29658.885779964745,74243.51893658446,112900.97121984261,30232.30609854669
2025-07-09,15516.84780530313,18650.69687447132,114536.24322149223,41748.741452993614,38000.259299943864,119421.46780971042,29849.803450986903,74815.81792683687,113771.25744486412,30903.291271373306
2025-07-10,15555.56945073744,18888.900015527346,114536.24322149223,42106.97110598294,38326.3246908886,121374.57026408738,30685.672200607347,76295.2631365189,116021.02689857651,32452.120837460097
2025-07-11,15667.826165445853,19256.18015525617,114536.24322149223,43097.91245756677,39228.292678441765,124493.69135377638,32735.11813175964,79526.21692958947,120934.2883714827,34766.37665117728
2025-07-12,15677.993665933618,19277.070967116917,114536.24322149223,43051.98931027349,39186.49281946928,125045.04442641514,32843.10923499829,80508.22082284959,122427.60650724394,34649.641656898595
2025-07-13,15661.062694872113,19222.921902590166,114536.24322149223,42872.58324988653,39023.195039047176,124861.52156038789,32538.16030915274,80401.97122128373,122266.0343810796,34275.10682284972
2025-07-14,15717.831794181882,19376.141476879326,113853.12447464433,43323.427321089475,39433.559304251474,125560.41059176362,33428.648935123834,81852.43926690237,124471.73870947446,35194.41766547087
2025-07-15,15770.644544991572,19505.818123574165,116610.63682167849,43806.55175441658,39873.305584058406,127187.82784598831,34170.99648481508,82592.96679296737,125597.84746758948,36067.782637659046
2025-07-16,15814.81679637648,19659.847264943834,120442.0330578505,44329.570855316575,40349.364520479474,129532.62945547048,35129.14056682896,81619.01211194709,124116.76964441646,37251.21446898808
2025-07-17,15874.595569633771,19809.162401032594,123007.64563635434,44772.64869848918,40752.65986171949,134690.68828773606,35988.0997882286,82069.76799737796,124802.22714935604,38039.790124833504
2025-07-18,15981.59694287086,20047.844307027608,126798.3211789407,45539.706338332,41450.84591949232,137441.45767128436,37404.70103384411,82601.0160052072,125610.0877801777,39264.258080588384
2025-07-19,15980.74574176866,20045.28414421712,126925.18371298561,45631.04751087897,41533.985868644,138166.98760243814,37385.958150099745,81651.20896090644,124165.7308947693,39290.42609498099
2025-07-20,16008.807985179576,20131.77618232429,128949.88726833032,45934.45113180416,41810.147876561896,139115.8067920409,37941.04877450617,81610.96289970726,124104.52933182826,39928.22931145278
2025-07-21,16087.773831229048,20338.64309825195,134248.28599935726,46865.49214768685,42657.59378250083,142088.71746724402,39304.33671070673,81128.01016531704,123370.11057653585,41572.327425472235
2025-07-22,16123.783923612735,20439.965004191283,136434.65932219577,47238.10291950891,42996.74905890932,141571.88633801622,39928.85981346169,80814.0908879634,122892.73838559579,42228.12893839101
2025-07-23,16145.620271572527,20490.223224043388,136931.69907980415,47320.82682874496,43072.045460474284,142267.40800869692,40171.90015422998,82262.94909113405,125095.99465147301,42382.01798081504
2025-07-24,15908.556582131725,19998.3241795308,125710.16288059334,44997.05841831619,40956.92057105027,138946.26453963414,36994.4656469445,81224.60071219508,123516.99432759434,38891.63356615779
2025-07-25,15871.476951224671,19905.111070248615,123172.90353540385,44536.78519900163,40537.97376992395,140343.60211168727,36409.85502475523,81015.32119395932,123198.74620030096,38125.374441331565
2025-07-26,15904.71135119677,20005.667430825244,125685.16690497324,44912.37302140591,40879.83879733658,140347.1416754179,37067.25962804513,80596.7621574878,122562.24994571421,38906.3374960968
2025-07-27,15915.105993554582,20029.58547019132,126112.45743455834,44997.26550712282,40957.10906603423,140865.29759882018,37211.79376429345,80814.0908879634,122892.73838559579,39056.69105893761
2025-07-28,15977.083962490507,20189.89397224648,129907.28315026159,45583.647432896476,41490.84168773011,144050.40954954267,38200.6920721608,81763.89793226415,124337.09527100419,40225.165281938505
2025-07-29,15903.581481374586,19986.592658187274,124845.53896255975,44780.04319939039,40759.39043471063,143806.2382222017,36884.489736728436,81940.98060154058,124606.38214794474,38643.98051442699
2025-07-30,15888.956218976231,19929.300479101348,123307.20062224711,44593.270206449706,40589.38717437361,144181.8822705737,36510.68559500828,82166.35854425601,124949.11090041453,38168.3497661854
2025-07-31,15887.669881209189,19906.041099609047,122596.91165387204,44518.00727879868,40520.88185740176,145941.61857537366,36336.17838373112,82955.18134376004,126148.66153405879,37950.6728769273
2025-08-01,15818.01397005255,19695.679246755695,117958.53079890498,43918.71109447011,39975.39450594219,142687.92751832536,35060.30534750648,81594.86447522759,124080.04870665184,36456.42416634652
2025-08-02,15710.760400490099,19378.78757516529,112795.20060290777,43040.393617681584,39175.93826596829,135236.64788217883,33207.45502942421,78755.90731823708,119762.89045679133,34521.18226409638
2025-08-03,15668.205059864333,19214.68070181006,110082.64988103503,42677.08347260173,38845.24854362333,132997.32741932812,32191.800269101237,78261.68568671109,119011.33526387543,33476.19511289665
2025-08-04,15708.394681863196,19450.53710261237,113349.609505636,43019.801380821475,39157.194938312976,136018.80818663476,33556.19478336701,79414.33287945575,120764.14802650663,34981.71079573024
2025-08-05,15736.79276111128,19649.352694942318,117423.3537414369,43254.18717141272,39370.5359998327,140801.79593143158,34690.681630852516,79984.2171060362,121630.76215775167,36211.494924694896
2025-08-06,15706.151318128534,19423.314820202828,112411.61832682954,42972.3186739092,39113.975547449125,138181.69895256773,33373.5201865817,79373.28189703258,120701.72243230678,34653.08247916426
2025-08-07,15713.411464828223,19489.004457125815,113906.12897884214,43040.8548378554,39176.35807469998,139069.24369360835,33796.55625292168,79398.23445497606,120739.66740133023,35116.828036533436
2025-08-08,15765.728958730495,19872.63572072233,121675.62923835119,43480.38534809384,39576.424586360255,144742.15458566853,36038.37407635354,80999.22276947965,123174.26557512455,37492.25852638729
2025-08-09,15795.40475603809,19993.090174953304,124371.97923278736,43756.629475432914,39827.86566227378,146465.14315637434,36744.39883585295,80604.81136972763,122574.49025830241,38324.80496248998
2025-08-10,15846.19987799673,20132.745733374282,127601.02505895121,44186.72488433214,40219.34421930515,150730.94743437157,37610.37992341399,80203.15567895977,121963.6986601509,39295.82617511531
2025-08-11,15854.218755549811,20132.519645652243,127133.39204439535,44159.55411159198,40194.61302086486,152351.06837051967,37525.815955166254,82295.1459400934,125144.95590182583,39151.15578934037
2025-08-12,15789.787786437872,19908.154130021387,122112.95571576065,43514.545364383055,39607.51748716403,152170.11351832852,36246.56888152218,82230.7522421747,125047.03340112018,37530.90792100312
2025-08-13,15904.772383458527,20280.347697638987,129309.76492838822,44446.82346224937,40456.089401564954,158700.41579362837,38429.87952668827,82713.70497656493,125781.45215641259,39852.23475899969
2025-08-14,15952.46274091026,20448.01325010188,132560.49127480257,44798.69045500018,40776.363414583604,162627.19148033747,39359.64932552888,84347.69506125183,128266.23561181856,40881.32751443331
2025-08-15,15838.905977956663,20109.505918535033,125446.9433845561,43863.715767635586,39925.337028584414,157412.87878603738,37411.46065879325,81788.04556898367,124373.81620876881,38587.18202699899
2025-08-16,15809.123131849365,20026.042165050185,123932.44671184201,43661.38905506213,39741.17656593294,154193.04738331627,36951.484773280645,80814.0908879634,122892.73838559579,38081.978172420415
2025-08-17,15816.355991418033,20081.303362627747,125152.83152910245,43721.80822064199,39796.170893398055,154054.74342902884,37278.152016451226,80870.43537364225,122978.42057371324,38485.854350335
2025-08-18,15865.230878155273,20164.884783538004,126116.43694383065,44106.73801362613,40146.53910658473,154554.74192021857,37878.76863696468,80781.89403900405,122843.77713524297,39078.524381234405
2025-08-19,15823.88070841014,19986.788385859923,126116.43694383065,43788.445323655505,39856.82487014997,151706.88235785454,36852.03906744904,80240.18205526302,122020.00409805666,37947.063378114355
2025-08-20,15724.715048846665,19664.885121932013,126116.43694383065,43059.371539085274,39193.212222241345,146331.0371522107,34876.57151980424,78059.65045949118,118704.10341791144,35974.81272965982
2025-08-21,15795.69536345542,19941.440328851542,126116.43694383065,43648.748392296024,39729.67086669226,151374.24819719215,36435.768478067665,78967.60160014479,120084.81067786115,37734.01844195553
2025-08-22,15753.550408743542,19765.187560483508,126116.43694383065,43309.03371412717,39420.45805190706,149038.14035739916,35446.79803129861,77965.47467628508,118560.89176062943,36609.33485102318
2025-08-23,15859.544316467076,20223.408914957647,126116.43694383065,44120.03391487498,40158.641212600356,159592.59548499214,38098.84521954183,79877.16258324636,121467.96600032852,39455.93666066135
2025-08-24,15834.717544464078,20138.982687845313,126116.43694383065,43928.5322957667,39984.33389388345,157991.77805641704,37745.30594993607,78818.6911737078,119858.36489497934,38911.95334611375
2025-08-25,15825.170885257783,20072.160060155817,126116.43694383065,43844.230261726945,39907.60106214929,157928.38496386126,37496.37259186727,77955.81562159728,118546.20338552358,38455.972814031935
2025-08-26,15704.528816527367,19639.535347291054,126116.43694383065,42889.58973193694,39038.674565020774,150829.15270841616,35056.281218723554,76174.00175412577,116068.76411767052,35608.670272556556
2025-08-27,15751.229068003213,19860.184736376264,126116.43694383065,43275.536037000784,39389.96802101157,155099.73563859315,36164.507293920455,76836.18361438968,117579.21869105524,37008.01222117586
2025-08-28,15737.116054884396,19800.833435827968,126116.43694383065,43147.73031152076,39273.63755117624,153142.21019576705,35846.91287187001,76549.63165865149,116925.585998845,36620.24196505629
2025-08-29,15761.847078080224,19902.74330658033,126116.43694383065,43350.43828282875,39458.14504059471,153451.6797798056,36302.511184392744,76853.31144723523,117962.34047506611,37330.57679229581
2025-08-30,15700.677666770931,19630.15291988315,126116.43694383065,42864.97311801047,39016.268195876786,149039.17672691963,35047.00122216066,73828.90094145572,113547.25972449993,35625.38166269152
2025-08-31,15698.824172957417,19653.108287385607,126116.43694383065,42840.87495471029,38994.33372738292,149522.78971934682,35054.55843442884,74070.79870365838,114104.19394726334,35783.86449687324
2025-09-01,15685.152664654483,19551.526358243562,125364.25143521935,42724.09570516147,38888.03970247904,149177.39557049054,34737.97726298887,73734.80005374171,113330.60619168868,35098.64013366408
2025-09-02,15663.13234750734,19449.878731074423,122711.21625747526,42509.92347160074,38693.09728920119,147967.99893233782,34242.68636063942,74076.1151379925,114116.43425985155,34356.88302692631
2025-09-03,15709.321643360647,19698.706364635644,128348.72498396745,42883.439565957975,39033.076602212706,149252.18107247035,35180.607291465865,75337.70500548021,117021.06043703301,35934.276093764434
2025-09-04,15720.468386176008,19744.01989976838,129412.21529448533,42970.91587608885,39112.69870223026,151285.49568383183,35469.41995311989,75457.85642143142,117297.69150152648,36231.635890012025
2025-09-05,15669.869346779342,19542.250449586692,124701.58210017045,42531.13045989344,38712.40017178031,148537.82121805134,34565.65834721021,75018.18730199934,116285.41765048179,34913.49960045811
2025-09-06,15673.843081500567,19618.06814354784,126760.83945429328,42589.95925744264,38765.94692512836,148161.35157665532,34853.9764482388,74753.42887215994,115675.85008358909,35488.793278688536
2025-09-07,15660.557228621723,19561.268969876895,125494.2137193961,42487.989345775015,38673.13255637602,147534.34805530478,34607.577727221906,74547.68286342933,115202.14998642549,35134.5485735547
2025-09-08,15678.733943693625,19686.766824785278,127557.20671192829,42636.4044120904,38808.221922132245,148062.64571889452,35114.016268932304,74963.95967179126,116160.56646208208,35927.87227597708
2025-09-09,15706.004314378457,19852.988314041922,127557.20671192829,42892.94019848974,39041.72420420393,147916.84469843618,35779.50101503041,75138.33871795055,116562.04871497526,37050.27460791325
2025-09-10,15715.790816542467,19884.029529935786,127557.20671192829,42980.56123075464,39121.478032231185,148444.93411302223,35955.44827875504,75181.40183605696,116661.19524693974,37244.169084582136
2025-09-11,15759.5156900879,20013.238854629923,127557.20671192829,43332.872619277594,39442.15654018754,150157.87241547377,36375.121817848034,76125.6136640637,119171.68335878094,38000.75840991916
2025-09-12,15808.074850988156,20145.361072830707,127557.20671192829,43759.124800281366,39830.13694011303,152489.16580934855,37008.23540423297,76983.35604481018,120514.44564970722,38854.42467369094
2025-09-13,15882.058146449892,20350.827753626087,127557.20671192829,44416.0425592393,40428.07221457534,156958.4377807661,37898.756168957596,77303.1524292453,121015.07443456487,40172.41102930448
2025-09-14,15890.549272305834,20400.31601749235,127557.20671192829,44513.03152272627,40516.35285809819,155824.69095909395,38149.49062360814,77059.98207335453,120634.40071307165,40546.004865987
2025-09-15,15821.625595657793,20229.7069651531,126796.42814306988,43856.424725832134,39918.700625438956,154905.48522926314,37126.990425711425,76877.01788274862,120347.9773985076,39372.577571952475
2025-09-16,15739.886713248223,20020.65875773781,122211.43352976906,43080.32983095776,39212.28873803369,153191.88524882885,35855.58269179749,76695.61748864363,120064.00214646121,37929.04983442619
2025-09-17,15743.594102498902,20066.670365138772,123331.34144502616,43123.576907471164,39251.6528018181,152329.5403685808,36168.77331867808,76962.24479204796,120481.39680571907,38295.66368044018
2025-09-18,15796.998727426835,20262.826696925513,127500.87342036748,43603.31668893326,39688.31832651644,154151.482262728,37335.750863556284,77020.10526258145,120571.9751188718,39597.64628784779
2025-09-19,15815.253506345209,20346.92634053091,129244.24019053599,43750.99084268422,39822.733303810004,154788.31735924407,37780.97671877039,77686.28257196705,121614.84975138701,40128.410157932
2025-09-20,15737.859086492426,20099.19145809144,123869.62071005207,43058.90569437513,39192.7882041952,152677.91459782928,36309.26737520458,77052.16309085001,120622.16040048344,38447.88013346763
2025-09-21,15745.43812086797,20116.711655333424,124251.87122134437,43125.956447904384,39253.81869114386,152936.24526211154,36398.14519147445,77110.80545963395,120713.96274489499,38568.58674514313
2025-09-22,15712.08555313187,20014.98004439976,121267.14066380677,42828.03775347218,38982.64913621303,151858.52248108364,35815.11323859418,76817.59361571423,120254.95102283724,37860.55646928154
2025-09-23,15596.807152248459,19606.688019151705,121267.14066380677,41916.40084591772,38152.8651075498,146731.22198890854,33319.43910771543,74588.26878097134,116999.02787437424,35199.93820831703
2025-09-24,15581.231528018952,19512.87761260097,121267.14066380677,41799.05131949556,38046.05200905698,145684.0824489529,32754.338902820127,74194.19206274323,116073.66024270581,34650.13368350446
2025-09-25,15591.807657004169,19598.40506118453,121267.14066380677,41856.99213104626,38098.7905057481,147170.70704065054,33183.58781411924,75085.03480275888,118165.52966403034,35111.268560038116
2025-09-26,15538.977847798309,19258.3416562306,121267.14066380677,41486.16329045778,37761.257166829775,141983.22139693575,31340.77426807906,73512.89805384888,114473.85138742719,33081.20653827722
2025-09-27,15557.189141612322,19441.472128343295,121267.14066380677,41627.34326298703,37889.76105406944,143879.41383856244,31623.42648351046,73664.06504893638,114828.82045248518,34181.327941134594
2025-09-28,15554.256442033136,19390.586664816477,121267.14066380677,41603.59589265764,37868.14588199952,143743.45352839102,31618.98153371722,73673.44782794181,114850.85301514395,33868.71042749542
2025-09-29,15572.839994388438,19539.467851525784,121267.14066380677,41726.20700409291,37979.7481450963,146723.38782649755,31910.315771504695,74761.3289270715,117405.40625230271,34680.090897550195
2025-09-30,15575.939747027976,19527.071879056955,121267.14066380677,41728.47607557083,37981.81348411085,148679.97330346677,31953.633607190615,75442.9698573281,119352.8399850864,34520.07438016804
2025-10-01,15561.171883290888,19434.28872750475,121267.14066380677,41633.88987895762,37895.7198709286,147588.02294876787,31776.314496656207,75056.5741584668,118979.5104511461,34033.4259300702
2025-10-02,15601.805412603502,19750.758592771064,121267.14066380677,41939.08752307265,38173.51482259601,152953.8269027898,32341.826209534967,76908.25410100608,123726.30367285266,35859.148317354004
2025-10-03,15667.475019148527,19970.01519908071,121267.14066380677,42364.154687494236,38560.41660467984,155914.67353589684,32967.7669105308,78233.66816145218,125858.56612571828,37057.458566408815
2025-10-04,15707.718996276222,19996.70738708382,121267.14066380677,42496.851155768934,38681.198693603525,157054.79240728583,33214.94715081016,79145.17564963498,127324.95557378545,37002.46597446144
2025-10-05,15647.226402291795,19825.309971156727,121267.14066380677,42050.37532729391,38274.81046098293,156656.79324073228,32746.297420238854,79121.58906187733,127287.01060476202,36011.29241310097
2025-10-06,15657.03025155743,19832.064991506137,120543.87739941034,42094.25188511517,38314.74748701939,157713.97579923391,32839.973719116315,79966.14107513518,128645.68530205297,36034.98956231369
2025-10-07,15725.63797374581,20065.852210341844,125031.78546548756,42567.626040446194,38745.6189342158,161661.4972274872,33263.4279691392,80822.86681110665,130023.94449948505,37376.812495478676
2025-10-08,15684.012185942454,19800.967256272277,119059.54321269505,42079.88019398278,38301.66618275481,156532.0909669174,32734.745422467582,79246.369719692,127487.7517312086,35625.4855957032
2025-10-09,15707.437301951473,19935.35585777872,121808.42835862415,42272.366421560735,38476.86970518601,159492.62643295643,33151.905487836135,80680.58642689114,129795.05065408557,36443.1825978624
2025-10-10,15667.303690623377,19710.3951756237,117595.13731474603,41999.62862234596,38228.62013572936,156504.90203334804,32693.967028805957,80043.74855743455,128770.53649045268,35179.4761006386
2025-10-11,15517.452010904706,18725.288966616416,98395.26104064261,40908.46955145875,37235.43264819979,142603.94125480513,30317.05664042491,74749.03133759691,120493.63711830726,29457.572075998305
2025-10-12,15515.294901502959,18418.80439330139,92199.16287511641,40885.385500975986,37214.42123866961,139968.14308600407,30353.0387764559,73945.56563849754,118554.77160433531,27621.65405152096
2025-10-13,15567.1162719223,18869.991965515484,100010.73429354983,41206.8187448658,37506.99404901872,148076.22697701742,30728.84894944564,75110.28793058358,121722.56450216322,30154.659371447833
2025-10-14,15569.339964340954,19088.24672932104,100010.73429354983,41222.54816541775,37521.311176644835,149327.4877801726,30720.95684812284,75326.30440566651,122072.63744218594,31478.402889063073
2025-10-15,15541.35256169852,18794.31636874805,100010.73429354983,41001.655059713936,37320.25133622377,146730.4572392418,30496.93809057494,73563.29123139371,119454.43457956851,29845.904191700814
2025-10-16,15522.123237003083,18531.345157492808,100010.73429354983,40871.567557591836,37201.84396296463,143655.75648297326,30364.146178317613,72338.69433768348,116477.59055811663,28349.415410280755
2025-10-17,15512.567146971953,18307.06502366298,100010.73429354983,40806.11471131762,37126.33170291241,141015.6438028682,30308.609169009025,70873.36619365719,113249.82012860652,27093.22128645749
2025-10-18,15492.422127083528,18192.792257314322,100010.73429354983,40673.19096505004,37126.33170291241,139978.7043309852,30135.684460025022,70601.15861547225,111947.45086922131,26492.20012124345
2025-10-19,15498.717455063204,18279.6513658409,100010.73429354983,40717.46574971254,37126.33170291241,140980.62341086188,30190.519949216028,70770.00918088772,112755.31150004295,27022.39451084508
2025-10-20,15504.734007410481,18416.600412651394,100010.73429354983,40759.28886771322,37111.48117023124,142474.10603699955,30229.80507580063,70915.69445493397,114127.45054118094,27714.43111289473
2025-10-21,15501.123486071363,18459.824136411837,100010.73429354983,40723.56946310378,37079.30234752712,142884.79280691152,30209.431762385848,71792.10152927077,116238.9044626466,27968.444228952474
2025-10-22,15486.408596955027,18292.4047341513,100010.73429354983,40613.42649434813,36964.04838556788,141369.4894326566,30108.149795409925,70839.58855352884,114287.79863608645,27129.746173965545
2025-10-23,15483.008299335876,18147.076059722764,100010.73429354983,40576.365837777485,36964.04838556788,140358.4579179401,30149.334872312975,70665.24351620983,113445.66513001782,26352.77660029068
2025-10-24,15493.136841380225,18309.40824090777,100010.73429354983,40646.82662689681,36949.26276621366,141505.68844189582,30282.1267845703,71054.43786841375,116005.11449221185,27235.121243093185
2025-10-25,15491.711138252613,18437.21762087709,100010.73429354983,40635.20341523335,36934.777345689145,142557.68667589873,30231.617336104384,71421.03192875517,116901.10537366859,27900.981271865803
2025-10-26,15493.459980905069,18449.83777234782,100010.73429354983,40640.199663782805,36940.76439010471,142888.39321643393,30252.721399641647,71662.42309963572,117491.08844042015,27948.593263258546
2025-10-27,15511.754178518459,18669.150806975427,100010.73429354983,40806.341739762414,37094.58113130424,145702.5125163335,30304.838498377023,72765.23626477744,120530.35805607188,29110.10105278077
2025-10-28,15491.453517836042,18549.878359836322,100010.73429354983,40616.28616426437,36921.40876571866,144540.12041971023,30299.167877426567,72164.6803177499,119775.13076937952,28499.01291784036
2025-10-29,15453.05970197041,18387.959404172492,100010.73429354983,40270.08402672474,36599.019438177624,141642.2344917403,30213.02705298846,71689.28372998706,118593.94060461759,27593.344077069425
2025-10-30,15451.776695593942,18408.4194791482,100010.73429354983,40262.49416590607,36591.61160466395,139591.34120190836,30240.38633757416,70679.86651928649,116085.90055529402,27677.22251181597
2025-10-31,15438.783249479487,18096.88509013579,100010.73429354983,40156.95634903326,36485.84233543712,137446.39314028108,30172.0173561148,69950.62385997332,114613.39095093275,26002.67740980508
2025-11-01,15439.691611374183,18168.35435264363,100010.73429354983,40162.51406797478,36458.27525456145,138936.49691396012,30187.538526580225,70123.49757175529,116143.43002445859,26389.000214735675
2025-11-02,15448.305528669303,18267.649663631633,100010.73429354983,40247.05167356358,36534.87780765888,139560.4120461931,30246.32752979573,70313.06400387456,116613.45802784573,26903.127841460035
2025-11-03,15442.78673314955,18263.853095664694,100010.73429354983,40188.429495798235,36482.25808035502,140099.03924986656,30137.133280203514,70575.19883578949,117263.41862627951,26867.158592028733
2025-11-04,15382.991374165274,17684.61334957523,100010.73429354983,39718.12497697814,36033.100201366666,137503.84576946314,29474.824453769168,68813.4606540193,113232.68369098302,23979.190454075822
2025-11-05,15328.945638034342,17426.307309075157,100010.73429354983,39248.05289827088,36033.100201366666,134655.1799717292,29082.515764369924,67655.39143841369,108176.21056079482,22805.711713313576
2025-11-06,15332.033764414946,17605.505910416614,100010.73429354983,39232.87403249128,36033.100201366666,135953.68741081853,29072.64213382813,67655.39143841369,110608.36067207149,23597.979679651075
2025-11-07,15322.781374247972,17458.22527228498,100010.73429354983,39191.861780160936,36033.100201366666,134550.98204411758,29086.350740798243,67655.39143841369,107380.59024256137,23001.673317980967
2025-11-08,15327.941849735236,17960.553673527866,100010.73429354983,39226.31544732494,36033.100201366666,135611.7539776587,29168.572707734067,67655.39143841369,109296.19916261573,25541.702969775535
2025-11-09,15326.248306303392,17885.198938311198,100010.73429354983,39185.466599827385,36033.100201366666,135199.49899668514,29070.447648698806,67655.39143841369,108215.37956107708,25079.044256290046
2025-11-10,15335.072410831439,18021.333371685283,100010.73429354983,39266.64087720863,36033.100201366666,136728.3959383369,29262.235073620854,67655.39143841369,110949.86539328247,25707.348407352663
2025-11-11,15337.170344853843,18099.626812071587,100010.73429354983,39288.080908389704,36033.100201366666,136612.56935855842,29151.598216606533,67655.39143841369,112214.28968364422,26067.14347152188
2025-11-12,15292.277216478195,17791.057382614752,100010.73429354983,38892.20664955684,36033.100201366666,135612.04833132893,28753.121932340102,67655.39143841369,108875.13240958142,24507.37650922686
2025-11-13,15284.174304042752,17704.38974715432,100010.73429354983,38804.85465010239,36033.100201366666,135578.8814821352,28551.012767433793,67655.39143841369,107347.54139857322,24024.547235470756
2025-11-14,15272.319128696976,17504.668890456178,100010.73429354983,38697.29362224098,36033.100201366666,134343.25088312678,28277.22250901105,67655.39143841369,104900.70291219068,23019.40881358437
2025-11-15,15266.589995800838,17286.737854143787,100010.73429354983,38640.166082023585,36033.100201366666,133599.75455197718,28225.88028758598,67655.39143841369,99589.63128016777,21995.93932897795
2025-11-16,15266.589995800838,17382.519011137854,100010.73429354983,38640.166082023585,36033.100201366666,133963.63386419558,28387.386815510763,67655.39143841369,100726.75631961218,22499.78395108848
2025-11-17,15266.589995800838,17235.902114912293,100010.73429354983,38640.166082023585,36033.100201366666,133363.45509190563,28100.1469998792,67655.39143841369,99202.83740238045,21794.533480485483
2025-11-18,15266.589995800838,17085.22649295855,100010.73429354983,38640.166082023585,36033.100201366666,133363.45509190563,27927.499294188332,67655.39143841369,97161.15326266756,21098.53515775114
2025-11-19,15266.219735294955,17285.524872805196,100010.73429354983,38636.73140059408,36033.100201366666,133363.45509190563,28314.367218492567,67655.39143841369,98213.82014525334,22118.581494292925
2025-11-20,15266.679686905112,17180.370947519223,100010.73429354983,38654.92134499229,36033.100201366666,133363.45509190563,28382.83556972133,67655.39143841369,97024.06176167964,21799.505890430813
2025-11-21,15265.635720975464,16928.24632720126,100010.73429354983,38640.263863167434,36033.100201366666,133363.45509190563,28080.033159349372,67655.39143841369,91799.896349033,20727.217828656303
2025-11-22,15264.227259329578,16703.82191020598,100010.73429354983,38620.4887915973,36033.100201366666,133363.45509190563,27885.96377859313,67655.39143841369,90497.5270896478,19635.696416997205
2025-11-23,15264.227259329578,16672.884770190743,100010.73429354983,38620.4887915973,36033.100201366666,133363.45509190563,27819.196331371186,67655.39143841369,90086.25258668406,19439.14372810927
2025-11-24,15264.227259329578,16774.691426258905,100010.73429354983,38620.4887915973,36033.100201366666,133363.45509190563,27804.223095675432,67655.39143841369,92342.14219669056,19807.984263984774
2025-11-25,15263.518814779914,17008.33515754259,100010.73429354983,38615.33939309176,36033.100201366666,133363.45509190563,27810.014630236998,67655.39143841369,93819.5479260871,20753.024728403918
2025-11-26,15261.323762079312,17001.931914212535,100010.73429354983,38598.11665869279,36033.100201366666,133363.45509190563,27814.958623155406,67655.39143841369,92480.4577289373,20767.33942102852
2025-11-27,15262.946760386534,17101.997663411756,100010.73429354983,38613.18190891142,36033.100201366666,133363.45509190563,27760.24510152501,67655.39143841369,95490.35059437733,21064.9778779519
2025-11-28,15259.649358865387,17079.407875718636,100010.73429354983,38580.731741046795,36033.100201366666,133363.45509190563,27746.966949115573,67655.39143841369,96404.70194471638,20935.606916087097
2025-11-29,15251.55411448818,17024.686679783186,100010.73429354983,38514.37013757068,36033.100201366666,133363.45509190563,27763.2585829229,67655.39143841369,96000.77162930556,20735.083625845324
2025-11-30,15244.926439801051,16972.7002364265,100010.73429354983,38457.65588329394,36033.100201366666,133363.45509190563,27729.502211252013,67655.39143841369,95949.36231643509,20485.682538500616
2025-12-01,15240.47229797522,16903.63407674781,100010.73429354983,38419.62477607355,36033.100201366666,133363.45509190563,27696.969907298644,67655.39143841369,95370.39553101291,20160.278803455985
2025-12-02,15234.003259331506,16605.58320096478,100010.73429354983,38386.82207233309,36033.100201366666,133363.45509190563,27501.892043137435,67655.39143841369,90996.93184324664,18873.68211092019
2025-12-03,15233.221661030522,16976.499336754212,100010.73429354983,38378.29166742812,36033.100201366666,133363.45509190563,27525.306598849198,67655.39143841369,96098.69413001121,20444.49007277022
2025-12-04,15234.316704529736,17153.010822356122,100010.73429354983,38392.62860084017,36033.100201366666,133363.45509190563,27527.23273064659,67655.39143841369,98047.35189405373,21161.86139665322
2025-12-05,15220.294263541848,17025.811562185856,100010.73429354983,38273.1987415288,36033.100201366666,133363.45509190563,27408.03473323652,67655.39143841369,96818.42451019777,20579.739540223585
2025-12-06,15192.856040719784,16803.315031133163,100010.73429354983,38053.80032785043,36033.100201366666,133363.45509190563,27179.259284037107,67655.39143841369,94019.06502127489,19575.825816454762
2025-12-07,15195.746639828207,16836.16648459986,100010.73429354983,38079.30016149306,36033.100201366666,133363.45509190563,27249.733500408216,67655.39143841369,93955.4153958162,19756.36568662611
2025-12-08,15194.265876013385,16823.75584153342,100010.73429354983,38065.47019203265,36033.100201366666,133363.45509190563,27161.239971135736,67655.39143841369,95022.77065350783,19635.03610056506
2025-12-09,15196.425651867228,16919.04075487989,100010.73429354983,38083.604772859275,36033.100201366666,133363.45509190563,27171.279239489573,67655.39143841369,95337.34668702475,20063.06209110525
2025-12-10,15199.227783657712,17152.794903372233,100010.73429354983,38103.7316723433,36033.100201366666,133363.45509190563,27279.315883264695,67655.39143841369,97506.33007765499,21182.402888078443
2025-12-11,15171.539683009405,16979.29853304888,100010.73429354983,37808.508230630934,36033.100201366666,133363.45509190563,26902.571519040626,67655.39143841369,96234.56159974031,20287.994631508736
2025-12-12,15156.470922732162,16905.907103262834,100010.73429354983,37680.31574582651,36033.100201366666,133363.45509190563,26686.86405023425,67655.39143841369,96495.2802578691,19973.32772540116
2025-12-13,15143.359990802195,16780.38350115197,100010.73429354983,37578.91126583413,36033.100201366666,133363.45509190563,26388.962549437125,67655.39143841369,94229.59839779204,19451.768114456023
2025-12-14,15144.519632894498,16819.281392455985,100010.73429354983,37590.60565419693,36033.100201366666,133363.45509190563,26441.3941027721,67655.39143841369,94174.51699114511,19649.477122014287
2025-12-15,15140.127378157516,16672.99924427815,100010.73429354983,37545.69852145636,36033.100201366666,133363.45509190563,26292.870398323794,67655.39143841369,92005.53360051487,18984.99340445932
2025-12-16,15140.127378157516,16526.03547658793,100010.73429354983,37545.69852145636,36033.100201366666,133363.45509190563,26121.114284207328,67655.39143841369,90037.29133633123,18348.67244861918
2025-12-17,15140.127378157516,16550.71011085518,100010.73429354983,37545.69852145636,36033.100201366666,133363.45509190563,26142.812626735467,67655.39143841369,91441.25519019854,18408.321590741667
2025-12-18,15140.127378157516,16346.90969479463,100010.73429354983,37545.69852145636,36033.100201366666,133363.45509190563,25856.27223007661,67655.39143841369,89832.87811610817,17472.360397189226
2025-12-19,15140.127378157516,16212.061398676344,100010.73429354983,37545.69852145636,36033.100201366666,133363.45509190563,25779.101340516805,67655.39143841369,89240.44698683897,16834.92803659531
2025-12-20,15139.726863547543,16468.131496565235,100010.73429354983,37544.0298237443,36033.100201366666,133363.45509190563,25779.101340516805,67655.39143841369,92074.07935100883,17888.519121678208
2025-12-21,15139.487949451897,16488.137530184107,100010.73429354983,37539.91857391908,36033.100201366666,133363.45509190563,25779.101340516805,67655.39143841369,92370.29491564343,17982.032019543476
2025-12-22,15135.018075594306,16439.495816819865,100010.73429354983,37473.02249611614,36033.100201366666,133096.72818172182,25779.101340516805,67655.39143841369,92653.046136431,17698.621965720635
2025-12-23,15133.697752179063,16429.004632083866,100010.73429354983,37464.629711236295,36033.100201366666,132886.3234867134,25779.101340516805,67655.39143841369,92101.00803870289,17645.975578172667
2025-12-24,15130.040739204564,16354.076838454625,100010.73429354983,37442.02025694316,36033.100201366666,132183.54016514603,25779.101340516805,67655.39143841369,90755.79768525896,17360.117285302364
2025-12-25,15129.125085702648,16337.76928797956,100010.73429354983,37434.9694060989,36033.100201366666,132152.44894268428,25779.101340516805,67655.39143841369,91064.25356248177,17301.324545093532
2025-12-26,15129.125085702648,16252.407587417636,100010.73429354983,37434.9694060989,36033.100201366666,131719.301746719,25779.101340516805,67655.39143841369,90584.43330902407,16915.93679200711
2025-12-27,15129.009343117581,16307.784412452644,100010.73429354983,37433.30562968085,36033.100201366666,131983.39959436207,25779.101340516805,67655.39143841369,90818.22327945882,17162.179657473673
2025-12-28,15128.201523673835,16418.472585696443,100010.73429354983,37426.753052249296,36033.100201366666,132230.93030094233,25779.101340516805,67655.39143841369,91309.0598142459,17648.386728918507
2025-12-29,15124.66721951304,16391.925112396253,100010.73429354983,37389.502690560264,36033.100201366666,131994.71779263514,25779.101340516805,67655.39143841369,91353.12493956345,17509.357193029573
2025-12-30,15118.38372259052,16308.766161472982,100010.73429354983,37327.93416100847,36033.100201366666,131994.71779263514,25779.101340516805,67655.39143841369,90599.12168412992,17135.742713568234
2025-12-31,15118.597920683536,16335.627258394674,100010.73429354983,37331.91539619167,36033.100201366666,131994.71779263514,25779.101340516805,67655.39143841369,92081.42353856175,17182.352480145804
2026-01-01,15114.186078047782,16246.794822109441,100010.73429354983,37302.14900764249,36033.100201366666,131994.71779263514,25772.805813598447,67655.39143841369,91153.60784437569,16817.071359835445
2026-01-02,15111.577856928687,16497.658401113844,100010.73429354983,37279.2449430352,36033.100201366666,131994.71779263514,25746.90540812937,67655.39143841369,92437.61663487858,17900.54939850819
2026-01-03,15158.106477745621,16811.27701403169,100010.73429354983,37731.832269638195,36033.100201366666,131994.71779263514,26082.774925957412,67655.39143841369,93992.13633358083,19302.691113309025
2026-01-04,15169.772006765117,16866.67967842337,100010.73429354983,37858.779319870584,36033.100201366666,131994.71779263514,26161.12844450151,67655.39143841369,94711.86671376739,19574.718835926138
2026-01-05,15229.406189109088,17085.767077956345,99414.24880074538,38528.34483927338,36033.100201366666,131730.72835704987,27003.120094602247,67655.39143841369,95724.14056481209,20786.975258481543
2026-01-06,15282.860935396766,17258.491236175014,102579.98505440707,38978.21624109935,36033.100201366666,132831.51755124092,28008.466979151264,67655.39143841369,98106.10539447711,21412.7400262544
2026-01-07,15293.586114956743,17300.702687456913,103645.71923882088,39088.854138559116,36033.100201366666,133369.58704926155,28135.986982979968,67655.39143841369,98162.41083238287,21610.330279353293
2026-01-08,15224.956714443597,17094.058328753876,98921.26635474587,38443.03553441109,36033.100201366666,131928.32258666935,26978.55466194832,67655.39143841369,95718.02040851799,20622.326208981704
2026-01-09,15212.48350543109,17056.512569013008,98211.96785633272,38305.743052551836,36033.100201366666,131512.6568693223,26658.91232461958,67655.39143841369,95617.64984529468,20435.57553976338
2026-01-10,15207.071873264751,17036.15760765102,97911.11408170835,38275.67034021678,36033.100201366666,131326.67046950175,26542.848285325766,67655.39143841369,95281.04124911899,20389.080378396007
2026-01-11,15198.495951529896,17006.671828244616,97168.65239823736,38169.307230944905,36033.100201366666,131335.13156059218,26377.607230450554,67655.39143841369,95225.95984247208,20208.989472420362
2026-01-12,15201.167194084443,17014.736819905844,97295.42513766764,38181.433253756615,36033.100201366666,131677.33869509667,26406.91217431268,67655.39143841369,95729.03668984737,20224.407803510134
2026-01-13,15186.015225718176,16950.710212591737,95773.61300159105,38038.98913077063,36033.100201366666,131420.35907683792,26048.11462733772,67655.39143841369,95699.65993963568,19896.48636783394
2026-01-14,15242.292427728196,17317.72570442409,103238.48470828948,38501.5585695574,36033.100201366666,134116.65126919025,28061.93417141989,67655.39143841369,100238.36784734273,21514.366681289313
2026-01-15,15233.596268678466,17279.93578302055,102085.52777927885,38368.58288390031,36033.100201366666,134737.7954253052,27829.89226113683,67655.39143841369,101922.63485947998,21229.34387812014
2026-01-16,15175.68960226638,17117.220139415153,98521.35432041695,37860.98223702965,36033.100201366666,134285.97536940884,26920.237213591558,67655.39143841369,100757.3571010827,20457.331322485716
2026-01-17,15176.646346999763,17120.261174109823,98728.17686700608,37869.545143491574,36033.100201366666,134161.3001756486,26941.197328050388,67655.39143841369,100834.4710703884,20497.40819092176
2026-01-18,15172.218034937427,17104.57739167543,98321.22702841509,37830.709284280994,36033.100201366666,134189.61461312353,26861.509086558242,67655.39143841369,100462.36556770692,20395.05800085892
2026-01-19,15114.698964133337,16875.210051513328,93113.3636178052,37379.86265100572,36033.100201366666,133508.10994212102,25553.76676975319,67655.39143841369,98618.97449192299,19278.279481909227
2026-01-20,15087.510913988963,16762.960071456662,90841.34614828373,37190.08517675271,36033.100201366666,132548.03423327004,24963.790380604612,67655.39143841369,97353.3261703024,18813.959061211262
2026-01-21,15046.617107143122,16446.035350758546,84980.58107299788,36922.64997934514,36033.100201366666,129536.61041467506,23336.92399522481,67655.39143841369,92192.81038311444,17594.255210405066
2026-01-22,15046.617107143122,16596.74209667964,87850.67294955143,36922.64997934514,36033.100201366666,130276.89724105329,23697.694450905212,67655.39143841369,93749.77814433434,18197.350220061962
2026-01-23,15046.617107143122,16502.407989059044,86019.35831929535,36922.64997934514,36033.100201366666,129810.55875752101,23463.60132289536,67655.39143841369,93200.18810912385,17802.984582975052
2026-01-24,15046.617107143122,16467.935384861197,85388.79237092764,36922.64997934514,36033.100201366666,129600.32897646996,23362.961004379424,67655.39143841369,92686.09498041916,17681.048114700658
2026-01-25,15046.617107143122,16456.37980699052,85253.8119166165,36922.64997934514,36033.100201366666,129472.97455004786,23324.980875924586,67655.39143841369,92258.90807109076,17649.441740401086
2026-01-26,15046.617107143122,16212.052875346835,80255.8972577432,36922.64997934514,36033.100201366666,127630.7363259425,22771.681760922234,67655.39143841369,89370.19430027396,16707.699031479093
2026-01-27,15046.617107143122,16358.64964544349,80255.8972577432,36922.64997934514,36033.100201366666,127630.7363259425,22873.612041541593,67655.39143841369,91000.6039370231,17274.904383977602
2026-01-28,15046.34654442775,16376.68056756307,80255.8972577432,36921.00897267939,36033.100201366666,127630.7363259425,22836.110865881285,67655.39143841369,90753.34962274133,17316.876041466818
2026-01-29,15046.310138119565,16364.056043833296,80255.8972577432,36920.78816252701,36033.100201366666,127630.7363259425,22820.56524834983,67655.39143841369,91132.79931297574,17274.04008542194
2026-01-30,15043.278998039514,16063.320688746211,80255.8972577432,36902.403807279195,36033.100201366666,127630.7363259425,22667.67127763341,67655.39143841369,86474.13634190425,16134.085301040823
2026-01-31,15043.278998039514,16012.481026159196,80255.8972577432,36902.403807279195,36033.100201366666,127630.7363259425,22645.443234238595,67655.39143841369,86906.21937626794,15928.194874850753
2026-02-01,15043.278998039514,15636.859106541811,80255.8972577432,36902.403807279195,36033.100201366666,127630.7363259425,22645.443234238595,67655.39143841369,81466.62446206885,14498.376951551792
2026-02-02,15043.278998039514,15477.397704367228,80255.8972577432,36902.403807279195,36033.100201366666,127630.7363259425,22645.443234238595,67655.39143841369,79464.10932263824,14009.177561423188
2026-02-03,15043.278998039514,15657.179434286187,80255.8972577432,36902.403807279195,36033.100201366666,127630.7363259425,22645.443234238595,67655.39143841369,81668.58961977427,14551.255694777605
2026-02-04,15043.278998039514,15493.313310225883,80255.8972577432,36902.403807279195,36033.100201366666,127630.7363259425,22645.443234238595,67655.39143841369,78402.87422124071,14084.897182081471
2026-02-05,15043.278998039514,15375.145712689035,80255.8972577432,36902.403807279195,36033.100201366666,127630.7363259425,22645.443234238595,67655.39143841369,75730.81398323517,13777.140596482302
2026-02-06,15043.278998039514,14657.52182100268,80255.8972577432,36902.403807279195,36033.100201366666,127630.7363259425,22645.443234238595,67655.39143841369,65294.7234705301,11657.583051337926
2026-02-07,15043.278998039514,15179.005273708317,80255.8972577432,36902.403807279195,36033.100201366666,127630.7363259425,22645.443234238595,67655.39143841369,73199.51733999402,13100.94559678618
2026-02-08,15043.278998039514,15133.717842566497,80255.8972577432,36902.403807279195,36033.100201366666,127630.7363259425,22645.443234238595,67655.39143841369,71891.02792431472,12958.120397112936
2026-02-09,15043.278998039514,15079.109565195136,80255.8972577432,36902.403807279195,36033.100201366666,127630.7363259425,22645.443234238595,67655.39143841369,72875.14905640655,12775.118350662759
2026-02-10,15043.278998039514,15036.155319014362,80255.8972577432,36902.403807279195,36033.100201366666,127630.7363259425,22645.443234238595,67655.39143841369,72145.62642614942,12651.329774391656
2026-02-11,15043.278998039514,14897.997563289215,80255.8972577432,36902.403807279195,36033.100201366666,127630.7363259425,22645.443234238595,67655.39143841369,70866.51376068182,12248.734490462672
2026-02-12,15043.278998039514,14782.836165297384,80255.8972577432,36902.403807279195,36033.100201366666,127630.7363259425,22645.443234238595,67655.39143841369,69128.38937315645,11926.232747286858
2026-02-13,15043.278998039514,14856.483538691766,80255.8972577432,36902.403807279195,36033.100201366666,127630.7363259425,22645.443234238595,67655.39143841369,68300.94424219367,12174.705464488317
2026-02-14,15042.114157139233,15055.43185802414,80255.8972577432,36892.563166263906,36033.100201366666,127630.7363259425,22645.443234238595,67655.39143841369,70996.2610741168,12733.084681917306
2026-02-15,15052.345456745781,15386.979331487719,80255.8972577432,36985.235342914086,36033.100201366666,127630.7363259425,22645.443234238595,67655.39143841369,72121.145800973,13818.507287587083
2026-02-16,15023.49736177886,15185.01599084866,80255.8972577432,36703.764238778356,36033.100201366666,127630.7363259425,22645.443234238595,67655.39143841369,70991.36494908152,13154.679125791896
2026-02-17,15030.232268380498,15240.36608459206,80255.8972577432,36767.21842738541,36033.100201366666,127630.7363259425,22645.443234238595,67655.39143841369,71182.31382545755,13330.846502416867
2026-02-18,15021.89613852021,15173.316527703908,80255.8972577432,36694.61695914542,36033.100201366666,127630.7363259425,22645.443234238595,67655.39143841369,69718.37243990802,13134.465750495174
2026-02-19,15009.690191477666,15063.187046470834,80255.8972577432,36580.52307712107,36033.100201366666,127630.7363259425,22645.443234238595,67655.39143841369,69010.88237230967,12801.652197173318
2026-02-20,15008.94484692422,15048.437332175254,80255.8972577432,36573.78366841135,36033.100201366666,127630.7363259425,22645.443234238595,67655.39143841369,69668.18715829636,12746.946874924959
2026-02-21,15008.439166072614,15174.033294726714,80255.8972577432,36570.532023741376,36033.100201366666,127630.7363259425,22645.443234238595,67655.39143841369,70615.58735262357,13111.336519040582
2026-02-22,15005.195986890478,15137.310421925251,80255.8972577432,36538.2633966603,36033.100201366666,127630.7363259425,22645.443234238595,67655.39143841369,70613.13929010593,12977.008073393597
2026-02-23,14997.91942045211,15007.179308726065,80255.8972577432,36476.45799938328,36033.100201366666,127630.7363259425,22645.443234238595,67655.39143841369,69955.83450411922,12587.074939485954
2026-02-24,14997.192463815272,14844.592028192325,80255.8972577432,36468.56992224986,36033.100201366666,127630.7363259425,22645.443234238595,67655.39143841369,67091.60135847885,12144.746080159093
2026-02-25,14997.192463815272,14808.16961483708,80255.8972577432,36468.56992224986,36033.100201366666,127630.7363259425,22645.443234238595,67655.39143841369,66604.43691746822,12025.759523238112
2026-02-26,14993.364550856842,15234.169224597448,80255.8972577432,36439.395066312056,36033.100201366666,127630.7363259425,22598.393747460763,67655.39143841369,70411.17413240053,13209.78336341995
2026-02-27,14979.11209642183,15134.631873681732,80255.8972577432,36327.80931061748,36033.100201366666,127630.7363259425,22424.43488555987,67655.39143841369,69992.55544188384,12889.8830439312
2026-02-28,14951.942812643098,14973.112634318946,80255.8972577432,36115.20689345639,36033.100201366666,127630.7363259425,22143.506790873267,67655.39143841369,68322.97680485244,12438.873166813739
2026-03-01,14952.24053830852,15020.367032799997,80255.8972577432,36118.12816528483,36033.100201366666,127630.7363259425,22182.344451093617,67655.39143841369,69533.54371982609,12540.656495890347
2026-03-02,14949.061506508693,14945.572180683223,80255.8972577432,36095.613554668846,36033.100201366666,127630.7363259425,22121.277346312054,67655.39143841369,68496.78924360499,12324.925958331894
2026-03-03,14954.11756912803,15114.438488217533,80255.8972577432,36147.839092056456,36033.100201366666,127630.7363259425,22287.140932331014,67655.39143841369,72048.92795670258,12806.223561431261
2026-03-04,14950.037818750912,15070.155759256486,80255.8972577432,36108.232466115776,36033.100201366666,127630.7363259425,22127.522634820038,67655.39143841369,72063.61633180843,12678.089351904891
2026-03-05,14965.28812978053,15297.923969941054,80255.8972577432,36222.542122396175,36033.100201366666,127630.7363259425,22391.735934888395,67655.39143841369,76486.04126992753,13315.140816569481
2026-03-06,14942.635806464225,15199.478800342775,80255.8972577432,36037.09550661733,36033.100201366666,127630.7363259425,22048.47942780575,67655.39143841369,74811.56650786084,13031.59493220498
2026-03-07,14899.02869553739,15020.070494145366,80255.8972577432,35691.126869725565,36033.100201366666,127630.7363259425,21551.91333444115,67655.39143841369,71832.27442389133,12516.036322598018
2026-03-08,14892.952850792128,14969.735010769167,80255.8972577432,35652.294274173975,36033.100201366666,127630.7363259425,21450.919367681046,67655.39143841369,71029.30991810496,12364.239361406755
2026-03-09,14894.435621388908,14958.267332498035,80255.8972577432,35669.72789499923,36033.100201366666,127630.7363259425,21409.473295496064,67655.39143841369,70125.9748490953,12350.350934532948
2026-03-10,14902.04244461882,15079.66798128496,80255.8972577432,35742.58214675242,36033.100201366666,127630.7363259425,21867.799003695247,67655.39143841369,72116.24967593772,12683.18069977291
2026-03-11,14905.135239401665,15157.403292179517,80255.8972577432,35769.940861930365,36033.100201366666,127630.7363259425,22118.89076135282,67655.39143841369,73782.15621919266,12880.076064460547
2026-03-12,14919.50095242291,15228.474535765185,80255.8972577432,35909.4115498286,36033.100201366666,127630.7363259425,22466.301051862392,67655.39143841369,74472.50984916752,13096.991896624617
2026-03-13,14938.438698433823,15297.13330031155,80255.8972577432,36077.10037545541,36033.100201366666,127630.7363259425,22746.3668063796,67655.39143841369,74935.19366500173,13297.32869257165
2026-03-14,14948.704287537192,15361.2507647184,80255.8972577432,36149.9505163876,36033.100201366666,127630.7363259425,22982.9866266267,67655.39143841369,76014.78923528157,13469.40810338167
2026-03-15,14963.955198724521,15399.021250256319,80255.8972577432,36304.75658023291,36033.100201366666,127630.7363259425,23203.226553066983,67655.39143841369,76451.76839468055,13602.194485193844
2026-03-16,14998.886133024407,15567.313549471517,79777.23385461554,36595.7583301681,36033.100201366666,127375.47485329061,23946.281059243076,67655.39143841369,77984.25553072404,14105.437506445736
2026-03-17,15075.78129265307,15809.894165780059,84092.9145870107,37246.54537819838,36033.100201366666,129419.15225920118,24688.81682829098,67655.39143841369,79735.84426209642,14821.920385523781
2026-03-18,15046.825730234257,15718.223542785217,82506.89768047164,37015.313832632426,36033.100201366666,128660.89648455285,24316.473553763753,67655.39143841369,78448.16337781708,14554.898173929349
2026-03-19,14977.453275328055,15542.51569820273,79686.72842484321,36449.914867975865,36033.100201366666,127047.9047836599,23468.985011345358,67655.39143841369,76093.1272358461,14069.787489737348
2026-03-20,14928.392304874104,15386.945305439658,77002.06764772275,36030.65824019213,36033.100201366666,125610.87807525074,22762.602920662142,67655.39143841369,73927.81593899232,13620.015419730107
2026-03-21,14925.563764929264,15406.186393925851,77270.91524271984,35990.48339536707,36033.100201366666,125886.02772063635,22809.43867520233,67655.39143841369,74598.58506882605,13643.133098322916
2026-03-22,14906.30445205098,15276.668643661837,75137.44600624863,35829.52857427366,36033.100201366666,124859.97174951714,22176.60650949435,67655.39143841369,72955.9351194887,13273.07899393873
2026-03-23,14900.683170355742,15202.611067076443,73928.45813070025,35777.02179052049,36033.100201366666,124255.7121758232,21799.25004498403,67655.39143841369,71862.87520536184,13057.016853198576
2026-03-24,14922.939569418442,15428.84640676275,77796.40965572653,35995.165500852,36033.100201366666,125987.7261696358,22890.7027384864,67655.39143841369,74755.2610699551,13761.030974642152
2026-03-25,14958.897379855956,15510.841480387617,79528.8757654408,36340.5709310389,36033.100201366666,125904.90018935074,23297.950609931377,67655.39143841369,74361.12300461484,14124.752412147534
2026-03-26,14961.476325311802,15557.443071130929,80222.82262244105,36357.267758546404,36033.100201366666,126455.11156045197,23536.558122373055,67655.39143841369,75501.92013783571,14255.651349373235
2026-03-27,14937.153488998443,15373.331614739447,77297.55157118915,36148.130657763926,36033.100201366666,124697.60050540554,22621.6764508524,67655.39143841369,73026.9289325003,13742.271811401495
2026-03-28,14911.865103041306,15204.829859343216,74316.66175400563,35875.23310746846,36033.100201366666,123353.26737406207,21861.212028500784,67655.39143841369,70613.13929010593,13207.20490536871
2026-03-29,14914.35588396005,15207.680500248556,74462.39235492868,35896.04820558245,36033.100201366666,123395.35433537129,21876.01760818813,67655.39143841369,70619.25944640003,13226.032547503153
2026-03-30,14907.437596532842,15161.92613593094,73627.63792322612,35824.014740578335,36033.100201366666,123229.25907734132,21688.453277919267,67655.39143841369,70332.836131836,13084.077688730915
2026-03-31,14899.297240204181,15200.489529375456,74126.274189529,35732.007211216434,36033.100201366666,124004.06727545918,21736.337929894624,67655.39143841369,71340.21385784542,13152.244098410894
2026-04-01,14892.315774061562,15202.21439681595,74106.9809774231,35667.56953607001,36033.100201366666,124839.88443717544,21757.164290123976,67655.39143841369,72160.31480125527,13112.851072339266
2026-04-02,14893.901597069984,15234.007881238578,74473.06345445814,35683.45822242775,36033.100201366666,125116.22796210031,21804.348652934692,67655.39143841369,71957.12561229103,13212.489024153196
2026-04-03,14876.8996420043,15131.100026090686,73178.45160468249,35533.94868463744,36033.100201366666,124088.76438807842,21414.50386301131,67655.39143841369,70993.81301159917,12908.633900124909
2026-04-04,14884.806911137699,15185.047103439905,73930.88700015642,35616.529768415654,36033.100201366666,124130.12946102073,21567.06951017831,67655.39143841369,71170.07351286933,13079.609809645312
2026-04-05,14882.35796477491,15190.596757466603,74138.78118911885,35595.105030725725,36033.100201366666,124367.21193325639,21603.901117963258,67655.39143841369,71537.28289051555,13081.94607210131
2026-04-06,14884.922368809355,15243.27641125497,74970.14388264253,35622.68829715934,36033.100201366666,125368.17647836557,21798.040773597015,67655.39143841369,73401.48249769943,13218.319804422239
2026-04-07,14873.922755342104,15169.420463822293,73671.2920428637,35527.31087839104,36033.100201366666,125162.15077036744,21640.23371657221,67655.39143841369,72990.20799473568,12992.065774882325
2026-04-08,14889.836135972111,15417.967724634214,77985.0178594344,35673.54977346234,36033.100201366666,126888.98258309427,22223.92095316669,67655.39143841369,75328.10769908318,13751.01517125932
2026-04-09,14855.024060326637,15280.270167225997,75739.70886219946,35398.907147132326,36033.100201366666,126235.1219275218,21908.09447525493,67655.39143841369,74602.25716260252,13348.779166472319
2026-04-10,14855.443147480526,15310.700744057409,76250.4621297311,35396.97915701896,36033.100201366666,126340.09100109599,21914.520665742162,67655.39143841369,75183.67201054233,13434.01663674646
2026-04-11,14847.051407226814,15317.753110249858,76264.27006642238,35310.525131028975,36033.100201366666,127109.94742427365,21848.86686258218,67655.39143841369,76199.61795536349,13426.18614396682
2026-04-12,14856.814555274765,15353.351943924255,77035.20962424381,35404.63106486704,36033.100201366666,127540.67831589011,22022.81783028785,67655.39143841369,76317.12495621027,13554.380666165729
2026-04-13,14826.820115240796,15183.922250662985,73807.72886634392,35147.55741304924,36033.100201366666,125829.3566179553,21501.573763270666,67655.39143841369,74214.23925355636,13060.686237559603
2026-04-14,14850.600827148279,15407.583635544685,73807.72886634392,35359.004552019294,36033.100201366666,125829.3566179553,22170.1430538005,67655.39143841369,77423.64921418417,13707.422258334464
2026-04-15,14817.970776563285,15250.447785201774,73807.72886634392,35074.02715805988,36033.100201366666,125829.3566179553,21712.393015139758,67655.39143841369,76958.51733583231,13240.15033765947
2026-04-16,14830.433820808727,15340.32611102186,73807.72886634392,35185.33604005135,36033.100201366666,125829.3566179553,21961.074809135294,67655.39143841369,77586.44537160732,13507.505823347667
2026-04-17,14839.698289824633,15516.681677103199,73807.72886634392,35274.92130732152,36033.100201366666,125829.3566179553,22316.73591980235,67655.39143841369,78099.31446905318,14035.612580256735
2026-04-18,14839.91055383165,15514.94983193016,73807.72886634392,35235.57812243276,36033.100201366666,125829.3566179553,22323.471110530365,67520.08065553686,80204.64823422475,13968.653841264315
2026-04-19,14789.570985004588,15336.955247310289,73807.72886634392,34849.66423470616,36033.100201366666,125829.3566179553,21475.849738009467,67130.82338621552,78820.26888049857,13436.707752308652
2026-04-20,14748.066245532915,15206.931448979754,73807.72886634392,34520.660250734174,36033.100201366666,125577.69790471939,20867.793024475464,66482.97883025552,76978.10183597344,13058.028388696064
2026-04-21,14752.447506639975,15291.436488356387,73807.72886634392,34545.28364881397,36033.100201366666,126457.26659551155,21215.430611534783,66350.012872595,78809.25259916918,13285.355962409956
2026-04-22,14751.599222892404,15320.004912848191,73807.72886634392,34529.69460495572,36033.100201366666,126862.89348777034,21323.906937336247,66568.2324816053,79585.28841726149,13345.95277182689
2026-04-23,14760.156158239492,15346.166923258535,73807.72886634392,34592.30278548299,36033.100201366666,127970.32757534891,21447.443006102352,67182.27630254276,81768.96018299757,13407.68941041759
2026-04-24,14758.708265589752,15357.429178449536,73807.72886634392,34581.204531674244,36033.100201366666,127674.02552492417,21488.71902439826,67255.58983049101,82029.67884112637,13439.003788656044
2026-04-25,14752.445606770716,15330.620716590263,73807.72886634392,34536.80369380592,36033.100201366666,127150.17714870822,21373.12782433284,66942.7166055851,80917.03442685837,13363.459071705494
2026-04-26,14753.196153756107,15324.771389340016,73807.72886634392,34541.54561830024,36033.100201366666,127269.0632731807,21349.684140894544,67007.7694543279,81148.37633477549,13343.421466721113
2026-04-27,14763.61124790021,15387.698200396346,73367.52372399994,34615.99607236099,36033.100201366666,127817.22574302852,21622.368669827443,67327.52657857169,82285.5013742199,13519.990168780776
2026-04-28,14740.453407393117,15287.053244065313,71838.12578698788,34455.12547449102,36033.100201366666,125790.37958991031,21172.056299950706,66911.05066863092,80804.42355104687,13238.700630388985
2026-04-29,14731.95127035909,15250.447203499032,71300.02557175771,34397.10827628228,36033.100201366666,124974.46093496098,21063.390637987166,66610.22426756627,79734.62023083761,13130.694084290391
2026-04-30,14736.237723487075,15239.506347252918,71162.17862992111,34427.18060816022,36033.100201366666,124273.11763143432,21038.79781160911,66514.53806676995,79394.33954088546,13106.671337681513
2026-05-01,14734.411555257182,15211.580069596188,70790.50702636737,34412.17526820472,36033.100201366666,124323.82668719733,20967.47512101403,66584.40964504928,79642.81788642606,13029.117523513485
2026-05-02,14746.620608446108,15287.870203928522,71933.31064260159,34490.92567835809,36033.100201366666,126107.880359794,21374.44611854311,67164.37816426432,81705.31055753889,13246.774920019057
2026-05-03,14750.907318185684,15349.097927696788,72887.15572418047,34529.25370936156,36033.100201366666,126709.33176240191,21562.483002538156,67288.63254731277,82147.18584197316,13444.01799818318
2026-05-04,14749.11345981524,15322.812750105411,72520.7588019693,34512.85810583009,36033.100201366666,126649.9373439403,21493.506652602682,67226.67745327199,81926.86021538543,13364.065518094143
2026-05-05,14758.600067252395,15377.607374334275,73277.5805133493,34578.353922102026,36033.100201366666,128121.69575654922,21755.581496590527,67696.5035830812,83597.66288367566,13502.07919272839
2026-05-06,14789.916907488807,15519.86488223153,75512.78520786123,34820.098101254,36033.100201366666,128737.35623373406,22297.974666443522,67951.55205354907,84504.67004646178,13912.64536248713
2026-05-07,14803.455017359298,15608.25212537503,77109.07589077305,34951.98601997855,36033.100201366666,128632.2804946616,22647.561302281385,68051.36859394808,84859.63911151978,14205.713531092817
2026-05-08,14770.481668969327,15515.817285472702,75828.35410442267,34737.585239150336,36033.100201366666,126919.59031473585,22274.778453757637,67672.06574043178,83510.75666429939,13971.495328615054
2026-05-09,14813.603694795287,15669.880790080217,78179.26001294775,35043.02871105939,36033.100201366666,126922.70920969857,22816.59329297062,67619.40391049712,83323.47988169982,14408.542655686862
2026-05-10,14815.710944983417,15673.362150147757,78080.56497723596,35028.964064740125,36033.100201366666,127536.35114340796,22840.671198431814,67758.80287208887,83819.2125415222,14391.091807756538
2026-05-11,14928.646814726535,15966.60942327202,82155.7018820725,35729.28981702347,36033.100201366666,129258.31314948437,24023.38601015545,68234.82451130215,85512.0477724712,15145.876504369036
2026-05-12,14896.087659209068,15899.725311294093,81147.84922136094,35527.63088867642,36033.100201366666,128346.44218713912,23737.444556282728,68072.02029196167,84933.080987049,14949.329594079229
2026-05-13,14823.275818984624,15732.628640103412,78700.58689010917,35063.588551209556,36033.100201366666,126838.70427703901,23049.038866939074,67797.6969033478,83957.52807376893,14486.007716301512
2026-05-14,14784.829088934226,15644.453671358882,77316.35372422633,34812.43411127686,36033.100201366666,126036.77251068139,22669.29895408691,67485.85626334256,82848.5557532774,14220.759684149429
2026-05-15,14828.433192953136,15812.385371649663,79469.18947714687,35054.36129977746,36033.100201366666,127818.83762145383,23340.120783553542,68117.45402759158,85094.65311321334,14615.330490285723
2026-05-16,14754.763414517463,15604.162381595772,76399.23118293977,34597.23482955849,36033.100201366666,125968.84217999832,22495.51669455553,67609.7664514241,83289.20700645284,14033.659438411101
2026-05-17,14699.608727571718,15440.510011660754,74138.94093012321,34261.91102504251,36033.100201366666,124735.31141722036,21827.025134463314,67346.45730175081,82352.82309345502,13610.48084503339
2026-05-18,14718.639953267362,15382.568864827292,73347.65097747097,34408.99909525056,36033.100201366666,123324.89654908703,21577.545651009965,67140.28451658179,81619.62836942144,13464.076744885042
2026-05-19,14716.945080903235,15379.910449016366,73467.46320016192,34425.129438888274,36033.100201366666,122835.32865593342,21561.343138527787,66915.86939816743,80821.55998867036,13496.328546826231
2026-05-20,14715.894327937021,15321.83892904607,72687.68697900877,34425.29865038549,36033.100201366666,122803.28235763207,21380.067592955893,66954.41923445946,80958.65148965828,13351.981123355728
2026-05-21,14756.195873879835,15454.840024982479,74657.67198952797,34706.493941814,36033.100201366666,123273.9242482821,21942.785953494586,67137.87515181354,81611.0601506097,13724.70826251385
2026-05-22,14775.724603928009,15562.16758533652,76416.03581238676,34851.44761320472,36033.100201366666,123399.9481700126,22428.976197549768,67176.08079313868,81746.9276203388,14060.419975378132
2026-05-23,14737.992559595656,15375.901966154028,73915.37172691002,34603.23772219113,36033.100201366666,121731.9684262524,21515.717217218276,66592.67032425471,79672.19463663775,13586.9625582713
2026-05-24,14771.137284133809,15525.04560928288,76221.52899430218,34854.196737440296,36033.100201366666,122824.17969013937,21992.043446876723,66929.29300187626,80869.29720776436,14023.121820851376
2026-05-25,14786.754630612857,15470.429080396147,75567.61832658276,34977.38043205904,36033.100201366666,122522.8988796586,21769.899960217233,66961.64732876423,80984.35614609352,13901.824255022475
2026-05-26,14798.47129165372,15559.375316430589,77124.903493079,35079.109204419256,36033.100201366666,122733.31832318814,21911.83105620275,67042.18895101723,81270.77946065755,14187.005695867923
2026-05-27,14807.801594224735,15535.840965034045,77460.54898882737,35181.59439087577,36033.100201366666,121957.44746459722,21576.59205050092,66618.4849467717,79763.9969810493,14237.415268210267
2026-05-28,14776.406918705805,15379.095650047102,75231.4566835262,34932.22126001742,36033.100201366666,121139.78748667725,21011.27738725651,66211.64649590394,78317.19203312327,13802.520619033015
2026-05-29,14762.268364629295,15262.793829167484,73272.66686961558,34806.78250930551,36033.100201366666,120692.1075980982,20570.64825428321,65925.2762834488,77298.79802578446,13454.869850199826
2026-05-30,14782.445993949923,15293.401191556783,73756.1512971864,34969.894239807974,36033.100201366666,120677.06241255227,20677.513576814425,65863.66538437492,77079.69643045556,13562.26599560358
2026-05-31,14820.76541577625,15454.359904247718,76463.5851780358,35278.78815595336,36033.100201366666,120844.77483885222,21322.321189757124,65972.43099391318,77466.4903082429,14102.428678034512
2026-06-01,14829.175673061356,15440.667188263375,76364.4982718065,35344.64602935661,36033.100201366666,120666.20702093297,21370.14490897691,65933.19276768735,77326.95074473733,14099.451543057934
2026-06-02,14862.786501428136,15454.059681709923,76901.46619820474,35601.53050092306,36033.100201366666,120088.86799978858,21690.055384201914,65162.94501009455,75038.01229074267,14185.854915834974
2026-06-03,14812.434843367439,15019.740334169812,72133.41182981135,35246.1668092604,36033.100201366666,117399.67603698105,20768.594941242816,65162.94501009455,70241.03378742444,13266.538093718758
2026-06-04,14857.87174932316,15016.439726990478,73070.04487020717,35613.62502551531,36033.100201366666,116248.61872041243,21098.636437508037,65162.94501009455,67556.73323683071,13412.256763328487
2026-06-05,14741.725201194695,14571.601078760537,66634.40796178981,34672.41554342174,36033.100201366666,115735.70993759559,19787.417973454372,65162.94501009455,67253.17348464318,12227.740755348721
2026-06-06,14705.538954491882,14169.453049545176,61960.75106951053,34377.88664536644,36033.100201366666,113417.36920074464,19343.21866187384,65162.94501009455,64921.39393658979,11333.577857029444
2026-06-07,14689.29194482051,14118.494825240323,61151.71306503779,34241.60589285223,36033.100201366666,113238.19076259236,19122.555245878295,65162.94501009455,64784.30243560188,11188.7868207741
2026-06-08,14702.989280655223,14431.303244030856,64476.490780783744,34356.39546493627,36033.100201366666,114887.49610887736,19510.519099969148,65162.94501009455,67321.71923513713,11895.259252228956
2026-06-09,14718.125817269756,14488.755610576945,64476.490780783744,34480.7299034004,36033.100201366666,114887.49610887736,19707.017875835485,65162.94501009455,66988.7827327379,12045.943163390577
2026-06-10,14697.089187888456,14332.484147618972,64476.490780783744,34310.47918966302,36033.100201366666,114887.49610887736,19460.49168382193,65162.94501009455,65501.58475327079,11699.24534786083
2026-06-11,14678.624455678484,14142.02228034783,64476.490780783744,34157.41063707229,36033.100201366666,114887.49610887736,19016.224707399477,65162.94501009455,65238.418032624344,11216.703371010823
2026-06-12,14688.937203263034,14392.82119675014,64476.490780783744,34245.23785791147,36033.100201366666,114887.49610887736,19340.255115784414,65162.94501009455,67236.0370470197,11792.952450742334
2026-06-13,14688.676574321302,14380.152932309004,64476.490780783744,34242.31016224565,36033.100201366666,114887.49610887736,19274.838768992173,65162.94501009455,67276.43007856078,11740.296309418087
2026-06-14,14691.77670022893,14575.921421996147,64476.490780783744,34276.34012725637,36033.100201366666,114887.49610887736,19415.145134175586,65162.94501009455,68225.05430414679,12266.508721823651
2026-06-15,14705.567154794691,14719.634522624641,64476.490780783744,34374.7794832195,36033.100201366666,114887.49610887736,19575.809336771155,65162.94501009455,69352.38709352064,12584.424316873688
2026-06-16,14726.380243854737,14809.960999351271,64476.490780783744,34508.32029523958,36033.100201366666,114887.49610887736,19757.40716674283,65162.94501009455,69992.55544188384,12786.364579019932
2026-06-17,14726.413393047083,14778.087752741472,64476.490780783744,34542.49195857265,36033.100201366666,114887.49610887736,19819.893059486367,65162.94501009455,69187.14287357984,12724.43127552333
2026-06-18,14703.888796672894,14693.899433607417,64476.490780783744,34388.20905863781,36033.100201366666,114887.49610887736,19670.138282994536,65162.94501009455,68578.79933794597,12511.68166885145
2026-06-19,14679.940245844971,14596.088745706944,64476.490780783744,34252.86446736931,36033.100201366666,114887.49610887736,19611.553874309026,65162.94501009455,67194.41998421978,12308.84774559445
2026-06-20,14675.915501982812,14551.233688955352,64476.490780783744,34221.514358926324,36033.100201366666,114887.49610887736,19549.38050016883,65162.94501009455,67764.81855083023,12178.0999837164
2026-06-21,14679.63793167781,14592.855442970602,64476.490780783744,34239.00427556841,36033.100201366666,114887.49610887736,19520.555135598246,65162.94501009455,68576.35127542833,12227.117798837065
2026-06-22,14664.446622096213,14468.600605403422,64476.490780783744,34122.49993471224,36033.100201366666,114887.49610887736,19341.401522387896,65162.94501009455,67546.94098676014,11931.972218493125
2026-06-23,14662.901027826865,14515.57729175421,64476.490780783744,34110.297648354644,36033.100201366666,114887.49610887736,19310.812146009892,65162.94501009455,68516.37374374611,12014.99357566789
2026-06-24,14650.435879754872,14357.053876337552,64476.490780783744,34015.65092151608,36033.100201366666,114887.49610887736,19102.544113809323,65162.94501009455,67408.6254545134,11644.508054371783
2026-06-25,14652.37934506858,14266.195980202066,64476.490780783744,34032.72349403552,36033.100201366666,114887.49610887736,19117.897494638088,65162.94501009455,65765.97550517606,11499.32601619302
2026-06-26,14654.25218832562,14165.042496484668,64476.490780783744,34042.515063540115,36033.100201366666,114887.49610887736,19053.829976835943,65162.94501009455,64350.995369979355,11283.159290055533
2026-06-27,14645.827119086387,14232.84530080788,64476.490780783744,33980.34461847572,36033.100201366666,114887.49610887736,18915.39670592213,65162.94501009455,64527.25587124954,11407.525700902093
2026-06-28,14639.907450785413,14183.666528147278,64476.490780783744,33932.5737462041,36033.100201366666,114887.49610887736,18798.275861663704,65162.94501009455,64468.50237082614,11295.000298774474
2026-06-29,14642.453505024478,14172.954820367431,64476.490780783744,33949.03699179907,36033.100201366666,114887.49610887736,18692.2433758447,65162.94501009455,63969.09761722731,11270.672464304334
2026-06-30,14649.391657931103,14265.718738410495,64476.490780783744,34010.91714593964,36033.100201366666,114887.49610887736,18816.97176084243,65162.94501009455,64497.87912103784,11492.84068913684
2026-07-01,14635.425179950704,14124.010600099995,64476.490780783744,33913.49589858522,36033.100201366666,114887.49610887736,18498.788945449527,65162.94501009455,62796.4756712771,11158.863498011113
2026-07-02,14638.891807568301,14244.46413142795,64476.490780783744,33917.68575349681,36033.100201366666,114887.49610887736,18524.81717888132,65162.94501009455,64517.46362117897,11365.097758461698
2026-07-03,14658.554899843444,14430.211267853247,64476.490780783744,34038.80226056685,36033.100201366666,114887.49610887736,18774.336466669585,65162.94501009455,65895.72281861104,11814.77838404941
2026-07-04,14692.983079891927,14634.994522473979,64476.490780783744,34263.55432476886,36033.100201366666,114887.49610887736,18958.4898763254,65162.94501009455,66938.59745112626,12294.362530619372
2026-07-05,14697.983481753308,14669.853532626394,64476.490780783744,34274.237355897705,36033.100201366666,114887.49610887736,19045.42518434533,65162.94501009455,67579.9898307483,12332.078111428931
2026-07-06,14697.625629751106,14662.516999501971,64091.93914590829,34268.68065793943,36033.100201366666,114657.72111665961,19007.488999677837,65162.94501009455,68057.36202168836,12295.268385202704
2026-07-07,14689.458374284444,14629.750848259133,63613.42922777802,34212.03675083798,36033.100201366666,114937.33790473167,18926.771845986732,65162.94501009455,68484.54893101678,12203.530295315237
2026-07-08,14656.76246947382,14499.804401410718,61880.77387307163,34013.70632829583,36033.100201366666,114586.07169388818,18640.384024380193,65162.94501009455,68018.1930214061,11871.724404525132
2026-07-09,14625.594768784604,14350.907953456608,60135.24980038592,33832.24103241042,36033.100201366666,113868.74174761199,18370.36511856242,65162.94501009455,66723.16794957382,11532.308817431105
2026-07-10,14626.696674459194,14386.111187165418,60519.98521395225,33832.424066740794,36033.100201366666,114126.0088595701,18374.73102773751,65162.94501009455,67661.99992508929,11604.762752621002
2026-07-11,14634.984404167806,14470.491810156342,61420.998574326666,33872.901206860864,36033.100201366666,115015.04523085624,18472.10199240077,65162.94501009455,68761.17999551025,11776.298276381654
2026-07-12,14627.814678298515,14415.485816655926,60825.744341379366,33834.83255080779,36033.100201366666,114819.69355692476,18396.253180993026,65162.94501009455,68412.33108674636,11660.987704835567
2026-07-13,14631.641139623502,14435.96826633622,60874.968055075355,33854.221624867765,36033.100201366666,114935.82449051025,18452.266317454443,65162.94501009455,68429.46752436984,11734.16438602107
2026-07-14,14612.612424600935,14326.441679698048,60874.968055075355,33742.964531817575,36033.100201366666,114644.28523107276,18127.1062464141,65162.94501009455,66983.88660770263,11459.001190535317
2026-07-15,14639.664119568428,14522.519476032303,60874.968055075355,33876.248932709226,36033.100201366666,115799.78801017214,18546.461723093893,65162.94501009455,69630.24218927293,11874.12583065819
2026-07-16,14642.576893526748,14552.418335279273,60874.968055075355,33892.7544066178,36033.100201366666,116003.55070686371,18563.479184161188,65162.94501009455,69090.44440413301,11995.983696441137
2026-07-17,14607.780820659455,14411.51158067387,60874.968055075355,33679.65613689724,36033.100201366666,115477.25454375127,18118.70192401808,65162.94501009455,68227.50236666444,11650.639231716501
2026-07-18,14602.92019951792,14426.420425180693,60874.968055075355,33659.211969337484,36033.100201366666,115250.60940518526,18144.24535367713,65162.94501009455,68407.43496171107,11694.758011982918
2026-07-19,14603.223081761782,14437.35568475583,60874.968055075355,33625.15028320362,36033.100201366666,115478.58632608259,18144.180807310804,65162.94501009455,69382.98787499116,11670.515618686788
2026-07-20,14604.421445269216,14442.351471076461,60874.968055075355,33629.256938247265,36033.100201366666,115452.58121785456,18141.20976155557,65162.94501009455,69263.03281162673,11660.04040412117
2026-07-21,14618.09462662045,14519.213919570815,60874.968055075355,33717.14041842626,36033.100201366666,115986.0493840782,18430.574568115015,65162.94501009455,69875.04844103707,11858.157913409263
2026-07-22,14644.069907223346,14624.673286922203,60874.968055075355,33865.115157144945,36033.100201366666,116710.19861188925,18691.805043492182,65162.94501009455,71427.12007722168,12094.8097698623
2026-07-23,14637.425440742089,14594.26573111011,60874.968055075355,33830.99994070579,36033.100201366666,116589.49790612096,18596.767855442158,65162.94501009455,70888.54632334059,12029.279533375111
2026-07-24,14599.200086089451,14467.397235532717,60874.968055075355,33634.48405814689,36033.100201366666,115824.79086875236,18249.31672675719,65162.94501009455,70009.69187950734,11766.89330926337
2026-07-25,14579.657219272225,14366.368085739912,60874.968055075355,33525.91339687064,36033.100201366666,115380.42233318627,17878.075403441973,65162.94501009455,69025.57074741552,11490.432358062519
2026-07-26,14581.084179350735,14405.135569312952,60874.968055075355,33529.53115745475,36033.100201366666,115584.74642888323,17907.66796645912,65162.94501009455,69254.46459281498,11558.128616473168
2026-07-27,14598.319476130306,14540.915534924347,60511.8966750252,33638.90203206368,36033.100201366666,116625.29847679364,18336.329156175103,65162.94501009455,70196.9686621069,11869.4071585294
2026-07-28,14562.7661549953,14295.691375304767,57411.13891637405,33447.73620317354,36033.100201366666,115615.1177574013,17675.631645450776,65162.94501009455,68597.15980682828,11280.078745885208
2026-07-29,14567.34313479151,14324.018219042478,57626.37397360237,33475.64297272713,36033.100201366666,115877.80480007263,17809.31119158893,65162.94501009455,68633.8807445929,11339.433573711189
2026-07-30,14558.288283487102,14245.439280386247,56627.50748030591,33420.111262659586,36033.100201366666,115518.30399066336,17686.04047508366,65162.94501009455,68234.84655421737,11148.117198424627
2026-07-31,14564.080752649868,14301.027870682616,57325.9216681238,33464.59904693262,36033.100201366666,115658.26422486176,17830.46287309786,65162.94501009455,68766.07612054553,11288.881497034661
2026-08-01,14541.719024645066,14169.346062519468,55953.19886465498,33318.292866266034,36033.100201366666,114528.44921969957,17506.335533451842,65162.94501009455,66719.49585579736,10992.087411728704
2026-08-02,14544.339037473454,14153.555819262345,55811.06551006769,33338.86789252535,36033.100201366666,114362.0262646341,17531.934124410902,65162.94501009455,66686.4470118092,10894.445281822413
2026-08-03,14547.047121844062,14257.422446041845,56482.4276875773,33344.82051848931,36033.100201366666,114776.91285625636,17886.582796458068,65162.94501009455,67342.52776653708,11098.890253362824
2026-08-04,14552.703363245924,14257.74079737669,56482.4276875773,33402.01180989788,36033.100201366666,114579.93231489835,17901.791509743183,65162.94501009455,67479.619267525,11101.719178381933
2026-08-05,14565.267227873219,14299.784282493723,56482.4276875773,33532.361302053985,36033.100201366666,114645.31858518226,18045.38036903237,65162.94501009455,67971.67983357092,11268.501260938161
2026-08-06,14560.489444054576,14340.62914326334,56482.4276875773,33511.32676678403,36033.100201366666,115006.29305757549,18055.448596041962,65162.94501009455,68423.34736807575,11596.472107353045
2026-08-07,14559.882446773761,14285.456137347417,56482.4276875773,33469.5350511195,36033.100201366666,115002.41918518883,18052.041942681462,65162.94501009455,68281.35974205255,11317.314350288514
2026-08-08,14545.31819605025,14237.111973661044,56482.4276875773,33315.70358516464,36033.100201366666,115057.70990925297,17963.44033040925,65162.94501009455,68719.56293271035,11106.656050885527
2026-08-09,14552.852972799117,14322.725008239544,56482.4276875773,33403.71373850529,36033.100201366666,115088.23132805695,18141.73839012296,65162.94501009455,68759.95596425144,11312.373354584695
2026-08-10,14563.378955936314,14311.145555051207,56482.4276875773,33539.68905103607,36033.100201366666,114902.62611948719,18195.1208101983,65162.94501009455,68680.39393242808,11313.132781545963
2026-08-11,14564.069796142841,14283.072302766126,56482.4276875773,33584.48688794015,36033.100201366666,114289.6270844018,18125.87726791407,65162.94501009455,67766.04258208904,11263.52845927015
2026-08-12,14557.082444411975,14314.837571442406,56482.4276875773,33533.242038455064,36033.100201366666,114264.50930333164,18172.362202598295,65162.94501009455,67360.88823541939,11343.62111997838
2026-08-13,14553.57395278887,14260.131162377416,56482.4276875773,33522.90531953507,36033.100201366666,114261.30000762867,17975.795813051325,65162.94501009455,67331.5114852077,11229.079276984688
2026-08-14,14572.760041955526,14318.01763942592,56482.4276875773,33683.78966689964,36033.100201366666,114325.31518595369,18160.352000246698,65162.94501009455,67340.07970401944,11405.500678245176
2026-08-15,14557.57353287589,14252.744456819266,56482.4276875773,33551.20192119528,36033.100201366666,114032.77578371942,17963.97406979234,65162.94501009455,66658.29429285633,11232.663379675767
2026-08-16,14565.85790638194,14250.145626140398,56482.4276875773,33537.480220027086,36033.100201366666,114060.65098960914,17924.39398114432,65162.94501009455,66719.49585579736,11181.843717050144
2026-08-17,14557.335095711698,14208.6249534165,56482.4276875773,33478.392366713146,36033.100201366666,113685.90106330704,17820.916092182244,65162.94501009455,66463.67332270385,11100.614655153087
2026-08-18,14569.740193094107,14285.89655473029,56482.4276875773,33572.213976081875,36033.100201366666,113685.90106330704,17940.01204545383,65162.94501009455,68140.59614728816,11248.199224187683
2026-08-19,14586.369142710384,14281.934675339045,56482.4276875773,33728.64444983128,36033.100201366666,113685.90106330704,18051.41641874997,65162.94501009455,68406.21093045226,11291.191636889534
2026-08-20,14660.460289571782,14756.934134020094,56482.4276875773,34061.75645946368,36033.100201366666,113685.90106330704,19012.486456962262,65032.619120074356,72640.13505471297,12194.427962283906
2026-08-21,14809.503911277932,15126.486747662639,56482.4276875773,35114.12980572908,35925.80163632259,113685.90106330704,20106.3507462498,66065.75980855605,76521.53817643333,13014.801226643236
2026-08-22,15094.221812884613,15751.115791724325,56482.4276875773,36782.54285037604,37702.207446461216,113685.90106330704,22355.440061565092,69230.22233577928,82008.87030972642,14319.223990706918
2026-08-23,15086.084599034792,15686.895639413113,56482.4276875773,36998.169159465986,37912.846135320215,113685.90106330704,22167.33984076254,68375.40098390167,80526.56845529457,14416.0507813274
2026-08-24,15166.127430647268,15839.063357380575,56145.55436140884,37605.857195371544,38540.659920222846,113007.85393966903,22787.761200012388,68893.51731113385,81425.00739926896,14842.98254678487
2026-08-25,15130.980160965308,15792.639904487232,55380.21817673305,37181.34994511672,38129.56826118677,114557.92937404856,22524.040776706144,69727.16224636711,82870.58831593617,14565.735660273487
2026-08-26,15032.01317072135,15611.607262877136,53430.06517096891,36456.4049953688,37378.22240662908,113237.84857714816,21738.351329091573,69446.92766610664,82384.64790618437,14045.930766308558
2026-08-27,15111.080628943779,15744.101954784357,54831.13570132813,37069.31692748797,38005.819911278915,115261.38726061527,22287.47955514042,69801.9855851772,83000.33562937117,14461.665915209476
2026-08-28,15188.06720066052,15870.979767300381,55970.457240785014,37556.63153928478,38494.57371850967,116326.11571579795,22829.318951893645,70575.6306732514,84341.87388903863,14750.787499597162
2026-08-29,15060.26475238042,15651.290452398885,53629.643990048855,36671.92315040637,37593.33917465099,113587.31677131566,21920.548862892116,69360.81023841955,82235.31609260825,14138.613351425884
2026-08-30,15095.623474400669,15697.318685317507,54097.84226716887,36998.897405887285,37925.945898639955,114302.86393335475,22128.771754887995,69633.28013257709,82707.79215851302,14339.681720167271
2026-08-31,14992.344984695083,15502.008267017634,51858.49340417484,36169.44093044088,37083.15526391899,112834.59980641006,21284.77991040963,69237.2811413274,82021.11062231462,13675.880212026788
2026-09-01,15031.409591183434,15590.804256834606,52777.633519313844,36438.40236327679,37361.82608137176,114358.25661109111,21662.07685292043,69671.39768253693,82773.88984648934,13889.218222649084
2026-09-02,15025.650454285176,15561.917301233134,52096.66628680323,36446.06869428429,37361.258718869576,112641.09731934406,21553.311140978756,69078.45801649467,81745.70358907997,13841.614550667557
2026-09-03,15008.646169268208,15552.716347320738,51988.21114296153,36279.00261485095,37188.466842981,111999.05794408459,21530.363546835153,69041.75222764442,81682.05396362129,13799.621069973959
2026-09-04,15128.662989419508,15846.227001466283,54156.021868318065,37102.81049951537,38028.291765223425,117139.09019883821,22706.786061801336,71118.20415567997,85509.59970995355,14553.466382846314
2026-09-05,15084.832342321231,15766.695229300673,53654.09110547598,36825.3713906279,37747.51944643585,115012.03278649502,22326.44169484881,69731.3813592078,84010.16141789823,14348.405478636612
2026-09-06,15152.678547618292,15924.355782518916,54321.06068882768,37264.56442529763,38196.591918538106,115704.9987284437,22987.683324786,69828.43306998008,84185.19788790958,14763.903024742309
2026-09-07,15269.21012169354,16193.092228452711,56363.81431225462,38036.30655563965,38984.97674305707,116794.73267384959,24031.94295802347,70120.94556888117,84712.75536046129,15474.166028799038
2026-09-08,15216.49473314426,16128.805993905702,56077.82812244106,37809.119937779804,38756.63000745281,115211.7530627611,23788.383255540917,69324.17138393942,83275.74266260581,15398.140755955286
2026-09-09,15188.656892205552,16077.374615910107,55520.00001470725,37599.88216262606,38542.14696303195,114660.13637051258,23581.937567201076,68959.71845607425,82618.43787661911,15232.87098068128
2026-09-10,15095.320842929334,15914.722360832682,53845.017993299756,36968.61023370918,37896.02199591769,114053.84619768674,22903.50728826975,68828.05389740416,82380.97581240791,14748.28567464081
2026-09-11,14991.81964420959,15697.829490681255,51586.78625128177,36184.98269861803,37100.6004394521,112302.41717340457,22007.168620599845,67901.65120366865,80710.17314411768,14143.037399771378
2026-09-12,15013.399171617853,15759.64725513995,52083.03131528036,36262.22253287087,37179.8022882291,114706.70916914704,22241.279851286625,68340.75929366636,81502.12136857466,14270.526224916168
2026-09-13,15033.312910107186,15792.069132765828,52444.685395725515,36444.45077756209,37366.61359761705,115041.62450237147,22365.917506191705,68394.37527374335,81598.81983802149,14384.220776984846
2026-09-14,14979.33314151829,15663.589643635705,51082.76717573342,36054.33367483376,36966.65598726098,113580.94987691293,21838.04609151567,68140.54772249275,81141.03214722256,14008.00829300691
2026-09-15,15059.619967654871,15848.600584928412,52855.426272448974,36596.594219456325,37522.590257559044,115844.77829370537,22588.689108043953,69073.73724914939,82824.07512810099,14502.80189576833
2026-09-16,14940.622044905513,15538.403936171395,49946.466843467104,35883.82299010607,36791.81951244187,111372.80662888341,21361.619952180954,67617.96158756502,80198.52807793063,13706.797844848434
2026-09-17,15003.622046152403,15734.554112805012,51845.016513786264,36328.8205078028,37248.04819684434,112902.39695624627,22139.015423504843,68224.70445071487,81292.81202331632,14257.683770425652
2026-09-18,15125.954770615448,16057.921911350662,55156.93002032811,37287.96147406852,38231.367615813644,113634.23911496808,23391.493923413454,68300.71697943163,81429.90352430425,15236.475926225161
2026-09-19,15329.17328961374,16567.299215499595,60232.45410768444,38786.10539194783,39767.33176777397,120639.93341510899,25446.674756190314,70753.85444704311,86103.25487048157,16693.199169566884
2026-09-20,15319.55580599403,16616.19914404505,60503.55405410187,38654.77314840186,39632.69154594236,121362.08861362771,25619.405265306996,71045.54411197036,86458.22393553957,16737.407186856963
2026-09-21,15399.163653445952,16715.873009277242,61907.85682328444,39338.0305813764,40333.228559233285,121786.8666547536,26102.320155284626,71119.97526784835,86548.8022486923,17167.142048330476
2026-09-22,15700.93633765834,17241.91186723923,66508.97991809965,41270.8106826179,42314.88687599397,129056.40893673291,28090.545024040075,75972.08196994854,92453.52904124324,18453.62417013869
2026-09-23,15761.057751051603,17329.21425825065,67535.88921473792,41842.734198056416,42901.19335134398,128433.69595909287,28452.190693820634,75721.63118868342,92148.7452577969,18840.53401449109
2026-09-24,15546.098125982027,17019.210227790696,64004.15380539786,40133.91732675742,41149.21052091621,126242.63302391124,27019.32422476682,74601.14054479045,90785.17443547066,17812.545518988707
2026-09-25,15731.344025554568,17308.952729214434,67068.77254106212,41522.35777775082,42572.78221420991,126370.52445802401,28340.202512366122,74623.2687262677,90812.10312316472,18745.41895429997
2026-09-26,15920.162900053037,17610.318185144773,70772.89119170274,43120.353574261964,44211.171253773755,126050.64494939362,29850.66650572408,74256.14207903168,90365.33171369517,19879.074859552307
2026-09-27,15924.278383189656,17618.047690584586,70928.08037088285,43199.286736599366,44292.0967514693,126487.82172587175,29875.179867419414,74598.1230654981,90781.5023416942,19940.73267485826
2026-09-28,16013.039540945945,17755.512778229535,73093.45701224272,44157.284327105204,45274.33088482826,126400.18823244405,30577.25005860433,74665.5134363606,90863.51243603518,20602.89032035874
2026-09-29,15853.1578780602,17530.994306043103,69834.58560163308,42481.04726831915,43555.7488919031,125721.04679159095,29346.32700880695,73830.67749881021,89847.56649121402,19476.499030821764
2026-09-30,15855.861514370907,17534.381320587516,70244.39795959895,42754.19164171418,43835.79431932878,125984.92211299783,29366.396348888182,74206.85658392328,90305.35418201296,19572.397601869146
