time,S6,HB1,HB3
2021-08-03 16:00:00,10000.0,9940.357852882704,9940.357852882702
2021-08-03 20:00:00,10000.0,9896.199071492141,9857.608566666422
2021-08-04 00:00:00,10000.0,9939.431444881504,9873.11533120058
2021-08-04 04:00:00,10000.0,9879.832530137597,9770.678120354485
2021-08-04 08:00:00,10000.0,9835.364946079966,9755.09214193232
2021-08-04 12:00:00,10000.0,9937.887431546169,9895.323865481372
2021-08-04 16:00:00,9980.0,10255.027770623848,10331.986920583262
2021-08-04 20:00:00,10007.156667404619,10372.681586776329,10482.97244785315
2021-08-05 00:00:00,10045.825400339458,10363.72630943139,10478.724253512395
2021-08-05 04:00:00,10029.738026713894,10291.46648533774,10570.208598244535
2021-08-05 08:00:00,9985.75603276511,10127.183466458164,10404.401166159558
2021-08-05 12:00:00,9913.141465574496,9907.624770173616,10272.92185125098
2021-08-05 16:00:00,10080.361596930115,10116.066570443756,10521.647805486533
2021-08-05 20:00:00,10114.55287727843,10616.326891092092,10768.475201336852
2021-08-06 00:00:00,10165.159923866115,10656.16243514372,10866.234784527951
2021-08-06 04:00:00,10037.611794035769,10490.953008262943,10591.228270883676
2021-08-06 08:00:00,10090.632827414029,10641.33990712451,10760.701617738268
2021-08-06 12:00:00,10041.308613832756,10592.549085727944,10701.67101761355
2021-08-06 16:00:00,10335.206348801408,11077.369273022938,11273.259917873787
2021-08-06 20:00:00,10498.565438549775,11253.07799058399,11479.391284680845
2021-08-07 00:00:00,10443.13107932379,11227.756171884505,11365.501048263355
2021-08-07 04:00:00,10552.852826809565,11460.902185519995,11552.30617883493
2021-08-07 08:00:00,10519.664850339885,11349.115620041788,11514.00624114183
2021-08-07 12:00:00,10807.072590541513,11515.869060257899,11824.306050631923
2021-08-07 16:00:00,10597.155626816957,11376.59905741074,11586.710401046355
2021-08-07 20:00:00,10655.49873885818,11519.574692262702,11650.70982254398
2021-08-08 00:00:00,10864.968708183622,11678.299263135075,11879.36449406837
2021-08-08 04:00:00,10737.550576727599,11620.244361726503,11736.965056455665
2021-08-08 08:00:00,10813.335539771713,11755.499929901795,11818.188328116197
2021-08-08 12:00:00,10685.297089702704,11650.19822043199,11676.738936827958
2021-08-08 16:00:00,10483.044028935074,11519.883494929769,11475.870647739473
2021-08-08 20:00:00,10397.869137245176,11437.74198548998,11360.280582236166
2021-08-09 00:00:00,10476.602826636623,11511.237020251896,11474.449824733154
2021-08-09 04:00:00,10360.1892089606,11426.007484141439,11316.029461354326
2021-08-09 08:00:00,10385.492417152118,11505.98737491176,11387.48314096218
2021-08-09 12:00:00,10797.628792997997,12064.611399635736,11960.377727244631
2021-08-09 16:00:00,10846.57723621932,12070.478650310008,12082.189946126618
2021-08-09 20:00:00,10838.59351096288,12103.82933835323,12021.230020674517
2021-08-10 00:00:00,10876.593736329125,12173.618741110344,11993.561813913682
2021-08-10 04:00:00,10765.569603548607,12023.231842248775,11985.222134962303
2021-08-10 08:00:00,10813.508393241744,12101.66771968376,12081.059249354192
2021-08-10 12:00:00,10822.685020026252,11955.604058161129,12106.744766493797
2021-08-10 16:00:00,10744.30298289195,11905.886828763363,12011.486146392152
2021-08-10 20:00:00,10838.513201716261,11997.292418215158,12118.929981642152
2021-08-11 00:00:00,10849.843734645989,12012.7325515685,12133.449647848563
2021-08-11 04:00:00,10945.430659102267,12013.350156902636,12250.233257471162
2021-08-11 08:00:00,11169.552586219914,12226.115194511713,12500.520948784826
2021-08-11 12:00:00,11118.285520261394,12108.152575692166,12448.346659988492
2021-08-11 16:00:00,11167.658454149972,12224.879983843444,12496.692097226158
2021-08-11 20:00:00,11236.905839731944,12219.012733169175,12584.503088030579
2021-08-12 00:00:00,10919.342294900016,11982.778692863014,12219.815148524074
2021-08-12 04:00:00,11115.78178334478,12077.272308985479,12450.483921239244
2021-08-12 08:00:00,10862.384155561533,11914.224500774168,12157.229842783796
2021-08-12 12:00:00,10646.753140794997,11781.74815660248,11964.133446185588
2021-08-12 16:00:00,10568.260157908886,11633.831679077446,11756.24957231673
2021-08-12 20:00:00,10568.260157908886,11687.563343147081,11928.2714639919
2021-08-13 00:00:00,10568.260157908886,11689.72496181655,11918.13674014877
2021-08-13 04:00:00,10568.260157908886,11893.534722080687,12226.326752146306
2021-08-13 08:00:00,10547.123637593068,12145.20889574019,12526.439388355378
2021-08-13 12:00:00,10570.270193383312,12120.504682374842,12521.286425192731
2021-08-13 16:00:00,10554.45814292578,12140.26805306712,12499.623536065777
2021-08-13 20:00:00,10540.55115878843,12165.281069099537,12505.240185560906
2021-08-14 00:00:00,10587.337143597662,12504.0375948719,12847.845205199636
2021-08-14 04:00:00,10496.324084534788,12439.497837454923,12737.96174961569
2021-08-14 08:00:00,10561.674099012764,12474.39253883348,12816.456006816414
2021-08-14 12:00:00,10375.739863013694,12217.46871983384,12590.733205172728
2021-08-14 16:00:00,10443.61503610274,12306.095085282033,12673.359058845512
2021-08-14 20:00:00,10404.178409325421,12323.388034637777,12625.970236433477
2021-08-15 00:00:00,10443.196275931434,12328.637679977914,12672.176445429981
2021-08-15 04:00:00,10440.891490225835,12287.258122590953,12667.488659753446
2021-08-15 08:00:00,10153.783038665075,11992.660378209155,12367.111777417325
2021-08-15 12:00:00,10417.539470694652,12052.568095620129,12699.198373848449
2021-08-15 16:00:00,10576.231495166043,12113.093418365235,12905.178707428364
2021-08-15 20:00:00,10920.762739171454,12143.047277070722,13389.906194698597
2021-08-16 00:00:00,10961.15014515937,12303.007058611363,13619.397725700066
2021-08-16 04:00:00,11380.74100218006,12401.823912072763,14086.165685043583
2021-08-16 08:00:00,11635.638875820781,12402.132714739831,14407.284180036433
2021-08-16 12:00:00,11634.591089344678,12465.128458821473,14450.328713604576
2021-08-16 16:00:00,12069.803490190887,12158.178607757,14772.584197944161
2021-08-16 20:00:00,11719.3665405929,12087.153994331618,14267.356361355163
2021-08-17 00:00:00,11648.498073482027,12043.612818275189,14130.063155446875
2021-08-17 04:00:00,12460.05632588073,12184.118031790616,15201.684445265684
2021-08-17 08:00:00,12639.418319926124,12065.537807636938,15344.032788106248
2021-08-17 12:00:00,12324.03459061954,12296.522202602959,15172.435001834769
2021-08-17 16:00:00,12312.985205962468,12056.582530291998,14965.21114708038
2021-08-17 20:00:00,11923.589650116704,11997.292418215158,14424.85409231019
2021-08-18 00:00:00,11846.910730729269,11788.850617945018,14123.171866699326
2021-08-18 04:00:00,12019.50973933801,11873.462548721342,14404.085193690764
2021-08-18 08:00:00,12123.145347156058,11843.817492682922,14487.839605995585
2021-08-18 12:00:00,12719.240598741866,11792.55624994982,15139.2455042919
2021-08-18 16:00:00,12946.991277319954,12098.579693013093,15663.484132623733
2021-08-18 20:00:00,12610.842325123354,11854.62558603026,15074.051786381799
2021-08-19 00:00:00,12548.73716308533,11805.217159299562,14969.996787282318
2021-08-19 04:00:00,12346.704879829738,11670.270393791337,14639.15362850549
2021-08-19 08:00:00,12458.818032772611,11812.628423309166,14841.212939875797
2021-08-19 12:00:00,12304.698167469665,11682.004895139878,14586.427602537336
2021-08-19 16:00:00,12627.892668689008,12093.02124500589,15228.534312535809
2021-08-19 20:00:00,12535.020685580002,12343.769010664191,15313.13877241566
2021-08-20 00:00:00,12543.412753109624,12352.106682674998,15403.140292249325
2021-08-20 04:00:00,12521.111664834152,12441.659456124391,15410.331613533224
2021-08-20 08:00:00,12413.133041320478,12365.385197358873,15285.205788838775
2021-08-20 12:00:00,12466.383427065266,12408.926373415303,15340.558017828538
2021-08-20 16:00:00,12745.3799077897,12860.395872667073,15753.169285207761
2021-08-20 20:00:00,13113.948033444536,12859.469464665872,16173.067246481634
2021-08-21 00:00:00,13237.92259656636,13028.69332621852,16324.36185123413
2021-08-21 04:00:00,13304.953414124664,12952.419067453002,16410.055577423518
2021-08-21 08:00:00,13286.845344765712,12981.137715490222,16396.54313676134
2021-08-21 12:00:00,12959.325538137397,12859.160661998805,15996.956651747889
2021-08-21 16:00:00,13003.368850841616,13044.44226223893,16046.869447975478
2021-08-21 20:00:00,12709.364493182951,12972.182438145283,15719.978506236552
2021-08-22 00:00:00,12687.121494135314,12908.877891396573,15761.404023620238
2021-08-22 04:00:00,12692.33193373073,12914.127536736709,15813.61075089595
2021-08-22 08:00:00,12759.791342804783,13028.075720884386,16028.73974196292
2021-08-22 12:00:00,12746.133373452663,13006.768336856772,16145.928152245331
2021-08-22 16:00:00,12632.362408901203,12839.706093973593,15745.99466413301
2021-08-22 20:00:00,12637.378303939686,12864.101504671875,15610.148975258096
2021-08-23 00:00:00,12732.783818895907,13014.179600866377,15715.860469568754
2021-08-23 04:00:00,12880.201603584414,13247.325614501868,16165.172344963328
2021-08-23 08:00:00,12855.104151644033,13211.50450512211,15895.28308164543
2021-08-23 12:00:00,12897.866649794945,13287.778763887629,15910.006126635017
2021-08-23 16:00:00,12797.497718256865,13044.44226223893,15716.609843801234
2021-08-23 20:00:00,12747.480108078711,12945.007803443397,15716.28251817435
2021-08-24 00:00:00,12757.245265696987,13021.590864875981,16036.12500938643
2021-08-24 04:00:00,12758.359981582691,12983.916939493824,16259.582182415124
2021-08-24 08:00:00,12779.025099156119,13101.570755646302,16259.958318748391
2021-08-24 12:00:00,12761.275392360685,13022.82607554425,16253.964064062278
2021-08-24 16:00:00,12661.468190818332,12691.480813781493,15406.897752625995
2021-08-24 20:00:00,12661.468190818332,12679.437509765885,15377.912219724862
2021-08-25 00:00:00,12661.468190818332,12538.932296250456,15185.734335075049
2021-08-25 04:00:00,12661.468190818332,12628.793872366918,15247.737371549334
2021-08-25 08:00:00,12661.468190818332,12675.423075094015,15322.749146139562
2021-08-25 12:00:00,12661.468190818332,12520.71293889351,14872.515078866876
2021-08-25 16:00:00,12661.468190818332,12831.368421962787,15413.024901502751
2021-08-25 20:00:00,12661.468190818332,12773.313520554215,15294.04023709595
2021-08-26 00:00:00,12661.468190818332,12854.528621992802,15485.001830349174
2021-08-26 04:00:00,12661.468190818332,12573.518194961945,15136.740489837412
2021-08-26 08:00:00,12661.468190818332,12311.035927955103,14729.672994856031
2021-08-26 12:00:00,12661.468190818332,12312.27113862337,14658.749875401085
2021-08-26 16:00:00,12661.468190818332,12295.904597268825,15383.251895442412
2021-08-26 20:00:00,12661.468190818332,12335.431338653385,15419.868514825619
2021-08-27 00:00:00,12661.468190818332,12312.27113862337,15420.286359724025
2021-08-27 04:00:00,12636.145254436695,12316.903178629373,16051.998674502007
2021-08-27 08:00:00,12649.889211262464,12468.834090826276,16164.378604369907
2021-08-27 12:00:00,12678.106892533066,12469.45169616041,16261.56144893479
2021-08-27 16:00:00,12679.566427771202,12634.043517707054,16417.75677628215
2021-08-27 20:00:00,12837.865187140558,12654.733296400535,16704.11532446086
2021-08-28 00:00:00,12924.71305571789,12843.720528645463,17025.798768687615
2021-08-28 04:00:00,12834.777330185378,12816.854696610644,16873.69996605568
2021-08-28 08:00:00,12828.346306380241,12815.31068327531,16884.088906894485
2021-08-28 12:00:00,13097.500690270774,12752.0061365266,17366.21491291903
2021-08-28 16:00:00,13249.30394353474,12781.342389897953,17633.852262833792
2021-08-28 20:00:00,13172.063559117436,12742.433253847526,17497.292210320928
2021-08-29 00:00:00,13320.38999703489,12800.796957923167,17770.78488125576
2021-08-29 04:00:00,13073.190003488198,12644.851611054395,17383.118608107507
2021-08-29 08:00:00,13107.00256983832,12719.273053817511,17513.668352915727
2021-08-29 12:00:00,12982.455562850828,12621.073805690245,17213.81780119409
2021-08-29 16:00:00,12999.057776184609,12701.980104461767,17280.11777753576
2021-08-29 20:00:00,13090.035472695003,12784.430416568623,17520.394530557656
2021-08-30 00:00:00,13093.015357139528,12772.078309885947,17521.31172796699
2021-08-30 04:00:00,13272.112493652305,12549.122784263664,17693.783494672563
2021-08-30 08:00:00,13411.923806671955,12553.4460216026,17981.267432698864
2021-08-30 12:00:00,13438.986022545701,12548.813981596597,18039.642063478022
2021-08-30 16:00:00,13690.208525409635,12582.782274973953,18558.457233806752
2021-08-30 20:00:00,13853.584133981745,12727.30192316125,19114.942310858092
2021-08-31 00:00:00,13714.596867017826,12304.551071946698,18898.815369349737
2021-08-31 04:00:00,13960.467740675263,12324.623245306046,19362.680212096515
2021-08-31 08:00:00,14172.706395836594,12478.406973505349,20015.3017720989
2021-08-31 12:00:00,14517.76152865556,12514.228082885107,20581.074259648747
2021-08-31 16:00:00,14062.510099964518,12406.455952078766,19741.722310608246
2021-08-31 20:00:00,14007.883397764475,12378.663712042748,19598.208213715545
2021-09-01 00:00:00,13656.489507318753,12320.917613301242,18974.388739973278
2021-09-01 04:00:00,13677.825257432865,12312.27113862337,19274.272042409088
2021-09-01 08:00:00,13783.337209169062,12342.842602662991,19289.194056630266
2021-09-01 12:00:00,13801.00587723231,12478.098170838282,19920.146653743614
2021-09-01 16:00:00,13858.67907675952,12385.766173385286,20007.629567468284
2021-09-01 20:00:00,14043.033292589273,12554.990034937933,20028.439900302226
2021-09-02 00:00:00,14197.55079536882,12728.845936496584,19842.831373616114
2021-09-02 04:00:00,14089.972057682702,12943.772592775129,20133.460649781824
2021-09-02 08:00:00,14060.519403378064,13002.13629685077,20144.312286219436
2021-09-02 12:00:00,14113.850810053656,13044.751064905997,20259.29353708487
2021-09-02 16:00:00,14054.982961997863,12903.010640722301,20825.78633476804
2021-09-02 20:00:00,14034.933368346261,12833.221237965188,21324.985954635744
2021-09-03 00:00:00,14071.022426792766,12819.016315280112,21433.50463332682
2021-09-03 04:00:00,14343.153126202888,12870.277558013213,22146.47573748749
2021-09-03 08:00:00,14610.985069613347,12821.486736616647,23011.90581857848
2021-09-03 12:00:00,14748.243047127118,13056.176763587471,22792.829346202387
2021-09-03 16:00:00,14806.495635362135,13139.244681028462,22873.04237405653
2021-09-03 20:00:00,14858.562826021078,13132.45102235299,23102.301622622716
2021-09-04 00:00:00,14913.842435090144,12997.1954541777,23376.45910887175
2021-09-04 04:00:00,14977.43041657854,13068.528870270147,23572.919376744998
2021-09-04 08:00:00,14895.889596252655,13055.559158253338,23342.0879799181
2021-09-04 12:00:00,14702.538751244272,12989.784190168093,22895.154951940574
2021-09-04 16:00:00,14764.824208171074,12974.035254147682,22996.232130595134
2021-09-04 20:00:00,14576.169000356887,13004.606718187304,22586.498860685642
2021-09-05 00:00:00,14606.275149688612,12983.29933415969,22618.18541420104
2021-09-05 04:00:00,14586.440676924281,12939.140552769126,22701.801741869625
2021-09-05 08:00:00,14595.439143054853,12977.123280818352,22623.34302575354
2021-09-05 12:00:00,14733.45766115559,13054.632750252138,22834.055955335098
2021-09-05 16:00:00,14570.170509835498,13050.000710246135,22406.468800495833
2021-09-05 20:00:00,14687.82275725024,13163.640091726744,22614.462906864217
2021-09-06 00:00:00,14944.099336343976,13438.165662749196,23116.4390239263
2021-09-06 04:00:00,14857.046114704928,13419.637502725183,22981.596202967557
2021-09-06 08:00:00,15108.158278731062,13485.721273477495,23552.762054577848
2021-09-06 12:00:00,14896.80003565827,13381.037169341824,23125.226273900807
2021-09-06 16:00:00,15239.586458641279,13432.298412074926,24033.598777717652
2021-09-06 20:00:00,15615.29319892748,13470.589942791217,25090.393718684216
2021-09-07 00:00:00,15748.831596132779,13705.897575096176,25334.407884102813
2021-09-07 04:00:00,16013.619084559512,13697.251100418303,26177.41675723963
2021-09-07 08:00:00,16376.337676876727,13615.72719631265,27489.24729186557
2021-09-07 12:00:00,16059.697899965315,13270.485814531883,26715.27150360259
2021-09-07 16:00:00,15772.871814018969,12305.168677280832,25200.176430311105
2021-09-07 20:00:00,15793.711225811636,12197.087743807426,25141.952761853703
2021-09-08 00:00:00,15778.176391566192,12247.11377587226,25136.621965727667
2021-09-08 04:00:00,15770.977322037816,12156.325791754598,25084.69294322624
2021-09-08 08:00:00,15061.253642497308,11768.160839251537,22693.79987393225
2021-09-08 12:00:00,15061.253642497308,12154.472975752196,23904.31592745673
2021-09-08 16:00:00,15061.253642497308,12052.876898287195,24391.588752458774
2021-09-08 20:00:00,15031.131135212312,12142.738474403655,27261.01638237088
2021-09-09 00:00:00,14942.155533051407,12040.524791604521,26861.834445718894
2021-09-09 04:00:00,15452.546401611395,12026.011066252377,28694.644342905132
2021-09-09 08:00:00,15366.313198147229,12100.432509015494,28445.627508717924
2021-09-09 12:00:00,15337.060945382,12092.094837004688,28303.34620240973
2021-09-09 16:00:00,15198.72216667977,12284.170095920284,27917.899374159835
2021-09-09 20:00:00,14787.667073135042,12168.060293103139,26282.83651426504
2021-09-10 00:00:00,14856.227040553547,12116.799050370038,26468.101964257756
2021-09-10 04:00:00,15012.239055301434,12194.308519803824,27117.60624428332
2021-09-10 08:00:00,14703.871557401311,12038.980778269186,25843.621111004668
2021-09-10 12:00:00,14761.766640999162,12093.02124500589,26069.803388941385
2021-09-10 16:00:00,14622.708134994522,11868.52170604827,25460.201356433463
2021-09-10 20:00:00,14622.708134994522,11933.370266132315,25644.268781071754
2021-09-11 00:00:00,14622.708134994522,11732.957335205912,25276.91374934092
2021-09-11 04:00:00,14622.708134994522,11824.671727324774,25593.795200438824
2021-09-11 08:00:00,14622.708134994522,11782.056959269546,25269.42818771976
2021-09-11 12:00:00,14622.708134994522,11930.282239461645,25638.31929887134
2021-09-11 16:00:00,14622.708134994522,11940.163924807786,26351.634366617
2021-09-11 20:00:00,14622.708134994522,11866.360087378804,25679.22372720912
2021-09-12 00:00:00,14622.708134994522,11820.039687318771,25317.1260840393
2021-09-12 04:00:00,14622.708134994522,11861.419244705732,25447.175900232847
2021-09-12 08:00:00,14622.708134994522,11872.844943387207,25345.305215338096
2021-09-12 12:00:00,14622.708134994522,12066.155412971071,25681.20674760446
2021-09-12 16:00:00,14622.708134994522,12000.380444885826,25596.577977229746
2021-09-12 20:00:00,14622.708134994522,11990.807562206754,25414.619716358444
2021-09-13 00:00:00,14622.708134994522,12033.113527594915,25121.593723781298
2021-09-13 04:00:00,14622.708134994522,11676.137644465607,22953.125681086472
2021-09-13 08:00:00,14622.708134994522,11656.991879107462,22750.51658752162
2021-09-13 12:00:00,14622.708134994522,11772.79287925754,23591.439889623434
2021-09-13 16:00:00,14622.708134994522,11615.303519053434,23074.068650758214
2021-09-13 20:00:00,14622.708134994522,11709.797135175897,23881.481189661616
2021-09-14 00:00:00,14622.708134994522,11758.896759239531,24348.43317747057
2021-09-14 04:00:00,14622.708134994522,11820.966095319973,24333.22821190686
2021-09-14 08:00:00,14622.708134994522,11953.133636824594,24185.273166912724
2021-09-14 12:00:00,14622.708134994522,12024.158250249975,24174.624701733243
2021-09-14 16:00:00,14593.462718724533,12216.542311832638,23739.87816016152
2021-09-14 20:00:00,14569.929969689001,12157.561002422866,23196.25134670954
2021-09-15 00:00:00,14640.281800575329,12333.887325318052,23799.708827452247
2021-09-15 04:00:00,14630.178735544367,12308.565506618568,23567.32821169871
2021-09-15 08:00:00,14642.3763384476,12339.136970658188,24052.695055762502
2021-09-15 12:00:00,14681.063685029574,12436.101008117186,23694.660380868125
2021-09-15 16:00:00,14733.471084111927,12641.454781716659,24289.789818822053
2021-09-15 20:00:00,14750.650413410916,12567.959746954743,24276.749205489446
2021-09-16 00:00:00,14866.360604919431,12579.07664296915,24099.29075760543
2021-09-16 04:00:00,14721.446810483372,12448.144312132796,23619.49635381876
2021-09-16 08:00:00,14955.349038826556,12680.981523101218,24399.296739247355
2021-09-16 12:00:00,14896.298600181595,12569.19495762301,24140.449945839922
2021-09-16 16:00:00,14903.738520140614,12605.324869669834,23819.991216198832
2021-09-16 20:00:00,14764.574338675407,12450.923536136397,23464.685607439173
2021-09-17 00:00:00,14810.32328757734,12537.69708558219,23494.036014792946
2021-09-17 04:00:00,14816.852038420264,12582.782274973953,23159.95343389423
2021-09-17 08:00:00,14725.670789287778,12517.007306888709,22578.687008860055
2021-09-17 12:00:00,14550.24327015554,12413.867216088373,21971.619219402783
2021-09-17 16:00:00,14586.712870755107,12505.272805540168,22656.818816515064
2021-09-17 20:00:00,14591.641195160453,12517.624912222842,22626.755248428693
2021-09-18 00:00:00,14570.449400217462,12464.51085348734,22882.984958134355
2021-09-18 04:00:00,14634.024785046437,12623.853029693846,22765.838890391264
2021-09-18 08:00:00,14710.413813329313,12815.31068327531,24111.339620026287
2021-09-18 12:00:00,14678.502912804692,12735.330792504988,24324.720021533984
2021-09-18 16:00:00,14658.122110634762,12757.87338720087,24618.73179621419
2021-09-18 20:00:00,14602.20808776612,12709.082565804305,24436.35701064703
2021-09-19 00:00:00,14804.767518492772,12737.18360850739,25053.013089881708
2021-09-19 04:00:00,14591.942607957028,12610.574515009972,24561.032911254097
2021-09-19 08:00:00,14511.338352788473,12706.303341800702,24371.75694287134
2021-09-19 12:00:00,14334.359444700987,12483.656618845485,23577.44246813615
2021-09-19 16:00:00,14448.957668353676,12564.25411494994,24019.13371886695
2021-09-19 20:00:00,14293.005957266683,12482.421408177219,23453.86389140503
2021-09-20 00:00:00,14221.395735161805,12449.379522801062,23290.55700926632
2021-09-20 04:00:00,14221.395735161805,12022.305434247575,22223.05919399632
2021-09-20 08:00:00,14221.395735161805,11816.33405531397,21489.225776665575
2021-09-20 12:00:00,14221.395735161805,11547.36693229872,21126.32547486976
2021-09-20 16:00:00,14221.395735161805,11550.763761636457,21772.925765508517
2021-09-20 20:00:00,14221.395735161805,11553.542985640059,21267.571618574642
2021-09-21 00:00:00,14221.395735161805,11337.072316026179,20498.035619082733
2021-09-21 04:00:00,14221.395735161805,11230.844198555174,20826.479317106478
2021-09-21 08:00:00,14221.395735161805,11417.0522067965,21710.21923198686
2021-09-21 12:00:00,14221.395735161805,11395.744822768886,21608.070332636904
2021-09-21 16:00:00,14221.395735161805,11360.541318723263,21144.491038997552
2021-09-21 20:00:00,14221.395735161805,11066.869982342663,19730.929148768588
2021-09-22 00:00:00,14221.395735161805,10737.377536582308,19220.983476306923
2021-09-22 04:00:00,14221.395735161805,11088.486169037345,19918.794704487307
2021-09-22 08:00:00,14221.395735161805,11209.228011860492,20439.939951255594
2021-09-22 12:00:00,14221.395735161805,11049.268230319853,19934.913362879746
2021-09-22 16:00:00,14221.395735161805,11378.45187341314,21407.36078526722
2021-09-22 20:00:00,14221.395735161805,11474.489502870938,21979.972951430667
2021-09-23 00:00:00,14221.395735161805,11523.280324267505,22219.412605490812
2021-09-23 04:00:00,14221.395735161805,11642.169351088252,22383.27917008765
2021-09-23 08:00:00,14221.395735161805,11680.76968447161,22675.1535270877
2021-09-23 12:00:00,14221.395735161805,11498.576110902155,21820.825261584723
2021-09-23 16:00:00,14221.395735161805,11515.560257590832,22005.252236494358
2021-09-23 20:00:00,14192.95294369148,11777.424919263543,22472.14386033545
2021-09-24 00:00:00,14207.8682752263,11814.481239311568,22507.98313500311
2021-09-24 04:00:00,14139.879222313415,11645.566180425987,21878.675733137265
2021-09-24 08:00:00,14201.280670465087,11798.114697957024,21927.433291829093
2021-09-24 12:00:00,13838.465230880609,10962.49468087406,20424.777601492893
2021-09-24 16:00:00,13838.465230880609,11076.751667688804,20769.894889162053
2021-09-24 20:00:00,13838.465230880609,11184.523798495144,20921.564414086242
2021-09-25 00:00:00,13838.465230880609,11296.31036397335,21076.79704025347
2021-09-25 04:00:00,13838.465230880609,11255.857214587591,21108.26453831514
2021-09-25 08:00:00,13838.465230880609,11177.112534485537,21056.106807598964
2021-09-25 12:00:00,13838.465230880609,11220.036105207833,21129.970507752925
2021-09-25 16:00:00,13838.465230880609,11258.94524125826,20997.14055463405
2021-09-25 20:00:00,13838.465230880609,11264.812491932531,20868.919085186608
2021-09-26 00:00:00,13838.465230880609,11259.871649259461,20744.12789281187
2021-09-26 04:00:00,13838.465230880609,11139.129806436313,20144.630409946076
2021-09-26 08:00:00,13838.465230880609,10898.572528791217,19582.919999757465
2021-09-26 12:00:00,13838.465230880609,11363.011740059797,20771.98182905381
2021-09-26 16:00:00,13838.465230880609,11421.06664146837,21360.155365386698
2021-09-26 20:00:00,13838.465230880609,11400.685665441955,21002.023212048873
2021-09-27 00:00:00,13838.465230880609,11371.349412070602,20895.01654931634
2021-09-27 04:00:00,13838.465230880609,11619.935559059437,21478.86981003461
2021-09-27 08:00:00,13838.465230880609,11544.896510962186,21280.372861693293
2021-09-27 12:00:00,13810.788300418848,11566.512697656866,22180.75483304135
2021-09-27 16:00:00,13739.050375976185,11442.065222828916,21869.459176605567
2021-09-27 20:00:00,13687.809001374284,11365.790964063399,21602.858785311066
2021-09-28 00:00:00,13427.301512996404,11144.997057110582,20716.713452235654
2021-09-28 04:00:00,13427.301512996404,11258.327635924126,20989.06313447503
2021-09-28 08:00:00,13427.301512996404,11046.180203649183,20432.63792479034
2021-09-28 12:00:00,13427.301512996404,11142.835438441114,20734.759027663586
2021-09-28 16:00:00,13427.301512996404,10972.993971554333,20056.709200698904
2021-09-28 20:00:00,13427.301512996404,10997.389382252617,20156.362218279828
2021-09-29 00:00:00,13427.301512996404,10851.943326064118,20108.537162563225
2021-09-29 04:00:00,13427.301512996404,11154.261137122588,20995.377628814305
2021-09-29 08:00:00,13427.301512996404,11248.445950577987,21160.541941722397
2021-09-29 12:00:00,13427.301512996404,11250.607569247453,21184.230817346142
2021-09-29 16:00:00,13427.301512996404,11080.766102360672,20675.307097382316
2021-09-29 20:00:00,13427.301512996404,10978.552419561538,20264.215528649405
2021-09-30 00:00:00,13427.301512996404,11056.37069166239,20697.04615648537
2021-09-30 04:00:00,13427.301512996404,11605.421833707293,21550.05474269677
2021-09-30 08:00:00,13427.301512996404,11509.075401582428,21137.478104750895
2021-09-30 12:00:00,13427.301512996404,11494.561676230285,21194.990993409847
2021-09-30 16:00:00,13427.301512996404,11515.869060257899,21312.939683824043
2021-09-30 20:00:00,13400.446909970411,11619.009151058235,21511.794260463248
2021-10-01 00:00:00,13429.35275759048,11694.048199155486,21694.225399339193
2021-10-01 04:00:00,13410.082192510434,11644.022167090652,21521.074094316325
2021-10-01 08:00:00,13474.142234270113,11948.50159681859,22054.982976308747
2021-10-01 12:00:00,14255.939796225932,12639.601965714257,23476.487171802695
2021-10-01 16:00:00,14363.26738371327,12608.104093673437,23847.015624607662
2021-10-01 20:00:00,14694.458106400478,12788.136048573424,24522.486150318622
2021-10-02 00:00:00,14671.835765858896,12814.693077941176,24401.541120942464
2021-10-02 04:00:00,14407.74252813665,12652.571677731066,23830.614149426347
2021-10-02 08:00:00,14505.725318414045,12714.332211144441,24049.163714328417
2021-10-02 12:00:00,14532.786464130868,12701.671301794699,24110.45791191978
2021-10-02 16:00:00,15042.193639299769,12743.359661848728,25364.875758564893
2021-10-02 20:00:00,15292.743156025133,12817.781104611844,25864.69256053966
2021-10-03 00:00:00,14954.155790655264,12672.02624575628,25170.936743311744
2021-10-03 04:00:00,15053.01145583543,12731.316357833119,25371.60284388523
2021-10-03 08:00:00,15082.243218686273,12743.668464515795,25481.131738202035
2021-10-03 12:00:00,15086.555972086797,12766.211059211677,25407.775862312796
2021-10-03 16:00:00,15111.299736280718,12722.978685822314,25557.100810934968
2021-10-03 20:00:00,15398.70780124088,12977.432083485419,26035.23071100102
2021-10-04 00:00:00,15168.368495134677,12826.11877662265,25633.756719195797
2021-10-04 04:00:00,14813.721111820661,12648.866045726263,24917.949231355495
2021-10-04 08:00:00,14997.31105131495,12744.286069849928,25253.39275572163
2021-10-04 12:00:00,14700.993977301783,12615.515357683042,24685.29548142298
2021-10-04 16:00:00,14788.69909162631,12703.215315130034,24840.81671490996
2021-10-04 20:00:00,15172.507830622546,13121.64292900565,25369.104462398125
2021-10-05 00:00:00,15051.622180907423,13098.482728975634,25115.080140255523
2021-10-05 04:00:00,15073.14540632505,13127.51017967992,25131.429972565093
2021-10-05 08:00:00,15071.968568318445,13171.97776373755,25089.74909311103
2021-10-05 12:00:00,15261.85318031347,13277.279473207354,25412.05576813646
2021-10-05 16:00:00,14992.99123551598,13255.97208917974,24782.45362866833
2021-10-05 20:00:00,15243.063176296993,13615.72719631265,24967.62941665847
2021-10-06 00:00:00,15307.266871693868,13711.764825770448,25297.39476627465
2021-10-06 04:00:00,15275.399971844588,13719.484892447119,24636.49454065228
2021-10-06 08:00:00,15260.900320916866,13755.92360716101,24456.388170649618
2021-10-06 12:00:00,15126.903116121488,13732.763407130995,24077.921896997093
2021-10-06 16:00:00,15464.669521275948,14690.051675038307,25447.176096764073
2021-10-06 20:00:00,15427.986513523083,14693.139701708977,25308.79373678161
2021-10-07 00:00:00,15437.078348928862,14771.266776476896,24710.266211135688
2021-10-07 04:00:00,15308.616252102067,14635.702405634536,24430.733776080455
2021-10-07 08:00:00,15437.600180633153,14621.49748294946,25198.940315601685
2021-10-07 12:00:00,15341.99941553628,14511.563733473653,25016.120488379453
2021-10-07 16:00:00,15315.351538992476,14397.30674665891,24815.872201590035
2021-10-07 20:00:00,15362.342892906207,14423.554973359594,24893.41535086701
2021-10-08 00:00:00,15307.686280849017,14375.690559964229,24683.433175003545
2021-10-08 04:00:00,15295.593041771417,14376.925770632495,24710.09760952364
2021-10-08 08:00:00,15457.311668315195,14677.390765688566,25274.277318894026
2021-10-08 12:00:00,15487.854037451227,14745.944957777412,25602.23338886803
2021-10-08 16:00:00,15409.78006461108,14510.637325472453,25939.188659394247
2021-10-08 20:00:00,15443.360016162744,14593.087637579309,25676.22084450321
2021-10-09 00:00:00,15290.596097340385,14416.761314684123,25099.59584919002
2021-10-09 04:00:00,15379.746080375522,14579.500320228366,25313.86511074083
2021-10-09 08:00:00,15448.703282782491,14665.347461672956,25267.611183348803
2021-10-09 12:00:00,15419.384767185269,14630.4527602944,25155.470757646857
2021-10-09 16:00:00,15429.040380231168,14654.23056565855,25114.422497043204
2021-10-09 20:00:00,15367.397631511005,14573.633069554095,24895.506558340465
2021-10-10 00:00:00,15359.688799155729,14658.862605664553,24933.58189901089
2021-10-10 04:00:00,15375.390741072802,14699.62455771738,24774.383168869615
2021-10-10 08:00:00,15425.827281776134,14830.556888553736,24836.89954006324
2021-10-10 12:00:00,15379.673088868369,14710.741453731787,24764.666155791398
2021-10-10 16:00:00,15404.534496903736,14775.281211148764,24752.46784490606
2021-10-10 20:00:00,15411.433835018815,14793.191765838643,24624.937234061494
2021-10-11 00:00:00,15340.77509639198,14609.76298160092,23846.729514559585
2021-10-11 04:00:00,15524.202326968712,15085.93669421804,24536.01815625721
2021-10-11 08:00:00,15552.632358167051,15159.740531647023,24699.869557837308
2021-10-11 12:00:00,15508.738293262504,15045.792347499348,24298.81946324196
2021-10-11 16:00:00,15624.242729637346,15345.639737221283,24352.666926649435
2021-10-11 20:00:00,15631.617884174153,15364.785502579429,23674.590171461095
2021-10-12 00:00:00,15632.569517017613,15367.255923915964,24040.772045914207
2021-10-12 04:00:00,15549.063735004082,15150.476451635017,23687.037116535164
2021-10-12 08:00:00,15620.317244158077,15335.449249208075,23801.220145064864
2021-10-12 12:00:00,15606.637522033354,15299.936942495386,23672.64816898213
2021-10-12 16:00:00,15510.64155894942,15050.733190172417,23766.81450443998
2021-10-12 20:00:00,15385.401442769571,14814.499149866258,24279.788463116856
2021-10-13 00:00:00,15385.401442769571,14997.00152610278,24617.76417082923
2021-10-13 04:00:00,15385.401442769571,15042.704320828678,24326.790875164716
2021-10-13 08:00:00,15385.401442769571,14602.042914924248,23696.264546713166
2021-10-13 12:00:00,15385.401442769571,14739.15129910194,23914.596077407867
2021-10-13 16:00:00,15385.401442769571,15002.251171442918,23962.489390238807
2021-10-13 20:00:00,15385.401442769571,15267.512662453362,23917.7612217553
2021-10-14 00:00:00,15354.630639884032,15265.042241116827,24310.449789446866
2021-10-14 04:00:00,15378.135517695504,15454.647078695889,24590.601919389534
2021-10-14 08:00:00,15285.637102321078,15248.366897095217,24549.601593945034
2021-10-14 12:00:00,15468.023837123827,15340.081289214078,25060.908590393872
2021-10-14 16:00:00,15556.205914593349,15278.011953133637,25059.60392898925
2021-10-14 20:00:00,15569.465159289477,15396.900979954384,24803.391131438177
2021-10-15 00:00:00,15534.776594243081,15281.099979804305,24752.67610345389
2021-10-15 04:00:00,15737.826206953516,15787.227551126914,25029.87099646614
2021-10-15 08:00:00,15669.4724117913,15752.332849748356,25994.196412549893
2021-10-15 12:00:00,15555.74657834378,15828.915911180942,25659.80467091441
2021-10-15 16:00:00,15687.201544090323,15982.699639380246,25909.836933071063
2021-10-15 20:00:00,15896.512668098781,16313.118493141801,26177.050626570835
2021-10-16 00:00:00,16026.446978021948,16392.789581245055,26460.207506447536
2021-10-16 04:00:00,15848.814971859745,16386.304725236652,26008.270447614465
2021-10-16 08:00:00,15863.219262871808,16406.99450393013,25992.756750868342
2021-10-16 12:00:00,16117.389977731445,16370.246986549173,26491.203499935866
2021-10-16 16:00:00,15907.330310592079,16185.89179431025,26123.732651655482
2021-10-16 20:00:00,15742.986738507781,16139.571394250219,25858.17271811964
2021-10-17 00:00:00,15709.645789477678,16160.878778277833,25767.59792830784
2021-10-17 04:00:00,15971.463975100156,16219.242482353471,26386.242352074412
2021-10-17 08:00:00,15889.688189714532,16030.872855442678,26260.81306590204
2021-10-17 12:00:00,15957.440076879448,16202.875940998927,26432.551719632233
2021-10-17 16:00:00,15770.446836491712,16157.790751607163,26062.913271679055
2021-10-17 20:00:00,15631.082920176112,16116.411194220202,25827.717094814965
2021-10-18 00:00:00,15771.583497286589,16399.58323992053,26186.137068733566
2021-10-18 04:00:00,15814.765004396693,16538.235637433554,26233.746889608203
2021-10-18 08:00:00,15773.850749929661,16525.265925416745,26077.066361445075
2021-10-18 12:00:00,15624.16158893413,16215.53685034867,25714.962729651845
2021-10-18 16:00:00,15664.266318046644,16488.827210702853,25757.37564143551
2021-10-18 20:00:00,15617.056571373247,16346.777983852091,25708.567466339227
2021-10-19 00:00:00,15665.908396191804,16493.768053375923,25772.39833672873
2021-10-19 04:00:00,15700.289407356127,16597.216946843328,26007.914784201206
2021-10-19 08:00:00,15670.424111091,16507.355370726866,25848.841403736318
2021-10-19 12:00:00,15653.284920450875,16455.7853253267,25745.909779150563
2021-10-19 16:00:00,15682.944956947857,16545.029296109024,25654.606325395238
2021-10-19 20:00:00,15844.689654246278,17031.70229940642,25737.306897045077
2021-10-20 00:00:00,15848.897479493255,17044.36320875616,25973.285034856042
2021-10-20 04:00:00,15805.792928182764,16914.666088588074,25868.430027040253
2021-10-20 08:00:00,15832.784587693857,16995.881190026663,26048.21968508919
2021-10-20 12:00:00,15818.211144155546,16952.031211303165,26366.8698754129
2021-10-20 16:00:00,16011.786996719824,17717.24422029488,27688.418465505754
2021-10-20 20:00:00,16120.329117001038,17583.84146812199,28076.46639043659
2021-10-21 00:00:00,16264.206967551136,17477.30454798392,28465.755352521468
2021-10-21 04:00:00,16405.455451025817,17214.822280977078,29072.977174680116
2021-10-21 08:00:00,16522.534893812597,17263.61310237364,29435.432332602253
2021-10-21 12:00:00,16550.75910451784,17192.279686281196,29454.013956137926
2021-10-21 16:00:00,16069.20692726342,16687.69612829392,28696.551304480745
2021-10-21 20:00:00,16147.970449412376,16691.71056296579,28956.08842473549
2021-10-22 00:00:00,16272.547611929216,16527.118741419144,29389.21768793364
2021-10-22 04:00:00,16745.008606392046,16812.761208456006,30724.884931516663
2021-10-22 08:00:00,16761.998568913783,16821.40768313388,30822.09902345242
2021-10-22 12:00:00,16775.842925491226,16821.716485800946,30915.343184271216
2021-10-22 16:00:00,16604.715787293804,16084.913322179382,30644.391125639595
2021-10-22 20:00:00,16349.251878138084,16187.435807645583,29883.198972033406
2021-10-23 00:00:00,16306.61631464014,16086.148532847648,29697.076695329266
2021-10-23 04:00:00,16485.54589259873,16237.770642377483,30384.81397973362
2021-10-23 08:00:00,16454.093427723194,16156.555540938896,30250.62462939683
2021-10-23 12:00:00,16481.701702447273,16339.98432517662,30441.604144480392
2021-10-23 16:00:00,16394.683216291633,16310.3392691382,30217.65852947678
2021-10-23 20:00:00,16232.17881443471,16195.464676989322,29649.889596564404
2021-10-24 00:00:00,16355.192899281239,16288.72308244352,30188.86520179417
2021-10-24 04:00:00,16311.858392119395,16236.535431709217,29989.017775423592
2021-10-24 08:00:00,16238.469307409818,16105.911903539929,29656.31240986282
2021-10-24 12:00:00,16053.074500560146,16024.079196767207,29046.47993852421
2021-10-24 16:00:00,16053.074500560146,15893.146865930852,28743.786778435817
2021-10-24 20:00:00,16053.074500560146,16106.838311541129,29385.460882715754
2021-10-25 00:00:00,16053.074500560146,16165.819620950902,30425.009992880463
2021-10-25 04:00:00,16053.074500560146,16460.4173653327,30494.546558581984
2021-10-25 08:00:00,16020.968351559026,16615.74510686734,31184.35506956646
2021-10-25 12:00:00,16041.372640724021,16706.533090985,31284.584705299087
2021-10-25 16:00:00,16255.293151879538,16923.312563265947,32503.623500249007
2021-10-25 20:00:00,15921.319385073743,16642.919741569225,31589.5152139473
2021-10-26 00:00:00,15996.751158567644,16779.101717745714,31625.306373885185
2021-10-26 04:00:00,15950.817870650702,16708.3859069874,31490.457195127638
2021-10-26 08:00:00,15916.730941217873,16616.362712201473,31531.820830651144
2021-10-26 12:00:00,15884.87120168062,16682.137680286716,31315.48107172191
2021-10-26 16:00:00,15859.607899235234,16658.9774802567,31301.20081840943
2021-10-26 20:00:00,15840.222032599057,16509.208186729265,31287.325508102047
2021-10-27 00:00:00,15359.772185886786,16076.266847501509,30347.008083847635
2021-10-27 04:00:00,15454.946484285665,16150.379487597558,30729.219180250286
2021-10-27 08:00:00,15365.76626612389,15960.774650018497,29728.34954773442
2021-10-27 12:00:00,15159.81230072445,15609.974820230527,29029.00632901204
2021-10-27 16:00:00,15159.81230072445,15664.632892301364,28956.87429174108
2021-10-27 20:00:00,15159.81230072445,15728.246241717141,29004.982426646202
2021-10-28 00:00:00,15159.81230072445,15578.168145522639,28455.22367504667
2021-10-28 04:00:00,15159.81230072445,15664.941694968431,28796.119990980387
2021-10-28 08:00:00,15159.81230072445,15710.026884360195,28783.569412552406
2021-10-28 12:00:00,15159.81230072445,16249.196341058958,30040.409794188236
2021-10-28 16:00:00,15159.81230072445,16157.481948940096,29963.65567369031
2021-10-28 20:00:00,15129.492676123002,16207.50798100493,30203.542010899957
2021-10-29 00:00:00,15166.209979000101,16028.093631439076,29929.20392443093
2021-10-29 04:00:00,15275.669108331827,16308.795255802865,30743.77212665656
2021-10-29 08:00:00,15192.951259963422,16027.476026104943,30203.21850441552
2021-10-29 12:00:00,15212.903303790976,16162.422791613166,30164.094928546012
2021-10-29 16:00:00,15397.182597476036,16637.052490894952,31211.41344600461
2021-10-29 20:00:00,15315.916489190366,16680.284864284316,31085.246130137864
2021-10-30 00:00:00,15318.530682468538,16622.847568209876,31025.012632951726
2021-10-30 04:00:00,15182.288776466776,16476.783906687244,30544.35663927513
2021-10-30 08:00:00,15190.69352821031,16464.43180000457,30697.925972572866
2021-10-30 12:00:00,15173.630155716426,16461.652576000968,30545.988585086045
2021-10-30 16:00:00,15091.38515755395,16395.877607915725,30093.979812906447
2021-10-30 20:00:00,15184.84393880609,16490.988829372323,30336.90050994422
2021-10-31 00:00:00,15192.630283908942,16543.48528277369,30434.86269142227
2021-10-31 04:00:00,15220.966863107176,16479.563130690847,30064.54962231333
2021-10-31 08:00:00,15147.799849900126,16417.184991943337,29910.483771200947
2021-10-31 12:00:00,14952.25906219551,16192.067847651586,29274.898521784282
2021-10-31 16:00:00,14926.269627316633,16179.098135634778,30134.578028726937
2021-10-31 20:00:00,14938.4412053866,16262.166053075767,30295.159771914587
2021-11-01 00:00:00,14908.564322975828,16401.12725325586,31013.021830899183
2021-11-01 04:00:00,14854.618532330305,16031.181658109745,30551.913148201143
2021-11-01 08:00:00,15085.165806036428,16620.994752207476,31809.997384657076
2021-11-01 12:00:00,14957.115534556797,16508.281778728066,31277.401922226625
2021-11-01 16:00:00,14920.205256746704,16427.684282623613,31137.63798212298
2021-11-01 20:00:00,14921.624882816322,16379.51106656118,31141.357158985233
2021-11-02 00:00:00,14923.328434099865,16233.756207705615,31041.3095965021
2021-11-02 04:00:00,14915.378528109999,16280.076607765646,31022.924337725453
2021-11-02 08:00:00,14907.428622120133,16385.37831723545,31057.392246858668
2021-11-02 12:00:00,14873.762702976574,16746.05983236956,31370.157225640032
2021-11-02 16:00:00,15209.4149462353,17089.448398147924,32079.12639084766
2021-11-02 20:00:00,15394.503407347745,16970.868173994244,32901.939752061095
2021-11-03 00:00:00,15522.723576840088,16882.55061121312,33248.93172766162
2021-11-03 04:00:00,15737.616354832859,16871.433715198713,34116.22003934068
2021-11-03 08:00:00,15858.079064115127,16926.09178726955,34469.0960406855
2021-11-03 12:00:00,15780.792868300994,16846.111896499227,34335.99713162657
2021-11-03 16:00:00,15514.27890016934,16601.231381515197,33584.53731975599
2021-11-03 20:00:00,15846.48649414844,16719.19400033474,34594.85792886956
2021-11-04 00:00:00,16027.345868588814,16742.04539769769,35356.14955480244
2021-11-04 04:00:00,15842.853391144521,16637.052490894952,34830.96659794927
2021-11-04 08:00:00,15753.616992701798,16521.869096079008,34785.901532198885
2021-11-04 12:00:00,15782.560703427094,16436.94836263562,34867.52213695423
2021-11-04 16:00:00,15764.550710117572,16351.410023858094,34842.90122364323
2021-11-04 20:00:00,15799.603272213939,16389.701554574385,34994.046788427804
2021-11-05 00:00:00,15920.066164424672,16503.95854138913,35482.20333348158
2021-11-05 04:00:00,15915.649104418117,16648.478189576428,35383.91992139543
2021-11-05 08:00:00,15899.533187596087,16614.509896199073,35339.80686769446
2021-11-05 12:00:00,15705.211516399402,16419.96421594694,34643.35800980068
2021-11-05 16:00:00,15601.534709991938,16269.577317085372,34231.33064270519
2021-11-05 20:00:00,15658.655798730175,16329.176231829279,34509.99830580744
2021-11-06 00:00:00,15674.839535923831,16306.633637133396,34538.53787065428
2021-11-06 04:00:00,15770.238407802226,16361.291709204233,34959.358391579466
2021-11-06 08:00:00,15919.866995540067,16277.606186429111,35495.37693096168
2021-11-06 12:00:00,15839.232234785708,16176.318911631177,35018.186106991314
2021-11-06 16:00:00,16095.900628172822,16239.932261046952,36091.62274113491
2021-11-06 20:00:00,16150.41426924619,16381.055079896514,36479.49127406155
2021-11-07 00:00:00,16222.815198796758,16463.1965893363,36824.5822594186
2021-11-07 04:00:00,16140.192961544933,16622.229962875743,36593.83532750813
2021-11-07 08:00:00,16108.393337585469,16531.44197875808,36424.96755562397
2021-11-07 12:00:00,16063.992184279972,16560.46942946237,36452.3918577517
2021-11-07 16:00:00,16036.889872044683,16566.954285470772,36325.453135090014
2021-11-07 20:00:00,15913.282631750413,16634.58206955842,35853.48923678388
2021-11-08 00:00:00,15977.463330465267,16914.97489125514,36274.01571879579
2021-11-08 04:00:00,16178.75671741871,17421.411265244817,36375.22862494005
2021-11-08 08:00:00,16140.041942942344,17604.84004948254,36235.53032781943
2021-11-08 12:00:00,16151.45804268539,17626.76503884429,36006.71019286773
2021-11-08 16:00:00,16199.807788346736,17686.672756255262,36465.93674147526
2021-11-08 20:00:00,16148.406248681535,17549.873174744636,36189.85245064738
2021-11-09 00:00:00,16328.457580763888,17989.916975314933,36618.66066390782
2021-11-09 04:00:00,16390.90420129216,18230.47425296003,36516.00820396411
2021-11-09 08:00:00,16320.294556501269,18075.455314092458,36409.184103750595
2021-11-09 12:00:00,16303.149530391327,18024.502874026424,36376.557477521084
2021-11-09 16:00:00,16263.557906202675,17817.605087091615,35779.7072956582
2021-11-09 20:00:00,16208.88856006305,17800.929743070006,35642.42622966393
2021-11-10 00:00:00,16197.822478982438,17843.544511125234,35534.03004177253
2021-11-10 04:00:00,16130.73879055419,17737.933998988363,35250.61194895538
2021-11-10 08:00:00,16172.706330995572,17753.99173767584,35755.14090892747
2021-11-10 12:00:00,16207.134428079096,17797.841716399336,35777.39634077702
2021-11-10 16:00:00,16482.97246002264,18301.807669052476,36650.08654321203
2021-11-10 20:00:00,16222.815214121927,17895.1145565254,35555.60133088771
2021-11-11 00:00:00,16007.864712050065,17468.658073306047,34997.57117510042
2021-11-11 04:00:00,15970.456035865767,17430.675345256823,35577.094009907036
2021-11-11 08:00:00,15970.456035865767,17602.67843081307,36301.402874610125
2021-11-11 12:00:00,15970.456035865767,17586.620692125594,35895.667258639005
2021-11-11 16:00:00,15970.456035865767,17448.89470261377,35755.00247818495
2021-11-11 20:00:00,15970.456035865767,17601.75202281187,35801.99185229913
2021-11-12 00:00:00,15970.456035865767,17500.464748013936,35247.76994759789
2021-11-12 04:00:00,15970.456035865767,17520.228118706214,35229.60354116535
2021-11-12 08:00:00,15970.456035865767,17390.22219587106,34689.34452641571
2021-11-12 12:00:00,15970.456035865767,17208.646227635738,34239.762196799624
2021-11-12 16:00:00,15970.456035865767,17051.774472765766,33839.89112061246
2021-11-12 20:00:00,15970.456035865767,17245.702547683763,34715.97743473174
2021-11-13 00:00:00,15970.456035865767,17313.021529104342,34768.69040007252
2021-11-13 04:00:00,15970.456035865767,17216.057491645344,34255.083558410246
2021-11-13 08:00:00,15970.456035865767,17294.49336908033,34482.29261173848
2021-11-13 12:00:00,15970.456035865767,17173.751526257183,34378.78264971205
2021-11-13 16:00:00,15970.456035865767,17482.24539065699,35270.110965633554
2021-11-13 20:00:00,15970.456035865767,17267.936339712578,35464.83552249576
2021-11-14 00:00:00,15970.456035865767,17395.471841211198,35970.27515492862
2021-11-14 04:00:00,15970.456035865767,17473.598915979117,35513.972612130994
2021-11-14 08:00:00,15970.456035865767,17470.20208664138,35287.57234160527
2021-11-14 12:00:00,15970.456035865767,17443.027451939495,35460.27120261018
2021-11-14 16:00:00,15970.456035865767,17332.78489979662,35176.31989702301
2021-11-14 20:00:00,15970.456035865767,17339.578558472094,35173.71376823277
2021-11-15 00:00:00,15938.515123794035,17686.363953588196,35685.360520807786
2021-11-15 04:00:00,15919.2536960702,17728.36111630929,36313.2672216181
2021-11-15 08:00:00,15858.153407179261,17701.186481607405,36034.82088244709
2021-11-15 12:00:00,15908.365782654286,17741.948433660233,36276.48349897641
2021-11-15 16:00:00,15744.314123048089,17400.1038812172,35797.38539127087
2021-11-15 20:00:00,15788.806277406817,17430.98414792389,35913.589136769406
2021-11-16 00:00:00,15662.838203773565,17297.890198418067,35591.02606037023
2021-11-16 04:00:00,15395.290637296148,16549.043730780893,33914.636269056406
2021-11-16 08:00:00,15395.290637296148,16536.38282143115,33912.841716566734
2021-11-16 12:00:00,15395.290637296148,16496.23847471246,33758.96827251705
2021-11-16 16:00:00,15395.290637296148,16546.57330944436,33793.32281228117
2021-11-16 20:00:00,15395.290637296148,16446.83004798176,33863.013935908486
2021-11-17 00:00:00,15395.290637296148,16412.552951937334,33122.35673196132
2021-11-17 04:00:00,15395.290637296148,16160.2611729437,32330.65084540887
2021-11-17 08:00:00,15395.290637296148,16336.278693171816,32674.665167746538
2021-11-17 12:00:00,15395.290637296148,16611.421869528403,33372.21912869205
2021-11-17 16:00:00,15395.290637296148,16325.16179715741,32519.071618540474
2021-11-17 20:00:00,15395.290637296148,16456.094127993765,32751.77008734954
2021-11-18 00:00:00,15395.290637296148,16492.22404004059,33250.625678253615
2021-11-18 04:00:00,15395.290637296148,16329.793837163414,32895.9647948344
2021-11-18 08:00:00,15395.290637296148,16301.38399179326,32460.206574199063
2021-11-18 12:00:00,15395.290637296148,16141.733012919685,31812.7684701224
2021-11-18 16:00:00,15395.290637296148,15812.858172493465,30411.51729295319
2021-11-18 20:00:00,15395.290637296148,15762.83214042863,30755.4400820997
2021-11-19 00:00:00,15395.290637296148,15467.307988045632,29990.431170322798
2021-11-19 04:00:00,15395.290637296148,15228.912329070004,29667.328308254415
2021-11-19 08:00:00,15395.290637296148,15260.410201110824,30207.027885291332
2021-11-19 12:00:00,15395.290637296148,15620.165308243735,31232.581972132015
2021-11-19 16:00:00,15395.290637296148,15836.635977857613,32458.980966832078
2021-11-19 20:00:00,15364.500056021556,15935.452831319013,33062.33496982737
2021-11-20 00:00:00,15365.845316080216,15935.144028651946,32813.20317229718
2021-11-20 04:00:00,15352.123663481896,16055.885871475095,32800.320080128746
2021-11-20 08:00:00,15354.410605581616,16050.018620800824,32604.377880309432
2021-11-20 12:00:00,15400.149447576012,16094.486204858455,32954.7540241095
2021-11-20 16:00:00,15266.699649757069,15812.24056715933,31829.19785228768
2021-11-20 20:00:00,15496.739119787708,16319.29454648314,33134.773381974526
2021-11-21 00:00:00,15509.250038333234,16392.789581245055,33379.55264957328
2021-11-21 04:00:00,15421.270030496955,16089.854164852452,32556.4920367515
2021-11-21 08:00:00,15428.534434813711,16206.272770336664,32831.919525615194
2021-11-21 12:00:00,15397.593453464562,16122.58724756154,32540.840011889206
2021-11-21 16:00:00,15451.538381816776,16250.12274906016,32976.82381903781
2021-11-21 20:00:00,15389.219177851273,16255.98999973443,34301.73725590416
2021-11-22 00:00:00,15331.646875046865,16095.721415526721,34306.80787144181
2021-11-22 04:00:00,14973.805610553725,15737.20151906208,33103.501457984865
2021-11-22 08:00:00,15056.839814803028,15738.436729730347,33514.35648593938
2021-11-22 12:00:00,15045.70108008666,15681.308236322975,33413.14672763862
2021-11-22 16:00:00,15054.561437247408,16001.227799404258,33665.461320924085
2021-11-22 20:00:00,14781.967232982668,15428.707654662272,32159.446918450176
2021-11-23 00:00:00,14781.967232982668,15471.322422717501,32487.362603835583
2021-11-23 04:00:00,14781.967232982668,15669.264932307367,33227.504814998705
2021-11-23 08:00:00,14781.967232982668,15395.665769286115,32192.480183213494
2021-11-23 12:00:00,14781.967232982668,15438.589340008411,32214.177413475787
2021-11-23 16:00:00,14781.967232982668,15615.533268237732,32718.357616835496
2021-11-23 20:00:00,14781.967232982668,15872.148284570305,33853.330625140916
2021-11-24 00:00:00,14781.967232982668,15809.461343155728,33514.94873874051
2021-11-24 04:00:00,14781.967232982668,15511.466769436194,32912.178510442885
2021-11-24 08:00:00,14781.967232982668,15527.524508123672,32868.23971028621
2021-11-24 12:00:00,14781.967232982668,15602.563556220923,32737.582503362668
2021-11-24 16:00:00,14781.967232982668,15645.17832427615,32499.43754761822
2021-11-24 20:00:00,14781.967232982668,15685.940276328978,31458.23221350515
2021-11-25 00:00:00,14781.967232982668,15762.214535094497,31902.817615406373
2021-11-25 04:00:00,14781.967232982668,15922.174316635139,32537.100149338592
2021-11-25 08:00:00,14781.967232982668,15880.48595658111,31939.96786157047
2021-11-25 12:00:00,14752.403298516701,15989.18449538865,32384.207150839513
2021-11-25 16:00:00,14831.62250638019,16291.193503780054,33244.64679518828
2021-11-25 20:00:00,14844.409127221421,16237.15303704335,32869.80808872251
2021-11-26 00:00:00,14871.446965080286,16259.386829072166,32854.22415339471
2021-11-26 04:00:00,14669.407079163138,15959.848242017297,32173.018884303354
2021-11-26 08:00:00,14447.249657504468,15673.279366979237,31460.220366918194
2021-11-26 12:00:00,14006.29365934269,14719.696731076727,28942.669682054046
2021-11-26 16:00:00,14006.29365934269,14863.289971262824,29768.603372643167
2021-11-26 20:00:00,14006.29365934269,14863.289971262824,30332.71361231275
2021-11-27 00:00:00,14006.29365934269,14702.403781720983,29695.58098901602
2021-11-27 04:00:00,14006.29365934269,14851.246667247216,30132.100241678538
2021-11-27 08:00:00,14006.29365934269,14861.437155260423,30051.415542300205
2021-11-27 12:00:00,14006.29365934269,14941.108243363677,30282.612722103444
2021-11-27 16:00:00,14006.29365934269,15025.72017414,30349.96638063204
2021-11-27 20:00:00,14006.29365934269,15025.411371472934,30298.30704218342
2021-11-28 00:00:00,14006.29365934269,14967.047667397293,29850.922448022437
2021-11-28 04:00:00,14006.29365934269,14800.911832515316,29156.374258682452
2021-11-28 08:00:00,14006.29365934269,14914.551213995925,29571.947122487258
2021-11-28 12:00:00,14006.29365934269,14892.008619300042,29600.86226626205
2021-11-28 16:00:00,14006.29365934269,14817.587176536927,29400.32192769019
2021-11-28 20:00:00,14006.29365934269,14913.316003327658,29438.544031634257
2021-11-29 00:00:00,14006.29365934269,15693.969145672718,31239.49441477964
2021-11-29 04:00:00,14006.29365934269,15723.614201711138,31297.291744288916
2021-11-29 08:00:00,14006.29365934269,15794.021209802386,31701.667832506115
2021-11-29 12:00:00,14006.29365934269,15579.403356190907,31438.490273639247
2021-11-29 16:00:00,13978.281072024005,15674.82338031457,31931.936830542367
2021-11-29 20:00:00,13902.939766014682,15857.63455921816,31974.436456772935
2021-11-30 00:00:00,13895.009048436692,15822.431055172538,31798.86986003015
2021-11-30 04:00:00,13821.754547578366,15633.752625594678,31693.76981089985
2021-11-30 08:00:00,13665.273322484956,15429.942865330539,31306.843362020933
2021-11-30 12:00:00,14030.697143450587,15681.308236322975,32148.189188786397
2021-11-30 16:00:00,14262.748210498266,15712.188503029663,32972.67258271936
2021-11-30 20:00:00,14327.977846940044,15741.215953733948,33135.44705801275
2021-12-01 00:00:00,14073.814852081861,15538.950206805146,32306.514496938107
2021-12-01 04:00:00,14374.139994791913,15645.795929610285,33137.834525169994
2021-12-01 08:00:00,14447.983783861217,15588.358633535847,33492.185584250656
2021-12-01 12:00:00,14431.92704794792,15612.754044234129,33668.851355783314
2021-12-01 16:00:00,14769.845589560446,15987.949284720382,34657.778488184515
2021-12-01 20:00:00,14638.253960648068,15684.705065660712,34563.40393605329
2021-12-02 00:00:00,14545.114632820481,15633.44382292761,34437.29911576862
2021-12-02 04:00:00,14212.337456230605,15378.990425264505,33640.336665101786
2021-12-02 08:00:00,14272.099166504167,15537.71499613688,33709.370767089975
2021-12-02 12:00:00,14266.576653049164,15356.75663323569,33892.87227634387
2021-12-02 16:00:00,14341.272820801427,15444.456590682683,34284.74451021984
2021-12-02 20:00:00,14456.61996420118,15483.983332067242,34739.05449449562
2021-12-03 00:00:00,14439.597368148792,15440.133353343746,34681.39372608915
2021-12-03 04:00:00,14363.884926005343,15435.501313337743,34328.44684761392
2021-12-03 08:00:00,14423.591046487594,15543.891049478216,34734.22007867452
2021-12-03 12:00:00,14536.397503909378,15584.653001531044,35299.30585055193
2021-12-03 16:00:00,14245.743028029825,15346.87494788955,33741.11124938761
2021-12-03 20:00:00,13938.83324326323,14726.181587085131,31962.942323803167
2021-12-04 00:00:00,13938.83324326323,14666.582672341225,31840.589895582354
2021-12-04 04:00:00,13938.83324326323,14244.758229127874,29973.50207701999
2021-12-04 08:00:00,13938.83324326323,13012.635587531042,29121.399683001357
2021-12-04 12:00:00,13938.83324326323,12748.609307188864,28500.096268676432
2021-12-04 16:00:00,13938.83324326323,13880.37108198896,31249.078304072507
2021-12-04 20:00:00,13938.83324326323,14122.163570302324,31324.290954970682
2021-12-05 00:00:00,13938.83324326323,13688.295823073366,30427.47279947359
2021-12-05 04:00:00,13938.83324326323,13580.832494934093,30050.964335325105
2021-12-05 08:00:00,13938.83324326323,14035.081218189465,30789.854765152355
2021-12-05 12:00:00,13938.83324326323,13792.979927209035,30144.011553215118
2021-12-05 16:00:00,13938.83324326323,13121.951731672716,28530.791997741457
2021-12-05 20:00:00,13938.83324326323,13457.311428107343,29274.261558286078
2021-12-06 00:00:00,13938.83324326323,13626.844092327057,29986.98112689527
2021-12-06 04:00:00,13938.83324326323,13480.162825470292,29640.560515059224
2021-12-06 08:00:00,13938.83324326323,13309.39495058231,28621.139805379895
2021-12-06 12:00:00,13938.83324326323,13320.820649263784,28238.082628625525
2021-12-06 16:00:00,13938.83324326323,13426.122358733588,29046.822597015067
2021-12-06 20:00:00,13938.83324326323,13476.457193465489,29063.613226494468
2021-12-07 00:00:00,13938.83324326323,13839.300327269066,30007.83872440736
2021-12-07 04:00:00,13938.83324326323,13965.291815432352,30182.89246521866
2021-12-07 08:00:00,13910.955576776703,13968.071039435954,30603.592148811957
2021-12-07 12:00:00,13983.976589978342,14143.162151662871,31191.221363370867
2021-12-07 16:00:00,13938.240110053846,14230.862109109865,30734.176993380963
2021-12-07 20:00:00,13759.39212221754,13972.085474107824,30065.11893560699
2021-12-08 00:00:00,13723.629615453397,13878.209463319492,29637.269684108036
2021-12-08 04:00:00,13666.616734976566,13745.11551381367,29203.31639074754
2021-12-08 08:00:00,13768.635022640532,13835.594695264264,29615.864231255186
2021-12-08 12:00:00,13527.684460528766,13490.353313483498,29065.717184687564
2021-12-08 16:00:00,13648.102968296214,13826.639417919325,29846.59932604895
2021-12-08 20:00:00,13618.148714116302,13733.072209798062,29781.85856578824
2021-12-09 00:00:00,13677.576029637898,13758.702831164612,30050.165660350987
2021-12-09 04:00:00,13602.870841502448,13502.396617499106,29322.008590820416
2021-12-09 08:00:00,13623.562133546406,13667.297241712817,29578.218279307173
2021-12-09 12:00:00,13551.262909602112,13431.98960940786,29126.541805546378
2021-12-09 16:00:00,13424.634608257285,13280.985105212158,28718.793028823064
2021-12-09 20:00:00,13424.634608257285,13034.251774225724,28172.980896530054
2021-12-10 00:00:00,13424.634608257285,13016.032416868778,28102.024230094976
2021-12-10 04:00:00,13424.634608257285,13235.899915820393,28081.629889224274
2021-12-10 08:00:00,13424.634608257285,13053.706342250936,27500.13569265734
2021-12-10 12:00:00,13424.634608257285,13354.171337307007,28086.864222914865
2021-12-10 16:00:00,13424.634608257285,13103.423571648704,27249.04869431221
2021-12-10 20:00:00,13424.634608257285,13137.39186502606,27243.178459021026
2021-12-11 00:00:00,13424.634608257285,12893.437758043228,26390.877847561776
2021-12-11 04:00:00,13424.634608257285,13216.44534779518,26913.046742356604
2021-12-11 08:00:00,13424.634608257285,13140.479891696728,26770.81133024633
2021-12-11 12:00:00,13424.634608257285,13180.006633081288,26913.755712638238
2021-12-11 16:00:00,13424.634608257285,13337.187190618328,27127.403787103794
2021-12-11 20:00:00,13424.634608257285,13236.20871848746,26711.219759239088
2021-12-12 00:00:00,13424.634608257285,13511.351894844045,27320.015474868156
2021-12-12 04:00:00,13424.634608257285,13479.23641746909,27003.20081811052
2021-12-12 08:00:00,13424.634608257285,13488.809300148163,27100.966282440728
2021-12-12 12:00:00,13424.634608257285,13430.445596072524,26928.973663394165
2021-12-12 16:00:00,13424.634608257285,13561.069124241812,27076.443629737627
2021-12-12 20:00:00,13397.78533904077,13714.235247106983,27672.401018506407
2021-12-13 00:00:00,13387.003956777491,13681.193361730826,27503.60997442381
2021-12-13 04:00:00,13286.142614295783,13372.081891996884,26684.97158113047
2021-12-13 08:00:00,13278.988612980895,13350.156902635137,26357.97294345503
2021-12-13 12:00:00,13293.598897356369,13394.933289359833,26795.500727762803
2021-12-13 16:00:00,13123.851172410708,12952.419067453002,25417.335028032234
2021-12-13 20:00:00,13123.851172410708,12809.134629933971,24801.670359497726
2021-12-14 00:00:00,13123.851172410708,12789.680061908759,25010.429896470945
2021-12-14 04:00:00,13123.851172410708,12844.646936646663,24896.350865674736
2021-12-14 08:00:00,13123.851172410708,12877.997624689884,25014.516772823372
2021-12-14 12:00:00,13123.851172410708,12988.857782166893,25391.158210438793
2021-12-14 16:00:00,13123.851172410708,12838.162080638258,25299.263058547906
2021-12-14 20:00:00,13123.851172410708,12864.410307338943,24979.354549076364
2021-12-15 00:00:00,13123.851172410708,13275.117854537886,25922.597226167978
2021-12-15 04:00:00,13123.851172410708,13234.664705152125,25888.05569392682
2021-12-15 08:00:00,13123.851172410708,13227.562243809587,26439.571490162238
2021-12-15 12:00:00,13123.851172410708,13196.064371768765,26324.406309872662
2021-12-15 16:00:00,13123.851172410708,12798.017733919565,25127.22206759287
2021-12-15 20:00:00,13097.603470065887,13342.436835958464,27474.277731472866
2021-12-16 00:00:00,13166.760709069658,13371.464286662751,27821.43923883628
2021-12-16 04:00:00,13189.250868095274,13372.69949733102,27911.43840776119
2021-12-16 08:00:00,13161.981550276714,13322.982267933252,27784.443952463924
2021-12-16 12:00:00,13297.18636027275,13463.796284115746,28647.775144532356
2021-12-16 16:00:00,13275.302097688078,13278.51468387562,28704.975815281432
2021-12-16 20:00:00,12891.240415547676,13048.765499577867,27765.19022556993
2021-12-17 00:00:00,12767.474547895647,12987.313768831558,27372.675606536955
2021-12-17 04:00:00,12852.55185701585,13022.82607554425,27666.645110406145
2021-12-17 08:00:00,12700.008112500323,12836.309264635856,27341.410012249973
2021-12-17 12:00:00,12648.561873729228,12864.410307338943,27074.807824518364
2021-12-17 16:00:00,12687.076271060596,12738.11001650859,27208.688610181063
2021-12-17 20:00:00,12721.37376357466,12831.05961929572,27450.8661726377
2021-12-18 00:00:00,12669.646397815743,12691.172011114426,27198.248800838337
2021-12-18 04:00:00,12634.786651326036,12741.815648513393,27091.355668744865
2021-12-18 08:00:00,12687.357398048414,12753.241347194868,27319.15370278719
2021-12-18 12:00:00,12790.531002578431,12945.007803443397,27893.663923169257
2021-12-18 16:00:00,12828.483145934159,12887.261704701892,28002.685524551773
2021-12-18 20:00:00,12829.326526897621,12820.869131282514,27980.622451819247
2021-12-19 00:00:00,12856.876971704,12878.924032691086,28123.31827106455
2021-12-19 04:00:00,12904.106305657795,13128.127785014054,28457.16124440274
2021-12-19 08:00:00,12967.641004905161,13069.764080938414,28665.408957575255
2021-12-19 12:00:00,12907.198702523816,12956.742304791938,28310.141793351366
2021-12-19 16:00:00,12884.98967048602,12982.681728825555,28230.48192320569
2021-12-19 20:00:00,12757.883163228895,12830.442013961587,27756.389101003086
2021-12-20 00:00:00,12757.883163228895,12830.442013961587,27764.703163070175
2021-12-20 04:00:00,12757.883163228895,12833.530040632255,27577.68211813595
2021-12-20 08:00:00,12757.883163228895,12746.756491186463,27120.67965413494
2021-12-20 12:00:00,12757.883163228895,12631.264293703452,26734.80341166703
2021-12-20 16:00:00,12757.883163228895,12583.708682975153,26414.07452635786
2021-12-20 20:00:00,12757.883163228895,12773.622323221281,27194.94266236962
2021-12-21 00:00:00,12757.883163228895,12854.219819325735,27150.055659448328
2021-12-21 04:00:00,12732.367396902437,13113.305256994843,27498.539845314004
2021-12-21 08:00:00,12694.6126170143,13301.983686572705,27827.29726608262
2021-12-21 12:00:00,12747.08455906406,13382.581182677159,27993.91201839492
2021-12-21 16:00:00,12666.356765720866,13276.353065206154,27687.81425066069
2021-12-21 20:00:00,12710.463086712174,13320.20304392965,27680.265751265924
2021-12-22 00:00:00,12735.641848759595,13383.816393345425,27982.121241532135
2021-12-22 04:00:00,12810.075222676933,13489.426905482298,28039.502255782452
2021-12-22 08:00:00,12817.697695692594,13502.087814832039,28742.935280112277
2021-12-22 12:00:00,12739.798104815527,13385.978012014893,28536.93012695823
2021-12-22 16:00:00,12703.84196753734,13352.318521304605,28400.367958822153
2021-12-22 20:00:00,12686.843837078603,13347.377678631536,27888.461624545693
2021-12-23 00:00:00,12644.935938733994,13260.91293185281,27649.720792426757
2021-12-23 04:00:00,12608.228418738843,13215.51893979398,27854.807721239267
2021-12-23 08:00:00,12504.051449407856,13133.686233021257,27483.1679448722
2021-12-23 12:00:00,12523.04864951491,13193.285147765164,27654.2677649225
2021-12-23 16:00:00,12566.653621781366,13330.08472927579,27918.01226455212
2021-12-23 20:00:00,12706.918769386177,13925.765074047791,29367.420379160816
2021-12-24 00:00:00,12644.179359976937,13855.358065956545,29215.866103943383
2021-12-24 04:00:00,12594.82499965822,13924.529863379525,28976.70464079945
2021-12-24 08:00:00,12608.132240606112,13913.412967365117,29068.520795968703
2021-12-24 12:00:00,12586.406489950217,13896.428820676438,29020.60698441884
2021-12-24 16:00:00,12771.274319886537,13915.883388701652,29780.063327194515
2021-12-24 20:00:00,12692.684683621896,13976.099908779692,29404.0744895441
2021-12-25 00:00:00,12599.540082264166,13882.532700658428,29182.25282451133
2021-12-25 04:00:00,12616.356574664338,13890.870372669235,29268.192303115182
2021-12-25 08:00:00,12681.648284060839,13919.280218039386,29485.108853456855
2021-12-25 12:00:00,12603.993993934933,13850.108420616407,29204.52704842801
2021-12-25 16:00:00,12669.414305566923,13853.196447287077,29416.552518851968
2021-12-25 20:00:00,12657.561094086,13912.486559363915,29308.16112465176
2021-12-26 00:00:00,12681.289944159487,13782.171833861696,29498.038066914356
2021-12-26 04:00:00,12492.368403575241,13587.317350942496,29117.430530341964
2021-12-26 08:00:00,12577.480368500439,13655.253937697209,29346.57708470649
2021-12-26 12:00:00,12629.516061628055,13606.77191896771,29657.7506138545
2021-12-26 16:00:00,12713.928257006899,13684.590191068562,29904.44204148736
2021-12-26 20:00:00,12773.495850431145,13762.099660502348,30006.91610647044
2021-12-27 00:00:00,12765.888150386001,13862.460527299083,29933.637047946813
2021-12-27 04:00:00,12869.211121491326,13910.324940694449,30284.338876498383
2021-12-27 08:00:00,12735.946873143424,13834.668287263063,29966.515836728293
2021-12-27 12:00:00,12789.749093698007,13869.871791308688,30190.14770631572
2021-12-27 16:00:00,12865.317582849479,14036.316428857734,30392.434595971783
2021-12-27 20:00:00,12824.737269034405,13977.33511944796,30243.81280291497
2021-12-28 00:00:00,12637.059158810005,13822.007377913322,29622.378116979107
2021-12-28 04:00:00,12534.60243550931,13582.06770560236,28889.676408808948
2021-12-28 08:00:00,12534.60243550931,13443.106505422265,28818.525944021763
2021-12-28 12:00:00,12534.60243550931,13427.048766734788,29010.485951070128
2021-12-28 16:00:00,12534.60243550931,13383.198788011292,28375.25479070368
2021-12-28 20:00:00,12534.60243550931,13035.178182226924,27595.987086289544
2021-12-29 00:00:00,12534.60243550931,12991.019400836361,27206.851101236254
2021-12-29 04:00:00,12534.60243550931,13124.42215300925,27579.591634597597
2021-12-29 08:00:00,12534.60243550931,13008.312350192105,27165.550701619624
2021-12-29 12:00:00,12534.60243550931,13040.736630234129,27079.467247780587
2021-12-29 16:00:00,12534.60243550931,13057.103171588673,27082.856824034636
2021-12-29 20:00:00,12534.60243550931,12827.353987290917,26720.373046934677
2021-12-30 00:00:00,12534.60243550931,12642.998795051994,26139.86443524594
2021-12-30 04:00:00,12534.60243550931,12679.746312432952,26144.40022116447
2021-12-30 08:00:00,12534.60243550931,12827.662789957985,26685.572857036906
2021-12-30 12:00:00,12534.60243550931,12969.712016808748,26875.0529338247
2021-12-30 16:00:00,12534.60243550931,12854.528621992802,26690.05562665237
2021-12-30 20:00:00,12534.60243550931,12978.667294153685,26858.662699272285
2021-12-31 00:00:00,12534.60243550931,12856.072635328137,26534.837411628865
2021-12-31 04:00:00,12534.60243550931,12882.32086202882,26562.347813618908
2021-12-31 08:00:00,12534.60243550931,12886.026494033624,26628.495995820726
2021-12-31 12:00:00,12534.60243550931,13103.73237431577,27031.154110495758
2021-12-31 16:00:00,12534.60243550931,13034.251774225724,26959.044017063552
2021-12-31 20:00:00,12534.60243550931,12416.337637424907,25717.04314055503
2022-01-01 00:00:00,12534.60243550931,12561.783693613404,26107.255699931335
2022-01-01 04:00:00,12534.60243550931,12736.874805840323,26530.188686116875
2022-01-01 08:00:00,12534.60243550931,12827.04518462385,26576.13650385664
2022-01-01 12:00:00,12534.60243550931,12728.537133829517,26340.01347702109
2022-01-01 16:00:00,12534.60243550931,12844.02933131253,26669.203844520365
2022-01-01 20:00:00,12509.533230638292,12879.850440692286,27035.15273662847
2022-01-02 00:00:00,12548.599341334939,12976.505675484219,27248.58935480292
2022-01-02 04:00:00,12516.22263315484,12860.395872667073,27064.155914433657
2022-01-02 08:00:00,12469.931967740322,12838.779685972391,26851.21089506759
2022-01-02 12:00:00,12469.66439163966,12853.293411324536,26854.453093259537
2022-01-02 16:00:00,12482.240468370772,12880.46804602642,26962.263727024005
2022-01-02 20:00:00,12432.17413827873,12760.652611204472,26846.107588906354
2022-01-03 00:00:00,12494.329428223497,12861.63108333534,27038.596737925378
2022-01-03 04:00:00,12335.844265993466,12743.050859181662,26580.380428482567
2022-01-03 08:00:00,12367.232947496466,12822.721947284914,26731.02044991323
2022-01-03 12:00:00,12393.907123477278,12886.33529670069,26947.87057640024
2022-01-03 16:00:00,12352.841299060308,12765.284651210475,26535.17417575671
2022-01-03 20:00:00,12304.455584490464,12676.349483095215,26347.532916374115
2022-01-04 00:00:00,12333.48701323237,12701.362499127632,26416.280774322437
2022-01-04 04:00:00,12311.403276838955,12660.909349741873,26120.82163441897
2022-01-04 08:00:00,12335.348002254286,12740.580437845125,26345.18236539606
2022-01-04 12:00:00,12418.968442305762,12788.753653907559,26760.573525569293
2022-01-04 16:00:00,12418.59624450138,12802.3409712585,26694.95660409391
2022-01-04 20:00:00,12388.69635421591,12596.060789657828,26302.845441531703
2022-01-05 00:00:00,12358.548332060855,12548.196376262462,26194.722703828073
2022-01-05 04:00:00,12376.661958540846,12701.980104461767,26372.338792323986
2022-01-05 08:00:00,12390.433277303033,12680.672720434151,26456.8671055231
2022-01-05 12:00:00,12352.34503532113,12623.853029693846,26206.457133691954
2022-01-05 16:00:00,12383.609650889337,12698.58327512403,26235.04889736892
2022-01-05 20:00:00,12187.941543146932,12207.5870344877,24934.57313372797
2022-01-06 00:00:00,12187.941543146932,11873.462548721342,24256.226633682716
2022-01-06 04:00:00,12187.941543146932,11714.737977848967,23454.313437172917
2022-01-06 08:00:00,12187.941543146932,11827.450951328377,23783.05274583763
2022-01-06 12:00:00,12187.941543146932,11714.4291751819,23242.483250971607
2022-01-06 16:00:00,12187.941543146932,11750.867889895791,23560.85025466724
2022-01-06 20:00:00,12187.941543146932,11899.710775422025,24097.501079679365
2022-01-07 00:00:00,12187.941543146932,11789.777025946218,23642.14433343787
2022-01-07 04:00:00,12187.941543146932,11438.668393491182,22200.74191496111
2022-01-07 08:00:00,12187.941543146932,11382.157505417943,22058.430318574323
2022-01-07 12:00:00,12187.941543146932,11554.469393641259,22224.03784052421
2022-01-07 16:00:00,12187.941543146932,11253.386793251057,21577.785046408226
2022-01-07 20:00:00,12187.941543146932,11360.85012139033,22111.76661373766
2022-01-08 00:00:00,12187.941543146932,11296.31036397335,21734.533592621185
2022-01-08 04:00:00,12187.941543146932,11375.672649409538,22049.61727952136
2022-01-08 08:00:00,12187.941543146932,11406.552916116227,22585.160726898226
2022-01-08 12:00:00,12187.941543146932,11435.889169487578,22806.388360364406
2022-01-08 16:00:00,12187.941543146932,11335.219500023777,22459.1504653936
2022-01-08 20:00:00,12187.941543146932,11107.940737062558,21277.099816835387
2022-01-09 00:00:00,12187.941543146932,11334.293092022577,22119.586331001432
2022-01-09 04:00:00,12187.941543146932,11394.20080943355,22196.92908613452
2022-01-09 08:00:00,12187.941543146932,11386.789545423946,22038.365111917487
2022-01-09 12:00:00,12187.941543146932,11396.362428103019,22056.098225336555
2022-01-09 16:00:00,12187.941543146932,11328.425841348306,21950.76949828292
2022-01-09 20:00:00,12187.941543146932,11648.654207096655,22736.45823132786
2022-01-10 00:00:00,12187.941543146932,11397.906441438354,22089.85167158666
2022-01-10 04:00:00,12187.941543146932,11430.639524147442,22126.045518025505
2022-01-10 08:00:00,12187.941543146932,11479.739148211076,22415.37572292026
2022-01-10 12:00:00,12187.941543146932,11333.675486688444,21944.35921492288
2022-01-10 16:00:00,12187.941543146932,11184.83260116221,21147.650246834044
2022-01-10 20:00:00,12187.941543146932,11278.399809283474,21131.885014315172
2022-01-11 00:00:00,12187.941543146932,11406.861718783293,21576.784567869214
2022-01-11 04:00:00,12187.941543146932,11516.486665592034,21784.697314236066
2022-01-11 08:00:00,12187.941543146932,11502.281742906956,21799.96349850568
2022-01-11 12:00:00,12187.941543146932,11409.332140119828,21550.992969973973
2022-01-11 16:00:00,12187.941543146932,11377.834268079007,21750.096598808035
2022-01-11 20:00:00,12139.189776974345,11697.75383116029,22511.793641096636
2022-01-12 00:00:00,12115.26526572761,11622.714783063038,22244.15719781609
2022-01-12 04:00:00,12089.768522612763,11570.21832966167,22179.30334322311
2022-01-12 08:00:00,12077.6119420139,11586.89367368328,22089.74756814896
2022-01-12 12:00:00,12179.877000214085,11685.710527144682,22421.355477987552
2022-01-12 16:00:00,12289.199662283727,11796.261881954622,23121.49192138216
2022-01-12 20:00:00,12441.868818557581,11821.583700654106,23624.122690272317
2022-01-13 00:00:00,12410.84681147531,11878.094588727345,23474.2142467851
2022-01-13 04:00:00,12269.748409487458,11767.234431250336,23174.32506676291
2022-01-13 08:00:00,12327.1153216417,11789.159420612084,23381.509011234
2022-01-13 12:00:00,12276.936855775855,11763.8376019126,23248.240630773747
2022-01-13 16:00:00,12329.91405961337,11657.609484441595,23637.19599227191
2022-01-13 20:00:00,12009.5857782717,11516.7954682591,22795.259167387514
2022-01-14 00:00:00,11952.42665551124,11484.06238555001,22662.46750908267
2022-01-14 04:00:00,12013.30748861593,11494.252873563219,22802.0394300596
2022-01-14 08:00:00,12009.837060447298,11494.561676230285,22806.143791090297
2022-01-14 12:00:00,11779.370282281232,11343.557172034583,22274.414753638077
2022-01-14 16:00:00,11779.370282281232,11651.12462843319,22907.414344427354
2022-01-14 20:00:00,11779.370282281232,11678.299263135075,23090.450164249327
2022-01-15 00:00:00,11779.370282281232,11657.300681774528,22877.193035059347
2022-01-15 04:00:00,11779.370282281232,11639.081324417582,22865.16381942625
2022-01-15 08:00:00,11779.370282281232,11689.72496181655,22842.86848701927
2022-01-15 12:00:00,11779.370282281232,11674.593631130274,22940.73928524917
2022-01-15 16:00:00,11779.370282281232,11772.484076590472,23189.53253988605
2022-01-15 20:00:00,11779.370282281232,11786.68899927555,23162.89388223238
2022-01-16 00:00:00,11779.370282281232,11672.740815127872,23030.113261446826
2022-01-16 04:00:00,11779.370282281232,11660.07990577813,22968.109317294133
2022-01-16 08:00:00,11779.370282281232,11721.840439191505,23293.079500885888
2022-01-16 12:00:00,11779.370282281232,11657.300681774528,23088.05700770828
2022-01-16 16:00:00,11779.370282281232,11725.546071196308,23314.338465076773
2022-01-16 20:00:00,11779.370282281232,11604.80422837316,23022.122860177857
2022-01-17 00:00:00,11779.370282281232,11661.932721780531,23118.70194557664
2022-01-17 04:00:00,11779.370282281232,11549.528550968189,22433.705912459252
2022-01-17 08:00:00,11779.370282281232,11532.544404279512,22464.65548608271
2022-01-17 12:00:00,11779.370282281232,11554.160590974192,22361.867287968736
2022-01-17 16:00:00,11779.370282281232,11514.9426522567,22331.131414707237
2022-01-17 20:00:00,11779.370282281232,11455.652540179859,22064.342455058595
2022-01-18 00:00:00,11779.370282281232,11432.80114281691,22017.821625324916
2022-01-18 04:00:00,11779.370282281232,11403.464889445557,21938.327859708552
2022-01-18 08:00:00,11779.370282281232,11407.17052145036,22006.202200422395
2022-01-18 12:00:00,11779.370282281232,11355.909278717258,21765.957399362545
2022-01-18 16:00:00,11779.370282281232,11331.822670686042,21646.524254523836
2022-01-18 20:00:00,11779.370282281232,11372.58462273887,21748.370165701734
2022-01-19 00:00:00,11779.370282281232,11553.542985640059,22274.355231328555
2022-01-19 04:00:00,11779.370282281232,11367.952582732867,21809.98695576687
2022-01-19 08:00:00,11779.370282281232,11256.474819921725,21342.854332854564
2022-01-19 12:00:00,11779.370282281232,11450.71169750679,21658.261185841126
2022-01-19 16:00:00,11779.370282281232,11433.72755081811,21711.03528576597
2022-01-19 20:00:00,11779.370282281232,11405.626508115025,21694.588399328968
2022-01-20 00:00:00,11779.370282281232,11351.277238711255,21513.327975328688
2022-01-20 04:00:00,11779.370282281232,11416.434601462366,21743.074339578638
2022-01-20 08:00:00,11779.370282281232,11441.138814827716,21762.478195529344
2022-01-20 12:00:00,11779.370282281232,11472.636686868536,21867.080055076563
2022-01-20 16:00:00,11709.115588748738,11795.33547395342,22635.027794839527
2022-01-20 20:00:00,11562.805504358097,11728.016492532843,22279.799194581734
2022-01-21 00:00:00,10710.208266909722,11109.175947730826,20577.175910472135
2022-01-21 04:00:00,10710.208266909722,10522.142077636696,19835.2330084742
2022-01-21 08:00:00,10710.208266909722,10681.175451176137,20133.468095515833
2022-01-21 12:00:00,10710.208266909722,10605.209995077685,19606.633672229327
2022-01-21 16:00:00,10710.208266909722,10580.505781712336,19549.78711275926
2022-01-21 20:00:00,10710.208266909722,10348.594978745112,19179.25864687458
2022-01-22 00:00:00,10710.208266909722,9936.034615543767,18008.38571434804
2022-01-22 04:00:00,10710.208266909722,9909.477586176017,17759.607005629798
2022-01-22 08:00:00,10710.208266909722,9636.496028488898,16562.160085569485
2022-01-22 12:00:00,10710.208266909722,9662.744255189584,16402.88644616077
2022-01-22 16:00:00,10710.208266909722,9503.093276316009,15736.72383182275
2022-01-22 20:00:00,10710.208266909722,9428.054228218758,15399.600202324094
2022-01-23 00:00:00,10710.208266909722,9566.397823064719,15937.580852924588
2022-01-23 04:00:00,10710.208266909722,9562.38338839285,15928.892036995225
2022-01-23 08:00:00,10710.208266909722,9718.637537928687,16753.56195412196
2022-01-23 12:00:00,10710.208266909722,9753.223436640177,16853.035326090117
2022-01-23 16:00:00,10710.208266909722,9634.33440981943,16407.710873243195
2022-01-23 20:00:00,10710.208266909722,9483.329905623728,15869.821701135777
2022-01-24 00:00:00,10710.208266909722,9884.155767476532,16723.38759111367
2022-01-24 04:00:00,10710.208266909722,9651.627359175176,15786.920614315612
2022-01-24 08:00:00,10710.208266909722,9526.562279013091,15113.99620852328
2022-01-24 12:00:00,10710.208266909722,9213.127571940213,14549.960418230625
2022-01-24 16:00:00,10710.208266909722,9357.338417460443,14994.49304353473
2022-01-24 20:00:00,10710.208266909722,9839.99698608597,15502.812544531436
2022-01-25 00:00:00,10710.208266909722,10017.249716982356,15855.35101790202
2022-01-25 04:00:00,10710.208266909722,9957.033196904315,15652.533395699986
2022-01-25 08:00:00,10710.208266909722,9862.230778114785,15573.356724292444
2022-01-25 12:00:00,10710.208266909722,9995.01592495354,15875.69735485872
2022-01-25 16:00:00,10688.787850375902,10025.58738899316,15989.34350347998
2022-01-25 20:00:00,10728.04475864185,10135.829941136035,16392.863005758252
2022-01-26 00:00:00,10718.917802378339,10110.199319769485,16242.994442019277
2022-01-26 04:00:00,10764.002767053516,10236.808413266905,16299.242279074213
2022-01-26 08:00:00,10763.123060425707,10234.337991930368,16261.447950981325
2022-01-26 12:00:00,10818.307452176401,10450.191056210115,16837.129191965076
2022-01-26 16:00:00,10882.304769874783,10417.457973501025,16963.82764261915
2022-01-26 20:00:00,10819.214226151953,10330.375621388166,16870.253948035148
2022-01-27 00:00:00,10592.160794851045,10128.41867712643,16021.725178401553
2022-01-27 04:00:00,10335.684006265396,9849.878671432109,15246.132018205695
2022-01-27 08:00:00,10387.25680732066,9994.707122286474,15640.389108041269
2022-01-27 12:00:00,10445.427408084488,10158.06373316485,16057.564289489597
2022-01-27 16:00:00,10447.29678466858,10163.313378504987,16202.681256585602
2022-01-27 20:00:00,10406.500389803969,10048.747589023176,15814.899274951382
2022-01-28 00:00:00,10498.42973240994,10306.906618691084,15898.947730015563
2022-01-28 04:00:00,10516.24379162306,10356.932650755918,16251.853003988988
2022-01-28 08:00:00,10462.911577312178,10207.163357228485,15825.159134663325
2022-01-28 12:00:00,10410.279609477033,10120.081005115626,15725.714601769181
2022-01-28 16:00:00,10410.279609477033,10302.892184019214,16077.433900096734
2022-01-28 20:00:00,10410.279609477033,10321.11154137616,16164.235889104977
2022-01-29 00:00:00,10389.45905025808,10459.455136222121,16292.709861763487
2022-01-29 04:00:00,10395.19626555662,10476.748085577865,16393.590535419513
2022-01-29 08:00:00,10408.104999978339,10515.657221628291,16969.792525011333
2022-01-29 12:00:00,10398.06487320589,10485.394560255738,16858.45483044187
2022-01-29 16:00:00,10381.570379222583,10435.67733085797,16678.375106719497
2022-01-29 20:00:00,10386.879808487814,10514.422010960025,16806.250333600397
2022-01-30 00:00:00,10428.719390410866,10595.637112398612,16930.864056546037
2022-01-30 04:00:00,10372.956149250771,10536.65580298884,16705.084832020766
2022-01-30 08:00:00,10462.66588072155,10623.42935243463,17026.02671607418
2022-01-30 12:00:00,10454.847633290961,10572.476912368596,16959.527971097014
2022-01-30 16:00:00,10430.434045427985,10544.684672332578,16825.54900661623
2022-01-30 20:00:00,10305.31296667923,10408.193893489019,16365.118296220986
2022-01-31 00:00:00,10396.402526554637,10508.554760285753,16617.162141102184
2022-01-31 04:00:00,10165.817055273405,10255.336573290917,16075.41630986884
2022-01-31 08:00:00,10190.096166194911,10277.879167986797,16078.342720395536
2022-01-31 12:00:00,10231.057856399904,10322.037949377362,16267.467605982023
2022-01-31 16:00:00,10293.915431914476,10398.929813477012,16716.619604042946
2022-01-31 20:00:00,10336.802729901912,10554.25755501165,17114.713419415348
2022-02-01 00:00:00,10381.813396641162,10589.769861724342,17214.292665653316
2022-02-01 04:00:00,10740.822822595972,10613.856469755558,18101.352083448925
2022-02-01 08:00:00,10648.946396657713,10550.860725673916,17871.19975138981
2022-02-01 12:00:00,10714.659323715334,10546.53748833498,17996.494218862204
2022-02-01 16:00:00,10817.777321901098,10618.179707094494,18283.021797759815
2022-02-01 20:00:00,10765.320081217198,10549.007909671514,18155.793428032466
2022-02-02 00:00:00,10876.790463482013,10615.400483090893,18417.82293451533
2022-02-02 04:00:00,10881.18026209523,10559.507200351789,18445.448598804553
2022-02-02 08:00:00,10760.681380533126,10495.276245601877,18145.79560295541
2022-02-02 12:00:00,10813.289603281988,10517.81884029776,18282.27295043737
2022-02-02 16:00:00,10526.440960631595,10239.896439937573,17671.67679149841
2022-02-02 20:00:00,10661.44877806846,10272.320719979594,18131.740980902166
2022-02-03 00:00:00,10384.93480892487,10096.303199751475,17248.041224381937
2022-02-03 04:00:00,10199.378615314181,10078.08384239453,16727.598158033583
2022-02-03 08:00:00,10199.378615314181,10141.697191810306,17012.234724293354
2022-02-03 12:00:00,10199.378615314181,10083.0246850676,16733.047274693494
2022-02-03 16:00:00,10199.378615314181,9998.412754291276,16664.389592468673
2022-02-03 20:00:00,10199.378615314181,9886.317386146,16421.717224557422
2022-02-04 00:00:00,10199.378615314181,10082.0982770664,17079.01306153268
2022-02-04 04:00:00,10199.378615314181,10066.349341045989,17115.728000371266
2022-02-04 08:00:00,10199.378615314181,10209.324975897953,17566.75881545849
2022-02-04 12:00:00,10199.378615314181,10183.385551864334,17534.19552586774
2022-02-04 16:00:00,10158.581100852924,10653.692013807186,18041.103000018968
2022-02-04 20:00:00,10365.119057649656,10985.963683571143,18591.670884097413
2022-02-05 00:00:00,10483.318935397114,11210.772025195827,18906.662104523028
2022-02-05 04:00:00,10457.408209984098,11181.74457449154,19049.819354436986
2022-02-05 08:00:00,10502.915203927538,11178.038942486739,19201.3275134048
2022-02-05 12:00:00,10509.143362636083,11198.111115846086,19174.75259944944
2022-02-05 16:00:00,10634.604935252608,11290.134310632015,19415.47669582404
2022-02-05 20:00:00,10465.088252016354,11208.919209193426,19018.127308342486
2022-02-06 00:00:00,10472.789226328536,11172.7892971466,19063.755779983596
2022-02-06 04:00:00,10502.217548603598,11195.64069450955,19147.699876713672
2022-02-06 08:00:00,10505.147844149946,11242.887502570782,19126.56671658533
2022-02-06 12:00:00,10497.179003389707,11221.580118543168,19121.779591693783
2022-02-06 16:00:00,10437.205504538357,11223.741737212637,18965.061803599583
2022-02-06 20:00:00,10461.702262820967,11261.415662594794,18989.46265011288
2022-02-07 00:00:00,10637.579059677148,11431.87473481571,19329.893729690615
2022-02-07 04:00:00,10839.220727801745,11581.95283101021,19833.247289181796
2022-02-07 08:00:00,10784.77477507674,11557.24861764486,19639.430543964456
2022-02-07 12:00:00,10768.048381470366,11548.910945634056,19629.866036727697
2022-02-07 16:00:00,11040.208809111644,11853.081572694928,20179.252654508364
2022-02-07 20:00:00,11095.519296446291,11966.103348841403,20168.013340046607
2022-02-08 00:00:00,10949.88894940861,11846.90551935359,19832.14708268627
2022-02-08 04:00:00,11004.6725268936,11945.104767480856,19917.08926438902
2022-02-08 08:00:00,11132.759233312645,12182.265215788217,20073.90239072027
2022-02-08 12:00:00,10818.552137304236,11903.725210093895,19502.519136477644
2022-02-08 16:00:00,10724.209378987733,11771.866471256339,19216.666093167027
2022-02-08 20:00:00,10660.137375249933,11640.934140419984,19003.44790218036
2022-02-09 00:00:00,10660.137375249933,11931.517450129913,19459.525683580123
2022-02-09 04:00:00,10660.137375249933,11727.707689865776,19108.134251227202
2022-02-09 08:00:00,10660.137375249933,11874.697759389608,19261.141916422723
2022-02-09 12:00:00,10660.137375249933,11826.833345994242,19450.49478397831
2022-02-09 16:00:00,10660.137375249933,11875.62416739081,19480.059951403833
2022-02-09 20:00:00,10638.817100499433,12019.83501291104,19803.265894880416
2022-02-10 00:00:00,10640.066970047475,12014.894170237969,19710.48056825321
2022-02-10 04:00:00,10569.3243536283,11843.817492682922,19253.917464076443
2022-02-10 08:00:00,10575.948662232922,11927.81181812511,19428.92700326248
2022-02-10 12:00:00,10641.441826550321,12131.930381056316,19713.464202148956
2022-02-10 16:00:00,10587.82242293932,12122.048695710175,19438.15648817755
2022-02-10 20:00:00,10470.648652653845,11982.778692863014,18983.523611768225
2022-02-11 00:00:00,10470.648652653845,11786.68899927555,18633.737534240696
2022-02-11 04:00:00,10470.648652653845,11767.543233917402,18518.886870823848
2022-02-11 08:00:00,10470.648652653845,11773.410484591674,18662.88505103663
2022-02-11 12:00:00,10470.648652653845,11762.293588577266,18612.32019230783
2022-02-11 16:00:00,10470.648652653845,11848.140730021858,18776.506053991092
2022-02-11 20:00:00,10470.648652653845,11656.374273773328,17933.41668791719
2022-02-12 00:00:00,10470.648652653845,11534.088417614845,17454.887246816903
2022-02-12 04:00:00,10470.648652653845,11534.088417614845,17541.730719852432
2022-02-12 08:00:00,10470.648652653845,11476.959924207473,17184.051815390707
2022-02-12 12:00:00,10470.648652653845,11549.219748301122,17450.692529027736
2022-02-12 16:00:00,10470.648652653845,11470.783870866137,17229.10875651041
2022-02-12 20:00:00,10470.648652653845,11627.038020401975,17612.20124728065
2022-02-13 00:00:00,10470.648652653845,11512.163428253098,17396.020890870102
2022-02-13 04:00:00,10470.648652653845,11520.192297596835,17441.894247396318
2022-02-13 08:00:00,10470.648652653845,11563.115868319132,17465.77704877562
2022-02-13 12:00:00,10470.648652653845,11587.202476350349,17481.37844188886
2022-02-13 16:00:00,10470.648652653845,11587.511279017415,17389.401518118706
2022-02-13 20:00:00,10470.648652653845,11437.124380155847,16916.989633247103
2022-02-14 00:00:00,10470.648652653845,11425.698681474372,16989.506238632588
2022-02-14 04:00:00,10470.648652653845,11411.802561456363,17054.9756333907
2022-02-14 08:00:00,10470.648652653845,11524.206732268705,17248.75807156049
2022-02-14 12:00:00,10470.648652653845,11515.869060257899,17114.272336861293
2022-02-14 16:00:00,10470.648652653845,11645.25737775892,17579.43777127492
2022-02-14 20:00:00,10470.648652653845,11521.118705598037,17227.027125074972
2022-02-15 00:00:00,10470.648652653845,11627.346823069041,17560.410217745637
2022-02-15 04:00:00,10408.199455918335,11887.35866873935,18264.985723466765
2022-02-15 08:00:00,10476.039661892897,11938.928714139518,18386.525724688978
2022-02-15 12:00:00,10555.13028098969,12045.46563427759,18491.369528029656
2022-02-15 16:00:00,10586.935587080683,12032.804724927848,18539.018715617778
2022-02-15 20:00:00,10503.482845060065,11972.588204849808,18363.351360393768
2022-02-16 00:00:00,10773.844768302126,12130.695170388048,18917.335812240184
2022-02-16 04:00:00,10584.179551396895,11979.999468859412,18527.48296209554
2022-02-16 08:00:00,10637.246158918406,12005.630090225963,18663.125106099127
2022-02-16 12:00:00,10554.62151948704,11989.263548871419,18461.55061522373
2022-02-16 16:00:00,10334.385467925958,11856.478402032662,18011.098397667185
2022-02-16 20:00:00,10625.632409609421,12008.409314229566,18598.48815265196
2022-02-17 00:00:00,10500.026561674733,11925.341396788575,18358.771286440882
2022-02-17 04:00:00,10375.239759524684,11876.859378059076,18075.718155750932
2022-02-17 08:00:00,10463.898123328456,11939.85512214072,18271.461551825152
2022-02-17 12:00:00,10251.017173377335,11730.795716536444,17966.103640938956
2022-02-17 16:00:00,10141.048874804337,11401.920876110224,17566.848545599343
2022-02-17 20:00:00,10141.048874804337,11199.346326514353,17139.703977818463
2022-02-18 00:00:00,10141.048874804337,11021.7847929509,16939.84506900228
2022-02-18 04:00:00,10141.048874804337,11063.781955671995,17057.611163030942
2022-02-18 08:00:00,10141.048874804337,11060.693929001327,17125.5597359777
2022-02-18 12:00:00,10141.048874804337,10936.246454173375,16941.923290460607
2022-02-18 16:00:00,10141.048874804337,10857.81057673839,16520.558124778978
2022-02-18 20:00:00,10141.048874804337,10960.333062204592,16586.12953788664
2022-02-19 00:00:00,10141.048874804337,10914.939070145761,16432.64172732475
2022-02-19 04:00:00,10141.048874804337,10960.024259537526,16629.244558135695
2022-02-19 08:00:00,10141.048874804337,11007.88867293289,16748.182234989537
2022-02-19 12:00:00,10141.048874804337,10876.956342096535,16299.767780088248
2022-02-19 16:00:00,10141.048874804337,10910.924635473892,16500.51077708238
2022-02-19 20:00:00,10141.048874804337,10899.498936792417,16371.289526934677
2022-02-20 00:00:00,10141.048874804337,10930.070400832037,16549.930576061968
2022-02-20 04:00:00,10141.048874804337,10842.061640717979,16149.868405886824
2022-02-20 08:00:00,10141.048874804337,10564.756845691925,15867.726933103258
2022-02-20 12:00:00,10141.048874804337,10452.970280213716,16005.550789546443
2022-02-20 16:00:00,10141.048874804337,10447.72063487358,16024.252771648524
2022-02-20 20:00:00,10141.048874804337,10474.586466908397,16307.453824124532
2022-02-21 00:00:00,10141.048874804337,10478.909704247333,16146.917819351798
2022-02-21 04:00:00,10141.048874804337,10593.784296396212,16587.12643125854
2022-02-21 08:00:00,10120.766777054729,10682.101859177337,16806.50161016823
2022-02-21 12:00:00,9881.468067227986,10229.088346590232,15877.659669204018
2022-02-21 16:00:00,9881.468067227986,10573.403320369798,16189.054368009369
2022-02-21 20:00:00,9881.468067227986,10414.98755216449,15857.180320759482
2022-02-22 00:00:00,9881.468067227986,10114.213754441354,15190.03537737824
2022-02-22 04:00:00,9881.468067227986,10001.191978294879,14975.238552287177
2022-02-22 08:00:00,9881.468067227986,10046.277167686641,15025.62197336412
2022-02-22 12:00:00,9881.468067227986,10219.824266578225,15424.414989357727
2022-02-22 16:00:00,9881.468067227986,10287.452050665872,15577.287761638807
2022-02-22 20:00:00,9881.468067227986,10381.945666788335,15685.987145453542
2022-02-23 00:00:00,9881.468067227986,10421.781210839961,15722.257103418779
2022-02-23 04:00:00,9881.468067227986,10291.775288004808,15720.166668428647
2022-02-23 08:00:00,9881.468067227986,10411.899525493822,16058.44705122225
2022-02-23 12:00:00,9881.468067227986,10579.888176378201,16441.840730975255
2022-02-23 16:00:00,9881.468067227986,10511.025181622288,16138.66628633054
2022-02-23 20:00:00,9881.468067227986,10278.187970653866,15848.892630157134
2022-02-24 00:00:00,9881.468067227986,10174.739077186461,15377.04419199409
2022-02-24 04:00:00,9881.468067227986,9596.969287104339,14294.44944075992
2022-02-24 08:00:00,9881.468067227986,9698.256561902273,14752.014626471886
2022-02-24 12:00:00,9881.468067227986,9794.911796694205,14809.399467218718
2022-02-24 16:00:00,9881.468067227986,9989.457476946336,15408.861788122402
2022-02-24 20:00:00,9861.705131093531,10293.010498673075,16225.017863224963
2022-02-25 00:00:00,9801.846900004704,10579.270571044068,16151.82685620946
2022-02-25 04:00:00,9781.919858358271,10723.790219231365,16246.294508744675
2022-02-25 08:00:00,9721.746384514114,10607.371613747153,16109.992669608528
2022-02-25 12:00:00,9794.787543520622,10712.055717882824,16298.548173318042
2022-02-25 16:00:00,9843.153368151572,10829.09192870117,16545.895366142664
2022-02-25 20:00:00,9645.059396735647,10621.885339099297,16219.26641990641
2022-02-26 00:00:00,9903.336596204586,10749.729643264984,16703.534226287265
2022-02-26 04:00:00,9962.681058802129,10813.960598014894,16774.161053894928
2022-02-26 08:00:00,9922.876044991599,10763.316960615926,16693.719412872066
2022-02-26 12:00:00,9803.380170099845,10694.76276852708,16472.774846824912
2022-02-26 16:00:00,9877.559660339326,10764.552171284193,16589.014896227676
2022-02-26 20:00:00,9902.631078563598,10775.6690672986,16603.325026873346
2022-02-27 00:00:00,9824.617301177886,10728.422259237368,16468.55034548313
2022-02-27 04:00:00,9585.509272695323,10593.475493729144,16000.341729413387
2022-02-27 08:00:00,9703.763276248003,10649.677579135316,16253.132053451816
2022-02-27 12:00:00,9921.092564579709,10817.048624685562,16608.687931612098
2022-02-27 16:00:00,9905.105687505737,10777.213080633936,16616.69627234328
2022-02-27 20:00:00,9287.721273823623,10345.198149407377,15593.837948363365
2022-02-28 00:00:00,9310.865365687063,10421.163605505828,15777.631234208759
2022-02-28 04:00:00,9311.267094436076,10485.394560255738,15931.242507384293
2022-02-28 08:00:00,9311.267094436076,10596.87232306688,16107.297705079724
2022-02-28 12:00:00,9311.267094436076,10580.19697904527,16370.073869644038
2022-02-28 16:00:00,9274.022026058332,11237.020251896512,17258.602691420892
2022-02-28 20:00:00,9341.060276935503,11386.789545423946,17379.616710041795
2022-03-01 00:00:00,9575.207764793879,11896.622748751357,18053.37735719626
2022-03-01 04:00:00,9503.688574311951,11901.563591424427,17835.07931967365
2022-03-01 08:00:00,9502.564718060275,11964.559335506068,17798.99009605693
2022-03-01 12:00:00,9560.875822962033,12049.171266282392,17939.54955900008
2022-03-01 16:00:00,9647.525652968205,12109.387786360434,18078.486580879595
2022-03-01 20:00:00,9657.069995269056,12155.399383753398,18088.744706577017
2022-03-02 00:00:00,9769.256938624603,12322.461626636577,18292.091551274054
2022-03-02 04:00:00,10002.39922741476,12319.991205300043,18928.374449354196
2022-03-02 08:00:00,9886.906851731033,12249.584197208795,18685.10132434911
2022-03-02 12:00:00,10003.515989724325,12291.890162596956,18959.57684721956
2022-03-02 16:00:00,9860.51355156679,12319.373599965907,18589.560736692263
2022-03-02 20:00:00,9756.953985630415,12144.28248773899,18416.554097796994
2022-03-03 00:00:00,9770.197332552034,12206.043021152365,18400.59367397335
2022-03-03 04:00:00,9630.130701609001,12068.008228973473,18118.23611272109
2022-03-03 08:00:00,9682.351250766405,12092.403639671755,18258.410876770056
2022-03-03 12:00:00,9693.311592200109,12094.256455674156,18272.130101772127
2022-03-03 16:00:00,9424.675025189661,11870.065719383605,17707.850610376147
2022-03-03 20:00:00,9340.462314775146,11787.306604609683,17574.04706068187
2022-03-04 00:00:00,9359.872229144512,11850.611151358393,17686.845770041793
2022-03-04 04:00:00,9271.050688738876,11598.628175031823,17081.232474598204
2022-03-04 08:00:00,9271.050688738876,11618.700348391169,17161.955799967443
2022-03-04 12:00:00,9271.050688738876,11725.546071196308,17389.553447861384
2022-03-04 16:00:00,9271.050688738876,11496.414492232687,17078.204233907134
2022-03-04 20:00:00,9271.050688738876,11229.917790553973,16621.006865805455
2022-03-05 00:00:00,9271.050688738876,11066.561179675597,16550.641127707677
2022-03-05 04:00:00,9271.050688738876,11051.121046322252,16499.53139337469
2022-03-05 08:00:00,9271.050688738876,11042.783374311448,16641.941256651902
2022-03-05 12:00:00,9271.050688738876,11075.516457020536,16647.839459293587
2022-03-05 16:00:00,9271.050688738876,11075.825259687603,16670.058862474598
2022-03-05 20:00:00,9271.050688738876,11160.12838779686,16837.053970574714
2022-03-06 00:00:00,9271.050688738876,11132.953753094975,16760.34599912636
2022-03-06 04:00:00,9271.050688738876,11109.79355306496,16529.40332963388
2022-03-06 08:00:00,9271.050688738876,11145.923465111784,16618.626233318035
2022-03-06 12:00:00,9271.050688738876,10853.178536732386,16329.715988077234
2022-03-06 16:00:00,9271.050688738876,10988.434104907677,16421.187957433296
2022-03-06 20:00:00,9271.050688738876,10935.011243505109,16182.651525945537
2022-03-07 00:00:00,9271.050688738876,10907.219003469088,16056.185068367144
2022-03-07 04:00:00,9271.050688738876,10766.713789953661,15764.437840671635
2022-03-07 08:00:00,9271.050688738876,10771.345829959664,15689.11610910105
2022-03-07 12:00:00,9271.050688738876,10922.9679394895,15951.664423962648
2022-03-07 16:00:00,9271.050688738876,11094.662222378682,16281.98467076142
2022-03-07 20:00:00,9271.050688738876,10619.414917762762,15439.932353689765
2022-03-08 00:00:00,9271.050688738876,10794.814832656746,15665.859640262981
2022-03-08 04:00:00,9271.050688738876,10978.24361689447,15986.271934314213
2022-03-08 08:00:00,9271.050688738876,10956.318627532723,15920.933125517964
2022-03-08 12:00:00,9271.050688738876,11064.399561006128,16110.662595761365
2022-03-08 16:00:00,9271.050688738876,10976.081998225003,15921.449368528993
2022-03-08 20:00:00,9271.050688738876,10969.905944883665,15933.59288685933
2022-03-09 00:00:00,9271.050688738876,10974.846787556735,15859.452504420522
2022-03-09 04:00:00,9233.966485983921,11666.564761786534,16902.383998184283
2022-03-09 08:00:00,9324.215844535996,11819.730884651704,17084.26254308437
2022-03-09 12:00:00,9316.428203090982,11857.71361270093,16923.954339892167
2022-03-09 16:00:00,9318.603485570207,11882.417826066281,16956.575607676066
2022-03-09 20:00:00,9231.92485509094,11767.234431250336,16601.50883655187
2022-03-10 00:00:00,9230.074873846113,11716.899596518435,16714.83973681144
2022-03-10 04:00:00,9073.397402873446,11387.40715075808,16257.052509939891
2022-03-10 08:00:00,8849.603356656273,10950.760179525518,15759.277272483992
2022-03-10 12:00:00,8849.603356656273,10938.71687550991,15702.152498779982
2022-03-10 16:00:00,8849.603356656273,10985.03727556994,15740.67377259399
2022-03-10 20:00:00,8849.603356656273,11085.398142366676,15888.14202259956
2022-03-11 00:00:00,8849.603356656273,11063.164350337862,15862.213530336263
2022-03-11 04:00:00,8849.603356656273,10877.573947430668,15650.356542243208
2022-03-11 08:00:00,8849.603356656273,11009.123883601158,15836.15182702825
2022-03-11 12:00:00,8849.603356656273,11190.391049169413,16031.016917039731
2022-03-11 16:00:00,8849.603356656273,10995.227763583149,15735.30609057521
2022-03-11 20:00:00,8849.603356656273,10977.31720889327,15657.033646155083
2022-03-12 00:00:00,8849.603356656273,10962.49468087406,15655.981255167128
2022-03-12 04:00:00,8849.603356656273,11055.753086328255,15841.222978339098
2022-03-12 08:00:00,8849.603356656273,11072.428430349868,15845.836276732178
2022-03-12 12:00:00,8849.603356656273,11057.914704997724,15768.853334916468
2022-03-12 16:00:00,8849.603356656273,11064.090758339062,15830.134059135042
2022-03-12 20:00:00,8849.603356656273,11050.812243655186,15825.596534383822
2022-03-13 00:00:00,8849.603356656273,10993.374947580747,15744.891736792582
2022-03-13 04:00:00,8849.603356656273,11111.337566400294,15942.032235760049
2022-03-13 08:00:00,8849.603356656273,11072.1196276828,15846.408376207128
2022-03-13 12:00:00,8849.603356656273,10977.934814227403,15721.089837055762
2022-03-13 16:00:00,8849.603356656273,11010.050291602358,15760.0912924123
2022-03-13 20:00:00,8849.603356656273,10980.096432896871,15634.944906106448
2022-03-14 00:00:00,8849.603356656273,10684.881083180939,15279.022847790286
2022-03-14 04:00:00,8849.603356656273,10817.666230019695,15475.013120323212
2022-03-14 08:00:00,8849.603356656273,11036.916123637176,15722.3194132198
2022-03-14 12:00:00,8849.603356656273,10971.758760886067,15672.058182477242
2022-03-14 16:00:00,8849.603356656273,10968.979536882463,15626.722003147435
2022-03-14 20:00:00,8849.603356656273,10941.80490218058,15502.279489192737
2022-03-15 00:00:00,8831.90414994296,11192.552667838881,15803.933383078493
2022-03-15 04:00:00,8737.836695514823,10901.042950127752,15424.681806185297
2022-03-15 08:00:00,8737.836695514823,10792.344411320211,15323.81173838345
2022-03-15 12:00:00,8737.836695514823,10869.853880753997,15453.933758441097
2022-03-15 16:00:00,8737.836695514823,10982.566854233406,15649.74864456707
2022-03-15 20:00:00,8702.885348732763,11202.74315585209,16233.455709717186
2022-03-16 00:00:00,8598.879123101222,11069.649206346265,15945.237369555201
2022-03-16 04:00:00,8569.201859280834,11028.269648959304,15855.208282501648
2022-03-16 08:00:00,8631.795616816507,11158.893177128592,16024.15761813839
2022-03-16 12:00:00,8687.592109726813,11377.834268079007,16258.867032592607
2022-03-16 16:00:00,8706.862761202108,11414.890588127031,16266.181670564787
2022-03-16 20:00:00,8799.802565606777,11429.713116146242,16470.27235545594
2022-03-17 00:00:00,8916.24682759932,11521.427508265104,16738.721208500996
2022-03-17 04:00:00,8903.077434913004,11483.753582882944,16735.80698729834
2022-03-17 08:00:00,8840.26963598572,11398.832849439554,16605.373168386108
2022-03-17 12:00:00,8864.334655975748,11385.863137422746,16651.212614397908
2022-03-17 16:00:00,8918.760407231302,11354.674068048991,16797.355735769677
2022-03-17 20:00:00,9009.765080054276,11383.39271608621,17006.14727011969
2022-03-18 00:00:00,8896.402166976559,11397.906441438354,16689.43032498029
2022-03-18 04:00:00,8771.449428262877,11295.075153305084,16417.097469950757
2022-03-18 08:00:00,8792.179406287029,11315.147326664432,16441.249175948236
2022-03-18 12:00:00,8804.595112238905,11315.764931998565,16448.50984598855
2022-03-18 16:00:00,9041.314672509061,11439.903604159448,16926.19154505256
2022-03-18 20:00:00,9279.09065232581,11742.221415217919,17393.867094078752
2022-03-19 00:00:00,9190.228257658477,11663.476735115866,17205.259460736503
2022-03-19 04:00:00,9223.48900967579,11677.990460468009,17281.52311781963
2022-03-19 08:00:00,9146.588026468227,11630.126047072643,17120.740234278546
2022-03-19 12:00:00,9219.402758446085,11661.006313779331,17288.449047680515
2022-03-19 16:00:00,9388.496154823166,11734.19254587418,17709.330506611303
2022-03-19 20:00:00,9320.808914889936,11740.677401882585,17541.55789001714
2022-03-20 00:00:00,9316.142610537969,11793.791460618088,17513.165946292163
2022-03-20 04:00:00,9216.990616245552,11703.621081834559,17290.811696534052
2022-03-20 08:00:00,9225.402218216674,11703.312279167492,17324.44522554658
2022-03-20 12:00:00,9124.78215447158,11628.58203373731,17122.59112619675
2022-03-20 16:00:00,8976.985449975276,11535.323628283113,16948.746178731682
2022-03-20 20:00:00,8976.985449975276,11560.645446982597,17056.187154878735
2022-03-21 00:00:00,8976.985449975276,11538.411654953781,16949.121204254552
2022-03-21 04:00:00,8976.985449975276,11426.007484141439,16783.095684131786
2022-03-21 08:00:00,8976.985449975276,11493.326465562019,17078.516481275557
2022-03-21 12:00:00,8976.985449975276,11555.704604309527,17176.21705600984
2022-03-21 16:00:00,8976.985449975276,11524.206732268705,17167.21694921622
2022-03-21 20:00:00,8976.985449975276,11538.102852286715,17069.477377607654
2022-03-22 00:00:00,8976.985449975276,11498.267308235088,16978.460704642457
2022-03-22 04:00:00,8941.077508175376,11851.228756692526,17557.742707997488
2022-03-22 08:00:00,8941.291208714849,11880.256207396813,17482.34981502111
2022-03-22 12:00:00,9010.821454600728,12073.25787431361,17755.25322791776
2022-03-22 16:00:00,8952.59062473942,11933.679068799382,17713.67515776877
2022-03-22 20:00:00,8906.71364564675,11838.259044675717,17513.575233470212
2022-03-23 00:00:00,8899.740125259626,11858.331218035064,17405.97984842796
2022-03-23 04:00:00,8862.225560327199,11790.394631280351,17319.911595223803
2022-03-23 08:00:00,8867.955079443926,11803.981948631294,17453.045232270077
2022-03-23 12:00:00,8881.435689981708,11825.28933265891,17524.71858127482
2022-03-23 16:00:00,8981.968428237495,11975.058626186343,18105.568209350873
2022-03-23 20:00:00,8789.440869741426,11856.169599365596,17663.143746553673
2022-03-24 00:00:00,8980.404462612118,12040.524791604521,18066.796245218822
2022-03-24 04:00:00,8952.21742708441,12009.9533275649,18013.342441955094
2022-03-24 08:00:00,9082.816963897489,12123.59270904551,18346.951477721996
2022-03-24 12:00:00,9165.769975735318,12085.91878366335,18630.97947744312
2022-03-24 16:00:00,9332.782572929907,12340.680983993523,18939.162198937724
2022-03-24 20:00:00,9365.18844346395,12321.535218635376,19065.948464526547
2022-03-25 00:00:00,9352.66459762496,12336.357746654587,19012.857206257322
2022-03-25 04:00:00,9384.745208953816,12306.712690616167,19104.382546388657
2022-03-25 08:00:00,9366.788064333408,12309.800717286835,19052.190623214694
2022-03-25 12:00:00,9507.46428898297,12517.624912222842,19338.527566925914
2022-03-25 16:00:00,9339.861512358757,12457.099589477735,18878.309872730257
2022-03-25 20:00:00,9293.596004722964,12493.538304191627,18713.417103624728
2022-03-26 00:00:00,9282.080258251524,12478.406973505349,18703.250599814826
2022-03-26 04:00:00,9309.245423381657,12503.1111868707,18768.68449577048
2022-03-26 08:00:00,9412.841256865016,12538.314690916322,19045.378697298725
2022-03-26 12:00:00,9360.354125041238,12491.06788285509,18917.478825591148
2022-03-26 16:00:00,9368.458588720981,12443.203469459726,18985.426496943142
2022-03-26 20:00:00,9423.742419164566,12486.12704018202,19141.98141953405
2022-03-27 00:00:00,9425.391223849589,12528.124202903116,19078.840600800908
2022-03-27 04:00:00,9438.53956929065,12578.459037635017,19102.249582431745
2022-03-27 08:00:00,9471.922194051242,12593.590368321293,19178.943094813098
2022-03-27 12:00:00,9391.927583380699,12530.903426906718,18961.994975184636
2022-03-27 16:00:00,9473.829944466303,12622.000213691446,19143.19002178382
2022-03-27 20:00:00,9524.539758892988,12603.163251000366,19319.119836555405
2022-03-28 00:00:00,9900.742966687958,13174.139382407018,20057.4696685062
2022-03-28 04:00:00,9947.422587597055,13248.560825170134,20127.268850803757
2022-03-28 08:00:00,10028.178385804049,13249.796035838403,20378.07886955369
2022-03-28 12:00:00,10095.435517849379,13319.276635928449,20523.165146462867
2022-03-28 16:00:00,10093.185987545237,13333.790361280593,20497.165728079322
2022-03-28 20:00:00,10223.592238529396,13473.36916679482,20764.056470167947
2022-03-29 00:00:00,9907.321975221043,13233.120691816792,19981.446225843683
2022-03-29 04:00:00,10070.827158676046,13302.601291906838,20419.363718036107
2022-03-29 08:00:00,10099.330644813886,13290.866790558297,20495.710262649452
2022-03-29 12:00:00,10258.568251137032,13356.950561310608,20891.789898593997
2022-03-29 16:00:00,10087.094456237694,13190.505923761562,20528.381462851958
2022-03-29 20:00:00,10210.950485549149,13287.778763887629,20836.89048093048
2022-03-30 00:00:00,10078.386270637453,13217.062953129314,20487.001118062206
2022-03-30 04:00:00,10036.164619207164,13190.197121094496,20398.845322837384
2022-03-30 08:00:00,10086.175474036689,13146.347142371,20553.8935508939
2022-03-30 12:00:00,10062.61924517094,13114.231664996045,20498.01312127951
2022-03-30 16:00:00,10322.462474997243,13040.119024899994,21461.427483072526
2022-03-30 20:00:00,10298.98199354868,13041.971840902395,21355.50893364645
2022-03-31 00:00:00,10250.16105807313,13032.398958223323,21287.837721284537
2022-03-31 04:00:00,10274.879498692362,13020.973259541848,21347.633322459733
2022-03-31 08:00:00,10328.31506815079,13068.837672937214,21588.521463880497
2022-03-31 12:00:00,10469.206597088913,13127.201377012852,22113.24407897728
2022-03-31 16:00:00,10403.322069168207,12925.553235418183,21744.145911201187
2022-03-31 20:00:00,10355.682487440929,12739.654029843925,21440.66665289897
2022-04-01 00:00:00,10336.423933125647,12697.039261788696,21354.22631675032
2022-04-01 04:00:00,10319.192595054077,12453.085154805865,21170.761936801973
2022-04-01 08:00:00,10457.043299626628,12582.473472306885,21726.34970941911
2022-04-01 12:00:00,10395.213204193351,12600.69282966383,21533.536273044014
2022-04-01 16:00:00,10647.601626535743,13016.650022202912,22723.54773192416
2022-04-01 20:00:00,10775.346010043027,12968.168003473413,23255.064846929614
2022-04-02 00:00:00,10669.19324934794,12916.597958073244,22917.26410344131
2022-04-02 04:00:00,10695.389736770816,13031.163747555054,22996.691767742945
2022-04-02 08:00:00,10740.595364964542,13022.82607554425,23126.58415276149
2022-04-02 12:00:00,10800.017033195621,13024.987694213718,23317.109808556146
2022-04-02 16:00:00,10777.803717247478,12942.228579439796,23269.591770839004
2022-04-02 20:00:00,10723.602715826066,12901.466627386968,23053.565810731237
2022-04-03 00:00:00,10595.829860518945,12804.502589927968,22653.79667803276
2022-04-03 04:00:00,10711.907312491325,12861.322280668273,23024.790427555272
2022-04-03 08:00:00,10811.520634502716,12990.09299283516,23329.188798714087
2022-04-03 12:00:00,10846.257630085294,12939.75815810326,23447.871961460798
2022-04-03 16:00:00,10774.93812052908,12982.064123491422,23189.837765804157
2022-04-03 20:00:00,10729.552567143157,12973.417648813549,23061.296939333864
2022-04-04 00:00:00,10811.77244114396,12980.21130748902,23272.781149970164
2022-04-04 04:00:00,10727.983761288346,12872.747979349748,23021.626974808405
2022-04-04 08:00:00,10810.412632133615,12932.346894093655,23278.719510529463
2022-04-04 12:00:00,10741.123263705682,12958.903923461407,23085.541628637035
2022-04-04 16:00:00,10499.329207453906,12831.05961929572,22419.081724766744
2022-04-04 20:00:00,10575.998344997863,12938.522947434993,22672.521812162042
2022-04-05 00:00:00,10578.0641468902,13093.850688969631,22942.778729555364
2022-04-05 04:00:00,10596.429230360092,13127.51017967992,23102.717651500505
2022-04-05 08:00:00,10591.501318679391,13127.51017967992,23066.735088092035
2022-04-05 12:00:00,10601.459403517889,13152.523195712336,23240.177406218012
2022-04-05 16:00:00,10469.900745083276,12947.787027446999,22826.24438574128
2022-04-05 20:00:00,10489.383186611636,13030.546142220921,22846.860445656766
2022-04-06 00:00:00,10403.373937393788,12881.085651360554,22276.94402996056
2022-04-06 04:00:00,10403.373937393788,12821.795539283714,21859.801053839197
2022-04-06 08:00:00,10403.373937393788,12835.691659301723,22059.857088526012
2022-04-06 12:00:00,10403.373937393788,12697.65686712283,21504.288257476466
2022-04-06 16:00:00,10403.373937393788,12504.964002873101,20977.585672864967
2022-04-06 20:00:00,10403.373937393788,12391.942226726624,21044.315033287385
2022-04-07 00:00:00,10403.373937393788,12228.894418515314,20300.91989675833
2022-04-07 04:00:00,10403.373937393788,12266.877146564539,20427.95652741783
2022-04-07 08:00:00,10403.373937393788,12313.506349291638,20765.072519268055
2022-04-07 12:00:00,10403.373937393788,12391.942226726624,20912.85160450864
2022-04-07 16:00:00,10403.373937393788,12282.62608258495,20403.536104363324
2022-04-07 20:00:00,10403.373937393788,12330.799298647382,20943.71838520537
2022-04-08 00:00:00,10403.373937393788,12351.489077340862,21041.796413099248
2022-04-08 04:00:00,10403.373937393788,12397.809477400895,21509.819291714768
2022-04-08 08:00:00,10403.373937393788,12437.336218785455,21232.18209952198
2022-04-08 12:00:00,10403.373937393788,12304.859874613765,20789.468771420805
2022-04-08 16:00:00,10403.373937393788,12394.721450730225,20947.799930668825
2022-04-08 20:00:00,10403.373937393788,12139.34164506592,20456.614726293825
2022-04-09 00:00:00,10403.373937393788,12004.703682224763,19987.67465046787
2022-04-09 04:00:00,10403.373937393788,12038.363172935053,20003.139330889455
2022-04-09 08:00:00,10403.373937393788,12063.067386300401,20113.63765633404
2022-04-09 12:00:00,10403.373937393788,12056.582530291998,20101.115218494924
2022-04-09 16:00:00,10403.373937393788,12007.482906228364,19995.633179675122
2022-04-09 20:00:00,10403.373937393788,12090.859626336422,20102.17497611214
2022-04-10 00:00:00,10403.373937393788,12158.487410424066,20473.53395920118
2022-04-10 04:00:00,10403.373937393788,12162.19304242887,20531.42988886613
2022-04-10 08:00:00,10403.373937393788,12125.754327714978,20292.260927467978
2022-04-10 12:00:00,10403.373937393788,12137.488829063519,20249.03992677501
2022-04-10 16:00:00,10403.373937393788,12158.178607757,20402.700941675434
2022-04-10 20:00:00,10403.373937393788,12266.877146564539,20650.334919290417
2022-04-11 00:00:00,10403.373937393788,11969.191375512071,20076.976173215477
2022-04-11 04:00:00,10403.373937393788,11958.692084831799,19926.332994128436
2022-04-11 08:00:00,10403.373937393788,11989.572351538485,20030.754141202895
2022-04-11 12:00:00,10403.373937393788,11636.302100413981,18999.725205609197
2022-04-11 16:00:00,10403.373937393788,11528.838772274708,18663.97442586969
2022-04-11 20:00:00,10403.373937393788,11350.350830710055,18605.849998023565
2022-04-12 00:00:00,10403.373937393788,11229.608987886906,18378.070393558264
2022-04-12 04:00:00,10403.373937393788,11299.39839064402,18399.018191359646
2022-04-12 08:00:00,10403.373937393788,11422.301852136636,18852.764075896237
2022-04-12 12:00:00,10403.373937393788,11492.400057560817,19171.905173914653
2022-04-12 16:00:00,10403.373937393788,11445.153249499584,19219.873124325095
2022-04-12 20:00:00,10403.373937393788,11207.375195858092,18520.70526680246
2022-04-13 00:00:00,10403.373937393788,11443.300433497185,18939.594391368868
2022-04-13 04:00:00,10403.373937393788,11427.242694809707,19011.03823506998
2022-04-13 08:00:00,10403.373937393788,11439.903604159448,19030.361468813036
2022-04-13 12:00:00,10403.373937393788,11333.98428935551,18652.55625906033
2022-04-13 16:00:00,10403.373937393788,11700.53305516389,19257.70453555796
2022-04-13 20:00:00,10403.373937393788,11656.374273773328,19069.61091143867
2022-04-14 00:00:00,10403.373937393788,11642.478153755319,19183.240654210058
2022-04-14 04:00:00,10403.373937393788,11710.723543177099,19301.105901379306
2022-04-14 08:00:00,10403.373937393788,11689.72496181655,19354.45406774714
2022-04-14 12:00:00,10403.373937393788,11619.317953725304,19023.794591560683
2022-04-14 16:00:00,10403.373937393788,11421.993049469569,18752.171975715828
2022-04-14 20:00:00,10403.373937393788,11351.586041378323,18460.417477282386
2022-04-15 00:00:00,10403.373937393788,11407.479324117427,18668.48986252003
2022-04-15 04:00:00,10403.373937393788,11493.635268229085,18881.076454614813
2022-04-15 08:00:00,10403.373937393788,11504.443361576425,18838.358620938518
2022-04-15 12:00:00,10403.373937393788,11483.444780215877,18808.975155255077
2022-04-15 16:00:00,10403.373937393788,11547.984537632854,18903.914869763976
2022-04-15 20:00:00,10403.373937393788,11533.470812280711,18685.043736346892
2022-04-16 00:00:00,10403.373937393788,11595.84895102822,18848.75530477693
2022-04-16 04:00:00,10403.373937393788,11558.792630980195,18790.373841008586
2022-04-16 08:00:00,10403.373937393788,11544.58770829512,18807.19336252971
2022-04-16 12:00:00,10403.373937393788,11549.528550968189,18874.153333601567
2022-04-16 16:00:00,10403.373937393788,11457.814158849327,18713.15994603961
2022-04-16 20:00:00,10403.373937393788,11500.120124237488,18859.349402115207
2022-04-17 00:00:00,10403.373937393788,11550.146156302322,18934.140739444527
2022-04-17 04:00:00,10403.373937393788,11511.854625586031,18831.636847383576
2022-04-17 08:00:00,10403.373937393788,11528.838772274708,18872.695797963235
2022-04-17 12:00:00,10403.373937393788,11569.29192166047,18986.126981093494
2022-04-17 16:00:00,10403.373937393788,11573.306356332338,19299.44392535853
2022-04-17 20:00:00,10403.373937393788,11543.043694959784,19133.37963523136
2022-04-18 00:00:00,10403.373937393788,11337.99872402738,18534.575179355495
2022-04-18 04:00:00,10403.373937393788,11379.687084081408,18695.930874515663
2022-04-18 08:00:00,10403.373937393788,11136.350582432711,17981.969648902144
2022-04-18 12:00:00,10403.373937393788,11151.790715786054,18033.368594215277
2022-04-18 16:00:00,10403.373937393788,11249.372358579187,18279.232173008262
2022-04-18 20:00:00,10382.567189518999,11652.977444435592,18841.50665060102
2022-04-19 00:00:00,10394.69747500886,11693.73939648842,19038.30648556501
2022-04-19 04:00:00,10388.724228366125,11673.667223129072,18895.68665379648
2022-04-19 08:00:00,10378.0642805114,11637.846113749316,18902.019576690975
2022-04-19 12:00:00,10377.053423387246,11634.44928441158,18970.17881408328
2022-04-19 16:00:00,10404.366707611149,11864.816074043469,19584.95257575107
2022-04-19 20:00:00,10416.337261201905,11859.875231370399,19631.47101273635
2022-04-20 00:00:00,10461.76799170221,11876.55057539201,19784.04302557162
2022-04-20 04:00:00,10408.110797068533,11808.30518597023,19698.681161516633
2022-04-20 08:00:00,10371.77071034642,11816.951660648103,19564.574209661812
2022-04-20 12:00:00,10598.04464168922,12006.556498227164,20050.508336412906
2022-04-20 16:00:00,10255.348493541373,11743.765428553254,19307.450317223433
2022-04-20 20:00:00,10263.911822299997,11729.251703201111,19339.876486217683
2022-04-21 00:00:00,10274.943616693894,11779.586537933012,19324.805527318247
2022-04-21 04:00:00,10390.331302915827,11895.696340750155,19569.178072703897
2022-04-21 08:00:00,10318.155635533665,11839.803058011052,19417.652748420427
2022-04-21 12:00:00,10514.981977472173,12041.760002272787,19797.82123529262
2022-04-21 16:00:00,10437.327047392373,12007.174103561298,19645.03971778968
2022-04-21 20:00:00,10156.978186018683,11755.191127234728,19127.033089689845
2022-04-22 00:00:00,9968.86391169135,11530.382785610043,18730.8159941977
2022-04-22 04:00:00,9968.86391169135,11536.250036284313,18837.933102640647
2022-04-22 08:00:00,9968.86391169135,11642.169351088252,18960.101852912754
2022-04-22 12:00:00,9968.86391169135,11577.320791004207,18847.259467997283
2022-04-22 16:00:00,9968.86391169135,11290.443113299081,18455.167490261338
2022-04-22 20:00:00,9968.86391169135,11311.441694659628,18603.379407001397
2022-04-23 00:00:00,9968.86391169135,11366.408569397532,18572.502150163586
2022-04-23 04:00:00,9968.86391169135,11299.089587976954,18471.67035616769
2022-04-23 08:00:00,9968.86391169135,11336.145908024979,18640.404970616284
2022-04-23 12:00:00,9968.86391169135,11352.82125204659,18710.917397325728
2022-04-23 16:00:00,9968.86391169135,11402.22967877729,18785.91188150651
2022-04-23 20:00:00,9968.86391169135,11392.347993431149,18739.19812790139
2022-04-24 00:00:00,9968.86391169135,11287.355086628413,18545.391465623456
2022-04-24 04:00:00,9968.86391169135,11386.171940089813,18686.927984728027
2022-04-24 08:00:00,9968.86391169135,11379.687084081408,18691.218101911385
2022-04-24 12:00:00,9968.86391169135,11342.93956670045,18608.667639426465
2022-04-24 16:00:00,9968.86391169135,11357.453292052593,18521.129905806447
2022-04-24 20:00:00,9968.86391169135,11340.469145363915,18528.93021243567
2022-04-25 00:00:00,9968.86391169135,11279.63501995174,18332.0905612126
2022-04-25 04:00:00,9968.86391169135,11251.225174581588,18178.581225419734
2022-04-25 08:00:00,9968.86391169135,11061.620337002527,17754.92533026941
2022-04-25 12:00:00,9968.86391169135,11165.686835804063,18039.017154235564
2022-04-25 16:00:00,9968.86391169135,11251.533977248655,18143.934249529688
2022-04-25 20:00:00,9928.988456044583,11599.245780365956,18843.348026218737
2022-04-26 00:00:00,9940.216538980523,11649.580615097857,18888.35601072907
2022-04-26 04:00:00,9931.955381126061,11673.976025796139,18867.429177404483
2022-04-26 08:00:00,9971.452855705362,11746.235849889788,18960.4679470797
2022-04-26 12:00:00,9963.82448257581,11705.165095169894,18918.457950601096
2022-04-26 16:00:00,9615.508784802181,11162.907611800461,18123.741719493417
2022-04-26 20:00:00,9615.508784802181,11108.86714506376,18104.629440134784
2022-04-27 00:00:00,9615.508784802181,11067.17878500973,17958.964060876944
2022-04-27 04:00:00,9615.508784802181,11134.806569097376,18116.467932884556
2022-04-27 08:00:00,9615.508784802181,11348.498014707653,18586.472423978536
2022-04-27 12:00:00,9615.508784802181,11384.627926754478,18618.990016171094
2022-04-27 16:00:00,9615.508784802181,11425.081076140239,18525.447727095372
2022-04-27 20:00:00,9615.508784802181,11356.526884051393,18401.300913539606
2022-04-28 00:00:00,9615.508784802181,11483.444780215877,18616.370246030427
2022-04-28 04:00:00,9615.508784802181,11565.2774869886,18773.398460835742
2022-04-28 08:00:00,9615.508784802181,11519.265889595636,18763.476870290506
2022-04-28 12:00:00,9596.277767232577,11686.636935145882,18988.43279640842
2022-04-28 16:00:00,9513.068575480036,11610.053873713297,18620.76734598435
2022-04-28 20:00:00,9525.049104922773,11750.250284561658,18858.059939908468
2022-04-29 00:00:00,9493.503737387553,11676.755249799742,18775.172327261633
2022-04-29 04:00:00,9427.169459591329,11607.274649709694,18638.872217719603
2022-04-29 08:00:00,9416.551206481734,11568.056710992201,18588.40248483491
2022-04-29 12:00:00,9340.997068284554,11357.144489385526,18203.813153091265
2022-04-29 16:00:00,9340.997068284554,11426.93389214264,18312.6162488724
2022-04-29 20:00:00,9340.997068284554,11233.31461989171,17818.49022600431
2022-04-30 00:00:00,9340.997068284554,11316.073734665631,18010.90720100811
2022-04-30 04:00:00,9340.997068284554,11322.867393341103,18022.948687755048
2022-04-30 08:00:00,9340.997068284554,11329.96985468364,18025.29153108674
2022-04-30 12:00:00,9340.997068284554,11311.132891992562,18013.32639219593
2022-04-30 16:00:00,9340.997068284554,11270.988545273867,17806.74752689459
2022-04-30 20:00:00,9340.997068284554,11277.473401282272,17714.446336776447
2022-05-01 00:00:00,9340.997068284554,11039.386544973711,16794.64684536644
2022-05-01 04:00:00,9340.997068284554,11147.467478447117,17271.590701208283
2022-05-01 08:00:00,9340.997068284554,11124.924883751237,17325.2116077305
2022-05-01 12:00:00,9340.997068284554,11125.54248908537,17242.574234839274
2022-05-01 16:00:00,9340.997068284554,11276.238190614005,17547.17624907039
2022-05-01 20:00:00,9340.997068284554,11081.074905027739,17190.32946420259
2022-05-02 00:00:00,9340.997068284554,11271.297347940936,17546.493119365605
2022-05-02 04:00:00,9340.997068284554,11346.645198705251,17584.79825234486
2022-05-02 08:00:00,9340.997068284554,11391.730388097016,17622.571937036533
2022-05-02 12:00:00,9340.997068284554,11313.29451066203,17206.2596644376
2022-05-02 16:00:00,9340.997068284554,11346.95400137232,17369.229024685723
2022-05-02 20:00:00,9340.997068284554,11336.145908024979,17364.903712939195
2022-05-03 00:00:00,9322.315074147984,11321.323380005768,17413.249957344648
2022-05-03 04:00:00,9312.468585849001,11314.529721330297,17493.988945084027
2022-05-03 08:00:00,9305.827930949688,11318.2353533351,17472.27764642549
2022-05-03 12:00:00,9302.851085649996,11303.104022648822,17461.907616663968
2022-05-03 16:00:00,9277.089924402659,11238.255462564779,17288.248420732278
2022-05-03 20:00:00,9207.238478433479,11061.31153433546,16958.35498531982
2022-05-04 00:00:00,9207.238478433479,11071.1932196816,17002.351387100403
2022-05-04 04:00:00,9207.238478433479,11166.922046472331,17154.45613396282
2022-05-04 08:00:00,9207.238478433479,11346.027593371118,17340.75830082623
2022-05-04 12:00:00,9170.409524519744,11440.83001216065,17551.39251083372
2022-05-04 16:00:00,9131.262552709362,11409.949745453961,17340.105246944946
2022-05-04 20:00:00,9260.949927368396,11602.642609703691,17953.758048076757
2022-05-05 00:00:00,9260.272360193881,11529.147574941775,18018.73706247533
2022-05-05 04:00:00,9316.717494016746,11547.058129631654,18192.689373877118
2022-05-05 08:00:00,9273.540657242005,11522.66271893337,18066.56112301549
2022-05-05 12:00:00,9269.724890912317,11546.44052429752,18030.141913380525
2022-05-05 16:00:00,8621.461090713992,10861.82501141026,16808.816637176395
2022-05-05 20:00:00,8621.461090713992,10645.045539129313,16519.919211415057
2022-05-06 00:00:00,8621.461090713992,10713.908533885226,16690.264394054575
2022-05-06 04:00:00,8621.461090713992,10686.73389918334,16501.514705986236
2022-05-06 08:00:00,8621.461090713992,10674.0729898336,16436.230497785815
2022-05-06 12:00:00,8621.461090713992,10460.690346890387,16115.275860897036
2022-05-06 16:00:00,8621.461090713992,10517.201234963626,16195.424420293944
2022-05-06 20:00:00,8621.461090713992,10535.729394987638,16258.597300959602
2022-05-07 00:00:00,8621.461090713992,10547.772699003246,16237.393031145122
2022-05-07 04:00:00,8621.461090713992,10488.791389593474,16048.158855426955
2022-05-07 08:00:00,8621.461090713992,10521.83327496963,16071.735826986605
2022-05-07 12:00:00,8621.461090713992,10567.844872362593,16260.15408940384
2022-05-07 16:00:00,8621.461090713992,10541.59664566191,16287.72480344319
2022-05-07 20:00:00,8621.461090713992,10511.642786956423,16185.367871035462
2022-05-08 00:00:00,8621.461090713992,10387.812917462606,15811.325756760332
2022-05-08 04:00:00,8621.461090713992,10104.640871762282,15403.865850800601
2022-05-08 08:00:00,8621.461090713992,10136.138743803103,15509.681866134932
2022-05-08 12:00:00,8621.461090713992,10195.428855879942,15655.0590564819
2022-05-08 16:00:00,8621.461090713992,10067.893354381324,15325.678250153422
2022-05-08 20:00:00,8621.461090713992,10134.594730467768,15347.612587412881
2022-05-09 00:00:00,8621.461090713992,9982.663818270867,15135.241862602761
2022-05-09 04:00:00,8621.461090713992,9863.157186115985,15008.569760073326
2022-05-09 08:00:00,8621.461090713992,9844.011420757839,14845.80550125118
2022-05-09 12:00:00,8621.461090713992,9685.595652552533,14516.109513006213
2022-05-09 16:00:00,8621.461090713992,9463.257732264383,14140.716964425974
2022-05-09 20:00:00,8621.461090713992,9067.37271308465,13323.675051139937
2022-05-10 00:00:00,8621.461090713992,8801.184814073002,12871.43331362318
2022-05-10 04:00:00,8621.461090713992,8955.58614760644,13252.335852109354
2022-05-10 08:00:00,8621.461090713992,9254.507129327174,13941.271601772387
2022-05-10 12:00:00,8621.461090713992,9255.124734661309,14299.237337500814
2022-05-10 16:00:00,8621.461090713992,9187.496950573663,14001.71323419016
2022-05-10 20:00:00,8621.461090713992,9186.87934523953,13768.54977525723
2022-05-11 00:00:00,8621.461090713992,9099.488190459604,13674.062201146058
2022-05-11 04:00:00,8621.461090713992,9138.39732651003,13631.626869311447
2022-05-11 08:00:00,8621.461090713992,8948.792488930969,13109.034035710745
2022-05-11 12:00:00,8621.461090713992,9221.774046618086,13196.663705183444
2022-05-11 16:00:00,8621.461090713992,9067.06391041758,12297.475642935915
2022-05-11 20:00:00,8621.461090713992,8609.418357824474,11145.531264072535
2022-05-12 00:00:00,8621.461090713992,8508.439885693604,11382.81964058573
2022-05-12 04:00:00,8621.461090713992,8302.159704092932,10512.64681468776
2022-05-12 08:00:00,8621.461090713992,8200.872429294997,10340.512741602037
2022-05-12 12:00:00,8621.461090713992,8377.50755485725,10445.591587837436
2022-05-12 16:00:00,8621.461090713992,8595.831040473531,10644.336813386719
2022-05-12 20:00:00,8621.461090713992,8506.278267024136,10606.892392042733
2022-05-13 00:00:00,8621.461090713992,8603.859909817269,10639.7544341611
2022-05-13 04:00:00,8621.461090713992,9064.593489081046,11650.144127587817
2022-05-13 08:00:00,8621.461090713992,8926.86749956922,11359.845212948
2022-05-13 12:00:00,8621.461090713992,9116.472337148281,12000.07083932717
2022-05-13 16:00:00,8621.461090713992,9000.671336998203,11891.261217951083
2022-05-13 20:00:00,8621.461090713992,8924.397078232685,11658.908865791833
2022-05-14 00:00:00,8621.461090713992,8682.91339258639,11211.533099945245
2022-05-14 04:00:00,8621.461090713992,8767.83412602978,11605.442176603436
2022-05-14 08:00:00,8621.461090713992,8711.323237956542,11439.39444013602
2022-05-14 12:00:00,8621.461090713992,8608.183147156205,11037.435064993337
2022-05-14 16:00:00,8621.461090713992,8550.4370484147,10840.790105920529
2022-05-14 20:00:00,8621.461090713992,8704.220776614004,11234.663180626492
2022-05-15 00:00:00,8621.461090713992,8914.206590219479,11729.660685630206
2022-05-15 04:00:00,8621.461090713992,8819.09536876288,11389.823797623569
2022-05-15 08:00:00,8621.461090713992,8853.372464807304,11579.34176258601
2022-05-15 12:00:00,8604.218168532563,8982.451979641259,11934.70372149951
2022-05-15 16:00:00,8555.91726216024,8906.17772087574,11787.936264823587
2022-05-15 20:00:00,8699.204380026003,9028.77237970129,12179.65968688934
2022-05-16 00:00:00,8840.570489635546,9296.50429204827,12684.82880582806
2022-05-16 04:00:00,8507.827009844952,9002.83295566767,12182.166308447155
2022-05-16 08:00:00,8194.81536679221,8770.613350033382,11754.736399707908
2022-05-16 12:00:00,8198.046569294627,8881.473507510389,11823.220216749556
2022-05-16 16:00:00,8173.589708974615,8787.597496722059,11715.851501446981
2022-05-16 20:00:00,8208.185859905658,8746.526742002165,11759.834732828607
2022-05-17 00:00:00,8194.258262912484,8830.829870111422,11782.651554213211
2022-05-17 04:00:00,8290.024419837542,8970.40867562565,12094.718164345613
2022-05-17 08:00:00,8292.921360012122,8968.247056956181,12090.717190011575
2022-05-17 12:00:00,8259.662258392425,8881.782310177457,11986.783311452808
2022-05-17 16:00:00,8240.832147257654,8827.12423810662,11903.050819226479
2022-05-17 20:00:00,8235.14968768444,8792.53833939513,11852.215534655727
2022-05-18 00:00:00,8335.539806811232,8909.574550213476,12160.589381451533
2022-05-18 04:00:00,8227.963047635963,8740.659491327895,11815.077287121949
2022-05-18 08:00:00,8256.375345502036,8772.157363368717,11887.136549049323
2022-05-18 12:00:00,8171.383020507017,8748.688360671633,11734.841782209136
2022-05-18 16:00:00,8171.383020507017,8519.247979040945,11152.539659019712
2022-05-18 20:00:00,8171.383020507017,8625.167293844883,11393.739191191322
2022-05-19 00:00:00,8171.383020507017,8456.869840293437,11043.941277148733
2022-05-19 04:00:00,8171.383020507017,8589.346184465126,11216.833757581535
2022-05-19 08:00:00,8171.383020507017,8580.08210445312,11255.977613964373
2022-05-19 12:00:00,8171.383020507017,8649.871507210233,11287.802587270737
2022-05-19 16:00:00,8171.383020507017,8858.004504813307,11595.975160203649
2022-05-19 20:00:00,8171.383020507017,8731.704213982955,11331.979591354717
2022-05-20 00:00:00,8171.383020507017,8841.637963458763,11487.424994015597
2022-05-20 04:00:00,8171.383020507017,8804.890446077805,11415.434864501174
2022-05-20 08:00:00,8171.383020507017,8821.565790099416,11476.01338729174
2022-05-20 12:00:00,8171.383020507017,8879.62069150799,11661.206937261857
2022-05-20 16:00:00,8171.383020507017,8514.924741702009,11006.267427694009
2022-05-20 20:00:00,8171.383020507017,8563.406760431508,11126.016343587915
2022-05-21 00:00:00,8171.383020507017,8528.512059052951,11015.80893158112
2022-05-21 04:00:00,8171.383020507017,8546.42261374283,11107.949177749259
2022-05-21 08:00:00,8171.383020507017,8597.066251141798,11129.233661667644
2022-05-21 12:00:00,8171.383020507017,8560.009931093773,11038.24087619151
2022-05-21 16:00:00,8171.383020507017,8625.476096511951,11211.88383174242
2022-05-21 20:00:00,8171.383020507017,8606.330331153804,11151.043210827818
2022-05-22 00:00:00,8171.383020507017,8596.448645807664,11151.526072747976
2022-05-22 04:00:00,8171.383020507017,8570.509221774048,11112.088571028962
2022-05-22 08:00:00,8171.383020507017,8600.463080479534,11148.616379681924
2022-05-22 12:00:00,8171.383020507017,8724.292949973351,11382.456904902483
2022-05-22 16:00:00,8171.383020507017,8704.838381948137,11380.176830924218
2022-05-22 20:00:00,8171.383020507017,8741.277096662028,11356.42900782427
2022-05-23 00:00:00,8171.383020507017,8835.770712784491,11553.768369207799
2022-05-23 04:00:00,8171.383020507017,8790.994326059796,11489.713533840539
2022-05-23 08:00:00,8138.69748842499,8863.871755487578,11689.15284040369
2022-05-23 12:00:00,8138.17958111434,8793.155944729264,11673.223687910082
2022-05-23 16:00:00,8118.517126806759,8777.71581137592,11635.57845947791
2022-05-23 20:00:00,7776.984232751825,8400.976557554332,10975.994927684904
2022-05-24 00:00:00,7776.984232751825,8410.858242900473,10868.080475779941
2022-05-24 04:00:00,7776.984232751825,8476.942013652784,11007.832425890196
2022-05-24 08:00:00,7776.984232751825,8459.649064297038,10944.825212425261
2022-05-24 12:00:00,7776.984232751825,8432.474429595153,10888.3013791597
2022-05-24 16:00:00,7776.984232751825,8442.664917608361,10919.029577132253
2022-05-24 20:00:00,7776.984232751825,8451.6201949533,10833.48339888949
2022-05-25 00:00:00,7776.984232751825,8526.65924305055,10939.001127227835
2022-05-25 04:00:00,7776.984232751825,8687.236629925326,11113.102164053118
2022-05-25 08:00:00,7776.984232751825,8579.464499118985,10899.491625599629
2022-05-25 12:00:00,7776.984232751825,8511.219109697207,10713.86782630669
2022-05-25 16:00:00,7776.984232751825,8578.538091117785,10841.556749514595
2022-05-25 20:00:00,7776.984232751825,8540.555363068559,10798.017420796987
2022-05-26 00:00:00,7776.984232751825,8520.79199237628,10726.679519275247
2022-05-26 04:00:00,7776.984232751825,8602.315896481934,10787.139485003314
2022-05-26 08:00:00,7776.984232751825,8581.934920455522,10567.124058855748
2022-05-26 12:00:00,7776.984232751825,8358.361789499104,10033.150407321744
2022-05-26 16:00:00,7776.984232751825,8454.399418956902,10264.783873613564
2022-05-26 20:00:00,7776.984232751825,8453.4730109557,10102.993882494226
2022-05-27 00:00:00,7776.984232751825,8394.18289887886,9967.150458720615
2022-05-27 04:00:00,7776.984232751825,8327.481522792415,9815.147267207038
2022-05-27 08:00:00,7776.984232751825,8328.407930793617,9651.632254876142
2022-05-27 12:00:00,7776.984232751825,8316.055824110941,9722.401914953938
2022-05-27 16:00:00,7776.984232751825,8317.599837446276,9775.420017934124
2022-05-27 20:00:00,7776.984232751825,8303.703717428267,9711.747381273097
2022-05-28 00:00:00,7776.984232751825,8228.35586666395,9590.237571928501
2022-05-28 04:00:00,7776.984232751825,8284.866754737188,9675.978317227724
2022-05-28 08:00:00,7776.984232751825,8309.26216543547,9727.12796391001
2022-05-28 12:00:00,7776.984232751825,8291.351610745593,9716.97610419735
2022-05-28 16:00:00,7776.984232751825,8340.451234809225,9902.670229746527
2022-05-28 20:00:00,7776.984232751825,8340.451234809225,10050.806545884196
2022-05-29 00:00:00,7776.984232751825,8351.8769334907,10046.074160783806
2022-05-29 04:00:00,7776.984232751825,8330.569549463085,9812.736131452511
2022-05-29 08:00:00,7776.984232751825,8348.480104152964,9823.784706863422
2022-05-29 12:00:00,7776.984232751825,8401.902965555533,10061.174853002914
2022-05-29 16:00:00,7776.984232751825,8407.15261089567,10119.586051334012
2022-05-29 20:00:00,7776.984232751825,8371.64030418298,10036.862672139785
2022-05-30 00:00:00,7761.430264286322,8472.309973646781,10189.33302325322
2022-05-30 04:00:00,7805.811780376005,8718.116896632013,10453.512498208565
2022-05-30 08:00:00,7932.326970456726,8795.935168732865,10641.136380551347
2022-05-30 12:00:00,7855.38718075254,8787.906299389128,10510.14895336821
2022-05-30 16:00:00,7850.316628970232,8772.77496870285,10493.506240652823
2022-05-30 20:00:00,7845.603779480686,8777.098206041786,10480.045524873462
2022-05-31 00:00:00,8145.724005756964,9093.312137118266,10873.730249701879
2022-05-31 04:00:00,8183.387940741426,9119.869166486018,10940.434957948517
2022-05-31 08:00:00,8069.139680416784,9070.460739755317,10760.639099375476
2022-05-31 12:00:00,8129.511290596279,9158.16069720231,10838.912009105963
2022-05-31 16:00:00,8140.270826829701,9227.023691958222,10836.872732802265
2022-05-31 20:00:00,7992.263919635694,9091.459321115864,10647.107550965673
2022-06-01 00:00:00,8023.497714178928,9147.970209189103,10687.295568819518
2022-06-01 04:00:00,7929.016208118074,9101.958611796139,10559.110146739054
2022-06-01 08:00:00,7917.898346128218,9067.06391041758,10526.66630508026
2022-06-01 12:00:00,7946.306183731746,9115.237126480015,10559.82632195982
2022-06-01 16:00:00,7819.174685108431,8916.368208888947,10272.340376147651
2022-06-01 20:00:00,7653.42905298742,8730.469003314687,9959.264090538381
2022-06-02 00:00:00,7653.42905298742,8639.989821864094,9791.802593653512
2022-06-02 04:00:00,7653.42905298742,8618.68243783648,9636.227366386029
2022-06-02 08:00:00,7653.42905298742,8660.370797890508,9743.26104230934
2022-06-02 12:00:00,7653.42905298742,8714.41126462721,9922.467362342799
2022-06-02 16:00:00,7653.42905298742,8696.809512604399,9827.263956581253
2022-06-02 20:00:00,7653.42905298742,8696.191907270264,9795.09783926285
2022-06-03 00:00:00,7653.42905298742,8747.761952670433,9868.879081020787
2022-06-03 04:00:00,7653.42905298742,8761.966875355509,9888.853409672593
2022-06-03 08:00:00,7653.42905298742,8737.880267324294,9781.350272451793
2022-06-03 12:00:00,7653.42905298742,8563.097957764441,9445.344683825715
2022-06-03 16:00:00,7653.42905298742,8502.263832352268,9412.277340547971
2022-06-03 20:00:00,7653.42905298742,8513.380728366676,9400.364709969883
2022-06-04 00:00:00,7653.42905298742,8564.950773766843,9479.718018187883
2022-06-04 04:00:00,7653.42905298742,8511.83671503134,9231.17088118536
2022-06-04 08:00:00,7653.42905298742,8554.760285753637,9360.820838202755
2022-06-04 12:00:00,7653.42905298742,8555.069088420703,9324.378552888189
2022-06-04 16:00:00,7653.42905298742,8600.154277812466,9436.746470245518
2022-06-04 20:00:00,7653.42905298742,8542.716981738027,9373.95455469154
2022-06-05 00:00:00,7653.42905298742,8606.021528486737,9614.838621936724
2022-06-05 04:00:00,7653.42905298742,8574.214853778849,9501.121112999179
2022-06-05 08:00:00,7653.42905298742,8546.731416409897,9536.259836551671
2022-06-05 12:00:00,7653.42905298742,8556.613101756036,9614.576842976407
2022-06-05 16:00:00,7653.42905298742,8629.49053118382,9706.472096620993
2022-06-05 20:00:00,7653.42905298742,8659.753192556374,9721.21044275608
2022-06-06 00:00:00,7653.42905298742,8613.432792496342,9552.152733728133
2022-06-06 04:00:00,7607.782358834414,8987.392822314328,10119.60753479744
2022-06-06 08:00:00,7697.103710727026,8981.21676897299,10264.177190015598
2022-06-06 12:00:00,7788.249360197843,9022.596326359951,10399.605022222608
2022-06-06 16:00:00,7728.642646548355,9096.400163788934,10299.98680014081
2022-06-06 20:00:00,7652.683070625188,9073.548766425985,10192.537123281698
2022-06-07 00:00:00,7660.2096976228995,9058.41743573971,10208.665434014998
2022-06-07 04:00:00,7169.267153409015,8547.657824411099,9601.414252502906
2022-06-07 08:00:00,7169.267153409015,8544.260995073362,9573.692828639047
2022-06-07 12:00:00,7169.267153409015,8547.040219076964,9448.262768944136
2022-06-07 16:00:00,7169.267153409015,8632.887360521556,9601.411326556965
2022-06-07 20:00:00,7169.267153409015,8940.454816920163,9937.871498385586
2022-06-08 00:00:00,7169.267153409015,8977.20233430112,9776.345393434109
2022-06-08 04:00:00,7169.267153409015,8669.94368056958,9564.13825004541
2022-06-08 08:00:00,7169.267153409015,8827.433040773687,9731.03088565843
2022-06-08 12:00:00,7169.267153409015,8748.688360671633,9679.81292656704
2022-06-08 16:00:00,7169.267153409015,8758.87884868484,9735.846453068476
2022-06-08 20:00:00,7169.267153409015,8677.972549913318,9584.254206820027
2022-06-09 00:00:00,7169.267153409015,8700.823947276267,9602.075103015315
2022-06-09 04:00:00,7169.267153409015,8714.41126462721,9637.9796333441
2022-06-09 08:00:00,7169.267153409015,8790.376720725662,9748.121019095932
2022-06-09 12:00:00,7169.267153409015,8716.572883296678,9861.521187167404
2022-06-09 16:00:00,7169.267153409015,8770.922152700448,9830.325428221298
2022-06-09 20:00:00,7169.267153409015,8730.16020064762,9745.806550373185
2022-06-10 00:00:00,7169.267153409015,8752.08519000937,9783.816295387187
2022-06-10 04:00:00,7169.267153409015,8735.409845987759,9822.264152131567
2022-06-10 08:00:00,7169.267153409015,8723.675344639216,9809.565459935988
2022-06-10 12:00:00,7169.267153409015,8755.173216680038,9727.421638940927
2022-06-10 16:00:00,7169.267153409015,8639.681019197027,9512.969537524645
2022-06-10 20:00:00,7169.267153409015,8504.734253688803,9306.577378938215
2022-06-11 00:00:00,7169.267153409015,8540.864165735627,9304.978746087345
2022-06-11 04:00:00,7169.267153409015,8589.03738179806,9380.393155680144
2022-06-11 08:00:00,7169.267153409015,8606.947936487937,9395.15155670176
2022-06-11 12:00:00,7169.267153409015,8441.429706940093,8960.314795814134
2022-06-11 16:00:00,7169.267153409015,8345.700880149361,8659.809677805853
2022-06-11 20:00:00,7169.267153409015,8395.109306880062,8756.085297952715
2022-06-12 00:00:00,7169.267153409015,8346.93609081763,8697.775642134395
2022-06-12 04:00:00,7169.267153409015,8092.7914958215915,8342.713612114061
2022-06-12 08:00:00,7169.267153409015,8126.759789198947,8451.804007826096
2022-06-12 12:00:00,7169.267153409015,8066.543269120907,8390.759126519824
2022-06-12 16:00:00,7169.267153409015,8251.824869361031,8669.242007615398
2022-06-12 20:00:00,7169.267153409015,8035.971805081286,8375.510623529313
2022-06-13 00:00:00,7169.267153409015,7815.486700795537,8023.775557480441
2022-06-13 04:00:00,7169.267153409015,7506.066428394529,7602.935142893949
2022-06-13 08:00:00,7169.267153409015,7315.843985481334,7324.8742395433355
2022-06-13 12:00:00,7169.267153409015,7002.100475741389,7039.399644524013
2022-06-13 16:00:00,7169.267153409015,6890.005107596114,7158.909681141694
2022-06-13 20:00:00,7169.267153409015,6872.712158240368,7200.771114953492
2022-06-14 00:00:00,7169.267153409015,6666.740779306762,7128.184188328843
2022-06-14 04:00:00,7169.267153409015,6551.557384490819,7065.701453055363
2022-06-14 08:00:00,7169.267153409015,6748.882288746551,7439.650575830409
2022-06-14 12:00:00,7169.267153409015,6496.281707085848,7062.896794689169
2022-06-14 16:00:00,7169.267153409015,6716.45800870453,7467.812257538163
2022-06-14 20:00:00,7169.267153409015,6581.820045863372,7183.104121746482
2022-06-15 00:00:00,7169.267153409015,6544.146120481213,7174.996486148472
2022-06-15 04:00:00,7169.267153409015,6339.718754882942,6972.411329460316
2022-06-15 08:00:00,7169.267153409015,6101.940701241449,6635.034019517365
2022-06-15 12:00:00,7169.267153409015,6245.533941427545,6856.921999500889
2022-06-15 16:00:00,7169.267153409015,6354.232480235085,6994.023858901576
2022-06-15 20:00:00,7169.267153409015,6376.4662722639005,7261.941325059833
2022-06-16 00:00:00,7154.928619102197,6664.579160637295,7807.793438456997
2022-06-16 04:00:00,7095.638586672682,6557.424635165089,7641.833758514776
2022-06-16 08:00:00,7019.707002005965,6461.078203040224,7432.28050228936
2022-06-16 12:00:00,6934.338000269664,6248.004362764081,7143.454870177628
2022-06-16 16:00:00,6904.152673917335,6172.038906665629,7057.203436068524
2022-06-16 20:00:00,6851.289306388151,6094.529437231843,6935.040530781733
2022-06-17 00:00:00,6851.289306388151,5970.699567738026,6792.290889728829
2022-06-17 04:00:00,6851.289306388151,5971.008370405094,6788.280104938906
2022-06-17 08:00:00,6851.289306388151,6192.111080024976,7081.989168594618
2022-06-17 12:00:00,6851.289306388151,6168.950879994961,7074.067368629436
2022-06-17 16:00:00,6851.289306388151,6090.515002559974,6997.510420704729
2022-06-17 20:00:00,6851.289306388151,6028.4456664795325,6964.5050677709105
2022-06-18 00:00:00,6851.289306388151,6018.872783800459,6918.609947794505
2022-06-18 04:00:00,6851.289306388151,6017.946375799259,6843.166509898333
2022-06-18 08:00:00,6851.289306388151,5670.852178016091,6448.651567306547
2022-06-18 12:00:00,6851.289306388151,5663.13211133942,6607.80961275442
2022-06-18 16:00:00,6851.289306388151,5570.491311219357,6531.9879140560015
2022-06-18 20:00:00,6851.289306388151,5306.465030877179,6145.185927956908
2022-06-19 00:00:00,6851.289306388151,5585.622641905634,6775.145434051731
2022-06-19 04:00:00,6851.289306388151,5375.945630967226,6448.892969904474
2022-06-19 08:00:00,6851.289306388151,5383.048092309764,6347.456622286446
2022-06-19 12:00:00,6851.289306388151,5790.667612838039,6983.378282800716
2022-06-19 16:00:00,6837.586727775375,5831.120762223799,7127.869584510007
2022-06-19 20:00:00,6821.166063064156,5923.761562343861,7177.3772375515755
2022-06-20 00:00:00,6876.438464198598,6050.061853174214,7369.227175481138
2022-06-20 04:00:00,6620.84251703693,5850.266527581945,6994.385940204213
2022-06-20 08:00:00,6639.079759177528,5890.410874300639,7030.489570124092
2022-06-20 12:00:00,7049.115260087268,6097.617463902512,7621.608074632925
2022-06-20 16:00:00,6937.946251557425,6099.77908257198,7480.241506341563
2022-06-20 20:00:00,6842.921902741979,5893.807703638375,7304.919655044915
2022-06-21 00:00:00,6921.7471801549,6029.063271813666,7440.8702051824375
2022-06-21 04:00:00,6929.39510515497,6038.6361544927395,7453.028605829229
2022-06-21 08:00:00,7052.4054823152765,6169.877287996161,7684.780847438867
2022-06-21 12:00:00,7053.942275255933,6134.982586617604,7706.86366071238
2022-06-21 16:00:00,7199.351380950115,6255.415626773685,7861.224197729757
2022-06-21 20:00:00,6975.978196577997,6117.689637261859,7614.099071890984
2022-06-22 00:00:00,6954.492530137466,6073.222053204229,7586.352696629141
2022-06-22 04:00:00,6730.618197281159,5962.979501061355,7318.719757929203
2022-06-22 08:00:00,6624.3399639878935,5905.851007653983,7190.156121333883
2022-06-22 12:00:00,6820.205282442548,6018.872783800459,7434.1966971232
2022-06-22 16:00:00,6636.606012499409,5854.589764920882,7233.9339438953
2022-06-22 20:00:00,6585.142387600187,5878.058767617964,7213.123430491304
2022-06-23 00:00:00,6585.142387600187,5834.517591561535,7147.461075750229
2022-06-23 04:00:00,6585.142387600187,5901.8365729821135,7300.184915460669
2022-06-23 08:00:00,6585.142387600187,6004.667861115383,7474.61576419816
2022-06-23 12:00:00,6585.142387600187,6055.620301181417,7616.98829248454
2022-06-23 16:00:00,6585.142387600187,5981.5076610853675,7609.704736414141
2022-06-23 20:00:00,6585.142387600187,6130.659349278668,7741.115421838264
2022-06-24 00:00:00,6571.972102824987,6194.272698694444,7842.419666168958
2022-06-24 04:00:00,6618.370691115944,6177.597354672833,7928.178650130227
2022-06-24 08:00:00,6584.466363201375,6133.438573282269,7850.168060774368
2022-06-24 12:00:00,6684.973607877322,6209.712832047788,8157.900008107592
2022-06-24 16:00:00,6664.416946031857,6117.380834594792,8090.690004385008
2022-06-24 20:00:00,6778.384440789097,6215.271280054992,8276.958018718415
2022-06-25 00:00:00,6813.006599527063,6213.109661385523,8348.249674056176
2022-06-25 04:00:00,6770.871976847386,6231.637821409536,8301.765752289888
2022-06-25 08:00:00,6859.659388889171,6289.383920151042,8426.602554609526
2022-06-25 12:00:00,6799.142443614881,6243.372322758078,8358.944903294952
2022-06-25 16:00:00,6580.9792741045785,6130.350546611601,8055.683397478005
2022-06-25 20:00:00,6680.073830407147,6209.712832047788,8171.069412849462
2022-06-26 00:00:00,6878.251290016977,6285.987090813306,8446.123960699158
2022-06-26 04:00:00,6813.421729500698,6270.8557601270295,8346.01004102784
2022-06-26 08:00:00,6811.929238592715,6261.90048278209,8335.966817752425
2022-06-26 12:00:00,6943.293289098407,6352.688466899751,8490.58139199597
2022-06-26 16:00:00,6730.061952286995,6247.07795476288,8218.47106062571
2022-06-26 20:00:00,6744.740642982008,6234.725848080205,8243.121837168364
2022-06-27 00:00:00,6550.708651818819,6143.629061295476,8019.381906402147
2022-06-27 04:00:00,6596.119332998625,6189.331856021374,8156.811595822569
2022-06-27 08:00:00,6603.196322273399,6231.946624076603,8216.011882448991
2022-06-27 12:00:00,6589.238926759261,6216.815293390326,8167.321869992825
2022-06-27 16:00:00,6510.56993448265,6043.268194498743,7878.295387687805
2022-06-27 20:00:00,6510.56993448265,6085.882962553971,7885.508428051334
2022-06-28 00:00:00,6510.56993448265,6047.900234504746,7880.220614035156
2022-06-28 04:00:00,6510.56993448265,6049.44424784008,7782.563675127536
2022-06-28 08:00:00,6510.56993448265,6092.059015895308,7928.358377328935
2022-06-28 12:00:00,6510.56993448265,6131.585757279869,8032.220094907437
2022-06-28 16:00:00,6510.56993448265,6034.62171982087,7724.332330779539
2022-06-28 20:00:00,6510.56993448265,5938.892893030138,7542.402935676187
2022-06-29 00:00:00,6510.56993448265,5940.128103698406,7453.409025106198
2022-06-29 04:00:00,6510.56993448265,5943.833735703209,7468.916187018783
2022-06-29 08:00:00,6510.56993448265,5894.425308972509,7425.028718764529
2022-06-29 12:00:00,6510.56993448265,5891.33728230184,7359.923872122752
2022-06-29 16:00:00,6510.56993448265,5917.894311669591,7357.268598537961
2022-06-29 20:00:00,6510.56993448265,5979.346042415899,7383.594776528519
2022-06-30 00:00:00,6510.56993448265,5935.80486635947,7282.935633687351
2022-06-30 04:00:00,6510.56993448265,5918.511917003725,7171.627465531575
2022-06-30 08:00:00,6510.56993448265,5740.332778106138,6934.45882475608
2022-06-30 12:00:00,6510.56993448265,5668.381756679556,6856.006696210031
2022-06-30 16:00:00,6510.56993448265,5639.35430597527,6879.6474165447335
2022-06-30 20:00:00,6510.56993448265,5576.358561893628,6821.294422990754
2022-07-01 00:00:00,6510.56993448265,5876.8235569496965,7188.796244527569
2022-07-01 04:00:00,6510.56993448265,5820.312668876459,7137.866877411333
2022-07-01 08:00:00,6510.56993448265,5782.329940827233,7097.154119585444
2022-07-01 12:00:00,6510.56993448265,5674.866612687961,6958.127943626565
2022-07-01 16:00:00,6510.56993448265,5720.878210080925,6988.814569897279
2022-07-01 20:00:00,6510.56993448265,5737.5535541025365,7109.153571629823
2022-07-02 00:00:00,6510.56993448265,5703.58526072518,7038.0250528145225
2022-07-02 04:00:00,6510.56993448265,5661.588098004085,6914.877242737076
2022-07-02 08:00:00,6510.56993448265,5664.367322007687,6950.2468207197735
2022-07-02 12:00:00,6510.56993448265,5685.365903368234,7004.669169706415
2022-07-02 16:00:00,6510.56993448265,5695.556391381441,7026.067553881787
2022-07-02 20:00:00,6510.56993448265,5706.982090062916,7073.027143155524
2022-07-03 00:00:00,6510.56993448265,5697.409207383842,7101.189182512816
2022-07-03 04:00:00,6510.56993448265,5700.806036721578,7078.048330911054
2022-07-03 08:00:00,6510.56993448265,5664.676124674754,7032.69650329025
2022-07-03 12:00:00,6510.56993448265,5652.015215325012,7035.10664746581
2022-07-03 16:00:00,6510.56993448265,5639.045503308203,6945.086051709787
2022-07-03 20:00:00,6497.548794613684,5776.153887485895,7160.047535812552
2022-07-04 00:00:00,6485.998528618054,5711.922932735985,7111.218029776487
2022-07-04 04:00:00,6441.267498489519,5651.706412657945,6976.389519649737
2022-07-04 08:00:00,6427.331577553699,5656.956057998082,6995.625453581183
2022-07-04 12:00:00,6388.997592001689,5845.016882241808,7297.151809190987
2022-07-04 16:00:00,6420.91831656715,5855.824975589149,7322.935517139441
2022-07-04 20:00:00,6484.305058568266,5869.412292940092,7405.564984518006
2022-07-05 00:00:00,6692.240716921312,5984.904490423103,7685.220548921635
2022-07-05 04:00:00,6636.03226803921,5999.418215775246,7582.041018680074
2022-07-05 08:00:00,6686.992285390603,6005.285466449517,7644.453766824934
2022-07-05 12:00:00,6432.69035461511,5848.413711579544,7343.140720928703
2022-07-05 16:00:00,6414.3200223707445,5874.661938280228,7335.575262903009
2022-07-05 20:00:00,6607.386938899845,6127.880125275066,7694.421321542112
2022-07-06 00:00:00,6565.678363806126,6075.07486920663,7635.196813117193
2022-07-06 04:00:00,6529.970388116817,5998.183005106978,7610.78051826757
2022-07-06 08:00:00,6573.367721936602,6061.178749188621,7695.989918099477
2022-07-06 12:00:00,6582.773686580993,6085.882962553971,7696.448093977343
2022-07-06 16:00:00,6599.872153460941,6113.366399922923,7732.579258737317
2022-07-06 20:00:00,6639.085306658394,6158.451589314686,7827.954629159203
2022-07-07 00:00:00,6782.623017924914,6230.093808074202,8000.954853894341
2022-07-07 04:00:00,6736.131824496402,6189.023053354307,7956.924878218425
2022-07-07 08:00:00,6727.275837027388,6189.949461355508,7932.307772705512
2022-07-07 12:00:00,6778.714734418042,6208.47762137952,8003.998497484615
2022-07-07 16:00:00,6967.327976688404,6342.189176219477,8229.872651275527
2022-07-07 20:00:00,7167.831053184417,6621.037984580866,8448.118548263577
2022-07-08 00:00:00,7091.798782745647,6563.909491173494,8348.345481399963
2022-07-08 04:00:00,7214.399612256906,6727.574904718937,8469.086995152025
2022-07-08 08:00:00,7105.458104438644,6658.711909963024,8316.743367350144
2022-07-08 12:00:00,6992.0959272731325,6557.115832498022,8194.48606370798
2022-07-08 16:00:00,7129.0266922746705,6661.182331299559,8387.332850484741
2022-07-08 20:00:00,7136.520393487423,6611.465101901792,8412.092364174157
2022-07-09 00:00:00,7015.395781523205,6550.0133711554845,8263.457530453856
2022-07-09 04:00:00,7035.66152161125,6553.719003160287,8293.325999330416
2022-07-09 08:00:00,7073.155567729018,6560.512661835758,8343.439521055276
2022-07-09 12:00:00,6994.235346396397,6505.854589764921,8247.052870678577
2022-07-09 16:00:00,7012.7107551392455,6536.7348564716085,8258.581507157513
2022-07-09 20:00:00,7043.851194928393,6552.174989824952,8304.65556544311
2022-07-10 00:00:00,7016.950744835348,6542.910909812946,8261.921108086743
2022-07-10 04:00:00,6860.452084766395,6453.0493336964855,8109.570176945868
2022-07-10 08:00:00,6867.878011806972,6473.430309722899,8104.024727342346
2022-07-10 12:00:00,6847.239560336473,6455.51975503302,8051.239225297363
2022-07-10 16:00:00,6847.239560336473,6336.630728212273,7954.165346213468
2022-07-10 20:00:00,6847.239560336473,6343.424386887745,8039.13825321264
2022-07-11 00:00:00,6847.239560336473,6333.233898874538,7967.214299453656
2022-07-11 04:00:00,6847.239560336473,6246.460349428746,7831.892783685611
2022-07-11 08:00:00,6847.239560336473,6239.666690753274,7765.281671444741
2022-07-11 12:00:00,6847.239560336473,6264.370904118625,7773.179020431901
2022-07-11 16:00:00,6847.239560336473,6248.621968098214,7779.886245979819
2022-07-11 20:00:00,6847.239560336473,6294.3247628241115,7840.116045559618
2022-07-12 00:00:00,6847.239560336473,6133.747375949337,7492.595617632789
2022-07-12 04:00:00,6847.239560336473,6138.37941595534,7514.886169184642
2022-07-12 08:00:00,6847.239560336473,6082.794935883302,7460.916701964711
2022-07-12 12:00:00,6847.239560336473,6080.942119880901,7493.496267045842
2022-07-12 16:00:00,6847.239560336473,6093.91183189771,7530.4751624927585
2022-07-12 20:00:00,6847.239560336473,5962.670698394288,7303.288369658475
2022-07-13 00:00:00,6847.239560336473,5936.113669026537,7265.173266139219
2022-07-13 04:00:00,6847.239560336473,5988.918925094972,7340.804728886841
2022-07-13 08:00:00,6847.239560336473,6058.708327852086,7464.710157740082
2022-07-13 12:00:00,6847.239560336473,6084.338949218637,7506.560685232412
2022-07-13 16:00:00,6847.239560336473,5956.494645052951,7345.818594803832
2022-07-13 20:00:00,6847.239560336473,6031.533693150201,7452.482267030799
2022-07-14 00:00:00,6847.239560336473,6227.3145840706,7731.589906878873
2022-07-14 04:00:00,6847.239560336473,6211.874450717256,7677.604399454104
2022-07-14 08:00:00,6847.239560336473,6143.32025862841,7609.984442045356
2022-07-14 12:00:00,6847.239560336473,6082.794935883302,7516.83357781123
2022-07-14 16:00:00,6833.5450812158,6277.031813468367,7824.417142269539
2022-07-14 20:00:00,6916.358289798816,6344.659597556012,8056.444644826836
2022-07-15 00:00:00,6926.334698240005,6334.777912209872,8083.313384308052
2022-07-15 04:00:00,6970.851692716735,6345.89480822428,8145.678912145324
2022-07-15 08:00:00,7037.089926671972,6407.655341637655,8222.160378897963
2022-07-15 12:00:00,7024.358608574501,6371.216626923763,8220.039022231835
2022-07-15 16:00:00,7029.87643754941,6359.482125575222,8216.890289265993
2022-07-15 20:00:00,7240.107072754604,6482.694389734906,8465.582174429564
2022-07-16 00:00:00,7042.657779874971,6375.848666929766,8215.309328234376
2022-07-16 04:00:00,7003.778848998465,6345.89480822428,8173.1413265877745
2022-07-16 08:00:00,6874.327569357378,6286.913498814507,8011.2602608799725
2022-07-16 12:00:00,6918.13191398324,6317.7937655211945,8077.045436374399
2022-07-16 16:00:00,7179.372830600798,6417.228224316727,8362.105365579937
2022-07-16 20:00:00,7375.9669197822805,6481.767981733705,8572.807180891854
2022-07-17 00:00:00,7422.973695075256,6487.944035075042,8611.070196113287
2022-07-17 04:00:00,7475.078564032126,6530.558803130271,8699.96195105026
2022-07-17 08:00:00,7517.782011194631,6572.247163184299,8744.175883065524
2022-07-17 12:00:00,7519.065444669923,6570.3943471818975,8745.019015396658
2022-07-17 16:00:00,7434.586517063717,6483.929600403173,8645.176943744806
2022-07-17 20:00:00,7397.7879888776915,6440.079621679676,8599.836871473279
2022-07-18 00:00:00,7302.0218964249525,6354.232480235085,8500.69485640138
2022-07-18 04:00:00,7550.609063166307,6507.089800433188,8865.281908332614
2022-07-18 08:00:00,7733.1778644985225,6766.79284343643,9191.496534237336
2022-07-18 12:00:00,7720.495072345197,6738.074195399211,9152.815897832432
2022-07-18 16:00:00,7874.742653206968,6888.152291593712,9318.876963659128
2022-07-18 20:00:00,7543.2104399175205,6581.202440529239,8914.878934969354
2022-07-19 00:00:00,7971.902560955334,6824.5389421779355,9547.139704633886
2022-07-19 04:00:00,7815.347767772677,6672.9168326481,9342.495091219163
2022-07-19 08:00:00,7776.171260937914,6566.071109842962,9275.911904466771
2022-07-19 12:00:00,7961.760547795357,6623.5084059174005,9569.883318119751
2022-07-19 16:00:00,8013.3476473758,6972.146617035902,9802.429348581732
2022-07-19 20:00:00,8025.358258757881,7074.360299835038,9756.05690512155
2022-07-20 00:00:00,7945.870029107354,7061.390587818229,9655.29453327859
2022-07-20 04:00:00,8020.996809372371,7071.581075831436,9749.848836749174
2022-07-20 08:00:00,7900.785355534692,7058.3025611475605,9594.25719122088
2022-07-20 12:00:00,8158.8946265426375,7197.57256399472,9871.828123802425
2022-07-20 16:00:00,8174.433371271294,7314.917577480133,9893.728557901537
2022-07-20 20:00:00,7931.586258755722,7183.676443976711,9566.572028581297
2022-07-21 00:00:00,7737.536815887936,7046.259257131952,9340.900209208368
2022-07-21 04:00:00,7617.305924996199,6889.3875022619795,8998.996265931597
2022-07-21 08:00:00,7636.621402082156,6947.442403670552,9133.062802508612
2022-07-21 12:00:00,7584.9984319466,6853.566392882222,9191.582303166419
2022-07-21 16:00:00,7584.9984319466,6860.977656891827,9231.605842198242
2022-07-21 20:00:00,7584.9984319466,7008.585331749793,9592.150612382724
2022-07-22 00:00:00,7584.9984319466,6997.468435735385,9491.059757245763
2022-07-22 04:00:00,7584.9984319466,6944.045574332817,9434.95534666261
2022-07-22 08:00:00,7569.828435082707,7045.0240464636845,9609.97736786374
2022-07-22 12:00:00,7620.046443972817,7170.397929292836,9806.911772782074
2022-07-22 16:00:00,7504.097219624634,7033.2895451151435,9346.323371763257
2022-07-22 20:00:00,7418.897729573589,6835.655838192343,9060.732410165518
2022-07-23 00:00:00,7418.897729573589,6867.153710233165,9121.687607327447
2022-07-23 04:00:00,7418.897729573589,6902.048411611721,9247.106656838438
2022-07-23 08:00:00,7418.897729573589,6888.769896927846,9280.550616236738
2022-07-23 12:00:00,7418.897729573589,6722.942864712934,8952.094459090495
2022-07-23 16:00:00,7418.897729573589,6719.237232708131,9014.869101889268
2022-07-23 20:00:00,7418.897729573589,6743.9414460734815,8922.752377990288
2022-07-24 00:00:00,7418.897729573589,6794.276280805382,9062.801849343246
2022-07-24 04:00:00,7418.897729573589,6761.852000763361,9024.416744496939
2022-07-24 08:00:00,7418.897729573589,6869.6241315697,9256.76849805763
2022-07-24 12:00:00,7418.897729573589,6859.124840889426,9277.495392022272
2022-07-24 16:00:00,7418.897729573589,6917.179742297998,9323.885683518489
2022-07-24 20:00:00,7418.897729573589,6872.094552906235,9253.591740136882
2022-07-25 00:00:00,7418.897729573589,6834.420627524076,9247.597110146984
2022-07-25 04:00:00,7418.897729573589,6617.64115524313,8720.919419306687
2022-07-25 08:00:00,7418.897729573589,6660.564725965425,8826.205868177829
2022-07-25 12:00:00,7418.897729573589,6627.522840589269,8848.948659792732
2022-07-25 16:00:00,7418.897729573589,6626.287629921002,8795.046480602985
2022-07-25 20:00:00,7418.897729573589,6612.082707235926,8676.500831410805
2022-07-26 00:00:00,7418.897729573589,6431.433147001804,8388.077454157294
2022-07-26 04:00:00,7418.897729573589,6384.803944274706,8309.626908887181
2022-07-26 08:00:00,7418.897729573589,6368.746205587228,8214.62312436604
2022-07-26 12:00:00,7418.897729573589,6428.653922998202,8301.590196900888
2022-07-26 16:00:00,7418.897729573589,6336.321925545207,8135.358850173058
2022-07-26 20:00:00,7418.897729573589,6385.730352275907,8147.333735185303
2022-07-27 00:00:00,7418.897729573589,6484.856008404374,8438.448047781647
2022-07-27 04:00:00,7418.897729573589,6418.154632317928,8315.033948805994
2022-07-27 08:00:00,7418.897729573589,6505.854589764921,8523.34543492405
2022-07-27 12:00:00,7418.897729573589,6450.270109692883,8411.681340928022
2022-07-27 16:00:00,7418.897729573589,6584.908072534041,8644.96548413964
2022-07-27 20:00:00,7418.897729573589,6883.211448920642,9078.462116359653
2022-07-28 00:00:00,7389.222138655294,6943.73677166575,9273.353382721769
2022-07-28 04:00:00,7421.284955999591,6994.380409064717,9242.85465851835
2022-07-28 08:00:00,7353.906565565979,6934.163888986676,9134.099195568942
2022-07-28 12:00:00,7439.521141525692,7052.744113140357,9398.981494089854
2022-07-28 16:00:00,7687.5102396217735,7209.924670677396,9708.931340248451
2022-07-28 20:00:00,7685.791013302586,7213.630302682198,9711.20131234523
2022-07-29 00:00:00,7741.48314955499,7225.982409364873,9809.53593252783
2022-07-29 04:00:00,7768.221997790413,7229.996844036743,9859.15166880046
2022-07-29 08:00:00,7706.82369846236,7226.29121203194,9767.545200156765
2022-07-29 12:00:00,7587.602892913401,7173.794758630572,9600.791412424715
2022-07-29 16:00:00,7732.280012984344,7276.317244096774,9781.071667397922
2022-07-29 20:00:00,7657.895706674151,7219.188750689402,9663.496388767697
2022-07-30 00:00:00,7654.273157563104,7186.146865313246,9668.4626367774
2022-07-30 04:00:00,7621.535803932384,7196.337353326453,9627.833041921302
2022-07-30 08:00:00,7670.594054357469,7214.865513350465,9700.849702501993
2022-07-30 12:00:00,7670.790804971844,7246.980990725421,9704.319555928945
2022-07-30 16:00:00,8005.436562460049,7407.8671802672625,10232.08646580189
2022-07-30 20:00:00,7800.443401229265,7232.776068040344,9967.113029402251
2022-07-31 00:00:00,7706.399629629578,7143.5320972580175,9812.332458489112
2022-07-31 04:00:00,7684.310377301283,7179.662009304842,9762.973102781034
2022-07-31 08:00:00,7727.667434784153,7171.324337294036,9838.295264751272
2022-07-31 12:00:00,7798.371505163279,7200.351787998323,9934.903056758783
2022-07-31 16:00:00,7769.6186040230305,7192.014115987517,9893.602031407117
2022-07-31 20:00:00,7747.289498212107,7213.321500015131,9867.439878720099
2022-08-01 00:00:00,7577.927760981145,7053.052915807423,9603.315307356792
2022-08-01 04:00:00,7577.927760981145,7066.9490358254325,9687.84592078918
2022-08-01 08:00:00,7577.927760981145,7046.568059799019,9675.770516377623
2022-08-01 12:00:00,7577.927760981145,7015.070187758198,9544.40250527134
2022-08-01 16:00:00,7577.927760981145,7021.5550437666025,9553.935938800718
2022-08-01 20:00:00,7577.927760981145,6915.326926295597,9301.78076995444
2022-08-02 00:00:00,7577.927760981145,7003.644489076723,9400.421176652693
2022-08-02 04:00:00,7577.927760981145,6874.873776909836,9106.72502561559
2022-08-02 08:00:00,7577.927760981145,6914.709320961463,9214.868535190446
2022-08-02 12:00:00,7577.927760981145,6915.944531629731,9202.088357678262
2022-08-02 16:00:00,7577.927760981145,6966.896971695765,9416.758877242635
2022-08-02 20:00:00,7577.927760981145,6975.234643706571,9413.445495570242
2022-08-03 00:00:00,7577.927760981145,6993.14519839645,9259.43581002401
2022-08-03 04:00:00,7577.927760981145,6933.546283652543,9068.555745192487
2022-08-03 08:00:00,7577.927760981145,6974.6170383724375,9081.277739937555
2022-08-03 12:00:00,7577.927760981145,7098.138105199187,9313.555020095042
2022-08-03 16:00:00,7577.927760981145,7113.887041219597,9395.221839079699
2022-08-03 20:00:00,7577.927760981145,7119.754291893868,9362.139407225917
2022-08-04 00:00:00,7577.927760981145,6937.869520991479,9085.976692647582
2022-08-04 04:00:00,7577.927760981145,7020.0110304312675,9247.148312259349
2022-08-04 08:00:00,7577.927760981145,6968.132182364033,9167.37821505636
2022-08-04 12:00:00,7577.927760981145,6951.456838342421,9094.686875692892
2022-08-04 16:00:00,7577.927760981145,6934.163888986676,9071.325666089102
2022-08-04 20:00:00,7577.927760981145,6774.512910113102,8917.5802073027
2022-08-05 00:00:00,7577.927760981145,6815.274862165929,8997.557426508847
2022-08-05 04:00:00,7577.927760981145,6986.969145055112,9286.884504458794
2022-08-05 08:00:00,7577.927760981145,6999.01244907072,9290.403897346325
2022-08-05 12:00:00,7562.7719054591835,7067.566641159567,9492.017302063123
2022-08-05 16:00:00,7515.550352388505,6986.969145055112,9338.821950967253
2022-08-05 20:00:00,7530.637110558051,6955.780075681358,9329.09815262425
2022-08-06 00:00:00,7609.9934585298615,7070.0370624961015,9512.523982061619
2022-08-06 04:00:00,7605.618298660693,7022.172649100736,9497.288889153635
2022-08-06 08:00:00,7584.496837223329,7039.774401123547,9465.062534204259
2022-08-06 12:00:00,7573.634371341256,7027.73109710794,9439.270555943403
2022-08-06 16:00:00,7580.876015262638,7042.862427794216,9461.529756883956
2022-08-06 20:00:00,7578.16039879212,7032.363137113943,9506.779690005926
2022-08-07 00:00:00,7543.460855002164,6967.514577029899,9357.39413431137
2022-08-07 04:00:00,7534.861402845523,6981.719499714975,9334.957185551073
2022-08-07 08:00:00,7538.783959969605,6990.057171725781,9356.99748095853
2022-08-07 12:00:00,7547.685147289638,6995.615619732985,9393.191874696433
2022-08-07 16:00:00,7556.586334609669,6985.116329052711,9409.087472214414
2022-08-07 20:00:00,7569.560946635478,7025.260675771405,9463.530216503037
2022-08-08 00:00:00,7560.961494478837,7040.392006457681,9466.911778539416
2022-08-08 04:00:00,7539.671281502669,7070.654667830235,9633.000883178898
2022-08-08 08:00:00,7652.7380487060855,7206.52784133966,9775.382916637689
2022-08-08 12:00:00,7813.832683995465,7309.667932139996,9972.4536814387
2022-08-08 16:00:00,7724.449210118811,7260.87711074343,9839.274773597517
2022-08-08 20:00:00,7738.71932339334,7254.701057402092,9856.093898784398
2022-08-09 00:00:00,7694.992400534088,7206.219038672593,9798.197238254503
2022-08-09 04:00:00,7717.349860369889,7222.894382694204,9830.680856642382
2022-08-09 08:00:00,7717.22377455377,7224.438396029539,9833.488525275236
2022-08-09 12:00:00,7384.802353831579,7033.59834778221,9453.545124275082
2022-08-09 16:00:00,7384.802353831579,6976.161051707772,9335.600466196822
2022-08-09 20:00:00,7384.802353831579,6984.18992105151,9347.243512812554
2022-08-10 00:00:00,7384.802353831579,7009.202937083927,9383.336395572183
2022-08-10 04:00:00,7384.802353831579,6914.709320961463,9202.898091281684
2022-08-10 08:00:00,7384.802353831579,6951.148035675355,9284.401408944133
2022-08-10 12:00:00,7384.802353831579,6968.132182364033,9329.684663441814
2022-08-10 16:00:00,7370.032749123915,7169.162718624569,9768.106095174007
2022-08-10 20:00:00,7352.169976934301,7088.565222520114,9658.802281043387
2022-08-11 00:00:00,7400.496391617829,7187.073273314447,9862.738425839521
2022-08-11 04:00:00,7427.153646846767,7298.242233458522,10103.867289029797
2022-08-11 08:00:00,7437.334307663231,7302.874273464525,10136.654059169348
2022-08-11 12:00:00,7437.195206975357,7350.738686859891,10152.9193038007
2022-08-11 16:00:00,7356.264600647422,7276.317244096774,10033.98707768631
2022-08-11 20:00:00,7364.576264149937,7250.6866227302235,10044.433297609088
2022-08-12 00:00:00,7274.739671405901,7161.751454614963,9918.888570616087
2022-08-12 04:00:00,7359.025016936472,7194.484537324052,10043.791033346759
2022-08-12 08:00:00,7325.90908342783,7189.543694650982,9995.93670018337
2022-08-12 12:00:00,7225.645067239289,7118.827883892668,9866.799853103807
2022-08-12 16:00:00,7329.716053552055,7227.835225367275,10067.942959063912
2022-08-12 20:00:00,7447.27676728593,7284.346113440512,10284.042879341232
2022-08-13 00:00:00,7529.228892683976,7346.724252188022,10429.884194835999
2022-08-13 04:00:00,7676.281091956263,7457.275606997962,10737.221223029788
2022-08-13 08:00:00,7634.2587828329615,7385.32458557138,10677.36702192167
2022-08-13 12:00:00,7590.473025189889,7350.738686859891,10612.168466994008
2022-08-13 16:00:00,7582.1844572097525,7379.148532230043,10582.8897248422
2022-08-13 20:00:00,7557.8185882237185,7352.591502862292,10557.63256151967
2022-08-14 00:00:00,7592.638039084748,7365.252412212034,10611.567147455404
2022-08-14 04:00:00,7610.815945876644,7395.823876251655,10638.47938356796
2022-08-14 08:00:00,7734.462826005922,7489.082281705851,10819.606875538186
2022-08-14 12:00:00,7621.511932557092,7403.852745595394,10649.110775969282
2022-08-14 16:00:00,7568.749377084453,7387.177401573782,10559.02308163371
2022-08-14 20:00:00,7408.839867433937,7320.476025487337,10353.644983890335
2022-08-15 00:00:00,7381.694213031404,7326.343276161608,10332.652858949725
2022-08-15 04:00:00,7431.874874653702,7489.391084372917,10639.213961052756
2022-08-15 08:00:00,7346.626484079286,7255.93626807036,10155.79359666305
2022-08-15 12:00:00,7346.626484079286,7293.918996119586,10183.086355718133
2022-08-15 16:00:00,7346.626484079286,7351.973897528158,10330.81315594077
2022-08-15 20:00:00,7346.626484079286,7288.9781534465155,10202.542942431042
2022-08-16 00:00:00,7346.626484079286,7328.504894831076,10230.146334456818
2022-08-16 04:00:00,7346.626484079286,7319.858420153203,10191.283149390776
2022-08-16 08:00:00,7346.626484079286,7320.476025487337,10157.325980809477
2022-08-16 12:00:00,7346.626484079286,7332.828132170012,10310.159453640223
2022-08-16 16:00:00,7346.626484079286,7256.862676071561,10139.538218848913
2022-08-16 20:00:00,7346.626484079286,7269.523585421302,10098.876133147372
2022-08-17 00:00:00,7346.626484079286,7240.18733204995,10072.646091300696
2022-08-17 04:00:00,7346.626484079286,7283.419705439312,10225.412423292084
2022-08-17 08:00:00,7346.626484079286,7226.29121203194,10102.399111781288
2022-08-17 12:00:00,7346.626484079286,7206.836644006727,10032.827895909333
2022-08-17 16:00:00,7346.626484079286,7111.107817215996,9749.761591245322
2022-08-17 20:00:00,7346.626484079286,7066.9490358254325,9698.271254489646
2022-08-18 00:00:00,7346.626484079286,7083.933182514111,9665.635505143931
2022-08-18 04:00:00,7346.626484079286,7119.754291893868,9744.90947520304
2022-08-18 08:00:00,7346.626484079286,7119.136686559735,9755.964214762993
2022-08-18 12:00:00,7346.626484079286,7142.605689256817,9828.537241588088
2022-08-18 16:00:00,7346.626484079286,7164.221875951498,9878.05969304555
2022-08-18 20:00:00,7346.626484079286,7146.002518594552,9835.418759364999
2022-08-19 00:00:00,7346.626484079286,7094.123670527318,9644.52924403677
2022-08-19 04:00:00,7346.626484079286,6972.455419702969,9427.544901669848
2022-08-19 08:00:00,7346.626484079286,6704.723507355989,9043.322105195733
2022-08-19 12:00:00,7346.626484079286,6599.421797886184,8942.575903491976
2022-08-19 16:00:00,7346.626484079286,6599.421797886184,8995.709435103134
2022-08-19 20:00:00,7346.626484079286,6564.527096507627,9023.903693021239
2022-08-20 00:00:00,7346.626484079286,6407.655341637655,8660.298186260788
2022-08-20 04:00:00,7346.626484079286,6498.4433257553155,8821.09531945435
2022-08-20 08:00:00,7346.626484079286,6561.130267169891,8925.079167873344
2022-08-20 12:00:00,7346.626484079286,6538.278869806943,8833.294138755155
2022-08-20 16:00:00,7346.626484079286,6559.277451167491,8841.19208887179
2022-08-20 20:00:00,7346.626484079286,6451.814123028218,8459.215426017618
2022-08-21 00:00:00,7346.626484079286,6511.7218404391915,8599.134245587542
2022-08-21 04:00:00,7346.626484079286,6525.617960457201,8592.931568460725
2022-08-21 08:00:00,7346.626484079286,6537.661264472809,8635.266668746524
2022-08-21 12:00:00,7346.626484079286,6627.831643256336,8813.72238161676
2022-08-21 16:00:00,7346.626484079286,6595.4073632143145,8776.438713529067
2022-08-21 20:00:00,7346.626484079286,6623.817208584467,8822.543322607275
2022-08-22 00:00:00,7346.626484079286,6623.5084059174005,8832.398338531919
2022-08-22 04:00:00,7346.626484079286,6587.687296537642,8735.257188674306
2022-08-22 08:00:00,7346.626484079286,6508.94261643559,8538.942315063789
2022-08-22 12:00:00,7346.626484079286,6556.498227163888,8548.499078057863
2022-08-22 16:00:00,7346.626484079286,6649.139027283951,8682.15433759123
2022-08-22 20:00:00,7346.626484079286,6539.205277808143,8567.142008598017
2022-08-23 00:00:00,7346.626484079286,6646.977408614483,8796.547216221137
2022-08-23 04:00:00,7346.626484079286,6596.024968548449,8722.77062180886
2022-08-23 08:00:00,7346.626484079286,6619.493971245531,8705.983703413298
2022-08-23 12:00:00,7331.933231111127,6672.9168326481,8831.198440812957
2022-08-23 16:00:00,7308.5606652058395,6649.139027283951,8830.013196429816
2022-08-23 20:00:00,7331.070242907323,6670.4464113115655,8821.11140174248
2022-08-24 00:00:00,7354.45299051984,6672.299227313966,8872.76828668335
2022-08-24 04:00:00,7256.124740177789,6601.274613888585,8662.689818870622
2022-08-24 08:00:00,7280.619562377044,6614.244325905394,8718.052677275933
2022-08-24 12:00:00,7344.670227041168,6668.284792642097,8859.136991847212
2022-08-24 16:00:00,7391.326493120199,6700.400270017052,8955.91935656274
2022-08-24 20:00:00,7390.636765030245,6719.546035375199,8926.139064486993
2022-08-25 00:00:00,7309.528948938057,6621.964392582066,8759.009532357897
2022-08-25 04:00:00,7325.406061930013,6641.418960607279,8809.52209303379
2022-08-25 08:00:00,7378.824386015098,6709.664350029058,9000.156497767075
2022-08-25 12:00:00,7357.507660847773,6722.3252593788,9029.593456612161
2022-08-25 16:00:00,7301.695567446224,6689.900979336779,8948.572746040601
2022-08-25 20:00:00,7304.584880697497,6690.827387337979,8952.185261429138
2022-08-26 00:00:00,7239.193365012186,6680.019293990638,8876.954740266134
2022-08-26 04:00:00,7222.891171661244,6671.372819312766,8845.462772505627
2022-08-26 08:00:00,7155.580472003324,6639.25734193781,8739.466215428358
2022-08-26 12:00:00,7091.949751427038,6548.778160487216,8594.304935471155
2022-08-26 16:00:00,7091.949751427038,6417.228224316727,8390.278133451255
2022-08-26 20:00:00,7091.949751427038,6401.17048562925,8304.423317165227
2022-08-27 00:00:00,7091.949751427038,6278.575826803701,8051.442965976442
2022-08-27 04:00:00,7091.949751427038,6275.178997465965,8067.100905623092
2022-08-27 08:00:00,7091.949751427038,6295.251170825312,8129.372226865268
2022-08-27 12:00:00,7091.949751427038,6271.782168128229,8083.251667566421
2022-08-27 16:00:00,7091.949751427038,6200.448752035782,7933.077753176028
2022-08-27 20:00:00,7091.949751427038,6207.242410711253,7949.859729446497
2022-08-28 00:00:00,7091.949751427038,6216.815293390326,7991.93136576969
2022-08-28 04:00:00,7091.949751427038,6200.139949368715,7967.808109242024
2022-08-28 08:00:00,7091.949751427038,6219.285714726861,8023.455571856009
2022-08-28 12:00:00,7091.949751427038,6212.49205605139,8009.8426771731565
2022-08-28 16:00:00,7091.949751427038,6214.344872053791,8021.495452454967
2022-08-28 20:00:00,7091.949751427038,6196.125514696845,7981.08084096539
2022-08-29 00:00:00,7091.949751427038,6079.0893038785,7725.4135251650605
2022-08-29 04:00:00,7091.949751427038,6182.229394678836,7844.970716092636
2022-08-29 08:00:00,7091.949751427038,6181.611789344703,7816.760920898191
2022-08-29 12:00:00,7091.949751427038,6125.718506605598,7765.7002895201085
2022-08-29 16:00:00,7091.949751427038,6263.135693450357,8057.510477705294
2022-08-29 20:00:00,7091.949751427038,6206.624805377119,8026.332699437019
2022-08-30 00:00:00,7091.949751427038,6259.430061445555,8166.557986331129
2022-08-30 04:00:00,7091.949751427038,6256.0332321078195,8151.783687653827
2022-08-30 08:00:00,7063.581952421329,6288.457512149841,8257.85896199552
2022-08-30 12:00:00,7062.712525443904,6287.839906815707,8257.496038122128
2022-08-30 16:00:00,6852.229428793584,6088.044581223439,7929.202821118776
2022-08-30 20:00:00,6879.554399412396,6151.040325305082,8011.691283799916
2022-08-31 00:00:00,6852.080112014246,6108.73435991692,7963.362229293295
2022-08-31 04:00:00,6969.443100573739,6274.870194798898,8247.573102768787
2022-08-31 08:00:00,6943.76061452764,6252.01879743595,8207.39188741381
2022-08-31 12:00:00,6960.782727372147,6263.753298784491,8258.23031429634
2022-08-31 16:00:00,6896.128561918889,6183.77340801417,8070.967721902894
2022-08-31 20:00:00,6919.272662716245,6223.9177547328645,8134.466920205303
2022-09-01 00:00:00,6890.902474642067,6171.730103998562,8020.092438573738
2022-09-01 04:00:00,6888.662722952001,6168.333274660827,7996.9344147273905
2022-09-01 08:00:00,6879.255765853721,6122.939282601996,7943.685688284078
2022-09-01 12:00:00,6935.10024132605,6194.272698694444,8079.677348609453
2022-09-01 16:00:00,6884.631169909881,6145.481877297878,7954.0536621375495
2022-09-01 20:00:00,6927.783719138499,6165.245247990158,8040.267263565666
2022-09-02 00:00:00,6954.9593729779735,6242.445914756877,8147.111841069863
2022-09-02 04:00:00,6971.085585146454,6240.593098754475,8163.259125126522
2022-09-02 08:00:00,6962.873162282876,6215.888885389126,8137.943935886443
2022-09-02 12:00:00,6962.574528724201,6206.624805377119,8131.057581534511
2022-09-02 16:00:00,7016.925836403151,6271.782168128229,8285.331068104966
2022-09-02 20:00:00,6907.012261964821,6176.362144004565,8031.9492639874
2022-09-03 00:00:00,6907.012261964821,6195.8167120297785,8076.572830303831
2022-09-03 04:00:00,6907.012261964821,6174.818130669231,8018.601296461387
2022-09-03 08:00:00,6907.012261964821,6145.7906799649445,7991.599812068733
2022-09-03 12:00:00,6907.012261964821,6149.496311969748,8006.004512843782
2022-09-03 16:00:00,6907.012261964821,6142.085047960142,8012.366985492065
2022-09-03 20:00:00,6907.012261964821,6121.704071933728,7983.547408686337
2022-09-04 00:00:00,6907.012261964821,6159.0691946488205,8030.141184294532
2022-09-04 04:00:00,6907.012261964821,6139.305823956541,8048.030304157799
2022-09-04 08:00:00,6907.012261964821,6098.8526745707795,7987.685328466657
2022-09-04 12:00:00,6907.012261964821,6160.6132079841545,8127.614077922791
2022-09-04 16:00:00,6907.012261964821,6142.702653294276,8102.989984880775
2022-09-04 20:00:00,6907.012261964821,6177.906157339899,8128.163238603813
2022-09-05 00:00:00,6893.198237440891,6234.725848080205,8233.743253330977
2022-09-05 04:00:00,6890.289812673611,6188.096645353106,8204.46863707441
2022-09-05 08:00:00,6857.658705528514,6155.054759976951,8122.568987753759
2022-09-05 12:00:00,6814.654595045127,6134.673783950538,8074.105163139227
2022-09-05 16:00:00,6814.654595045127,6176.670946671632,8208.949403766943
2022-09-05 20:00:00,6814.654595045127,6125.409703938531,8142.463943557232
2022-09-06 00:00:00,6814.654595045127,6139.305823956541,8233.082467595555
2022-09-06 04:00:00,6787.395976664948,6139.923429290674,8344.200557522749
2022-09-06 08:00:00,6808.9491233584995,6159.686799982954,8378.746060075031
2022-09-06 12:00:00,6870.546743013658,6194.890304028578,8477.592272347894
2022-09-06 16:00:00,6913.098031853247,6169.259682662027,8536.90193236015
2022-09-06 20:00:00,6567.33435523443,5874.353135613162,7979.395776866507
2022-09-07 00:00:00,6567.33435523443,5875.279543614362,7941.701354008505
2022-09-07 04:00:00,6567.33435523443,5860.457015595152,7861.295657957489
2022-09-07 08:00:00,6567.33435523443,5856.442580923283,7884.837462913364
2022-09-07 12:00:00,6567.33435523443,5863.236239598754,7912.116938245184
2022-09-07 16:00:00,6567.33435523443,5869.412292940092,7969.23696073908
2022-09-07 20:00:00,6567.33435523443,5867.868279604757,8020.008748666566
2022-09-08 00:00:00,6567.33435523443,5964.832317063756,8232.460837473478
2022-09-08 04:00:00,6567.33435523443,5944.142538370275,8207.470943800876
2022-09-08 08:00:00,6567.33435523443,5932.716839688801,8159.254142813493
2022-09-08 12:00:00,6567.33435523443,5958.347461055351,8240.233293452715
2022-09-08 16:00:00,6567.33435523443,5972.243581073361,8335.553177873899
2022-09-08 20:00:00,6567.33435523443,5979.346042415899,8347.56040676203
2022-09-09 00:00:00,6567.33435523443,5957.729855721218,8334.447348598896
2022-09-09 04:00:00,6554.199686523962,6112.1311892546555,8523.931416728283
2022-09-09 08:00:00,6562.388086894208,6301.736026833717,8691.751765421715
2022-09-09 12:00:00,6634.681632323546,6441.006029680877,8776.989270533984
2022-09-09 16:00:00,6662.677403000549,6534.264435135074,8788.248946475953
2022-09-09 20:00:00,6653.8221744931125,6545.998936483615,8769.617574905504
2022-09-10 00:00:00,6648.114196739805,6563.29188583936,8756.705217457562
2022-09-10 04:00:00,6658.816160480624,6535.190843136274,8771.8336961911
2022-09-10 08:00:00,6613.132082438524,6541.058093810545,8705.0631496534
2022-09-10 12:00:00,6646.352942754402,6538.58767247401,8756.830500069686
2022-09-10 16:00:00,6614.609691744299,6512.030643106258,8713.726873945267
2022-09-10 20:00:00,6714.667268540221,6631.228472594072,8838.569542280682
2022-09-11 00:00:00,6771.45232812854,6651.300645953419,8911.37783318452
2022-09-11 04:00:00,6728.529960415293,6621.964392582066,8852.200019842774
2022-09-11 08:00:00,6724.952200625221,6633.6988939306075,8842.558768415649
2022-09-11 12:00:00,6743.618816496175,6638.330933936611,8868.7795471055
2022-09-11 16:00:00,6777.177950646637,6649.756632618085,8926.214979429951
2022-09-11 20:00:00,6749.428718103556,6623.199603250333,8890.460914600437
2022-09-12 00:00:00,6756.467173122041,6687.73936066731,8882.440693204906
2022-09-12 04:00:00,6684.309490063831,6628.758051257537,8799.473666073962
2022-09-12 08:00:00,6757.0772334055955,6739.309406067478,8887.026264577453
2022-09-12 12:00:00,6912.900558313974,6792.114662135914,9151.612256928292
2022-09-12 16:00:00,6801.2277486623425,6746.411867410016,9017.466843706374
2022-09-12 20:00:00,6873.277226617475,6843.375904869015,9154.87971391245
2022-09-13 00:00:00,6849.843932477357,6827.318166181538,9095.65573513235
2022-09-13 04:00:00,6917.207218747462,6772.351291443634,9228.63875591342
2022-09-13 08:00:00,6898.509247956121,6779.453752786172,9191.696774318643
2022-09-13 12:00:00,6910.814890901576,6838.435062195946,9221.108988671731
2022-09-13 16:00:00,6534.796431070939,6419.698645653263,8541.957153220334
2022-09-13 20:00:00,6534.796431070939,6289.075117483974,8465.891450228464
2022-09-14 00:00:00,6534.796431070939,6249.857178766481,8283.852996283713
2022-09-14 04:00:00,6534.796431070939,6288.457512149841,8394.59645366844
2022-09-14 08:00:00,6534.796431070939,6265.914917453959,8362.559728468612
2022-09-14 12:00:00,6534.796431070939,6253.871613438351,8328.386159161466
2022-09-14 16:00:00,6534.796431070939,6237.813874750874,8356.544519411957
2022-09-14 20:00:00,6534.796431070939,6180.376578676435,8353.827364387147
2022-09-15 00:00:00,6534.796431070939,6251.401192101816,8507.224310841662
2022-09-15 04:00:00,6534.796431070939,6201.992765371116,8325.700159633841
2022-09-15 08:00:00,6534.796431070939,6255.106824106619,8573.908541996512
2022-09-15 12:00:00,6534.796431070939,6229.167400073001,8403.805864108494
2022-09-15 16:00:00,6534.796431070939,6103.175911909716,8094.793990385394
2022-09-15 20:00:00,6534.796431070939,6117.380834594792,8163.650598095273
2022-09-16 00:00:00,6534.796431070939,6094.838239898911,8071.8352379041435
2022-09-16 04:00:00,6534.796431070939,6100.705490573181,8043.65129001659
2022-09-16 08:00:00,6534.796431070939,6123.8656906031965,8072.250306555975
2022-09-16 12:00:00,6534.796431070939,6156.598773312286,8120.627144859144
2022-09-16 16:00:00,6534.796431070939,6063.957973192223,7923.029134013387
2022-09-16 20:00:00,6534.796431070939,6054.693893180217,7866.633217902664
2022-09-17 00:00:00,6534.796431070939,6103.484714576783,7905.641174248595
2022-09-17 04:00:00,6534.796431070939,6133.438573282269,7990.490569224111
2022-09-17 08:00:00,6534.796431070939,6121.086466599595,7980.126441632156
2022-09-17 12:00:00,6534.796431070939,6111.513583920521,7930.323604177486
2022-09-17 16:00:00,6534.796431070939,6161.539615985355,8067.912687944577
2022-09-17 20:00:00,6534.796431070939,6173.274117333896,8101.016261309883
2022-09-18 00:00:00,6534.796431070939,6206.0072000429855,8159.529846564276
2022-09-18 04:00:00,6534.796431070939,6170.494893330295,8088.67483618755
2022-09-18 08:00:00,6534.796431070939,6185.317421349505,8147.331729947752
2022-09-18 12:00:00,6534.796431070939,6146.099482632012,8043.416317987477
2022-09-18 16:00:00,6534.796431070939,6108.73435991692,7948.748989138358
2022-09-18 20:00:00,6534.796431070939,6084.338949218637,7838.831764124806
2022-09-19 00:00:00,6534.796431070939,5978.110831747632,7577.192030905232
2022-09-19 04:00:00,6534.796431070939,5801.784508852446,7448.748643524904
2022-09-19 08:00:00,6534.796431070939,5717.481380743189,7463.956276851449
2022-09-19 12:00:00,6534.796431070939,5782.6387434943,7510.936902086641
2022-09-19 16:00:00,6534.796431070939,5898.439743644378,7659.234874340823
2022-09-19 20:00:00,6534.796431070939,6019.181586467526,7829.050419032495
2022-09-20 00:00:00,6534.796431070939,6013.314335793256,7827.0027521407765
2022-09-20 04:00:00,6534.796431070939,5963.5971063954885,7746.648317148952
2022-09-20 08:00:00,6534.796431070939,5959.891474390686,7741.32198249305
2022-09-20 12:00:00,6534.796431070939,5943.833735703209,7737.204873268658
2022-09-20 16:00:00,6534.796431070939,5948.156973042145,7803.035226197581
2022-09-20 20:00:00,6534.796431070939,5887.014044962903,7685.406133755259
2022-09-21 00:00:00,6534.796431070939,5846.560895577143,7582.969028039078
2022-09-21 04:00:00,6534.796431070939,5897.20453297611,7667.858191549281
2022-09-21 08:00:00,6534.796431070939,5905.851007653983,7686.405338975799
2022-09-21 12:00:00,6534.796431070939,5980.890055751233,7779.852709113404
2022-09-21 16:00:00,6534.796431070939,5999.418215775246,7722.424253592745
2022-09-21 20:00:00,6534.796431070939,5958.038658388285,7694.002291228514
2022-09-22 00:00:00,6534.796431070939,5805.490140857249,7441.245779282256
2022-09-22 04:00:00,6534.796431070939,5881.4555969557,7546.913889020425
2022-09-22 08:00:00,6534.796431070939,5936.113669026537,7649.482073968223
2022-09-22 12:00:00,6508.657245346656,6022.887218472329,7782.935287978292
2022-09-22 16:00:00,6462.756398430665,5961.126685058954,7666.608815753119
2022-09-22 20:00:00,6535.751021446,6058.708327852086,7848.386646338672
2022-09-23 00:00:00,6545.070209225625,6092.367818562376,7858.864340723474
2022-09-23 04:00:00,6581.906926007452,6091.441410561175,7948.07262407066
2022-09-23 08:00:00,6558.683067031376,6067.972407864092,7909.323964996634
2022-09-23 12:00:00,6471.1874584994675,5967.920343734425,7722.405330303423
2022-09-23 16:00:00,6449.451119344312,5948.465775709212,7731.449039698611
2022-09-23 20:00:00,6478.989397540177,5998.183005106978,7803.063436386588
2022-09-24 00:00:00,6584.014470699935,6140.541034624808,8105.562284690333
2022-09-24 04:00:00,6583.334900300827,6092.676621229442,8107.723802849184
2022-09-24 08:00:00,6551.94392126278,6048.209037171812,8068.919662615018
2022-09-24 12:00:00,6612.323298024502,6067.972407864092,8172.982970711603
2022-09-24 16:00:00,6554.256978788584,6088.353383890506,8112.280254243563
2022-09-24 20:00:00,6580.847595530503,6086.191765221038,8157.0275253881155
2022-09-25 00:00:00,6485.090237993576,6028.136863812465,8033.033877474255
2022-09-25 04:00:00,6523.660265750674,6068.590013198226,8077.060657007983
2022-09-25 08:00:00,6554.010682333803,6083.412541217436,8122.007487368132
2022-09-25 12:00:00,6531.9553594171975,6086.191765221038,8085.917082721812
2022-09-25 16:00:00,6453.616023510096,6041.415378496341,7985.206101452243
2022-09-25 20:00:00,6380.0071076614395,6027.828061145398,7917.3200076987705
2022-09-26 00:00:00,6361.441866434023,5997.565399772845,7850.077973600546
2022-09-26 04:00:00,6361.441866434023,6048.826642505946,7936.319803093185
2022-09-26 08:00:00,6361.441866434023,6035.239325155004,7885.178906112805
2022-09-26 12:00:00,6361.441866434023,6048.209037171812,7920.202363569754
2022-09-26 16:00:00,6361.441866434023,6134.982586617604,8074.826982289266
2022-09-26 20:00:00,6348.718982701155,6164.627642656024,8173.1035998944235
2022-09-27 00:00:00,6337.081625716016,6167.7156693266925,8197.753972952632
2022-09-27 04:00:00,6491.220697570219,6436.065187007807,8459.268013991994
2022-09-27 08:00:00,6469.916316349913,6457.063768368354,8419.182364141732
2022-09-27 12:00:00,6499.244824348527,6478.679955063036,8456.570855205115
2022-09-27 16:00:00,6412.265627940036,6378.0102855992345,8352.804669264813
2022-09-27 20:00:00,6144.9510502404555,6137.453007954139,8038.880054568931
2022-09-28 00:00:00,6144.9510502404555,6142.085047960142,8052.829595418631
2022-09-28 04:00:00,6144.9510502404555,6057.473117183818,7936.708254888476
2022-09-28 08:00:00,6144.9510502404555,6057.164314516752,7921.974495339701
2022-09-28 12:00:00,6144.9510502404555,6119.54245326426,7990.682852418677
2022-09-28 16:00:00,6144.9510502404555,6217.124096057393,8076.855259559488
2022-09-28 20:00:00,6144.9510502404555,6203.536778706451,8101.612533576076
2022-09-29 00:00:00,6144.9510502404555,6169.259682662027,8080.251735866979
2022-09-29 04:00:00,6144.9510502404555,6219.285714726861,8159.250672268464
2022-09-29 08:00:00,6144.9510502404555,6192.419882692043,8096.2218355928535
2022-09-29 12:00:00,6144.9510502404555,6179.450170675234,8125.655863850332
2022-09-29 16:00:00,6144.9510502404555,6100.3966879061145,8090.609427848184
2022-09-29 20:00:00,6144.9510502404555,6112.748794588789,8069.6433209442885
2022-09-30 00:00:00,6144.9510502404555,6158.14278664762,8069.559258070326
2022-09-30 04:00:00,6144.9510502404555,6113.366399922923,8077.357513410791
2022-09-30 08:00:00,6144.9510502404555,6144.864271963744,8103.5208542776145
2022-09-30 12:00:00,6144.9510502404555,6156.289970645218,8110.250895835306
2022-09-30 16:00:00,6144.9510502404555,6231.637821409536,8225.288593790094
2022-09-30 20:00:00,6144.9510502404555,6145.173074630811,8058.9195135667915
2022-10-01 00:00:00,6144.9510502404555,6120.160058598394,7978.257157737664
2022-10-01 04:00:00,6144.9510502404555,6116.763229260659,7958.987158751877
2022-10-01 08:00:00,6144.9510502404555,6086.809370555172,7951.564628242353
2022-10-01 12:00:00,6144.9510502404555,6088.662186557573,7944.608770792975
2022-10-01 16:00:00,6144.9510502404555,6091.750213228242,7936.131380443145
2022-10-01 20:00:00,6144.9510502404555,6076.310079874898,7881.517736668559
2022-10-02 00:00:00,6144.9510502404555,6082.486133216235,7847.93064895412
2022-10-02 04:00:00,6144.9510502404555,6087.1181732222385,7894.830522246194
2022-10-02 08:00:00,6144.9510502404555,6077.854093210232,7891.787088070444
2022-10-02 12:00:00,6144.9510502404555,6049.44424784008,7833.525069924408
2022-10-02 16:00:00,6144.9510502404555,6034.930522487936,7809.920790394542
2022-10-02 20:00:00,6144.9510502404555,6073.222053204229,7878.039707333805
2022-10-03 00:00:00,6144.9510502404555,6012.0791251249875,7737.104975387847
2022-10-03 04:00:00,6144.9510502404555,6037.400943824472,7783.369583517301
2022-10-03 08:00:00,6144.9510502404555,6038.018549158605,7774.720475142009
2022-10-03 12:00:00,6144.9510502404555,6083.10373855037,7861.218529813977
2022-10-03 16:00:00,6144.9510502404555,6091.750213228242,7909.9481751846115
2022-10-03 20:00:00,6144.9510502404555,6142.702653294276,7932.5292882105705
2022-10-04 00:00:00,6144.9510502404555,6168.02447199376,7939.980152334689
2022-10-04 04:00:00,6144.9510502404555,6151.040325305082,7959.827539220725
2022-10-04 08:00:00,6108.301242783754,6241.210704088609,8077.4912555870515
2022-10-04 12:00:00,6090.6248057114,6230.711413408335,8048.931550267496
2022-10-04 16:00:00,6092.248030595495,6226.696978736466,8061.933995344227
2022-10-04 20:00:00,6093.670334001291,6256.959640109019,8057.79478794005
2022-10-05 00:00:00,6119.638663756718,6289.383920151042,8089.369112121609
2022-10-05 04:00:00,6100.431045089262,6260.356469446755,8069.108403832105
2022-10-05 08:00:00,6120.477812661359,6289.692722818108,8094.709370314952
2022-10-05 12:00:00,6058.688493514072,6244.607533426345,8006.615263924578
2022-10-05 16:00:00,6081.075675042205,6259.430061445555,8043.965695016931
2022-10-05 20:00:00,6127.061955139318,6288.148709482774,8101.6332747581
2022-10-06 00:00:00,6129.729296855597,6280.737445473169,8109.883827146968
2022-10-06 04:00:00,6186.537820969491,6338.792346881742,8177.959233375748
2022-10-06 08:00:00,6153.80015382799,6296.177578826513,8132.266679306497
2022-10-06 12:00:00,6189.782405687342,6332.307490873337,8181.708094346553
2022-10-06 16:00:00,6170.954162613995,6299.574408164249,8154.659545451689
2022-10-06 20:00:00,6165.922277145996,6312.235317513991,8141.820967762366
2022-10-07 00:00:00,6138.35612857706,6298.339197495981,8100.127693343743
2022-10-07 04:00:00,6155.78937698669,6298.339197495981,8131.817997030438
2022-10-07 08:00:00,6135.82623256039,6278.267024136634,8099.167968807394
2022-10-07 12:00:00,6135.262833512694,6315.014541517592,8110.810319468889
2022-10-07 16:00:00,6037.825295928924,6180.685381343502,7983.0127482531325
2022-10-07 20:00:00,6037.825295928924,6175.126933336298,8003.68037997587
2022-10-08 00:00:00,6037.825295928924,6194.890304028578,8019.864599959315
2022-10-08 04:00:00,6037.825295928924,6187.78784268604,8006.506450027467
2022-10-08 08:00:00,6037.825295928924,6187.78784268604,8020.7563184366
2022-10-08 12:00:00,6037.825295928924,6193.346290693244,8016.720652269002
2022-10-08 16:00:00,6037.825295928924,6176.362144004565,7981.9770991101095
2022-10-08 20:00:00,6037.825295928924,6175.744538670431,7973.0056949299615
2022-10-09 00:00:00,6037.825295928924,6151.966733306283,7934.626975217826
2022-10-09 04:00:00,6037.825295928924,6144.864271963744,7918.212889551406
2022-10-09 08:00:00,6037.825295928924,6160.922010651222,7951.434508635045
2022-10-09 12:00:00,6037.825295928924,6176.670946671632,7983.518432067817
2022-10-09 16:00:00,6037.825295928924,6195.8167120297785,8028.759970827773
2022-10-09 20:00:00,6037.825295928924,6176.053341337499,7991.808837090827
2022-10-10 00:00:00,6037.825295928924,6164.627642656024,7990.629205982565
2022-10-10 04:00:00,6037.825295928924,6173.274117333896,8012.143616343278
2022-10-10 08:00:00,6037.825295928924,6181.302986677635,8000.526128139752
2022-10-10 12:00:00,6037.825295928924,6162.1572213194895,7979.130289987245
2022-10-10 16:00:00,6037.825295928924,6135.6001919517375,7946.3204662427315
2022-10-10 20:00:00,6037.825295928924,6117.689637261859,7915.8972467503745
2022-10-11 00:00:00,6037.825295928924,6080.633317213834,7811.44379679438
2022-10-11 04:00:00,6037.825295928924,6072.913250537163,7742.568870721024
2022-10-11 08:00:00,6037.825295928924,6071.060434534761,7762.493253272864
2022-10-11 12:00:00,6037.825295928924,6085.882962553971,7761.545443046114
2022-10-11 16:00:00,6037.825295928924,6067.354802529959,7746.828353012316
2022-10-11 20:00:00,6037.825295928924,6044.50340516701,7700.082341316381
2022-10-12 00:00:00,6037.825295928924,6064.884381193424,7667.881239694628
2022-10-12 04:00:00,6037.825295928924,6067.972407864092,7692.621566026864
2022-10-12 08:00:00,6037.825295928924,6084.647751885704,7741.64583085729
2022-10-12 12:00:00,6037.825295928924,6078.471698544366,7743.699670313715
2022-10-12 16:00:00,6037.825295928924,6098.8526745707795,7773.754717457544
2022-10-12 20:00:00,6037.825295928924,6097.617463902512,7743.361276898504
2022-10-13 00:00:00,6037.825295928924,6092.985423896509,7738.828686077982
2022-10-13 04:00:00,6037.825295928924,6071.986842535962,7669.371191538798
2022-10-13 08:00:00,6037.825295928924,6050.679458508347,7527.844184756846
2022-10-13 12:00:00,6037.825295928924,5944.451341037342,7309.288799253747
2022-10-13 16:00:00,6037.825295928924,6021.343205136995,7469.005638244412
2022-10-13 20:00:00,6037.825295928924,6124.174493270263,7623.927041036777
2022-10-14 00:00:00,6037.825295928924,6125.718506605598,7619.024908454062
2022-10-14 04:00:00,6013.673994745209,6252.94520543715,7856.1547960341
2022-10-14 08:00:00,5990.910813827426,6207.5512133783195,7802.816030951852
2022-10-14 12:00:00,6012.725903726248,6221.447333396329,7832.259040621678
2022-10-14 16:00:00,5955.493167414323,6132.512165281069,7714.378412605495
2022-10-14 20:00:00,5914.403220610588,6087.426975889305,7619.001761709957
2022-10-15 00:00:00,5913.0691893918665,6092.367818562376,7600.915361833917
2022-10-15 04:00:00,5918.849991339655,6100.705490573181,7620.505604291612
2022-10-15 08:00:00,5910.252901263457,6089.279791891707,7597.796121216355
2022-10-15 12:00:00,5900.321779968537,6088.97098922464,7582.433457033572
2022-10-15 16:00:00,5897.060814767221,6080.942119880901,7567.980373642147
2022-10-15 20:00:00,5881.316578323882,6072.2956452030285,7550.624445518452
2022-10-16 00:00:00,5881.316578323882,6057.473117183818,7502.329822131371
2022-10-16 04:00:00,5881.316578323882,6078.162895877299,7554.7599620463325
2022-10-16 08:00:00,5881.316578323882,6083.10373855037,7550.248994436489
2022-10-16 12:00:00,5881.316578323882,6082.486133216235,7572.83300671445
2022-10-16 16:00:00,5881.316578323882,6083.721343884503,7576.27876723308
2022-10-16 20:00:00,5881.316578323882,6150.113917303881,7675.878777147877
2022-10-17 00:00:00,5881.316578323882,6107.190346581586,7622.262134450768
2022-10-17 04:00:00,5881.316578323882,6084.647751885704,7592.205917847946
2022-10-17 08:00:00,5881.316578323882,6108.116754582786,7644.236529962517
2022-10-17 12:00:00,5881.316578323882,6164.627642656024,7708.630146884837
2022-10-17 16:00:00,5881.316578323882,6127.571322607999,7698.368536150539
2022-10-17 20:00:00,5881.316578323882,6125.409703938531,7676.544206228719
2022-10-18 00:00:00,5857.791312010586,6131.894559946935,7731.567106469775
2022-10-18 04:00:00,5853.810424085262,6133.129770615203,7724.224705743439
2022-10-18 08:00:00,5855.656202719596,6162.1572213194895,7734.821626030874
2022-10-18 12:00:00,5832.05626269346,6143.937863962544,7694.677045093203
2022-10-18 16:00:00,5746.187678628496,6077.236487876098,7579.015888624569
2022-10-18 20:00:00,5746.187678628496,6023.196021139395,7517.04171183459
2022-10-19 00:00:00,5746.187678628496,6050.988261175414,7545.700555370296
2022-10-19 04:00:00,5746.187678628496,6048.517839838879,7534.741188289326
2022-10-19 08:00:00,5746.187678628496,6031.842495817268,7519.564142329345
2022-10-19 12:00:00,5746.187678628496,6056.855511849685,7548.555411510785
2022-10-19 16:00:00,5746.187678628496,6082.177330549169,7570.480557722103
2022-10-19 20:00:00,5746.187678628496,6074.14846120543,7533.5077948897315
2022-10-20 00:00:00,5746.187678628496,6045.429813168211,7399.15284022232
2022-10-20 04:00:00,5746.187678628496,6023.813626473529,7402.916110004821
2022-10-20 08:00:00,5746.187678628496,6040.1801678280735,7449.567806400651
2022-10-20 12:00:00,5746.187678628496,6045.738615835277,7458.38734875265
2022-10-20 16:00:00,5746.187678628496,6049.44424784008,7431.46080895831
2022-10-20 20:00:00,5746.187678628496,6018.255178466326,7325.725047456782
2022-10-21 00:00:00,5746.187678628496,6014.549546461523,7290.035283929786
2022-10-21 04:00:00,5746.187678628496,6020.416797135794,7317.814255587142
2022-10-21 08:00:00,5746.187678628496,6000.03582110938,7265.598659179198
2022-10-21 12:00:00,5746.187678628496,6000.03582110938,7222.648601136939
2022-10-21 16:00:00,5746.187678628496,6006.829479784851,7223.113490993825
2022-10-21 20:00:00,5746.187678628496,6008.991098454319,7303.643589716682
2022-10-22 00:00:00,5746.187678628496,6004.667861115383,7287.549004887728
2022-10-22 04:00:00,5746.187678628496,6000.03582110938,7245.886540931551
2022-10-22 08:00:00,5746.187678628496,6003.123847780049,7244.038744224762
2022-10-22 12:00:00,5746.187678628496,6009.608703788453,7276.653830404263
2022-10-22 16:00:00,5734.695303271238,6025.66644247593,7302.479503034964
2022-10-22 20:00:00,5730.8261061211815,6012.0791251249875,7277.295861066669
2022-10-23 00:00:00,5730.252891728581,6018.872783800459,7300.732416222306
2022-10-23 04:00:00,5727.816730560026,6015.1671517956565,7336.829324167665
2022-10-23 08:00:00,5723.80422981182,6004.667861115383,7336.454135065179
2022-10-23 12:00:00,5716.639049904308,6002.197439778848,7269.441126881081
2022-10-23 16:00:00,5728.676552148929,6009.608703788453,7289.620818938342
2022-10-23 20:00:00,5741.675104497755,6107.499149248652,7447.70636581252
2022-10-24 00:00:00,5796.839922537304,6126.644914606799,7563.448281573372
2022-10-24 04:00:00,5763.07646809237,6087.1181732222385,7448.955628908404
2022-10-24 08:00:00,5740.664710141857,6064.575578526356,7421.912036018887
2022-10-24 12:00:00,5775.734272793552,6097.3086612354455,7526.790233037483
2022-10-24 16:00:00,5721.8622745969005,6039.562562493939,7389.32323343068
2022-10-24 20:00:00,5727.594418522911,6046.665023836478,7389.217731110815
2022-10-25 00:00:00,5723.4386141765535,6040.1801678280735,7372.604852203344
2022-10-25 04:00:00,5729.314061700714,6042.341786497542,7401.5764125771875
2022-10-25 08:00:00,5732.610044458169,6047.2826291706115,7401.784534574974
2022-10-25 12:00:00,5732.323437261868,6040.797773162208,7377.169911794662
2022-10-25 16:00:00,5789.506946045238,6121.395269266662,7612.60031658908
2022-10-25 20:00:00,6017.806556076912,6270.238154792895,8000.569215640566
2022-10-26 00:00:00,5931.572978145844,6227.932189404733,7885.287517785379
2022-10-26 04:00:00,5993.323265045955,6281.046248140236,7960.075655397401
2022-10-26 08:00:00,6009.463807836771,6263.753298784491,7975.233088640004
2022-10-26 12:00:00,6053.12619191542,6348.056426893748,8023.514684199658
2022-10-26 16:00:00,6110.447004238141,6390.36239228191,8087.192312196902
2022-10-26 20:00:00,6087.311032450139,6361.64374424469,8055.526665327649
2022-10-27 00:00:00,6079.254107590196,6353.306072233885,8043.802340500196
2022-10-27 04:00:00,6089.427718092882,6363.805362914159,8066.272684010343
2022-10-27 08:00:00,6098.504099748961,6352.070861565618,8082.9710418856475
2022-10-27 12:00:00,6071.2300340384345,6333.233898874538,8041.5633214150175
2022-10-27 16:00:00,6097.633645051295,6357.938112239888,8078.565863180708
2022-10-27 20:00:00,6141.229098360623,6388.818378946576,8131.941669739814
2022-10-28 00:00:00,5991.908014178361,6284.134274810905,7934.2199807598745
2022-10-28 04:00:00,5975.203584768926,6272.090970795297,7915.867773162686
2022-10-28 08:00:00,5927.33761522667,6230.711413408335,7848.517042912053
2022-10-28 12:00:00,5953.379947487058,6256.0332321078195,7886.242663106889
2022-10-28 16:00:00,6103.130487322519,6367.202192251894,8085.519490417114
2022-10-28 20:00:00,6180.969101830243,6390.053589614843,8203.264164764874
2022-10-29 00:00:00,6176.364459652701,6382.642325605238,8199.08608242527
2022-10-29 04:00:00,6292.0693495037685,6432.977160337138,8359.58938105329
2022-10-29 08:00:00,6328.661440256744,6438.535608344342,8418.102233133093
2022-10-29 12:00:00,6329.2927042354,6412.287381643658,8404.8317118577
2022-10-29 16:00:00,6387.09251896958,6481.459179066638,8477.332120188777
2022-10-29 20:00:00,6349.827386416781,6455.210952365954,8424.599513751073
2022-10-30 00:00:00,6340.154699630702,6445.020464352747,8412.842407918033
2022-10-30 04:00:00,6346.82406924208,6433.594765671272,8423.777300680878
2022-10-30 08:00:00,6391.942256846052,6461.6958083743575,8490.792812628035
2022-10-30 12:00:00,6303.434427291665,6438.2268056772755,8364.123546082708
2022-10-30 16:00:00,6239.775591739381,6407.964144304721,8274.543019565248
2022-10-30 20:00:00,6244.5900709700345,6400.861682962183,8284.986746030118
2022-10-31 00:00:00,6295.78565201894,6399.317669626849,8368.349650858236
2022-10-31 04:00:00,6270.744350471597,6360.408533576423,8339.82843695355
2022-10-31 08:00:00,6332.327303393297,6390.36239228191,8430.498102200581
2022-10-31 12:00:00,6428.261674110304,6437.918003010209,8561.689255511279
2022-10-31 16:00:00,6290.506158122811,6373.687048260298,8372.618860550152
2022-10-31 20:00:00,6236.090056941972,6362.570152245891,8305.173747089855
2022-11-01 00:00:00,6242.807821318369,6403.949709632852,8345.39646392747
2022-11-01 04:00:00,6226.608149823337,6383.877536273505,8350.009061945919
2022-11-01 08:00:00,6226.608149823337,6405.18492030112,8388.599837591912
2022-11-01 12:00:00,6226.608149823337,6379.863101601636,8365.572742432516
2022-11-01 16:00:00,6226.608149823337,6393.450418952579,8331.692509801862
2022-11-01 20:00:00,6226.608149823337,6390.671194948976,8306.896611059827
2022-11-02 00:00:00,6226.608149823337,6404.258512299919,8316.459856322479
2022-11-02 04:00:00,6226.608149823337,6404.258512299919,8327.943256071918
2022-11-02 08:00:00,6226.608149823337,6379.5542989345695,8221.674697899602
2022-11-02 12:00:00,6226.608149823337,6377.392680265101,8153.754335562014
2022-11-02 16:00:00,6226.608149823337,6380.171904268703,8179.35750891773
2022-11-02 20:00:00,6226.608149823337,6366.58458691776,8117.406026397558
2022-11-03 00:00:00,6226.608149823337,6337.248333546408,8062.769103413587
2022-11-03 04:00:00,6226.608149823337,6397.156050957381,8232.959520552558
2022-11-03 08:00:00,6226.608149823337,6407.655341637655,8251.629829083238
2022-11-03 12:00:00,6226.608149823337,6382.333522938171,8203.071455148514
2022-11-03 16:00:00,6226.608149823337,6403.0233016316515,8213.428047912308
2022-11-03 20:00:00,6226.608149823337,6415.06660564726,8240.524220599207
2022-11-04 00:00:00,6226.608149823337,6403.640906965786,8158.301011189947
2022-11-04 04:00:00,6214.1549335236905,6420.625053654463,8307.331100668762
2022-11-04 08:00:00,6233.90521868563,6520.368315117064,8451.264101346736
2022-11-04 12:00:00,6202.464923994567,6477.444744394768,8399.446950954745
2022-11-04 16:00:00,6244.445933664441,6507.398603100255,8517.060881645783
2022-11-04 20:00:00,6278.938236036154,6546.616541817749,8563.14848689958
2022-11-05 00:00:00,6297.227390201747,6562.056675171092,8595.063995888635
2022-11-05 04:00:00,6385.522428116337,6650.374237952218,8732.992044555394
2022-11-05 08:00:00,6416.767708263685,6632.46368326234,8792.76213988334
2022-11-05 12:00:00,6425.353354678156,6637.713328602476,8807.660282584086
2022-11-05 16:00:00,6508.013645871073,6604.980245893388,8981.140896789559
2022-11-05 20:00:00,6498.451565075093,6614.244325905394,8963.709359869077
2022-11-06 00:00:00,6477.865997879253,6606.524259228722,8933.335005957702
2022-11-06 04:00:00,6406.7199400098425,6584.908072534041,8811.392966243107
2022-11-06 08:00:00,6423.212724269512,6575.335189854968,8841.172884059259
2022-11-06 12:00:00,6402.176069630104,6591.701731209512,8799.744868797265
2022-11-06 16:00:00,6360.5455404871645,6593.554547211914,8721.091098040819
2022-11-06 20:00:00,6285.1856337551935,6591.392928542446,8612.66945013708
2022-11-07 00:00:00,6180.125203853741,6505.236984430787,8348.459351661386
2022-11-07 04:00:00,6180.125203853741,6500.604944424784,8348.418192903842
2022-11-07 08:00:00,6180.125203853741,6421.242658988597,8084.516526410721
2022-11-07 12:00:00,6180.125203853741,6419.389842986196,8191.7999700492355
2022-11-07 16:00:00,6180.125203853741,6417.537026983795,8335.338568595427
2022-11-07 20:00:00,6180.125203853741,6428.0363176640685,8295.50492697849
2022-11-08 00:00:00,6180.125203853741,6360.099730909356,7894.849570912741
2022-11-08 04:00:00,6180.125203853741,6216.815293390326,7408.555701085844
2022-11-08 08:00:00,6180.125203853741,6126.953717273866,7541.169043219047
2022-11-08 12:00:00,6180.125203853741,6092.367818562376,7507.4825073633165
2022-11-08 16:00:00,6180.125203853741,5993.242162433909,7383.688577824267
2022-11-08 20:00:00,6180.125203853741,5632.560647299799,6650.0614353339815
2022-11-09 00:00:00,6180.125203853741,5690.924351375438,6702.777544251988
2022-11-09 04:00:00,6180.125203853741,5624.840580623127,6399.157357378671
2022-11-09 08:00:00,6180.125203853741,5610.635657938051,6015.266782843998
2022-11-09 12:00:00,6180.125203853741,5479.703327101695,6020.268698899253
2022-11-09 16:00:00,6180.125203853741,5279.59919884236,5388.631908574959
2022-11-09 20:00:00,6180.125203853741,5189.120017391766,5174.099720077834
2022-11-10 00:00:00,6180.125203853741,4913.359235701047,4946.6234822209435
2022-11-10 04:00:00,6180.125203853741,5043.673961203268,5222.806398451499
2022-11-10 08:00:00,6180.125203853741,5173.988686705489,5309.68683770523
2022-11-10 12:00:00,6180.125203853741,5047.688395875138,5118.732505730086
2022-11-10 16:00:00,6180.125203853741,5328.08121757186,5766.33284981865
2022-11-10 20:00:00,6180.125203853741,5291.951305525035,5668.033543408275
2022-11-11 00:00:00,6180.125203853741,5326.537204236525,5723.388830610363
2022-11-11 04:00:00,6180.125203853741,5157.622145350945,5428.741060504241
2022-11-11 08:00:00,6180.125203853741,5239.763654790734,5589.441001640502
2022-11-11 12:00:00,6180.125203853741,5203.942545410976,5661.784662136021
2022-11-11 16:00:00,6180.125203853741,5033.7922758571285,5377.170122770268
2022-11-11 20:00:00,6180.125203853741,5016.499326501383,5356.233127225011
2022-11-12 00:00:00,6180.125203853741,5085.671123924363,5431.835258894322
2022-11-12 04:00:00,6180.125203853741,5038.424315863132,5307.421652768489
2022-11-12 08:00:00,6180.125203853741,5006.308838488177,5266.666151250852
2022-11-12 12:00:00,6180.125203853741,5027.307419848724,5255.326137177738
2022-11-12 16:00:00,6180.125203853741,5042.4387505350005,5217.237559265365
2022-11-12 20:00:00,6180.125203853741,5023.910590510988,5234.77436806073
2022-11-13 00:00:00,6180.125203853741,4995.191942473769,5147.146057741297
2022-11-13 04:00:00,6180.125203853741,5036.880302527797,5186.526559187145
2022-11-13 08:00:00,6180.125203853741,4997.353561143237,5075.091634919862
2022-11-13 12:00:00,6180.125203853741,4950.415555749072,5018.677219410693
2022-11-13 16:00:00,6180.125203853741,4926.020145050788,5019.582262605592
2022-11-13 20:00:00,6180.125203853741,4914.594446369314,5003.8620155396675
2022-11-14 00:00:00,6180.125203853741,4878.773336989557,4919.078386105095
2022-11-14 04:00:00,6180.125203853741,4822.880054250452,4829.766752215043
2022-11-14 08:00:00,6180.125203853741,5027.6162225157905,5174.27004239348
2022-11-14 12:00:00,6180.125203853741,5028.851433184058,5140.789199633348
2022-11-14 16:00:00,6180.125203853741,4957.826819758677,5037.979973752316
2022-11-14 20:00:00,6180.125203853741,4845.113846279268,4945.484324437429
2022-11-15 00:00:00,6180.125203853741,4959.988438428145,5061.086671359726
2022-11-15 04:00:00,6180.125203853741,5023.292985176854,5132.7553612493075
2022-11-15 08:00:00,6180.125203853741,4996.11835047497,5137.295006243033
2022-11-15 12:00:00,6180.125203853741,4970.796531775486,5124.450616368346
2022-11-15 16:00:00,6167.764953446033,5051.702830547007,5154.361489587767
2022-11-15 20:00:00,6156.683367001484,5024.528195845122,5137.370428965397
2022-11-16 00:00:00,6158.95005513787,5030.086643852325,5127.671889414606
2022-11-16 04:00:00,6171.668694125363,5061.27571322608,5179.645641495523
2022-11-16 08:00:00,6143.335092420551,4991.795113136033,5092.7939671013355
2022-11-16 12:00:00,6125.579368685534,4948.253937079604,5019.016511889754
2022-11-16 16:00:00,6084.056916132047,4875.685310318888,4908.143625166098
2022-11-16 20:00:00,6084.056916132047,4918.608881041184,4993.583580750468
2022-11-17 00:00:00,6084.056916132047,4944.239502407734,5043.615587933875
2022-11-17 04:00:00,6084.056916132047,4917.99127570705,5001.266822515014
2022-11-17 08:00:00,6084.056916132047,4937.137041065196,5009.671882000055
2022-11-17 12:00:00,6084.056916132047,4951.341963750273,5025.419089691806
2022-11-17 16:00:00,6084.056916132047,4938.372251733464,4929.419631667205
2022-11-17 20:00:00,6084.056916132047,4952.885977085607,4932.638295820499
2022-11-18 00:00:00,6084.056916132047,4974.502163780288,4960.993525449112
2022-11-18 04:00:00,6084.056916132047,5015.572918500183,5002.370861237657
2022-11-18 08:00:00,6084.056916132047,4983.7662437922945,4975.384789226431
2022-11-18 12:00:00,6084.056916132047,4980.6782171216255,4972.489620827294
2022-11-18 16:00:00,6084.056916132047,4972.649347777887,4942.1692173924275
2022-11-18 20:00:00,6084.056916132047,4978.516598452157,4932.729387019022
2022-11-19 00:00:00,6084.056916132047,4984.075046459361,4949.123501898365
2022-11-19 04:00:00,6084.056916132047,4965.546886435349,4894.9851631411275
2022-11-19 08:00:00,6084.056916132047,4961.8412544305465,4887.592037305326
2022-11-19 12:00:00,6084.056916132047,4978.825401119225,4897.905406987862
2022-11-19 16:00:00,6084.056916132047,4975.428571781489,4885.153221630633
2022-11-19 20:00:00,6084.056916132047,4966.782097103616,4888.339708217462
2022-11-20 00:00:00,6071.8888022997835,4989.324691799498,4912.416891821885
2022-11-20 04:00:00,6076.02058967916,4988.707086465364,4927.786144668617
2022-11-20 08:00:00,6078.430798983796,5001.676798482174,4946.898031046846
2022-11-20 12:00:00,5976.554006201737,4940.533870402932,4787.335144481817
2022-11-20 16:00:00,5976.554006201737,4951.341963750273,4854.1150944158535
2022-11-20 20:00:00,5976.554006201737,4948.253937079604,4841.396863098304
2022-11-21 00:00:00,5976.554006201737,4862.715598302079,4692.647426215469
2022-11-21 04:00:00,5976.554006201737,4812.071960903112,4598.025665250341
2022-11-21 08:00:00,5976.554006201737,4818.556816911517,4606.952106251078
2022-11-21 12:00:00,5976.554006201737,4838.01138493673,4633.7992143272195
2022-11-21 16:00:00,5976.554006201737,4855.921939626608,4659.5018076435645
2022-11-21 20:00:00,5976.554006201737,4739.194531475329,4503.996262176473
2022-11-22 00:00:00,5976.554006201737,4750.620230156804,4571.385717862061
2022-11-22 04:00:00,5976.554006201737,4759.266704834677,4545.342675222456
2022-11-22 08:00:00,5976.554006201737,4733.327280801059,4506.91785209677
2022-11-22 12:00:00,5976.554006201737,4727.460030126788,4442.773567450545
2022-11-22 16:00:00,5976.554006201737,4862.715598302079,4670.284802203204
2022-11-22 20:00:00,5976.554006201737,4846.040254280469,4627.867621356082
2022-11-23 00:00:00,5976.554006201737,4847.893070282869,4708.361375821777
2022-11-23 04:00:00,5976.554006201737,4950.106753082005,4855.70441239024
2022-11-23 08:00:00,5964.600898189334,4941.151475737066,4844.224753772407
2022-11-23 12:00:00,5999.16289070739,4954.121187753874,4887.901027936298
2022-11-23 16:00:00,5951.87580094405,4879.082139656623,4800.117043371348
2022-11-23 20:00:00,6093.737070234069,4892.051851673433,4914.883982218932
2022-11-24 00:00:00,6135.368561221727,4922.314513045986,4976.303270463249
2022-11-24 04:00:00,6156.02283497171,4935.901830396929,5025.196786796391
2022-11-24 08:00:00,6144.72947998751,4925.711342383722,5015.663015382474
2022-11-24 12:00:00,6080.316396906144,4911.506419698646,4962.292514704019
2022-11-24 16:00:00,6135.371712710794,4909.962406363311,5001.042634441369
2022-11-24 20:00:00,6141.185809469127,4915.212051703448,5008.657635082579
2022-11-25 00:00:00,6168.613923332225,4920.461697043585,5030.792363955007
2022-11-25 04:00:00,6055.378092409354,4886.184600999162,4932.659445305152
2022-11-25 08:00:00,6085.8988719407635,4878.46453432249,4951.977206012841
2022-11-25 12:00:00,6120.116571459148,4902.859945020773,4987.52742908084
2022-11-25 16:00:00,6073.987614120715,4891.743049006365,4949.412604996419
2022-11-25 20:00:00,6104.67808767122,4898.845510348904,4975.939988940318
2022-11-26 00:00:00,6079.255533767602,4896.683891679436,4957.710631477961
2022-11-26 04:00:00,6159.596942110362,4931.578593057992,5031.371970298731
2022-11-26 08:00:00,6187.556186551061,4922.93211838012,5049.548753848453
2022-11-26 12:00:00,6229.887104118756,4922.93211838012,5080.5645360273
2022-11-26 16:00:00,6159.9807707417585,4904.403958356108,5021.617581212954
2022-11-26 20:00:00,6127.931678671232,4896.9926943465025,4995.368561423626
2022-11-27 00:00:00,6117.757619488542,4888.3462196686305,4984.620314837606
2022-11-27 04:00:00,6138.357867416303,4910.888814364512,5019.013554386941
2022-11-27 08:00:00,6140.860969844045,4917.06486770585,5025.2973964011735
2022-11-27 12:00:00,6136.39114408022,4916.138459704649,5024.539510283246
2022-11-27 16:00:00,6139.788211660727,4920.461697043585,5034.925519490256
2022-11-27 20:00:00,6134.06683468303,4916.138459704649,5015.189918503452
2022-11-28 00:00:00,6093.296659926021,4891.434246339299,4968.232585092435
2022-11-28 04:00:00,6093.296659926021,4826.894488922322,4805.980840963402
2022-11-28 08:00:00,6093.296659926021,4831.835331595392,4844.802339516576
2022-11-28 12:00:00,6093.296659926021,4772.545219518552,4791.395958824755
2022-11-28 16:00:00,6093.296659926021,4796.014222215635,4785.373496905681
2022-11-28 20:00:00,6093.296659926021,4848.201872949936,4846.70661968778
2022-11-29 00:00:00,6093.296659926021,4842.9522276098,4833.405126259812
2022-11-29 04:00:00,6093.296659926021,4847.893070282869,4872.988453282648
2022-11-29 08:00:00,6093.296659926021,4896.066286345302,4943.0964733568735
2022-11-29 12:00:00,6093.296659926021,4906.565577025575,4952.842483425235
2022-11-29 16:00:00,6093.296659926021,4882.1701663272925,4918.774995492778
2022-11-29 20:00:00,6081.110066606168,4914.903249036382,4946.630733636414
2022-11-30 00:00:00,6069.292492683764,4917.682473039983,4943.713794636881
2022-11-30 04:00:00,6185.728335235449,5018.352142503784,5060.377391374218
2022-11-30 08:00:00,6210.324007326141,5037.806710528997,5101.180717904022
2022-11-30 12:00:00,6193.546233233886,5029.777841185259,5084.77322090155
2022-11-30 16:00:00,6218.298134191512,5057.570081221277,5096.485817294933
2022-11-30 20:00:00,6232.758130243074,5063.746134562615,5105.353404378772
2022-12-01 00:00:00,6251.1024159308245,5088.141545260898,5175.876414668855
2022-12-01 04:00:00,6231.36034312941,5072.083806573421,5129.799501700708
2022-12-01 08:00:00,6223.098749759964,5068.378174568618,5117.372151020991
2022-12-01 12:00:00,6220.662508662729,5064.981345230883,5111.699923231315
2022-12-01 16:00:00,6162.877008807919,4996.427153142036,5030.594913654952
2022-12-01 20:00:00,6160.019899205327,4979.443006453358,5016.010342706903
2022-12-02 00:00:00,6159.593865074594,4984.692651793495,5013.1530002587115
2022-12-02 04:00:00,6128.013764480416,4962.150057097613,4980.669496460595
2022-12-02 08:00:00,6136.992523479429,4979.443006453358,5012.482045577545
2022-12-02 12:00:00,6157.540068111784,4984.692651793495,5039.245142499384
2022-12-02 16:00:00,6154.259367708299,5001.367995815106,5041.477538855202
2022-12-02 20:00:00,6156.849394342629,4986.236665128829,5046.884619768364
2022-12-03 00:00:00,6167.727506206818,5014.337707831915,5068.859321630153
2022-12-03 04:00:00,6151.324004189391,4990.251099800699,5041.615509945862
2022-12-03 08:00:00,6136.474518152563,4978.825401119225,5012.9280182511275
2022-12-03 12:00:00,6111.561569962265,4968.32611043895,4992.595324131578
2022-12-03 16:00:00,6111.561569962265,4975.119769114422,5006.704114247875
2022-12-03 20:00:00,6111.561569962265,4976.972585116823,4995.972182682236
2022-12-04 00:00:00,6111.561569962265,4957.2092144245435,4928.637073807396
2022-12-04 04:00:00,6111.561569962265,4980.987019788692,4979.24098766129
2022-12-04 08:00:00,6111.561569962265,4988.089481131231,4977.33855398361
2022-12-04 12:00:00,6111.561569962265,4972.34054511082,4958.109839070436
2022-12-04 16:00:00,6111.561569962265,4997.353561143237,4992.720328154162
2022-12-04 20:00:00,6111.561569962265,5006.617641155243,5022.7087960581075
2022-12-05 00:00:00,6111.561569962265,5012.79369449658,5044.613120142893
2022-12-05 04:00:00,6087.115323682416,5023.910590510988,5071.085440291353
2022-12-05 08:00:00,6112.352348778197,5079.803873250093,5118.056228155453
2022-12-05 12:00:00,6092.586095710676,5059.422897223679,5100.273187135964
2022-12-05 16:00:00,5988.774676911468,5011.558483828313,5032.133842094765
2022-12-05 20:00:00,5980.710907871403,4976.972585116823,5001.390096120562
2022-12-06 00:00:00,6004.747142510061,4987.780678464163,5030.276893245808
2022-12-06 04:00:00,6057.316713752029,5005.382430486976,5076.285189565567
2022-12-06 08:00:00,6053.750046676615,5007.235246489377,5074.475422339496
2022-12-06 12:00:00,6029.248594593339,4988.707086465364,5040.003841050795
2022-12-06 16:00:00,6030.644246927195,4995.809547807902,5042.910791714414
2022-12-06 20:00:00,6041.034103190357,5011.249681161246,5055.272176898516
2022-12-07 00:00:00,6079.3370061306705,5040.277131865532,5123.3810003719545
2022-12-07 04:00:00,6041.809465598056,5021.131366507387,5074.701800675951
2022-12-07 08:00:00,5969.534523981871,4947.63633174547,4951.699237369591
2022-12-07 12:00:00,5969.534523981871,4946.401121077202,4948.882893674429
2022-12-07 16:00:00,5969.534523981871,4947.63633174547,4960.913259001517
2022-12-07 20:00:00,5969.534523981871,4941.460278404133,4943.639095629255
2022-12-08 00:00:00,5969.534523981871,4945.783515743069,4931.055829754998
2022-12-08 04:00:00,5969.534523981871,4948.871542413737,4932.129593743653
2022-12-08 08:00:00,5969.534523981871,4940.842673069998,4933.9262385164275
2022-12-08 12:00:00,5969.534523981871,4952.885977085607,4951.873955157674
2022-12-08 16:00:00,5969.534523981871,4955.047595755075,4959.448843494909
2022-12-08 20:00:00,5969.534523981871,5041.821145200867,5054.401229248265
2022-12-09 00:00:00,5969.534523981871,5037.497907861931,5044.667231889367
2022-12-09 04:00:00,5969.534523981871,5019.896155839118,5035.5860510378325
2022-12-09 08:00:00,5969.534523981871,5031.013051853526,5038.684690513991
2022-12-09 12:00:00,5945.656385885943,5045.835579872736,5080.281593724457
2022-12-09 16:00:00,5922.9916361880505,5028.851433184058,5058.8665494939605
2022-12-09 20:00:00,5905.815251100673,5019.587353172052,5015.751049855398
2022-12-10 00:00:00,5895.639762787381,5014.028905164848,5006.189969205808
2022-12-10 04:00:00,5903.283997499735,5023.910590510988,5018.945662940015
2022-12-10 08:00:00,5904.987207769218,5029.469038518192,5016.2809518934755
2022-12-10 12:00:00,5911.7017234378345,5034.101078524195,5021.195780104937
2022-12-10 16:00:00,5929.943006310876,5039.041921197265,5045.091778997297
2022-12-10 20:00:00,5915.455777793908,5029.160235851125,5029.9993488961945
2022-12-11 00:00:00,5904.508473406353,5022.057774508587,5010.663702534329
2022-12-11 04:00:00,5916.599627064308,5026.68981451459,5026.950577305296
2022-12-11 08:00:00,5926.073875030661,5038.733118530198,5037.774597533172
2022-12-11 12:00:00,5919.969922163872,5034.409881191262,5032.198484856922
2022-12-11 16:00:00,5918.474141515123,5026.072209180456,5035.981923071527
2022-12-11 20:00:00,5918.630369333113,5031.013051853526,5041.0678120389175
2022-12-12 00:00:00,5888.423758216088,5018.043339836718,4993.952596465325
2022-12-12 04:00:00,5858.756559895741,4972.649347777887,4902.474950345228
2022-12-12 08:00:00,5858.756559895741,4966.782097103616,4906.295133991797
2022-12-12 12:00:00,5858.756559895741,4964.311675767081,4922.64249176316
2022-12-12 16:00:00,5858.756559895741,4992.721521137234,4929.168199134878
2022-12-12 20:00:00,5858.756559895741,5001.059193148039,4955.36595240043
2022-12-13 00:00:00,5858.756559895741,5037.497907861931,5006.099642937641
2022-12-13 04:00:00,5858.756559895741,5026.68981451459,4963.3905755733085
2022-12-13 08:00:00,5858.756559895741,5024.836998512189,4942.028651510319
2022-12-13 12:00:00,5835.321533656158,5108.213718620245,5043.829360869431
2022-12-13 16:00:00,5885.845821272672,5147.431657337738,5119.91955751929
2022-12-13 20:00:00,5878.863900345696,5150.519684008407,5120.680064299682
2022-12-14 00:00:00,5879.298828950789,5166.268620028817,5142.650860184795
2022-12-14 04:00:00,5893.822254460637,5169.356646699486,5154.625419082
2022-12-14 08:00:00,5885.940588540272,5172.444673370155,5149.204049831653
2022-12-14 12:00:00,5893.555893903481,5165.03340936055,5154.8023037927915
2022-12-14 16:00:00,6011.726343624919,5241.616470793135,5252.451917087877
2022-12-14 20:00:00,5888.421296377457,5144.961236001203,5143.237739155936
2022-12-15 00:00:00,5869.86791716183,5155.769329348544,5129.264687607682
2022-12-15 04:00:00,5863.863928286167,5139.711590661066,5128.3644963324095
2022-12-15 08:00:00,5841.749647383806,5136.005958656264,5107.036637323759
2022-12-15 12:00:00,5842.632918154883,5151.754894676675,5117.634447635354
2022-12-15 16:00:00,5772.859573748397,5052.938041215274,5035.410348400828
2022-12-15 20:00:00,5793.410364807056,5059.422897223679,5058.968041552534
2022-12-16 00:00:00,5783.281760642431,5036.262697193663,5031.2236237988745
2022-12-16 04:00:00,5777.850480148358,5051.39402787994,5039.66038377052
2022-12-16 08:00:00,5787.685501583573,5082.891899920762,5070.1165819134885
2022-12-16 12:00:00,5687.038295956525,4943.004291739467,4858.505098334552
2022-12-16 16:00:00,5687.038295956525,4931.269790390926,4799.799814807767
2022-12-16 20:00:00,5687.038295956525,4909.962406363311,4798.810249313294
2022-12-17 00:00:00,5687.038295956525,4847.275464948736,4648.955635805696
2022-12-17 04:00:00,5687.038295956525,4865.494822305682,4663.613018273495
2022-12-17 08:00:00,5687.038295956525,4888.963825002764,4711.418387456036
2022-12-17 12:00:00,5687.038295956525,4875.376507651821,4686.549539264386
2022-12-17 16:00:00,5687.038295956525,4869.509256977551,4680.885756092034
2022-12-17 20:00:00,5687.038295956525,4867.038835641016,4668.307998362745
2022-12-18 00:00:00,5687.038295956525,4893.2870623417,4724.995731815666
2022-12-18 04:00:00,5687.038295956525,4886.493403666229,4719.135011355641
2022-12-18 08:00:00,5687.038295956525,4884.022982329694,4713.1647644342065
2022-12-18 12:00:00,5687.038295956525,4877.846928988356,4698.6105991987
2022-12-18 16:00:00,5687.038295956525,4866.421230306882,4671.586176012113
2022-12-18 20:00:00,5687.038295956525,4883.40537699556,4704.733592087691
2022-12-19 00:00:00,5687.038295956525,4888.037417001563,4700.231811729614
2022-12-19 04:00:00,5687.038295956525,4859.318768964344,4662.498032237035
2022-12-19 08:00:00,5687.038295956525,4863.024400969146,4660.204945775944
2022-12-19 12:00:00,5687.038295956525,4871.670875647019,4679.920290656089
2022-12-19 16:00:00,5687.038295956525,4860.2451769655445,4660.78386793493
2022-12-19 20:00:00,5687.038295956525,4815.159987573781,4612.538437708223
2022-12-20 00:00:00,5687.038295956525,4775.942048856287,4581.823110713525
2022-12-20 04:00:00,5687.038295956525,4864.259611637413,4679.94314892567
2022-12-20 08:00:00,5675.664219364612,4888.3462196686305,4724.245073131676
2022-12-20 12:00:00,5675.830799279549,4877.538126321289,4724.171013938228
2022-12-20 16:00:00,5676.116410538503,4906.874379692643,4737.881784863122
2022-12-20 20:00:00,5679.432311816525,4914.594446369314,4733.91473176881
2022-12-21 00:00:00,5678.095136435437,4910.2712090303785,4735.26058221742
2022-12-21 04:00:00,5664.016775995027,4896.683891679436,4702.952646281384
2022-12-21 08:00:00,5656.698420696924,4884.640587663827,4689.903328241454
2022-12-21 12:00:00,5683.907468406722,4915.829657037582,4725.5156575085975
2022-12-21 16:00:00,5676.472071481487,4905.639169024375,4715.556336682475
2022-12-21 20:00:00,5649.238254627786,4873.5236916494205,4678.488919400002
2022-12-22 00:00:00,5672.395310029695,4898.536707681837,4719.234899356438
2022-12-22 04:00:00,5662.299170527054,4892.669457007566,4706.17704775917
2022-12-22 08:00:00,5659.311893017319,4880.626152991958,4697.892094741071
2022-12-22 12:00:00,5673.509563115655,4894.522273009968,4720.413738840408
2022-12-22 16:00:00,5598.374577065553,4845.422648946334,4623.589467892338
2022-12-22 20:00:00,5602.19248611918,4855.304334292475,4650.368652964679
2022-12-23 00:00:00,5607.538975513731,4898.22790501477,4692.56532737587
2022-12-23 04:00:00,5616.021132498161,4898.22790501477,4721.535376831081
2022-12-23 08:00:00,5607.531516504921,4894.831075677034,4696.062870182841
2022-12-23 12:00:00,5614.107520401221,4897.919102347703,4703.182513229817
2022-12-23 16:00:00,5607.646168592721,4899.771918350104,4693.394706899382
2022-12-23 20:00:00,5606.134294215179,4900.0807210171715,4692.823546438441
2022-12-24 00:00:00,5582.945224898386,4870.126862311685,4674.3207412968595
2022-12-24 04:00:00,5583.434580109027,4889.27262766983,4679.264178982646
2022-12-24 08:00:00,5583.923935319666,4895.757483678235,4641.104674728748
2022-12-24 12:00:00,5581.314040862919,4884.022982329694,4627.821158204616
2022-12-24 16:00:00,5584.413290530307,4892.978259674634,4635.930343405963
2022-12-24 20:00:00,5590.448671461536,4893.595865008767,4664.095119280939
2022-12-25 00:00:00,5585.718237758681,4885.875798332095,4646.620993208634
2022-12-25 04:00:00,5588.165013811882,4891.125443672232,4651.404813252977
2022-12-25 08:00:00,5584.576408933854,4889.581430336898,4650.575860554016
2022-12-25 12:00:00,5582.618988091293,4885.2581929979615,4635.559775999392
2022-12-25 16:00:00,5570.874463035928,4884.949390330895,4621.658105576606
2022-12-25 20:00:00,5571.037581439475,4885.2581929979615,4624.50303540599
2022-12-26 00:00:00,5580.661567248732,4895.448681011168,4636.506979211918
2022-12-26 04:00:00,5579.267774118613,4915.520854370515,4658.704783787812
2022-12-26 08:00:00,5556.002573613592,4895.139878344101,4633.279385167045
2022-12-26 12:00:00,5552.903323946205,4900.389523684238,4639.569645115406
2022-12-26 16:00:00,5534.059885968486,4883.40537699556,4605.050505634578
2022-12-26 20:00:00,5534.059885968486,4890.199035671031,4616.259732525704
2022-12-27 00:00:00,5522.991766196549,4909.962406363311,4653.120230069339
2022-12-27 04:00:00,5510.225768766402,4888.037417001563,4627.383344828777
2022-12-27 08:00:00,5508.470444119757,4889.27262766983,4618.535357847523
2022-12-27 12:00:00,5491.303369075567,4874.758902317688,4597.335941218126
2022-12-27 16:00:00,5491.303369075567,4865.186019638614,4548.116135428896
2022-12-27 20:00:00,5491.303369075567,4834.923358266061,4559.695028131829
2022-12-28 00:00:00,5491.303369075567,4850.363491619404,4580.911390135933
2022-12-28 04:00:00,5491.303369075567,4836.776174268462,4520.0384932550005
2022-12-28 08:00:00,5491.303369075567,4827.820896923523,4443.92982894357
2022-12-28 12:00:00,5491.303369075567,4832.761739596593,4434.799596918448
2022-12-28 16:00:00,5491.303369075567,4811.145552901911,4415.592976992327
2022-12-28 20:00:00,5491.303369075567,4823.4976595845865,4411.24756374072
2022-12-29 00:00:00,5491.303369075567,4801.263867555771,4394.194884804925
2022-12-29 04:00:00,5491.303369075567,4812.380763570179,4405.518896474818
2022-12-29 08:00:00,5491.303369075567,4811.454355568978,4390.556041756351
2022-12-29 12:00:00,5491.303369075567,4817.012803576182,4375.585867409546
2022-12-29 16:00:00,5491.303369075567,4811.145552901911,4361.279976024694
2022-12-29 20:00:00,5491.303369075567,4805.895907561774,4292.800669465405
2022-12-30 00:00:00,5491.303369075567,4815.468790240848,4387.972260712954
2022-12-30 04:00:00,5491.303369075567,4810.527947567778,4374.121348199588
2022-12-30 08:00:00,5491.303369075567,4778.103667525756,4310.980403948999
2022-12-30 12:00:00,5491.303369075567,4771.927614184418,4302.179219027551
2022-12-30 16:00:00,5491.303369075567,4791.690984876698,4365.854097170336
2022-12-30 20:00:00,5491.303369075567,4772.236416851485,4382.384406284753
2022-12-31 00:00:00,5491.303369075567,4793.852603546166,4397.804243600171
2022-12-31 04:00:00,5491.303369075567,4774.398035520953,4371.305608425365
2022-12-31 08:00:00,5491.303369075567,4778.72127285989,4381.073575149649
2022-12-31 12:00:00,5491.303369075567,4773.4716275197525,4383.762607339292
2022-12-31 16:00:00,5491.303369075567,4788.602958206029,4429.216145812495
2022-12-31 20:00:00,5491.303369075567,4776.868456857488,4414.1457405786905
2023-01-01 00:00:00,5491.303369075567,4762.972336839479,4390.376944486836
2023-01-01 04:00:00,5491.303369075567,4762.354731505345,4383.29426882059
2023-01-01 08:00:00,5491.303369075567,4766.060363510148,4369.9422734973805
2023-01-01 12:00:00,5491.303369075567,4777.177259524555,4392.1450313866035
2023-01-01 16:00:00,5491.303369075567,4776.250851523355,4384.857393890969
2023-01-01 20:00:00,5491.303369075567,4787.985352871896,4405.872026181667
2023-01-02 00:00:00,5491.303369075567,4796.323024882701,4412.719386469672
2023-01-02 04:00:00,5491.303369075567,4810.2191449007105,4419.677266545325
2023-01-02 08:00:00,5458.552056735156,4836.467371601395,4565.379408870481
2023-01-02 12:00:00,5447.623577415867,4835.849766267262,4559.666612727427
2023-01-02 16:00:00,5480.43664307571,4845.731451613401,4584.7383075265225
2023-01-02 20:00:00,5500.940622214161,4842.334622275665,4596.664594822011
2023-01-03 00:00:00,5484.066644075534,4817.939211577383,4580.981838132139
2023-01-03 04:00:00,5478.018539072109,4822.880054250452,4577.661663000567
2023-01-03 08:00:00,5621.535831862497,4851.289899620605,4675.773979243562
2023-01-03 12:00:00,5658.855287717621,4901.933537019572,4709.33046928629
2023-01-03 16:00:00,5842.6937636512685,4878.155731655424,4823.042680537578
2023-01-03 20:00:00,5807.504774827987,4856.848347627809,4796.7017428158315
2023-01-04 00:00:00,5899.547175139491,4874.141296983554,4860.204766349298
2023-01-04 04:00:00,6002.8540688269095,4918.9176837082505,4949.450845378387
2023-01-04 08:00:00,6080.677564494226,4915.520854370515,4996.5967578688515
2023-01-04 12:00:00,5982.714536137788,4892.978259674634,4931.747489862181
2023-01-04 16:00:00,5948.552014715574,4906.565577025575,4912.586926088142
2023-01-04 20:00:00,5917.087493730905,4897.301497013569,4891.428620491891
2023-01-05 00:00:00,5962.600649539142,4904.09515568904,4922.955763050567
2023-01-05 04:00:00,5918.630318472517,4900.389523684238,4891.941264920473
2023-01-05 08:00:00,5912.975920983021,4899.463115683037,4886.486115935369
2023-01-05 12:00:00,5925.16310378074,4900.698326351305,4897.033490032185
2023-01-05 16:00:00,5978.15965844265,4940.533870402932,4937.214409342269
2023-01-05 20:00:00,5997.2674325493435,4947.945134412537,4951.955897789135
2023-01-06 00:00:00,5995.634111744412,4941.151475737066,4948.815260830773
2023-01-06 04:00:00,5955.212344391142,4932.505001059193,4921.637208802676
2023-01-06 08:00:00,5940.247521002848,4931.88739572506,4911.4299074598775
2023-01-06 12:00:00,5916.58314893573,4918.608881041184,4893.496430165964
2023-01-06 16:00:00,5929.252128322149,4901.007129018372,4903.765420343209
2023-01-06 20:00:00,5965.67772796098,4913.359235701047,4931.818101659269
2023-01-07 00:00:00,5968.696244864329,4918.300078374117,4940.365783155736
2023-01-07 04:00:00,5961.302426337895,4910.580011697445,4912.710232272376
2023-01-07 08:00:00,5962.515066793498,4918.9176837082505,4911.241789049122
2023-01-07 12:00:00,5933.138290009913,4908.7271956950435,4888.898425989448
2023-01-07 16:00:00,5933.138290009913,4917.99127570705,4910.236211309203
2023-01-07 20:00:00,5933.138290009913,4912.741630366913,4901.878733356392
2023-01-08 00:00:00,5933.138290009913,4919.226486375317,4887.161463132922
2023-01-08 04:00:00,5933.138290009913,4910.2712090303785,4918.721132912096
2023-01-08 08:00:00,5933.138290009913,4916.138459704649,4910.270873917913
2023-01-08 12:00:00,5933.138290009913,4905.330366357308,4928.132377151279
2023-01-08 16:00:00,5909.405736849874,4930.034579722658,4987.744551631945
2023-01-08 20:00:00,5835.902195361469,4911.506419698646,4933.292358112073
2023-01-09 00:00:00,5942.774686124962,4962.150057097613,5082.303240468709
2023-01-09 04:00:00,6202.727931002341,4980.6782171216255,5281.990650332696
2023-01-09 08:00:00,6240.336690820983,4976.046177115622,5309.5300030354365
2023-01-09 12:00:00,6249.122576421475,4983.14863845816,5318.728987810987
2023-01-09 16:00:00,6356.710845252248,4969.252518440151,5401.772168506863
2023-01-09 20:00:00,6230.975975520406,4967.39970243775,5305.949447803335
2023-01-10 00:00:00,6215.536636366311,4939.607462401731,5291.269673840667
2023-01-10 04:00:00,6180.313402350089,4952.57717441854,5266.666515205299
2023-01-10 08:00:00,6152.8326198545765,4951.959569084406,5254.975625077858
2023-01-10 12:00:00,6175.367682953419,4961.8412544305465,5277.305238905015
2023-01-10 16:00:00,6219.665732309755,4991.177507801899,5321.2012394511485
2023-01-10 20:00:00,6231.238338760411,5015.572918500183,5348.4138664134
2023-01-11 00:00:00,6194.754384713209,5013.411299830715,5319.936664904616
2023-01-11 04:00:00,6167.144810237504,5014.646510498982,5298.165684329831
2023-01-11 08:00:00,6184.373423855213,5014.337707831915,5311.794896342712
2023-01-11 12:00:00,6168.161322332421,5011.86728649538,5299.239392178427
2023-01-11 16:00:00,6048.618369403332,4978.825401119225,5203.8771149849845
2023-01-11 20:00:00,6187.1467859031945,5033.174670522994,5317.375999089722
2023-01-12 00:00:00,6346.35162736141,5145.578841335337,5455.887341622666
2023-01-12 04:00:00,6395.956435494028,5226.1763374397915,5501.428225624047
2023-01-12 08:00:00,6361.399733247229,5205.486558746311,5474.326350722254
2023-01-12 12:00:00,6322.252193155318,5216.294652093651,5454.779781510465
2023-01-12 16:00:00,6279.48586740475,5170.283054700687,5401.146987372588
2023-01-12 20:00:00,6414.851474198711,5378.107249636693,5575.106703690554
2023-01-13 00:00:00,6385.284549706585,5357.417470943213,5549.332984078014
2023-01-13 04:00:00,6381.320116905352,5367.916761623487,5571.486911878225
2023-01-13 08:00:00,6397.802648991315,5363.284721617484,5582.463193843593
2023-01-13 12:00:00,6393.450309503209,5409.296319010448,5581.7068665899615
2023-01-13 16:00:00,6470.362990027259,5494.525855120905,5649.222142527989
2023-01-13 20:00:00,6513.686610258695,5521.082884488656,5684.550914040026
2023-01-14 00:00:00,6767.299907357386,5687.836324704769,5901.504973279672
2023-01-14 04:00:00,7487.150693443662,5973.169989074561,6518.05423381069
2023-01-14 08:00:00,7689.28853242233,5960.200277057753,6680.724661341525
2023-01-14 12:00:00,7493.157069812067,5910.174244992919,6515.242235730442
2023-01-14 16:00:00,7482.545509490918,5927.467194348665,6505.634188558346
2023-01-14 20:00:00,7572.840150983095,5922.835154342661,6579.158135122015
2023-01-15 00:00:00,7774.595945587738,5965.758725064957,6749.0606617046515
2023-01-15 04:00:00,7550.10384174827,5900.292559646779,6558.990973848427
2023-01-15 08:00:00,7511.256870357713,5902.762980983314,6528.550376272062
2023-01-15 12:00:00,7541.876374030993,5897.513335643177,6554.017863624691
2023-01-15 16:00:00,7709.4986861261,5956.494645052951,6697.379737685872
2023-01-15 20:00:00,7647.179489341594,5937.040077027737,6645.15797943853
2023-01-16 00:00:00,7606.055751992566,5952.171407714014,6613.11656105813
2023-01-16 04:00:00,7676.739637940756,5994.477373102176,6675.13402295417
2023-01-16 08:00:00,7821.916757654621,6021.652007804061,6793.647901219273
2023-01-16 12:00:00,7647.208361059938,5937.657682361871,6643.566831160516
2023-01-16 16:00:00,7634.967536674854,5986.139701091371,6636.6889073467655
2023-01-16 20:00:00,7799.787257236325,6077.854093210232,6783.11498641073
2023-01-17 00:00:00,7770.479253361506,6043.268194498743,6754.889334554952
2023-01-17 04:00:00,7689.135771008737,6021.960810471128,6685.104748210076
2023-01-17 08:00:00,7723.457121419742,6032.768903818469,6713.520208319458
2023-01-17 12:00:00,7789.2539369257365,6053.767485179016,6768.571632669928
2023-01-17 16:00:00,7742.150402126669,6059.634735853287,6731.868645560188
2023-01-17 20:00:00,7805.68116789387,6101.940701241449,6789.008340486623
2023-01-18 00:00:00,7655.765803360458,6046.047418502344,6674.725010812933
2023-01-18 04:00:00,7703.952748007168,6101.631898574382,6749.349184947331
2023-01-18 08:00:00,7686.573727410319,6082.177330549169,6713.66969507583
2023-01-18 12:00:00,7671.042192645989,6057.473117183818,6654.168959150006
2023-01-18 16:00:00,7594.7849881615675,6001.8886371117815,6516.322684274371
2023-01-18 20:00:00,7570.6041441632315,5974.40519974283,6501.6556351653
2023-01-19 00:00:00,7570.6041441632315,5910.483047659986,6347.770095350882
2023-01-19 04:00:00,7570.6041441632315,5932.099234354668,6420.085244573048
2023-01-19 08:00:00,7570.6041441632315,5945.377749038543,6415.678095324969
2023-01-19 12:00:00,7570.6041441632315,5907.703823656384,6341.943666815073
2023-01-19 16:00:00,7570.6041441632315,5971.008370405094,6418.691515503128
2023-01-19 20:00:00,7570.6041441632315,6017.637573132191,6510.5363913826395
2023-01-20 00:00:00,7570.6041441632315,6005.285466449517,6472.77353690648
2023-01-20 04:00:00,7570.6041441632315,6009.299901121386,6473.796546560819
2023-01-20 08:00:00,7570.6041441632315,5964.523514396689,6420.012064899719
2023-01-20 12:00:00,7570.6041441632315,5972.552383740428,6433.85824112741
2023-01-20 16:00:00,7570.6041441632315,6033.077706485536,6504.241648933688
2023-01-20 20:00:00,7540.321727586579,6109.351965251053,6771.834428649446
2023-01-21 00:00:00,7748.730211421596,6437.918003010209,7183.845639707256
2023-01-21 04:00:00,7656.536752084252,6409.816960307123,7091.29850752513
2023-01-21 08:00:00,7738.730604010814,6437.918003010209,7174.586684120771
2023-01-21 12:00:00,7742.145651906876,6519.75070978293,7170.601547528362
2023-01-21 16:00:00,7761.637078235504,6550.630976489618,7187.592348480899
2023-01-21 20:00:00,7858.411102485574,6629.375656591671,7278.63502287275
2023-01-22 00:00:00,7622.668427725033,6474.356717724099,7053.277487396649
2023-01-22 04:00:00,7665.16652410516,6481.150376399571,7097.930978770659
2023-01-22 08:00:00,7706.243463680242,6523.7651444548,7136.341500524207
2023-01-22 12:00:00,7660.398365432469,6482.385587067838,7092.408958075883
2023-01-22 16:00:00,7691.17374777911,6492.576075081045,7121.898356478842
2023-01-22 20:00:00,7676.41828159109,6470.033480385164,7108.495505347062
2023-01-23 00:00:00,7581.842561644542,6456.446163034221,7011.728547128217
2023-01-23 04:00:00,7597.927595039657,6430.197936333537,7031.545465011447
2023-01-23 08:00:00,7581.735770457537,6426.4923043287345,7014.667262612893
2023-01-23 12:00:00,7649.94473946403,6501.531352425985,7077.662787173756
2023-01-23 16:00:00,7590.0533740313895,6499.06093108945,7016.853993950313
2023-01-23 20:00:00,7584.874111235578,6487.326429740909,7012.515407520212
2023-01-24 00:00:00,7612.7528619674085,6509.560221769723,7039.097789659642
2023-01-24 04:00:00,7709.001308808526,6560.512661835758,7133.215919143031
2023-01-24 08:00:00,7638.061555478413,6534.264435135074,7094.148356785908
2023-01-24 12:00:00,7612.865239953862,6512.339445773326,7048.94730101442
2023-01-24 16:00:00,7612.865239953862,6506.163392431988,7040.865930088002
2023-01-24 20:00:00,7612.865239953862,6525.309157790134,7049.405364612171
2023-01-25 00:00:00,7612.865239953862,6419.698645653263,6731.201134948896
2023-01-25 04:00:00,7612.865239953862,6411.978578976591,6738.540624852626
2023-01-25 08:00:00,7612.865239953862,6453.975741697686,6808.007642218469
2023-01-25 12:00:00,7612.865239953862,6423.713080325132,6775.558147334634
2023-01-25 16:00:00,7612.865239953862,6395.612037622047,6769.023935630429
2023-01-25 20:00:00,7612.865239953862,6440.69722701381,6848.352164825727
2023-01-26 00:00:00,7612.865239953862,6529.632395129071,7030.710739458229
2023-01-26 04:00:00,7612.865239953862,6549.086963154284,7064.592956512275
2023-01-26 08:00:00,7612.865239953862,6496.8993124199815,6983.930038238378
2023-01-26 12:00:00,7612.865239953862,6517.589091113462,6991.455877229852
2023-01-26 16:00:00,7612.865239953862,6534.882040469207,7001.626452905686
2023-01-26 20:00:00,7612.865239953862,6538.278869806943,7019.141722811094
2023-01-27 00:00:00,7612.865239953862,6519.441907115864,6991.60180408848
2023-01-27 04:00:00,7612.865239953862,6471.577493720498,6877.771173682185
2023-01-27 08:00:00,7612.865239953862,6557.424635165089,6969.449627957031
2023-01-27 12:00:00,7612.865239953862,6526.544368458402,6910.295753403847
2023-01-27 16:00:00,7612.865239953862,6532.102816465605,6940.692130435243
2023-01-27 20:00:00,7597.639509473955,6601.892219222719,7063.472076301751
2023-01-28 00:00:00,7582.090211152643,6561.439069836958,7027.019869295368
2023-01-28 04:00:00,7585.057634496405,6569.15913651363,7043.010406583032
2023-01-28 08:00:00,7574.137516591361,6540.749291143477,7006.571036710363
2023-01-28 12:00:00,7572.713153386356,6537.043659138675,6989.35672598417
2023-01-28 16:00:00,7575.6805767301175,6544.763725815347,6968.264799673131
2023-01-28 20:00:00,7579.834969411384,6555.5718191626875,6968.383622091319
2023-01-29 00:00:00,7577.817121537626,6550.322173822551,6940.271055329233
2023-01-29 04:00:00,7592.654238256435,6588.92250720591,7005.120042856882
2023-01-29 08:00:00,7596.45254013645,6598.80419255205,7006.593728670521
2023-01-29 12:00:00,7620.073229952794,6660.2559232983585,7071.6216145572025
2023-01-29 16:00:00,7599.27125533644,6684.651333996641,7112.522478179052
2023-01-29 20:00:00,7871.889975727361,6785.321003460443,7377.907556842248
2023-01-30 00:00:00,7809.408383286838,6744.250248740548,7318.07650962844
2023-01-30 04:00:00,7743.912562131848,6736.530182063876,7252.594822726035
2023-01-30 08:00:00,7717.28744835896,6726.648496717737,7227.591254460514
2023-01-30 12:00:00,7370.107703647574,6537.043659138675,6938.294168433509
2023-01-30 16:00:00,7370.107703647574,6587.99609920471,7006.543630340279
2023-01-30 20:00:00,7370.107703647574,6484.856008404374,6862.554804732877
2023-01-31 00:00:00,7370.107703647574,6504.92818176372,6925.74688790142
2023-01-31 04:00:00,7370.107703647574,6500.296141757717,6930.450657642738
2023-01-31 08:00:00,7370.107703647574,6549.086963154284,6973.975202023598
2023-01-31 12:00:00,7370.107703647574,6520.059512449997,6918.00110722843
2023-01-31 16:00:00,7370.107703647574,6577.805611191503,6988.626560581865
2023-01-31 20:00:00,7370.107703647574,6581.511243196305,7010.403332311557
2023-02-01 00:00:00,7370.107703647574,6575.335189854968,6960.855833587161
2023-02-01 04:00:00,7370.107703647574,6576.570400523236,6961.087749293437
2023-02-01 08:00:00,7370.107703647574,6549.39576582135,6895.775187713424
2023-02-01 12:00:00,7370.107703647574,6543.52851514708,6886.761818851029
2023-02-01 16:00:00,7370.107703647574,6499.9873390906505,6779.875183105279
2023-02-01 20:00:00,7370.107703647574,6583.98166453284,6997.133993109949
2023-02-02 00:00:00,7370.107703647574,6657.476699294756,7119.218184707425
2023-02-02 04:00:00,7370.107703647574,6678.784083322371,7192.843898565371
2023-02-02 08:00:00,7370.107703647574,6677.85767532117,7145.831302669699
2023-02-02 12:00:00,7355.367488240279,6692.062598006247,7174.1870516379795
2023-02-02 16:00:00,7363.24496613459,6728.810115387205,7221.495635362918
2023-02-02 20:00:00,7369.861256144853,6741.16222206988,7243.728046407465
2023-02-03 00:00:00,7297.527941459473,6661.799936633693,7098.810093736528
2023-02-03 04:00:00,7296.887466242198,6671.9904246469,7103.578390384785
2023-02-03 08:00:00,7286.723551213643,6650.374237952218,7088.776510187185
2023-02-03 12:00:00,7296.210122259031,6653.771067289954,7117.260616169808
2023-02-03 16:00:00,7356.762844785108,6711.51716603146,7225.463233446645
2023-02-03 20:00:00,7327.329646247678,6655.315080625289,7156.609748283544
2023-02-04 00:00:00,7363.854768220998,6700.400270017052,7228.004616234305
2023-02-04 04:00:00,7338.237837067666,6676.313661985836,7174.172425416257
2023-02-04 08:00:00,7346.827529277895,6671.064016645699,7188.940936513756
2023-02-04 12:00:00,7355.734666323497,6688.356966001444,7211.83132129114
2023-02-04 16:00:00,7387.702266677735,6698.856256681718,7253.3791589659495
2023-02-04 20:00:00,7383.129789798527,6696.077032678116,7247.643366623448
2023-02-05 00:00:00,7363.4885209160575,6678.166477988237,7188.025513267995
2023-02-05 04:00:00,7349.6674422263995,6676.622464652903,7173.7122766856055
2023-02-05 08:00:00,7372.978266040019,6694.841822009848,7203.967290104582
2023-02-05 12:00:00,7342.09322062036,6680.945701991839,7166.454751487984
2023-02-05 16:00:00,7301.921703940143,6612.700312570059,7064.505258278047
2023-02-05 20:00:00,7301.921703940143,6552.483792492019,6983.213746339473
2023-02-06 00:00:00,7301.921703940143,6567.615123178296,7011.6529452827435
2023-02-06 04:00:00,7301.921703940143,6555.5718191626875,6996.333736935841
2023-02-06 08:00:00,7301.921703940143,6562.674280505226,7012.948872971492
2023-02-06 12:00:00,7301.921703940143,6558.6598458333565,7013.993337416335
2023-02-06 16:00:00,7301.921703940143,6627.831643256336,7081.571727742531
2023-02-06 20:00:00,7301.921703940143,6620.729181913798,7073.69756902474
2023-02-07 00:00:00,7301.921703940143,6549.39576582135,6922.286647727865
2023-02-07 04:00:00,7301.921703940143,6571.629557850165,6994.55971767802
2023-02-07 08:00:00,7301.921703940143,6595.4073632143145,7017.9037186621645
2023-02-07 12:00:00,7301.921703940143,6624.743616585668,7070.069444875202
2023-02-07 16:00:00,7301.921703940143,6608.377075231123,7013.88799405679
2023-02-07 20:00:00,7301.921703940143,6654.0798699570205,7091.578006896762
2023-02-08 00:00:00,7301.921703940143,6688.356966001444,7175.754963187687
2023-02-08 04:00:00,7287.317860532263,6691.136190005046,7195.379701099374
2023-02-08 08:00:00,7280.782449213048,6669.520003310365,7158.41744236748
2023-02-08 12:00:00,7277.981558647669,6662.417541967827,7159.2867365499405
2023-02-08 16:00:00,7248.260997648382,6585.834480535242,7055.502571396156
2023-02-08 20:00:00,7243.592846706086,6584.599269866974,7029.244505860029
2023-02-09 00:00:00,7250.43946808812,6617.3323525760625,7068.091845835345
2023-02-09 04:00:00,7186.56204664405,6482.076784400771,6876.022259738244
2023-02-09 08:00:00,7186.56204664405,6527.470776459602,6958.038704793885
2023-02-09 12:00:00,7186.56204664405,6510.177827103857,6937.486251492138
2023-02-09 16:00:00,7186.56204664405,6488.561640409176,6909.5136860790135
2023-02-09 20:00:00,7186.56204664405,6329.219464202669,6710.361148536488
2023-02-10 00:00:00,7186.56204664405,6270.238154792895,6491.843068600479
2023-02-10 04:00:00,7186.56204664405,6288.148709482774,6542.449572626529
2023-02-10 08:00:00,7186.56204664405,6305.132856171453,6586.475359315832
2023-02-10 12:00:00,7186.56204664405,6275.487800133033,6528.4751014093
2023-02-10 16:00:00,7186.56204664405,6267.458930789294,6514.045893516172
2023-02-10 20:00:00,7186.56204664405,6304.5152508373185,6566.380027022719
2023-02-11 00:00:00,7186.56204664405,6258.194850777288,6434.295391796476
2023-02-11 04:00:00,7186.56204664405,6275.487800133033,6483.413830422042
2023-02-11 08:00:00,7186.56204664405,6278.267024136634,6479.709992345809
2023-02-11 12:00:00,7186.56204664405,6279.5022348049015,6476.952818377437
2023-02-11 16:00:00,7186.56204664405,6284.134274810905,6504.433113633504
2023-02-11 20:00:00,7186.56204664405,6273.326181463564,6480.018653507909
2023-02-12 00:00:00,7186.56204664405,6331.99868820627,6575.158167137241
2023-02-12 04:00:00,7186.56204664405,6306.985672173853,6539.042091798598
2023-02-12 08:00:00,7186.56204664405,6312.852922848124,6558.865790106055
2023-02-12 12:00:00,7186.56204664405,6344.041992221879,6599.693445873912
2023-02-12 16:00:00,7186.56204664405,6352.688466899751,6643.4583587727675
2023-02-12 20:00:00,7186.56204664405,6379.5542989345695,6725.008777312486
2023-02-13 00:00:00,7186.56204664405,6306.676869506787,6587.938765367958
2023-02-13 04:00:00,7186.56204664405,6322.425805527198,6555.518561833539
2023-02-13 08:00:00,7186.56204664405,6328.910661535601,6581.234109183005
2023-02-13 12:00:00,7186.56204664405,6255.724429440752,6431.385861044581
2023-02-13 16:00:00,7186.56204664405,6222.37374139753,6379.7931768956105
2023-02-13 20:00:00,7186.56204664405,6225.152965401132,6412.34014011664
2023-02-14 00:00:00,7186.56204664405,6268.694141457561,6476.702523327066
2023-02-14 04:00:00,7186.56204664405,6247.07795476288,6466.037042531299
2023-02-14 08:00:00,7186.56204664405,6269.929352125829,6507.411184487301
2023-02-14 12:00:00,7186.56204664405,6266.84132545516,6531.24013609961
2023-02-14 16:00:00,7186.56204664405,6351.76205889855,6686.347049675221
2023-02-14 20:00:00,7157.815798457474,6388.2007736124415,6714.404346802444
2023-02-15 00:00:00,7150.937186079913,6387.891970945375,6696.726260803758
2023-02-15 04:00:00,7136.980728822409,6370.907824256697,6661.015902020109
2023-02-15 08:00:00,7139.973984478987,6378.0102855992345,6659.652419702409
2023-02-15 12:00:00,7211.1283493770625,6465.710243046227,6786.964920014382
2023-02-15 16:00:00,7264.472490295651,6599.421797886184,6885.137745974086
2023-02-15 20:00:00,7444.709206399271,6731.589339390806,7056.667092699033
2023-02-16 00:00:00,7709.8174619228585,7019.702227764201,7306.879575970553
2023-02-16 04:00:00,7761.2251980061465,7125.6215425681385,7352.814644472425
2023-02-16 08:00:00,7721.371162145534,7089.182827854248,7315.18282969788
2023-02-16 12:00:00,7707.308648442946,7080.2275505093085,7301.274261951463
2023-02-16 16:00:00,7889.1704074741065,7254.701057402092,7472.566116915609
2023-02-16 20:00:00,7803.8980639751935,7183.985246643778,7391.189565868708
2023-02-17 00:00:00,7421.821767044445,6806.010782153923,7029.396187100717
2023-02-17 04:00:00,7552.687570286425,6916.562136963865,7153.829259819669
2023-02-17 08:00:00,7508.431850913346,6856.036814218757,7112.618317676392
2023-02-17 12:00:00,7563.692586081962,6920.885374302801,7164.169566787929
2023-02-17 16:00:00,7613.115099665243,6995.306817065918,7210.30543060849
2023-02-17 20:00:00,7751.849262108646,7091.035643856649,7343.395602580301
2023-02-18 00:00:00,7696.059858562518,7095.976486529719,7288.18154905627
2023-02-18 04:00:00,7731.451975140428,7107.402185211194,7322.690591496171
2023-02-18 08:00:00,7693.295679845558,7083.3155771799775,7286.321943169791
2023-02-18 12:00:00,7670.928362939703,7078.992339841041,7263.978465520353
2023-02-18 16:00:00,7732.164072486182,7117.901475891467,7323.47189348789
2023-02-18 20:00:00,7728.30355132395,7111.416619883063,7320.254711028377
2023-02-19 00:00:00,7726.14576501954,7111.416619883063,7318.006988921498
2023-02-19 04:00:00,7726.25019265574,7127.783161237607,7316.988684018338
2023-02-19 08:00:00,7736.431475921627,7100.299723868655,7328.527776652085
2023-02-19 12:00:00,7771.670114232363,7120.989502562135,7362.8216452306415
2023-02-19 16:00:00,7976.224773806528,7185.220457312046,7564.168485291436
2023-02-19 20:00:00,7836.310483264026,7085.477195849445,7430.189934799143
2023-02-20 00:00:00,7791.884224749507,7012.90856908873,7420.452762527407
2023-02-20 04:00:00,7895.799839806338,7062.625798486496,7552.008739814165
2023-02-20 08:00:00,7858.175220561623,7073.1250891667705,7528.6041353551145
2023-02-20 12:00:00,7850.968526463328,7191.087707986317,7621.638242340062
2023-02-20 16:00:00,7909.129670300565,7207.454249340861,7679.799774930928
2023-02-20 20:00:00,7906.515472405434,7176.573982634173,7677.934414264602
2023-02-21 00:00:00,7888.181088740226,7174.103561297638,7659.873348240538
2023-02-21 04:00:00,7891.047278548604,7205.910236005527,7661.822158881853
2023-02-21 08:00:00,7892.068299446752,7232.158462706211,7662.12065509347
2023-02-21 12:00:00,7670.851565581286,7121.915910563336,7474.814741639065
2023-02-21 16:00:00,7671.075521648219,7102.152539871056,7468.9236411162465
2023-02-21 20:00:00,7699.070030014822,7141.370478588549,7518.585501832883
2023-02-22 00:00:00,7667.716180644227,7087.947617185981,7451.2213368941675
2023-02-22 04:00:00,7595.640623579303,7021.5550437666025,7355.395096243056
2023-02-22 08:00:00,7595.640623579303,6978.013867710172,7265.45453690981
2023-02-22 12:00:00,7595.640623579303,7023.0990571019365,7267.985659922223
2023-02-22 16:00:00,7595.640623579303,6893.093134266782,7192.1107424625125
2023-02-22 20:00:00,7595.640623579303,6929.84065164774,7230.160626695696
2023-02-23 00:00:00,7595.640623579303,7045.950454464885,7347.7712744152805
2023-02-23 04:00:00,7595.640623579303,7112.343027884263,7432.425323767374
2023-02-23 08:00:00,7595.640623579303,7091.035643856649,7423.502738488006
2023-02-23 12:00:00,7595.640623579303,6932.619875651342,7256.031867210385
2023-02-23 16:00:00,7595.640623579303,6973.999433038303,7320.21189394011
2023-02-23 20:00:00,7595.640623579303,6984.498723718577,7332.567573334215
2023-02-24 00:00:00,7595.640623579303,6978.631473044306,7311.6428650926955
2023-02-24 04:00:00,7595.640623579303,6975.852249040705,7301.703656558619
2023-02-24 08:00:00,7595.640623579303,6956.397681015492,7321.154997106037
2023-02-24 12:00:00,7595.640623579303,6980.1754863796405,7308.60621722592
2023-02-24 16:00:00,7595.640623579303,6848.007944875018,7131.501901633964
2023-02-24 20:00:00,7595.640623579303,6789.953043466446,7124.375547337776
2023-02-25 00:00:00,7595.640623579303,6791.805859468847,7126.252157048667
2023-02-25 04:00:00,7595.640623579303,6766.484040769364,7089.786224149868
2023-02-25 08:00:00,7595.640623579303,6775.74812078137,7094.199332973026
2023-02-25 12:00:00,7595.640623579303,6740.235814068679,7067.416107569244
2023-02-25 16:00:00,7595.640623579303,6748.882288746551,7018.605010947421
2023-02-25 20:00:00,7595.640623579303,6734.368563394409,6952.9052721610215
2023-02-26 00:00:00,7595.640623579303,6811.26042749406,7048.005948075282
2023-02-26 04:00:00,7595.640623579303,6824.230139510869,7088.760917638458
2023-02-26 08:00:00,7595.640623579303,6807.554795489258,7099.475048914831
2023-02-26 12:00:00,7595.640623579303,6841.523088866614,7119.360335347222
2023-02-26 16:00:00,7595.640623579303,6834.111824857009,7133.791141833541
2023-02-26 20:00:00,7595.640623579303,6906.062846283591,7237.828651834355
2023-02-27 00:00:00,7595.640623579303,6895.872358270384,7224.834026905374
2023-02-27 04:00:00,7595.640623579303,6896.798766271585,7202.2177201615405
2023-02-27 08:00:00,7595.640623579303,6860.977656891827,7162.903011171841
2023-02-27 12:00:00,7595.640623579303,6851.0959715456875,7154.820875536335
2023-02-27 16:00:00,7595.640623579303,6869.932934236766,7179.777646743714
2023-02-27 20:00:00,7595.640623579303,6780.6889634544395,7055.951048479196
2023-02-28 00:00:00,7595.640623579303,6843.375904869015,7108.018252751267
2023-02-28 04:00:00,7595.640623579303,6842.449496867815,7099.887868854145
2023-02-28 08:00:00,7595.640623579303,6775.74812078137,7005.689803657493
2023-02-28 12:00:00,7595.640623579303,6813.422046163529,7044.699819486576
2023-02-28 16:00:00,7595.640623579303,6849.5519582103525,7106.906745866932
2023-02-28 20:00:00,7595.640623579303,6789.335438132312,7042.155026721805
2023-03-01 00:00:00,7595.640623579303,6761.543198096293,6970.569659182495
2023-03-01 04:00:00,7595.640623579303,6828.244574182739,7074.69975027001
2023-03-01 08:00:00,7595.640623579303,6882.285040919442,7114.828086207609
2023-03-01 12:00:00,7595.640623579303,6864.683288896629,7119.501731980866
2023-03-01 16:00:00,7595.640623579303,6866.227302231964,7110.599111603825
2023-03-01 20:00:00,7595.640623579303,6767.101646103497,7004.717210452934
2023-03-02 00:00:00,7580.449342332144,6841.83189153368,7107.657649296317
2023-03-02 04:00:00,7558.536031134486,6816.510072834197,7030.219520640051
2023-03-02 08:00:00,7555.451935484445,6787.482622129911,7012.273039057708
2023-03-02 12:00:00,7561.45780596084,6804.1579661515225,7040.7334038967965
2023-03-02 16:00:00,7525.244030196414,6802.6139528161875,6994.101215088436
2023-03-02 20:00:00,7525.244030196414,6835.655838192343,7070.695413904525
2023-03-03 00:00:00,7525.244030196414,6835.96464085941,7057.3582299138225
2023-03-03 04:00:00,7525.244030196414,6507.089800433188,6698.763097502336
2023-03-03 08:00:00,7525.244030196414,6522.221131119465,6737.991140609854
2023-03-03 12:00:00,7525.244030196414,6511.104235105058,6731.319355414688
2023-03-03 16:00:00,7525.244030196414,6514.8098671098605,6752.130345898544
2023-03-03 20:00:00,7525.244030196414,6496.590509752915,6752.823158854661
2023-03-04 00:00:00,7525.244030196414,6485.782416405574,6746.927292821317
2023-03-04 04:00:00,7525.244030196414,6495.04649641758,6745.070535732638
2023-03-04 08:00:00,7525.244030196414,6495.04649641758,6724.887934118226
2023-03-04 12:00:00,7525.244030196414,6490.414456411577,6725.366546292424
2023-03-04 16:00:00,7525.244030196414,6479.29756039717,6685.566485499759
2023-03-04 20:00:00,7525.244030196414,6464.47503237796,6653.025950938168
2023-03-05 00:00:00,7525.244030196414,6493.193680415179,6701.7055446587665
2023-03-05 04:00:00,7525.244030196414,6501.531352425985,6744.176047937713
2023-03-05 08:00:00,7525.244030196414,6506.163392431988,6747.540185209879
2023-03-05 12:00:00,7525.244030196414,6507.707405767323,6728.748509503604
2023-03-05 16:00:00,7525.244030196414,6522.221131119465,6746.981687577726
2023-03-05 20:00:00,7525.244030196414,6513.265853774526,6721.926340598968
2023-03-06 00:00:00,7525.244030196414,6522.221131119465,6710.616972143229
2023-03-06 04:00:00,7525.244030196414,6492.576075081045,6679.047440387402
2023-03-06 08:00:00,7525.244030196414,6494.737693750513,6664.237707242098
2023-03-06 12:00:00,7525.244030196414,6493.502483082246,6661.959802717453
2023-03-06 16:00:00,7510.193542136021,6525.309157790134,6721.669403275507
2023-03-06 20:00:00,7479.21365340975,6483.6207977361055,6654.890431040186
2023-03-07 00:00:00,7479.21365340975,6481.459179066638,6637.380870499876
2023-03-07 04:00:00,7479.21365340975,6491.649667079845,6669.073057055154
2023-03-07 08:00:00,7479.21365340975,6478.679955063036,6653.108254794268
2023-03-07 12:00:00,7479.21365340975,6474.047915057033,6609.1985809206735
2023-03-07 16:00:00,7479.21365340975,6512.030643106258,6664.673807434984
2023-03-07 20:00:00,7479.21365340975,6474.356717724099,6604.288604850107
2023-03-08 00:00:00,7464.2552261029305,6489.179245743309,6645.975461334601
2023-03-08 04:00:00,7470.82835870801,6495.04649641758,6632.82700045923
2023-03-08 08:00:00,7434.554105072228,6432.668357670072,6502.041291418899
2023-03-08 12:00:00,7434.554105072228,6470.033480385164,6543.241285181794
2023-03-08 16:00:00,7434.554105072228,6478.0623497289025,6532.3200598616595
2023-03-08 20:00:00,7434.554105072228,6439.462016345543,6448.206927793393
2023-03-09 00:00:00,7434.554105072228,6357.011704238687,6370.246440121612
2023-03-09 04:00:00,7434.554105072228,6370.907824256697,6400.297125239362
2023-03-09 08:00:00,7434.554105072228,6337.248333546408,6370.423472222119
2023-03-09 12:00:00,7434.554105072228,6323.352213528397,6363.409591164842
2023-03-09 16:00:00,7434.554105072228,6313.779330849325,6337.181655481525
2023-03-09 20:00:00,7434.554105072228,6077.236487876098,6123.443109866624
2023-03-10 00:00:00,7434.554105072228,5941.363314366674,5959.062789831917
2023-03-10 04:00:00,7434.554105072228,5849.648922247812,5891.408520733954
2023-03-10 08:00:00,7434.554105072228,5820.003866209392,5840.983432909137
2023-03-10 12:00:00,7434.554105072228,5766.272202139756,5760.055839998025
2023-03-10 16:00:00,7434.554105072228,5790.050007503904,5876.535092034899
2023-03-10 20:00:00,7434.554105072228,5817.533444872856,5925.296197987305
2023-03-11 00:00:00,7434.554105072228,5862.927436931687,5994.929795918134
2023-03-11 04:00:00,7434.554105072228,5967.611541067358,6098.256034359844
2023-03-11 08:00:00,7434.554105072228,5825.871116883663,5866.04283325429
2023-03-11 12:00:00,7434.554105072228,5853.663356919681,5916.772784969541
2023-03-11 16:00:00,7434.554105072228,5832.9735782262005,5869.803187594892
2023-03-11 20:00:00,7434.554105072228,5882.9996102910345,6007.9550128553465
2023-03-12 00:00:00,7434.554105072228,5938.5840903630715,6062.351053866402
2023-03-12 04:00:00,7434.554105072228,5918.511917003725,6030.533626958809
2023-03-12 08:00:00,7434.554105072228,5924.379167677996,6020.825217236971
2023-03-12 12:00:00,7434.554105072228,5945.995354372677,6062.215391203418
2023-03-12 16:00:00,7434.554105072228,5944.451341037342,6033.022527928789
2023-03-12 20:00:00,7434.554105072228,6057.164314516752,6211.3260352015905
2023-03-13 00:00:00,7390.212828103607,6386.34795761004,6594.9755074469995
2023-03-13 04:00:00,7321.603955925338,6420.00744832033,6535.891657441681
2023-03-13 08:00:00,7356.145553495514,6451.814123028218,6566.877790422681
2023-03-13 12:00:00,7233.477246473971,6372.451837592031,6458.211492698111
2023-03-13 16:00:00,7740.488171828315,6893.401936933849,6907.330564099074
2023-03-13 20:00:00,7728.634279262684,6950.839233008288,6897.302839415297
2023-03-14 00:00:00,7680.9897053464765,6898.651582273986,6855.22993438795
2023-03-14 04:00:00,7747.9297026182985,7003.644489076723,6914.521841857711
2023-03-14 08:00:00,7665.238745427371,6948.0600090046855,6841.065950541851
2023-03-14 12:00:00,7798.389326368123,7130.2535825741425,6959.622387490845
2023-03-14 16:00:00,8271.612436229083,7460.672436335698,7379.775635196054
2023-03-14 20:00:00,7952.740862696234,7201.58699866659,7096.919266621185
2023-03-15 00:00:00,7884.358303997867,7088.256419853047,7035.501000645037
2023-03-15 04:00:00,7908.37430006032,7099.682118534522,7056.301004063806
2023-03-15 08:00:00,7969.959379366061,7154.340190605359,7110.3677815059045
2023-03-15 12:00:00,7943.109848272842,7221.35036935887,7086.83237682991
2023-03-15 16:00:00,7696.8290435912,7179.044403970708,6881.35736415442
2023-03-15 20:00:00,7683.1406094818985,7104.005355873458,6857.106944875856
2023-03-16 00:00:00,7685.4600080133105,7091.9620518578495,6870.937351072583
2023-03-16 04:00:00,7660.70705575535,7082.389169178777,6850.9143986341105
2023-03-16 08:00:00,7696.43377193355,7171.015534626969,6912.841977276431
2023-03-16 12:00:00,7720.971332054584,7234.628884042746,6965.488441592023
2023-03-16 16:00:00,7729.547566659994,7256.862676071561,6965.59499289637
2023-03-16 20:00:00,7740.8634317643555,7286.198929442914,7025.221462864426
2023-03-17 00:00:00,7738.123801265405,7279.096468100376,6991.479917043667
2023-03-17 04:00:00,7819.717144386321,7490.626295041185,7136.199037589953
2023-03-17 08:00:00,7847.7090212234225,7563.194921801901,7175.895403871572
2023-03-17 12:00:00,7939.953139009711,7843.587743498623,7421.443608811273
2023-03-17 16:00:00,7805.36505018887,7678.995921951979,7219.14789543773
2023-03-17 20:00:00,7876.95032706285,7779.66559141578,7334.5118220892555
2023-03-18 00:00:00,8003.915588075895,7941.478188958822,7558.537145334605
2023-03-18 04:00:00,8016.896954572943,7910.289119585068,7698.655190009586
2023-03-18 08:00:00,7984.598493285222,7936.537346285752,7661.958529584314
2023-03-18 12:00:00,8008.98695452596,7945.801426297759,7687.680149833165
2023-03-18 16:00:00,7885.38471656659,7889.908143558654,7563.84549509117
2023-03-18 20:00:00,7921.945716672173,7928.508476942014,7598.781929861698
2023-03-19 00:00:00,7745.207344527576,7794.796922102057,7425.634938697974
2023-03-19 04:00:00,7891.398858117585,7886.820116887986,7570.390298570407
2023-03-19 08:00:00,7813.402889671346,7817.030714130872,7494.1541027319645
2023-03-19 12:00:00,7870.461128167804,7873.54160220411,7549.017367677332
2023-03-19 16:00:00,7961.74175273249,7988.416194352987,7636.304323304744
2023-03-19 20:00:00,8100.428254423579,8193.152362618326,7764.554639423913
2023-03-20 00:00:00,7975.208772152919,8109.775642510269,7642.641418376897
2023-03-20 04:00:00,7835.882061224362,7911.524330253335,7513.451424413514
2023-03-20 08:00:00,8160.09725795407,8195.931586621928,7830.439123643041
2023-03-20 12:00:00,8119.990119200078,8157.640055905635,7793.225318611977
2023-03-20 16:00:00,7997.314119557162,7999.224287700328,7694.033624038883
2023-03-20 20:00:00,7911.145404033105,8024.237303732745,7584.151886279557
2023-03-21 00:00:00,7902.066389110922,8010.032381047668,7546.965377449212
2023-03-21 04:00:00,7944.469703634349,8031.0309624082165,7611.926915585179
2023-03-21 08:00:00,7830.177283804099,7958.153532980434,7502.163030938613
2023-03-21 12:00:00,7830.177283804099,8051.103135767563,7607.559021416871
2023-03-21 16:00:00,7830.177283804099,8066.23446645384,7733.063698550869
2023-03-21 20:00:00,7830.177283804099,8090.93867981919,7682.9997194415255
2023-03-22 00:00:00,7830.177283804099,8081.05699447305,7683.12106096737
2023-03-22 04:00:00,7830.177283804099,8098.041141161728,7669.206321921702
2023-03-22 08:00:00,7830.177283804099,8078.277770469448,7656.461128712867
2023-03-22 12:00:00,7830.177283804099,8073.336927796378,7651.894242393025
2023-03-22 16:00:00,7830.177283804099,8199.946021293797,7731.673242373493
2023-03-22 20:00:00,7830.177283804099,7594.075188508588,7217.120033001292
2023-03-23 00:00:00,7830.177283804099,7767.004682066038,7325.487939445263
2023-03-23 04:00:00,7830.177283804099,7777.503972746312,7311.299490740891
2023-03-23 08:00:00,7830.177283804099,7858.7190741849,7405.1886058807595
2023-03-23 12:00:00,7830.177283804099,7863.042311523836,7424.676600610484
2023-03-23 16:00:00,7814.516929236491,8120.274933190543,7682.616140817586
2023-03-23 20:00:00,7805.708037745444,8092.7914958215915,7640.43943845893
2023-03-24 00:00:00,7794.890100826617,8073.645730463445,7630.687384716037
2023-03-24 04:00:00,7795.508268650548,8051.4119384346295,7613.566630465613
2023-03-24 08:00:00,7796.744604298416,8077.660165135314,7618.967051230169
2023-03-24 12:00:00,7711.757037360627,7951.668676972029,7467.993839223412
2023-03-24 16:00:00,7711.757037360627,8041.53025308849,7482.841950260389
2023-03-24 20:00:00,7711.757037360627,7999.533090367395,7423.330492824062
2023-03-25 00:00:00,7711.757037360627,7902.260250241329,7361.645159683571
2023-03-25 04:00:00,7711.757037360627,7939.316570289354,7390.920833119014
2023-03-25 08:00:00,7711.757037360627,7912.450738254536,7359.198526170777
2023-03-25 12:00:00,7711.757037360627,7904.730671577864,7358.513847906842
2023-03-25 16:00:00,7711.757037360627,7948.889452968428,7401.0115889368035
2023-03-25 20:00:00,7711.757037360627,7819.19233280034,7232.708786228059
2023-03-26 00:00:00,7711.757037360627,7894.540183564657,7321.246948579286
2023-03-26 04:00:00,7711.757037360627,7910.289119585068,7361.5572856576955
2023-03-26 08:00:00,7711.757037360627,7911.215527586269,7373.328258888117
2023-03-26 12:00:00,7711.757037360627,8010.958789048869,7458.579707722993
2023-03-26 16:00:00,7711.757037360627,8000.150695701529,7422.480370654179
2023-03-26 20:00:00,7711.757037360627,8000.459498368596,7435.214014353157
2023-03-27 00:00:00,7711.757037360627,8017.7524477243405,7450.866959309756
2023-03-27 04:00:00,7711.757037360627,7996.136261029659,7408.735759235179
2023-03-27 08:00:00,7711.757037360627,7989.6514050212545,7364.344306270049
2023-03-27 12:00:00,7711.757037360627,7993.665839693124,7400.450175862753
2023-03-27 16:00:00,7711.757037360627,7712.655412662268,7133.277945160918
2023-03-27 20:00:00,7711.757037360627,7725.31632201201,7109.293100428714
2023-03-28 00:00:00,7711.757037360627,7771.327919404975,7162.499918329836
2023-03-28 04:00:00,7711.757037360627,7702.464924649062,7107.271824567849
2023-03-28 08:00:00,7711.757037360627,7703.391332650262,7142.9327494409945
2023-03-28 12:00:00,7711.757037360627,7723.7723086766755,7201.978819131387
2023-03-28 16:00:00,7711.757037360627,7697.524081975991,7194.84856916367
2023-03-28 20:00:00,7711.757037360627,7812.707476791936,7345.501566923371
2023-03-29 00:00:00,7711.757037360627,7777.195170079245,7289.8387575278675
2023-03-29 04:00:00,7711.757037360627,7806.531423450598,7327.778405465158
2023-03-29 08:00:00,7680.910009211184,7998.297879699127,7486.520703849333
2023-03-29 12:00:00,7658.485112078498,8053.264754437031,7499.380916319941
2023-03-29 16:00:00,7688.25776235179,8101.129167832397,7528.214036518766
2023-03-29 20:00:00,7670.626206233606,8084.453823810785,7512.226813538157
2023-03-30 00:00:00,7637.207366326755,8077.042559801181,7479.169915491024
2023-03-30 04:00:00,7641.828920407585,8116.878103852808,7485.009513160335
2023-03-30 08:00:00,7673.031253824974,8170.918570589511,7519.13528206088
2023-03-30 12:00:00,7610.426488423366,8134.479855875619,7461.836624452887
2023-03-30 16:00:00,7502.390495505308,8020.531671727942,7369.736171402621
2023-03-30 20:00:00,7453.562224462294,7936.537346285752,7328.972807676321
2023-03-31 00:00:00,7467.928216179029,7943.948610295358,7356.411937024642
2023-03-31 04:00:00,7477.8144900486095,7982.857746345784,7377.202035162762
2023-03-31 08:00:00,7472.562407055395,7874.468010205311,7314.933681082143
2023-03-31 12:00:00,7473.334772201455,7946.727834298959,7345.987613017328
2023-03-31 16:00:00,7524.92876395833,8094.026706489859,7501.121008674557
2023-03-31 20:00:00,7531.571104214455,8107.305221173734,7532.989048411498
2023-04-01 00:00:00,7522.920614578572,8106.996418506667,7541.382814481415
2023-04-01 04:00:00,7524.3108718414815,8124.598170529479,7535.180560604046
2023-04-01 08:00:00,7526.6279672796645,8100.82036516533,7527.92863480105
2023-04-01 12:00:00,7528.636116659423,8090.629877152123,7529.723427195552
2023-04-01 16:00:00,7520.912465198813,8094.335509156926,7512.080059945635
2023-04-01 20:00:00,7512.261975562929,8081.365797140117,7500.745418397271
2023-04-02 00:00:00,7520.140100052752,8101.74677316653,7528.035874909428
2023-04-02 04:00:00,7517.050639468508,8115.951695851607,7526.478046741663
2023-04-02 08:00:00,7507.874773349414,8097.114733160527,7540.898358587357
2023-04-02 12:00:00,7477.118041353463,8077.042559801181,7506.31625568318
2023-04-02 16:00:00,7382.887625218898,8024.8549090668785,7414.979175666459
2023-04-02 20:00:00,7347.713189629105,7978.843311673914,7361.031246292298
2023-04-03 00:00:00,7347.713189629105,8053.573557104098,7433.743997142275
2023-04-03 04:00:00,7347.713189629105,7949.507058302561,7333.990685965357
2023-04-03 08:00:00,7347.713189629105,7977.9169036727135,7369.3958065989755
2023-04-03 12:00:00,7347.713189629105,8032.574975743551,7402.583036623991
2023-04-03 16:00:00,7347.713189629105,7963.094375653503,7353.735185309243
2023-04-03 20:00:00,7347.713189629105,7958.153532980434,7438.863413523688
2023-04-04 00:00:00,7347.713189629105,7876.320826207711,7343.4864037131565
2023-04-04 04:00:00,7347.713189629105,7913.685948922804,7365.470686851308
2023-04-04 08:00:00,7347.713189629105,7928.81727960908,7367.8851018032865
2023-04-04 12:00:00,7333.017763249847,8014.355618386605,7522.342346023873
2023-04-04 16:00:00,7323.131405266842,7911.524330253335,7456.308527057383
2023-04-04 20:00:00,7328.432785634541,7951.359874304962,7487.656723112469
2023-04-05 00:00:00,7329.29246893741,7946.419031631893,7480.548123270636
2023-04-05 04:00:00,7382.592833715345,8044.309477092092,7592.1508759978715
2023-04-05 08:00:00,7382.592833715345,8047.397503762761,7600.821892903424
2023-04-05 12:00:00,7389.040458486868,8061.6024264478365,7613.872038942706
2023-04-05 16:00:00,7372.276634080906,7941.1693862917555,7517.90051355679
2023-04-05 20:00:00,7394.91496105648,8003.856327706331,7583.991721356457
2023-04-06 00:00:00,7391.762788945956,7972.667258332577,7573.730593586767
2023-04-06 04:00:00,7381.589869861997,7978.534509006848,7548.896743578717
2023-04-06 08:00:00,7353.650162518725,7909.980316918001,7473.11884051755
2023-04-06 12:00:00,7338.6057047185,7914.612356924004,7463.651644768413
2023-04-06 16:00:00,7346.199573893851,7949.198255635494,7489.923309837696
2023-04-06 20:00:00,7341.9011573795015,7932.5229116138835,7477.510342319926
2023-04-07 00:00:00,7341.9011573795015,7942.404596960023,7471.589276789368
2023-04-07 04:00:00,7348.921904352939,7942.404596960023,7468.846427533239
2023-04-07 08:00:00,7301.3742536767095,7889.908143558654,7391.004782044644
2023-04-07 12:00:00,7301.3742536767095,7888.981735557454,7394.471968128927
2023-04-07 16:00:00,7301.3742536767095,7924.494042270145,7442.785643054073
2023-04-07 20:00:00,7301.3742536767095,7916.465172926406,7432.085868024442
2023-04-08 00:00:00,7301.3742536767095,7905.657079579065,7434.573044240865
2023-04-08 04:00:00,7301.3742536767095,7938.698964955221,7460.285018878901
2023-04-08 08:00:00,7301.3742536767095,7964.947191655905,7485.957994531895
2023-04-08 12:00:00,7301.3742536767095,7953.212690307364,7469.70815408758
2023-04-08 16:00:00,7301.3742536767095,7952.59508497323,7455.949704496046
2023-04-08 20:00:00,7301.3742536767095,7923.876436936011,7408.237428589665
2023-04-09 00:00:00,7301.3742536767095,7931.905306279749,7387.247753581701
2023-04-09 04:00:00,7301.3742536767095,7950.742268970828,7400.898726735127
2023-04-09 08:00:00,7301.3742536767095,7928.508476942014,7367.440254439406
2023-04-09 12:00:00,7301.3742536767095,7929.126082276148,7387.896168112823
2023-04-09 16:00:00,7301.3742536767095,7921.714818266542,7375.829231658694
2023-04-09 20:00:00,7301.3742536767095,7981.0049303433825,7440.85492370746
2023-04-10 00:00:00,7286.771505169356,8017.134842390206,7442.380353124737
2023-04-10 04:00:00,7286.771505169356,8017.134842390206,7444.964781113624
2023-04-10 08:00:00,7285.927805810254,8014.355618386605,7444.37524972425
2023-04-10 12:00:00,7290.70876884517,8030.104554407016,7457.715738562155
2023-04-10 16:00:00,7312.363719062145,8101.4379704994635,7503.113434532238
2023-04-10 20:00:00,7343.040925206482,8297.836466753995,7646.610725267928
2023-04-11 00:00:00,7418.515774014171,8413.94626957114,7726.419027101854
2023-04-11 04:00:00,7511.386274193052,8539.011349733226,7820.473541578219
2023-04-11 08:00:00,7641.527993761718,8534.379309727223,7934.701446010559
2023-04-11 12:00:00,7594.693912248136,8509.366293694806,7889.280286022132
2023-04-11 16:00:00,7731.73632793765,8546.731416409897,8012.584970595223
2023-04-11 20:00:00,7711.083588741229,8529.129664387085,7986.31335094069
2023-04-12 00:00:00,7656.177246730453,8541.790573736827,7937.109972451958
2023-04-12 04:00:00,7534.796663377454,8465.51631497131,7828.687312982985
2023-04-12 08:00:00,7669.305619272145,8479.412434989319,7961.181236210195
2023-04-12 12:00:00,7655.467997721529,8492.999752340262,7953.056269208383
2023-04-12 16:00:00,7632.259026159129,8431.548021593953,7968.326581904153
2023-04-12 20:00:00,7645.495499001516,8374.728330853648,7957.43498475141
2023-04-13 00:00:00,7647.475521901983,8395.418109547129,7984.107468820043
2023-04-13 04:00:00,7680.859438396887,8450.384984285032,8011.443073121681
2023-04-13 08:00:00,7697.186388244405,8447.914562948497,8038.060869964115
2023-04-13 12:00:00,7706.081915683775,8467.986736307845,8147.320329615166
2023-04-13 16:00:00,7751.856665557461,8522.953611045748,8193.174442644144
2023-04-13 20:00:00,7772.886984937464,8496.705384345063,8215.933382124713
2023-04-14 00:00:00,7737.338704740323,8496.705384345063,8184.310351322491
2023-04-14 04:00:00,7938.57156665162,8569.891616439912,8403.48659612759
2023-04-14 08:00:00,7920.2261564251285,8584.405341792057,8386.591297389507
2023-04-14 12:00:00,7959.937822670353,8616.520819167012,8428.984882173165
2023-04-14 16:00:00,7758.849234452169,8510.910307030139,8227.266903845368
2023-04-14 20:00:00,7874.124120818713,8527.585651051751,8341.849578959376
2023-04-15 00:00:00,7914.412586892401,8561.24514176204,8382.82576017368
2023-04-15 04:00:00,7844.452920594767,8538.39374439909,8315.290495794328
2023-04-15 08:00:00,7886.228564742446,8554.142680419502,8357.757833421394
2023-04-15 12:00:00,7873.833636465565,8543.025784405096,8347.264101141398
2023-04-15 16:00:00,7863.807005870605,8525.73283504935,8335.903928096035
2023-04-15 20:00:00,7820.187137074681,8526.968045717616,8313.098015362917
2023-04-16 00:00:00,7804.994447967404,8521.71840037748,8293.144760091815
2023-04-16 04:00:00,7797.846451586827,8506.278267024136,8313.66541008669
2023-04-16 08:00:00,7821.8646781354855,8539.320152400292,8336.387270671159
2023-04-16 12:00:00,7779.930026974411,8498.249397680398,8283.568993505341
2023-04-16 16:00:00,7788.089447831795,8528.203256385885,8334.592825621046
2023-04-16 20:00:00,7812.308681170376,8514.924741702009,8378.350962936238
2023-04-17 00:00:00,7801.337264959846,8522.953611045748,8469.737490942603
2023-04-17 04:00:00,7827.870792270211,8442.664917608361,8464.194602485277
2023-04-17 08:00:00,7741.30390427497,8382.139594863253,8355.175393828787
2023-04-17 12:00:00,7699.216280850743,8328.407930793617,8307.598612165217
2023-04-17 16:00:00,7659.588212708479,8312.658994773206,8287.356791834165
2023-04-17 20:00:00,7659.588212708479,8352.185736157766,8324.984980066867
2023-04-18 00:00:00,7659.588212708479,8334.275181467887,8290.876151921737
2023-04-18 04:00:00,7659.588212708479,8337.672010805623,8287.018027734463
2023-04-18 08:00:00,7659.588212708479,8402.520570889666,8386.869377887739
2023-04-18 12:00:00,7659.588212708479,8553.525075085368,8488.041332113313
2023-04-18 16:00:00,7659.588212708479,8504.11664835467,8398.529509918797
2023-04-18 20:00:00,7659.588212708479,8513.380728366676,8347.274373531436
2023-04-19 00:00:00,7644.269036283062,8544.569797740429,8404.528932334426
2023-04-19 04:00:00,7629.966709178258,8496.705384345063,8351.828370152612
2023-04-19 08:00:00,7623.415320633476,8474.780394983316,8301.189793690006
2023-04-19 12:00:00,7553.189602725793,8289.498794743191,8007.854661361801
2023-04-19 16:00:00,7553.189602725793,8266.956200047309,8007.510630066152
2023-04-19 20:00:00,7553.189602725793,8246.884026687962,7956.701052562778
2023-04-20 00:00:00,7553.189602725793,8130.156618536683,7816.187084532231
2023-04-20 04:00:00,7553.189602725793,8141.891119885225,7861.51883981115
2023-04-20 08:00:00,7553.189602725793,8136.950277212154,7831.845029019441
2023-04-20 12:00:00,7553.189602725793,8064.381650451439,7757.963884336268
2023-04-20 16:00:00,7553.189602725793,8026.090119735146,7732.590475108721
2023-04-20 20:00:00,7553.189602725793,7918.935594262941,7637.786940071554
2023-04-21 00:00:00,7553.189602725793,7953.521492974431,7712.491971477873
2023-04-21 04:00:00,7553.189602725793,7982.548943678717,7740.349761954455
2023-04-21 08:00:00,7553.189602725793,7935.919740951619,7700.423664344621
2023-04-21 12:00:00,7553.189602725793,7887.746524889186,7617.369970287308
2023-04-21 16:00:00,7553.189602725793,7890.525748892788,7596.293567372358
2023-04-21 20:00:00,7553.189602725793,7662.0117752633005,7358.263512056043
2023-04-22 00:00:00,7553.189602725793,7656.453327256097,7369.692563729276
2023-04-22 04:00:00,7553.189602725793,7674.672684613042,7405.049757795921
2023-04-22 08:00:00,7553.189602725793,7676.8343032825105,7391.701445235166
2023-04-22 12:00:00,7553.189602725793,7683.010356623849,7408.301428559221
2023-04-22 16:00:00,7553.189602725793,7772.871932740309,7500.33007827876
2023-04-22 20:00:00,7553.189602725793,7829.3828208135465,7554.697959980145
2023-04-23 00:00:00,7553.189602725793,7875.394418206512,7558.686305130642
2023-04-23 04:00:00,7553.189602725793,7765.460668730704,7490.735448339395
2023-04-23 08:00:00,7553.189602725793,7842.352532830356,7579.722204026669
2023-04-23 12:00:00,7553.189602725793,7806.531423450598,7566.410879112358
2023-04-23 16:00:00,7553.189602725793,7746.006100705491,7470.20407914366
2023-04-23 20:00:00,7553.189602725793,7736.124415359351,7405.463870823684
2023-04-24 00:00:00,7553.189602725793,7763.299050061236,7457.178661207587
2023-04-24 04:00:00,7553.189602725793,7828.765215479413,7508.285644943743
2023-04-24 08:00:00,7553.189602725793,7713.5818206634685,7388.915728237674
2023-04-24 12:00:00,7553.189602725793,7730.565967352147,7452.450192587911
2023-04-24 16:00:00,7553.189602725793,7635.763548562616,7338.2783096634585
2023-04-24 20:00:00,7553.189602725793,7663.864591265702,7330.272673694191
2023-04-25 00:00:00,7553.189602725793,7687.951199296918,7356.61789165221
2023-04-25 04:00:00,7553.189602725793,7640.0867859015525,7273.75520706326
2023-04-25 08:00:00,7553.189602725793,7630.205100555412,7260.191726525909
2023-04-25 12:00:00,7553.189602725793,7679.613527286113,7313.3840233352175
2023-04-25 16:00:00,7553.189602725793,7701.538516647861,7312.646614309079
2023-04-25 20:00:00,7553.189602725793,7784.915236755917,7401.636366183872
2023-04-26 00:00:00,7538.083223520342,7961.550362318169,7575.36051922326
2023-04-26 04:00:00,7542.575333283294,7975.755285003245,7567.104714784154
2023-04-26 08:00:00,7535.934823198929,7954.756703642698,7548.868796617243
2023-04-26 12:00:00,7549.643946204018,8092.7914958215915,7706.801196570331
2023-04-26 16:00:00,7705.997599269149,8336.127997470288,7870.1224078640635
2023-04-26 20:00:00,7154.1019552561065,7808.384239452999,7352.037758630565
2023-04-27 00:00:00,7154.1019552561065,7951.359874304962,7481.029263592182
2023-04-27 04:00:00,7154.1019552561065,8081.365797140117,7596.955614882993
2023-04-27 08:00:00,7154.1019552561065,8082.909810475451,7585.312876926947
2023-04-27 12:00:00,7154.1019552561065,8101.4379704994635,7586.297393900956
2023-04-27 16:00:00,7154.1019552561065,8178.638637266183,7712.425552468741
2023-04-27 20:00:00,7154.1019552561065,8308.953362768403,7787.66374388124
2023-04-28 00:00:00,7154.1019552561065,8249.354448024496,7751.279899738162
2023-04-28 04:00:00,7154.1019552561065,8249.97205335863,7749.283406855105
2023-04-28 08:00:00,7154.1019552561065,8278.073096061717,7807.9595300333995
2023-04-28 12:00:00,7154.1019552561065,8232.987906669952,7771.468810581689
2023-04-28 16:00:00,7154.1019552561065,8160.419279909237,7691.094239957713
2023-04-28 20:00:00,7139.7937513455945,8228.973471998082,7824.546138163262
2023-04-29 00:00:00,7141.597694914601,8211.989325309405,7815.1768937159295
2023-04-29 04:00:00,7137.98980777659,8230.20868266635,7828.508425747048
2023-04-29 08:00:00,7140.470230183972,8225.576642660348,7838.24616423755
2023-04-29 12:00:00,7141.033962549286,8222.488615989678,7828.497329976949
2023-04-29 16:00:00,7145.656567944862,8205.813271968067,7840.917841782738
2023-04-29 20:00:00,7135.058399476956,8193.152362618326,7819.684274734091
2023-04-30 00:00:00,7129.195582877688,8191.917151950058,7822.395661098803
2023-04-30 04:00:00,7124.009245116798,8180.800255935651,7797.317574015328
2023-04-30 08:00:00,7151.068398651878,8203.342850631532,7839.196030372349
2023-04-30 12:00:00,7159.86262355078,8187.902717278189,7841.241654390974
2023-04-30 16:00:00,7169.73490902877,8306.174138764802,7932.198843930242
2023-04-30 20:00:00,7089.069154231065,8230.517485333417,7825.036763046924
2023-05-01 00:00:00,7009.6818481908995,8195.931586621928,7730.533074715336
2023-05-01 04:00:00,7009.6818481908995,8016.517237056073,7576.402760185176
2023-05-01 08:00:00,7009.6818481908995,8042.7654637567575,7608.391133258937
2023-05-01 12:00:00,7009.6818481908995,8011.267591715936,7579.709783638601
2023-05-01 16:00:00,7009.6818481908995,7942.404596960023,7523.2451097946805
2023-05-01 20:00:00,7009.6818481908995,7841.734927496222,7440.470934205224
2023-05-02 00:00:00,7009.6818481908995,7916.465172926406,7517.655936689941
2023-05-02 04:00:00,7009.6818481908995,7901.333842240128,7493.620948212746
2023-05-02 08:00:00,7009.6818481908995,7892.378564895189,7502.434817574707
2023-05-02 12:00:00,7009.6818481908995,7907.818698248533,7522.370177731781
2023-05-02 16:00:00,7009.6818481908995,8020.531671727942,7602.147213053859
2023-05-02 20:00:00,7009.6818481908995,8061.6024264478365,7640.513803157121
2023-05-03 00:00:00,7009.6818481908995,8037.824621083688,7623.687786531355
2023-05-03 04:00:00,7009.6818481908995,7987.798589018854,7547.229283178208
2023-05-03 08:00:00,7009.6818481908995,8023.002093064478,7551.973438773583
2023-05-03 12:00:00,7009.6818481908995,7982.548943678717,7489.628432597555
2023-05-03 16:00:00,7009.6818481908995,7919.2443969300075,7452.075882386491
2023-05-03 20:00:00,7009.6818481908995,7916.465172926406,7475.623225977644
2023-05-04 00:00:00,7009.6818481908995,8095.261917158126,7665.058044806595
2023-05-04 04:00:00,7009.6818481908995,8109.158037176136,7664.8807004713
2023-05-04 08:00:00,7009.6818481908995,8109.775642510269,7650.635308678007
2023-05-04 12:00:00,6995.662484494518,8133.862250541485,7680.644308548343
2023-05-04 16:00:00,6984.928853722167,8096.497127826394,7620.340213445365
2023-05-04 20:00:00,6986.969130645837,8103.599589168932,7600.885564475641
2023-05-05 00:00:00,6981.824084490496,8085.689034479053,7594.847935964721
2023-05-05 04:00:00,7004.888084497199,8165.977727916441,7654.242872481599
2023-05-05 08:00:00,6997.791469110521,8141.273514551091,7643.131081127712
2023-05-05 12:00:00,6993.976868021413,8176.785821263781,7705.086266094786
2023-05-05 16:00:00,7062.894091456699,8234.840722672354,7812.445387506205
2023-05-05 20:00:00,7110.962072877097,8288.881189409056,7941.7742230183
2023-05-06 00:00:00,7102.19554250311,8265.72098937904,7931.986340782808
2023-05-06 04:00:00,7051.368728230536,8228.973471998082,7874.542461310116
2023-05-06 08:00:00,7029.920591379163,8241.016776013692,7851.228344389198
2023-05-06 12:00:00,7001.865422837209,8216.621365315408,7817.635181244462
2023-05-06 16:00:00,6753.458734211178,8028.869343738748,7588.561087457824
2023-05-06 20:00:00,6753.458734211178,8107.305221173734,7667.767602133138
2023-05-07 00:00:00,6753.458734211178,8107.922826507868,7659.680296237199
2023-05-07 04:00:00,6753.458734211178,8087.541850481454,7643.470199722011
2023-05-07 08:00:00,6753.458734211178,8123.3629598612115,7692.155985772318
2023-05-07 12:00:00,6753.458734211178,8097.423535827595,7677.194881957869
2023-05-07 16:00:00,6753.458734211178,8123.980565195346,7747.312778087891
2023-05-07 20:00:00,6753.458734211178,8119.657327856409,7742.186175687052
2023-05-08 00:00:00,6753.458734211178,7986.25457568352,7552.263912772028
2023-05-08 04:00:00,6753.458734211178,7901.951447574263,7475.414709955263
2023-05-08 08:00:00,6753.458734211178,7831.544439483015,7413.313064909643
2023-05-08 12:00:00,6753.458734211178,7830.926834148881,7437.446316923427
2023-05-08 16:00:00,6753.458734211178,7825.368386141678,7433.614699622223
2023-05-08 20:00:00,6753.458734211178,7690.1128179663865,7271.347508201052
2023-05-09 00:00:00,6753.458734211178,7780.283196749914,7346.01503746182
2023-05-09 04:00:00,6753.458734211178,7773.489538074443,7341.233756290133
2023-05-09 08:00:00,6753.458734211178,7789.238474094853,7366.440565187694
2023-05-09 12:00:00,6753.458734211178,7804.061002114063,7388.754826348585
2023-05-09 16:00:00,6753.458734211178,7733.962796689882,7329.136846832763
2023-05-09 20:00:00,6753.458734211178,7812.398674124869,7377.980444826443
2023-05-10 00:00:00,6753.458734211178,7783.988828754716,7359.0494660350905
2023-05-10 04:00:00,6753.458734211178,7793.561711433789,7360.892664386071
2023-05-10 08:00:00,6753.458734211178,7758.358207388165,7333.358201243471
2023-05-10 12:00:00,6753.458734211178,7807.766634118866,7395.652910400044
2023-05-10 16:00:00,6753.458734211178,7934.684530283351,7496.459667434151
2023-05-10 20:00:00,6753.458734211178,7794.796922102057,7395.51109178241
2023-05-11 00:00:00,6753.458734211178,7767.004682066038,7367.795946657357
2023-05-11 04:00:00,6753.458734211178,7730.565967352147,7305.0815950987035
2023-05-11 08:00:00,6753.458734211178,7765.151866063637,7335.803514332452
2023-05-11 12:00:00,6753.458734211178,7743.535679368955,7310.034249261108
2023-05-11 16:00:00,6753.458734211178,7696.288871307724,7244.436399287684
2023-05-11 20:00:00,6753.458734211178,7596.545609845123,7164.600388308739
2023-05-12 00:00:00,6753.458734211178,7641.630799236887,7214.801341890324
2023-05-12 04:00:00,6753.458734211178,7517.492127076003,7104.427164487203
2023-05-12 08:00:00,6753.458734211178,7450.481948322491,7090.316937246579
2023-05-12 12:00:00,6753.458734211178,7476.730175023175,7134.441404837173
2023-05-12 16:00:00,6753.458734211178,7493.405519044787,7152.382785334098
2023-05-12 20:00:00,6753.458734211178,7529.8442337586785,7230.737482310825
2023-05-13 00:00:00,6739.951816742756,7627.117073884744,7330.563489152275
2023-05-13 04:00:00,6768.440033660058,7636.38115389675,7359.49852738893
2023-05-13 08:00:00,6772.17619325577,7619.088204541005,7349.464716969706
2023-05-13 12:00:00,6757.581819835021,7637.925167232084,7348.460903933505
2023-05-13 16:00:00,6734.931352286018,7636.38115389675,7314.975866302011
2023-05-13 20:00:00,6744.855526212128,7649.659668580625,7323.920162466615
2023-05-14 00:00:00,6733.0632724881625,7629.8962978883455,7309.443091296776
2023-05-14 04:00:00,6740.885856641684,7648.115655245291,7329.967214559031
2023-05-14 08:00:00,6758.749369708681,7642.557207238087,7349.71288924666
2023-05-14 12:00:00,6745.906321098422,7637.307561897951,7335.12954032256
2023-05-14 16:00:00,6755.4857609796945,7714.508228664669,7405.452090868847
2023-05-14 20:00:00,6693.935140307389,7646.571641909957,7317.294280730328
2023-05-15 00:00:00,6704.9544560837585,7665.717407268103,7335.452654666914
2023-05-15 04:00:00,6758.9624117502435,7746.006100705491,7434.626945705144
2023-05-15 08:00:00,6778.199908691974,7784.297631421783,7454.3813057602265
2023-05-15 12:00:00,6755.095183706976,7766.695879398972,7429.455826714443
2023-05-15 16:00:00,6778.897436180443,7788.003263426585,7455.077223608873
2023-05-15 20:00:00,6752.806353774922,7791.091290097254,7430.147347427411
2023-05-16 00:00:00,6702.391262616822,7715.1258339988035,7373.721500573253
2023-05-16 04:00:00,6662.448739603202,7706.788161987997,7346.849055070034
2023-05-16 08:00:00,6680.133839553648,7734.889204691083,7381.364939958968
2023-05-16 12:00:00,6643.197444933339,7674.363881945976,7341.681923000522
2023-05-16 16:00:00,6650.190932804573,7687.0247912957175,7343.9684441377685
2023-05-16 20:00:00,6647.232149474436,7657.997340591432,7305.996331004785
2023-05-17 00:00:00,6655.705029010738,7680.231132620246,7333.432202186109
2023-05-17 04:00:00,6655.974009313477,7692.892041969988,7370.781378454557
2023-05-17 08:00:00,6639.700700997722,7656.14452458903,7303.9861999038685
2023-05-17 12:00:00,6605.394415225692,7596.545609845123,7260.253562750074
2023-05-17 16:00:00,6605.394415225692,7637.616364565018,7290.529309355569
2023-05-17 20:00:00,6578.972837564789,7801.281778110461,7433.7456539589275
2023-05-18 00:00:00,6571.27330603002,7800.355370109261,7429.5270850557545
2023-05-18 04:00:00,6571.48663007377,7792.326500765522,7422.984682519312
2023-05-18 08:00:00,6586.114267863328,7816.413108796738,7434.7209872562735
2023-05-18 12:00:00,6583.853520609197,7818.574727466206,7423.889488340289
2023-05-18 16:00:00,6550.936291612408,7754.652575383363,7361.274056322302
2023-05-18 20:00:00,6484.857940945716,7662.629380597435,7297.540021185863
2023-05-19 00:00:00,6484.857940945716,7687.642396629852,7312.731871247594
2023-05-19 04:00:00,6484.857940945716,7691.656831301721,7317.463596768809
2023-05-19 08:00:00,6484.857940945716,7688.877607298119,7332.3142994422915
2023-05-19 12:00:00,6484.857940945716,7678.687119284912,7319.500776170108
2023-05-19 16:00:00,6484.857940945716,7680.231132620246,7325.183705705288
2023-05-19 20:00:00,6484.857940945716,7669.114236605838,7315.679630169424
2023-05-20 00:00:00,6484.857940945716,7684.863172626249,7313.759620762711
2023-05-20 04:00:00,6484.857940945716,7680.231132620246,7306.978795645849
2023-05-20 08:00:00,6484.857940945716,7672.202263276507,7292.188238088224
2023-05-20 12:00:00,6484.857940945716,7687.0247912957175,7306.096691244882
2023-05-20 16:00:00,6484.857940945716,7705.55295131973,7325.1954820850215
2023-05-20 20:00:00,6484.857940945716,7731.492375353348,7343.05614912464
2023-05-21 00:00:00,6484.857940945716,7742.300468700688,7339.35456102638
2023-05-21 04:00:00,6484.857940945716,7760.828628724701,7337.88945187518
2023-05-21 08:00:00,6484.857940945716,7731.183572686281,7332.502954648066
2023-05-21 12:00:00,6484.857940945716,7661.0853672621,7281.74046414171
2023-05-21 16:00:00,6484.857940945716,7684.245567292116,7265.59197909156
2023-05-21 20:00:00,6484.857940945716,7693.509647304122,7277.534897217322
2023-05-22 00:00:00,6484.857940945716,7635.763548562616,7206.683408252528
2023-05-22 04:00:00,6484.857940945716,7607.971308526598,7184.946101017132
2023-05-22 08:00:00,6484.857940945716,7673.128671277708,7242.286862502693
2023-05-22 12:00:00,6484.857940945716,7656.453327256097,7251.315074151541
2023-05-22 16:00:00,6484.857940945716,7683.010356623849,7250.389629769911
2023-05-22 20:00:00,6484.857940945716,7670.349447274106,7248.057406393916
2023-05-23 00:00:00,6484.857940945716,7671.584657942374,7235.006344680726
2023-05-23 04:00:00,6458.918509181933,7818.26592479914,7407.283073423125
2023-05-23 08:00:00,6445.655324718593,7807.4578314517985,7366.170143142109
2023-05-23 12:00:00,6458.409310110224,7830.926834148881,7399.951508797053
2023-05-23 16:00:00,6460.454099364946,7830.618031481815,7407.804616208788
2023-05-23 20:00:00,6442.286855439319,7788.929671427786,7385.908118156501
2023-05-24 00:00:00,6450.287271879168,7799.737764775127,7397.601317977073
2023-05-24 04:00:00,6350.17200572747,7674.672684613042,7254.44147660313
2023-05-24 08:00:00,6350.17200572747,7640.0867859015525,7219.404787987873
2023-05-24 12:00:00,6350.17200572747,7658.614945925565,7225.5807559643
2023-05-24 16:00:00,6350.17200572747,7554.239644456961,7140.109607662387
2023-05-24 20:00:00,6350.17200572747,7535.711484432949,7140.900707495199
2023-05-25 00:00:00,6350.17200572747,7569.370975143238,7170.57168820992
2023-05-25 04:00:00,6350.17200572747,7545.901972446156,7154.997366737165
2023-05-25 08:00:00,6350.17200572747,7527.991417756277,7139.092851097106
2023-05-25 12:00:00,6350.17200572747,7570.606185811505,7182.738989523437
2023-05-25 16:00:00,6350.17200572747,7546.519577780289,7161.06724429921
2023-05-25 20:00:00,6350.17200572747,7619.397007208072,7222.868331340415
2023-05-26 00:00:00,6350.17200572747,7621.55862587754,7210.329000691543
2023-05-26 04:00:00,6350.17200572747,7606.118492524196,7204.013665295585
2023-05-26 08:00:00,6350.17200572747,7619.397007208072,7219.6538036087795
2023-05-26 12:00:00,6350.17200572747,7601.486452518193,7202.851462526639
2023-05-26 16:00:00,6350.17200572747,7716.052242000003,7299.045382057628
2023-05-26 20:00:00,6350.17200572747,7702.464924649062,7298.179460631926
2023-05-27 00:00:00,6350.17200572747,7688.877607298119,7271.063658617589
2023-05-27 04:00:00,6350.17200572747,7699.685700645459,7294.803255775695
2023-05-27 08:00:00,6350.17200572747,7696.906476641858,7294.73170265495
2023-05-27 12:00:00,6350.17200572747,7691.656831301721,7285.767573633136
2023-05-27 16:00:00,6337.471661716016,7683.010356623849,7293.7415324559
2023-05-27 20:00:00,6342.561330882855,7697.215279308924,7304.522300377671
2023-05-28 00:00:00,6411.494374329132,7730.25716468508,7400.335795144728
2023-05-28 04:00:00,6432.9459130116775,7826.294794142878,7470.306117678375
2023-05-28 08:00:00,6426.091122056958,7826.603596809945,7462.2510208834
2023-05-28 12:00:00,6421.280791214878,7809.619450121267,7455.196686062507
2023-05-28 16:00:00,6425.304162512564,7845.131756833957,7461.010837599727
2023-05-28 20:00:00,6482.988019948134,7913.685948922804,7523.575597073205
2023-05-29 00:00:00,6604.84637343543,8083.527415809585,7676.55470789027
2023-05-29 04:00:00,6575.118671581948,8045.235885093292,7643.383849025696
2023-05-29 08:00:00,6568.869322038924,8030.413357074082,7634.196022045052
2023-05-29 12:00:00,6584.185448680062,8045.235885093292,7652.73344080549
2023-05-29 16:00:00,6511.911154230385,7958.153532980434,7570.891008322737
2023-05-29 20:00:00,6522.601823422065,7969.579231661908,7583.50936132061
2023-05-30 00:00:00,6546.36309852971,8004.165130373398,7609.646736715676
2023-05-30 04:00:00,6588.616808059094,8022.69329039741,7654.59194156743
2023-05-30 08:00:00,6581.495315035965,8013.738013052472,7648.347387432922
2023-05-30 12:00:00,6651.3863323128735,8060.984821113703,7722.194331441537
2023-05-30 16:00:00,6575.033152557575,7967.7264156595065,7636.742096747825
2023-05-30 20:00:00,6641.412784987022,8023.310895731544,7707.255112817246
2023-05-31 00:00:00,6604.613231546499,7966.491204991239,7664.941876691152
2023-05-31 04:00:00,6609.319051837672,7986.25457568352,7672.697608280809
2023-05-31 08:00:00,6480.763198468481,7859.645482186101,7555.789930273427
2023-05-31 12:00:00,6463.513346180771,7834.94126882075,7532.9467914533825
2023-05-31 16:00:00,6463.513346180771,7803.44339677993,7507.1199003738375
2023-05-31 20:00:00,6463.513346180771,7813.016279459002,7518.357197634621
2023-06-01 00:00:00,6463.513346180771,7866.439140861572,7571.134788282196
2023-06-01 04:00:00,6463.513346180771,7746.006100705491,7489.68367404678
2023-06-01 08:00:00,6463.513346180771,7760.5198260576335,7493.015227958387
2023-06-01 12:00:00,6463.513346180771,7758.667010055233,7497.634263675961
2023-06-01 16:00:00,6463.513346180771,7729.9483620180135,7466.8904031119955
2023-06-01 20:00:00,6463.513346180771,7713.273017996402,7463.915870904218
2023-06-02 00:00:00,6463.513346180771,7702.156121981994,7429.982124081458
2023-06-02 04:00:00,6463.513346180771,7746.623706039624,7497.619292419495
2023-06-02 08:00:00,6463.513346180771,7764.84306339657,7540.73096556154
2023-06-02 12:00:00,6463.513346180771,7786.459250091251,7587.199615407182
2023-06-02 16:00:00,6463.513346180771,7804.061002114063,7601.224555639144
2023-06-02 20:00:00,6450.58631948841,7859.954284853167,7657.522084163663
2023-06-03 00:00:00,6447.878294791668,7863.65991685797,7655.161297993546
2023-06-03 04:00:00,6431.738467599094,7828.456412812347,7614.884174630023
2023-06-03 08:00:00,6439.320936749968,7838.95570349262,7634.745190274066
2023-06-03 12:00:00,6441.054072555882,7833.397255485416,7634.375792326487
2023-06-03 16:00:00,6435.090642547979,7876.012023540645,7656.716748558621
2023-06-03 20:00:00,6397.487318543277,7819.19233280034,7587.164999478678
2023-06-04 00:00:00,6408.439285789851,7812.089871457802,7606.350642275418
2023-06-04 04:00:00,6414.529120183111,7809.001844787133,7617.704744731044
2023-06-04 08:00:00,6456.823933920083,7830.618031481815,7672.73694092888
2023-06-04 12:00:00,6469.703157101636,7846.058164835158,7688.604284312424
2023-06-04 16:00:00,6502.283533313295,7843.587743498623,7719.449116750003
2023-06-04 20:00:00,6519.482711312005,7846.675770169292,7741.222948432235
2023-06-05 00:00:00,6479.125554788137,7823.8243728063435,7678.228318315929
2023-06-05 04:00:00,6414.079050369659,7747.858916707892,7589.4165024460535
2023-06-05 08:00:00,6431.085445465191,7754.03497004923,7619.501025748265
2023-06-05 12:00:00,6424.694507180883,7735.815612692284,7602.078284364602
2023-06-05 16:00:00,6243.7003186235925,7565.665343138436,7292.138382392625
2023-06-05 20:00:00,6243.7003186235925,7398.911902922323,7224.868598552819
2023-06-06 00:00:00,6243.7003186235925,7425.160129623007,7238.1124272878815
2023-06-06 04:00:00,6243.7003186235925,7438.438644306883,7243.1900131429165
2023-06-06 08:00:00,6243.7003186235925,7428.86576162781,7254.832891338474
2023-06-06 12:00:00,6243.7003186235925,7432.8801962996795,7243.876008255561
2023-06-06 16:00:00,6243.7003186235925,7527.373812422144,7319.196949268416
2023-06-06 20:00:00,6243.7003186235925,7832.779650151282,7561.957361537577
2023-06-07 00:00:00,6243.7003186235925,7857.792666183699,7525.772970015833
2023-06-07 04:00:00,6243.7003186235925,7770.7103140708405,7466.809005691219
2023-06-07 08:00:00,6243.7003186235925,7737.977231361752,7440.974271123822
2023-06-07 12:00:00,6243.7003186235925,7745.07969270429,7417.9684739053655
2023-06-07 16:00:00,6243.7003186235925,7603.3392685205945,7264.888859254858
2023-06-07 20:00:00,6243.7003186235925,7650.894879248893,7267.051212364373
2023-06-08 00:00:00,6243.7003186235925,7597.163215179257,7178.211231300078
2023-06-08 04:00:00,6243.7003186235925,7598.398425847525,7169.879515289249
2023-06-08 08:00:00,6243.7003186235925,7623.720244547008,7202.278114333801
2023-06-08 12:00:00,6243.7003186235925,7610.132927196066,7209.728559827763
2023-06-08 16:00:00,6243.7003186235925,7658.306143258498,7231.741712110073
2023-06-08 20:00:00,6243.7003186235925,7606.118492524196,7198.119890501158
2023-06-09 00:00:00,6243.7003186235925,7592.839977840321,7194.323306493155
2023-06-09 04:00:00,6243.7003186235925,7587.89913516725,7170.1120869996
2023-06-09 08:00:00,6243.7003186235925,7595.619201843922,7150.2778845916655
2023-06-09 12:00:00,6243.7003186235925,7630.822705889546,7248.743993596345
2023-06-09 16:00:00,6243.7003186235925,7604.265676521795,7180.016915934903
2023-06-09 20:00:00,6243.7003186235925,7586.355121831916,7025.058120967457
2023-06-10 00:00:00,6243.7003186235925,7608.280111193664,7047.872933323114
2023-06-10 04:00:00,6243.7003186235925,7564.430132470168,6898.697182540254
2023-06-10 08:00:00,6243.7003186235925,7397.985494921122,6534.0111595475855
2023-06-10 12:00:00,6243.7003186235925,7468.083700345303,6651.478431050698
2023-06-10 16:00:00,6243.7003186235925,7396.1326789187215,6607.852216731238
2023-06-10 20:00:00,6243.7003186235925,7435.9682229703485,6652.552797213017
2023-06-11 00:00:00,6243.7003186235925,7453.878777660227,6693.111653912767
2023-06-11 04:00:00,6243.7003186235925,7411.881614939132,6682.236747305459
2023-06-11 08:00:00,6243.7003186235925,7435.659420303281,6688.184137222768
2023-06-11 12:00:00,6243.7003186235925,7435.9682229703485,6690.849416598826
2023-06-11 16:00:00,6243.7003186235925,7422.072102952339,6635.761726205896
2023-06-11 20:00:00,6243.7003186235925,7493.09671637772,6757.92154994026
2023-06-12 00:00:00,6243.7003186235925,7460.363633668631,6680.372331339
2023-06-12 04:00:00,6243.7003186235925,7425.777734957142,6599.374838996201
2023-06-12 08:00:00,6243.7003186235925,7415.278444276868,6588.593384580047
2023-06-12 12:00:00,6243.7003186235925,7454.8051856614275,6644.8757370528665
2023-06-12 16:00:00,6243.7003186235925,7417.748865613403,6596.137685749612
2023-06-12 20:00:00,6243.7003186235925,7408.175982934329,6564.9650516718575
2023-06-13 00:00:00,6243.7003186235925,7427.630550959542,6605.85858757042
2023-06-13 04:00:00,6243.7003186235925,7463.142857672233,6633.900219796587
2023-06-13 08:00:00,6243.7003186235925,7457.275606997962,6636.597310673909
2023-06-13 12:00:00,6243.7003186235925,7488.464676371717,6680.233893473628
2023-06-13 16:00:00,6243.7003186235925,7366.796425547368,6519.5048401334325
2023-06-13 20:00:00,6243.7003186235925,7414.9696416098,6568.105517900399
2023-06-14 00:00:00,6243.7003186235925,7422.6897082864725,6575.556213604344
2023-06-14 04:00:00,6243.7003186235925,7430.409774963145,6611.84164471036
2023-06-14 08:00:00,6243.7003186235925,7407.8671802672625,6572.300778369336
2023-06-14 12:00:00,6243.7003186235925,7431.027380297278,6601.48453387236
2023-06-14 16:00:00,6243.7003186235925,7385.9421909055145,6547.283348591181
2023-06-14 20:00:00,6243.7003186235925,7379.766137564177,6539.3823110373705
2023-06-15 00:00:00,6243.7003186235925,7156.8106119418935,6285.069654036154
2023-06-15 04:00:00,6243.7003186235925,7182.75003597551,6350.668107448698
2023-06-15 08:00:00,6243.7003186235925,7107.402185211194,6279.727947993172
2023-06-15 12:00:00,6243.7003186235925,7132.106398576543,6286.905243963556
2023-06-15 16:00:00,6243.7003186235925,7046.568059799019,6196.183127588048
2023-06-15 20:00:00,6243.7003186235925,7182.441233308444,6309.458431699929
2023-06-16 00:00:00,6243.7003186235925,7217.335934687001,6317.741522879903
2023-06-16 04:00:00,6243.7003186235925,7213.012697348065,6322.390915320163
2023-06-16 08:00:00,6243.7003186235925,7199.116577330055,6321.939269656542
2023-06-16 12:00:00,6243.7003186235925,7171.324337294036,6266.669451962435
2023-06-16 16:00:00,6243.7003186235925,7305.653497468127,6394.534381427576
2023-06-16 20:00:00,6243.7003186235925,7440.909065643418,6526.301037261401
2023-06-17 00:00:00,6243.7003186235925,7426.704142958342,6513.318420201323
2023-06-17 04:00:00,6243.7003186235925,7404.470350929527,6519.639473156775
2023-06-17 08:00:00,6218.725517349098,7499.272769719058,6632.665241462786
2023-06-17 12:00:00,6197.314887221837,7481.671017696246,6605.537059629594
2023-06-17 16:00:00,6179.048412648997,7457.275606997962,6575.987440205719
2023-06-17 20:00:00,6181.158015703351,7467.466095011169,6576.934643418245
2023-06-18 00:00:00,6183.350715510407,7479.509399026778,6579.735434492467
2023-06-18 04:00:00,6183.470984790378,7493.405519044787,6582.074903801944
2023-06-18 08:00:00,6188.918635822121,7501.125585721459,6591.323043053163
2023-06-18 12:00:00,6199.067007963231,7482.288623030379,6602.888981722975
2023-06-18 16:00:00,6197.039560809646,7491.5527030423855,6606.628337322476
2023-06-18 20:00:00,6223.774028221336,7522.124167082006,6637.855172086717
2023-06-19 00:00:00,6145.153949606851,7428.86576162781,6535.008033624373
2023-06-19 04:00:00,6156.076950587902,7444.923500315287,6547.1480305427785
2023-06-19 08:00:00,6159.040953707943,7459.746028334497,6555.909198367386
2023-06-19 12:00:00,6175.258430292381,7472.098135017172,6572.859778310935
2023-06-19 16:00:00,6174.570223732095,7471.171727015972,6567.337185711537
2023-06-19 20:00:00,6235.720226388885,7544.975564444955,6627.516793401789
2023-06-20 00:00:00,6274.85803357817,7582.958292494181,6680.946287192463
2023-06-20 04:00:00,6272.847870880516,7599.016031181658,6671.803184751853
2023-06-20 08:00:00,6253.326193319006,7569.062172476171,6647.547211493412
2023-06-20 12:00:00,6256.445975482813,7593.766385841522,6662.770758466644
2023-06-20 16:00:00,6285.984181651507,7666.02620993517,6699.465566314749
2023-06-20 20:00:00,6396.022384678252,7914.612356924004,6893.394075180156
2023-06-21 00:00:00,6457.802144264973,7997.989077032061,6954.673891720325
2023-06-21 04:00:00,6530.920083191181,8116.56930118574,7037.237912744048
2023-06-21 08:00:00,6554.467172972856,8160.728082576304,7061.441985549284
2023-06-21 12:00:00,6567.0475045494,8171.227373256577,7081.1216434418
2023-06-21 16:00:00,6667.481357902057,8414.872677572343,7197.036343048893
2023-06-21 20:00:00,6725.373129055499,8446.988154947298,7259.004427174489
2023-06-22 00:00:00,6735.950791060557,8419.195914911277,7267.135507025845
2023-06-22 04:00:00,6824.463848975591,8490.529331003727,7359.751474531843
2023-06-22 08:00:00,6782.014718696002,8443.900128276628,7317.149032266163
2023-06-22 12:00:00,6679.0783239888615,8402.2117682226,7220.209218097359
2023-06-22 16:00:00,6692.2837617805535,8410.858242900473,7230.531061622073
2023-06-22 20:00:00,6739.209921436719,8508.131083026537,7284.664929449325
2023-06-23 00:00:00,6656.362770061225,8430.312810925685,7201.730214659769
2023-06-23 04:00:00,6707.057076949679,8466.751525639576,7252.3301277122255
2023-06-23 08:00:00,6741.210501432468,8499.793411015733,7288.470109039473
2023-06-23 12:00:00,6715.743338983529,8553.525075085368,7284.377340623741
2023-06-23 16:00:00,6839.773675148972,8856.151688810905,7474.587582416056
2023-06-23 20:00:00,6794.184152218703,8754.555611345904,7433.127872751101
2023-06-24 00:00:00,6764.537162536611,8693.72148593373,7397.028810696721
2023-06-24 04:00:00,6760.283028509935,8708.54401395294,7431.052336488586
2023-06-24 08:00:00,6697.66766450586,8666.855653898912,7369.240230847797
2023-06-24 12:00:00,6730.20500904439,8696.809512604399,7402.485982789921
2023-06-24 16:00:00,6600.088371657339,8610.962371159807,7287.162622182125
2023-06-24 20:00:00,6634.281266121758,8677.354944579185,7333.497457123763
2023-06-25 00:00:00,6600.832389243362,8652.959533880903,7304.690058916759
2023-06-25 04:00:00,6618.743766178264,8717.49929129788,7394.660345883826
2023-06-25 08:00:00,6616.258455503086,8708.54401395294,7442.17558168227
2023-06-25 12:00:00,6614.201646668456,8701.132749943336,7444.738446175638
2023-06-25 16:00:00,6603.060598814211,8660.988403224641,7373.083009519011
2023-06-25 20:00:00,6577.30900940317,8619.917648504746,7359.0991079902415
2023-06-26 00:00:00,6577.30900940317,8623.932083176616,7358.369181227312
2023-06-26 04:00:00,6577.30900940317,8575.450064447117,7295.956871676501
2023-06-26 08:00:00,6577.30900940317,8612.506384495142,7347.211736624529
2023-06-26 12:00:00,6577.30900940317,8579.155696451919,7311.2392784513795
2023-06-26 16:00:00,6577.30900940317,8610.344765825674,7325.342643477971
2023-06-26 20:00:00,6577.30900940317,8563.097957764441,7209.268426120999
2023-06-27 00:00:00,6577.30900940317,8566.185984435111,7208.161826252159
2023-06-27 04:00:00,6577.30900940317,8577.611683116585,7246.671185756565
2023-06-27 08:00:00,6577.30900940317,8579.773301786054,7276.1151075251955
2023-06-27 12:00:00,6577.30900940317,8674.575720575584,7308.524127416066
2023-06-27 16:00:00,6577.30900940317,8601.389488480734,7234.145086266002
2023-06-27 20:00:00,6577.30900940317,8644.621861870097,7312.023621001176
2023-06-28 00:00:00,6577.30900940317,8653.885941882103,7303.627052813665
2023-06-28 04:00:00,6577.30900940317,8587.184565795658,7220.353145834399
2023-06-28 08:00:00,6577.30900940317,8509.983899028939,7132.79172256924
2023-06-28 12:00:00,6577.30900940317,8561.24514176204,7192.13131816549
2023-06-28 16:00:00,6577.30900940317,8614.66800316461,7236.97597439308
2023-06-28 20:00:00,6577.30900940317,8521.409597710413,7121.543743327952
2023-06-29 00:00:00,6577.30900940317,8506.587069691204,7118.513916879752
2023-06-29 04:00:00,6577.30900940317,8556.30429908897,7160.391740572802
2023-06-29 08:00:00,6577.30900940317,8585.02294712619,7196.552575561081
2023-06-29 12:00:00,6564.154391384363,8652.341928546768,7428.258876491485
2023-06-29 16:00:00,6527.408166104424,8648.018691207832,7383.576223503529
2023-06-29 20:00:00,6519.384266189241,8690.324656595994,7416.735842783391
2023-06-30 00:00:00,6542.567480428292,8646.783480539565,7421.192526651484
2023-06-30 04:00:00,6677.378808269237,8723.675344639216,7574.435888413777
2023-06-30 08:00:00,6652.717615205497,8739.11547799256,7588.14341420663
2023-06-30 12:00:00,6682.466766393898,8786.053483386726,7621.13981264331
2023-06-30 16:00:00,6443.303577696936,8512.454320365474,7384.82305767485
2023-06-30 20:00:00,6537.125355597427,8609.72716049154,7614.952805655896
2023-07-01 00:00:00,6510.021793182159,8618.373635169412,7597.448836315819
2023-07-01 04:00:00,6431.768316999929,8591.816605801661,7516.002632472108
2023-07-01 08:00:00,6448.757488182684,8626.402504513151,7541.870660234549
2023-07-01 12:00:00,6437.865081830686,8638.445808528759,7539.0742288767615
2023-07-01 16:00:00,6453.642400337985,8656.356363218638,7558.462278421442
2023-07-01 20:00:00,6439.042902644849,8667.473259233046,7549.064924919744
2023-07-02 00:00:00,6480.439286643212,8647.709888540765,7578.280389103768
2023-07-02 04:00:00,6474.297886495424,8635.048979191024,7562.86922644939
2023-07-02 08:00:00,6538.004023523503,8637.828203194626,7619.916292343462
2023-07-02 12:00:00,6520.498488655876,8646.474677872498,7609.492451300758
2023-07-02 16:00:00,6549.543424598481,8625.784899179018,7626.465093049034
2023-07-02 20:00:00,6554.387365708129,8640.29862453116,7632.674895634819
2023-07-03 00:00:00,6591.236934670043,8654.19474454917,7681.130089977766
2023-07-03 04:00:00,6609.950463262551,8691.251064597194,7713.16950039578
2023-07-03 08:00:00,6629.740965183434,8699.897539275067,7745.108502849303
2023-07-03 12:00:00,6627.866017922195,8676.428536577985,7731.915083413812
2023-07-03 16:00:00,6599.749686950563,8774.936587372318,7741.668508681124
2023-07-03 20:00:00,6594.959676453628,8831.138672778488,7768.02127534756
2023-07-04 00:00:00,6568.5073308197925,8810.140091417941,7736.637779179231
2023-07-04 04:00:00,6591.931379192967,8828.359448774887,7763.5442312870855
2023-07-04 08:00:00,6535.499069756939,8747.1443473363,7697.771847290355
2023-07-04 12:00:00,6574.706117990146,8797.4791820682,7743.5866795898155
2023-07-04 16:00:00,6635.55974344268,8766.907718028579,7787.450911938681
2023-07-04 20:00:00,6544.747000885243,8716.264080629611,7717.5523014861
2023-07-05 00:00:00,6498.184094483588,8732.013016650022,7683.357420158872
2023-07-05 04:00:00,6518.87871955099,8760.114059353107,7716.075861500532
2023-07-05 08:00:00,6518.21543028601,8738.497872658427,7703.589232389011
2023-07-05 12:00:00,6431.052587974876,8622.696872508348,7565.134271765674
2023-07-05 16:00:00,6431.052587974876,8628.255320515553,7551.614382684423
2023-07-05 20:00:00,6431.052587974876,8669.01727256838,7578.82095651229
2023-07-06 00:00:00,6431.052587974876,8681.678181918121,7632.352246600826
2023-07-06 04:00:00,6431.052587974876,8687.545432592393,7689.012253453377
2023-07-06 08:00:00,6431.052587974876,8767.216520695645,7745.617149631386
2023-07-06 12:00:00,6418.190482798926,8741.277096662028,7732.478559971253
2023-07-06 16:00:00,6405.038325584406,8648.018691207832,7656.24265176204
2023-07-06 20:00:00,6527.282929694364,8608.183147156205,7751.7689870366
2023-07-07 00:00:00,6375.796852617424,8492.07334433906,7524.861776805731
2023-07-07 04:00:00,6375.796852617424,8555.069088420703,7625.466903570484
2023-07-07 08:00:00,6375.796852617424,8519.556781708012,7537.482495636795
2023-07-07 12:00:00,6375.796852617424,8547.040219076964,7625.038079801386
2023-07-07 16:00:00,6363.045258912189,8578.538091117785,7721.978230589269
2023-07-07 20:00:00,6379.077540619366,8530.056072388286,7711.055564569705
2023-07-08 00:00:00,6391.04684682541,8558.465917758438,7741.112178772225
2023-07-08 04:00:00,6411.251914182401,8541.790573736827,7747.264446599468
2023-07-08 08:00:00,6443.755718191473,8516.468755037344,7770.671797036055
2023-07-08 12:00:00,6434.421855553734,8522.027203044547,7757.466616366539
2023-07-08 16:00:00,6394.341151285789,8519.247979040945,7717.252822491565
2023-07-08 20:00:00,6404.443684964284,8493.926160341462,7700.745504353662
2023-07-09 00:00:00,6423.550650834482,8542.716981738027,7762.047275259002
2023-07-09 04:00:00,6407.9576097220215,8536.232125729624,7746.759649233841
2023-07-09 08:00:00,6400.2708993144715,8537.46733639789,7738.833021733325
2023-07-09 12:00:00,6402.576912436736,8538.084941732024,7746.747410919955
2023-07-09 16:00:00,6363.9237401016235,8562.171549763241,7710.657341848527
2023-07-09 20:00:00,6369.19462723823,8531.600085723621,7706.647534757319
2023-07-10 00:00:00,6371.939880955211,8505.96946435707,7691.946676688639
2023-07-10 04:00:00,6367.108234413323,8507.82228035947,7687.305045946422
2023-07-10 08:00:00,6306.196544940916,8488.05890966719,7626.754025195998
2023-07-10 12:00:00,6306.196544940916,8523.880019046948,7649.9087885657045
2023-07-10 16:00:00,6306.196544940916,8519.556781708012,7683.8211121324575
2023-07-10 20:00:00,6280.971758761152,8661.91481122584,7812.271493970828
2023-07-11 00:00:00,6216.425994501634,8538.39374439909,7708.529081974014
2023-07-11 04:00:00,6199.4729978955165,8546.113811075764,7752.030979809463
2023-07-11 08:00:00,6187.0740518997245,8569.27401110578,7804.7689200872155
2023-07-11 12:00:00,6184.812220955218,8546.731416409897,7778.264705382228
2023-07-11 16:00:00,6192.934250255945,8602.93350181607,7813.742137960931
2023-07-11 20:00:00,6173.9143082226,8597.375053808864,7790.784848673921
2023-07-12 00:00:00,6182.139148020803,8594.287027138196,7801.577319380013
2023-07-12 04:00:00,6160.857375042952,8577.611683116585,7774.487141377793
2023-07-12 08:00:00,6172.6805822528695,8612.815187162209,7812.201919587615
2023-07-12 12:00:00,6182.036337523325,8630.416939185021,7830.340578831855
2023-07-12 16:00:00,6194.682028713062,8484.353277662389,7761.495843569553
2023-07-12 20:00:00,6137.005339628164,8405.917400227403,7649.181941023183
2023-07-13 00:00:00,6145.9498529087095,8427.84238958915,7668.4694806284015
2023-07-13 04:00:00,6105.490015352394,8403.755781557935,7621.603760065223
2023-07-13 08:00:00,6105.490015352394,8421.357533580745,7638.528775711816
2023-07-13 12:00:00,6105.490015352394,8451.002589619166,7728.1068743712785
2023-07-13 16:00:00,6093.279035321689,8526.65924305055,7963.375542325942
2023-07-13 20:00:00,6236.217793390304,8694.030288600796,8301.15701100378
2023-07-14 00:00:00,6238.230109240212,8664.385232562377,8303.298615781066
2023-07-14 04:00:00,6330.550745433912,8642.151440533562,8411.635906230302
2023-07-14 08:00:00,6420.837160141972,8553.833877752435,8509.815178481313
2023-07-14 12:00:00,6375.603083732551,8584.405341792057,8458.40007837358
2023-07-14 16:00:00,6393.875749212873,8590.272592466326,8481.796410210583
2023-07-14 20:00:00,6041.827810437192,8297.218861419862,8058.386829051812
2023-07-15 00:00:00,6093.61434603602,8360.214605501506,8176.026278204893
2023-07-15 04:00:00,6141.029907987973,8360.832210835639,8220.352877727884
2023-07-15 08:00:00,6272.824265557832,8359.288197500304,8394.740588947923
2023-07-15 12:00:00,6287.932630989418,8360.523408168572,8410.188751863541
2023-07-15 16:00:00,6175.617612498016,8356.200170829636,8268.681056289486
2023-07-15 20:00:00,6204.979152865057,8355.891368162569,8299.212691233963
2023-07-16 00:00:00,6167.065707536742,8354.038552160167,8250.138270889049
2023-07-16 04:00:00,6133.143151190354,8324.08469345468,8189.9669217417
2023-07-16 08:00:00,6191.01104142831,8344.156866814028,8269.972242852
2023-07-16 12:00:00,6221.132751125242,8385.845226868056,8329.71730121816
2023-07-16 16:00:00,6221.227772291479,8384.30121353272,8335.135534041481
2023-07-16 20:00:00,6156.613379250739,8341.068840143358,8230.149958984643
2023-07-17 00:00:00,6156.4233369182675,8335.201589469089,8217.429581553573
2023-07-17 04:00:00,6209.065063013222,8356.200170829636,8300.529695878518
2023-07-17 08:00:00,6169.2511943601785,8326.863917458282,8234.540675047472
2023-07-17 12:00:00,6118.040296986411,8312.967797440273,8163.92288268257
2023-07-17 16:00:00,6118.040296986411,8309.879770769605,8147.633042214395
2023-07-17 20:00:00,6118.040296986411,8223.41502399088,8004.347065844686
2023-07-18 00:00:00,6118.040296986411,8292.586821413859,8125.5734660893495
2023-07-18 04:00:00,6118.040296986411,8262.324160041306,8078.671857318411
2023-07-18 08:00:00,6118.040296986411,8237.619946675955,7972.243085215737
2023-07-18 12:00:00,6118.040296986411,8213.224535977672,7886.14469753948
2023-07-18 16:00:00,6118.040296986411,8243.17839468316,7965.17296859438
2023-07-18 20:00:00,6118.040296986411,8196.54919195606,7918.232308273445
2023-07-19 00:00:00,6118.040296986411,8220.326997320211,7958.836923352005
2023-07-19 04:00:00,6118.040296986411,8282.396333400653,8090.755424602813
2023-07-19 08:00:00,6118.040296986411,8266.956200047309,8057.267910123469
2023-07-19 12:00:00,6118.040296986411,8276.220280059315,8091.1471345651
2023-07-19 16:00:00,6118.040296986411,8271.588240053312,8086.366510662946
2023-07-19 20:00:00,6118.040296986411,8281.161122732385,8127.495899778959
2023-07-20 00:00:00,6118.040296986411,8247.501632022095,8045.6833490497875
2023-07-20 04:00:00,6118.040296986411,8248.736842690363,8065.513639596295
2023-07-20 08:00:00,6118.040296986411,8334.275181467887,8160.19130981157
2023-07-20 12:00:00,6118.040296986411,8345.700880149361,8207.55598759562
2023-07-20 16:00:00,6118.040296986411,8271.897042720379,8020.055496801983
2023-07-20 20:00:00,6118.040296986411,8257.07451470117,7984.278266308661
2023-07-21 00:00:00,6118.040296986411,8274.67626672398,7995.022088843795
2023-07-21 04:00:00,6118.040296986411,8293.513229415059,8018.808784569524
2023-07-21 08:00:00,6118.040296986411,8262.324160041306,7967.328196244926
2023-07-21 12:00:00,6118.040296986411,8276.837885393448,7988.415747494931
2023-07-21 16:00:00,6118.040296986411,8300.615690757599,8001.443436439435
2023-07-21 20:00:00,6118.040296986411,8295.983650751596,8048.918125959145
2023-07-22 00:00:00,6118.040296986411,8298.762874755197,8020.941415929969
2023-07-22 04:00:00,6118.040296986411,8299.38048008933,8049.601148224376
2023-07-22 08:00:00,6118.040296986411,8320.996666784013,8055.525371212419
2023-07-22 12:00:00,6118.040296986411,8299.998085423464,8025.264199529148
2023-07-22 16:00:00,6118.040296986411,8311.114981437871,8036.993743606886
2023-07-22 20:00:00,6118.040296986411,8278.381898728783,7980.974462337529
2023-07-23 00:00:00,6118.040296986411,8278.073096061717,7879.779723238892
2023-07-23 04:00:00,6118.040296986411,8278.999504062916,7865.816830756372
2023-07-23 08:00:00,6118.040296986411,8308.644560101337,7921.456988987174
2023-07-23 12:00:00,6118.040296986411,8298.45407208813,7914.68891794876
2023-07-23 16:00:00,6118.040296986411,8305.556533430668,7916.045177673083
2023-07-23 20:00:00,6118.040296986411,8349.715314821231,7976.320315957347
2023-07-24 00:00:00,6105.804216392438,8360.832210835639,7958.000029831892
2023-07-24 04:00:00,6067.962527144972,8255.221698698768,7850.766004112877
2023-07-24 08:00:00,6067.962527144972,8317.908640113343,7929.264105265472
2023-07-24 12:00:00,6067.962527144972,8141.891119885225,7731.427075749279
2023-07-24 16:00:00,6067.962527144972,8103.908391835998,7670.242505328833
2023-07-24 20:00:00,6067.962527144972,8135.097461209753,7711.7659117906205
2023-07-25 00:00:00,6067.962527144972,8151.155199897231,7722.31019845026
2023-07-25 04:00:00,6067.962527144972,8123.980565195346,7709.386642411958
2023-07-25 08:00:00,6067.962527144972,8134.479855875619,7688.8373501428005
2023-07-25 12:00:00,6067.962527144972,8140.34710654989,7707.266815385273
2023-07-25 16:00:00,6067.962527144972,8161.03688524337,7726.816285959815
2023-07-25 20:00:00,6067.962527144972,8164.742517248173,7715.645456924257
2023-07-26 00:00:00,6067.962527144972,8172.462583924845,7737.637366140232
2023-07-26 04:00:00,6067.962527144972,8169.683359921243,7756.332098733729
2023-07-26 08:00:00,6067.962527144972,8147.758370559495,7737.000478823052
2023-07-26 12:00:00,6067.962527144972,8140.34710654989,7763.636103914147
2023-07-26 16:00:00,6055.826602090682,8174.00659726018,7895.391021831673
2023-07-26 20:00:00,6090.881267181063,8183.270677272186,7955.520468321582
2023-07-27 00:00:00,6077.129052414837,8182.961874605118,7940.111504345677
2023-07-27 04:00:00,6050.253809178877,8186.6675066099215,7908.689691067402
2023-07-27 08:00:00,6052.231251825002,8170.609767922444,7893.067184623299
2023-07-27 12:00:00,6082.611961569999,8187.285111944055,7942.901711839262
2023-07-27 16:00:00,6074.483417157651,8217.547773316608,7977.867508178409
2023-07-27 20:00:00,6061.695806658503,8207.974890637535,7958.561877079593
2023-07-28 00:00:00,6065.064251085723,8207.048482636335,7962.186886876746
2023-07-28 04:00:00,6061.156504118651,8219.709391986076,7961.7991121159885
2023-07-28 08:00:00,6037.937994701858,8205.504469301,7928.003366874201
2023-07-28 12:00:00,6027.423786748329,8194.387573286593,7911.104710723959
2023-07-28 16:00:00,6072.684646238019,8223.41502399088,7977.598131320932
2023-07-28 20:00:00,6060.64022284799,8215.38615464714,7959.8632473133985
2023-07-29 00:00:00,6046.610686304287,8207.974890637535,7940.018895299584
2023-07-29 04:00:00,6056.9360602697325,8224.959037326214,7973.325415561686
2023-07-29 08:00:00,6051.303796811038,8207.666087970469,7965.74054834839
2023-07-29 12:00:00,6035.198308352627,8195.005178620726,7945.068442319457
2023-07-29 16:00:00,6052.282557116375,8211.371719975272,7967.155409469983
2023-07-29 20:00:00,6075.94624632597,8220.018194653143,7997.456755482036
2023-07-30 00:00:00,6070.23295796939,8220.326997320211,7990.4347128173695
2023-07-30 04:00:00,6053.218623582598,8206.122074635134,7968.528821673893
2023-07-30 08:00:00,6040.252291888665,8207.974890637535,7952.155416640965
2023-07-30 12:00:00,6050.76463842795,8216.312562648342,7965.655272910331
2023-07-30 16:00:00,6031.189218676764,8220.326997320211,7956.407758128688
2023-07-30 20:00:00,5981.124476370867,8177.712229264982,7850.257779314784
2023-07-31 00:00:00,5981.124476370867,8200.872429294997,7861.056888940133
2023-07-31 04:00:00,5969.162227418126,8246.575224020895,7935.917428481441
2023-07-31 08:00:00,5964.7574799413005,8228.35586666395,7898.559350280807
2023-07-31 12:00:00,5965.504047310254,8231.443893334617,7900.037690590315
2023-07-31 16:00:00,5945.474988622496,8197.78440262433,7825.752900405904
2023-07-31 20:00:00,5945.474988622496,8186.976309276988,7799.786895691911
2023-08-01 00:00:00,5945.474988622496,8207.048482636335,7813.467539073642
2023-08-01 04:00:00,5945.474988622496,8107.614023840802,7707.798436491051
2023-08-01 08:00:00,5945.474988622496,8139.7295012157565,7744.146654405847
2023-08-01 12:00:00,5945.474988622496,8119.039722522276,7716.977933444131
2023-08-01 16:00:00,5945.474988622496,8147.449567892428,7727.93044630657
2023-08-01 20:00:00,5945.474988622496,8224.34143199208,7808.780912352057
2023-08-02 00:00:00,5933.584038645251,8316.364626778008,7891.731341032521
2023-08-02 04:00:00,5934.172750537482,8318.835048114544,7855.470729279373
2023-08-02 08:00:00,5928.874343507407,8296.601256085729,7830.844638779013
2023-08-02 12:00:00,5933.731216618309,8316.982232112143,7858.584349471848
2023-08-02 16:00:00,5921.956978773698,8267.573805381442,7786.152637269321
2023-08-02 20:00:00,5912.831944444126,8229.282274665149,7769.859984378402
2023-08-03 00:00:00,5913.052711403712,8230.20868266635,7761.0216968383775
2023-08-03 04:00:00,5914.745258093874,8237.311144008889,7778.3575688100855
2023-08-03 08:00:00,5895.652595538973,8206.4308773022,7706.5047728817935
2023-08-03 12:00:00,5895.652595538973,8226.811853328614,7723.524278133417
2023-08-03 16:00:00,5895.652595538973,8239.16396001129,7726.023427109142
2023-08-03 20:00:00,5895.652595538973,8262.632962708372,7753.758913705767
2023-08-04 00:00:00,5895.652595538973,8232.679104002886,7698.869822483964
2023-08-04 04:00:00,5895.652595538973,8221.871010655545,7706.5501570010065
2023-08-04 08:00:00,5895.652595538973,8236.384736007689,7735.436096902049
2023-08-04 12:00:00,5895.652595538973,8232.370301335819,7731.536119047184
2023-08-04 16:00:00,5895.652595538973,8191.299546615925,7741.759950709637
2023-08-04 20:00:00,5895.652595538973,8140.964711884024,7665.198854593774
2023-08-05 00:00:00,5895.652595538973,8164.742517248173,7660.943249054306
2023-08-05 04:00:00,5895.652595538973,8151.155199897231,7643.445532803286
2023-08-05 08:00:00,5895.652595538973,8141.582317218157,7647.649152524638
2023-08-05 12:00:00,5895.652595538973,8149.9199892289635,7657.88980320254
2023-08-05 16:00:00,5895.652595538973,8147.140765225361,7638.3085480419395
2023-08-05 20:00:00,5895.652595538973,8151.772805231364,7642.908923936396
2023-08-06 00:00:00,5895.652595538973,8159.492871908036,7658.225622635492
2023-08-06 04:00:00,5895.652595538973,8154.860831902033,7669.44823038429
2023-08-06 08:00:00,5895.652595538973,8165.05131991524,7688.82509879396
2023-08-06 12:00:00,5895.652595538973,8156.713647904434,7705.397667752431
2023-08-06 16:00:00,5895.652595538973,8138.803093214556,7676.27813049666
2023-08-06 20:00:00,5895.652595538973,8159.492871908036,7703.222608510129
2023-08-07 00:00:00,5895.652595538973,8155.787239903234,7695.245170535239
2023-08-07 04:00:00,5883.861290347895,8181.417861269784,7732.847945435805
2023-08-07 08:00:00,5868.548630130921,8157.022450571501,7703.027612540741
2023-08-07 12:00:00,5865.393294086211,8168.448149252976,7700.026422482074
2023-08-07 16:00:00,5818.105386432162,8091.247482486257,7608.262265944618
2023-08-07 20:00:00,5818.105386432162,8170.918570589511,7674.285221895637
2023-08-08 00:00:00,5818.105386432162,8181.417861269784,7700.799194491557
2023-08-08 04:00:00,5806.469175659298,8193.76996795246,7714.985183803433
2023-08-08 08:00:00,5806.980805237764,8195.931586621928,7727.909602950688
2023-08-08 12:00:00,5805.916658144501,8288.881189409056,7798.784792064665
2023-08-08 16:00:00,5846.700941555126,8322.23187745228,7851.548063884747
2023-08-08 20:00:00,5956.614136805256,8414.255072238208,7994.23791305093
2023-08-09 00:00:00,5911.380889541488,8373.801922852448,7935.511242643198
2023-08-09 04:00:00,5903.887712535541,8354.6561574943,7925.016796953611
2023-08-09 08:00:00,5937.01733105421,8373.801922852448,7967.606122650745
2023-08-09 12:00:00,5971.7848683676375,8404.373386892068,8012.79020024757
2023-08-09 16:00:00,5927.981428483304,8372.875514851246,7955.565972517519
2023-08-09 20:00:00,5881.999373397741,8266.338594713176,7893.7128929281525
2023-08-10 00:00:00,5903.135829120927,8319.143850781611,7922.664096485826
2023-08-10 04:00:00,5886.750155224494,8312.041389439073,7901.687208356267
2023-08-10 08:00:00,5873.192977962321,8268.80901604971,7882.175602417371
2023-08-10 12:00:00,5872.438959996705,8262.324160041306,7880.7559488700435
2023-08-10 16:00:00,5885.302297263388,8252.751277362233,7896.848483675698
2023-08-10 20:00:00,5903.815379997853,8276.529082726382,7921.158692730228
2023-08-11 00:00:00,5909.623262804818,8276.529082726382,7928.53050759014
2023-08-11 04:00:00,5891.636119716096,8252.751277362233,7919.054649813652
2023-08-11 08:00:00,5869.9695585423515,8251.516066693965,7891.874285782776
2023-08-11 12:00:00,5879.668172048624,8266.029792046107,7909.050961052843
2023-08-11 16:00:00,5883.960699710662,8279.61710939705,7919.01903873108
2023-08-11 20:00:00,5867.166007020008,8279.308306729983,7912.398205515256
2023-08-12 00:00:00,5882.48807511082,8289.498794743191,7939.933190307168
2023-08-12 04:00:00,5856.006313920783,8284.557952070121,7921.564323920312
2023-08-12 08:00:00,5856.006313920783,8295.057242750394,7941.9203813486965
2023-08-12 12:00:00,5856.006313920783,8303.086112094134,7946.484580140707
2023-08-12 16:00:00,5856.006313920783,8309.26216543547,7960.297633903174
2023-08-12 20:00:00,5856.006313920783,8297.527664086929,7960.567210715322
2023-08-13 00:00:00,5844.294301292942,8308.026954767203,7982.721223880443
2023-08-13 04:00:00,5843.349936462443,8297.527664086929,7978.299930109794
2023-08-13 08:00:00,5831.8458558000075,8299.071677422264,7962.182891761165
2023-08-13 12:00:00,5830.7297882730545,8294.130834749194,7960.648151042507
2023-08-13 16:00:00,5819.740815699983,8289.807597410258,7940.103397413997
2023-08-13 20:00:00,5814.09890925573,8303.3949147612,7968.23008535855
2023-08-14 00:00:00,5737.432528533171,8264.485778710774,7883.588981845184
2023-08-14 04:00:00,5737.432528533171,8296.292453418662,7923.115980788824
2023-08-14 08:00:00,5737.432528533171,8287.954781407856,7919.977029054019
2023-08-14 12:00:00,5737.432528533171,8291.66041341266,7933.1691959752525
2023-08-14 16:00:00,5725.957663476104,8354.6561574943,7999.836809135892
2023-08-14 20:00:00,5702.959441047371,8304.012520095333,7975.247844211842
2023-08-15 00:00:00,5691.553522165276,8319.143850781611,8021.151780755521
2023-08-15 04:00:00,5674.247103434045,8306.174138764802,7991.656138723355
2023-08-15 08:00:00,5665.511482550662,8302.777309427067,7973.263248183029
2023-08-15 12:00:00,5661.7205527333435,8278.381898728783,7953.354992466396
2023-08-15 16:00:00,5651.666347565676,8276.529082726382,7939.97119287268
2023-08-15 20:00:00,5592.8240294103825,8252.133672028098,7856.83964130607
2023-08-16 00:00:00,5592.8240294103825,8258.00092270237,7842.298313204276
2023-08-16 04:00:00,5592.8240294103825,8261.706554707172,7823.350495433581
2023-08-16 08:00:00,5592.8240294103825,8240.399170679557,7783.299665041602
2023-08-16 12:00:00,5592.8240294103825,8233.605512004086,7788.5419849680975
2023-08-16 16:00:00,5592.8240294103825,8227.738261329816,7739.590413492556
2023-08-16 20:00:00,5592.8240294103825,8251.207264026898,7786.205502386287
2023-08-17 00:00:00,5592.8240294103825,8150.537594563097,7678.931053393967
2023-08-17 04:00:00,5592.8240294103825,8135.097461209753,7715.410257179968
2023-08-17 08:00:00,5592.8240294103825,8112.554866513871,7703.626052791236
2023-08-17 12:00:00,5592.8240294103825,8077.9689678023815,7649.6434280084095
2023-08-17 16:00:00,5592.8240294103825,7926.346858272545,7518.354930609025
2023-08-17 20:00:00,5592.8240294103825,7913.685948922804,7532.474936969932
2023-08-18 00:00:00,5592.8240294103825,7567.826961807904,7198.038375499766
2023-08-18 04:00:00,5592.8240294103825,7493.714321711854,7151.646401089639
2023-08-18 08:00:00,5592.8240294103825,7504.8312177262615,7228.237751107926
2023-08-18 12:00:00,5592.8240294103825,7531.079444426946,7227.570551438617
2023-08-18 16:00:00,5592.8240294103825,7378.839729562977,7091.4435492996045
2023-08-18 20:00:00,5592.8240294103825,7399.838310923524,7065.089960319673
2023-08-19 00:00:00,5592.8240294103825,7407.249574933129,7080.954797630516
2023-08-19 04:00:00,5592.8240294103825,7383.162966901913,7077.960750685063
2023-08-19 08:00:00,5592.8240294103825,7364.326004210833,7119.059992492911
2023-08-19 12:00:00,5592.8240294103825,7368.958044216836,7106.803903789255
2023-08-19 16:00:00,5592.8240294103825,7464.686871007568,7209.282784538161
2023-08-19 20:00:00,5592.8240294103825,7445.232302982355,7179.581730110687
2023-08-20 00:00:00,5592.8240294103825,7434.733012302081,7169.677469504902
2023-08-20 04:00:00,5592.8240294103825,7433.188998966746,7153.947234103066
2023-08-20 08:00:00,5592.8240294103825,7427.630550959542,7144.700264310838
2023-08-20 12:00:00,5592.8240294103825,7456.040396329695,7194.534733077096
2023-08-20 16:00:00,5592.8240294103825,7430.718577630211,7158.449927825404
2023-08-20 20:00:00,5592.8240294103825,7437.821038972749,7166.952308257923
2023-08-21 00:00:00,5592.8240294103825,7440.600262976352,7171.653765996462
2023-08-21 04:00:00,5592.8240294103825,7408.175982934329,7108.299697043639
2023-08-21 08:00:00,5592.8240294103825,7380.383742898311,7076.740778093301
2023-08-21 12:00:00,5592.8240294103825,7370.193254885104,7057.184429960124
2023-08-21 16:00:00,5592.8240294103825,7354.75312153176,6984.7481135170365
2023-08-21 20:00:00,5592.8240294103825,7401.691126925925,7081.842952856222
2023-08-22 00:00:00,5592.8240294103825,7408.484785601397,7064.689635010241
2023-08-22 04:00:00,5592.8240294103825,7375.134097558174,7026.89534560206
2023-08-22 08:00:00,5592.8240294103825,7378.530926895909,7037.062590780942
2023-08-22 12:00:00,5592.8240294103825,7390.883033578584,7024.615352369413
2023-08-22 16:00:00,5592.8240294103825,7383.780572236046,6999.143873675198
2023-08-22 20:00:00,5592.8240294103825,7336.533764174815,6883.472610705785
2023-08-23 00:00:00,5592.8240294103825,7414.660838942734,6972.759579362731
2023-08-23 04:00:00,5592.8240294103825,7390.265428244451,6956.919681879266
2023-08-23 08:00:00,5592.8240294103825,7431.953788298479,7021.719596721053
2023-08-23 12:00:00,5592.8240294103825,7410.646404270865,7002.952548607368
2023-08-23 16:00:00,5592.8240294103825,7435.041814969148,7043.9872750788845
2023-08-23 20:00:00,5570.452733292741,7573.385409815108,7190.0234507239265
2023-08-24 00:00:00,5546.485377763873,7511.624876401733,7182.675930191359
2023-08-24 04:00:00,5541.194958251177,7509.154455065198,7180.212409753561
2023-08-24 08:00:00,5549.525327982287,7533.241063096414,7190.151356308158
2023-08-24 12:00:00,5528.867581636632,7526.138601753875,7182.458299247165
2023-08-24 16:00:00,5395.811645208116,7411.264009604998,7040.153488324056
2023-08-24 20:00:00,5390.521556703552,7442.76188164582,7057.978294071121
2023-08-25 00:00:00,5402.013817937604,7485.376649701048,7104.590927147458
2023-08-25 04:00:00,5366.866652330131,7476.730175023175,7067.59134876933
2023-08-25 08:00:00,5366.866652330131,7443.379486979953,7033.999536538714
2023-08-25 12:00:00,5366.866652330131,7459.128423000364,7047.542612314231
2023-08-25 16:00:00,5366.866652330131,7428.86576162781,7000.304041566552
2023-08-25 20:00:00,5366.866652330131,7424.542524288874,6978.725124063902
2023-08-26 00:00:00,5366.866652330131,7452.025961657826,7015.552380977447
2023-08-26 04:00:00,5366.866652330131,7460.672436335698,7020.344787144084
2023-08-26 08:00:00,5366.866652330131,7454.496382994361,7008.981615601556
2023-08-26 12:00:00,5366.866652330131,7453.56997499316,7002.110236081192
2023-08-26 16:00:00,5366.866652330131,7453.878777660227,7013.8103134604
2023-08-26 20:00:00,5366.866652330131,7448.62913232009,6997.587003242256
2023-08-27 00:00:00,5366.866652330131,7442.144276311686,6995.807365868996
2023-08-27 04:00:00,5366.866652330131,7440.600262976352,6995.831902211928
2023-08-27 08:00:00,5366.866652330131,7452.334764324893,7011.093537115584
2023-08-27 12:00:00,5366.866652330131,7460.054831001565,7032.568663171674
2023-08-27 16:00:00,5366.866652330131,7476.421372356109,7061.824943609411
2023-08-27 20:00:00,5366.866652330131,7477.038977690243,7069.447646233503
2023-08-28 00:00:00,5366.866652330131,7460.672436335698,7063.22765766678
2023-08-28 04:00:00,5366.866652330131,7428.86576162781,7000.349146250932
2023-08-28 08:00:00,5366.866652330131,7409.719996269664,6978.6175412304265
2023-08-28 12:00:00,5366.866652330131,7429.174564294877,6979.88843657668
2023-08-28 16:00:00,5366.866652330131,7452.025961657826,7016.520125616215
2023-08-28 20:00:00,5366.866652330131,7414.660838942734,6985.590827019121
2023-08-29 00:00:00,5366.866652330131,7444.305894981154,7016.3288672033295
2023-08-29 04:00:00,5366.866652330131,7422.072102952339,6995.612457574164
2023-08-29 08:00:00,5366.866652330131,7410.9552069379315,6964.757070780802
2023-08-29 12:00:00,5366.866652330131,7418.675273614604,6954.811838337192
2023-08-29 16:00:00,5334.857507286413,7807.766634118866,7297.3188936391625
2023-08-29 20:00:00,5386.681888628173,7890.216946225722,7368.087985188549
2023-08-30 00:00:00,5398.860473098737,7870.7623782005085,7381.741650489098
2023-08-30 04:00:00,5350.436271775481,7782.753618086449,7315.389950308786
2023-08-30 08:00:00,5353.926421064092,7797.884948772726,7320.52359511333
2023-08-30 12:00:00,5320.249726817523,7751.564548712694,7275.686155594368
2023-08-30 16:00:00,5218.403529916722,7687.333593962784,7155.566556438672
2023-08-30 20:00:00,5216.786559514656,7685.171975293316,7141.360879349656
2023-08-31 00:00:00,5224.549640090673,7707.405767322131,7164.572019788409
2023-08-31 04:00:00,5204.823071895187,7695.980068640657,7137.547255142183
2023-08-31 08:00:00,5212.20797985101,7728.404348682679,7184.089451991811
2023-08-31 12:00:00,5219.311557979945,7759.593418056433,7224.691242878132
2023-08-31 16:00:00,5197.93049113642,7665.717407268103,7112.400594935583
2023-08-31 20:00:00,5138.23792846722,7448.320329653023,6942.216387979462
2023-09-01 00:00:00,5138.23792846722,7391.191836245652,6896.294515526296
2023-09-01 04:00:00,5138.23792846722,7429.7921696290105,6933.726022566053
2023-09-01 08:00:00,5138.23792846722,7393.662257582187,6897.949993066221
2023-09-01 12:00:00,5138.23792846722,7423.307313620607,6922.5076084231605
2023-09-01 16:00:00,5138.23792846722,7387.177401573782,6866.008574745466
2023-09-01 20:00:00,5138.23792846722,7346.1066468538875,6822.787580981436
2023-09-02 00:00:00,5138.23792846722,7397.985494921122,6860.0146720454095
2023-09-02 04:00:00,5138.23792846722,7393.662257582187,6889.050082291659
2023-09-02 08:00:00,5138.23792846722,7397.059086919922,6893.620787957811
2023-09-02 12:00:00,5138.23792846722,7402.617534927126,6896.911575871015
2023-09-02 16:00:00,5138.23792846722,7424.233721621807,6903.667119700855
2023-09-02 20:00:00,5138.23792846722,7406.323166931928,6878.233959382046
2023-09-03 00:00:00,5138.23792846722,7411.881614939132,6895.841291034486
2023-09-03 04:00:00,5138.23792846722,7414.0432336086005,6902.787957656995
2023-09-03 08:00:00,5138.23792846722,7442.144276311686,6908.6035675478915
2023-09-03 12:00:00,5138.23792846722,7434.4242096350135,6891.151951135321
2023-09-03 16:00:00,5138.23792846722,7412.808022940332,6873.40557375799
2023-09-03 20:00:00,5138.23792846722,7448.937934987157,6909.5644382031305
2023-09-04 00:00:00,5138.23792846722,7443.070684312886,6911.474800733571
2023-09-04 04:00:00,5138.23792846722,7440.600262976352,6931.193827030161
2023-09-04 08:00:00,5138.23792846722,7425.160129623007,6919.327227535671
2023-09-04 12:00:00,5138.23792846722,7400.764718924725,6877.168725375626
2023-09-04 16:00:00,5138.23792846722,7381.618953566578,6847.210706709486
2023-09-04 20:00:00,5138.23792846722,7406.631969598995,6866.852896300594
2023-09-05 00:00:00,5138.23792846722,7388.103809574983,6873.914801059253
2023-09-05 04:00:00,5138.23792846722,7351.665094861091,6809.986805902951
2023-09-05 08:00:00,5138.23792846722,7382.545361567779,6858.711734752912
2023-09-05 12:00:00,5127.961452610285,7410.9552069379315,6908.6353885090075
2023-09-05 16:00:00,5121.860908017517,7411.264009604998,7007.495098538952
2023-09-05 20:00:00,5102.672659234517,7389.647822910317,6975.500047861229
2023-09-06 00:00:00,5110.456751642319,7424.542524288874,6997.357461563567
2023-09-06 04:00:00,5090.393394955037,7409.10239093553,6966.74640309529
2023-09-06 08:00:00,5046.774784941005,7400.764718924725,6921.309234436517
2023-09-06 12:00:00,5048.462773747991,7389.956625577383,6916.807260008516
2023-09-06 16:00:00,5043.398807327032,7371.428465553371,6876.918704295503
2023-09-06 20:00:00,5048.575306335124,7389.647822910317,6898.993603861963
2023-09-07 00:00:00,5052.176349123362,7414.9696416098,6924.717333849274
2023-09-07 04:00:00,5059.490967286971,7435.350617636214,6953.760641413787
2023-09-07 08:00:00,5054.764598627408,7418.057668280469,6920.599390740782
2023-09-07 12:00:00,5046.774784941005,7410.337601603797,6891.1240573802315
2023-09-07 16:00:00,5052.4014142976275,7431.953788298479,6920.24222522234
2023-09-07 20:00:00,5051.618135791561,7466.5396870099685,6964.381411549771
2023-09-08 00:00:00,5086.925885074648,7576.473436485776,7042.289450203828
2023-09-08 04:00:00,5078.264721239784,7558.562881795898,7034.701728307983
2023-09-08 08:00:00,5079.376814619612,7565.974145805502,7029.530560327431
2023-09-08 12:00:00,5013.711925938402,7455.113988328494,6926.951747428436
2023-09-08 16:00:00,5013.711925938402,7450.173145655424,6924.24795560705
2023-09-08 20:00:00,5013.711925938402,7475.494964354908,6949.072238218988
2023-09-09 00:00:00,5013.711925938402,7480.744609695045,6957.92390430704
2023-09-09 04:00:00,5013.711925938402,7469.936516347704,6945.870891390351
2023-09-09 08:00:00,5013.711925938402,7474.568556353707,6940.784457433546
2023-09-09 12:00:00,5013.711925938402,7468.083700345303,6948.9167265088945
2023-09-09 16:00:00,5013.711925938402,7477.656583024376,6950.264370886073
2023-09-09 20:00:00,5013.711925938402,7471.789332350106,6936.441873777109
2023-09-10 00:00:00,5013.711925938402,7478.582991025577,6940.054616035527
2023-09-10 04:00:00,5013.711925938402,7462.834055005166,6902.30602655645
2023-09-10 08:00:00,5013.711925938402,7469.6277136806375,6830.604568497347
2023-09-10 12:00:00,5013.711925938402,7445.541105649421,6801.426377279348
2023-09-10 16:00:00,5013.711925938402,7443.070684312886,6779.229509407821
2023-09-10 20:00:00,5013.711925938402,7449.864342988358,6773.51559637073
2023-09-11 00:00:00,5013.711925938402,7447.393921651823,6769.883195560023
2023-09-11 04:00:00,5013.711925938402,7414.9696416098,6763.346388843103
2023-09-11 08:00:00,5013.711925938402,7431.953788298479,6745.026671047168
2023-09-11 12:00:00,5013.711925938402,7372.6636762216385,6633.746866775028
2023-09-11 16:00:00,5013.711925938402,7218.879948022335,6556.418381678471
2023-09-11 20:00:00,5013.711925938402,7189.234891983915,6479.540911692317
2023-09-12 00:00:00,5013.711925938402,7226.908817366074,6534.238426381696
2023-09-12 04:00:00,5013.711925938402,7411.264009604998,6693.992812955034
2023-09-12 08:00:00,5013.711925938402,7442.144276311686,6687.6094210458095
2023-09-12 12:00:00,5003.684502086525,7515.639311073602,6789.216592789212
2023-09-12 16:00:00,5010.001941169254,7544.049156443754,6753.219840288718
2023-09-12 20:00:00,5001.075125074094,7503.904809725061,6720.195594777157
2023-09-13 00:00:00,4982.397479090375,7419.910484282871,6679.567715833814
2023-09-13 04:00:00,4985.487530815622,7433.80660430088,6665.703073852931
2023-09-13 08:00:00,4986.448880241255,7438.129841639817,6665.841324378425
2023-09-13 12:00:00,5008.903256111387,7539.108313770685,6765.507796633697
2023-09-13 16:00:00,5012.130643468869,7553.622039122827,6801.608239871239
2023-09-13 20:00:00,5006.2938790989565,7527.373812422144,6777.217375809106
2023-09-14 00:00:00,4999.6392848844935,7542.50514310842,6802.240740556781
2023-09-14 04:00:00,5040.500055103166,7553.3132364557605,6867.806534703709
2023-09-14 08:00:00,5028.008184247995,7577.708647154044,6870.229165093489
2023-09-14 12:00:00,5042.054732826035,7607.044900525397,6889.626940994603
2023-09-14 16:00:00,5116.648067234466,7730.565967352147,6991.728281953542
2023-09-14 20:00:00,5127.926776617509,7735.5068100252165,7006.163250511266
2023-09-15 00:00:00,5094.686346201379,7699.068095311326,6962.5975074227035
2023-09-15 04:00:00,5132.797190347385,7722.537098008408,7010.246162636203
2023-09-15 08:00:00,5108.674448329038,7694.74485797239,6977.3843297334715
2023-09-15 12:00:00,5086.584696193264,7654.9093139207625,6946.621043371843
2023-09-15 16:00:00,5062.985569929688,7616.926585871537,6915.890111191252
2023-09-15 20:00:00,5063.416787610164,7650.894879248893,6920.1998495076505
2023-09-16 00:00:00,5131.072592635898,7700.920911313727,7008.119413680323
2023-09-16 04:00:00,5138.479649526796,7706.170556653864,7016.365111618653
2023-09-16 08:00:00,5111.752602024238,7672.511065943574,6981.524250547238
2023-09-16 12:00:00,5118.599367615662,7679.613527286113,6990.049994288592
2023-09-16 16:00:00,5098.221952678993,7671.893460609441,6965.316089465587
2023-09-16 20:00:00,5103.835840216865,7685.171975293316,6972.664163181964
2023-09-17 00:00:00,5116.4429393363935,7692.274436635855,6988.202079416937
2023-09-17 04:00:00,5094.480447790197,7673.7462766118415,6959.0797728435255
2023-09-17 08:00:00,5087.769886657955,7673.128671277708,6951.614125648115
2023-09-17 12:00:00,5106.9226105003245,7691.656831301721,6975.657956342332
2023-09-17 16:00:00,5094.951172662842,7685.78958062745,6961.138513430697
2023-09-17 20:00:00,5066.102087764807,7673.7462766118415,6949.078510675258
2023-09-18 00:00:00,5066.926101558206,7677.451908616645,6932.985407540085
2023-09-18 04:00:00,5077.226273975698,7723.7723086766755,7006.680775040137
2023-09-18 08:00:00,5079.42364409143,7733.653994022816,7004.782280139088
2023-09-18 12:00:00,5090.698155175394,7874.468010205311,7130.628519296225
2023-09-18 16:00:00,5110.946477457727,7869.835970199308,7154.347717577247
2023-09-18 20:00:00,5058.189990396753,7755.270180717497,7079.638374599052
2023-09-19 00:00:00,5017.960263167863,7731.492375353348,7052.271973715219
2023-09-19 04:00:00,5041.138521163384,7752.799759380962,7085.199107693829
2023-09-19 08:00:00,5029.776629989109,7753.417364715096,7073.71745288311
2023-09-19 12:00:00,5063.135142476781,7850.381402174095,7159.237042251102
2023-09-19 16:00:00,5050.922465391713,7934.684530283351,7204.260029773663
2023-09-19 20:00:00,5017.758838228693,7863.351114190903,7139.668706014021
2023-09-20 00:00:00,5024.889073941336,7863.968719525037,7146.797220502874
2023-09-20 04:00:00,5008.153505935785,7837.411690157285,7116.84117237987
2023-09-20 08:00:00,5009.037057413494,7832.162044817149,7110.7992016078715
2023-09-20 12:00:00,5016.283107887314,7821.353951469808,7108.928211056608
2023-09-20 16:00:00,5028.402831950002,7834.323663486617,7122.781288183037
2023-09-20 20:00:00,5025.498339416031,7803.134594112862,7107.553720643365
2023-09-21 00:00:00,5050.370061902006,7865.821535527438,7153.733125664717
2023-09-21 04:00:00,5040.719362075141,7842.661335497422,7145.675328727116
2023-09-21 08:00:00,5009.996168093968,7820.427543468608,7093.224535105795
2023-09-21 12:00:00,4952.711891719942,7760.211023390567,7012.606605661059
2023-09-21 16:00:00,4952.711891719942,7699.068095311326,6970.449025059671
2023-09-21 20:00:00,4952.711891719942,7704.626543318529,6984.460018414088
2023-09-22 00:00:00,4952.711891719942,7696.59767397479,6953.757804412833
2023-09-22 04:00:00,4952.711891719942,7723.7723086766755,7009.383470776672
2023-09-22 08:00:00,4952.711891719942,7735.19800735815,7007.303128009281
2023-09-22 12:00:00,4952.711891719942,7736.433218026417,7023.357344439529
2023-09-22 16:00:00,4952.711891719942,7712.0378073281345,6971.916438019253
2023-09-22 20:00:00,4952.711891719942,7695.053660639456,6962.0969150123165
2023-09-23 00:00:00,4952.711891719942,7710.4937939928,6976.143622269571
2023-09-23 04:00:00,4952.711891719942,7697.215279308924,6958.502343727658
2023-09-23 08:00:00,4952.711891719942,7714.508228664669,6989.168778226165
2023-09-23 12:00:00,4952.711891719942,7713.5818206634685,6988.950014198036
2023-09-23 16:00:00,4952.711891719942,7716.052242000003,6960.735738812647
2023-09-23 20:00:00,4952.711891719942,7719.449071337739,6984.994687228149
2023-09-24 00:00:00,4952.711891719942,7716.978650001204,6987.137878829129
2023-09-24 04:00:00,4952.711891719942,7712.964215329335,6990.09284730938
2023-09-24 08:00:00,4952.711891719942,7712.346609995201,6995.618320241077
2023-09-24 12:00:00,4952.711891719942,7720.37547933894,7003.036550749328
2023-09-24 16:00:00,4952.711891719942,7718.522663336539,6987.203551854956
2023-09-24 20:00:00,4952.711891719942,7678.378316617845,6958.224984187008
2023-09-25 00:00:00,4952.711891719942,7608.897716527798,6914.0961371149815
2023-09-25 04:00:00,4952.711891719942,7586.97272716605,6909.440617944922
2023-09-25 08:00:00,4952.711891719942,7596.545609845123,6925.486701992635
2023-09-25 12:00:00,4952.711891719942,7573.385409815108,6910.261469795847
2023-09-25 16:00:00,4952.711891719942,7648.115655245291,6981.355147078222
2023-09-25 20:00:00,4952.711891719942,7678.378316617845,6993.262141886623
2023-09-26 00:00:00,4952.711891719942,7661.0853672621,6966.34918647973
2023-09-26 04:00:00,4942.8064679365025,7684.245567292116,6985.216373848382
2023-09-26 08:00:00,4941.1579817523325,7662.629380597435,6964.750681253578
2023-09-26 12:00:00,4940.278789120775,7653.056497918361,6963.3354225322855
2023-09-26 16:00:00,4936.322422278768,7625.881863216477,6931.083095381106
2023-09-26 20:00:00,4942.8064679365025,7662.938183264501,6964.066716399232
2023-09-27 00:00:00,4947.312330173233,7656.762129923164,6944.296627108641
2023-09-27 04:00:00,4950.279605304739,7678.069513950778,6957.669295822657
2023-09-27 08:00:00,4944.674752278562,7657.070932590231,6932.532899811699
2023-09-27 12:00:00,4977.889360123205,7832.4708474842155,7103.954760638689
2023-09-27 16:00:00,4930.5549408640445,7719.757874004807,6989.498673414907
2023-09-27 20:00:00,4925.206647587182,7708.023372656265,6987.565462074736
2023-09-28 00:00:00,4935.55019725833,7750.02053537736,7017.769139794922
2023-09-28 04:00:00,4943.5033896270625,7752.799759380962,7041.7093300074
2023-09-28 08:00:00,4959.858902685031,7768.239892734306,7062.429540483333
2023-09-28 12:00:00,4953.993985663914,7747.858916707892,7043.544294421038
2023-09-28 16:00:00,4999.7950808718915,7884.34969555145,7164.487405841389
2023-09-28 20:00:00,5026.264616707632,7922.3324236006765,7201.8927802546705
2023-09-29 00:00:00,5037.8494006966575,7892.378564895189,7214.519159239712
2023-09-29 04:00:00,5046.9922689728,7868.909562198107,7224.497260363462
2023-09-29 08:00:00,5085.52943198139,7905.039474244932,7280.543027709699
2023-09-29 12:00:00,5044.796852059148,7859.336679519034,7222.967404585654
2023-09-29 16:00:00,5068.835592870436,7839.882111493821,7253.7908770574895
2023-09-29 20:00:00,5061.897117779989,7863.042311523836,7245.3070885385305
2023-09-30 00:00:00,5066.417113274086,7854.3958368459635,7250.987708380578
2023-09-30 04:00:00,5067.50294950285,7865.203930193305,7253.443693990209
2023-09-30 08:00:00,5080.390930260586,7863.968719525037,7270.494902038084
2023-09-30 12:00:00,5082.006026330271,7870.453575533441,7273.53243404427
2023-09-30 16:00:00,5184.038579085017,7881.570471547849,7406.853397877007
2023-09-30 20:00:00,5178.41180049667,7890.525748892788,7399.500436910134
2023-10-01 00:00:00,5167.9028775786,7878.791247544247,7384.172553500927
2023-10-01 04:00:00,5161.5372289888255,7904.730671577864,7378.096883739789
2023-10-01 08:00:00,5187.052016108681,7919.862002264141,7412.380826007241
2023-10-01 12:00:00,5330.786288436181,7940.551780957622,7600.72063671464
2023-10-01 16:00:00,5327.078216383129,7923.258831601876,7594.1255969752965
2023-10-01 20:00:00,5290.202848924789,7916.773975593473,7545.171000087385
2023-10-02 00:00:00,5504.9499651690785,8175.85941326258,7846.366824490642
2023-10-02 04:00:00,5519.289913519854,8211.062917308203,7866.036223652101
2023-10-02 08:00:00,5555.101726598373,8270.044226717977,7916.060771912401
2023-10-02 12:00:00,5519.9795874178235,8262.324160041306,7870.356768843913
2023-10-02 16:00:00,5511.87226089485,8243.796000017293,7854.767948353993
2023-10-02 20:00:00,5467.806852435815,8232.370301335819,7808.640362841336
2023-10-03 00:00:00,5407.790170800179,8109.466839843202,7708.743384243614
2023-10-03 04:00:00,5441.5552880978175,8143.126330553492,7760.485899962432
2023-10-03 08:00:00,5446.571644995041,8113.481274515072,7756.246541732683
2023-10-03 12:00:00,5456.110284279175,8126.4509865318805,7760.840407177894
2023-10-03 16:00:00,5450.686857881985,8074.263335797578,7744.141981591926
2023-10-03 20:00:00,5398.284076709988,8047.397503762761,7688.887060514685
2023-10-04 00:00:00,5404.025670764929,8087.233047814388,7720.27967833487
2023-10-04 04:00:00,5366.792303257129,8091.247482486257,7650.238118291474
2023-10-04 08:00:00,5365.052426270783,8086.306639813187,7646.6582424035505
2023-10-04 12:00:00,5395.3262858332,8110.393247844403,7692.221390473976
2023-10-04 16:00:00,5317.379796844909,8044.927082426226,7546.112305130587
2023-10-04 20:00:00,5328.960070090629,8111.010853178537,7614.3256168501175
2023-10-05 00:00:00,5328.960070090629,8163.816109246973,7661.774014584138
2023-10-05 04:00:00,5328.960070090629,8117.495709186941,7637.704683927418
2023-10-05 08:00:00,5328.960070090629,8115.64289318454,7612.971262069022
2023-10-05 12:00:00,5328.960070090629,8135.715066543887,7639.84535642074
2023-10-05 16:00:00,5328.960070090629,8087.541850481454,7552.722962670619
2023-10-05 20:00:00,5328.960070090629,8048.632714431028,7523.3243842257425
2023-10-06 00:00:00,5328.960070090629,8029.795751739949,7500.908814350894
2023-10-06 04:00:00,5328.960070090629,8079.204178470649,7590.264264036009
2023-10-06 08:00:00,5328.960070090629,8088.777061149722,7615.637857028333
2023-10-06 12:00:00,5328.960070090629,8120.274933190543,7604.583078783675
2023-10-06 16:00:00,5328.960070090629,8146.523159891228,7652.39400867614
2023-10-06 20:00:00,5328.960070090629,8152.699213232565,7655.328350365239
2023-10-07 00:00:00,5328.960070090629,8153.934423900832,7651.087929071865
2023-10-07 04:00:00,5328.960070090629,8147.758370559495,7674.988975219232
2023-10-07 08:00:00,5328.960070090629,8145.596751890027,7653.569221618266
2023-10-07 12:00:00,5328.960070090629,8161.6544905775045,7653.167864779706
2023-10-07 16:00:00,5328.960070090629,8153.625621233766,7636.331915958086
2023-10-07 20:00:00,5328.960070090629,8137.259079879221,7594.624832591785
2023-10-08 00:00:00,5328.960070090629,8157.948858572702,7620.580251415493
2023-10-08 04:00:00,5318.302149950448,8190.373138614724,7662.920312547196
2023-10-08 08:00:00,5309.72962938375,8150.846397230163,7617.9435873985085
2023-10-08 12:00:00,5302.8984020571625,8119.348525189343,7581.73405040886
2023-10-08 16:00:00,5308.323200228276,8144.36154122176,7638.998679337569
2023-10-08 20:00:00,5309.461738116041,8149.611186561896,7627.734589871135
2023-10-09 00:00:00,5313.011297413189,8165.977727916441,7627.009422733982
2023-10-09 04:00:00,5315.3553460056455,8176.785821263781,7638.275792668701
2023-10-09 08:00:00,5313.346161497826,8167.521741251775,7598.981215736047
2023-10-09 12:00:00,5278.952137419162,8057.279189108901,7423.677192489168
2023-10-09 16:00:00,5278.952137419162,8045.544687760359,7418.238193679374
2023-10-09 20:00:00,5278.952137419162,8071.484111793977,7408.276462450606
2023-10-10 00:00:00,5278.952137419162,8055.426373106499,7376.808121243875
2023-10-10 04:00:00,5278.952137419162,8077.9689678023815,7407.2461484130845
2023-10-10 08:00:00,5278.952137419162,8081.365797140117,7438.876655593768
2023-10-10 12:00:00,5278.952137419162,8029.4869490728815,7380.792612137356
2023-10-10 16:00:00,5278.952137419162,7977.608101005647,7308.774603792285
2023-10-10 20:00:00,5278.952137419162,7981.313733010449,7317.202320326777
2023-10-11 00:00:00,5278.952137419162,7979.769719675115,7330.105087038503
2023-10-11 04:00:00,5278.952137419162,7874.468010205311,7266.843961861369
2023-10-11 08:00:00,5278.952137419162,7875.085615539444,7271.882492591306
2023-10-11 12:00:00,5278.952137419162,7923.876436936011,7321.8118754775
2023-10-11 16:00:00,5278.952137419162,7794.48811943499,7241.779879259847
2023-10-11 20:00:00,5278.952137419162,7788.312066093653,7230.168760000598
2023-10-12 00:00:00,5278.952137419162,7809.3106474542,7246.832587312311
2023-10-12 04:00:00,5278.952137419162,7803.134594112862,7202.093448550294
2023-10-12 08:00:00,5278.952137419162,7799.42896210806,7201.91482605099
2023-10-12 12:00:00,5278.952137419162,7801.281778110461,7175.360849856111
2023-10-12 16:00:00,5278.952137419162,7805.605015449398,7165.294482991536
2023-10-12 20:00:00,5278.952137419162,7826.294794142878,7159.516030012552
2023-10-13 00:00:00,5278.952137419162,7843.278940831557,7181.92064562227
2023-10-13 04:00:00,5278.952137419162,7838.95570349262,7161.308277649648
2023-10-13 08:00:00,5278.952137419162,7864.58632485917,7208.530418787182
2023-10-13 12:00:00,5278.952137419162,7871.688786201708,7230.159404129765
2023-10-13 16:00:00,5278.952137419162,7853.77823151183,7213.2440879243995
2023-10-13 20:00:00,5278.952137419162,7866.747943528639,7242.963887539899
2023-10-14 00:00:00,5278.952137419162,7894.540183564657,7286.973950878441
2023-10-14 04:00:00,5268.394233144323,7919.2443969300075,7325.370640344207
2023-10-14 08:00:00,5269.148369163955,7895.466591565858,7309.96128107825
2023-10-14 12:00:00,5258.674257780187,7899.789828904794,7295.152802756847
2023-10-14 16:00:00,5266.46699664971,7920.788410265342,7328.019973074729
2023-10-14 20:00:00,5265.461481956869,7899.17222357066,7317.735619926068
2023-10-15 00:00:00,5261.774594749782,7896.392999567059,7310.606106708044
2023-10-15 04:00:00,5259.595979581958,7903.18665824253,7310.420777379927
2023-10-15 08:00:00,5258.003914651626,7905.348276911998,7309.3207661750375
2023-10-15 12:00:00,5253.1439269695575,7895.157788898791,7301.136464601365
2023-10-15 16:00:00,5240.658786200105,7904.4218689107975,7284.648626091536
2023-10-15 20:00:00,5232.3846130260235,7949.198255635494,7326.296415681435
2023-10-16 00:00:00,5239.377950252522,7974.828877002045,7336.6836994773485
2023-10-16 04:00:00,5261.261039913173,7993.974642360191,7366.776776101897
2023-10-16 08:00:00,5367.4151412373285,8165.05131991524,7515.814408205485
2023-10-16 12:00:00,5386.337508704999,8128.921407868415,7539.776604082632
2023-10-16 16:00:00,5399.7457426413575,8218.782983984876,7561.280574478427
2023-10-16 20:00:00,5482.5491396619755,8316.982232112143,7676.160123450599
2023-10-17 00:00:00,5512.5170036176405,8343.539261479893,7717.375328374795
2023-10-17 04:00:00,5491.3399932839775,8276.837885393448,7686.377707908746
2023-10-17 08:00:00,5509.322575529717,8327.481522792415,7712.473624926276
2023-10-17 12:00:00,5490.446158291273,8299.071677422264,7686.058709800887
2023-10-17 16:00:00,5449.0016508368935,8299.689282756397,7644.574292864288
2023-10-17 20:00:00,5476.975816454755,8330.569549463085,7669.6131374827855
2023-10-18 00:00:00,5452.351630506122,8291.66041341266,7638.685097284698
2023-10-18 04:00:00,5467.758598437038,8330.569549463085,7663.229442798624
2023-10-18 08:00:00,5454.770785018587,8316.055824110941,7649.962704494483
2023-10-18 12:00:00,5446.676874451801,8294.43963741626,7651.633685665495
2023-10-18 16:00:00,5437.5381567070035,8284.866754737188,7633.182482622583
2023-10-18 20:00:00,5438.73086107586,8286.101965405454,7624.91974679443
2023-10-19 00:00:00,5418.6686242695005,8299.689282756397,7596.814594385999
2023-10-19 04:00:00,5421.223524157774,8281.161122732385,7578.122001800005
2023-10-19 08:00:00,5456.689172250473,8304.938928096533,7631.650208026466
2023-10-19 12:00:00,5490.291772845757,8327.481522792415,7674.765927384701
2023-10-19 16:00:00,5537.90366410421,8378.742765525518,7750.69281067626
2023-10-19 20:00:00,5568.974694744513,8393.565293544727,7800.493959332268
2023-10-20 00:00:00,5548.472238312774,8383.37480553152,7770.553770180245
2023-10-20 04:00:00,5642.4923077374115,8538.084941732024,7934.318148653756
2023-10-20 08:00:00,5696.273032528723,8546.42261374283,8002.366742690615
2023-10-20 12:00:00,5764.348803738854,8701.132749943336,8152.46522343444
2023-10-20 16:00:00,5732.690756570666,8612.506384495142,8106.135190378388
2023-10-20 20:00:00,5737.098341068937,8620.53525383888,8112.429815927931
2023-10-21 00:00:00,5750.05451483731,8651.724323212635,8130.828086988509
2023-10-21 04:00:00,5721.852712832552,8633.813768522756,8092.022081341114
2023-10-21 08:00:00,5841.934266979641,8663.767627228242,8254.703856117485
2023-10-21 12:00:00,5964.215119280312,8698.044723272666,8420.109077692428
2023-10-21 16:00:00,5954.408028758444,8735.10104332069,8409.420538893675
2023-10-21 20:00:00,6011.194554042831,8786.362286053793,8487.90968197403
2023-10-22 00:00:00,5969.620662069204,8712.867251291877,8428.979806043855
2023-10-22 04:00:00,6003.329930346749,8724.910555307484,8474.686233395238
2023-10-22 08:00:00,5927.9903722746885,8697.118315271466,8372.553347556182
2023-10-22 12:00:00,5893.488617431536,8722.44013397095,8327.16543976845
2023-10-22 16:00:00,5893.71778805242,8696.809512604399,8326.331444433774
2023-10-22 20:00:00,5923.857136983941,8697.118315271466,8367.293172465823
2023-10-23 00:00:00,5991.889292277035,8742.821109997363,8461.704250485858
2023-10-23 04:00:00,6211.323939416973,8966.703043620848,8766.520122574904
2023-10-23 08:00:00,6112.111757430349,8890.119982188262,8629.292888046977
2023-10-23 12:00:00,6099.407925279847,8932.734750243491,8613.964849053657
2023-10-23 16:00:00,6035.267938621138,8968.247056956181,8529.0237125614
2023-10-23 20:00:00,6165.468247840919,9092.694531784133,8709.917308822362
2023-10-24 00:00:00,6480.8655403971425,9572.573876406055,9154.475574997261
2023-10-24 04:00:00,6532.141372796813,9830.11530073983,9235.281918499859
2023-10-24 08:00:00,6536.323660912009,9847.099447428507,9241.774194746667
2023-10-24 12:00:00,6676.491419171278,10037.321890341702,9439.286390850808
2023-10-24 16:00:00,6494.611334016944,9813.748759385286,9183.641358039225
2023-10-24 20:00:00,6475.941068919999,9852.349092768645,9160.053040300601
2023-10-25 00:00:00,6462.189032088405,9892.802242154405,9143.464315282072
2023-10-25 04:00:00,6539.011659037571,9904.536743502946,9247.166413953673
2023-10-25 08:00:00,6515.179799529719,9879.832530137597,9213.469377572568
2023-10-25 12:00:00,6657.66587549217,9985.443042274468,9409.617082103417
2023-10-25 16:00:00,6815.872740535437,10168.871826512192,9629.950932790976
2023-10-25 20:00:00,6748.788929966121,10151.27007448938,9538.589081367052
2023-10-26 00:00:00,6706.608259617764,10089.509541076004,9479.502006193583
2023-10-26 04:00:00,6798.059533181427,10193.576039877542,9607.796317452194
2023-10-26 08:00:00,6814.633094295086,10139.535573140838,9629.581619584282
2023-10-26 12:00:00,6673.947908014692,9991.927898282873,9433.394749957864
2023-10-26 16:00:00,6590.894341482824,9979.26698893313,9319.724414227541
2023-10-26 20:00:00,6611.130156066666,9957.033196904315,9346.474394580833
2023-10-27 00:00:00,6722.09419478754,9984.2078316062,9496.857031877218
2023-10-27 04:00:00,6675.678934003864,9973.399738258859,9433.53895983717
2023-10-27 08:00:00,6645.497281061756,9936.343418210834,9406.444589273233
2023-10-27 12:00:00,6665.458797037639,9979.884594267263,9461.345856784112
2023-10-27 16:00:00,6624.316487522197,9912.565612846685,9373.97549555227
2023-10-27 20:00:00,6605.798258595695,9846.79064476144,9321.394537107786
2023-10-28 00:00:00,6573.694520654208,9906.698362172414,9325.158213750947
2023-10-28 04:00:00,6573.694520654208,9961.974039577384,9429.52797740222
2023-10-28 08:00:00,6573.694520654208,9962.900447578586,9416.306793947111
2023-10-28 12:00:00,6573.694520654208,9999.03035962541,9423.090861886369
2023-10-28 16:00:00,6573.694520654208,10007.98563697035,9414.905043509312
2023-10-28 20:00:00,6573.694520654208,9974.634948927127,9336.049031894188
2023-10-29 00:00:00,6573.694520654208,9971.238119589392,9335.883390343213
2023-10-29 04:00:00,6573.694520654208,9940.049050215637,9316.160378589786
2023-10-29 08:00:00,6573.694520654208,9970.620514255257,9422.61171649225
2023-10-29 12:00:00,6573.694520654208,10018.176124983556,9440.373322486237
2023-10-29 16:00:00,6573.694520654208,10071.907789053192,9501.436009966525
2023-10-29 20:00:00,6547.399742571592,10108.964109101218,9558.536642617655
2023-10-30 00:00:00,6538.488902786434,10103.405661094013,9544.322294041438
2023-10-30 04:00:00,6513.756118057336,10027.440204995562,9487.177162454693
2023-10-30 08:00:00,6497.66251330398,10011.691268975152,9471.183180080316
2023-10-30 12:00:00,6656.083520868661,10096.920805085609,9779.409415838127
2023-10-30 16:00:00,6648.387617513226,10078.701447728663,9767.852476234908
2023-10-30 20:00:00,6607.2710464214315,10026.204994327296,9710.282788080382
2023-10-31 00:00:00,6618.925863187604,10042.262733014773,9725.545822888012
2023-10-31 04:00:00,6626.6574991368125,9981.737410269665,9784.48623107695
2023-10-31 08:00:00,6619.722113760631,9939.431444881504,9747.932433612128
2023-10-31 12:00:00,6674.78487038365,10005.515215633814,9875.593393889929
2023-10-31 16:00:00,6658.532250108154,10026.513796994363,9853.53240609141
2023-10-31 20:00:00,6666.79866904138,10086.421514405336,9909.257746200965
2023-11-01 00:00:00,6785.05340610504,10118.845794447358,10157.316628772307
2023-11-01 04:00:00,6762.207129130709,10064.18772237652,10121.544202474215
2023-11-01 08:00:00,6778.266134938313,10078.08384239453,10148.944637922075
2023-11-01 12:00:00,6830.104906451274,10083.951093068801,10233.026308143115
2023-11-01 16:00:00,6904.846838074347,10059.24687970345,10375.108591809469
2023-11-01 20:00:00,6967.541559086569,10099.700029089212,10549.534273016336
2023-11-02 00:00:00,6982.096288613098,10341.80132006964,10568.829909496704
2023-11-02 04:00:00,7091.021344354112,10380.710456120067,10741.037441469321
2023-11-02 08:00:00,7077.812512897886,10285.908037330537,10727.780444644945
2023-11-02 12:00:00,7156.458234397493,10284.055221328135,10854.914137626278
2023-11-02 16:00:00,6760.502734356884,10085.186303737068,10270.16428086135
2023-11-02 20:00:00,6856.547313657339,10190.179210539805,10470.243369998421
2023-11-03 00:00:00,6778.43666017812,10167.01901050979,10321.019227139335
2023-11-03 04:00:00,6678.511627678094,10083.0246850676,10154.819474724012
2023-11-03 08:00:00,6678.511627678094,10021.572954321293,10133.481733973706
2023-11-03 12:00:00,6678.511627678094,9942.210668885105,10094.083586778517
2023-11-03 16:00:00,6678.511627678094,10010.147255639818,10169.72485767238
2023-11-03 20:00:00,6678.511627678094,9957.65080223845,10094.82267283382
2023-11-04 00:00:00,6678.511627678094,9999.339162292477,10156.499464421468
2023-11-04 04:00:00,6678.511627678094,10007.368031636215,10336.507387122761
2023-11-04 08:00:00,6678.511627678094,10021.88175698836,10406.052350937916
2023-11-04 12:00:00,6678.511627678094,10014.161690311686,10396.308316253257
2023-11-04 16:00:00,6678.511627678094,10003.353596964347,10351.171961693628
2023-11-04 20:00:00,6678.511627678094,10007.059228969149,10379.264643033544
2023-11-05 00:00:00,6678.511627678094,10103.71446376108,10540.601978835886
2023-11-05 04:00:00,6665.154604422738,10159.916549167252,10610.50769855754
2023-11-05 08:00:00,6663.005791157719,10137.991559805503,10502.307077694859
2023-11-05 12:00:00,6667.177016907461,10114.213754441354,10515.530037623183
2023-11-05 16:00:00,6651.124117809968,10051.52681302678,10373.853147750619
2023-11-05 20:00:00,6666.924215346871,10084.259895735868,10407.799442812404
2023-11-06 00:00:00,6669.705032513366,10092.288765079606,10459.561879062989
2023-11-06 04:00:00,6666.292211445395,10073.14299972146,10440.391850911998
2023-11-06 08:00:00,6654.410538097644,10058.011669035182,10291.888474479278
2023-11-06 12:00:00,6671.601044217794,10130.889098462965,10371.962854208225
2023-11-06 16:00:00,6678.30028557344,10095.067989083209,10364.202025108254
2023-11-06 20:00:00,6683.229916004953,10107.420095765883,10410.977253292738
2023-11-07 00:00:00,6682.977114444364,10103.405661094013,10582.723074095305
2023-11-07 04:00:00,6672.865052020747,10071.907789053192,10424.111513505479
2023-11-07 08:00:00,6676.530674649308,10098.464818420944,10523.607108548327
2023-11-07 12:00:00,6658.076160726206,10036.704285007569,10434.427488704772
2023-11-07 16:00:00,6644.930479575503,10040.718719679438,10428.620195806481
2023-11-07 20:00:00,6651.951632306838,10244.21967727651,10815.152109265411
2023-11-08 00:00:00,6588.657689081248,10230.632359925567,10693.594471554814
2023-11-08 04:00:00,6601.39431901174,10192.64963187634,10727.345924965866
2023-11-08 08:00:00,6604.386047832144,10190.488013206872,10737.706428325626
2023-11-08 12:00:00,6612.477732062781,10220.133069245292,10744.845093685817
2023-11-08 16:00:00,6569.065306416589,10162.695773170853,10658.542134648556
2023-11-08 20:00:00,6628.123602431175,10290.231274669473,10754.701039385887
2023-11-09 00:00:00,6607.017050275724,10268.92389064186,10726.541172836052
2023-11-09 04:00:00,6747.515450116389,10523.068485637898,10959.027504346588
2023-11-09 08:00:00,6735.316931136427,10550.243120339781,10937.295371792025
2023-11-09 12:00:00,6927.771807595402,10642.575117792778,11324.96075573904
2023-11-09 16:00:00,7031.674947239195,10692.909952524678,11419.710457216512
2023-11-09 20:00:00,6902.319676765387,10543.449461664311,11174.309584946535
2023-11-10 00:00:00,7088.543807892065,10635.163853783173,11448.229197644585
2023-11-10 04:00:00,7191.208990142995,10632.693432446638,11665.868144540313
2023-11-10 08:00:00,7161.229189780851,10557.963187016454,11629.363480520704
2023-11-10 12:00:00,7348.85735420722,10736.451128581108,12008.7322364258
2023-11-10 16:00:00,7354.517314279952,10734.28950991164,12024.779061842499
2023-11-10 20:00:00,7518.813557250841,10780.918712638737,12367.364047359133
2023-11-11 00:00:00,7632.439720278782,10792.653213987278,12615.676213796887
2023-11-11 04:00:00,7540.986036469461,10723.790219231365,12461.604378725136
2023-11-11 08:00:00,7473.414303052909,10717.614165890029,12310.868548752354
2023-11-11 12:00:00,7531.793762933432,10709.58529654629,12431.31271365477
2023-11-11 16:00:00,7835.513647107688,10732.127891242171,13052.204314317536
2023-11-11 20:00:00,7829.583448598978,10751.273656600317,13030.28840330365
2023-11-12 00:00:00,7591.914773147791,10758.99372327699,12554.990987471701
2023-11-12 04:00:00,7628.561026210597,10705.262059207353,12640.58060051989
2023-11-12 08:00:00,7839.667479421125,10750.96485393325,13069.38563335816
2023-11-12 12:00:00,7757.6105658206325,10726.2606405679,12911.285859972715
2023-11-12 16:00:00,7712.596888273009,10756.832104607522,12804.489847606586
2023-11-12 20:00:00,7569.058619864316,10745.406405926047,12513.602807388495
2023-11-13 00:00:00,7550.200657633619,10721.010995227763,12513.720524682143
2023-11-13 04:00:00,7582.002519995671,10684.263477846805,12578.06860314422
2023-11-13 08:00:00,7640.192643905964,10690.439531188144,12705.787150944408
2023-11-13 12:00:00,7558.651303162023,10647.20715779878,12568.165695762204
2023-11-13 16:00:00,7471.447972076059,10641.957512458644,12502.216322367309
2023-11-13 20:00:00,7393.930797836951,10641.957512458644,12381.141771137103
2023-11-14 00:00:00,7324.754755037978,10530.788552314569,11952.636786202162
2023-11-14 04:00:00,7324.754755037978,10528.318130978034,12217.78850823838
2023-11-14 08:00:00,7324.754755037978,10591.93148039381,12357.640392808371
2023-11-14 12:00:00,7324.754755037978,10449.57345087598,11994.299236056817
2023-11-14 16:00:00,7324.754755037978,10471.189637570662,12025.755506104382
2023-11-14 20:00:00,7324.754755037978,10014.779295645822,11895.748340617582
2023-11-15 00:00:00,7324.754755037978,10101.244042424545,12101.676715294587
2023-11-15 04:00:00,7324.754755037978,10048.43878635611,12015.61605074901
2023-11-15 08:00:00,7324.754755037978,10116.992978444956,12366.09069042013
2023-11-15 12:00:00,7310.105245527902,10308.759434693486,12877.810164287053
2023-11-15 16:00:00,7286.687085633997,10356.623848088851,12845.328700008195
2023-11-15 20:00:00,7401.63367297679,10678.705029839603,13307.75207028618
2023-11-16 00:00:00,7400.886767205933,10784.62434464354,13392.031423805547
2023-11-16 04:00:00,7387.394269752374,10682.101859177337,13380.827646808579
2023-11-16 08:00:00,7379.608333878701,10672.528976498264,13356.869942891874
2023-11-16 12:00:00,7297.300682829746,10604.901192410618,13178.569562183486
2023-11-16 16:00:00,7123.78070202831,10347.050965409779,12711.716754606849
2023-11-16 20:00:00,7154.3041923029505,10228.161938589032,12714.502624657536
2023-11-17 00:00:00,6967.048885974287,10300.730565349746,12270.190509187945
2023-11-17 04:00:00,6967.048885974287,10391.518549467408,12454.114911905468
2023-11-17 08:00:00,6967.048885974287,10326.669989383365,12339.47422979362
2023-11-17 12:00:00,6967.048885974287,10345.81575474151,12318.010475367359
2023-11-17 16:00:00,6967.048885974287,10230.3235572585,11870.758863270461
2023-11-17 20:00:00,6967.048885974287,10302.274578685081,12174.717348734226
2023-11-18 00:00:00,6967.048885974287,10375.46081077993,12331.669856763048
2023-11-18 04:00:00,6967.048885974287,10304.745000021616,12091.481803456736
2023-11-18 08:00:00,6967.048885974287,10317.405909371359,12050.842142050016
2023-11-18 12:00:00,6967.048885974287,10316.788304037223,12107.948577625553
2023-11-18 16:00:00,6967.048885974287,10398.929813477012,12273.955249740025
2023-11-18 20:00:00,6967.048885974287,10397.694602808746,12403.877446491842
2023-11-19 00:00:00,6967.048885974287,10375.152008112864,12328.711951810441
2023-11-19 04:00:00,6967.048885974287,10344.580544073244,12279.07813223861
2023-11-19 08:00:00,6967.048885974287,10375.769613446997,12522.882016284708
2023-11-19 12:00:00,6967.048885974287,10332.846042724701,12438.137213839898
2023-11-19 16:00:00,6967.048885974287,10373.607994777529,12487.48080289322
2023-11-19 20:00:00,6967.048885974287,10485.085757588671,12683.246838362651
2023-11-20 00:00:00,6939.18069043039,10584.829019051273,12730.695343757496
2023-11-20 04:00:00,6906.5168450343135,10504.231522946817,12553.515307309906
2023-11-20 08:00:00,6938.942760010062,10545.302277666711,12602.758646093604
2023-11-20 12:00:00,6937.580627175838,10514.422010960025,12611.366396800873
2023-11-20 16:00:00,6971.0487277074635,10590.078664391409,12540.5675986705
2023-11-20 20:00:00,6966.281753081902,10615.400483090893,12379.341951434086
2023-11-21 00:00:00,6942.58088636263,10572.785715035663,12241.456222789464
2023-11-21 04:00:00,6934.466454568986,10569.080083030862,12169.401658463063
2023-11-21 08:00:00,6904.453304999879,10513.186800291756,12070.3780587498
2023-11-21 12:00:00,6904.76447839887,10500.834693609082,12170.614090540803
2023-11-21 16:00:00,6850.859843341679,10446.485424205312,12024.95109015111
2023-11-21 20:00:00,6850.859843341679,10467.175202898792,11996.830900886303
2023-11-22 00:00:00,6850.859843341679,10122.242623785092,11470.402441386348
2023-11-22 04:00:00,6850.859843341679,10298.56894668028,11882.283542694488
2023-11-22 08:00:00,6850.859843341679,10316.788304037223,11952.589221660372
2023-11-22 12:00:00,6850.859843341679,10330.375621388166,11969.701029829317
2023-11-22 16:00:00,6837.158123654996,10376.078416114064,12087.217379903042
2023-11-22 20:00:00,6882.9012720134015,10575.873741706333,12446.777741398368
2023-11-23 00:00:00,6853.187822189158,10611.386048419023,12467.000780166338
2023-11-23 04:00:00,6835.422978137821,10566.918464361393,12436.918522186697
2023-11-23 08:00:00,6842.92258198457,10580.19697904527,12466.539095911492
2023-11-23 12:00:00,6839.950891786123,10581.12338704647,12474.89457640596
2023-11-23 16:00:00,6795.44490353044,10471.498440237729,12272.55398186408
2023-11-23 20:00:00,6838.437959980704,10561.668819021255,12314.204844812011
2023-11-24 00:00:00,6839.06162124335,10572.476912368596,12334.37223526512
2023-11-24 04:00:00,6847.436743015006,10583.593808383004,12427.709379610875
2023-11-24 08:00:00,6873.498018753481,10634.855051116105,12466.730461985204
2023-11-24 12:00:00,6890.084076592262,10691.983544523477,12563.423717615951
2023-11-24 16:00:00,6930.178666926509,10792.344411320211,12623.396141278237
2023-11-24 20:00:00,6829.067305338108,10665.735317822793,12431.466034880785
2023-11-25 00:00:00,6809.795438307785,10652.765605805984,12392.419067780316
2023-11-25 04:00:00,6897.577909778164,10680.249043174936,12609.679937046869
2023-11-25 08:00:00,6892.003862444341,10683.645872512672,12590.943552005912
2023-11-25 12:00:00,6832.9502268564565,10642.883920459844,12469.431480913849
2023-11-25 16:00:00,6878.971124460695,10662.338488485057,12575.459158157439
2023-11-25 20:00:00,6905.249645326764,10687.660307184542,12635.435707714969
2023-11-26 00:00:00,6892.698634443319,10676.8522138372,12604.884903067563
2023-11-26 04:00:00,6852.371576728292,10668.514541826395,12546.120164494405
2023-11-26 08:00:00,6854.934286440015,10681.175451176137,12571.1280129962
2023-11-26 12:00:00,6826.971249317874,10651.839197804784,12493.047319413421
2023-11-26 16:00:00,6757.9016194970845,10586.064229719539,12370.434845401513
2023-11-26 20:00:00,6757.9016194970845,10571.859307034463,12373.994325987456
2023-11-27 00:00:00,6757.9016194970845,10577.417755041666,12406.615488641444
2023-11-27 04:00:00,6757.9016194970845,10536.038197654705,12275.997296870464
2023-11-27 08:00:00,6757.9016194970845,10530.788552314569,12200.258211560475
2023-11-27 12:00:00,6757.9016194970845,10449.57345087598,12032.85293720473
2023-11-27 16:00:00,6757.9016194970845,10398.31220814288,11899.547928211927
2023-11-27 20:00:00,6757.9016194970845,10402.944248148882,11892.553038977552
2023-11-28 00:00:00,6757.9016194970845,10502.687509611484,12059.502724273749
2023-11-28 04:00:00,6757.9016194970845,10474.895269575465,12043.158857424012
2023-11-28 08:00:00,6757.9016194970845,10479.2185069144,12059.457480394049
2023-11-28 12:00:00,6757.9016194970845,10515.348418961225,12191.92281160229
2023-11-28 16:00:00,6757.9016194970845,10560.433608352989,12186.992507940402
2023-11-28 20:00:00,6744.385816258091,10726.878245902035,12464.618753885938
2023-11-29 00:00:00,6723.05073999153,10625.282168437032,12419.203319651395
2023-11-29 04:00:00,6731.8701028251235,10667.279331158128,12469.521813912059
2023-11-29 08:00:00,6730.508733267872,10725.025429899633,12596.898793185308
2023-11-29 12:00:00,6779.256103172967,10716.37895522176,12721.588624281128
2023-11-29 16:00:00,6743.882637266628,10652.765605805984,12612.148431768288
2023-11-29 20:00:00,6746.6923168388075,10660.794475149723,12626.511049696226
2023-11-30 00:00:00,6722.21357856248,10662.338488485057,12546.99183332848
2023-11-30 04:00:00,6771.870720434501,10713.908533885226,12683.660091878937
2023-11-30 08:00:00,6751.673685401041,10664.500107154525,12642.714559857111
2023-11-30 12:00:00,6797.794503564569,10718.849376558295,12778.150603926817
2023-11-30 16:00:00,6739.509149508176,10654.927224475452,12619.81173681117
2023-11-30 20:00:00,6759.9974098620805,10712.982125884026,12715.263530994238
2023-12-01 00:00:00,6738.519662489096,10699.086005866016,12646.439938310028
2023-12-01 04:00:00,6851.569035247503,10776.286672632734,12877.211647557197
2023-12-01 08:00:00,6874.507286998394,10847.620088725182,12920.700290695342
2023-12-01 12:00:00,6900.155002535226,10942.422507514713,12965.696281217017
2023-12-01 16:00:00,6879.114343626618,10950.451376858451,12909.914066994665
2023-12-01 20:00:00,6901.444714815381,11013.447120940094,12950.15112473442
2023-12-02 00:00:00,6861.513848681094,10981.022840898073,12856.049426126632
2023-12-02 04:00:00,6916.204082266833,11010.97669960356,12991.716589437761
2023-12-02 08:00:00,6959.142290229349,10993.683750247814,13101.677634865671
2023-12-02 12:00:00,6972.121443099587,11006.96226493169,13132.489940082749
2023-12-02 16:00:00,6968.568792872775,11016.535147610763,13111.923360979239
2023-12-02 20:00:00,7102.891765807159,11185.450206496344,13354.924005300883
2023-12-03 00:00:00,7134.821148504678,11202.43435318502,13431.674857105394
2023-12-03 04:00:00,7140.173246667509,11175.568521150204,13456.613098424019
2023-12-03 08:00:00,7150.652390064329,11213.242446532362,13470.766271620709
2023-12-03 12:00:00,7125.754123334779,11213.242446532362,13411.296881686896
2023-12-03 16:00:00,7120.905418160453,11280.561427952942,13379.233079807127
2023-12-03 20:00:00,7124.338672840261,11240.10827856718,13385.503358663263
2023-12-04 00:00:00,7173.306192779082,11339.85154002978,13458.506506142276
2023-12-04 04:00:00,7288.066150617889,11562.498262984998,13691.2841837999
2023-12-04 08:00:00,7364.342707575742,11789.777025946218,13781.691216260999
2023-12-04 12:00:00,7296.8175176366685,11828.06855666251,13607.707842722433
2023-12-04 16:00:00,7207.873637413479,11791.938644615686,13435.528807944025
2023-12-04 20:00:00,7265.695755532985,11974.44102085221,13573.338750978397
2023-12-05 00:00:00,7269.757879224502,11967.338559509672,13634.21655718447
2023-12-05 04:00:00,7248.671158393674,11917.003724777771,13493.195158312144
2023-12-05 08:00:00,7212.665727095795,11868.212903381203,13367.007535238135
2023-12-05 12:00:00,7224.797993913084,11913.606895440034,13432.011655375725
2023-12-05 16:00:00,7287.385319049492,12076.03709831721,13614.306321265954
2023-12-05 20:00:00,7435.703867235819,12539.241098917522,13885.438097795544
2023-12-06 00:00:00,7472.650489802771,12609.956909675837,13895.049548015817
2023-12-06 04:00:00,7425.84653601738,12506.8168188755,14178.991858288016
2023-12-06 08:00:00,7376.087977772032,12506.199213541367,14061.938303478422
2023-12-06 12:00:00,7374.357214274283,12566.106930952341,14057.253457650455
2023-12-06 16:00:00,7350.340364226013,12545.725954925927,13997.395503641234
2023-12-06 20:00:00,7444.649861787082,12610.574515009972,14229.267902172014
2023-12-07 00:00:00,7297.356436306915,12557.769258941536,13907.150228652565
2023-12-07 04:00:00,7328.2549940371255,12611.500923011172,14062.765422099765
2023-12-07 08:00:00,7331.253407725393,12579.07664296915,14099.738853971165
2023-12-07 12:00:00,7248.679158374143,12381.442936046351,14087.558761336466
2023-12-07 16:00:00,7247.930854024153,12509.90484554617,14411.535014275101
2023-12-07 20:00:00,7192.656832891767,12361.67956535407,14272.60472109518
2023-12-08 00:00:00,7332.152155385158,12396.883069399693,14641.15675715535
2023-12-08 04:00:00,7407.5531828893945,12418.499256094376,14834.277024610186
2023-12-08 08:00:00,7450.948942761486,12372.178856034343,15005.926192238847
2023-12-08 12:00:00,7542.641655283167,12503.419989537766,15222.710390450597
2023-12-08 16:00:00,7511.835285110061,12559.004469609803,15135.987921901673
2023-12-08 20:00:00,7546.397080643856,12622.309016358513,15206.174474210082
2023-12-09 00:00:00,7659.343445551973,12684.069549771888,15515.166240663191
2023-12-09 04:00:00,7633.950265333591,12681.290325768286,15440.632525063345
2023-12-09 08:00:00,7759.223421016413,12693.951235118027,15772.069957598862
2023-12-09 12:00:00,7712.151794841044,12583.399880308087,15703.26344000245
2023-12-09 16:00:00,7684.127261712456,12659.056533739471,15588.211584512512
2023-12-09 20:00:00,7614.686119025195,12621.69141102438,15402.5162907698
2023-12-10 00:00:00,7518.025420162074,12556.225245606201,15162.729673782207
2023-12-10 04:00:00,7558.1880762822275,12588.03192031409,15258.175426600392
2023-12-10 08:00:00,7550.922836132022,12624.470635027981,15221.391976243325
2023-12-10 12:00:00,7484.729146041085,12551.284402933132,15067.629778988201
2023-12-10 16:00:00,7594.953411596256,12610.574515009972,15355.56865806547
2023-12-10 20:00:00,7580.904572585425,12580.620656304485,15316.927160885116
2023-12-11 00:00:00,7624.427313906504,12570.738970958344,15458.421532785746
2023-12-11 04:00:00,7248.065695914722,12143.35607973779,14745.390595898138
2023-12-11 08:00:00,7248.065695914722,12103.520535686162,14469.083260606953
2023-12-11 12:00:00,7248.065695914722,12154.781778419265,14611.447113831025
2023-12-11 16:00:00,7248.065695914722,12008.409314229566,14491.593088575286
2023-12-11 20:00:00,7248.065695914722,11681.078487138679,14304.72334004601
2023-12-12 00:00:00,7248.065695914722,11830.847780666112,14558.78557099593
2023-12-12 04:00:00,7248.065695914722,11969.191375512071,14688.575262343355
2023-12-12 08:00:00,7248.065695914722,12027.246276920645,14754.720813378663
2023-12-12 12:00:00,7248.065695914722,11892.917116746554,14537.179864442565
2023-12-12 16:00:00,7248.065695914722,11840.420663345185,14271.193951736288
2023-12-12 20:00:00,7248.065695914722,11771.248865922205,14142.414208150363
2023-12-13 00:00:00,7248.065695914722,11865.742482044669,14299.996127117909
2023-12-13 04:00:00,7248.065695914722,11676.137644465607,13857.166467525542
2023-12-13 08:00:00,7248.065695914722,11766.616825916202,13847.003791278723
2023-12-13 12:00:00,7248.065695914722,11737.898177878982,13887.146898717012
2023-12-13 16:00:00,7248.065695914722,11996.05720754689,14268.206365852446
2023-12-13 20:00:00,7248.065695914722,12136.25361839525,14574.820153926958
2023-12-14 00:00:00,7248.065695914722,12178.86838645048,14641.639008021273
2023-12-14 04:00:00,7248.065695914722,12105.064549021497,14516.776561924515
2023-12-14 08:00:00,7248.065695914722,12186.89725579422,14757.363461377394
2023-12-14 12:00:00,7204.836675859565,12231.364839851849,14959.49475289189
2023-12-14 16:00:00,7012.746509086017,11933.679068799382,14565.709044840529
2023-12-14 20:00:00,7083.571814758921,12115.255037034703,14815.677621969848
2023-12-15 00:00:00,7183.821611905274,12089.93321833522,15084.693989367894
2023-12-15 04:00:00,7108.0450245154025,12017.982196908639,14885.586507321004
2023-12-15 08:00:00,7169.727971889659,12002.850866222361,15090.98234877105
2023-12-15 12:00:00,7262.756738168797,12049.171266282392,15388.444306976588
2023-12-15 16:00:00,7127.416085678507,11857.71361270093,14996.891774091648
2023-12-15 20:00:00,7161.721262016637,11933.987871466448,15151.076491771506
2023-12-16 00:00:00,7020.1097796718295,11894.152327414822,14663.365464187213
2023-12-16 04:00:00,7076.9399989541425,12003.468471556494,14926.217348585342
2023-12-16 08:00:00,7080.045670485274,11979.073060858213,14911.187372027776
2023-12-16 12:00:00,7105.640687586667,12008.100511562498,15019.686042512523
2023-12-16 16:00:00,7168.182486696347,12085.91878366335,15244.556016980765
2023-12-16 20:00:00,7070.228892656985,12012.423748901434,14882.905614343388
2023-12-17 00:00:00,7063.125115246696,11985.866719533684,14843.038001231416
2023-12-17 04:00:00,7040.8932905319,11967.029756842603,14810.013408375464
2023-12-17 08:00:00,7040.8932905319,11880.873812730946,14624.194077583576
2023-12-17 12:00:00,7040.8932905319,11896.31394608429,14715.218480491047
2023-12-17 16:00:00,7040.8932905319,11858.948823369197,14664.239589480108
2023-12-17 20:00:00,7040.8932905319,11933.061463465248,14792.846242051804
2023-12-18 00:00:00,7040.8932905319,11729.251703201111,14394.41320084444
2023-12-18 04:00:00,7040.8932905319,11625.802809733706,14213.416408381643
2023-12-18 08:00:00,7040.8932905319,11626.420415067842,14084.231956230855
2023-12-18 12:00:00,7040.8932905319,11624.56759906544,14065.165932095886
2023-12-18 16:00:00,7040.8932905319,11680.152079137477,14303.165179237028
2023-12-18 20:00:00,7040.8932905319,11799.34990862529,14513.14690347149
2023-12-19 00:00:00,7040.8932905319,12059.979359629733,14886.242311180056
2023-12-19 04:00:00,7026.811503950837,12163.428253097136,15017.68221771202
2023-12-19 08:00:00,7026.513582649181,12161.884239761803,15074.186029935197
2023-12-19 12:00:00,7021.56808904171,12136.25361839525,14939.624434963778
2023-12-19 16:00:00,6984.983353198482,11946.648780816191,14654.350687850474
2023-12-19 20:00:00,6979.978275330679,11920.709356782572,14694.07355049175
2023-12-20 00:00:00,6975.509455805855,11897.549156752557,14565.884559274957
2023-12-20 04:00:00,6984.030005033186,11941.70793814312,14786.186038525018
2023-12-20 08:00:00,6996.940166521387,12081.286743657347,15003.116940295251
2023-12-20 12:00:00,7039.514874957426,12099.197298347226,15136.411252161844
2023-12-20 16:00:00,7195.184455333209,12377.737304041548,15612.30342392152
2023-12-20 20:00:00,7197.05022185723,12325.240850640179,15580.223922008718
2023-12-21 00:00:00,7236.877723811461,12313.197546624571,15716.479202924995
2023-12-21 04:00:00,7269.999736449926,12305.168677280832,15825.349331884663
2023-12-21 08:00:00,7381.764257543659,12347.783445336061,16206.284890838717
2023-12-21 12:00:00,7387.913192146154,12364.458789357672,16267.240529125611
2023-12-21 16:00:00,7390.212293058055,12334.813733319252,16251.54121982017
2023-12-21 20:00:00,7541.327304957383,12253.598631880664,16769.569367000207
2023-12-22 00:00:00,7584.008589527467,12324.623245306046,16909.710199305406
2023-12-22 04:00:00,7711.4465493223315,12361.67956535407,17336.93632932976
2023-12-22 08:00:00,7554.617079197789,12239.393709195587,16930.224579176036
2023-12-22 12:00:00,7596.000635601036,12285.71410925562,16975.168847544694
2023-12-22 16:00:00,7681.212816985426,12270.273975902275,17250.53794819964
2023-12-22 20:00:00,7686.570744989609,12256.377855884266,17294.342347667436
2023-12-23 00:00:00,7748.5455709194375,12347.474642668994,17441.645582901256
2023-12-23 04:00:00,7547.767435070464,12222.40956250691,16911.999333529777
2023-12-23 08:00:00,7614.966382294229,12249.275394541728,17101.408428034887
2023-12-23 12:00:00,7639.291863150063,12253.289829213598,17172.64473783273
2023-12-23 16:00:00,7676.94797418198,12307.639098617366,17281.809501397896
2023-12-23 20:00:00,7866.438763488273,12284.787701254418,17914.406866509053
2023-12-24 00:00:00,8019.60344506977,12291.272557262822,18438.042777663206
2023-12-24 04:00:00,8285.46088462929,12328.02007464378,19321.41915910268
2023-12-24 08:00:00,8210.838624901176,12269.038765234007,19098.71855070154
2023-12-24 12:00:00,8080.002990405914,12273.67080524001,18670.59869654716
2023-12-24 16:00:00,8187.360084039581,12284.478898587351,19022.099069554242
2023-12-24 20:00:00,8228.704925287637,12268.112357232807,19163.836429591138
2023-12-25 00:00:00,8109.338138496252,12103.82933835323,18804.760722900355
2023-12-25 04:00:00,8097.545212167316,12145.826501074325,18795.788026477057
2023-12-25 08:00:00,8118.7724795594,12164.97226643247,18878.001785389613
2023-12-25 12:00:00,8086.426167342891,12149.22333041206,18767.386658325293
2023-12-25 16:00:00,8422.69303809369,12236.923287859052,19916.260376345224
2023-12-25 20:00:00,8367.434754723818,12197.705349141559,19700.79769199493
2023-12-26 00:00:00,8357.32653215616,12228.894418515314,19674.491858852154
2023-12-26 04:00:00,8301.731308034034,12178.86838645048,19466.101065286784
2023-12-26 08:00:00,8124.837413099996,12002.850866222361,18783.781656056213
2023-12-26 12:00:00,8165.270303370633,11973.205810183941,18907.179938099427
2023-12-26 16:00:00,8031.16788397302,11871.60973271894,18402.612437921514
2023-12-26 20:00:00,7888.8583965082735,11778.66012993181,17933.022744261303
2023-12-27 00:00:00,7888.8583965082735,11897.857959419624,18619.529782197133
2023-12-27 04:00:00,7888.8583965082735,11825.906937993042,18150.375587600334
2023-12-27 08:00:00,7888.8583965082735,11883.035431400414,18484.63596280011
2023-12-27 12:00:00,7888.8583965082735,12014.585367570902,18732.12849627832
2023-12-27 16:00:00,7873.080679715256,11963.015322170735,18229.954486548137
2023-12-27 20:00:00,7879.806367733878,12022.305434247575,18386.99737341008
2023-12-28 00:00:00,7914.431206051964,12088.080402332818,18224.865634215555
2023-12-28 04:00:00,7946.938698141967,12072.02266364534,18017.386303265943
2023-12-28 08:00:00,7914.182106495719,11972.588204849808,18071.09135907122
2023-12-28 12:00:00,7937.472915004648,11973.205810183941,17994.7424349657
2023-12-28 16:00:00,7889.272150871197,11804.29075129836,17374.668235160018
2023-12-28 20:00:00,7903.969024689664,11902.798802092693,17605.196856605595
2023-12-29 00:00:00,7884.165609968169,11889.520287408819,17648.803572576173
2023-12-29 04:00:00,7893.25774377112,11920.400554115506,17982.877999863005
2023-12-29 08:00:00,7869.468736149701,11806.143567300762,17926.545481349276
2023-12-29 12:00:00,7913.310258048861,11967.029756842603,18298.061868277953
2023-12-29 16:00:00,7873.827978383992,11844.435098017055,18105.739906838142
2023-12-29 20:00:00,7862.867597909202,11818.804476650505,18051.100590061586
2023-12-30 00:00:00,7843.686932078319,11810.466804639698,18062.640897569072
2023-12-30 04:00:00,7822.885873634062,11761.367180576066,17759.397615512105
2023-12-30 08:00:00,7822.885873634062,11766.925628583269,17738.5730137256
2023-12-30 12:00:00,7822.885873634062,11768.160839251537,17612.96515953074
2023-12-30 16:00:00,7822.885873634062,11888.28507674055,17911.87562992372
2023-12-30 20:00:00,7822.885873634062,11879.329799395611,17787.86220067341
2023-12-31 00:00:00,7822.885873634062,11823.745319323574,17614.54621876333
2023-12-31 04:00:00,7822.885873634062,11836.715031340384,17492.378442637208
2023-12-31 08:00:00,7822.885873634062,11932.135055464047,17869.811792518925
2023-12-31 12:00:00,7822.885873634062,11937.384700804185,17911.27401203058
2023-12-31 16:00:00,7822.885873634062,11904.342815428028,17706.18569612778
2023-12-31 20:00:00,7822.885873634062,11935.223082134717,17823.30627676681
2024-01-01 00:00:00,7822.885873634062,11868.52170604827,17596.50157057991
2024-01-01 04:00:00,7822.885873634062,11888.593879407617,17715.998230340156
2024-01-01 08:00:00,7822.885873634062,11921.018159449639,17703.36255308869
2024-01-01 12:00:00,7807.240101886793,11969.191375512071,17937.879553949067
2024-01-01 16:00:00,7820.897186788305,12031.878316926648,18127.609706890486
2024-01-01 20:00:00,7842.8547599504745,12204.807810484097,18512.15563387648
2024-01-02 00:00:00,7882.8113274979,12370.943645366076,18666.424542701418
2024-01-02 04:00:00,8043.977144844807,12721.43467248698,19020.882533700656
2024-01-02 08:00:00,8124.751150217617,12750.770925858333,19347.094094419364
2024-01-02 12:00:00,8144.09827803273,12784.121613901554,19360.163952841343
2024-01-02 16:00:00,8012.225721321001,12766.519861878744,18899.823657676654
2024-01-02 20:00:00,7975.826259428544,12743.977267182861,18723.853776436004
2024-01-03 00:00:00,7920.172524959649,12724.522699157647,18604.341473849345
2024-01-03 04:00:00,7938.607281690134,12767.446269879943,18747.702433280807
2024-01-03 08:00:00,7915.79880656978,12699.509683125232,18683.388445721714
2024-01-03 12:00:00,7781.260744409324,12367.238013361273,18115.126373835094
2024-01-03 16:00:00,7801.645457341136,12460.805221482537,17925.638395335984
2024-01-03 20:00:00,7745.032871123834,12274.597213241212,17337.692690427535
2024-01-04 00:00:00,7745.032871123834,12217.777522500906,17435.53474356289
2024-01-04 04:00:00,7745.032871123834,12234.761669189584,17728.362760394295
2024-01-04 08:00:00,7745.032871123834,12136.25361839525,17454.546179915713
2024-01-04 12:00:00,7745.032871123834,12214.071890496103,17414.81174296013
2024-01-04 16:00:00,7745.032871123834,12438.88023212079,18076.239047296007
2024-01-04 20:00:00,7745.032871123834,12432.086573445318,18240.989900649496
2024-01-05 00:00:00,7745.032871123834,12499.405554865896,18222.907387830433
2024-01-05 04:00:00,7745.032871123834,12326.476061308447,17732.277291942035
2024-01-05 08:00:00,7745.032871123834,12434.86579744892,17811.51312235106
2024-01-05 12:00:00,7745.032871123834,12509.90484554617,17680.255325267135
2024-01-05 16:00:00,7745.032871123834,12256.686658551333,17325.271196502632
2024-01-05 20:00:00,7745.032871123834,12353.033090676197,17419.70855895926
2024-01-06 00:00:00,7745.032871123834,12492.611896190425,17719.55099932882
2024-01-06 04:00:00,7745.032871123834,12442.277061458524,17546.97478155276
2024-01-06 08:00:00,7745.032871123834,12365.385197358873,17068.128583504164
2024-01-06 12:00:00,7745.032871123834,12382.060541380484,17083.350563418702
2024-01-06 16:00:00,7745.032871123834,12436.409810784255,17190.73834433849
2024-01-06 20:00:00,7745.032871123834,12453.702760139999,17175.196112757643
2024-01-07 00:00:00,7745.032871123834,12474.701341500546,17049.43348002728
2024-01-07 04:00:00,7745.032871123834,12432.086573445318,16931.72864569887
2024-01-07 08:00:00,7745.032871123834,12475.627749501748,17204.664906444097
2024-01-07 12:00:00,7745.032871123834,12508.360832210836,17132.912599225918
2024-01-07 16:00:00,7745.032871123834,12506.8168188755,17064.43294763188
2024-01-07 20:00:00,7729.542805381587,12583.708682975153,17184.50309984212
2024-01-08 00:00:00,7697.86577932382,12429.307349441715,16534.76484609147
2024-01-08 04:00:00,7659.832187801094,12317.829586630574,16237.186269809703
2024-01-08 08:00:00,7659.832187801094,12460.805221482537,16559.625699830453
2024-01-08 12:00:00,7644.512523425492,12613.044936346507,16912.035953895287
2024-01-08 16:00:00,7658.202516073538,12680.672720434151,17212.506773873334
2024-01-08 20:00:00,7755.867807535646,13239.914350492263,17992.081417453166
2024-01-09 00:00:00,7735.023023353717,13249.487233171336,17794.83897333377
2024-01-09 04:00:00,7702.234699218679,13224.474217138919,17957.319132765228
2024-01-09 08:00:00,7684.054605245978,13210.269294453843,18176.71005014901
2024-01-09 12:00:00,7683.798140551483,13190.197121094496,18191.079121120674
2024-01-09 16:00:00,7595.088119540442,13275.426657204953,17958.172160496997
2024-01-09 20:00:00,7583.823531340455,13269.86820919775,17931.324626861762
2024-01-10 00:00:00,7535.35262336106,13041.045432901195,17947.57102914333
2024-01-10 04:00:00,7530.59003260359,13049.691907579068,18013.988374588967
2024-01-10 08:00:00,7480.4034212552,12952.110264785935,17837.662037863258
2024-01-10 12:00:00,7466.7715454628105,12853.293411324536,17742.64103967804
2024-01-10 16:00:00,7428.165485870248,12838.470883305325,17512.623436329734
2024-01-10 20:00:00,7513.182602738321,13112.68765166071,17815.698992570495
2024-01-11 00:00:00,7630.866227753468,13153.758406380604,18551.73586666745
2024-01-11 04:00:00,7645.276904755483,13096.629912973232,18385.04749293283
2024-01-11 08:00:00,7603.535459136458,12999.0482701801,18267.656033756277
2024-01-11 12:00:00,7709.37236689617,13251.95765450787,18922.220146050193
2024-01-11 16:00:00,7585.118531868846,13201.314017108903,18502.87598647572
2024-01-11 20:00:00,7584.830720189355,13144.803129035665,18526.382430757898
2024-01-12 00:00:00,7528.251028941273,13045.368670240132,18331.549226064355
2024-01-12 04:00:00,7407.703578347493,12958.286318127273,18049.429419618944
2024-01-12 08:00:00,7415.564519153584,12963.227160800343,18186.89471885648
2024-01-12 12:00:00,7473.325345076607,12964.153568801543,18218.750486855555
2024-01-12 16:00:00,7467.970791194197,12519.168925558177,17748.259060483782
2024-01-12 20:00:00,7404.285777997018,12251.437013211196,17564.44767155181
2024-01-13 00:00:00,7347.2085121440905,12088.080402332818,17129.673377463943
2024-01-13 04:00:00,7374.095208234492,12039.289580936253,17027.032341687664
2024-01-13 08:00:00,7381.956149040583,12196.77894114036,17295.35997579214
2024-01-13 12:00:00,7368.057094281986,12041.142396938654,17154.165518904432
2024-01-13 16:00:00,7392.551330127055,12206.043021152365,17311.841820882746
2024-01-13 20:00:00,7401.665464394988,12105.373351688564,17488.542329880012
2024-01-14 00:00:00,7406.222531528953,12105.373351688564,17606.313339118566
2024-01-14 04:00:00,7358.837463909902,12046.39204227879,17636.845437041382
2024-01-14 08:00:00,7358.837463909902,12142.429671736589,17809.689412896572
2024-01-14 12:00:00,7358.837463909902,12094.565258341223,17616.809856684828
2024-01-14 16:00:00,7358.837463909902,12114.946234367637,17899.37789859548
2024-01-14 20:00:00,7358.837463909902,12037.436764933851,17473.438134527245
2024-01-15 00:00:00,7358.837463909902,11772.79287925754,17124.511814475267
2024-01-15 04:00:00,7358.837463909902,11993.895588877422,17433.324577041647
2024-01-15 08:00:00,7358.837463909902,12047.009647612924,17444.554676314612
2024-01-15 12:00:00,7358.837463909902,12062.449780966268,17496.828169125904
2024-01-15 16:00:00,7358.837463909902,11925.032594121509,17194.176349250178
2024-01-15 20:00:00,7358.837463909902,12124.827919713776,17541.468460677206
2024-01-16 00:00:00,7358.837463909902,11996.05720754689,17307.394230662365
2024-01-16 04:00:00,7358.837463909902,12131.312775722181,17600.85114961924
2024-01-16 08:00:00,7358.837463909902,12099.197298347226,17727.158293154047
2024-01-16 12:00:00,7358.837463909902,12163.737055764203,17686.435687032863
2024-01-16 16:00:00,7344.119788982082,12267.185949231607,17827.71749545184
2024-01-16 20:00:00,7328.322305383126,12261.627501224402,17823.97327047736
2024-01-17 00:00:00,7334.42247939532,12247.731381206393,17916.02942243593
2024-01-17 04:00:00,7294.456792479059,12182.265215788217,18124.1339219274
2024-01-17 08:00:00,7195.609187766561,12114.946234367637,17792.99649441138
2024-01-17 12:00:00,7294.357298260744,12114.019826366437,18247.121948553704
2024-01-17 16:00:00,7241.063550964039,12095.182863675356,18014.221484919184
2024-01-17 20:00:00,7254.381844533119,12091.786034337621,18109.488872376984
2024-01-18 00:00:00,7286.8369866117655,12123.59270904551,18246.651603116807
2024-01-18 04:00:00,7214.688858273203,12058.435346294398,17976.60082078934
2024-01-18 08:00:00,7260.956771265205,12152.620159749797,18105.830492015375
2024-01-18 12:00:00,7157.63057663576,12058.126543627332,17876.28079991868
2024-01-18 16:00:00,7147.999908044142,12118.960669039507,17874.98021438023
2024-01-18 20:00:00,6991.482072160352,11656.683076440395,16978.041104651842
2024-01-19 00:00:00,6991.482072160352,11736.354164543649,17239.170444464995
2024-01-19 04:00:00,6991.482072160352,11642.478153755319,17049.945327528585
2024-01-19 08:00:00,6991.482072160352,11709.797135175897,17229.442700195155
2024-01-19 12:00:00,6991.482072160352,11758.279153905396,17296.619374767793
2024-01-19 16:00:00,6991.482072160352,11601.716201702491,16840.46071508803
2024-01-19 20:00:00,6991.482072160352,11853.390375361994,17267.750837357427
2024-01-20 00:00:00,6991.482072160352,11801.820329961825,17186.30370395956
2024-01-20 04:00:00,6991.482072160352,11796.879487288756,17173.982509294136
2024-01-20 08:00:00,6991.482072160352,11809.540396638498,17003.703213736637
2024-01-20 12:00:00,6991.482072160352,11784.836183273148,16984.59181263266
2024-01-20 16:00:00,6991.482072160352,11784.527380606081,16853.77236591849
2024-01-20 20:00:00,6991.482072160352,11802.43793529596,16979.53738067194
2024-01-21 00:00:00,6991.482072160352,11813.863633977435,17080.30365722612
2024-01-21 04:00:00,6991.482072160352,11803.673145964227,17076.29992072465
2024-01-21 08:00:00,6991.482072160352,11796.261881954622,17036.2275209524
2024-01-21 12:00:00,6991.482072160352,11822.510108655306,17118.629598230385
2024-01-21 16:00:00,6991.482072160352,11808.30518597023,17042.692862223135
2024-01-21 20:00:00,6991.482072160352,11823.745319323574,17063.03194505196
2024-01-22 00:00:00,6991.482072160352,11777.73372193061,16860.499213643638
2024-01-22 04:00:00,6991.482072160352,11656.683076440395,16612.703335609287
2024-01-22 08:00:00,6991.482072160352,11621.170769727703,16553.19794749724
2024-01-22 12:00:00,6991.482072160352,11570.527132328736,16430.687625123086
2024-01-22 16:00:00,6991.482072160352,11559.719038981397,16298.952245283337
2024-01-22 20:00:00,6991.482072160352,11300.942403979354,15753.28040449943
2024-01-23 00:00:00,6991.482072160352,11212.007235864095,15719.79336729884
2024-01-23 04:00:00,6991.482072160352,11335.528302690846,15949.555285015023
2024-01-23 08:00:00,6991.482072160352,11250.916371914522,15627.08229162536
2024-01-23 12:00:00,6991.482072160352,11018.387963613164,15166.11073290003
2024-01-23 16:00:00,6991.482072160352,11180.200561156207,15527.961267502924
2024-01-23 20:00:00,6991.482072160352,11153.025926454322,15272.914277165619
2024-01-24 00:00:00,6991.482072160352,11345.409988036985,15762.495151514311
2024-01-24 04:00:00,6991.482072160352,11268.518123937332,15610.89388516881
2024-01-24 08:00:00,6991.482072160352,11363.320542726864,15932.336134121302
2024-01-24 12:00:00,6991.482072160352,11409.023337452762,16043.202856474647
2024-01-24 16:00:00,6991.482072160352,11357.76209471966,15982.357503893658
2024-01-24 20:00:00,6991.482072160352,11296.61916664042,15877.40422561234
2024-01-25 00:00:00,6991.482072160352,11376.59905741074,16181.858124810395
2024-01-25 04:00:00,6991.482072160352,11356.83568671846,16117.061314861137
2024-01-25 08:00:00,6991.482072160352,11383.701518753278,16119.070156028552
2024-01-25 12:00:00,6991.482072160352,11392.656796098217,16200.494364711634
2024-01-25 16:00:00,6991.482072160352,11354.365265381924,15931.267435887195
2024-01-25 20:00:00,6991.482072160352,11394.818414767684,16115.538604307301
2024-01-26 00:00:00,6991.482072160352,11378.45187341314,16005.505190794247
2024-01-26 04:00:00,6991.482072160352,11400.685665441955,16150.443150406049
2024-01-26 08:00:00,6977.499108016031,11413.655377458765,16049.13480225476
2024-01-26 12:00:00,7029.554197589008,11737.589375211915,16701.237477779432
2024-01-26 16:00:00,7047.4406488310815,11778.66012993181,16762.439992303756
2024-01-26 20:00:00,7086.156974983232,11969.50017817914,16883.792560990547
2024-01-27 00:00:00,7070.232671738328,11904.651618095095,16823.898935338293
2024-01-27 04:00:00,7088.8799056553635,11909.901263435233,16876.127574719372
2024-01-27 08:00:00,7025.026219084015,11877.168180726143,16684.33666838784
2024-01-27 12:00:00,7059.854986412945,11898.475564753759,16788.84643569772
2024-01-27 16:00:00,7089.534481486606,11917.312527444838,16889.094897562885
2024-01-27 20:00:00,7104.526336084631,11942.634346144321,16930.82134701169
2024-01-28 00:00:00,7140.533784491394,12000.99805021996,17060.85621107234
2024-01-28 04:00:00,7225.026473360031,12020.143815578107,17344.538051060917
2024-01-28 08:00:00,7205.168001641448,12067.081820972271,17250.144500846625
2024-01-28 12:00:00,7284.228605320921,12103.520535686162,17551.730337130175
2024-01-28 16:00:00,7220.569904325872,12028.790290255978,17365.830267231227
2024-01-28 20:00:00,7101.430604345813,11879.638602062678,17003.66127950989
2024-01-29 00:00:00,7166.898125409854,11968.573770177938,17211.266617007634
2024-01-29 04:00:00,7244.054518356848,12049.788871616527,17446.43684585533
2024-01-29 08:00:00,7193.875597591172,11976.602639521678,17306.473982355004
2024-01-29 12:00:00,7237.92381952908,12055.656122290797,17425.2207340612
2024-01-29 16:00:00,7348.913454899572,12192.146901134356,17765.728727293666
2024-01-29 20:00:00,7394.596954905321,12280.155661248415,17868.13051986165
2024-01-30 00:00:00,7457.149246473953,12345.00422133246,18035.317348308803
2024-01-30 04:00:00,7469.040046905086,12402.132714739831,18074.679204855976
2024-01-30 08:00:00,7491.279531414559,12380.825330712216,18175.459209612214
2024-01-30 12:00:00,7574.284113112666,12415.102426756639,18490.97835351489
2024-01-30 16:00:00,7561.28198029496,12369.090829363675,18389.96024471793
2024-01-30 20:00:00,7617.000485560462,12412.014400085971,18507.178237775363
2024-01-31 00:00:00,7447.427276459684,12233.835261188384,17992.70609347111
2024-01-31 04:00:00,7459.67536303353,12265.950738563339,18009.95063687038
2024-01-31 08:00:00,7475.555450143202,12294.36058393349,18069.159426563834
2024-01-31 12:00:00,7297.9929937410025,12143.664882404857,17659.48370253598
2024-01-31 16:00:00,7337.653196147042,12337.901759989922,17998.336716338832
2024-01-31 20:00:00,7337.274879430926,12336.04894398752,17947.48702064674
2024-02-01 00:00:00,7303.793850054763,12172.074727775009,17465.416986073662
2024-02-01 04:00:00,7253.345315960849,11996.983615548092,16996.564886248554
2024-02-01 08:00:00,7253.345315960849,12075.419492983077,17225.930940125436
2024-02-01 12:00:00,7253.345315960849,12021.379026246374,17226.25887043452
2024-02-01 16:00:00,7253.345315960849,12130.077565053914,17331.937810388205
2024-02-01 20:00:00,7253.345315960849,12277.68523991188,17544.806018499647
2024-02-02 00:00:00,7253.345315960849,12238.15849852732,17523.067403875393
2024-02-02 04:00:00,7253.345315960849,12217.159917166773,17620.57952797786
2024-02-02 08:00:00,7253.345315960849,12235.996879857852,17886.786125000093
2024-02-02 12:00:00,7253.345315960849,12247.11377587226,17967.357331180996
2024-02-02 16:00:00,7253.345315960849,12349.636261338463,18007.530730808627
2024-02-02 20:00:00,7253.345315960849,12321.226415968309,17820.438231153512
2024-02-03 00:00:00,7253.345315960849,12346.548234667793,17935.703861667385
2024-02-03 04:00:00,7253.345315960849,12341.298589327656,17825.03572798113
2024-02-03 08:00:00,7253.345315960849,12312.27113862337,17790.300908334248
2024-02-03 12:00:00,7253.345315960849,12307.3302959503,17736.624512236227
2024-02-03 16:00:00,7253.345315960849,12345.621826666593,17690.99686859447
2024-02-03 20:00:00,7253.345315960849,12330.490495980315,17690.3135633193
2024-02-04 00:00:00,7253.345315960849,12311.035927955103,17644.879649252423
2024-02-04 04:00:00,7253.345315960849,12315.35916529404,17707.97005533216
2024-02-04 08:00:00,7253.345315960849,12269.038765234007,17484.093919444458
2024-02-04 12:00:00,7253.345315960849,12324.623245306046,17667.140535416533
2024-02-04 16:00:00,7253.345315960849,12285.096503921484,17620.11747998984
2024-02-04 20:00:00,7253.345315960849,12208.204639821834,17423.181838968412
2024-02-05 00:00:00,7253.345315960849,12204.49900781703,17364.812182070113
2024-02-05 04:00:00,7253.345315960849,12236.614485191985,17439.234483720677
2024-02-05 08:00:00,7253.345315960849,12332.343311982717,17650.83360575904
2024-02-05 12:00:00,7224.331934697006,12387.001384053554,17755.71499303507
2024-02-05 16:00:00,7162.761057513221,12266.568343897472,17464.320497347268
2024-02-05 20:00:00,7166.00280106991,12293.43417593229,17506.943599204056
2024-02-06 00:00:00,7163.767115858401,12278.920450580148,17462.773883114467
2024-02-06 04:00:00,7179.640480860118,12313.197546624571,17536.544232632084
2024-02-06 08:00:00,7186.571105015797,12314.741559959904,17513.548457814948
2024-02-06 12:00:00,7186.571105015797,12306.095085282033,17355.360499434293
2024-02-06 16:00:00,7191.163280455002,12412.632005420104,17559.998144863646
2024-02-06 20:00:00,7229.613404682265,12421.278480097977,17798.935007210905
2024-02-07 00:00:00,7209.9784199922815,12357.356328015134,17685.479126467748
2024-02-07 04:00:00,7169.995324746556,12275.214818575345,17529.29295632438
2024-02-07 08:00:00,7164.629680238934,12300.227834607762,17526.708348145825
2024-02-07 12:00:00,7165.97109136584,12316.594375962306,17492.696654873755
2024-02-07 16:00:00,7175.919890557057,12361.061960019937,17640.97726416726
2024-02-07 20:00:00,7208.311980746705,12493.229501524558,17819.946466920785
2024-02-08 00:00:00,7236.995758793526,12687.466379109623,18313.25443814866
2024-02-08 04:00:00,7264.268414342834,12745.521280518196,18387.625207720863
2024-02-08 08:00:00,7230.84623213972,12738.11001650859,18273.408256288196
2024-02-08 12:00:00,7269.791548742556,12824.574763287315,18376.21784696897
2024-02-08 16:00:00,7416.609300451058,13015.723614201712,18854.400589856075
2024-02-08 20:00:00,7315.346031920386,12963.53596346741,18526.398398593003
2024-02-09 00:00:00,7321.606417406878,12966.623990138078,18565.906400873177
2024-02-09 04:00:00,7430.855257578405,13191.74113442983,18847.917811432577
2024-02-09 08:00:00,7460.501980418017,13224.474217138919,18956.439500191416
2024-02-09 12:00:00,7592.670961838587,13531.115265536326,19218.670389910974
2024-02-09 16:00:00,7558.084870531761,13489.11810281523,19128.121921109716
2024-02-09 20:00:00,7553.535678281161,13587.00854827543,19081.886891760016
2024-02-10 00:00:00,7527.666613628748,13396.786105362235,19126.432052179145
2024-02-10 04:00:00,7662.62905131339,13478.001206800824,19597.83953800841
2024-02-10 08:00:00,7616.109817772851,13472.133956126552,19413.11420734794
2024-02-10 12:00:00,7559.477724155653,13422.107924061718,19261.00530998472
2024-02-10 16:00:00,7601.566604597529,13496.22056415777,19373.02493095584
2024-02-10 20:00:00,7634.475327094169,13549.952228227405,19467.260998718004
2024-02-11 00:00:00,7640.044498322366,13604.919102965308,19460.523007078198
2024-02-11 04:00:00,7691.223763749684,13752.526777823276,19547.975714227057
2024-02-11 08:00:00,7694.345492441464,13717.632076444717,19564.280374141585
2024-02-11 12:00:00,7714.347815921517,13769.81972717902,19618.355852295732
2024-02-11 16:00:00,7669.249328512096,13722.572919117787,19497.199659098253
2024-02-11 20:00:00,7658.340047226306,13749.129948485539,19439.772087717007
2024-02-12 00:00:00,7647.584673328215,13769.510924511953,19374.981064303363
2024-02-12 04:00:00,7608.59837169662,13752.835580490342,19275.879801150724
2024-02-12 08:00:00,7614.23171983644,13775.686977853291,19241.5124860788
2024-02-12 12:00:00,7599.544750759294,13729.057775126192,19079.60974355117
2024-02-12 16:00:00,7787.308489588313,14313.003618549652,19863.352559349398
2024-02-12 20:00:00,7802.626006711136,14155.823061012614,19935.826028903055
2024-02-13 00:00:00,7868.024748531254,14286.137786514835,20284.001447410163
2024-02-13 04:00:00,7864.249947806491,14245.06703179494,20364.509266696994
2024-02-13 08:00:00,7909.18141218573,14317.326855888588,20506.141275179958
2024-02-13 12:00:00,7952.477041166347,14320.414882559258,20588.95342914953
2024-02-13 16:00:00,7788.513319293372,14027.052348845727,20098.16502551709
2024-02-13 20:00:00,7833.159403356338,14164.160733023418,20279.576952855656
2024-02-14 00:00:00,7913.103932307615,14337.090226580869,20469.50675732889
2024-02-14 04:00:00,7885.125071943819,14280.57933850763,20385.648969875645
2024-02-14 08:00:00,7948.006303167149,14383.101823973833,20563.25885573671
2024-02-14 12:00:00,8202.006642207596,14866.995603267627,21148.40649898316
2024-02-14 16:00:00,8211.309735619741,14861.128352593356,21234.24167626063
2024-02-14 20:00:00,8208.391565703456,14877.186091280833,21170.07576735954
2024-02-15 00:00:00,8253.043144886975,14916.712832665393,21307.673265253645
2024-02-15 04:00:00,8317.358610278912,15080.06944354377,21424.40079807359
2024-02-15 08:00:00,8208.732428629832,14913.933608661791,21100.534445231933
2024-02-15 12:00:00,8278.509900919047,15066.482126192828,21278.90690892715
2024-02-15 16:00:00,8225.236506443884,14912.389595326456,21020.8315221108
2024-02-15 20:00:00,8234.213368167164,14926.594518011534,21030.330178441705
2024-02-16 00:00:00,8196.789994276729,14878.112499282033,20926.449777699985
2024-02-16 04:00:00,8257.375538327437,15007.809619450121,21050.297704395747
2024-02-16 08:00:00,8128.19746747591,14846.614627241213,20699.242539330786
2024-02-16 12:00:00,8159.1700293949625,14971.37090473623,20815.76026954868
2024-02-16 16:00:00,8091.744403364678,14879.038907283235,20462.287090750397
2024-02-16 20:00:00,8068.590771417009,14834.88012589267,20289.85905338604
2024-02-17 00:00:00,8134.629042870764,14951.916336711018,20608.07778984071
2024-02-17 04:00:00,8115.791585685723,14904.051923315652,20513.415204427478
2024-02-17 08:00:00,8113.643627443132,14887.685381961108,20570.0593815339
2024-02-17 12:00:00,8085.072980643492,14820.057597873461,20420.015570362026
2024-02-17 16:00:00,7978.651123090846,14603.278125592515,20065.288167196817
2024-02-17 20:00:00,7978.651123090846,14744.709747109144,20248.382889726643
2024-02-18 00:00:00,7978.651123090846,14811.102320528522,20380.079743041926
2024-02-18 04:00:00,7978.651123090846,14762.92910446609,20304.73217950905
2024-02-18 08:00:00,7978.651123090846,14815.425557867458,20430.2230239351
2024-02-18 12:00:00,7978.651123090846,14865.142787265226,20720.703820064136
2024-02-18 16:00:00,7978.651123090846,14837.041744562139,20761.029774097937
2024-02-18 20:00:00,7978.651123090846,14842.600192569344,20839.161205825138
2024-02-19 00:00:00,7962.6938208446645,14937.402611358873,20884.688977054342
2024-02-19 04:00:00,7968.2673116374335,14923.81529400793,20837.275634909438
2024-02-19 08:00:00,7990.273908011872,15017.073699462127,21085.783368398283
2024-02-19 12:00:00,7979.618051077129,15013.676870124393,21011.45006797278
2024-02-19 16:00:00,7949.164676952443,14953.151547379284,21091.583878341433
2024-02-19 20:00:00,7913.6011992320855,14852.481877915483,20912.6744353161
2024-02-20 00:00:00,7912.715112899252,14842.291389902277,20883.58636936741
2024-02-20 04:00:00,7797.763881017704,14798.132608511713,20619.169451663496
2024-02-20 08:00:00,7810.005655437535,14869.157221937094,20647.58455623409
2024-02-20 12:00:00,7816.474885821998,14957.47478471822,20758.046861226903
2024-02-20 16:00:00,7802.939265325274,14766.325933803826,20266.01703358841
2024-02-20 20:00:00,7862.655238104939,14901.581501979117,20497.0768556425
2024-02-21 00:00:00,7885.7454142464085,14928.756136681,20628.7125583827
2024-02-21 04:00:00,7875.394645631266,14848.776245910682,20394.42557417012
2024-02-21 08:00:00,7818.7639981118855,14738.533693767806,20106.34410081955
2024-02-21 12:00:00,7766.598512930483,14580.735530896633,19782.448983963644
2024-02-21 16:00:00,7766.598512930483,14627.364733623732,19929.561370153773
2024-02-21 20:00:00,7766.598512930483,14590.617216242774,19720.83170020859
2024-02-22 00:00:00,7766.598512930483,14806.779083189585,20169.634429870435
2024-02-22 04:00:00,7766.598512930483,14719.696731076727,19933.27599871663
2024-02-22 08:00:00,7766.598512930483,14757.061853791818,20155.936256594585
2024-02-22 12:00:00,7766.598512930483,14687.890056368838,20197.541795116093
2024-02-22 16:00:00,7766.598512930483,14736.06327243127,20208.451565552237
2024-02-22 20:00:00,7766.598512930483,14696.536531046711,19989.55793193527
2024-02-23 00:00:00,7766.598512930483,14631.687970962668,19763.372196921067
2024-02-23 04:00:00,7766.598512930483,14579.1915175613,19729.873476701152
2024-02-23 08:00:00,7766.598512930483,14527.003866826997,19689.308718876026
2024-02-23 12:00:00,7766.598512930483,14616.55664027639,19817.937819082646
2024-02-23 16:00:00,7766.598512930483,14529.474288163532,19494.26065109158
2024-02-23 20:00:00,7766.598512930483,14577.956306893031,19662.553688958076
2024-02-24 00:00:00,7766.598512930483,14469.875373419625,19436.58978080362
2024-02-24 04:00:00,7766.598512930483,14503.226061462849,19500.298183932442
2024-02-24 08:00:00,7766.598512930483,14569.618634882227,19773.430218612368
2024-02-24 12:00:00,7766.598512930483,14578.573912227164,19760.66036858609
2024-02-24 16:00:00,7766.598512930483,14573.633069554095,19738.314463078656
2024-02-24 20:00:00,7766.598512930483,14701.477373719781,20041.39306027528
2024-02-25 00:00:00,7766.598512930483,14700.859768385648,20043.298916965032
2024-02-25 04:00:00,7751.0653159046215,14715.064691070724,20023.46378395875
2024-02-25 08:00:00,7758.025381962738,14744.400944442077,20008.29343432354
2024-02-25 12:00:00,7769.161487655723,14728.652008421666,20002.816985087855
2024-02-25 16:00:00,7770.831903509671,14693.75730704311,19987.161993683058
2024-02-25 20:00:00,7802.198601211581,14732.975245760603,20109.257586555377
2024-02-26 00:00:00,7818.453859989742,14765.399525802624,20198.229643690975
2024-02-26 04:00:00,7803.749253335709,14718.46152040846,20169.144462693876
2024-02-26 08:00:00,7766.162467219101,14622.423890950662,20070.9677972027
2024-02-26 12:00:00,7707.385021426835,14543.679210848608,19738.293827889247
2024-02-26 16:00:00,7750.42142270624,15023.558555470532,20428.032915301184
2024-02-26 20:00:00,7964.661524381492,15479.968897395373,21101.506881711233
2024-02-27 00:00:00,7954.52693852785,15449.397433355753,21085.58624743036
2024-02-27 04:00:00,8058.036335182807,15803.902895148525,21293.627365559478
2024-02-27 08:00:00,8092.418918058777,15937.614449988481,21389.576942464973
2024-02-27 12:00:00,8179.699687133858,16080.898887507512,21615.090652805447
2024-02-27 16:00:00,8058.876653700744,16149.144276929292,21125.10913001071
2024-02-27 20:00:00,8144.512865508761,16302.928005128595,21379.477817559506
2024-02-28 00:00:00,8125.921148911414,16240.858669048153,21341.460664076596
2024-02-28 04:00:00,8115.560890763927,16225.109733027743,21283.369685877304
2024-02-28 08:00:00,8297.289234756294,16625.62679221348,21774.496340176902
2024-02-28 12:00:00,8354.055090134458,16812.45240578894,21961.242066780334
2024-02-28 16:00:00,8526.140120165193,17381.884523860255,22372.6314021751
2024-02-28 20:00:00,8438.418255732511,17360.268337165573,22120.22634640456
2024-02-29 00:00:00,8757.021671998693,17771.59348969865,23142.31744876237
2024-02-29 04:00:00,8828.967047274238,17504.479182685805,23509.88867446721
2024-02-29 08:00:00,8982.057705458847,17838.91247111923,23893.489816661197
2024-02-29 12:00:00,9139.469367937887,17919.20116455662,24440.21681099828
2024-02-29 16:00:00,9184.773932803912,17889.24730585113,24730.443587334128
2024-02-29 20:00:00,9036.17285018762,17593.72315346813,24342.03339406409
2024-03-01 00:00:00,8851.433081040865,17461.24680929644,23741.72801211504
2024-03-01 04:00:00,9062.005223309,17428.204923920286,24607.05317120645
2024-03-01 08:00:00,9024.84314004727,17525.168961379284,24413.38348215768
2024-03-01 12:00:00,9170.456629518209,17650.851646875504,24887.20489535502
2024-03-01 16:00:00,9008.927961238147,17449.203505280835,24331.779937985866
2024-03-01 20:00:00,9084.992149465808,17729.596326977557,24463.918544321285
2024-03-02 00:00:00,9056.06136152832,17757.07976434651,24319.638691752894
2024-03-02 04:00:00,9078.322557978112,17743.1836443285,24398.18694042448
2024-03-02 08:00:00,9036.401221088538,17667.835793564183,24273.88840885518
2024-03-02 12:00:00,8993.061458289942,17614.72173482868,24165.92612267709
2024-03-02 16:00:00,8985.185415035672,17602.987233480137,24108.498426400933
2024-03-02 20:00:00,9065.223968070335,17698.71606027087,24398.335870399562
2024-03-03 00:00:00,9042.599408102798,17644.366790867098,24327.469774978046
2024-03-03 04:00:00,9000.810052237592,17618.118564166416,24216.208233150588
2024-03-03 08:00:00,8884.348881641235,17557.902044088376,23933.650458789416
2024-03-03 12:00:00,8884.348881641235,17606.69286548494,24170.081159827394
2024-03-03 16:00:00,8884.348881641235,17706.43612694754,24278.957395552967
2024-03-03 20:00:00,8884.348881641235,17885.23287117926,24478.328679248105
2024-03-04 00:00:00,8848.81148611467,17973.24163129332,24544.22557652858
2024-03-04 04:00:00,8852.49367608333,18073.293695422988,24423.10443157111
2024-03-04 08:00:00,8888.265786837259,18255.17846632538,24568.936285644973
2024-03-04 12:00:00,8964.345227191745,18584.9797147528,24998.06325246678
2024-03-04 16:00:00,9056.536041519576,18890.694355149008,25083.733060522656
2024-03-04 20:00:00,9128.05795345773,19158.735070163053,25001.7890044061
2024-03-05 00:00:00,9185.71259083588,19414.423678494426,25520.924697243783
2024-03-05 04:00:00,9159.159604500492,19373.044121107465,25263.465298469942
2024-03-05 08:00:00,9033.263505100633,18819.97854439069,25023.574870221062
2024-03-05 12:00:00,9110.630063770685,18978.703115263066,25274.07828500478
2024-03-05 16:00:00,9126.765396875193,18963.262981909724,26148.728987338225
2024-03-05 20:00:00,8059.870059136172,17282.141262397654,23020.819313772816
2024-03-06 00:00:00,8059.870059136172,18172.419351551456,24219.95985742252
2024-03-06 04:00:00,8059.870059136172,18043.339836717503,23866.256698771656
2024-03-06 08:00:00,8043.7503190178995,19015.75943531109,25677.135128059297
2024-03-06 12:00:00,8099.062248967364,19119.208328778495,25625.97409253547
2024-03-06 16:00:00,8026.311696658833,18816.58171505296,24963.69886426565
2024-03-06 20:00:00,8075.631500863772,18926.2066618617,25387.797311807295
2024-03-07 00:00:00,8049.819266887355,18724.867322934097,25239.73313475176
2024-03-07 04:00:00,8017.323508042045,18664.03319752192,25894.604272973516
2024-03-07 08:00:00,8030.6137356549025,18804.847213704415,25997.975339819714
2024-03-07 12:00:00,8013.402480973393,18960.48375790612,26278.99230687273
2024-03-07 16:00:00,8134.19251598385,19023.170699320697,26870.693096815077
2024-03-07 20:00:00,8202.067293419965,19049.41892602138,27184.00404408579
2024-03-08 00:00:00,8111.1817526673185,18852.094021765646,26626.824477066577
2024-03-08 04:00:00,8139.904824119709,18947.205243222244,26741.098440564285
2024-03-08 08:00:00,8161.219679011689,19011.436197972154,26847.37428420008
2024-03-08 12:00:00,8275.909841501949,19138.045291469574,27394.796757791763
2024-03-08 16:00:00,8162.589872353388,19079.990390061,26908.66085886856
2024-03-08 20:00:00,8219.671868310848,19432.95183851844,27335.72942194355
2024-03-09 00:00:00,8107.793966468964,19256.316712956188,26904.236281927566
2024-03-09 04:00:00,8158.426175116745,19298.62267834435,27068.89564208481
2024-03-09 08:00:00,8209.10862157784,19303.872323684485,27336.44064240205
2024-03-09 12:00:00,8172.705705548875,19303.872323684485,27167.58396839873
2024-03-09 16:00:00,8176.778382153829,19301.093099680882,27187.649485383467
2024-03-09 20:00:00,8118.102206830759,19272.065648976597,26963.225512393496
2024-03-10 00:00:00,8119.886777560166,19291.829019668876,26906.473446324824
2024-03-10 04:00:00,8206.685872127484,19509.534899951024,27230.8539391691
2024-03-10 08:00:00,8256.831765756975,19589.205988054277,27442.652343297865
2024-03-10 12:00:00,8208.44334053893,19646.33448146165,27180.393146503513
2024-03-10 16:00:00,8099.565499977034,19546.900022666116,26838.082978902683
2024-03-10 20:00:00,8120.536873553485,19614.527806753762,27083.602533550227
2024-03-11 00:00:00,8070.230890662833,19476.49301457487,26925.688716471013
2024-03-11 04:00:00,8057.856593823182,19385.705030457208,26550.293909519507
2024-03-11 08:00:00,8122.559012694208,19979.841361893876,27584.363641618642
2024-03-11 12:00:00,8166.714608425056,20151.844447450123,27727.167618978252
2024-03-11 16:00:00,8185.701967286495,20326.00915167584,27679.633649363495
2024-03-11 20:00:00,8188.644850615921,20301.30493831049,27626.334055261563
2024-03-12 00:00:00,8194.144771051408,20317.0538743309,27873.79785645892
2024-03-12 04:00:00,8185.313790941592,20175.313450147205,27978.89598798645
2024-03-12 08:00:00,8235.850980439607,20357.507023716662,28174.00747358041
2024-03-12 12:00:00,8216.614256557006,20361.8302610556,28059.182532155377
2024-03-12 16:00:00,8186.038474110723,20299.14331964102,27983.11402305065
2024-03-12 20:00:00,8157.899790780206,20189.82717549935,27893.16252710652
2024-03-13 00:00:00,8175.456104347538,20195.385623506554,27996.380251673872
2024-03-13 04:00:00,8209.773657321351,20359.668642386132,27974.580404508215
2024-03-13 08:00:00,8265.56123881869,20596.520288026422,28194.565228789914
2024-03-13 12:00:00,8327.489922186778,20643.149490753523,28509.61583190957
2024-03-13 16:00:00,8317.844131745767,20533.215741277716,28705.628216037614
2024-03-13 20:00:00,8447.839770665294,20728.070224196912,29270.519199696915
2024-03-14 00:00:00,8472.322818993714,20621.842106725908,29464.76507081189
2024-03-14 04:00:00,8541.178807338854,20685.76425880875,29850.42432319397
2024-03-14 08:00:00,8535.176396013232,20679.89700813448,29891.895943571042
2024-03-14 12:00:00,8588.533657347733,20590.344234685086,30344.16823814057
2024-03-14 16:00:00,8420.62995446071,20107.99446872663,29562.53559514366
2024-03-14 20:00:00,8322.528600899535,19670.1122868258,28755.603358853983
2024-03-15 00:00:00,8584.394338261229,20278.144738280476,30611.203091017487
2024-03-15 04:00:00,8576.333906405502,19386.32263579134,30037.39287182613
2024-03-15 08:00:00,8576.923694102261,19428.319798512435,30095.349626172385
2024-03-15 12:00:00,8458.376367053386,19193.012166207478,29227.743138455324
2024-03-15 16:00:00,8678.170582046161,19352.663145081053,30558.26378380233
2024-03-15 20:00:00,8708.24975458095,19582.10352671174,30806.681591357486
2024-03-16 00:00:00,8718.86593312264,19730.637609570906,30991.285190064995
2024-03-16 04:00:00,8781.383428979261,19619.7774520939,31297.534436084446
2024-03-16 08:00:00,8880.074570237197,19725.079161563703,31910.77112713291
2024-03-16 12:00:00,8879.877974338277,19394.660307802147,31729.189482558682
2024-03-16 16:00:00,8923.32566799964,19423.9965611735,31970.8049508891
2024-03-16 20:00:00,8646.12545052217,18972.52706192173,30111.04335891364
2024-03-17 00:00:00,8674.238664067758,18477.516386613526,29984.351358722655
2024-03-17 04:00:00,8758.77490060344,18851.78521909858,30664.222548484406
2024-03-17 08:00:00,8670.110150190432,18551.320224042513,29908.27070193464
2024-03-17 12:00:00,8857.072850063534,19007.421763300285,31302.6871499918
2024-03-17 16:00:00,8921.949496707199,19315.606825033028,31851.613700831625
2024-03-17 20:00:00,8937.677168620812,19518.79897996303,32052.50714316225
2024-03-18 00:00:00,9035.188734485228,19423.9965611735,32556.11815360833
2024-03-18 04:00:00,9069.396420897341,19251.067067616048,32626.99724991969
2024-03-18 08:00:00,9062.712160334055,19344.634275737313,32661.508188064236
2024-03-18 12:00:00,9149.8041435557,19320.547667706098,33094.994423357304
2024-03-18 16:00:00,9073.131742976824,19138.971699470774,32499.764618234345
2024-03-18 20:00:00,8981.124862282175,19014.524224642824,31874.30715225445
2024-03-19 00:00:00,8935.90780553053,19187.14491553321,31730.325745664737
2024-03-19 04:00:00,8707.713047776899,18714.985637587954,30237.190394851306
2024-03-19 08:00:00,8707.713047776899,18384.875586493465,30268.106996929608
2024-03-19 12:00:00,8707.713047776899,17903.761031203274,29082.932640371604
2024-03-19 16:00:00,8707.713047776899,18207.005250262944,29766.68704615703
2024-03-19 20:00:00,8707.713047776899,18307.057314392612,29719.615292326438
2024-03-20 00:00:00,8707.713047776899,17576.739006779455,27967.60252327501
2024-03-20 04:00:00,8707.713047776899,17563.769294762646,27982.94493366078
2024-03-20 08:00:00,8707.713047776899,17924.14200722969,29207.235899589643
2024-03-20 12:00:00,8707.713047776899,18093.98347411647,28672.618783508377
2024-03-20 16:00:00,8707.713047776899,18104.482764796743,28488.786078804707
2024-03-20 20:00:00,8707.713047776899,18624.81525880443,29883.876294589798
2024-03-21 00:00:00,8707.713047776899,19174.1752035164,31177.041072251268
2024-03-21 04:00:00,8707.713047776899,18837.88909908057,30904.875880389103
2024-03-21 08:00:00,8707.713047776899,18965.733403246257,30824.053521956004
2024-03-21 12:00:00,8707.713047776899,19005.260144630818,30946.00768666018
2024-03-21 16:00:00,8707.713047776899,18929.294688532365,30560.406626084907
2024-03-21 20:00:00,8707.713047776899,18555.33465871438,29624.103744163185
2024-03-22 00:00:00,8707.713047776899,18628.8296934763,29857.09955968877
2024-03-22 04:00:00,8690.297621681344,18804.229608370282,29958.151577133038
2024-03-22 08:00:00,8686.457533265715,18891.003157816074,30019.64384720676
2024-03-22 12:00:00,8600.99323992251,18349.054477113707,28959.116737212047
2024-03-22 16:00:00,8558.216441060029,18270.000994344588,28842.80427262377
2024-03-22 20:00:00,8554.554961407917,18291.925983706336,28977.39213688607
2024-03-23 00:00:00,8550.357655465252,18265.368954338584,29206.12925226243
2024-03-23 04:00:00,8505.020857195272,18186.624274236532,28786.160506974924
2024-03-23 08:00:00,8505.020857195272,18489.559690629136,29405.683857323296
2024-03-23 12:00:00,8505.020857195272,18499.13257330821,29387.27624216138
2024-03-23 16:00:00,8505.020857195272,18635.932154818835,29426.014497866818
2024-03-23 20:00:00,8505.020857195272,18551.011421375446,29315.7205661021
2024-03-24 00:00:00,8505.020857195272,18294.39640504287,28912.88187015413
2024-03-24 04:00:00,8505.020857195272,18299.337247715943,28799.07536441192
2024-03-24 08:00:00,8505.020857195272,18486.780466625536,29111.545789311025
2024-03-24 12:00:00,8505.020857195272,18693.67825356034,29382.739322982405
2024-03-24 16:00:00,8505.020857195272,18772.422933662394,29537.051934477
2024-03-24 20:00:00,8505.020857195272,18818.434531055358,29511.778458244837
2024-03-25 00:00:00,8488.01081548088,19201.041035551218,30547.74036315747
2024-03-25 04:00:00,8475.812618815613,19233.46531559324,30642.112860601355
2024-03-25 08:00:00,8469.863075317593,19087.710456737674,30686.420588974845
2024-03-25 12:00:00,8497.979040574199,19066.09427004299,30874.61915401342
2024-03-25 16:00:00,8671.103586544403,19884.112535103144,31820.88328615591
2024-03-25 20:00:00,8753.652335292587,20220.39863953897,31947.893824807878
2024-03-26 00:00:00,8610.508017920547,19880.715705765408,31402.110603073535
2024-03-26 04:00:00,8709.944420935279,20053.64519932286,31818.412143237765
2024-03-26 08:00:00,8758.448830904956,20079.275820689407,32086.36625389721
2024-03-26 12:00:00,8762.181180976972,20113.8617194009,32124.664709051234
2024-03-26 16:00:00,8664.212575289144,20023.69134061737,31636.04477202426
2024-03-26 20:00:00,8570.84675127652,19791.78053765015,31290.38899996872
2024-03-27 00:00:00,8646.151850026083,19942.476239178784,31596.83748921736
2024-03-27 04:00:00,8675.572448650131,20071.555754012737,31639.63633661736
2024-03-27 08:00:00,8565.266910312872,19874.53965242407,31172.333017947756
2024-03-27 12:00:00,8637.942387103354,20036.352249967113,31466.372725090132
2024-03-27 16:00:00,8397.611888380548,19650.966521467653,30473.55850200182
2024-03-27 20:00:00,8350.422834193554,19578.397894706937,30573.59520480094
2024-03-28 00:00:00,8387.536580944907,19829.763265699374,31066.97517111982
2024-03-28 04:00:00,8378.873667084026,19771.090758956667,30585.614499609896
2024-03-28 08:00:00,8432.49254445453,20134.24269542731,31411.43874997019
2024-03-28 12:00:00,8445.851669513677,20224.721876877906,31264.579930678785
2024-03-28 16:00:00,8467.508954165878,20371.40314373467,31479.186690780087
2024-03-28 20:00:00,8451.277389247596,20261.469394258864,31360.755027629963
2024-03-29 00:00:00,8449.271240774551,20247.88207690792,31650.07194984564
2024-03-29 04:00:00,8439.833224094538,20183.959924825078,31545.35661959579
2024-03-29 08:00:00,8413.844482511897,20007.94240459696,30968.742471108177
2024-03-29 12:00:00,8428.069898957132,20104.288836721826,31246.466026430582
2024-03-29 16:00:00,8367.023712808012,19809.69109234003,30961.977095769616
2024-03-29 20:00:00,8367.023712808012,19955.44595119559,31319.396154196023
2024-03-30 00:00:00,8350.289665382395,20003.310364590958,31790.074255720858
2024-03-30 04:00:00,8361.72708895476,19970.268479214803,31830.892106696312
2024-03-30 08:00:00,8401.993087010893,19979.53255922681,32124.206289029626
2024-03-30 12:00:00,8433.171817023229,20088.84870336848,32485.2703637913
2024-03-30 16:00:00,8412.333771336593,20039.74907930485,32287.507416609762
2024-03-30 20:00:00,8401.209701834703,20015.66247127363,32161.62108471476
2024-03-31 00:00:00,8384.601936099489,19942.167436511714,32016.429401575933
2024-03-31 04:00:00,8384.915290169965,20028.940985957506,32089.131711615697
2024-03-31 08:00:00,8403.014560489954,20128.684247420108,32499.302597278376
2024-03-31 12:00:00,8378.370306226108,20151.22684211599,32394.104569533276
2024-03-31 16:00:00,8383.557476598187,20158.638106125596,32392.25808736555
2024-03-31 20:00:00,8461.010954043213,20341.758087696253,32930.65249627794
2024-04-01 00:00:00,8482.073409157654,20398.577778436556,33195.69841533011
2024-04-01 04:00:00,8432.311624478272,20201.252874180824,33103.18304921212
2024-04-01 08:00:00,8262.854859726827,19959.769188534527,32499.714584134133
2024-04-01 12:00:00,8221.492122424028,19906.037524464893,32167.980291620708
2024-04-01 16:00:00,8114.438464494837,19649.11370546525,31320.790865981737
2024-04-01 20:00:00,8114.438464494837,20054.57160732406,32063.31526219166
2024-04-02 00:00:00,8114.438464494837,20053.33639665579,31949.871554383746
2024-04-02 04:00:00,8114.438464494837,19235.935736929772,30631.909615558623
2024-04-02 08:00:00,8114.438464494837,19138.35409413664,30515.30257987638
2024-04-02 12:00:00,8114.438464494837,18850.241205763246,29925.915071918946
2024-04-02 16:00:00,8114.438464494837,18641.490602826038,29517.36652660542
2024-04-02 20:00:00,8114.438464494837,18971.600653920526,30552.331557844023
2024-04-03 00:00:00,8114.438464494837,18807.008832373882,30043.39530773795
2024-04-03 04:00:00,8114.438464494837,19017.61225131349,30882.29823284386
2024-04-03 08:00:00,8114.438464494837,19023.78830465483,31025.976102719367
2024-04-03 12:00:00,8114.438464494837,18954.61650723185,30791.648153819166
2024-04-03 16:00:00,8114.438464494837,18802.68559503495,30766.20036978717
2024-04-03 20:00:00,8114.438464494837,18779.216592337863,30370.205382722725
2024-04-04 00:00:00,8114.438464494837,18813.18488571522,30294.391621745213
2024-04-04 04:00:00,8114.438464494837,18709.42718958075,29834.350052170554
2024-04-04 08:00:00,8114.438464494837,18811.640872379885,30252.723141029714
2024-04-04 12:00:00,8114.438464494837,18890.38555248194,30373.635397617058
2024-04-04 16:00:00,8114.438464494837,19254.77269962085,30671.50455347469
2024-04-04 20:00:00,8114.438464494837,19547.208825333182,30700.071424650883
2024-04-05 00:00:00,8114.438464494837,19546.59121999905,30459.76594252545
2024-04-05 04:00:00,8114.438464494837,19383.543411787738,29926.196261160774
2024-04-05 08:00:00,8114.438464494837,19084.622430067004,29300.970398005957
2024-04-05 12:00:00,8114.438464494837,18960.48375790612,28638.599053600898
2024-04-05 16:00:00,8114.438464494837,19449.318379872984,29577.22837596048
2024-04-05 20:00:00,8114.438464494837,19229.45088092137,29433.007478416286
2024-04-06 00:00:00,8114.438464494837,19342.781459734913,29366.99282517984
2024-04-06 04:00:00,8114.438464494837,19333.208577055837,29549.110170472664
2024-04-06 08:00:00,8114.438464494837,19405.777203816553,29720.49173289888
2024-04-06 12:00:00,8114.438464494837,19317.459641035428,29537.43249404818
2024-04-06 16:00:00,8114.438464494837,19434.80465452084,29724.907630804675
2024-04-06 20:00:00,8114.438464494837,19481.43385724794,29784.792513905228
2024-04-07 00:00:00,8098.209587565847,19639.540822786177,29953.28892171908
2024-04-07 04:00:00,8101.7496813244525,19783.134062972276,30260.582232097506
2024-04-07 08:00:00,8099.030737030633,19780.972444302806,30167.80246618022
2024-04-07 12:00:00,8105.236979749407,19789.61891898068,30283.19605610874
2024-04-07 16:00:00,8106.88863857855,19823.587212358038,30162.02626444467
2024-04-07 20:00:00,8073.842432053804,19659.612996145526,29923.138471827224
2024-04-08 00:00:00,8151.32692059846,19770.7819562896,30221.640168094316
2024-04-08 04:00:00,8130.891128941274,19801.971025663355,29865.64558193712
2024-04-08 08:00:00,8218.383546836318,20149.682828780657,30442.424582263273
2024-04-08 12:00:00,8393.93236636243,20627.709357400177,31087.685034660582
2024-04-08 16:00:00,8327.252960654092,20398.26897576949,30814.27643625846
2024-04-08 20:00:00,8358.069579072115,20405.37143711203,30720.234954693726
2024-04-09 00:00:00,8354.643060528462,20349.478154372922,30778.022314565525
2024-04-09 04:00:00,8289.672886514965,20269.189460935537,30464.448924556193
2024-04-09 08:00:00,8219.210526199346,20036.969855301246,30143.97730539296
2024-04-09 12:00:00,8226.712915775928,20140.41874876865,30221.25497979387
2024-04-09 16:00:00,8071.571687376751,19714.271068216363,29558.036890771495
2024-04-09 20:00:00,8059.897851235494,19633.673572111908,29698.72831874891
2024-04-10 00:00:00,8032.939764089502,19659.921798812593,29475.39758706602
2024-04-10 04:00:00,8032.939764089502,19681.84678817434,29398.780846011516
2024-04-10 08:00:00,8032.939764089502,19736.50486024518,29603.633079517334
2024-04-10 12:00:00,8032.939764089502,19640.776033454447,29271.700517721816
2024-04-10 16:00:00,8032.939764089502,19757.503441605724,29263.793482974783
2024-04-10 20:00:00,8032.939764089502,20143.506775439317,29788.338950784615
2024-04-11 00:00:00,8032.939764089502,20296.055292970355,30070.907930466197
2024-04-11 04:00:00,8032.939764089502,20357.198221049595,30081.281924875366
2024-04-11 08:00:00,8032.939764089502,20325.391546341707,30268.058364359327
2024-04-11 12:00:00,8032.939764089502,20121.272983410505,29703.184662693813
2024-04-11 16:00:00,8032.939764089502,20154.932474120793,30031.580377391474
2024-04-11 20:00:00,8032.939764089502,20275.365514276873,30194.484853508253
2024-04-12 00:00:00,8032.939764089502,20151.844447450123,29906.644535056657
2024-04-12 04:00:00,8016.873884561323,20441.81015182592,30236.79229954601
2024-04-12 08:00:00,8016.307589227208,20437.486914486984,30192.761573041254
2024-04-12 12:00:00,8028.685187244295,20531.980530609446,30256.26061575955
2024-04-12 16:00:00,7973.633190834962,20111.70010073143,29443.3763781618
2024-04-12 20:00:00,7900.732859883657,19673.20031349647,27144.158347882447
2024-04-13 00:00:00,7900.732859883657,19688.022841515678,27752.71551032796
2024-04-13 04:00:00,7900.732859883657,19651.27532413472,27525.017736015114
2024-04-13 08:00:00,7900.732859883657,19838.718543044313,27675.550632993727
2024-04-13 12:00:00,7900.732859883657,19643.864060125114,27515.777797277253
2024-04-13 16:00:00,7900.732859883657,19745.768940257185,27248.731517652264
2024-04-13 20:00:00,7900.732859883657,18907.987304504753,25080.973637347022
2024-04-14 00:00:00,7900.732859883657,18887.29752581127,25708.319252844165
2024-04-14 04:00:00,7900.732859883657,18641.490602826038,25088.86840977626
2024-04-14 08:00:00,7900.732859883657,19107.78263009702,26537.921761052385
2024-04-14 12:00:00,7900.732859883657,18928.9858858653,25760.0396308532
2024-04-14 16:00:00,7900.732859883657,18939.176373878505,25723.49253812882
2024-04-14 20:00:00,7900.732859883657,18881.430275137,26081.26930157612
2024-04-15 00:00:00,7900.732859883657,19109.94424876649,27025.212871419055
2024-04-15 04:00:00,7900.732859883657,18969.43903525106,26664.41849227583
2024-04-15 08:00:00,7900.732859883657,19241.494184936975,27462.190776194006
2024-04-15 12:00:00,7900.732859883657,19121.36994744796,27103.022224127395
2024-04-15 16:00:00,7900.732859883657,18783.5398296768,26122.32787747105
2024-04-15 20:00:00,7900.732859883657,18460.223437257784,25362.505804460503
2024-04-16 00:00:00,7900.732859883657,18470.722727938057,25443.2983989071
2024-04-16 04:00:00,7900.732859883657,18352.76010911851,24964.47252487472
2024-04-16 08:00:00,7900.732859883657,18506.23503465075,25407.464467340447
2024-04-16 12:00:00,7900.732859883657,18316.32139440462,25060.88233522937
2024-04-16 16:00:00,7900.732859883657,17949.155023262105,23935.783812370413
2024-04-16 20:00:00,7900.732859883657,18247.458399648705,24609.684208110568
2024-04-17 00:00:00,7900.732859883657,18561.201909388652,25188.583976787064
2024-04-17 04:00:00,7900.732859883657,18567.37796272999,25318.16732638392
2024-04-17 08:00:00,7900.732859883657,18404.638957185747,25466.855017203306
2024-04-17 12:00:00,7900.732859883657,18202.990815591078,24787.36710184858
2024-04-17 16:00:00,7900.732859883657,17515.287276033145,23802.139797637727
2024-04-17 20:00:00,7900.732859883657,17674.629452239653,24518.45373631145
2024-04-18 00:00:00,7900.732859883657,17745.654065665036,24219.899573814924
2024-04-18 04:00:00,7900.732859883657,17930.00925790396,24707.301505019277
2024-04-18 08:00:00,7900.732859883657,17692.540006929532,23904.84623060248
2024-04-18 12:00:00,7900.732859883657,18115.908463478216,24831.386778196873
2024-04-18 16:00:00,7900.732859883657,18423.475919876826,25353.72431470806
2024-04-18 20:00:00,7900.732859883657,18445.40090923857,25515.79906646548
2024-04-19 00:00:00,7900.732859883657,18445.092106571505,25694.624158341212
2024-04-19 04:00:00,7900.732859883657,17958.110300607044,24837.254857892316
2024-04-19 08:00:00,7869.129928444123,18710.971202916084,25912.504762047574
2024-04-19 12:00:00,7912.221265788336,18839.124309748837,26133.83159913092
2024-04-19 16:00:00,7922.5009342515,18698.001490899278,26224.457022780152
2024-04-19 20:00:00,7904.9319445478195,18664.95960552312,26171.522727844655
2024-04-20 00:00:00,7834.894894612553,18535.880090689167,25766.98449845796
2024-04-20 04:00:00,7835.434314798942,18577.259648076128,25749.019936952627
2024-04-20 08:00:00,7864.6398738394655,18597.02301876841,25920.531613101404
2024-04-20 12:00:00,7810.779811948834,18502.22059997888,25630.35283794975
2024-04-20 16:00:00,7943.245644924047,18816.58171505296,26420.723182619797
2024-04-20 20:00:00,8059.953441417495,18847.77078442671,26939.57644571951
2024-04-21 00:00:00,8064.417114917736,18857.96127243992,26938.27481708133
2024-04-21 04:00:00,8063.915312364346,18906.443291169417,26890.98607316491
2024-04-21 08:00:00,8093.52503659562,18926.515464528766,26991.846297909808
2024-04-21 12:00:00,8100.322660986418,18961.718968574387,27046.420699219423
2024-04-21 16:00:00,8052.2169203675,18891.620763150207,26841.027271525854
2024-04-21 20:00:00,7968.595825084805,18734.749008280236,26516.404830069943
2024-04-22 00:00:00,8000.460545701154,18830.786637738034,26629.912425191884
2024-04-22 04:00:00,8091.49229693296,19043.860478014176,26918.85316654959
2024-04-22 08:00:00,8181.561901825431,19141.750923474377,27333.04736356933
2024-04-22 12:00:00,8180.713576986588,19152.867819488783,27327.80798011519
2024-04-22 16:00:00,8172.550248931086,19172.01358484693,27319.538188848375
2024-04-22 20:00:00,8214.87874075975,19311.28358769409,27486.272453228194
2024-04-23 00:00:00,8276.341350648416,19385.087425123074,27770.80142719464
2024-04-23 04:00:00,8223.104394772106,19278.550504985,27564.11796367674
2024-04-23 08:00:00,8131.082474032344,19128.4724087905,27215.03800385905
2024-04-23 12:00:00,8160.755816391841,19130.634027459968,27315.299230527977
2024-04-23 16:00:00,8262.257769928532,19190.850547538008,27743.5880313018
2024-04-23 20:00:00,8242.95705016618,19189.924139536808,27666.526971041494
2024-04-24 00:00:00,8188.41750927616,19160.587886165456,27366.971403800657
2024-04-24 04:00:00,8244.996816586232,19213.701944900957,27610.844470515018
2024-04-24 08:00:00,8291.13634629788,19249.83185694778,27798.28374744331
2024-04-24 12:00:00,8340.704774885806,19236.24453959684,27990.792673378382
2024-04-24 16:00:00,7984.039625598012,18671.13565886446,26830.620986844973
2024-04-24 20:00:00,7984.039625598012,18458.679423922447,26506.218173570327
2024-04-25 00:00:00,7984.039625598012,18559.657896053315,26334.023358058017
2024-04-25 04:00:00,7984.039625598012,18553.173040044912,26138.61665736176
2024-04-25 08:00:00,7984.039625598012,18446.944922573908,26087.74641917686
2024-04-25 12:00:00,7984.039625598012,18402.16853584921,25885.401523169356
2024-04-25 16:00:00,7984.039625598012,18478.44279461473,26296.453560962767
2024-04-25 20:00:00,7984.039625598012,18637.476168154168,26241.626555777326
2024-04-26 00:00:00,7984.039625598012,18583.435701417467,26010.65885436251
2024-04-26 04:00:00,7984.039625598012,18547.61459203771,25814.19673600047
2024-04-26 08:00:00,7984.039625598012,18509.94066665555,25800.763530455646
2024-04-26 12:00:00,7984.039625598012,18516.116719996888,25783.336473726107
2024-04-26 16:00:00,7984.039625598012,18359.244965126916,25714.728973085686
2024-04-26 20:00:00,7984.039625598012,18404.638957185747,25741.500502855353
2024-04-27 00:00:00,7984.039625598012,18424.09352521096,25391.92837214814
2024-04-27 04:00:00,7984.039625598012,18234.797490298963,25016.488691156133
2024-04-27 08:00:00,7984.039625598012,18200.211591587475,24985.766345097836
2024-04-27 12:00:00,7984.039625598012,18165.316890208916,24946.26462870667
2024-04-27 16:00:00,7984.039625598012,18199.59398625334,25181.160963285587
2024-04-27 20:00:00,7984.039625598012,18304.895695723146,25827.60359065852
2024-04-28 00:00:00,7968.071546346817,18338.8639891005,25771.518994234146
2024-04-28 04:00:00,8008.502148075463,18485.854058624333,26148.448000711258
2024-04-28 08:00:00,8016.797843894516,18459.60583192365,26119.806140190776
2024-04-28 12:00:00,7988.068539426427,18324.659066415425,25774.71396665392
2024-04-28 16:00:00,8017.671075033363,18344.113634440637,25915.439278673082
2024-04-28 20:00:00,8015.313350958475,18401.24212784801,25942.596231250565
2024-04-29 00:00:00,7969.381393055088,18206.078842261744,25353.15209581521
2024-04-29 04:00:00,7881.7093360072395,17955.639879270508,24795.85776245661
2024-04-29 08:00:00,7881.7093360072395,17983.43211930653,24828.6073031554
2024-04-29 12:00:00,7881.7093360072395,17939.582140583032,24732.544196257255
2024-04-29 16:00:00,7881.7093360072395,18165.316890208916,25047.32897275843
2024-04-29 20:00:00,7881.7093360072395,18133.510215501028,24856.7879211924
2024-04-30 00:00:00,7881.7093360072395,18392.28685050307,25296.536489923543
2024-04-30 04:00:00,7881.7093360072395,18358.009754458646,25115.313662694687
2024-04-30 08:00:00,7881.7093360072395,18213.181303604284,24878.111894834674
2024-04-30 12:00:00,7881.7093360072395,17622.75060417242,23770.77608178403
2024-04-30 16:00:00,7881.7093360072395,17541.844305400897,23646.51161884418
2024-04-30 20:00:00,7881.7093360072395,17104.270926167133,22926.23478616913
2024-05-01 00:00:00,7881.7093360072395,17553.887609416506,23642.947383473023
2024-05-01 04:00:00,7881.7093360072395,17437.77780659936,23543.246459289017
2024-05-01 08:00:00,7881.7093360072395,16612.65708019667,22444.141872892695
2024-05-01 12:00:00,7881.7093360072395,16734.32533102102,22799.21445724644
2024-05-01 16:00:00,7881.7093360072395,16423.05224261761,22680.401752211907
2024-05-01 20:00:00,7881.7093360072395,16444.977231979356,23418.854481517737
2024-05-02 00:00:00,7881.7093360072395,16793.61544309786,24060.696237222895
2024-05-02 04:00:00,7881.7093360072395,16539.779650768887,23436.813521644253
2024-05-02 08:00:00,7881.7093360072395,16614.81869886614,23598.321374257303
2024-05-02 12:00:00,7865.945917335224,16903.549192573668,24598.292817597903
2024-05-02 16:00:00,7875.88067469141,17112.60859817794,24719.11150678528
2024-05-02 20:00:00,7850.53690592563,17095.624451489264,24576.75364005149
2024-05-03 00:00:00,7839.79114796894,17003.292454036266,24464.23527127403
2024-05-03 04:00:00,7903.049194808325,17194.75010761773,24912.966416059367
2024-05-03 08:00:00,7831.681141963891,17032.937510074687,24403.20952771603
2024-05-03 12:00:00,7823.368385808715,17056.40651277177,24376.59877811786
2024-05-03 16:00:00,7916.836205016909,17711.994574954744,25246.43158492068
2024-05-03 20:00:00,7914.964313444869,17817.91388975868,25356.13231522891
2024-05-04 00:00:00,7955.31232870026,18063.720812743915,25589.03118471302
2024-05-04 04:00:00,7962.686885905889,18011.533162009615,25625.934639982224
2024-05-04 08:00:00,7958.587748647051,18085.336999438598,25614.712374538358
2024-05-04 12:00:00,8072.170527353497,18346.584055777173,26010.94004057619
2024-05-04 16:00:00,8043.911527553877,18253.634452990045,25922.218388660327
2024-05-04 20:00:00,8092.750886892072,18349.363279780773,26107.229216929838
2024-05-05 00:00:00,8049.075514092661,18341.643213104104,25935.28377004631
2024-05-05 04:00:00,7972.039314004605,18153.891191527444,25689.259160871843
2024-05-05 08:00:00,8026.756222076299,18299.337247715943,25861.42087581705
2024-05-05 12:00:00,8076.713064781812,18335.467159762764,26022.78650801364
2024-05-05 16:00:00,8129.568335502516,18491.41250663154,26174.803507010543
2024-05-05 20:00:00,8063.510490043309,18325.89427708369,25948.25795909912
2024-05-06 00:00:00,8066.057853946701,18376.22911181559,25947.1462064252
2024-05-06 04:00:00,8059.144501282803,18319.10061840822,25956.873057294673
2024-05-06 08:00:00,8178.407253573316,18522.910378672357,26361.39494812199
2024-05-06 12:00:00,8228.919886000394,18408.03578652348,26809.81638755655
2024-05-06 16:00:00,8145.354551361002,18228.930239624693,26626.26176501933
2024-05-06 20:00:00,8096.439202667357,18126.407754158492,26544.77946375223
2024-05-07 00:00:00,8082.310934359976,18115.908463478216,26462.63885066886
2024-05-07 04:00:00,8089.4647620535925,18136.28943950463,26562.618072340956
2024-05-07 08:00:00,8113.186529618362,18269.074586343388,26780.992966356418
2024-05-07 12:00:00,8109.942527216343,18207.31405293001,26721.188655208207
2024-05-07 16:00:00,8105.482023913565,18284.823522363797,26734.257755651146
2024-05-07 20:00:00,8041.210226323549,18106.335580799143,26291.467299839052
2024-05-08 00:00:00,7967.6828843802705,17897.893780529004,25846.13532435362
2024-05-08 04:00:00,7967.6828843802705,18079.778551431395,26109.645588079795
2024-05-08 08:00:00,7967.6828843802705,17885.23287117926,25661.258275679622
2024-05-08 12:00:00,7967.6828843802705,17876.58639650139,25528.086776307344
2024-05-08 16:00:00,7967.6828843802705,17873.189567163652,25600.019953693154
2024-05-08 20:00:00,7967.6828843802705,17863.307881817513,25563.14835806977
2024-05-09 00:00:00,7967.6828843802705,17583.84146812199,25065.59521873643
2024-05-09 04:00:00,7967.6828843802705,17721.567457633817,25350.6621873946
2024-05-09 08:00:00,7967.6828843802705,17611.942510825076,25232.42383856541
2024-05-09 12:00:00,7967.6828843802705,17574.577388109985,25173.737536556386
2024-05-09 16:00:00,7967.6828843802705,17820.07550842815,25611.062354428603
2024-05-09 20:00:00,7967.6828843802705,17887.39448984873,26094.49517787368
2024-05-10 00:00:00,7967.6828843802705,18069.588063418185,26359.48155043093
2024-05-10 04:00:00,7967.6828843802705,18031.60533536896,26490.192848291757
2024-05-10 08:00:00,7967.6828843802705,18066.191234080452,26545.704337273422
2024-05-10 12:00:00,7967.6828843802705,18137.524650172898,26639.56123847177
2024-05-10 16:00:00,7967.6828843802705,17472.672507977917,25406.339421746947
2024-05-10 20:00:00,7967.6828843802705,17419.249646575347,25405.59349912736
2024-05-11 00:00:00,7967.6828843802705,17467.114059970714,25343.309042618203
2024-05-11 04:00:00,7967.6828843802705,17427.587318586153,25077.21614716374
2024-05-11 08:00:00,7967.6828843802705,17527.63938271582,25357.009221768065
2024-05-11 12:00:00,7967.6828843802705,17420.17605457655,25123.653843776505
2024-05-11 16:00:00,7967.6828843802705,17575.812598778255,25364.43571439432
2024-05-11 20:00:00,7967.6828843802705,17557.59324142131,25443.31935440885
2024-05-12 00:00:00,7967.6828843802705,17451.3651239503,25250.539610071573
2024-05-12 04:00:00,7967.6828843802705,17483.480601325256,25398.05166787671
2024-05-12 08:00:00,7967.6828843802705,17449.82111061497,25132.02934531336
2024-05-12 12:00:00,7967.6828843802705,17538.138673396094,25270.336643599203
2024-05-12 16:00:00,7967.6828843802705,17613.177721493346,25317.419316607695
2024-05-12 20:00:00,7967.6828843802705,17609.472089488543,25282.719380554652
2024-05-13 00:00:00,7967.6828843802705,17634.17630285389,25148.50403889746
2024-05-13 04:00:00,7967.6828843802705,17538.756278730227,24686.275509651157
2024-05-13 08:00:00,7967.6828843802705,17867.63111915645,25237.601843336488
2024-05-13 12:00:00,7967.6828843802705,17955.022273936374,25477.730917410834
2024-05-13 16:00:00,7967.6828843802705,18022.032452689888,25648.2947667228
2024-05-13 20:00:00,7967.6828843802705,18073.91130075712,25825.27683897288
2024-05-14 00:00:00,7967.6828843802705,18000.416265995205,25640.776455409286
2024-05-14 04:00:00,7967.6828843802705,17859.91105247978,25469.338706607734
2024-05-14 08:00:00,7967.6828843802705,17747.506881667436,25420.725833830882
2024-05-14 12:00:00,7967.6828843802705,17669.379806899517,25376.165905861577
2024-05-14 16:00:00,7967.6828843802705,17629.235460180822,24920.468736167837
2024-05-14 20:00:00,7967.6828843802705,17580.135836117188,25000.073321532946
2024-05-15 00:00:00,7967.6828843802705,17576.739006779455,24821.11590695103
2024-05-15 04:00:00,7967.6828843802705,17669.379806899517,25057.98178178268
2024-05-15 08:00:00,7967.6828843802705,17748.433289668636,25138.699212977852
2024-05-15 12:00:00,7967.6828843802705,17811.737836417346,25111.571314999892
2024-05-15 16:00:00,7935.812152842749,18402.786141183344,26115.28995199061
2024-05-15 20:00:00,8016.986588145517,18685.649384216602,26598.95957337538
2024-05-16 00:00:00,8071.4814241589775,18705.103952241814,26902.05342608149
2024-05-16 04:00:00,8086.013081364579,18648.28426150151,27090.970256093024
2024-05-16 08:00:00,8136.522653789158,18709.118386913684,27334.047058598888
2024-05-16 12:00:00,8175.809766862691,18836.96269107937,27521.0004980298
2024-05-16 16:00:00,8015.094950255042,18617.095192127756,26973.958462214636
2024-05-16 20:00:00,7981.531631581275,18486.1628612914,26831.827948139806
2024-05-17 00:00:00,7984.980446148401,18488.942085295002,26852.15057086818
2024-05-17 04:00:00,8055.11274247079,18610.610336119353,27213.25130505547
2024-05-17 08:00:00,8216.083800541015,18840.359520417107,28150.23044331751
2024-05-17 12:00:00,8173.8159006389715,18838.197901747637,28009.14835687082
2024-05-17 16:00:00,8305.51114938899,19082.460811397537,28398.966443918514
2024-05-17 20:00:00,8252.353903386116,19024.097107321897,28222.300522867983
2024-05-18 00:00:00,8275.36612201744,19027.8027393267,28321.32510616471
2024-05-18 04:00:00,8356.074933214906,19001.86331529308,28732.29288825731
2024-05-18 08:00:00,8329.510549618788,18989.511208610405,28622.407595440804
2024-05-18 12:00:00,8411.769657008545,19089.563272740073,28937.932980884303
2024-05-18 16:00:00,8334.127174389656,18974.37987792413,28632.3987933681
2024-05-18 20:00:00,8343.443412356048,18994.452051283475,28651.87694126688
2024-05-19 00:00:00,8351.84851338821,19002.78972329428,28673.556996753672
2024-05-19 04:00:00,8395.52605021849,19064.55025670766,28885.387356198313
2024-05-19 08:00:00,8387.062661708449,19106.547419428753,28858.999978023778
2024-05-19 12:00:00,8333.095519731858,19105.621011427553,28588.26794486484
2024-05-19 16:00:00,8231.666221306008,18979.629523264266,28145.3791576066
2024-05-19 20:00:00,8182.410568624466,18723.632112265826,28131.745795689596
2024-05-20 00:00:00,8204.709680651125,18800.52397636548,28261.976228889715
2024-05-20 04:00:00,8254.006638398341,18898.723224492744,28520.023349377
2024-05-20 08:00:00,8360.906168456124,18957.086928568384,29166.027626981835
2024-05-20 12:00:00,8361.402118881348,19024.405909988964,29171.924421525153
2024-05-20 16:00:00,8391.865423599493,19152.867819488783,29398.74797467615
2024-05-20 20:00:00,8801.237088426937,19775.105193628537,30530.1290919378
2024-05-21 00:00:00,8976.096617467461,19839.95375371258,30868.08042543493
2024-05-21 04:00:00,9028.023039135296,20064.14449000313,30849.122895431694
2024-05-21 08:00:00,8929.617721453958,19924.25688182184,30466.153519306685
2024-05-21 12:00:00,9066.817572248243,20105.215244723026,30710.840371747778
2024-05-21 16:00:00,8899.404510303635,19645.099270793384,30108.72462856604
2024-05-21 20:00:00,8844.924725278892,19582.721132045874,29934.972242002514
2024-05-22 00:00:00,8951.56644632232,19848.600228390453,30461.947847689953
2024-05-22 04:00:00,8958.375554277178,19834.08650303831,30477.021571287733
2024-05-22 08:00:00,8914.643679564579,19775.105193628537,30583.0509345778
2024-05-22 12:00:00,8896.385233376688,19872.995639088735,30439.748805104082
2024-05-22 16:00:00,8976.53043256271,20049.013159316855,30928.12012559657
2024-05-22 20:00:00,8936.406562885397,19865.275572412065,30558.35563451635
2024-05-23 00:00:00,8915.582139358008,19721.064726891833,30365.18357235727
2024-05-23 04:00:00,8958.088519333485,19774.487588294403,30607.132850268772
2024-05-23 08:00:00,8998.28421766238,19864.34916441086,30569.63245074327
2024-05-23 12:00:00,9085.819974334681,19909.12555113556,30506.192872150812
2024-05-23 16:00:00,8919.451222134296,19409.482835821356,29924.96484197141
2024-05-23 20:00:00,8909.086713619687,19197.335403546414,29687.81981513489
2024-05-24 00:00:00,8902.146999222947,19428.628601179502,30294.464442247474
2024-05-24 04:00:00,8920.893240710242,19416.27649449683,29901.651987024605
2024-05-24 08:00:00,8792.102956646075,19167.99915017506,29002.490748937384
2024-05-24 12:00:00,8792.102956646075,19200.42343021708,29045.052321340212
2024-05-24 16:00:00,8792.102956646075,19464.140907892193,29193.89228698177
2024-05-24 20:00:00,8792.102956646075,19699.44854019715,29467.429853208832
2024-05-25 00:00:00,8792.102956646075,19537.018337319976,29330.017490771814
2024-05-25 04:00:00,8792.102956646075,19584.88275071534,29555.41875687696
2024-05-25 08:00:00,8792.102956646075,19592.602817392013,29497.577658252827
2024-05-25 12:00:00,8792.102956646075,19699.44854019715,29490.198248650693
2024-05-25 16:00:00,8792.102956646075,19649.731310799387,29391.92657801119
2024-05-25 20:00:00,8792.102956646075,19707.786212207957,29369.382180993452
2024-05-26 00:00:00,8792.102956646075,19746.38654559132,29488.087228731427
2024-05-26 04:00:00,8792.102956646075,19671.9651028282,29263.334974087746
2024-05-26 08:00:00,8792.102956646075,19746.07774292425,29206.54072088735
2024-05-26 12:00:00,8792.102956646075,19689.875657518078,29098.664331683223
2024-05-26 16:00:00,8792.102956646075,19602.175700071086,28968.872695663675
2024-05-26 20:00:00,8792.102956646075,19624.100689432835,29033.35118622522
2024-05-27 00:00:00,8792.102956646075,19507.682083948624,28997.093100287402
2024-05-27 04:00:00,8774.518750732783,19599.705278734553,29341.691406759634
2024-05-27 08:00:00,8769.811840280541,19531.151086645707,29324.325024989663
2024-05-27 12:00:00,8756.827259722631,19444.377537199915,29469.138961631434
2024-05-27 16:00:00,8767.094893273588,19986.32621790228,30082.252865261024
2024-05-27 20:00:00,8602.238006783853,19655.28975880659,29551.023132351685
2024-05-28 00:00:00,8653.716668724479,19717.667897554096,29753.616400590814
2024-05-28 04:00:00,8479.916296128624,19309.12196902462,29286.962528379252
2024-05-28 08:00:00,8441.78302024861,19219.56919557523,29130.709007136706
2024-05-28 12:00:00,8441.78302024861,19393.11629446681,29626.08065456807
2024-05-28 16:00:00,8441.78302024861,19396.20432113748,29419.62247310289
2024-05-28 20:00:00,8441.78302024861,19443.142326531644,29658.632111218867
2024-05-29 00:00:00,8441.78302024861,19441.59831319631,29535.602441383686
2024-05-29 04:00:00,8424.899454208113,19559.25212934879,29924.336360609224
2024-05-29 08:00:00,8399.534372431857,19313.754009030625,29637.599192298087
2024-05-29 12:00:00,8360.511169699157,19268.360016971794,29363.124222832714
2024-05-29 16:00:00,8374.169290655602,19235.009328928572,29385.52407144518
2024-05-29 20:00:00,8391.020219108359,19218.642787574026,29478.01780275951
2024-05-30 00:00:00,8372.395508713207,19319.621259704894,29415.38983640512
2024-05-30 04:00:00,8401.840288956972,19463.832105225127,29689.020140347184
2024-05-30 08:00:00,8300.288079947333,19296.46105967488,28983.362176876657
2024-05-30 12:00:00,8300.288079947333,19351.119131745716,29160.23384694158
2024-05-30 16:00:00,8300.288079947333,19535.165521317576,29453.68196447689
2024-05-30 20:00:00,8300.288079947333,19549.988049336785,29427.316960341865
2024-05-31 00:00:00,8300.288079947333,19476.49301457487,29240.18747092956
2024-05-31 04:00:00,8300.288079947333,19557.39931334639,29359.797812293684
2024-05-31 08:00:00,8300.288079947333,19442.833523864578,29191.43626437305
2024-05-31 12:00:00,8300.288079947333,19449.62718254005,29473.353408395953
2024-05-31 16:00:00,8300.288079947333,19137.736488802508,28886.354740788396
2024-05-31 20:00:00,8300.288079947333,19257.551923624455,29129.645453093122
2024-06-01 00:00:00,8300.288079947333,19239.33256626751,29045.36078991911
2024-06-01 04:00:00,8300.288079947333,19280.71212365447,29205.287444325513
2024-06-01 08:00:00,8300.288079947333,19256.93431829032,29183.382524996003
2024-06-01 12:00:00,8300.288079947333,19270.83043830833,29219.005788763272
2024-06-01 16:00:00,8300.288079947333,19272.992056977797,29267.934854154184
2024-06-01 20:00:00,8300.288079947333,19280.403320987403,29284.586761271552
2024-06-02 00:00:00,8283.687503787438,19289.049795665276,29170.549350543006
2024-06-02 04:00:00,8277.629875552762,19294.299441005413,29166.928899151495
2024-06-02 08:00:00,8268.582768449025,19281.020926321537,29027.53923079081
2024-06-02 12:00:00,8277.787216545872,19432.02543051724,29206.409531237754
2024-06-02 16:00:00,8271.414906324979,19393.11629446681,29068.32001697168
2024-06-02 20:00:00,8258.591615386638,19286.270571661673,28801.412046719677
2024-06-03 00:00:00,8257.962251414205,19289.358598332343,28798.93534537888
2024-06-03 04:00:00,8271.493576821533,19465.067315893393,28947.49393848372
2024-06-03 08:00:00,8269.554036602258,19617.9246360915,29213.129310511667
2024-06-03 12:00:00,8267.105029252156,19655.28975880659,29143.86505649911
2024-06-03 16:00:00,8258.699975183588,19732.49042557331,29062.506971851806
2024-06-03 20:00:00,8203.193747012385,19597.85246273215,29180.6019890116
2024-06-04 00:00:00,8185.889952613533,19474.949001239533,28908.22761042478
2024-06-04 04:00:00,8198.367814403658,19563.575366687728,29105.818107251558
2024-06-04 08:00:00,8198.411291274007,19563.884169354795,29040.021571697904
2024-06-04 12:00:00,8203.71546945657,19601.558094736953,29103.80129392739
2024-06-04 16:00:00,8256.844205022893,19978.914953892672,29499.10719680114
2024-06-04 20:00:00,8233.214570289107,19928.271316493705,29579.705002161958
2024-06-05 00:00:00,8276.65211357086,19973.974111219602,29845.696849837754
2024-06-05 04:00:00,8309.011727729485,20076.805399352874,29989.857125385122
2024-06-05 08:00:00,8341.734371875671,20193.53280750415,30142.536185325407
2024-06-05 12:00:00,8324.09023912701,20134.860300761447,30057.75535674297
2024-06-05 16:00:00,8383.507943466208,20319.21549300037,30348.590337149744
2024-06-05 20:00:00,8322.294561284158,20217.928218202436,30204.059258507506
2024-06-06 00:00:00,8316.626253084385,20168.519791471736,30223.349810689033
2024-06-06 04:00:00,8303.2085194608,20126.52262875064,30198.811738029166
2024-06-06 08:00:00,8283.252493287073,20136.40431409678,30080.558805884462
2024-06-06 12:00:00,8311.792423807696,20217.001810201233,30200.69716641808
2024-06-06 16:00:00,8299.641852377625,20218.854626203636,30152.656906372205
2024-06-06 20:00:00,8130.482793874223,19974.900519220806,29581.741020099766
2024-06-07 00:00:00,8143.395424367838,20066.614911339668,29747.184747191102
2024-06-07 04:00:00,8151.003876678891,20120.655378076368,29790.327158045475
2024-06-07 08:00:00,8154.525503177149,20145.668394108787,29958.261865553835
2024-06-07 12:00:00,8174.524863537631,20287.71762095955,30040.288781711104
2024-06-07 16:00:00,8173.611849260305,20281.232764951146,29949.507048820364
2024-06-07 20:00:00,8092.649221296634,19825.13122569337,28871.970188956417
2024-06-08 00:00:00,8092.649221296634,19863.73155907673,28924.012657975072
2024-06-08 04:00:00,8092.649221296634,19885.656548438477,28962.155753649284
2024-06-08 08:00:00,8092.649221296634,19933.82976450091,29110.99551553483
2024-06-08 12:00:00,8092.649221296634,19870.216415085135,28726.793191555582
2024-06-08 16:00:00,8092.649221296634,19888.126969775014,28713.029090004467
2024-06-08 20:00:00,8092.649221296634,19901.714287125957,28674.51835520165
2024-06-09 00:00:00,8092.649221296634,19864.040361743795,28455.365559932994
2024-06-09 04:00:00,8092.649221296634,19841.806569714983,28425.390109352433
2024-06-09 08:00:00,8092.649221296634,19856.93790040126,28582.591236446653
2024-06-09 12:00:00,8092.649221296634,19879.789297764208,28652.868667162853
2024-06-09 16:00:00,8092.649221296634,19910.360761803826,28879.454187116367
2024-06-09 20:00:00,8092.649221296634,19977.062137890272,28966.370732186777
2024-06-10 00:00:00,8092.649221296634,19979.53255922681,29006.704554313987
2024-06-10 04:00:00,8092.649221296634,19999.91353525322,28777.53047437033
2024-06-10 08:00:00,8092.649221296634,19889.36218044328,28429.939852232383
2024-06-10 12:00:00,8092.649221296634,19941.858633844648,28683.69672937594
2024-06-10 16:00:00,8092.649221296634,20128.37544475304,29099.94359976933
2024-06-10 20:00:00,8092.649221296634,19921.786460485302,28736.29839071553
2024-06-11 00:00:00,8092.649221296634,19929.19772449491,28585.733670488524
2024-06-11 04:00:00,8092.649221296634,19616.071820089095,28041.547281371575
2024-06-11 08:00:00,8092.649221296634,19381.072990451205,27620.29138310058
2024-06-11 12:00:00,8092.649221296634,19251.684672950185,27701.292686993074
2024-06-11 16:00:00,8092.649221296634,19070.726310048994,26851.691354585582
2024-06-11 20:00:00,8092.649221296634,19414.11487582736,27223.783187698435
2024-06-12 00:00:00,8092.649221296634,19376.749753112268,27242.546174450217
2024-06-12 04:00:00,8092.649221296634,19400.836361143483,27292.647566566207
2024-06-12 08:00:00,8092.649221296634,19391.881083798544,27512.077973049847
2024-06-12 12:00:00,8092.649221296634,19461.979289222727,27508.024085454283
2024-06-12 16:00:00,8092.649221296634,19878.24528442887,28360.43452069026
2024-06-12 20:00:00,8092.649221296634,19314.680417031825,27522.28520541652
2024-06-13 00:00:00,8092.649221296634,19510.77011061929,27821.749324676966
2024-06-13 04:00:00,8092.649221296634,19292.137822335942,27304.517100201032
2024-06-13 08:00:00,8092.649221296634,19353.280750415186,27361.44295430473
2024-06-13 12:00:00,8092.649221296634,19406.394809150686,27170.32786405622
2024-06-13 16:00:00,8092.649221296634,19083.07841673167,26744.467111164166
2024-06-13 20:00:00,8092.649221296634,19154.10303015705,26942.769724380727
2024-06-14 00:00:00,8092.649221296634,19214.31955023509,26935.647891916233
2024-06-14 04:00:00,8092.649221296634,19197.026600879348,26954.333793018017
2024-06-14 08:00:00,8092.649221296634,19296.46105967488,27091.75953315777
2024-06-14 12:00:00,8092.649221296634,19345.251881071446,27190.1256969774
2024-06-14 16:00:00,8092.649221296634,19159.352675497186,26579.382887487445
2024-06-14 20:00:00,8092.649221296634,18913.545752511956,26208.33166163372
2024-06-15 00:00:00,8092.649221296634,19073.19673138553,26524.56714604477
2024-06-15 04:00:00,8092.649221296634,19131.869238128234,26734.713761200263
2024-06-15 08:00:00,8092.649221296634,19072.270323384328,26652.271562578615
2024-06-15 12:00:00,8092.649221296634,19143.603739476777,26767.725332533697
2024-06-15 16:00:00,8092.649221296634,19139.898107471974,26864.322123595874
2024-06-15 20:00:00,8092.649221296634,19070.417507381928,26759.442628648274
2024-06-16 00:00:00,8092.649221296634,19096.97453674968,26884.019565366492
2024-06-16 04:00:00,8092.649221296634,19082.460811397537,26702.661054665456
2024-06-16 08:00:00,8092.649221296634,19115.193894106626,26772.11968586368
2024-06-16 12:00:00,8092.649221296634,19188.07132353441,26853.882887627093
2024-06-16 16:00:00,8076.463922854041,19253.537488952585,27296.148386256013
2024-06-16 20:00:00,8064.079835091874,19197.335403546414,27306.159737469705
2024-06-17 00:00:00,8130.031105725877,19233.774118260306,27622.350389458625
2024-06-17 04:00:00,8024.073266169455,19110.253051433556,27092.363700223745
2024-06-17 08:00:00,7971.709611974564,19081.843206063404,26965.396955960976
2024-06-17 12:00:00,7951.702764645828,18960.792560573187,26588.075614007805
2024-06-17 16:00:00,7911.1563575474365,18817.816925721225,26199.62612930531
2024-06-17 20:00:00,7911.1563575474365,19176.95442752,26730.9466184623
2024-06-18 00:00:00,7911.1563575474365,19125.6931847869,26506.822207057223
2024-06-18 04:00:00,7911.1563575474365,18862.90211511299,25561.34523772863
2024-06-18 08:00:00,7911.1563575474365,18916.94258184969,25692.229971439534
2024-06-18 12:00:00,7911.1563575474365,18835.10987507697,25678.464574047794
2024-06-18 16:00:00,7911.1563575474365,18597.331821435477,25408.1407607594
2024-06-18 20:00:00,7911.1563575474365,18514.263903994488,25101.328339669613
2024-06-19 00:00:00,7911.1563575474365,18739.689850953306,25718.50236819171
2024-06-19 04:00:00,7911.1563575474365,18815.655307051755,26182.959984747504
2024-06-19 08:00:00,7911.1563575474365,18788.171869682803,26111.83727916175
2024-06-19 12:00:00,7911.1563575474365,18729.4993629401,25838.53327520219
2024-06-19 16:00:00,7911.1563575474365,18649.519472169777,25694.260126086407
2024-06-19 20:00:00,7911.1563575474365,18647.666656167377,25702.71969176268
2024-06-20 00:00:00,7911.1563575474365,18670.826856197393,25591.385613231017
2024-06-20 04:00:00,7911.1563575474365,18741.542666955705,25371.592755334554
2024-06-20 08:00:00,7911.1563575474365,18954.307704564784,25977.062459041128
2024-06-20 12:00:00,7911.1563575474365,19067.94708604539,26243.90131895482
2024-06-20 16:00:00,7911.1563575474365,18698.927898900478,25367.93453391089
2024-06-20 20:00:00,7911.1563575474365,18760.997234980918,25537.27220464241
2024-06-21 00:00:00,7911.1563575474365,18713.750426919687,25424.815042580085
2024-06-21 04:00:00,7911.1563575474365,18572.627608070125,25245.889905207576
2024-06-21 08:00:00,7911.1563575474365,18580.96528008093,25162.432990163936
2024-06-21 12:00:00,7911.1563575474365,18418.843879870823,25182.962453770037
2024-06-21 16:00:00,7911.1563575474365,18395.992482507874,25084.995633986022
2024-06-21 20:00:00,7911.1563575474365,18551.320224042513,25328.727859803836
2024-06-22 00:00:00,7911.1563575474365,18526.924813344227,25513.05628794567
2024-06-22 04:00:00,7911.1563575474365,18575.406832073728,25548.706116628557
2024-06-22 08:00:00,7911.1563575474365,18625.124061471495,25518.216371306567
2024-06-22 12:00:00,7911.1563575474365,18559.657896053315,25478.436500175354
2024-06-22 16:00:00,7911.1563575474365,18550.702618708376,25427.509753942853
2024-06-22 20:00:00,7911.1563575474365,18542.056144030506,25423.483785951026
2024-06-23 00:00:00,7911.1563575474365,18528.160024012497,25339.917161101363
2024-06-23 04:00:00,7911.1563575474365,18573.554016071324,25503.832807622646
2024-06-23 08:00:00,7911.1563575474365,18571.392397401858,25479.85105032762
2024-06-23 12:00:00,7911.1563575474365,18555.33465871438,25396.06097646365
2024-06-23 16:00:00,7911.1563575474365,18489.868493296202,25071.025401590552
2024-06-23 20:00:00,7911.1563575474365,18508.70545598728,25091.867429406728
2024-06-24 00:00:00,7911.1563575474365,18256.72247966071,24645.487002754162
2024-06-24 04:00:00,7911.1563575474365,18149.567954188507,24329.075158033826
2024-06-24 08:00:00,7911.1563575474365,17984.976132641863,24060.04882477229
2024-06-24 12:00:00,7911.1563575474365,17620.280182835882,24021.966068659276
2024-06-24 16:00:00,7911.1563575474365,17507.876012023542,23864.439895140997
2024-06-24 20:00:00,7911.1563575474365,17047.142432759763,23847.893177014797
2024-06-25 00:00:00,7911.1563575474365,17343.284190476897,24540.85080239729
2024-06-25 04:00:00,7895.3340448323415,17634.17630285389,25030.81829319819
2024-06-25 08:00:00,7879.904151828507,17468.658073306047,24880.37316176171
2024-06-25 12:00:00,7941.415211776228,17638.19073752576,25298.601690446092
2024-06-25 16:00:00,7976.862263271524,17846.01493246177,25631.28158991088
2024-06-25 20:00:00,7962.891954741025,17879.365620504992,25558.138757959365
2024-06-26 00:00:00,7920.146980879049,17838.294865785097,25283.5560546957
2024-06-26 04:00:00,7957.88766511816,17883.38005517686,25501.51591621312
2024-06-26 08:00:00,7949.3386703457645,17835.206839114428,25453.856034449862
2024-06-26 12:00:00,7934.534313544787,17740.713222991966,25311.894341458144
2024-06-26 16:00:00,7931.198120462877,17768.81426569505,25279.05497007059
2024-06-26 20:00:00,7946.419501399092,17621.206590837082,25378.116188403674
2024-06-27 00:00:00,7929.321511854303,17586.92949479266,25215.86368503014
2024-06-27 04:00:00,7938.079018694318,17619.971380168816,25292.32436245621
2024-06-27 08:00:00,7907.219232686646,17544.932332071567,25087.463753508073
2024-06-27 12:00:00,7965.811123687696,17651.469252209637,25477.770286503575
2024-06-27 16:00:00,8117.187916401582,17745.0364603309,26478.388537764233
2024-06-27 20:00:00,8130.513792822034,17716.31781229368,26548.042267951
2024-06-28 00:00:00,8151.028356930632,17767.887857693848,26676.980605843637
2024-06-28 04:00:00,8127.455517328493,17841.691695122834,26529.79895521781
2024-06-28 08:00:00,8056.459014855909,17688.216769590596,26185.183002372207
2024-06-28 12:00:00,8076.879822594894,17787.342425719064,26268.139538017473
2024-06-28 16:00:00,7995.89465545547,17579.518230783055,25876.46013443126
2024-06-28 20:00:00,7893.71502184555,17308.080686431273,25507.222772695262
2024-06-29 00:00:00,7893.71502184555,17409.05915856214,25437.022965490654
2024-06-29 04:00:00,7893.71502184555,17496.450313342066,25660.385784335645
2024-06-29 08:00:00,7893.71502184555,17583.84146812199,25746.219517360958
2024-06-29 12:00:00,7893.71502184555,17601.443220144803,25812.43343714432
2024-06-29 16:00:00,7893.71502184555,17612.560116159213,25815.308175131875
2024-06-29 20:00:00,7893.71502184555,17589.708718796264,25694.30352690846
2024-06-30 00:00:00,7893.71502184555,17570.87175610518,25518.695077122113
2024-06-30 04:00:00,7893.71502184555,17539.373884064364,25280.67768003767
2024-06-30 08:00:00,7893.71502184555,17719.097036297284,25625.998412713943
2024-06-30 12:00:00,7893.71502184555,17724.655484304487,25683.231714150188
2024-06-30 16:00:00,7893.71502184555,17767.270252359715,25982.5141413273
2024-06-30 20:00:00,7877.927591801858,17858.67584181151,26161.92344485388
2024-07-01 00:00:00,7904.5893995830265,18039.6342047127,26388.15669791116
2024-07-01 04:00:00,7914.4351585885815,18214.107711605484,26602.151004660485
2024-07-01 08:00:00,7898.3369302381925,18154.508796861577,26636.67697963903
2024-07-01 12:00:00,7850.256295775063,17981.579303304126,26327.40270923348
2024-07-01 16:00:00,7876.924644400928,18154.19999419451,26681.279088634044
2024-07-01 20:00:00,7850.4047490299,18164.390482207717,26535.73172966606
2024-07-02 00:00:00,7809.016874732303,18081.322564766728,26410.39032867
2024-07-02 04:00:00,7873.4478981619795,18150.803164856774,26717.931002024474
2024-07-02 08:00:00,7815.955442780064,18017.091610016818,26491.76072269569
2024-07-02 12:00:00,7868.084026660072,18066.808839414585,26743.987101716353
2024-07-02 16:00:00,7745.207540505515,17797.841716399336,26458.980306332334
2024-07-02 20:00:00,7818.670998206137,17786.416017717864,26893.87185680151
2024-07-03 00:00:00,7838.199259113897,17832.118812443758,27033.709652988986
2024-07-03 04:00:00,7779.056526078966,17514.978473366078,26483.013019137055
2024-07-03 08:00:00,7689.30538288065,17452.60033461857,25991.765003171204
2024-07-03 12:00:00,7689.30538288065,17319.19758244568,25641.57032960168
2024-07-03 16:00:00,7689.30538288065,17199.6909502908,25275.572110177323
2024-07-03 20:00:00,7689.30538288065,17080.493120802985,25111.24023731472
2024-07-04 00:00:00,7689.30538288065,17234.894454336423,25213.631945677836
2024-07-04 04:00:00,7689.30538288065,16921.150944596477,24643.770987155265
2024-07-04 08:00:00,7689.30538288065,16641.37572823389,24163.989178685617
2024-07-04 12:00:00,7689.30538288065,16512.91381873407,23913.835769073045
2024-07-04 16:00:00,7689.30538288065,16608.951448191867,24161.97647211572
2024-07-04 20:00:00,7689.30538288065,16655.271848251898,24050.700239311926
2024-07-05 00:00:00,7689.30538288065,16308.486453135798,23185.49088937124
2024-07-05 04:00:00,7689.30538288065,15760.361719092096,22347.688803203557
2024-07-05 08:00:00,7689.30538288065,15514.554796106862,22503.97784234478
2024-07-05 12:00:00,7689.30538288065,15852.69371654509,23103.589214565727
2024-07-05 16:00:00,7689.30538288065,16192.376650318654,23781.866699721457
2024-07-05 20:00:00,7689.30538288065,16108.073522209397,23716.92960456801
2024-07-06 00:00:00,7689.30538288065,16148.835474262225,23647.426159690844
2024-07-06 04:00:00,7689.30538288065,16086.766138181782,23631.77120339565
2024-07-06 08:00:00,7689.30538288065,16165.819620950902,23999.812836810815
2024-07-06 12:00:00,7689.30538288065,16213.992837013335,24204.43979457381
2024-07-06 16:00:00,7689.30538288065,16341.837141179021,24553.956593422456
2024-07-06 20:00:00,7689.30538288065,16479.871933357914,24734.073930327413
2024-07-07 00:00:00,7673.926772114889,16588.87927483252,24824.25971012066
2024-07-07 04:00:00,7655.688197651331,16515.07543740354,24672.157214501673
2024-07-07 08:00:00,7602.718720751851,16344.616365182623,24241.84667486627
2024-07-07 12:00:00,7613.002172311091,16365.306143876103,24323.5625970271
2024-07-07 16:00:00,7562.166996678622,16174.157292961709,23897.458504880386
2024-07-07 20:00:00,7573.420585177413,16310.3392691382,24039.4937915563
2024-07-08 00:00:00,7455.656050140102,15931.747199314212,23235.645636231722
2024-07-08 04:00:00,7455.656050140102,15732.878281723144,23004.798753405605
2024-07-08 08:00:00,7455.656050140102,15925.87994863994,23319.480100105022
2024-07-08 12:00:00,7455.656050140102,16293.663925116589,24448.26111075559
2024-07-08 16:00:00,7455.656050140102,15885.735601921248,23862.608479449802
2024-07-08 20:00:00,7455.656050140102,16113.323167549534,24095.636310652822
2024-07-09 00:00:00,7455.656050140102,16155.629132937696,24252.52388933445
2024-07-09 04:00:00,7455.656050140102,16294.590333117789,24448.793302721802
2024-07-09 08:00:00,7455.656050140102,16293.355122449522,24632.14105910695
2024-07-09 12:00:00,7440.744738039821,16397.730423918125,24687.606713605866
2024-07-09 16:00:00,7429.234251506272,16413.479359938538,24534.990603855083
2024-07-09 20:00:00,7430.280659372958,16520.94268807781,24733.399374975426
2024-07-10 00:00:00,7424.61261676174,16571.27752280971,24663.53565737764
2024-07-10 04:00:00,7422.730303410883,16606.172224188267,24727.82480939397
2024-07-10 08:00:00,7458.896909976649,16838.70063248962,25120.99971123386
2024-07-10 12:00:00,7404.792133065142,16685.534509624453,24879.554311013846
2024-07-10 16:00:00,7370.83425424194,16469.37264267764,24708.49170505473
2024-07-10 20:00:00,7337.362722105125,16375.805434556378,24621.498820322595
2024-07-11 00:00:00,7357.278308001918,16460.108562665635,24725.478597499678
2024-07-11 04:00:00,7298.458348903149,16407.303306597198,24482.743567895828
2024-07-11 08:00:00,7388.858240375594,16583.32082682532,24791.921697538197
2024-07-11 12:00:00,7446.285610991699,16710.85632832394,24990.926965502367
2024-07-11 16:00:00,7244.967925635041,16313.427295808868,24273.26063752389
2024-07-11 20:00:00,7236.858264668221,16311.883282473535,24065.950351996347
2024-07-12 00:00:00,7230.143814190318,16290.884701112987,23951.31690404848
2024-07-12 04:00:00,7221.510949290156,16176.93651696531,23986.538614575245
2024-07-12 08:00:00,7191.643155150016,16219.860087687606,23846.644925128625
2024-07-12 12:00:00,7191.643155150016,16221.40410102294,23836.911752193977
2024-07-12 16:00:00,7191.643155150016,16496.23847471246,24336.804207982488
2024-07-12 20:00:00,7191.643155150016,16306.32483446633,24204.794593657407
2024-07-13 00:00:00,7191.643155150016,16391.55437057679,24362.39089221179
2024-07-13 04:00:00,7191.643155150016,16365.61494654317,24260.697839281565
2024-07-13 08:00:00,7191.643155150016,16483.886368029784,24405.77574159373
2024-07-13 12:00:00,7191.643155150016,16577.76237881811,24525.236812567324
2024-07-13 16:00:00,7191.643155150016,16659.9038882579,24572.59844013455
2024-07-13 20:00:00,7177.259868839717,16599.996170846927,24502.799808932425
2024-07-14 00:00:00,7171.48387880322,16761.808768389972,24793.357774833297
2024-07-14 04:00:00,7182.637132753546,16838.70063248962,25028.32529731305
2024-07-14 08:00:00,7216.109435452321,17034.790326077087,25241.10137703336
2024-07-14 12:00:00,7228.635535545836,17057.33292077297,25274.97783342281
2024-07-14 16:00:00,7231.809846080749,17046.216024758563,25349.556652441577
2024-07-14 20:00:00,7211.369917271402,16987.23471534879,25255.9069270768
2024-07-15 00:00:00,7332.707205952278,17251.26099569097,25681.601318278248
2024-07-15 04:00:00,7529.700625386351,17764.491028356115,26357.037973673567
2024-07-15 08:00:00,7585.390566979804,17817.605087091615,26597.65098114736
2024-07-15 12:00:00,7523.475185536343,17686.05515092113,26347.456434851894
2024-07-15 16:00:00,7585.622795776251,17844.7797217935,26560.431034263165
2024-07-15 20:00:00,7679.036821574362,17967.683183286117,26936.11986922611
2024-07-16 00:00:00,7857.187192405538,18341.02560776997,27593.854315423006
2024-07-16 04:00:00,7823.419834964832,18353.068911785576,27418.628661897266
2024-07-16 08:00:00,7612.901262125795,17809.885020414946,26721.904405921523
2024-07-16 12:00:00,7734.170244709208,18068.04405008285,27187.224454671985
2024-07-16 16:00:00,7890.775760321927,18406.800575855214,27780.59277652685
2024-07-16 20:00:00,7904.079013126027,18463.929069262587,27859.75888747259
2024-07-17 00:00:00,7855.695167551978,18433.666407890032,27672.20942323825
2024-07-17 04:00:00,7907.236981571043,18594.552597431873,27793.551600524843
2024-07-17 08:00:00,7892.54762777695,18484.001242621933,27739.14662877691
2024-07-17 12:00:00,7825.624610078723,18279.265074356594,27589.77197602561
2024-07-17 16:00:00,7777.214557750667,18283.897114362597,27307.563908481043
2024-07-17 20:00:00,7731.950548216928,18241.591148974436,27122.85393153103
2024-07-18 00:00:00,7668.700849430528,18094.90988211767,26891.21575144834
2024-07-18 04:00:00,7788.714452566275,18323.11505308009,27388.491547851092
2024-07-18 08:00:00,7778.599259625311,18269.69219167752,27343.937553807118
2024-07-18 12:00:00,7815.42620586096,18301.807669052476,27471.06177674802
2024-07-18 16:00:00,7630.93119309088,17983.43211930653,26988.25688503404
2024-07-18 20:00:00,7630.93119309088,18012.459570010815,27121.140463580945
2024-07-19 00:00:00,7630.93119309088,18133.20141283396,27411.559563946597
2024-07-19 04:00:00,7615.669330704699,18242.517556975636,27738.627730170338
2024-07-19 08:00:00,7609.678648342404,18067.117642081652,27584.826040439144
2024-07-19 12:00:00,7627.137208369662,18177.668996891593,27751.24620699655
2024-07-19 16:00:00,7709.933630313071,18671.444461531526,28652.59789190802
2024-07-19 20:00:00,7776.306975198028,19066.403072710058,29044.8226154007
2024-07-20 00:00:00,7715.848324041581,18900.26723782808,28812.542700700495
2024-07-20 04:00:00,7714.5228866758425,18891.003157816074,28838.629359180493
2024-07-20 08:00:00,7697.594561176898,18878.34224846633,28752.216972926984
2024-07-20 12:00:00,7683.470070381963,18864.75493111539,28676.17122622289
2024-07-20 16:00:00,7728.504733631717,18961.41016590732,28855.511311971608
2024-07-20 20:00:00,7789.411127838892,19041.69885934471,29191.626293527253
2024-07-21 00:00:00,7807.423276305008,19018.538659314694,29319.36596054306
2024-07-21 04:00:00,7791.5462109218115,19023.170699320697,29237.50458860346
2024-07-21 08:00:00,7726.904110099481,18888.22393381247,28968.82745458837
2024-07-21 12:00:00,7771.790898653155,18942.882005883308,29183.570279991807
2024-07-21 16:00:00,7824.304660409358,19025.64112065723,29475.51337138495
2024-07-21 20:00:00,7866.0744297486435,19095.121720747276,29741.545543934182
2024-07-22 00:00:00,8018.290706554941,19289.358598332343,30503.610177184462
2024-07-22 04:00:00,7940.545775494165,19215.863563570427,30091.456970717933
2024-07-22 08:00:00,7859.24413882017,19046.63970201778,29756.672391053304
2024-07-22 12:00:00,7925.813139218901,19139.589304804907,30068.888127540355
2024-07-22 16:00:00,7859.660084711442,19034.287595335103,29913.25750656602
2024-07-22 20:00:00,7951.534631353337,19357.91279042119,30390.286482908214
2024-07-23 00:00:00,7861.169918754149,19147.000568814514,29830.677440099113
2024-07-23 04:00:00,7856.523646485322,19119.517131445562,29859.315396328537
2024-07-23 08:00:00,7767.852604858612,18901.502448496347,29484.28295100455
2024-07-23 12:00:00,7751.975259591891,18971.600653920526,29607.02471222639
2024-07-23 16:00:00,7706.2562789699095,18957.086928568384,29604.443745292843
2024-07-23 20:00:00,7619.627931088771,18653.533906841647,29049.095861379064
2024-07-24 00:00:00,7619.627931088771,18765.62927498692,29226.884340514574
2024-07-24 04:00:00,7619.627931088771,18807.008832373882,29269.428881536354
2024-07-24 08:00:00,7619.627931088771,18836.96269107937,29359.245911390593
2024-07-24 12:00:00,7619.627931088771,18901.502448496347,29746.996209551027
2024-07-24 16:00:00,7619.627931088771,18838.81550708177,29650.298149503782
2024-07-24 20:00:00,7619.627931088771,18711.58880825022,29597.13111042012
2024-07-25 00:00:00,7619.627931088771,18633.770536149368,29516.940098535793
2024-07-25 04:00:00,7619.627931088771,18262.280927667915,28374.47879373737
2024-07-25 08:00:00,7619.627931088771,18261.354519666715,28242.37361246559
2024-07-25 12:00:00,7619.627931088771,18255.79607165951,28180.735588373813
2024-07-25 16:00:00,7619.627931088771,18430.88718388643,28333.0522326349
2024-07-25 20:00:00,7619.627931088771,18422.549511875623,28103.33981192059
2024-07-26 00:00:00,7619.627931088771,18738.763442952106,28666.00135652799
2024-07-26 04:00:00,7619.627931088771,19079.372784726867,29259.807377168938
2024-07-26 08:00:00,7619.627931088771,19049.110123354312,29379.131373159667
2024-07-26 12:00:00,7589.149419364416,19142.986134142644,29590.790655238325
2024-07-26 16:00:00,7637.3548258356495,19218.025182239893,29908.02883303935
2024-07-26 20:00:00,7664.161269940395,19337.531814394773,30055.33927909705
2024-07-27 00:00:00,7672.8026415237855,19308.50436369049,30136.060046872815
2024-07-27 04:00:00,7660.090197222946,19275.462478314334,30021.73077505554
2024-07-27 08:00:00,7714.5394796221335,19345.251881071446,30413.116132329662
2024-07-27 12:00:00,7715.759497001092,19392.807491799744,30401.79403082593
2024-07-27 16:00:00,7691.118292715137,19545.356009330782,30120.43353103509
2024-07-27 20:00:00,7659.41951595055,19401.762769144683,29957.137405715373
2024-07-28 00:00:00,7671.045294922609,19266.198398302327,30099.71276313147
2024-07-28 04:00:00,7678.665506618165,19284.108952992206,30134.452630033356
2024-07-28 08:00:00,7665.969241506907,19198.879416881748,30084.759685304187
2024-07-28 12:00:00,7700.747157141396,19292.446625003013,30324.83119435095
2024-07-28 16:00:00,7674.223340066937,19223.892432914166,30188.679246721083
2024-07-28 20:00:00,7702.377152646608,19362.85363309426,30310.83148390762
2024-07-29 00:00:00,7710.221795551525,19404.541993148287,30340.168435542855
2024-07-29 04:00:00,7827.745638369859,19676.5971428342,31238.140076884567
2024-07-29 08:00:00,7858.668650698002,19743.607321587715,31338.68834719077
2024-07-29 12:00:00,7865.687636225828,19803.20623633162,31280.15722595861
2024-07-29 16:00:00,7691.956571995583,19402.997979812953,30643.335804138616
2024-07-29 20:00:00,7697.666420108822,19195.791390211078,30598.539812890936
2024-07-30 00:00:00,7628.951652856447,19048.49251802018,30125.662925479566
2024-07-30 04:00:00,7630.89694420074,19003.098525961348,30112.059519978124
2024-07-30 08:00:00,7647.675082045262,19108.091432764086,30170.63043541709
2024-07-30 12:00:00,7641.109723758275,18986.42318193974,29952.13709219885
2024-07-30 16:00:00,7634.3822578592635,18913.854555179023,29955.34661828912
2024-07-30 20:00:00,7583.350133163542,18826.772203066164,29528.824879734326
2024-07-31 00:00:00,7583.350133163542,18895.017592487944,29686.29085535052
2024-07-31 04:00:00,7583.350133163542,18842.521139086573,29847.110851631853
2024-07-31 08:00:00,7583.350133163542,18896.561605823277,30139.343935324287
2024-07-31 12:00:00,7583.350133163542,18844.06515242191,29958.695141114433
2024-07-31 16:00:00,7583.350133163542,18938.86757121144,29807.66279073887
2024-07-31 20:00:00,7583.350133163542,18617.71279746189,29289.584706028665
2024-08-01 00:00:00,7583.350133163542,18441.386474566705,28674.52282611174
2024-08-01 04:00:00,7583.350133163542,18228.31263429056,28192.812351893885
2024-08-01 08:00:00,7583.350133163542,18396.30128517494,28254.15801430046
2024-08-01 12:00:00,7583.350133163542,18512.71989065915,28489.845789972933
2024-08-01 16:00:00,7583.350133163542,18008.13633267188,27497.5080438695
2024-08-01 20:00:00,7583.350133163542,18155.12640219571,27543.35594229523
2024-08-02 00:00:00,7583.350133163542,18717.147256257424,28353.16648089061
2024-08-02 04:00:00,7583.350133163542,18483.3836372878,27894.11138515174
2024-08-02 08:00:00,7583.350133163542,18326.511882417824,27468.394321777512
2024-08-02 12:00:00,7583.350133163542,18430.88718388643,27773.881313370424
2024-08-02 16:00:00,7583.350133163542,17949.46382592917,26513.386519374468
2024-08-02 20:00:00,7583.350133163542,17724.964286971554,25840.86625319345
2024-08-03 00:00:00,7583.350133163542,17404.11831588907,25841.713950411664
2024-08-03 04:00:00,7583.350133163542,17527.63938271582,25972.745358036038
2024-08-03 08:00:00,7583.350133163542,17482.554193324057,25786.43026869638
2024-08-03 12:00:00,7583.350133163542,17559.754860090776,25909.885411839816
2024-08-03 16:00:00,7583.350133163542,17258.98106236764,25086.21650036599
2024-08-03 20:00:00,7583.350133163542,17084.507555474855,24367.443554245372
2024-08-04 00:00:00,7583.350133163542,17210.49904363814,24639.049063224276
2024-08-04 04:00:00,7583.350133163542,17208.646227635738,24826.88684819334
2024-08-04 08:00:00,7583.350133163542,17112.917400845006,24407.637854413126
2024-08-04 12:00:00,7583.350133163542,17277.818025058717,24778.49440450538
2024-08-04 16:00:00,7583.350133163542,16758.411939052236,23625.305583992835
2024-08-04 20:00:00,7583.350133163542,16933.503051279153,24436.74139872354
2024-08-05 00:00:00,7583.350133163542,16467.519826675238,23623.255428841778
2024-08-05 04:00:00,7583.350133163542,15274.306321128834,21783.950486314847
2024-08-05 08:00:00,7583.350133163542,14912.698397993523,21076.25790733643
2024-08-05 12:00:00,7583.350133163542,14474.198610758562,20017.30622922028
2024-08-05 16:00:00,7583.350133163542,15391.651334614247,22110.439551472788
2024-08-05 20:00:00,7583.350133163542,15134.109910280473,21763.90758180514
2024-08-06 00:00:00,7583.350133163542,15292.834481152848,21944.001511876
2024-08-06 04:00:00,7583.350133163542,15751.09763908009,23099.984462247594
2024-08-06 08:00:00,7583.350133163542,15973.744362035306,23657.16991546774
2024-08-06 12:00:00,7583.350133163542,15646.722337611485,23162.448323619385
2024-08-06 16:00:00,7583.350133163542,15977.141191373043,23996.44655268674
2024-08-06 20:00:00,7583.350133163542,16084.604519512313,24021.372245147282
2024-08-07 00:00:00,7583.350133163542,15864.737020560699,23714.994698628958
2024-08-07 04:00:00,7568.1834328972145,16113.6319702166,24620.129058487917
2024-08-07 08:00:00,7580.541565738184,16127.52809023461,24707.155683203546
2024-08-07 12:00:00,7568.1834328972145,16134.32174891008,24577.15789846413
2024-08-07 16:00:00,7510.2092508932565,15865.045823227767,24037.044882256672
2024-08-07 20:00:00,7420.976262291553,15483.983332067242,23267.796062840207
2024-08-08 00:00:00,7441.694308524942,15589.285041537047,23420.309877563755
2024-08-08 04:00:00,7586.538894911007,16125.057668898075,24618.98339212724
2024-08-08 08:00:00,7594.353596560444,16153.776316935295,24650.922228050073
2024-08-08 12:00:00,7588.959073118286,16204.111151667195,24782.49955752834
2024-08-08 16:00:00,7799.645693104873,16830.671763145885,25778.076212967528
2024-08-08 20:00:00,7703.484185398103,16827.89253914228,25371.141914571337
2024-08-09 00:00:00,8025.925509593813,17454.45315062097,26481.763605568613
2024-08-09 04:00:00,7945.641932225015,17345.445809146364,26012.660356221113
2024-08-09 08:00:00,7890.1863188721345,17220.38072898428,25850.754007115538
2024-08-09 12:00:00,7829.318499172359,17169.11948625118,25658.228324189833
2024-08-09 16:00:00,7603.777839952498,16919.606931261143,24872.799998381895
2024-08-09 20:00:00,7676.00834621231,17169.428288918247,25287.85192348656
2024-08-10 00:00:00,7693.539156038847,17227.17438765975,25579.435040513617
2024-08-10 04:00:00,7680.17098906474,17109.520571507273,25314.022711705886
2024-08-10 08:00:00,7732.3023339101655,17242.923323680163,25585.17323990493
2024-08-10 12:00:00,7739.250656641093,17264.539510374845,25535.91956439674
2024-08-10 16:00:00,7684.988568722896,17153.0617475637,25343.52792912966
2024-08-10 20:00:00,7709.719678654259,17291.714145076727,25466.22907321214
2024-08-11 00:00:00,7709.0887701686415,17252.805009026302,25380.527710838673
2024-08-11 04:00:00,7750.369043343888,17292.022947743797,25638.465360159313
2024-08-11 08:00:00,7789.270265347197,17348.225033149967,25796.74495368372
2024-08-11 12:00:00,7737.38052482245,17173.442723590117,25387.01609456392
2024-08-11 16:00:00,7676.057698183295,17017.497376721345,24768.342717752632
2024-08-11 20:00:00,7641.793141592538,16885.63863788379,24408.386300680104
2024-08-12 00:00:00,7525.710807887304,16618.52433087094,23800.553067555687
2024-08-12 04:00:00,7525.710807887304,16562.013442797703,24016.946744161472
2024-08-12 08:00:00,7525.710807887304,16591.96730150319,24254.312192688063
2024-08-12 12:00:00,7525.710807887304,16926.09178726955,24958.080496346738
2024-08-12 16:00:00,7510.659386271529,17022.74702206148,24728.50180161879
2024-08-12 20:00:00,7482.334682365749,16669.785573604044,24176.0414423497
2024-08-13 00:00:00,7539.493527297918,16764.58799239357,24543.124664723386
2024-08-13 04:00:00,7478.157297976767,16683.681693622053,24152.871971813758
2024-08-13 08:00:00,7471.025178288261,16743.28060836596,24402.214467434744
2024-08-13 12:00:00,7468.4779926852225,16624.70038421228,24362.12626503047
2024-08-13 16:00:00,7469.59875435056,16776.322493742115,24389.674329816975
2024-08-13 20:00:00,7515.1424329328765,17083.272344806588,24554.442767983943
2024-08-14 00:00:00,7508.214088092613,17019.967798057878,24538.376928448426
2024-08-14 04:00:00,7513.817896419296,17132.063166203156,24436.05579406536
2024-08-14 08:00:00,7528.18402322043,17099.9476888282,24483.4923817744
2024-08-14 12:00:00,7542.753924869807,17176.83955292785,24739.51705336672
2024-08-14 16:00:00,7476.425211766701,16659.286282923767,24347.716823350456
2024-08-14 20:00:00,7472.96103934657,16539.779650768887,24060.920914469098
2024-08-15 00:00:00,7466.745906475157,16479.563130690847,23976.1877294437
2024-08-15 04:00:00,7444.058429971172,16408.229714598398,24046.89831566366
2024-08-15 08:00:00,7444.058429971172,16281.620621100981,23703.619755614385
2024-08-15 12:00:00,7444.058429971172,16481.10714402618,23881.432573248916
2024-08-15 16:00:00,7444.058429971172,16796.085864434393,24371.425226127776
2024-08-15 20:00:00,7444.058429971172,16067.002767489503,23369.01252132924
2024-08-16 00:00:00,7444.058429971172,16215.53685034867,23688.00238998459
2024-08-16 04:00:00,7444.058429971172,16301.692794460327,23687.56809424669
2024-08-16 08:00:00,7444.058429971172,16438.183573303886,24017.488122954313
2024-08-16 12:00:00,7444.058429971172,16417.493794610404,23740.549000387175
2024-08-16 16:00:00,7444.058429971172,16319.912151817272,23220.51246806675
2024-08-16 20:00:00,7444.058429971172,16738.03096302582,23713.17088666249
2024-08-17 00:00:00,7444.058429971172,16510.443397397536,23385.452162302652
2024-08-17 04:00:00,7444.058429971172,16579.615194820515,23409.520228675618
2024-08-17 08:00:00,7444.058429971172,16611.113066861337,23485.557468737577
2024-08-17 12:00:00,7444.058429971172,16576.835970816912,23423.135119551356
2024-08-17 16:00:00,7444.058429971172,16649.09579491056,23576.522009539134
2024-08-17 20:00:00,7444.058429971172,16669.476770936977,23682.453913128942
2024-08-18 00:00:00,7444.058429971172,16675.344021611247,23768.580718519246
2024-08-18 04:00:00,7444.058429971172,16633.038056223086,23668.016640762828
2024-08-18 08:00:00,7444.058429971172,16689.240141629256,23722.216961669597
2024-08-18 12:00:00,7429.17031311123,16809.673181785336,24126.570777402085
2024-08-18 16:00:00,7422.60624946397,16765.205597727705,24256.80142505618
2024-08-18 20:00:00,7416.224520918022,16721.973224338344,24306.918636391878
2024-08-19 00:00:00,7350.711883686541,16376.423039890511,23697.597098161037
2024-08-19 04:00:00,7350.711883686541,16442.81561330989,23839.742589797243
2024-08-19 08:00:00,7350.711883686541,16367.776565212638,23675.54382180526
2024-08-19 12:00:00,7350.711883686541,16332.881863834082,23611.256377087127
2024-08-19 16:00:00,7350.711883686541,16333.808271835282,23724.797944947182
2024-08-19 20:00:00,7350.711883686541,16435.095546633216,23677.758080832566
2024-08-20 00:00:00,7350.711883686541,16570.042312141442,23897.505355522808
2024-08-20 04:00:00,7336.010459919168,16910.96045658327,24193.95609289202
2024-08-20 08:00:00,7330.224402645856,16972.41218732958,24399.299823430145
2024-08-20 12:00:00,7282.597971728146,16871.124912531646,24121.43550435934
2024-08-20 16:00:00,7119.502292467259,16347.70439185329,23482.74161406829
2024-08-20 20:00:00,7119.502292467259,16530.206768089814,23735.895279145923
2024-08-21 00:00:00,7119.502292467259,16382.59909323185,23474.01135595129
2024-08-21 04:00:00,7119.502292467259,16474.931090684844,23558.00773434548
2024-08-21 08:00:00,7119.502292467259,16599.68736817986,23698.64102499291
2024-08-21 12:00:00,7119.502292467259,16492.841645374723,23435.75707657389
2024-08-21 16:00:00,7119.502292467259,16498.708896048993,23328.164304419864
2024-08-21 20:00:00,7105.263287882324,17049.921656763367,23882.9435409191
2024-08-22 00:00:00,7088.4143278025895,16928.87101127315,23743.928722709796
2024-08-22 04:00:00,7066.536468923547,16771.69045373611,23571.33810220568
2024-08-22 08:00:00,7087.8555612693335,16924.85657660128,23852.24695342657
2024-08-22 12:00:00,7099.58965846772,17009.15970471054,23983.89181734863
2024-08-22 16:00:00,7068.771535056572,16787.748192423587,23702.599602581802
2024-08-22 20:00:00,7067.0522534157835,16775.396085740915,23724.26043580071
2024-08-23 00:00:00,7067.696984031079,16780.028125746918,23798.397968397527
2024-08-23 04:00:00,7074.230254266078,16826.966131141082,23939.253298894328
2024-08-23 08:00:00,7093.5291906839375,16965.618528654108,24104.743177344877
2024-08-23 12:00:00,7080.548614295979,16872.360123199913,23884.48287934716
2024-08-23 16:00:00,7099.417730303641,17007.92449404227,23952.39335470475
2024-08-23 20:00:00,7147.272707180573,17554.50521475064,24743.864755591276
2024-08-24 00:00:00,7229.360759025223,17660.733332221644,25151.151793587906
2024-08-24 04:00:00,7197.204919319068,17575.812598778255,25070.255082623902
2024-08-24 08:00:00,7253.191698210352,17720.641049632617,25289.253050168307
2024-08-24 12:00:00,7284.8390803423345,17630.47067084909,25543.03957186805
2024-08-24 16:00:00,7321.884838156688,17640.661158862298,25757.750567049414
2024-08-24 20:00:00,7369.473066776778,17691.9224015954,25911.394294071302
2024-08-25 00:00:00,7345.10651569479,17676.482268242053,25868.942156880225
2024-08-25 04:00:00,7301.4029796068,17662.894950891114,25620.397268811488
2024-08-25 08:00:00,7231.240375694682,17570.87175610518,25316.019546739735
2024-08-25 12:00:00,7262.609280826967,17581.98865211959,25473.905837372145
2024-08-25 16:00:00,7328.578289254521,17684.511137585792,25767.489715749038
2024-08-25 20:00:00,7329.653454436724,17699.024862937935,25754.908674203005
2024-08-26 00:00:00,7315.36986912714,17721.25865496675,25730.4526303848
2024-08-26 04:00:00,7334.4097115579025,17705.200916279275,25856.06468176067
2024-08-26 08:00:00,7290.000117779846,17570.87175610518,25689.742321424987
2024-08-26 12:00:00,7332.942074463395,17655.483686881507,25884.353773053088
2024-08-26 16:00:00,7250.8751182918595,17571.798164106385,25559.267253350852
2024-08-26 20:00:00,7251.976898995568,17529.183396051154,25533.06658673178
2024-08-27 00:00:00,7217.747812633419,17385.59015586506,25395.59214627628
2024-08-27 04:00:00,7228.814421891479,17418.01443590708,25544.08492966851
2024-08-27 08:00:00,7217.385305549278,17401.956697219604,25470.720899100823
2024-08-27 12:00:00,7149.517454383694,17267.62753704551,24997.18871411771
2024-08-27 16:00:00,7149.517454383694,17068.44981678738,24792.781061774782
2024-08-27 20:00:00,7149.517454383694,17147.812102223565,24922.93714331166
2024-08-28 00:00:00,7149.517454383694,16432.00751996255,23718.356643582254
2024-08-28 04:00:00,7149.517454383694,16509.516989396336,23916.149994166684
2024-08-28 08:00:00,7149.517454383694,16238.388247711619,23374.336518740343
2024-08-28 12:00:00,7149.517454383694,16651.25741358003,23995.84304420548
2024-08-28 16:00:00,7149.517454383694,16377.65825055878,23542.97172628564
2024-08-28 20:00:00,7149.517454383694,16390.010357241452,23610.940100555108
2024-08-29 00:00:00,7149.517454383694,16394.02479191332,23609.24072185521
2024-08-29 04:00:00,7149.517454383694,16411.626543936134,23516.12703913856
2024-08-29 08:00:00,7149.517454383694,16544.720493441957,23742.31483932177
2024-08-29 12:00:00,7149.517454383694,16719.811605668878,23947.441258101804
2024-08-29 16:00:00,7149.517454383694,16942.149525957026,24123.29694663806
2024-08-29 20:00:00,7149.517454383694,16522.177898746075,23331.411212606312
2024-08-30 00:00:00,7149.517454383694,16553.675770786896,23311.321721723412
2024-08-30 04:00:00,7149.517454383694,16465.667010672838,23170.620407362672
2024-08-30 08:00:00,7149.517454383694,16516.92825340594,23184.111918259878
2024-08-30 12:00:00,7149.517454383694,16558.925416127033,23156.352219125714
2024-08-30 16:00:00,7149.517454383694,16230.050575700812,22445.426288995528
2024-08-30 20:00:00,7149.517454383694,16408.847319932534,22871.861217654638
2024-08-31 00:00:00,7149.517454383694,16537.926834766487,23161.71080998295
2024-08-31 04:00:00,7149.517454383694,16570.659917475576,23194.041360708623
2024-08-31 08:00:00,7149.517454383694,16524.64832008261,23101.09670764431
2024-08-31 12:00:00,7149.517454383694,16525.265925416745,23041.472177950352
2024-08-31 16:00:00,7149.517454383694,16501.488120052596,22985.69667644156
2024-08-31 20:00:00,7149.517454383694,16458.87335199737,22781.3745754188
2024-09-01 00:00:00,7149.517454383694,16486.35678936632,22844.27274538693
2024-09-01 04:00:00,7149.517454383694,16364.997341209037,22640.246289667233
2024-09-01 08:00:00,7149.517454383694,16355.73326119703,22513.58812730767
2024-09-01 12:00:00,7149.517454383694,16285.943858439916,22378.713094093022
2024-09-01 16:00:00,7149.517454383694,16289.649490444719,22633.471417174136
2024-09-01 20:00:00,7149.517454383694,16366.850157211438,22789.447416561874
2024-09-02 00:00:00,7149.517454383694,16036.431303449881,21883.888210173885
2024-09-02 04:00:00,7149.517454383694,16142.041815586754,22125.88562133707
2024-09-02 08:00:00,7149.517454383694,16063.2971354847,21791.792348351595
2024-09-02 12:00:00,7149.517454383694,16316.515322479538,22418.04884303944
2024-09-02 16:00:00,7149.517454383694,16336.278693171816,22480.78108129646
2024-09-02 20:00:00,7149.517454383694,16307.868847801665,22533.61161800551
2024-09-03 00:00:00,7135.218419474926,16502.723330720863,22793.221437102104
2024-09-03 04:00:00,7117.0349879768855,16506.428962725666,22859.07673763264
2024-09-03 08:00:00,7120.879484922187,16504.267344056196,22770.903342294496
2024-09-03 12:00:00,7115.060786842813,16531.750781425148,22766.759940018957
2024-09-03 16:00:00,7038.293871839064,16143.27702625502,22064.333237483093
2024-09-03 20:00:00,7038.293871839064,16240.858669048153,22227.577391063838
2024-09-04 00:00:00,7038.293871839064,16073.487623497907,21790.71837725806
2024-09-04 04:00:00,7038.293871839064,15834.165556521079,21641.817664729737
2024-09-04 08:00:00,7038.293871839064,15852.384913878024,21947.507879919496
2024-09-04 12:00:00,7038.293871839064,15808.843737821595,21760.58453965219
2024-09-04 16:00:00,7038.293871839064,16207.816783671997,22471.34588752103
2024-09-04 20:00:00,7038.293871839064,16180.642148970112,22396.861848046166
2024-09-05 00:00:00,7038.293871839064,16161.805186279033,22424.903635856448
2024-09-05 04:00:00,7038.293871839064,15925.87994863994,22079.731379415498
2024-09-05 08:00:00,7038.293871839064,15922.174316635139,22223.3276624196
2024-09-05 12:00:00,7038.293871839064,15784.448327123311,22092.08324659113
2024-09-05 16:00:00,7038.293871839064,15588.97623886998,21796.914241735
2024-09-05 20:00:00,7038.293871839064,15586.814620200512,21543.817814127942
2024-09-06 00:00:00,7038.293871839064,15616.768478905999,21650.98600890499
2024-09-06 04:00:00,7038.293871839064,15720.217372373401,21863.69570007913
2024-09-06 08:00:00,7038.293871839064,15504.364308093656,21437.965521180544
2024-09-06 12:00:00,7038.293871839064,15575.697724186104,21740.32245393114
2024-09-06 16:00:00,7038.293871839064,15062.467691520958,21260.39931966611
2024-09-06 20:00:00,7038.293871839064,14915.16881933006,20810.32452015956
2024-09-07 00:00:00,7038.293871839064,15070.18775819763,20886.71971128062
2024-09-07 04:00:00,7038.293871839064,15018.308910130396,20913.656455975604
2024-09-07 08:00:00,7038.293871839064,15164.990176987161,21273.985705998544
2024-09-07 12:00:00,7038.293871839064,15185.988758347708,21238.618975026093
2024-09-07 16:00:00,7038.293871839064,15312.28904917806,21477.579758087508
2024-09-07 20:00:00,7038.293871839064,15193.70882502438,21367.931291766763
2024-09-08 00:00:00,7038.293871839064,15111.56731558459,21247.93180853786
2024-09-08 04:00:00,7038.293871839064,15173.636651665032,21320.965402723763
2024-09-08 08:00:00,7038.293871839064,15185.371153013575,21474.74236559483
2024-09-08 12:00:00,7038.293871839064,15210.075366378924,21529.5238411832
2024-09-08 16:00:00,7038.293871839064,14979.708576747036,21049.419243440047
2024-09-08 20:00:00,7038.293871839064,15164.06376898596,21356.861460254564
2024-09-09 00:00:00,7038.293871839064,15301.172153163652,21582.589193496933
2024-09-09 04:00:00,7038.293871839064,15382.078451935175,21468.837453416898
2024-09-09 08:00:00,7038.293871839064,15358.918251905157,21554.70368463675
2024-09-09 12:00:00,7038.293871839064,15461.749540038427,21630.919440603757
2024-09-09 16:00:00,7038.293871839064,15499.423465420587,21512.156386293074
2024-09-09 20:00:00,7010.140696351708,15987.331679386249,22438.973130699167
2024-09-10 00:00:00,6995.266238269687,15969.729927363436,22454.838318929505
2024-09-10 04:00:00,6916.483261156062,15823.04866050667,22152.693444842575
2024-09-10 08:00:00,7000.616211061697,16015.432722089334,22451.215235106036
2024-09-10 12:00:00,6997.71938436008,16026.858420770808,22477.02908783174
2024-09-10 16:00:00,6930.543701930246,15858.252164552296,22278.673219247612
2024-09-10 20:00:00,7084.016027821847,16239.932261046952,22743.20399469489
2024-09-11 00:00:00,7066.0983516457745,16159.952370276631,22640.01345551249
2024-09-11 04:00:00,6941.941003986496,15893.146865930852,22244.631571693106
2024-09-11 08:00:00,6910.920625515587,15865.045823227767,22103.154409456314
2024-09-11 12:00:00,6892.58782219149,15890.676444594317,22045.66717823346
2024-09-11 16:00:00,6878.710537940496,15905.19016994646,22014.228787955326
2024-09-11 20:00:00,6928.858074711845,16155.937935604763,22272.399050428176
2024-09-12 00:00:00,6920.248392058383,16091.398178187785,22227.42122499551
2024-09-12 04:00:00,6982.772786727973,16332.573061167015,22674.474081917004
2024-09-12 08:00:00,6972.02975362497,16312.192085140601,22583.30857380149
2024-09-12 12:00:00,6954.204088892386,16277.297383762045,22534.010060207693
2024-09-12 16:00:00,6881.226120009744,16082.442900842847,22256.62489261464
2024-09-12 20:00:00,6910.998706696229,16285.326253105783,22552.104586581518
2024-09-13 00:00:00,6899.397820559639,16206.272770336664,22558.342920625815
2024-09-13 04:00:00,6885.712400195378,16113.014364882467,22335.002469935593
2024-09-13 08:00:00,6896.180387295193,16184.347780974915,22363.81595134713
2024-09-13 12:00:00,6887.796934423048,16127.219287567543,22163.79919065979
2024-09-13 16:00:00,6947.964754365373,16632.111648221882,22812.32273484284
2024-09-13 20:00:00,6951.812855536052,16654.03663758363,23001.590638774993
2024-09-14 00:00:00,7020.6362169684035,16875.139347203512,23214.704097836744
2024-09-14 04:00:00,7008.09669207439,16821.098880466812,23202.040908018716
2024-09-14 08:00:00,6958.985303952068,16767.05841373011,22978.58067697659
2024-09-14 12:00:00,6921.5361705877785,16635.50847755962,22846.447802103292
2024-09-14 16:00:00,6941.558292215499,16686.76972029272,22931.365573822364
2024-09-14 20:00:00,6916.2854112957475,16666.697546933374,22825.896417551026
2024-09-15 00:00:00,6942.161022999416,16719.19400033474,22916.978667451833
2024-09-15 04:00:00,6957.445572783263,16767.98482173131,22968.618186923486
2024-09-15 08:00:00,6955.985505609034,16780.64573108105,22944.541596254145
2024-09-15 12:00:00,6889.361009704053,16712.709144326338,22724.631231721643
2024-09-15 16:00:00,6905.898030734685,16807.202760448803,22787.03250837246
2024-09-15 20:00:00,6841.596000798486,16688.93133896219,22473.929679723326
2024-09-16 00:00:00,6810.192039499041,16474.931090684844,22103.096410928832
2024-09-16 04:00:00,6769.560570229091,16295.825543786057,21890.9494519871
2024-09-16 08:00:00,6769.560570229091,16374.261421221043,22007.576587346597
2024-09-16 12:00:00,6769.560570229091,16289.340687777652,22024.221557389057
2024-09-16 16:00:00,6769.560570229091,16075.03163683324,21884.485142643287
2024-09-16 20:00:00,6769.560570229091,16075.958044834442,21817.122273323926
2024-09-17 00:00:00,6769.560570229091,16158.099554274231,21910.847317546613
2024-09-17 04:00:00,6769.560570229091,16121.043234226205,21862.670812627985
2024-09-17 08:00:00,6769.560570229091,16283.473437103381,22056.630918938463
2024-09-17 12:00:00,6769.560570229091,16392.48077857799,22043.25113613719
2024-09-17 16:00:00,6756.021449088634,16981.36746467452,22656.410337476897
2024-09-17 20:00:00,6711.827449257529,16648.786992243495,22241.618741372156
2024-09-18 00:00:00,6725.040511416875,16748.22145103903,22181.19985809879
2024-09-18 04:00:00,6731.11359588763,16793.924245764927,22200.166116818225
2024-09-18 08:00:00,6727.6667101069315,16767.98482173131,22139.894599191055
2024-09-18 12:00:00,6707.641945095253,16617.289120202673,21861.18068905953
2024-09-18 16:00:00,6681.055376450339,16516.310648071805,21666.057312297184
2024-09-18 20:00:00,6681.055376450339,16704.989077649665,21956.33180476367
2024-09-19 00:00:00,6667.693265697439,17163.561038243974,22666.820167954007
2024-09-19 04:00:00,6651.826142681921,17245.393745016696,23091.797940897864
2024-09-19 08:00:00,6673.1467365280205,17187.95644894226,23128.004944054308
2024-09-19 12:00:00,6703.756141948737,17335.255321133158,23261.950059426425
2024-09-19 16:00:00,6785.357250411916,17490.27426000073,23681.119430573453
2024-09-19 20:00:00,6798.092300570566,17483.789403992323,23687.113708798563
2024-09-20 00:00:00,6785.656400614047,17399.177473216,23634.568221197143
2024-09-20 04:00:00,6882.089766651515,17587.547100126794,23933.995149701535
2024-09-20 08:00:00,7021.291402183453,17552.34359608117,24638.278839301176
2024-09-20 12:00:00,7002.4534868120245,17542.770713402097,24582.49722494284
2024-09-20 16:00:00,6965.9473239002855,17469.584481307247,24317.633850976705
2024-09-20 20:00:00,6919.03505171377,17381.884523860255,24144.447683169183
2024-09-21 00:00:00,6946.672259638421,17475.142929314454,24192.657325698747
2024-09-21 04:00:00,6911.640583299815,17390.839801205195,24087.51285102935
2024-09-21 08:00:00,6952.075225242841,17449.203505280835,24260.405856465302
2024-09-21 12:00:00,6949.428760705354,17451.673926617368,24237.11291616551
2024-09-21 16:00:00,6964.018817153159,17479.774969320457,24299.0271011141
2024-09-21 20:00:00,6970.455979399936,17482.554193324057,24288.062203813515
2024-09-22 00:00:00,7041.760845060615,17518.375302703815,24548.82295979819
2024-09-22 04:00:00,7000.268577225268,17452.90913728564,24381.00215254682
2024-09-22 08:00:00,6969.821484546338,17404.11831588907,24262.16204200987
2024-09-22 12:00:00,6908.859215826129,17360.57713983264,24006.509331843346
2024-09-22 16:00:00,6858.263018174066,17327.84405712355,23805.32210711435
2024-09-22 20:00:00,6865.823311547583,17476.37813998272,24022.679341505416
2024-09-23 00:00:00,6869.296959854335,17597.119982805867,24069.398989931004
2024-09-23 04:00:00,6940.084693505337,17798.150519066403,24571.363633184432
2024-09-23 08:00:00,6908.729055917409,17667.218188230047,24353.98619167655
2024-09-23 12:00:00,6898.022675484536,17608.545681487343,24117.315738594654
2024-09-23 16:00:00,6926.341513828893,17638.499540192828,24213.220166865372
2024-09-23 20:00:00,6920.083739355918,17582.606257453725,24134.35452498403
2024-09-24 00:00:00,6902.288679563737,17610.70730015681,24262.395837253272
2024-09-24 04:00:00,6859.188066134579,17538.756278730227,24409.858728790863
2024-09-24 08:00:00,6872.878327108245,17634.17630285389,24479.601782963895
2024-09-24 12:00:00,6864.500704721374,17610.089694822676,24381.132846191875
2024-09-24 16:00:00,6823.879657089972,17493.979892005533,24187.375396839318
2024-09-24 20:00:00,6823.879657089972,17759.550185683045,24556.073665710366
2024-09-25 00:00:00,6810.231897775792,17728.36111630929,24969.25121737838
2024-09-25 04:00:00,6797.56081238551,17764.491028356115,24883.459958716237
2024-09-25 08:00:00,6766.383273333107,17611.016102823876,24590.693291768177
2024-09-25 12:00:00,6783.722653340861,17605.148852149607,24712.84654322738
2024-09-25 16:00:00,6786.390250265131,17596.193574804667,24708.02060984562
2024-09-25 20:00:00,6783.889378148628,17539.68268673143,24635.6734268716
2024-09-26 00:00:00,6751.711490249623,17520.228118706214,24423.9409157096
2024-09-26 04:00:00,6767.383622179708,17602.67843081307,24583.17298068667
2024-09-26 08:00:00,6808.5646496981235,17707.053732281674,24937.224896613705
2024-09-26 12:00:00,6807.426872260077,17825.633956435355,25052.382680850274
2024-09-26 16:00:00,6887.697727542441,18011.84196467668,25519.952572994305
2024-09-26 20:00:00,6847.534748081616,17874.73358049899,25323.304022909415
2024-09-27 00:00:00,6864.82351029717,18005.04830600121,25343.7078509005
2024-09-27 04:00:00,6876.908678974473,18067.117642081652,25404.13307453969
2024-09-27 08:00:00,6910.3006779593325,18163.464074206517,25707.726065722905
2024-09-27 12:00:00,6864.771699722475,18110.041212803946,25480.605846465023
2024-09-27 16:00:00,6958.383792407991,18265.67775700565,25891.795764944734
2024-09-27 20:00:00,6937.5560271043705,18163.772876873583,25731.624815433366
2024-09-28 00:00:00,6935.630874030543,18197.123564916805,25732.35915090258
2024-09-28 04:00:00,6958.469790140738,18279.57387702366,25859.005135508713
2024-09-28 08:00:00,6906.072971560599,18212.254895603084,25593.382294065545
2024-09-28 12:00:00,6909.734823799325,18195.88835424854,25649.892608322305
2024-09-28 16:00:00,6897.147864707496,18150.18555952264,25604.743997993435
2024-09-28 20:00:00,6906.7462172155265,18177.97779955866,25621.648557578697
2024-09-29 00:00:00,6908.041250155988,18210.40207960068,25625.152535775153
2024-09-29 04:00:00,6916.296999933928,18196.197156915605,25693.01364175558
2024-09-29 08:00:00,6833.256276019365,18107.261988800346,25410.838800739584
2024-09-29 12:00:00,6859.983011083364,18167.787311545453,25575.012800678196
2024-09-29 16:00:00,6867.372866298982,18177.360194224526,25638.660844856237
2024-09-29 20:00:00,6904.116029268395,18224.915804952823,25859.24239198397
2024-09-30 00:00:00,6880.837617444482,18137.833452839965,25738.1113785187
2024-09-30 04:00:00,6784.458922995828,17865.77830315405,25381.207880161666
2024-09-30 08:00:00,6784.458922995828,17845.088524460567,25436.4553145553
2024-09-30 12:00:00,6784.458922995828,17597.119982805867,25162.53473130377
2024-09-30 16:00:00,6784.458922995828,17608.236878820277,25075.015445561432
2024-09-30 20:00:00,6784.458922995828,17602.060825478937,25175.35506526922
2024-10-01 00:00:00,6784.458922995828,17553.57880674944,24917.06464105704
2024-10-01 04:00:00,6784.458922995828,17657.02770021684,25239.747038183603
2024-10-01 08:00:00,6784.458922995828,17791.356860390933,25527.09824751073
2024-10-01 12:00:00,6784.458922995828,17749.668500336902,25507.85438934581
2024-10-01 16:00:00,6784.458922995828,17469.584481307247,24597.38877329378
2024-10-01 20:00:00,6784.458922995828,17218.21911031481,24032.585107100334
2024-10-02 00:00:00,6784.458922995828,16963.45690998464,23850.553705416925
2024-10-02 04:00:00,6784.458922995828,17220.38072898428,24215.626741196043
2024-10-02 08:00:00,6784.458922995828,17224.086360989084,24267.320590023097
2024-10-02 12:00:00,6784.458922995828,17050.848064764567,23994.96019804271
2024-10-02 16:00:00,6784.458922995828,17294.49336908033,24260.4502100772
2024-10-02 20:00:00,6784.458922995828,16825.42211780575,23226.684809936414
2024-10-03 00:00:00,6784.458922995828,16950.7960006349,23277.288110471174
2024-10-03 04:00:00,6784.458922995828,17199.999752957865,23690.47067179843
2024-10-03 08:00:00,6784.458922995828,17110.138176841407,23336.851941666566
2024-10-03 12:00:00,6784.458922995828,16991.24915002066,22941.437273288877
2024-10-03 16:00:00,6784.458922995828,16994.337176691326,22839.731946935164
2024-10-03 20:00:00,6784.458922995828,17091.301214150328,23045.92219413179
2024-10-04 00:00:00,6784.458922995828,17005.14527003867,22954.56498920823
2024-10-04 04:00:00,6784.458922995828,17072.15544879218,23078.465711000645
2024-10-04 08:00:00,6784.458922995828,17209.572635636938,23360.48687019002
2024-10-04 12:00:00,6784.458922995828,17209.26383296987,23432.484632932472
2024-10-04 16:00:00,6784.458922995828,17438.395411933492,23892.48925103685
2024-10-04 20:00:00,6784.458922995828,17555.43162275184,24067.2070393259
2024-10-05 00:00:00,6784.458922995828,17472.054902643784,23955.898146189928
2024-10-05 04:00:00,6784.458922995828,17418.01443590708,23777.434132738246
2024-10-05 08:00:00,6784.458922995828,17482.862995991123,24028.16328244676
2024-10-05 12:00:00,6784.458922995828,17511.58164402834,24001.39293497215
2024-10-05 16:00:00,6784.458922995828,17490.891865334863,23913.38284457664
2024-10-05 20:00:00,6784.458922995828,17393.001419874665,23773.457700631894
2024-10-06 00:00:00,6784.458922995828,17455.997163956305,23879.141047181107
2024-10-06 04:00:00,6784.458922995828,17407.515145226807,23871.970579779507
2024-10-06 08:00:00,6784.458922995828,17431.601753258023,23917.443006291713
2024-10-06 12:00:00,6770.890005149837,17472.36370531085,24053.273328421215
2024-10-06 16:00:00,6773.456644470043,17638.499540192828,24327.403230243624
2024-10-06 20:00:00,6754.885696445046,17609.78089215561,24244.94309298268
2024-10-07 00:00:00,6784.405949972675,17681.423110915126,24399.001905890487
2024-10-07 04:00:00,6916.256489995117,17875.351185833122,24911.52803116697
2024-10-07 08:00:00,6871.649150525341,17885.850476513395,24681.711756981298
2024-10-07 12:00:00,6833.741978805538,17746.889276333302,24536.230516982287
2024-10-07 16:00:00,6875.940143412669,17902.834623202074,24737.697060870865
2024-10-07 20:00:00,6819.015397847417,17839.530076453364,24523.96223622479
2024-10-08 00:00:00,6669.729025991379,17504.787985352872,24073.454035397546
2024-10-08 04:00:00,6669.729025991379,17603.91364148134,24158.659829718068
2024-10-08 08:00:00,6669.729025991379,17496.450313342066,23924.471850411064
2024-10-08 12:00:00,6669.729025991379,17598.355193474134,24133.36503577997
2024-10-08 16:00:00,6669.729025991379,17527.021777381688,23925.605201491206
2024-10-08 20:00:00,6669.729025991379,17507.25840668941,24040.966680718622
2024-10-09 00:00:00,6669.729025991379,17481.627785322857,24014.892068792233
2024-10-09 04:00:00,6669.729025991379,17543.697121403296,24079.025837568486
2024-10-09 08:00:00,6669.729025991379,17535.977054726627,24008.015993781653
2024-10-09 12:00:00,6669.729025991379,17522.69854004275,24022.333342180144
2024-10-09 16:00:00,6669.729025991379,17562.225281427312,24024.62756425608
2024-10-09 20:00:00,6669.729025991379,17215.748688978278,23685.443048874684
2024-10-10 00:00:00,6669.729025991379,17101.8005048306,23392.775071867603
2024-10-10 04:00:00,6669.729025991379,17161.708222241574,23509.183104048978
2024-10-10 08:00:00,6669.729025991379,17179.92757959852,23524.98779624396
2024-10-10 12:00:00,6669.729025991379,17291.714145076727,23642.665597417697
2024-10-10 16:00:00,6669.729025991379,17167.88427558291,23424.169633536985
2024-10-10 20:00:00,6669.729025991379,16854.7583711771,23201.98376686461
2024-10-11 00:00:00,6669.729025991379,17027.070259400418,23393.529363398346
2024-10-11 04:00:00,6669.729025991379,17102.418110164734,23631.125030638163
2024-10-11 08:00:00,6669.729025991379,17110.75578217554,23654.133070684387
2024-10-11 12:00:00,6669.729025991379,17275.965209056318,23832.231588391165
2024-10-11 16:00:00,6656.389567939395,17573.03337477465,24208.508014071595
2024-10-11 20:00:00,6645.614274310555,17804.944177741876,24409.98669452036
2024-10-12 00:00:00,6606.739193395435,17644.366790867098,24331.92115489226
2024-10-12 04:00:00,6606.503954685701,17674.93825490672,24308.35318220031
2024-10-12 08:00:00,6621.578223515997,17708.28894294994,24365.206809723833
2024-10-12 12:00:00,6645.265038748583,17758.62377768184,24467.188685074198
2024-10-12 16:00:00,6663.943521987378,17807.41459907841,24482.41548202003
2024-10-12 20:00:00,6664.703996808679,17756.462159012375,24522.00252787856
2024-10-13 00:00:00,6666.293690552253,17801.238545737073,24498.157302041327
2024-10-13 04:00:00,6622.165544662288,17677.09987357619,24330.377708842258
2024-10-13 08:00:00,6647.197842099141,17711.37696962061,24459.664284671402
2024-10-13 12:00:00,6629.9120202024005,17625.52982817602,24420.35138726452
2024-10-13 16:00:00,6582.607897471862,17528.256988049954,24239.996280429386
2024-10-13 20:00:00,6631.978575355054,17684.202334918726,24404.26269052599
2024-10-14 00:00:00,6686.41883641568,17754.918145677042,24658.206082646553
2024-10-14 04:00:00,6848.484686800322,18128.26057016089,25319.40565060402
2024-10-14 08:00:00,6871.959435316794,18200.52039425454,25399.252591242537
2024-10-14 12:00:00,6896.094938130541,18314.46857840222,25476.386708193117
2024-10-14 16:00:00,7068.566473689265,18579.421266745598,26060.34176900562
2024-10-14 20:00:00,7046.422589525744,18601.655058774413,25961.221146500524
2024-10-15 00:00:00,7081.76877101564,18623.58004813616,26157.4576548103
2024-10-15 04:00:00,7015.781458304546,18445.40090923857,25873.918682821626
2024-10-15 08:00:00,7028.799220854757,18542.982552031706,25890.892090345555
2024-10-15 12:00:00,6955.486720085712,18481.839623952463,25558.442959225067
2024-10-15 16:00:00,6991.732973979642,18689.04621355434,25734.99099267727
2024-10-15 20:00:00,7077.041892551246,18972.218259254663,26067.955924020574
2024-10-16 00:00:00,7088.104912105114,19000.31930195775,26063.902854119224
2024-10-16 04:00:00,7085.304999831817,19000.01049929068,26002.193051302274
2024-10-16 08:00:00,7070.412451513038,18984.879168604402,25945.52423145755
2024-10-16 12:00:00,7151.391919842248,19220.49560357643,26268.548199022916
2024-10-16 16:00:00,7133.139351887046,19207.217088892554,26245.13337682716
2024-10-16 20:00:00,7129.301703134859,19230.994894256703,26157.693982648798
2024-10-17 00:00:00,7123.9994144134735,19204.746667556017,26151.61972329567
2024-10-17 04:00:00,7151.829105601251,19197.953008880548,26205.62921303427
2024-10-17 08:00:00,7100.376461993952,19115.502696773692,25960.02287791478
2024-10-17 12:00:00,7019.886411921048,18983.026352602003,25728.018771886436
2024-10-17 16:00:00,7087.326734361521,19239.023763600442,26061.81181531456
2024-10-17 20:00:00,7032.910945837679,19040.77245134351,25604.996444920253
2024-10-18 00:00:00,7059.344592174093,19195.791390211078,25769.45028924287
2024-10-18 04:00:00,7063.646940558538,19217.098774238693,25930.93676443482
2024-10-18 08:00:00,7112.171648573369,19351.119131745716,26230.29717319322
2024-10-18 12:00:00,7080.531516119556,19262.492766297524,26057.432302461384
2024-10-18 16:00:00,7142.603148212516,19543.194390661312,26365.703330270997
2024-10-18 20:00:00,7129.700981573542,19477.728225243136,26327.18280497619
2024-10-19 00:00:00,7115.084459790965,19427.702193178302,26313.835305269076
2024-10-19 04:00:00,7119.206308242041,19431.71662785017,26276.042948984785
2024-10-19 08:00:00,7110.720318590616,19401.14516381055,26257.177732159274
2024-10-19 12:00:00,7093.287736844453,19330.738155719304,26144.41503274708
2024-10-19 16:00:00,7096.4972129843245,19366.86806776613,26438.591258710083
2024-10-19 20:00:00,7089.320562009843,19353.89835574932,26420.131725639607
2024-10-20 00:00:00,7148.364627794275,19394.969110469214,26779.112287964366
2024-10-20 04:00:00,7123.436673462196,19346.487091739713,26674.6017874799
2024-10-20 08:00:00,7132.979177916042,19400.836361143483,26680.80516393716
2024-10-20 12:00:00,7142.684955721103,19406.08600648362,26732.56263703219
2024-10-20 16:00:00,7208.032551930555,19451.171195875384,26894.59461062969
2024-10-20 20:00:00,7201.405160812945,19419.05571850043,26909.04096847149
2024-10-21 00:00:00,7366.626536389798,19555.855300011055,27761.07734597595
2024-10-21 04:00:00,7382.144945110642,19537.63594265411,27938.38387295809
2024-10-21 08:00:00,7365.110688392273,19472.478579903,27871.984011146535
2024-10-21 12:00:00,7306.083061456462,19389.101859794944,27588.647911216154
2024-10-21 16:00:00,7242.1954460732,19188.68892886854,27436.97892917063
2024-10-21 20:00:00,7279.984892397324,19327.9589317157,27739.57793038833
2024-10-22 00:00:00,7235.516083069739,19215.55476090336,27554.470221030842
2024-10-22 04:00:00,7233.904675970548,19220.804406243496,27511.003056868598
2024-10-22 08:00:00,7240.67258578715,19190.54174487094,27547.48483590232
2024-10-22 12:00:00,7256.464375359223,19189.61533686974,27642.676079033765
2024-10-22 16:00:00,7257.592360328656,19205.36427289015,27648.08388954642
2024-10-22 20:00:00,7271.128179961861,19284.72655832634,27778.373833932965
2024-10-23 00:00:00,7260.009470977442,19277.6240969838,27695.319593842047
2024-10-23 04:00:00,7224.558514795241,19154.720635491183,27390.760723433294
2024-10-23 08:00:00,7232.132128161438,19126.001987453965,27419.060703390936
2024-10-23 12:00:00,7247.1182141839145,19039.53724067524,27471.153531652748
2024-10-23 16:00:00,7269.516772862669,18949.058059224644,27532.700900609143
2024-10-23 20:00:00,7339.774122387398,19013.597816641624,28000.76237281836
2024-10-24 00:00:00,7310.607653892041,19080.299192728067,27837.68359041582
2024-10-24 04:00:00,7355.727052669389,19224.5100382483,28228.569827734755
2024-10-24 08:00:00,7345.575187944485,19176.336822185865,28139.354547818773
2024-10-24 12:00:00,7351.698534921412,19232.23010492497,28178.508193428148
2024-10-24 16:00:00,7373.935952890248,19332.282169054637,28361.59133469235
2024-10-24 20:00:00,7381.702660974364,19466.920131895797,28574.496435625475
2024-10-25 00:00:00,7375.790653125889,19443.142326531644,28542.56706154868
2024-10-25 04:00:00,7334.912798684563,19397.748334472817,28260.90095205565
2024-10-25 08:00:00,7273.310947860611,19251.067067616048,27857.52930049894
2024-10-25 12:00:00,7320.3005180278105,19415.96769182976,28183.114224459507
2024-10-25 16:00:00,7291.890278528002,19312.51879836236,28015.758856673725
2024-10-25 20:00:00,7168.226336058457,19079.372784726867,27419.293578057717
2024-10-26 00:00:00,7168.226336058457,19060.53582203579,27043.028077865074
2024-10-26 04:00:00,7168.226336058457,19150.397398152247,27195.201492675376
2024-10-26 08:00:00,7168.226336058457,19168.307952842126,27411.113522456013
2024-10-26 12:00:00,7168.226336058457,19204.129062221884,27575.16690604787
2024-10-26 16:00:00,7168.226336058457,19123.222763450365,27500.822215271724
2024-10-26 20:00:00,7168.226336058457,19205.981878224287,27872.234489258095
2024-10-27 00:00:00,7168.226336058457,19189.924139536808,27788.9372376908
2024-10-27 04:00:00,7168.226336058457,19243.655803606445,27946.150787708983
2024-10-27 08:00:00,7168.226336058457,19218.025182239893,28063.89772253875
2024-10-27 12:00:00,7168.226336058457,19193.320968874545,28106.571816103773
2024-10-27 16:00:00,7168.226336058457,19364.397646429592,28370.771983228915
2024-10-27 20:00:00,7153.8898833863395,19375.205739776935,28508.195221693983
2024-10-28 00:00:00,7145.289644370815,19439.436694526845,28484.854453028194
2024-10-28 04:00:00,7133.6283033328145,19365.015251763725,28329.401565794455
2024-10-28 08:00:00,7117.906294431659,19532.077494646906,28416.954580618458
2024-10-28 12:00:00,7139.83983615827,19599.705278734553,28563.06560370503
2024-10-28 16:00:00,7084.4972784038355,19534.239113316373,28138.57630722167
2024-10-28 20:00:00,7165.111604723757,19860.025927071925,28572.70619473503
2024-10-29 00:00:00,7184.900929764646,19942.476239178784,28870.06631375887
2024-10-29 04:00:00,7296.249276185099,20191.062386167618,29363.415136571326
2024-10-29 08:00:00,7280.913019367099,20217.928218202436,29202.70202632394
2024-10-29 12:00:00,7340.603616731462,20404.445029110826,29407.320107826876
2024-10-29 16:00:00,7393.409209286783,20689.161088146488,29533.59823907169
2024-10-29 20:00:00,7319.578108477985,20649.016741427793,29165.558134030514
2024-10-30 00:00:00,7355.278838434915,20714.174104178903,29331.230957255175
2024-10-30 04:00:00,7353.305401627854,20582.624168008413,29371.213961976653
2024-10-30 08:00:00,7363.310192297836,20595.90268269229,29279.91243019478
2024-10-30 12:00:00,7288.946341804763,20516.84919992317,28921.711930382437
2024-10-30 16:00:00,7297.6161400658975,20473.61682653381,28695.579409316313
2024-10-30 20:00:00,7264.93293946248,20410.3122797851,28676.57240183256
2024-10-31 00:00:00,7288.1334888821575,20569.03685065747,28796.299628716984
2024-10-31 04:00:00,7289.123986629324,20577.99212800241,28749.681279346612
2024-10-31 08:00:00,7278.915961956745,20583.241773342546,28745.52196196004
2024-10-31 12:00:00,7262.415913263491,20519.628423926773,28752.053798570087
2024-10-31 16:00:00,7111.837332887253,20074.643780683404,28050.614799889467
2024-10-31 20:00:00,7111.837332887253,19873.613244422868,27681.13759086463
2024-11-01 00:00:00,7111.837332887253,19923.639276487702,27671.606280953958
2024-11-01 04:00:00,7111.837332887253,19672.273905495265,27419.14105650122
2024-11-01 08:00:00,7111.837332887253,19669.803484158732,27334.75317862583
2024-11-01 12:00:00,7111.837332887253,19891.21499644568,27622.948773643646
2024-11-01 16:00:00,7111.837332887253,19758.429849606924,27212.652513915324
2024-11-01 20:00:00,7111.837332887253,19748.85696692785,27513.305172498753
2024-11-02 00:00:00,7111.837332887253,19816.793553682564,27485.313864008356
2024-11-02 04:00:00,7111.837332887253,19855.085084398856,27587.306180168933
2024-11-02 08:00:00,7111.837332887253,19914.06639380863,27679.966846343945
2024-11-02 12:00:00,7111.837332887253,19867.7459937486,27506.659250601486
2024-11-02 16:00:00,7111.837332887253,19814.940737680165,27245.11035501662
2024-11-02 20:00:00,7111.837332887253,19853.541071063522,27407.75306878314
2024-11-03 00:00:00,7111.837332887253,19818.337567017898,27513.025955540375
2024-11-03 04:00:00,7111.837332887253,19513.85813728996,26884.91644174051
2024-11-03 08:00:00,7111.837332887253,19537.944745321176,27074.120034910302
2024-11-03 12:00:00,7111.837332887253,19540.106363990646,27099.87740901215
2024-11-03 16:00:00,7111.837332887253,19433.56944385257,26644.16508218642
2024-11-03 20:00:00,7111.837332887253,19619.7774520939,26852.952796571066
2024-11-04 00:00:00,7111.837332887253,19557.708116013455,26896.31908577284
2024-11-04 04:00:00,7111.837332887253,19569.442617361998,26897.150433529845
2024-11-04 08:00:00,7111.837332887253,19454.56802521312,26686.001655651
2024-11-04 12:00:00,7111.837332887253,19458.273657217924,26939.45629649553
2024-11-04 16:00:00,7111.837332887253,19453.024011877787,26824.410986343166
2024-11-04 20:00:00,7111.837332887253,19256.00791028912,26409.33594709546
2024-11-05 00:00:00,7111.837332887253,19264.345582299924,26204.04188406776
2024-11-05 04:00:00,7111.837332887253,19373.661726441598,26453.657346934273
2024-11-05 08:00:00,7111.837332887253,19541.65037732598,26772.95087848657
2024-11-05 12:00:00,7111.837332887253,19499.96201727195,26787.576748851832
2024-11-05 16:00:00,7111.837332887253,19733.725636241576,27213.261767550008
2024-11-05 20:00:00,7111.837332887253,19505.520465279154,26846.118854419266
2024-11-06 00:00:00,7111.837332887253,19615.454214754962,27191.23772995631
2024-11-06 04:00:00,7069.420808039018,21362.65970501934,30231.89031553394
2024-11-06 08:00:00,7013.013208157292,20983.14122719415,29928.343014792626
2024-11-06 12:00:00,7154.585563741498,21397.24560373083,30567.282053191335
2024-11-06 16:00:00,7129.304504273652,21362.65970501934,30384.80479913234
2024-11-06 20:00:00,7263.11545636737,21801.46829492137,30910.272729237804
2024-11-07 00:00:00,7257.808958367927,21704.813060129436,30722.945555704253
2024-11-07 04:00:00,7385.7387288245955,21526.633921231853,31101.669823854143
2024-11-07 08:00:00,7321.778912211511,21421.33221176205,30858.811443695497
2024-11-07 12:00:00,7280.412596628905,21447.58043846273,30652.856179258273
2024-11-07 16:00:00,7428.0497542225185,21739.398958840928,31431.57959698565
2024-11-07 20:00:00,7548.871923584202,21920.97492707625,32053.31149865948
2024-11-08 00:00:00,7517.138077928726,21701.416230791703,31886.69371924422
2024-11-08 04:00:00,7554.634391759605,21727.973260159455,32118.23184794539
2024-11-08 08:00:00,7608.077994575722,21823.08448161605,32421.325283087906
2024-11-08 12:00:00,7637.203034907945,21761.94155353681,32683.59606092661
2024-11-08 16:00:00,7671.320118059673,21976.25060448122,32649.729592696556
2024-11-08 20:00:00,7707.585192067475,22189.015642090297,32686.88939659802
2024-11-09 00:00:00,7702.47206293807,22050.672047244338,32666.97981161678
2024-11-09 04:00:00,7691.330147129847,22010.527700525643,32568.68508632813
2024-11-09 08:00:00,7772.619663120775,22064.568167262347,32817.71418871787
2024-11-09 12:00:00,7817.765205526396,22054.37767924914,33058.465297216695
2024-11-09 16:00:00,7749.272620214493,21995.396369839367,32606.6926476055
2024-11-09 20:00:00,7760.513737407116,21954.016812452406,32554.012384011417
2024-11-10 00:00:00,7854.042147874116,22084.640340621692,32902.469789639836
2024-11-10 04:00:00,7891.846600456593,22228.542383474858,33098.617362970865
2024-11-10 08:00:00,8018.14056202167,22638.3235226726,33632.81833901051
2024-11-10 12:00:00,8115.188207034426,22975.22723244256,34001.131955468685
2024-11-10 16:00:00,8155.9898359154295,22880.733616320096,34488.506389428716
2024-11-10 20:00:00,8065.201768567903,22890.30649899917,34025.31552739949
2024-11-11 00:00:00,8124.183098668649,23062.000781888353,34285.969535081196
2024-11-11 04:00:00,8176.479368004708,23431.94637703447,34427.69018170245
2024-11-11 08:00:00,8095.45937690604,23321.086219557463,34139.44632265825
2024-11-11 12:00:00,8355.13741847169,23776.878956148168,35533.02444446899
2024-11-11 16:00:00,8489.403277759688,24378.426551594443,36013.26324677007
2024-11-11 20:00:00,8576.612923433866,24905.552704277598,36098.07231356803
2024-11-12 00:00:00,8711.558838421806,25420.94435561221,36615.647541833096
2024-11-12 04:00:00,8690.29568241436,25414.459499603807,36557.05286171161
2024-11-12 08:00:00,8793.347106770669,25774.214606736714,36925.90288477235
2024-11-12 12:00:00,8528.399819010187,25280.74794476385,35542.40046677731
2024-11-12 16:00:00,8502.410230024663,25167.417365950307,35477.58776652148
2024-11-12 20:00:00,8607.835579994062,25752.907222709102,35957.941531723
2024-11-13 00:00:00,8513.822581488424,25467.573558339307,35572.722251621584
2024-11-13 04:00:00,8349.390906438332,25292.791248779457,34627.87451683841
2024-11-13 08:00:00,8316.229484284191,25454.912648989568,34942.928946879714
2024-11-13 12:00:00,8318.886431349183,25478.999257020783,35149.528895021605
2024-11-13 16:00:00,8478.984523726847,26930.371792235095,36800.921373324425
2024-11-13 20:00:00,8399.207984929295,26207.155945964474,35702.41158866836
2024-11-14 00:00:00,8415.694682101805,26356.616436824843,36366.34616867664
2024-11-14 04:00:00,8403.670293461524,26247.609095350235,36824.915908788826
2024-11-14 08:00:00,8436.40524383917,26544.368458401503,36849.01380626227
2024-11-14 12:00:00,8468.697369705984,26837.1133867809,36766.45753541571
2024-11-14 16:00:00,8342.21987672763,25690.529083961592,35555.565189697896
2024-11-14 20:00:00,8396.346657320844,26181.216521930855,36388.70612174876
2024-11-15 00:00:00,8316.10855912931,25607.461166520603,35469.84540487523
2024-11-15 04:00:00,8316.10855912931,25858.82653751304,35508.47691816244
2024-11-15 08:00:00,8316.10855912931,25642.973473233294,35357.240035287105
2024-11-15 12:00:00,8316.10855912931,26202.215103291404,36055.90632925417
2024-11-15 16:00:00,8316.10855912931,25924.91030826535,35376.26493453602
2024-11-15 20:00:00,8316.10855912931,26475.196660978523,35991.738146841075
2024-11-16 00:00:00,8316.10855912931,26603.96737314541,36679.81425506029
2024-11-16 04:00:00,8299.47634201105,26653.06699720904,37105.56212132162
2024-11-16 08:00:00,8269.286504394913,26623.42194117062,36769.298639549124
2024-11-16 12:00:00,8271.272677922292,26641.950101194634,36924.00107331427
2024-11-16 16:00:00,8218.97010836802,26425.788234247822,36322.635563483665
2024-11-16 20:00:00,8236.978081682908,26613.84905849155,36583.933651851075
2024-11-17 00:00:00,8227.179625614513,26445.5516049401,36387.09908214732
2024-11-17 04:00:00,8297.357756915182,26351.675594151773,36873.224366335766
2024-11-17 08:00:00,8493.45928985158,26400.775218215404,38631.77190649062
2024-11-17 12:00:00,8465.25562576282,26458.52131695691,38369.339584616624
2024-11-17 16:00:00,8456.51646224236,26348.278764814037,38231.20797824248
2024-11-17 20:00:00,8475.054081831217,26299.796746084536,38390.781349965895
2024-11-18 00:00:00,8504.052215330927,26268.298874043714,38597.915549335885
2024-11-18 04:00:00,8590.914204261568,26528.310719714023,39479.83096837334
2024-11-18 08:00:00,8544.395798384268,26811.17396274728,39349.495733896765
2024-11-18 12:00:00,8514.361865076711,26429.493866252626,39207.40161555512
2024-11-18 16:00:00,8573.809744704862,26961.869664275917,39528.01626214846
2024-11-18 20:00:00,8411.294666692605,26444.6251969389,38558.93741758166
2024-11-19 00:00:00,8435.041128183157,26373.29178084645,38994.20960306961
2024-11-19 04:00:00,8395.237662269674,26647.817351868904,39097.617114887464
2024-11-19 08:00:00,8394.194858861301,26759.91272001418,39415.72792640759
2024-11-19 12:00:00,8433.256271566392,26806.850725408345,39782.7090082716
2024-11-19 16:00:00,8341.99114138848,26972.677757623256,39163.13948476035
2024-11-19 20:00:00,8396.211066406402,27177.10512322153,39533.62022927605
2024-11-20 00:00:00,8293.166241135285,26912.770040212283,38780.37060477657
2024-11-20 04:00:00,8245.835770216381,26868.611258821722,38390.71578780556
2024-11-20 08:00:00,8303.102907834125,27132.019933829764,38758.15635842325
2024-11-20 12:00:00,8350.303205138236,27345.402576772976,39036.194202908184
2024-11-20 16:00:00,8393.539620568545,27784.211166675006,39371.58929107615
2024-11-20 20:00:00,8368.658524408316,27543.345086362842,38584.188207643936
2024-11-21 00:00:00,8370.89144329449,27564.961273057525,38810.866226894344
2024-11-21 04:00:00,8413.699688226578,27979.37445226127,39040.52175271401
2024-11-21 08:00:00,8450.893737101998,28339.438362061246,39837.631540028444
2024-11-21 12:00:00,8486.652338122021,28685.60615184321,39839.09015327942
2024-11-21 16:00:00,8420.598160329873,28365.068983427795,40934.684817348265
2024-11-21 20:00:00,8575.37108074397,28728.838525232575,41715.15896484131
2024-11-22 00:00:00,8631.204801800173,28896.827176116956,42067.155820133274
2024-11-22 04:00:00,8720.165712056629,29035.479573629982,42775.477960788994
2024-11-22 08:00:00,8675.198535246262,29070.991880342674,42374.19439480038
2024-11-22 12:00:00,8712.86479028644,29195.74815783769,42619.49698965352
2024-11-22 16:00:00,8679.26916040828,29240.524544562388,42396.63476006895
2024-11-22 20:00:00,8624.927618217964,29318.034013996174,42070.12878384536
2024-11-23 00:00:00,8690.10605702111,29256.582283249863,42430.28252611916
2024-11-23 04:00:00,8678.00263056087,29113.297845730835,42354.33542098525
2024-11-23 08:00:00,8682.674162910153,29080.25596035468,42446.66448613767
2024-11-23 12:00:00,8672.265520678455,29064.1982216672,42257.03272773377
2024-11-23 16:00:00,8804.287792019599,29069.756669674403,42815.204368000814
2024-11-23 20:00:00,8655.556944014834,28739.95542124698,41991.90754304659
2024-11-24 00:00:00,8649.86263391327,28781.334978633942,42010.8276386373
2024-11-24 04:00:00,8733.655608720663,28930.79546949431,42508.04012089611
2024-11-24 08:00:00,8730.534624917844,29048.140482979725,42387.039257975965
2024-11-24 12:00:00,8532.645401509495,28682.518125172544,41251.60005746425
2024-11-24 16:00:00,8323.301095053876,28190.59547653501,40441.5545905863
2024-11-24 20:00:00,8323.301095053876,28398.728474138086,41129.99111514186
2024-11-25 00:00:00,8323.301095053876,28846.18353871799,41747.54964198441
2024-11-25 04:00:00,8323.301095053876,28837.845866707183,41718.0918294783
2024-11-25 08:00:00,8323.301095053876,28976.807066887275,42017.41138813885
2024-11-25 12:00:00,8306.654492863767,28936.66272016858,41897.41831655656
2024-11-25 16:00:00,8340.06929698228,28244.94474593878,40922.74201195758
2024-11-25 20:00:00,8293.255072665868,27817.870657385294,40094.59817455504
2024-11-26 00:00:00,8266.958710527491,27467.688432931456,39450.87028042758
2024-11-26 04:00:00,8276.757036547204,27841.03085741531,39881.40977975815
2024-11-26 08:00:00,8228.823625658764,27639.691518487707,39589.63788471879
2024-11-26 12:00:00,8228.823625658764,27087.8611524392,38305.847165381
2024-11-26 16:00:00,8228.823625658764,27356.210670120316,38463.4440257611
2024-11-26 20:00:00,8228.823625658764,27034.129488369566,38546.7204957487
2024-11-27 00:00:00,8228.823625658764,27060.377715070248,38685.600226973635
2024-11-27 04:00:00,8228.823625658764,27267.89310733919,38924.54570427025
2024-11-27 08:00:00,8228.823625658764,27565.27007572459,39439.278214817154
2024-11-27 12:00:00,8228.823625658764,27409.015926188753,39422.79023899652
2024-11-27 16:00:00,8212.365978407448,27960.228686903123,40224.591649855705
2024-11-27 20:00:00,8244.31181457575,28306.39647668509,40274.6603774901
2024-11-28 00:00:00,8290.43769026774,28048.23744701718,40563.08471473836
2024-11-28 04:00:00,8252.379768097848,27964.860726909126,40305.6231725634
2024-11-28 08:00:00,8248.142055136745,27936.75968420604,40067.815924159935
2024-11-28 12:00:00,8266.885785541617,27946.950172219247,39971.417545570446
2024-11-28 16:00:00,8205.438947605646,27807.680169372088,39381.59411237145
2024-11-28 20:00:00,8229.398324731874,27830.22276406797,39673.59834445468
2024-11-29 00:00:00,8230.53924745217,27971.6543855846,39938.70951181888
2024-11-29 04:00:00,8230.62074193219,28211.285255228493,40451.3974199739
2024-11-29 08:00:00,8199.000883683973,27896.615337487347,39804.49458161926
2024-11-29 12:00:00,8211.528001938643,28442.57845286158,40969.28209447183
2024-11-29 16:00:00,8233.145068840517,28690.546994516284,40897.93240104924
2024-11-29 20:00:00,8147.7472872794915,28438.87282085678,40452.23640371609
2024-11-30 00:00:00,8174.6824458381125,28447.51929553465,40671.66919810756
2024-11-30 04:00:00,8199.996632520993,28206.962017889557,40667.66484532594
2024-11-30 08:00:00,8247.962252355162,28236.91587659504,40854.52475834626
2024-11-30 12:00:00,8160.606237634539,28075.412081719067,40408.59050769816
2024-11-30 16:00:00,8155.683323197514,28190.286673867944,40318.43097725428
2024-11-30 20:00:00,8179.9434215277615,28311.954924692294,40404.722085073314
2024-12-01 00:00:00,8159.751228232386,28143.34866847378,40122.323902278695
2024-12-01 04:00:00,8162.114568153,28126.982127119234,39925.89345286876
2024-12-01 08:00:00,8160.07720615247,28166.20006583673,39917.052900006165
2024-12-01 12:00:00,8151.357296790204,28357.657719418192,40137.10124089502
2024-12-01 16:00:00,8179.146914477427,28330.17428204924,40328.797939786156
2024-12-01 20:00:00,8158.121338631962,28322.1454127055,40009.08645758649
2024-12-02 00:00:00,8169.367576874885,28438.255215522644,40224.57976044006
2024-12-02 04:00:00,8159.425250312301,28289.103527329346,39337.56182393696
2024-12-02 08:00:00,8149.319934789674,28204.800399220087,39329.286301429296
2024-12-02 12:00:00,8067.538920176738,27900.012166825083,38655.85936841209
2024-12-02 16:00:00,8067.538920176738,28637.124133113713,39667.6692757475
2024-12-02 20:00:00,8067.538920176738,28198.933148545817,38806.266127665134
2024-12-03 00:00:00,8067.538920176738,28178.86097518647,39004.659771298495
2024-12-03 04:00:00,8067.538920176738,28251.429601947188,39262.10098082031
2024-12-03 08:00:00,8067.538920176738,28080.661727059203,39043.65095297716
2024-12-03 12:00:00,8067.538920176738,27871.60232145493,38783.800408757226
2024-12-03 16:00:00,8067.538920176738,28104.748335090422,38573.723024441904
2024-12-03 20:00:00,8067.538920176738,28060.28075103279,39125.95617228601
2024-12-04 00:00:00,8067.538920176738,28177.625764518205,39838.81348973527
2024-12-04 04:00:00,8067.538920176738,28182.566607191275,40335.92485796909
2024-12-04 08:00:00,8051.4038423363845,28402.742908809956,40350.805154789305
2024-12-04 12:00:00,8061.1329263931275,28291.265145998812,40270.85033695804
2024-12-04 16:00:00,8124.752015107918,28114.63002043656,40066.06911179985
2024-12-04 20:00:00,8142.690013837537,28580.922047707543,40176.58968181947
2024-12-05 00:00:00,8120.336117629468,28949.63243218539,39876.730095126055
2024-12-05 04:00:00,8221.11526436,30130.802633716186,40596.12590965968
2024-12-05 08:00:00,8210.31085499595,29910.00872676337,40632.880493801276
2024-12-05 12:00:00,8268.341452870829,30048.043518942264,41662.18216027145
2024-12-05 16:00:00,8156.131206878017,29611.70535037677,41104.61099090602
2024-12-05 20:00:00,7937.7105407660065,28886.636688103747,40058.87060228632
2024-12-06 00:00:00,7908.599297064973,28323.9982287079,40149.33061793477
2024-12-06 04:00:00,7996.313070514039,28554.056215672725,41049.23002975722
2024-12-06 08:00:00,7986.355961049718,28680.974111837208,40792.23181482323
2024-12-06 12:00:00,7965.90968283672,28630.021671771174,40164.30036994108
2024-12-06 16:00:00,8064.112625034462,29070.37427500854,41017.7825677295
2024-12-06 20:00:00,8119.674816014764,29706.81657183337,41522.48128240621
2024-12-07 00:00:00,8065.176743603169,29159.3094431238,40879.93985612782
2024-12-07 04:00:00,8056.131735769166,29041.34682430425,40585.90601731086
2024-12-07 08:00:00,8057.423879745453,29077.476736351076,40779.303951700575
2024-12-07 12:00:00,8066.164853702681,29141.090085766853,41018.631299256376
2024-12-07 16:00:00,8066.164853702681,29128.737979084177,41262.86835752704
2024-12-07 20:00:00,8074.67780225233,29252.567848577994,41431.89388878963
2024-12-08 00:00:00,8059.096066067705,29143.25170443632,40958.64706390585
2024-12-08 04:00:00,8053.4714393474005,29163.32387779567,41198.67983572579
2024-12-08 08:00:00,8049.366982010963,29118.54749107097,40893.19185339921
2024-12-08 12:00:00,8045.3385331437175,29154.36860045073,40729.35213486081
2024-12-08 16:00:00,8059.020057598511,29214.893923195836,40932.92436167367
2024-12-08 20:00:00,8051.723244555955,29193.89534183529,40759.113210354524
2024-12-09 00:00:00,8067.456997678968,29549.636014296328,41015.891834576214
2024-12-09 04:00:00,8022.612000854921,29051.846114984524,40275.048298946946
2024-12-09 08:00:00,7989.356623396531,29106.812989722428,40173.017884975925
2024-12-09 12:00:00,7989.356623396531,28648.549831795186,39297.48518079079
2024-12-09 16:00:00,7989.356623396531,28506.500604944424,38969.53385634104
2024-12-09 20:00:00,7989.356623396531,28376.803484776337,38728.092778196944
2024-12-10 00:00:00,7989.356623396531,28493.222090260548,38130.56186338287
2024-12-10 04:00:00,7989.356623396531,28373.715458105667,37896.70065523111
2024-12-10 08:00:00,7989.356623396531,28467.900271561066,38234.47281638155
2024-12-10 12:00:00,7989.356623396531,28686.84136251148,38282.63632018908
2024-12-10 16:00:00,7989.356623396531,28135.628601797107,36846.72616363656
2024-12-10 20:00:00,7989.356623396531,28132.54057512644,37450.97663651814
2024-12-11 00:00:00,7989.356623396531,28360.43694342179,37702.228505002466
2024-12-11 04:00:00,7989.356623396531,28590.18612771955,38446.642972924354
2024-12-11 08:00:00,7989.356623396531,28682.209322505478,38504.108081162965
2024-12-11 12:00:00,7989.356623396531,28929.251456158978,39306.1787805363
2024-12-11 16:00:00,7973.377910149738,29575.26663566288,40042.73464052158
2024-12-11 20:00:00,7992.453019760733,29787.105265270755,40274.44988271527
2024-12-12 00:00:00,7986.724925620988,29723.49191585498,39952.42994688397
2024-12-12 04:00:00,7984.834098429228,29702.493334494433,40454.68623525807
2024-12-12 08:00:00,7965.286282020294,29485.405059546418,40222.07886857173
2024-12-12 12:00:00,7966.1760830517105,29495.286744892557,40246.76713087114
2024-12-12 16:00:00,7980.8576304683465,30010.06079089304,40761.93242206553
2024-12-12 20:00:00,7807.0870249376785,29299.197051305095,39923.97486244733
2024-12-13 00:00:00,7830.572219431127,29473.361755530812,40000.457807119754
2024-12-13 04:00:00,7871.30413255293,29427.96776347198,40131.565237325536
2024-12-13 08:00:00,7822.838279922709,29549.944816963394,39837.5040943397
2024-12-13 12:00:00,7828.289083163476,29532.96067027472,39865.50993906762
2024-12-13 16:00:00,7751.920038257333,29387.823416753286,39305.38873270617
2024-12-13 20:00:00,7837.126869041374,29844.542561345195,39725.261846093475
2024-12-14 00:00:00,7841.205387751494,29813.662294638507,39836.38309556653
2024-12-14 04:00:00,7874.1614126776585,30003.8847375517,40049.09543158853
2024-12-14 08:00:00,7873.053595437126,29926.066465450847,40026.188409250826
2024-12-14 12:00:00,7813.7580253797105,29852.57143068893,39778.242877106495
2024-12-14 16:00:00,7812.310536331249,29872.952406715347,39577.61082162345
2024-12-14 20:00:00,7785.887826404441,29792.046107943825,39037.80046014629
2024-12-15 00:00:00,7777.906464557661,29800.38377995463,39253.466111578535
2024-12-15 04:00:00,7791.475930286764,29951.079481483266,39363.99693020058
2024-12-15 08:00:00,7785.859061275947,29888.701342735756,38948.04700726077
2024-12-15 12:00:00,7811.468647211406,30173.108599104347,39218.87208410934
2024-12-15 16:00:00,7809.994914253123,30156.742057749805,39482.37880705636
2024-12-15 20:00:00,7822.313097281797,30293.54163926043,39550.90266722697
2024-12-16 00:00:00,7849.924735537945,30600.182687657838,40026.673276696936
2024-12-16 04:00:00,7855.1801228797485,30658.546391733475,39704.54778640594
2024-12-16 08:00:00,7855.814907068033,30840.431162635865,40076.0961204561
2024-12-16 12:00:00,7787.3552703601335,30513.409138212046,38935.83190014816
2024-12-16 16:00:00,7867.5664981334685,31216.861613790385,39489.48668099563
2024-12-16 20:00:00,7945.112409637795,31266.270040521085,39792.97296508652
2024-12-17 00:00:00,7886.505403272062,31121.132786999657,39412.147280761186
2024-12-17 04:00:00,7946.1697383958035,31392.879134018505,39565.629703476094
2024-12-17 08:00:00,7926.459794345967,31429.93545406653,39551.60122522214
2024-12-17 12:00:00,7928.819214823443,31423.759400725194,40198.94931859689
2024-12-17 16:00:00,7860.63902307089,31303.32636056911,39914.79857973322
2024-12-17 20:00:00,7846.582785204787,31321.854520593122,40716.80861482755
2024-12-18 00:00:00,7789.87749492134,31238.477800485067,40156.4447613693
2024-12-18 04:00:00,7666.928549395471,30799.669210583037,39303.7999407294
2024-12-18 08:00:00,7658.41982703255,30705.175594460576,39152.731652509814
2024-12-18 12:00:00,7674.1859890579635,30880.266706687493,39421.95591463799
2024-12-18 16:00:00,7665.871910670664,30787.934709234498,39439.5017904095
2024-12-18 20:00:00,7629.890414625061,30571.772842287686,38805.795330882655
2024-12-19 00:00:00,7629.890414625061,29931.624913458054,37942.95861262208
2024-12-19 04:00:00,7629.890414625061,30117.52411903231,38212.41424546711
2024-12-19 08:00:00,7629.890414625061,30233.32511918239,38599.49374917216
2024-12-19 12:00:00,7629.890414625061,30395.755322059566,38462.81952602955
2024-12-19 16:00:00,7629.890414625061,29922.360833446048,37658.79706921502
2024-12-19 20:00:00,7629.890414625061,28942.83877350992,35650.51935654128
2024-12-20 00:00:00,7629.890414625061,29036.405981631182,35883.29443327906
2024-12-20 04:00:00,7629.890414625061,28940.985957507517,36123.84647834057
2024-12-20 08:00:00,7629.890414625061,29073.15349901214,35520.388407862476
2024-12-20 12:00:00,7629.890414625061,27478.187723611733,32823.198270525245
2024-12-20 16:00:00,7629.890414625061,28841.242696044916,35272.70020768525
2024-12-20 20:00:00,7629.890414625061,28754.469146599127,35490.56423247492
2024-12-21 00:00:00,7629.890414625061,28994.717621577154,35881.28193572092
2024-12-21 04:00:00,7629.890414625061,28896.20957078282,35825.499324097764
2024-12-21 08:00:00,7629.890414625061,29426.423750136644,36639.497481938546
2024-12-21 12:00:00,7629.890414625061,29187.101683159817,35799.704939456875
2024-12-21 16:00:00,7629.890414625061,28953.955669524326,34948.39112481589
2024-12-21 20:00:00,7629.890414625061,28860.69726407013,34297.03112154042
2024-12-22 00:00:00,7629.890414625061,28878.299016092944,34292.60789906627
2024-12-22 04:00:00,7629.890414625061,28811.28883733943,34442.87987470657
2024-12-22 08:00:00,7629.890414625061,28534.60164764751,34452.69442442931
2024-12-22 12:00:00,7629.890414625061,28814.068061343034,34878.83877607083
2024-12-22 16:00:00,7629.890414625061,28236.91587659504,33989.00867344272
2024-12-22 20:00:00,7629.890414625061,28097.95467641495,33523.05654348217
2024-12-23 00:00:00,7629.890414625061,28159.09760449419,33773.01985614534
2024-12-23 04:00:00,7629.890414625061,28395.022842133283,34590.285754997065
2024-12-23 08:00:00,7629.890414625061,28282.92747398801,34081.36841681357
2024-12-23 12:00:00,7629.890414625061,28470.988298231736,34369.680604456764
2024-12-23 16:00:00,7629.890414625061,27695.58480122681,33735.83674589305
2024-12-23 20:00:00,7629.890414625061,27576.07816907193,34446.607040213814
2024-12-24 00:00:00,7629.890414625061,28144.892681809113,35079.66201820613
2024-12-24 04:00:00,7629.890414625061,28022.9156283177,35006.25960848132
2024-12-24 08:00:00,7629.890414625061,27972.271990918733,35158.66352183746
2024-12-24 12:00:00,7629.890414625061,28006.240284296087,35329.56072676949
2024-12-24 16:00:00,7629.890414625061,29205.938645850896,36408.476471104485
2024-12-24 20:00:00,7629.890414625061,28978.35108022261,36007.64539556543
2024-12-25 00:00:00,7614.63063379581,29288.080155290685,36338.35877599569
2024-12-25 04:00:00,7582.94277440996,29098.16651504456,36535.480721910826
2024-12-25 08:00:00,7563.258077108229,29112.989043063768,36380.303989870416
2024-12-25 12:00:00,7533.885950340559,29086.12321102895,36118.321837005715
2024-12-25 16:00:00,7579.216849468678,29261.83192859,36435.31462783842
2024-12-25 20:00:00,7602.354607503853,29394.617075428756,36587.59267239978
2024-12-26 00:00:00,7575.871662824481,29518.138142255506,36463.88339722781
2024-12-26 04:00:00,7522.5223626632505,29381.33856074488,36257.27581941061
2024-12-26 08:00:00,7426.598805239573,29014.7897949365,35737.79855024937
2024-12-26 12:00:00,7248.442769081632,28405.21333014649,35071.07962849229
2024-12-26 16:00:00,7248.442769081632,28483.03160224734,34910.34269362594
2024-12-26 20:00:00,7248.442769081632,28482.722799580275,34932.28938230232
2024-12-27 00:00:00,7248.442769081632,28368.774615432598,34796.269590002645
2024-12-27 04:00:00,7248.442769081632,28578.451626371007,35082.008702787236
2024-12-27 08:00:00,7248.442769081632,28184.110620526608,34540.86489923639
2024-12-27 12:00:00,7248.442769081632,28666.151583818,35285.152698766076
2024-12-27 16:00:00,7248.442769081632,28006.240284296087,34200.31624198049
2024-12-27 20:00:00,7248.442769081632,28054.41350035852,34552.80538781356
2024-12-28 00:00:00,7248.442769081632,27907.732233501756,34175.81773578988
2024-12-28 04:00:00,7248.442769081632,27991.726558943945,34301.58262187443
2024-12-28 08:00:00,7248.442769081632,27927.495604194035,34269.250877084196
2024-12-28 12:00:00,7248.442769081632,28041.75259100878,34566.65502216292
2024-12-28 16:00:00,7248.442769081632,27918.23152418203,34837.890120982614
2024-12-28 20:00:00,7248.442769081632,28087.455385734676,35329.1489543503
2024-12-29 00:00:00,7248.442769081632,28168.670487173265,35545.41911999899
2024-12-29 04:00:00,7248.442769081632,28138.099023133644,35431.84468323753
2024-12-29 08:00:00,7248.442769081632,28171.449711176865,35619.88462370035
2024-12-29 12:00:00,7248.442769081632,28085.602569732273,35570.570720219934
2024-12-29 16:00:00,7248.442769081632,27922.863564188032,35370.080502251854
2024-12-29 20:00:00,7248.442769081632,27654.514046506916,34995.71047005619
2024-12-30 00:00:00,7248.442769081632,27706.392894574154,34704.41529826117
2024-12-30 04:00:00,7248.442769081632,27693.423182557344,34948.79776469224
2024-12-30 08:00:00,7233.945883543469,27702.996065236417,35099.22252121079
2024-12-30 12:00:00,7226.285861920247,27706.084091907083,35152.44178199976
2024-12-30 16:00:00,7157.657960500506,27352.196235448446,34382.02763242701
2024-12-30 20:00:00,7143.342644579505,28017.97478564463,35675.25905535341
2024-12-31 00:00:00,7080.083391561329,27488.99581695907,34864.99621047105
2024-12-31 04:00:00,7048.289797068419,27413.33916352769,34650.46930029793
2024-12-31 08:00:00,7048.289797068419,27511.229608987887,34718.85606194669
2024-12-31 12:00:00,7048.289797068419,27915.761102845492,35329.83673790455
2024-12-31 16:00:00,7006.25228336821,28417.2566341621,36165.30525606962
2024-12-31 20:00:00,6859.675305364355,28010.87232430209,35409.1926650994
2025-01-01 00:00:00,6764.824403600369,27834.854804073973,34831.58604282561
2025-01-01 04:00:00,6764.824403600369,27925.0251828575,35003.66275608174
2025-01-01 08:00:00,6764.824403600369,27891.983297481343,34962.150392825104
2025-01-01 12:00:00,6764.824403600369,27845.97170008838,35107.44618572892
2025-01-01 16:00:00,6764.824403600369,28134.702193795907,35273.47419049614
2025-01-01 20:00:00,6764.824403600369,28194.60991120688,35435.39812583479
2025-01-02 00:00:00,6764.824403600369,28153.539156486986,35525.72448369981
2025-01-02 04:00:00,6764.824403600369,28237.22467926211,36020.05008552612
2025-01-02 08:00:00,6724.477538370148,28526.572778303773,37002.99518305555
2025-01-02 12:00:00,6831.300309617285,28899.915202787623,37584.471901254095
2025-01-02 16:00:00,6834.960234524609,28962.6021442022,37542.92893213134
2025-01-02 20:00:00,6874.303232763095,29311.857960654834,37730.00898219591
2025-01-03 00:00:00,6866.065506251642,29147.883744442322,37787.01141373304
2025-01-03 04:00:00,6870.415881080238,29158.691837789665,37771.98015208253
2025-01-03 08:00:00,6822.0442625908345,28905.16484812776,37600.070318989005
2025-01-03 12:00:00,6917.164093168153,29000.89367491849,38362.51938366703
2025-01-03 16:00:00,7042.47316951851,29276.345653942146,38956.422273201315
2025-01-03 20:00:00,7094.485126695756,29561.988120979004,39074.35024413273
2025-01-04 00:00:00,7078.567668531652,29407.895590112632,39072.8171665406
2025-01-04 04:00:00,7057.633988057482,29417.77727545877,38927.550135120124
2025-01-04 08:00:00,7059.244692594497,29448.65754216546,38935.955819074734
2025-01-04 12:00:00,7049.952831547183,29327.915699342313,38863.38762251478
2025-01-04 16:00:00,7026.722049512745,29260.287915254667,38627.753537870245
2025-01-04 20:00:00,7069.5955144733525,29426.73255280371,38860.85515933593
2025-01-05 00:00:00,7098.232811187265,29428.89417147318,39014.56223581026
2025-01-05 04:00:00,7097.289163469002,29413.14523545277,39116.07469547678
2025-01-05 08:00:00,7079.179264913557,29444.64310749359,38946.11888852323
2025-01-05 12:00:00,7023.711902120724,29248.862216573194,38578.5211558826
2025-01-05 16:00:00,7041.140652776432,29373.927296735277,38612.78986471521
2025-01-05 20:00:00,7038.048748385854,29379.48574474248,38540.067628480196
2025-01-06 00:00:00,7056.22729578694,29477.993795536815,38666.918395127315
2025-01-06 04:00:00,7105.265672468378,29640.42399841399,38966.28831956216
2025-01-06 08:00:00,7089.45418203696,29693.229254482427,38880.775555834254
2025-01-06 12:00:00,7037.975568938324,29408.2043927797,38639.11923631704
2025-01-06 16:00:00,7224.316099978136,30359.316607345674,39713.7946007508
2025-01-06 20:00:00,7184.1542514136245,30268.528623228012,39482.04314130561
2025-01-07 00:00:00,7178.074706610082,30416.753903420115,39349.849246040205
2025-01-07 04:00:00,7131.469303304181,30220.973012499715,39158.03074808212
2025-01-07 08:00:00,7097.514282681608,30153.34522841207,38911.41086641979
2025-01-07 12:00:00,7078.442500276133,29910.626332097505,38576.89534338235
2025-01-07 16:00:00,7005.997728200081,29163.632680462735,37479.249034838635
2025-01-07 20:00:00,7005.997728200081,28756.01315993446,36923.02791983287
2025-01-08 00:00:00,7005.997728200081,28985.762344232215,36803.01716719773
2025-01-08 04:00:00,7005.997728200081,28845.565933383852,36353.03287921085
2025-01-08 08:00:00,7005.997728200081,28600.06781306569,35942.40668391848
2025-01-08 12:00:00,7005.997728200081,28543.55692499245,35971.68872061234
2025-01-08 16:00:00,7005.997728200081,28647.31462112692,36257.12428948778
2025-01-08 20:00:00,7005.997728200081,28254.208825950787,35621.412716243765
2025-01-09 00:00:00,7005.997728200081,28502.486170272554,36126.38918401583
2025-01-09 04:00:00,7005.997728200081,28169.2880925074,35667.22298129678
2025-01-09 08:00:00,7005.997728200081,27991.10895360981,35131.82609952616
2025-01-09 12:00:00,7005.997728200081,28014.88675897396,35219.471469810065
2025-01-09 16:00:00,7005.997728200081,28285.397895324542,35497.84783997659
2025-01-09 20:00:00,7005.997728200081,27581.636617079133,34380.533263266974
2025-01-10 00:00:00,7005.997728200081,27786.68158801154,34402.71213533734
2025-01-10 04:00:00,7005.997728200081,28125.129311116834,35022.00853859958
2025-01-10 08:00:00,7005.997728200081,28380.817919448207,35456.99491764726
2025-01-10 12:00:00,7005.997728200081,28521.94073829777,35524.554140381275
2025-01-10 16:00:00,7005.997728200081,28246.488759274118,34936.30592919882
2025-01-10 20:00:00,7005.997728200081,28739.95542124698,35499.88396098328
2025-01-11 00:00:00,7005.997728200081,28569.805151693134,35135.48203065125
2025-01-11 04:00:00,7005.997728200081,28399.037276805153,34869.564844541455
2025-01-11 08:00:00,7005.997728200081,28417.565436829165,34879.11222494838
2025-01-11 12:00:00,7005.997728200081,28532.74883164511,35034.64281894787
2025-01-11 16:00:00,7005.997728200081,28468.209074228133,35036.504612986406
2025-01-11 20:00:00,7005.997728200081,28385.44995945421,35083.7384243072
2025-01-12 00:00:00,7005.997728200081,28469.135482229332,35116.420729341866
2025-01-12 04:00:00,7005.997728200081,28480.56118091081,35042.418486413895
2025-01-12 08:00:00,7005.997728200081,28403.36051414409,34923.639206221735
2025-01-12 12:00:00,7005.997728200081,28384.52355145301,34914.71022508288
2025-01-12 16:00:00,7005.997728200081,28633.109698441844,35465.95651770378
2025-01-12 20:00:00,7005.997728200081,28506.191802277357,35242.90342665961
2025-01-13 00:00:00,7005.997728200081,28491.98687959228,35189.75827867323
2025-01-13 04:00:00,7005.997728200081,28483.34040491441,34796.79380097627
2025-01-13 08:00:00,7005.997728200081,28279.530644650273,34424.11833025033
2025-01-13 12:00:00,7005.997728200081,27496.09827830161,33195.15695583889
2025-01-13 16:00:00,7005.997728200081,27907.11462816762,33724.51828626334
2025-01-13 20:00:00,7005.997728200081,27928.11320952817,33526.90537986728
2025-01-14 00:00:00,7005.997728200081,28449.989716871187,34324.90331654504
2025-01-14 04:00:00,7005.997728200081,28580.922047707543,34572.12646475011
2025-01-14 08:00:00,7005.997728200081,28571.34916502847,34735.07269191311
2025-01-14 12:00:00,6991.98573274368,29088.284829698416,35141.8636080763
2025-01-14 16:00:00,6979.66410583088,28934.80990416618,34930.59540769399
2025-01-14 20:00:00,6980.159945948095,28940.985957507517,34981.46841539542
2025-01-15 00:00:00,6980.085569930512,28940.059549506317,35028.82841891861
2025-01-15 04:00:00,6998.654782320227,29171.352747139408,35367.13407984926
2025-01-15 08:00:00,6998.382070255759,29167.95591780167,35379.10641084313
2025-01-15 12:00:00,6985.043971102666,29001.820082919694,34945.582828744984
2025-01-15 16:00:00,7009.6809922278535,29654.628921099065,36403.991846612145
2025-01-15 20:00:00,7171.221198401069,29947.373849478463,37266.95978178558
2025-01-16 00:00:00,7235.374584561595,30103.319196347235,37740.962391044326
2025-01-16 04:00:00,7113.426251255952,29835.587284000256,37131.78374795483
2025-01-16 08:00:00,7144.856010148557,29916.184780104708,37295.79198944307
2025-01-16 12:00:00,7227.169995951227,29753.1369718934,38273.860481620526
2025-01-16 16:00:00,7166.200500229693,29761.165841237136,37808.577564999905
2025-01-16 20:00:00,7258.986096185366,30087.570260326826,38485.37858303359
2025-01-17 00:00:00,7188.841602486252,29952.6234948186,38070.05085578822
2025-01-17 04:00:00,7245.449384168503,30261.11735921841,38214.61061942946
2025-01-17 08:00:00,7306.16015899027,30450.413394130403,38603.15149326486
2025-01-17 12:00:00,7414.493247875442,30646.194285050802,39299.65142130286
2025-01-17 16:00:00,7458.286075054675,31198.333453766372,39478.23624395548
2025-01-17 20:00:00,7500.894561632186,31772.70641451076,39566.011945222795
2025-01-18 00:00:00,7507.974248620489,31213.77358711972,39671.31439156411
2025-01-18 04:00:00,7442.250698622681,31050.108173574274,39579.98204970018
2025-01-18 08:00:00,7482.0479320596805,30799.36040791597,40668.581508689946
2025-01-18 12:00:00,7580.50648503612,31077.900413610292,41512.44243336891
2025-01-18 16:00:00,7813.062663333052,31306.41438723978,43554.930892113734
2025-01-18 20:00:00,7783.7461217205055,31266.270040521085,43274.76782642786
2025-01-19 00:00:00,7867.592092906243,31328.030573934462,44050.03484304824
2025-01-19 04:00:00,7795.414792997368,31204.509507107712,43461.30954619846
2025-01-19 08:00:00,7999.6265091114,31538.016387539938,45146.06418114714
2025-01-19 12:00:00,8165.480090894065,31361.998867311817,46572.8854570456
2025-01-19 16:00:00,7996.718926369464,31541.104414210604,45295.16544235429
2025-01-19 20:00:00,8017.756963324478,31927.1077480442,45388.473073791196
2025-01-20 00:00:00,7696.275213468338,30433.429247441723,42841.25253348971
2025-01-20 04:00:00,7523.256810335681,30544.907010252868,41508.29644400406
2025-01-20 08:00:00,7508.2102967150095,32010.484468152255,44331.80856951226
2025-01-20 12:00:00,7534.095835293243,32340.90332191381,44257.605491762944
2025-01-20 16:00:00,7427.034699259196,31161.277133718348,42884.92394530203
2025-01-20 20:00:00,7427.034699259196,30731.732623828324,41850.56572597726
2025-01-21 00:00:00,7427.034699259196,30313.30500995271,41187.35284254619
2025-01-21 04:00:00,7427.034699259196,30603.57951699557,40877.64313768267
2025-01-21 08:00:00,7427.034699259196,30350.6701326678,40700.67413214362
2025-01-21 12:00:00,7427.034699259196,30935.85118675953,41309.431858269476
2025-01-21 16:00:00,7427.034699259196,30861.73854666348,41291.901311801754
2025-01-21 20:00:00,7427.034699259196,31732.562067792067,42952.817223859194
2025-01-22 00:00:00,7427.034699259196,31504.04809416258,42569.11376877986
2025-01-22 04:00:00,7427.034699259196,31312.590440581116,42892.4122537684
2025-01-22 08:00:00,7427.034699259196,31173.629240401024,43273.44806758899
2025-01-22 12:00:00,7427.034699259196,31102.60462697564,43143.75160535922
2025-01-22 16:00:00,7427.034699259196,30898.794866711505,43021.700708199874
2025-01-22 20:00:00,7427.034699259196,31013.05185352625,43876.68433052981
2025-01-23 00:00:00,7427.034699259196,30780.214642557825,42996.51873966326
2025-01-23 04:00:00,7427.034699259196,30405.637007405705,41885.32425243626
2025-01-23 08:00:00,7427.034699259196,30518.96758621925,42049.276904904626
2025-01-23 12:00:00,7427.034699259196,30271.92545256575,41334.786948618916
2025-01-23 16:00:00,7427.034699259196,31284.798200545098,42333.61036447941
2025-01-23 20:00:00,7427.034699259196,30762.612890535012,41716.27409236533
2025-01-24 00:00:00,7427.034699259196,30831.784687957992,42652.44426847551
2025-01-24 04:00:00,7427.034699259196,30734.20304516486,42366.44596104039
2025-01-24 08:00:00,7412.180629860677,31022.315933538255,43341.39894433917
2025-01-24 12:00:00,7420.144210827582,31062.46028025695,44063.38661581407
2025-01-24 16:00:00,7401.307278925096,31096.428573634304,43462.885144364074
2025-01-24 20:00:00,7394.798582942531,31121.132786999657,43482.471467810145
2025-01-25 00:00:00,7338.56697200628,30878.72269335216,42407.92256667004
2025-01-25 04:00:00,7338.56697200628,30985.25961349023,42392.21141898243
2025-01-25 08:00:00,7338.56697200628,30746.863954514603,41686.89778915735
2025-01-25 12:00:00,7338.56697200628,30849.386439980804,42061.14582548634
2025-01-25 16:00:00,7338.56697200628,30920.411053406187,42529.314476420564
2025-01-25 20:00:00,7338.56697200628,30942.027240100866,43036.3297667342
2025-01-26 00:00:00,7338.56697200628,30853.092071985608,42740.847816705704
2025-01-26 04:00:00,7338.56697200628,30948.203293442206,43012.586800394434
2025-01-26 08:00:00,7338.56697200628,30923.499080076854,43067.9353422819
2025-01-26 12:00:00,7338.56697200628,30871.62023200962,42659.30328856605
2025-01-26 16:00:00,7338.56697200628,30904.97092005284,42557.77232908093
2025-01-26 20:00:00,7338.56697200628,30932.76316008886,42771.357668236094
2025-01-27 00:00:00,7338.56697200628,30291.38002059096,40796.06068914272
2025-01-27 04:00:00,7338.56697200628,29927.91928145325,40082.9778860886
2025-01-27 08:00:00,7338.56697200628,29260.596717921733,38828.07453344866
2025-01-27 12:00:00,7338.56697200628,29028.068309620376,38420.17927983287
2025-01-27 16:00:00,7338.56697200628,29789.88448927436,39686.716623461725
2025-01-27 20:00:00,7338.56697200628,29361.266387385534,38679.87231006619
2025-01-28 00:00:00,7338.56697200628,30214.79695915838,40173.00578794077
2025-01-28 04:00:00,7338.56697200628,30404.40179673744,40515.43922262096
2025-01-28 08:00:00,7338.56697200628,30445.163748790266,40703.79753503646
2025-01-28 12:00:00,7338.56697200628,30446.398959458533,40653.70800466511
2025-01-28 16:00:00,7338.56697200628,30452.57501279987,40559.77467466613
2025-01-28 20:00:00,7338.56697200628,30308.672969946707,39844.17842213181
2025-01-29 00:00:00,7338.56697200628,30010.369593560106,39115.7552982452
2025-01-29 04:00:00,7338.56697200628,30197.8128124697,39690.872050265956
2025-01-29 08:00:00,7338.56697200628,30468.63275148735,40220.01941097252
2025-01-29 12:00:00,7338.56697200628,30467.088738152015,39960.16280837985
2025-01-29 16:00:00,7338.56697200628,30225.913855172785,39397.273236388595
2025-01-29 20:00:00,7338.56697200628,30706.71960779591,39940.45303411699
2025-01-30 00:00:00,7338.56697200628,30730.806215827124,39540.48610439809
2025-01-30 04:00:00,7323.889838062267,31145.837000365005,41114.93358572448
2025-01-30 08:00:00,7323.162238719415,31136.572920353,40941.97723083609
2025-01-30 12:00:00,7304.984573708756,31275.53412053309,41450.31992121212
2025-01-30 16:00:00,7302.317615662645,31247.741880497073,41296.55729735371
2025-01-30 20:00:00,7317.91957080694,31294.062280557104,41336.06609378909
2025-01-31 00:00:00,7271.263499337139,31096.428573634304,41025.63439685044
2025-01-31 04:00:00,7230.796161854867,31003.787773514243,40723.20712396335
2025-01-31 08:00:00,7222.280368756691,30914.235000064848,40646.49398498437
2025-01-31 12:00:00,7354.4445403784075,31152.01305370634,41279.51083968805
2025-01-31 16:00:00,7438.507991140141,31297.150307227774,41546.29289888049
2025-01-31 20:00:00,7188.234238724841,30421.385943426118,40142.453822090916
2025-02-01 00:00:00,7165.322867352292,30532.863706237258,40326.81021842855
2025-02-01 04:00:00,7159.37998604064,30484.999292841894,40262.93891615119
2025-02-01 08:00:00,7151.0130347202885,30452.88381546694,40153.3657987585
2025-02-01 12:00:00,7128.258054961203,30410.269047411708,39819.181954759464
2025-02-01 16:00:00,7128.570838188132,30439.91410345013,39652.13632741169
2025-02-01 20:00:00,7073.268261401268,30311.45219395031,39013.63358603294
2025-02-02 00:00:00,7073.268261401268,30056.689993620137,37913.70851896245
2025-02-02 04:00:00,7073.268261401268,29653.084907763732,37099.65498742346
2025-02-02 08:00:00,7073.268261401268,29775.061961255145,37675.519846419484
2025-02-02 12:00:00,7073.268261401268,29514.741312917773,37169.31450769857
2025-02-02 16:00:00,7073.268261401268,29661.113777107472,37610.12057689637
2025-02-02 20:00:00,7073.268261401268,29434.76142214745,36515.558739192944
2025-02-03 00:00:00,7073.268261401268,29455.760003508,36555.85588988636
2025-02-03 04:00:00,7073.268261401268,28459.56259955026,35183.70122275113
2025-02-03 08:00:00,7073.268261401268,28863.47648807373,35604.818835409416
2025-02-03 12:00:00,7073.268261401268,28704.134311867227,35368.89683538172
2025-02-03 16:00:00,7073.268261401268,29678.097923796147,36647.82150719401
2025-02-03 20:00:00,7073.268261401268,30695.602711781503,38072.050604292446
2025-02-04 00:00:00,7073.268261401268,30377.227162035553,38114.96636513982
2025-02-04 04:00:00,7073.268261401268,30173.108599104347,37892.53133272701
2025-02-04 08:00:00,7073.268261401268,29509.182864910566,36246.765042809086
2025-02-04 12:00:00,7073.268261401268,29657.40814510267,36758.44089053047
2025-02-04 16:00:00,7073.268261401268,29596.882822357562,37461.75222976405
2025-02-04 20:00:00,7073.268261401268,29451.127963501996,36598.00401175688
2025-02-05 00:00:00,7073.268261401268,29136.45804576085,36280.61428811411
2025-02-05 04:00:00,7073.268261401268,29191.73372316582,36323.56263843801
2025-02-05 08:00:00,7073.268261401268,29083.961592359483,36049.93189296822
2025-02-05 12:00:00,7073.268261401268,29162.39746979447,36246.61482791261
2025-02-05 16:00:00,7073.268261401268,29092.91686970442,35666.4494163876
2025-02-05 20:00:00,7073.268261401268,28913.1937174715,35404.19343631838
2025-02-06 00:00:00,7073.268261401268,28712.47198387803,34997.92596792883
2025-02-06 04:00:00,7073.268261401268,28966.925381541136,35639.14403487406
2025-02-06 08:00:00,7073.268261401268,29232.495675218648,35928.728666002484
2025-02-06 12:00:00,7073.268261401268,29487.25787554882,35827.2190248697
2025-02-06 16:00:00,7073.268261401268,29008.613741595163,34514.44650514782
2025-02-06 20:00:00,7073.268261401268,28554.982623673925,34158.532465243494
2025-02-07 00:00:00,7073.268261401268,28732.23535457031,34171.16035117428
2025-02-07 04:00:00,7073.268261401268,29012.319373599967,34748.39195614196
2025-02-07 08:00:00,7073.268261401268,28781.026175966876,34549.61267983875
2025-02-07 12:00:00,7073.268261401268,29093.534475038556,35383.598527821785
2025-02-07 16:00:00,7073.268261401268,29347.679070034592,35443.955262663556
2025-02-07 20:00:00,7073.268261401268,28979.58629089088,34978.85269282591
2025-02-08 00:00:00,7073.268261401268,28898.679992119356,34555.961046654134
2025-02-08 04:00:00,7073.268261401268,28923.075402817638,34684.69324739254
2025-02-08 08:00:00,7073.268261401268,28810.053626671164,34635.17662135429
2025-02-08 12:00:00,7073.268261401268,28793.37828264955,34756.0233310538
2025-02-08 16:00:00,7073.268261401268,28712.47198387803,34632.905238827116
2025-02-08 20:00:00,7073.268261401268,28926.78103482244,35147.081493503065
2025-02-09 00:00:00,7073.268261401268,28898.062386785223,35384.08827483117
2025-02-09 04:00:00,7059.121724878465,29121.326715074574,36341.070953393
2025-02-09 08:00:00,7025.046709166874,29054.934141655194,35970.54959806522
2025-02-09 12:00:00,6996.72919611,28903.929637459492,35638.530327282424
2025-02-09 16:00:00,6988.856692480082,28894.047952113353,35557.11185361419
2025-02-09 20:00:00,6969.116683378194,28763.424423944063,35279.31333161882
2025-02-10 00:00:00,6987.681691938302,28906.40005879603,35513.023257621295
2025-02-10 04:00:00,7002.956698981428,28978.35108022261,35679.16498285362
2025-02-10 08:00:00,7014.354204236685,29185.86647249155,35874.17535506899
2025-02-10 12:00:00,7030.451711659058,29235.27489922225,36066.1537786818
2025-02-10 16:00:00,7016.234205103532,29117.62108306977,35901.81347676774
2025-02-10 20:00:00,6997.669196543424,29181.85203781968,35768.47740712488
2025-02-11 00:00:00,6985.919191125633,29215.820331197036,35654.68036933473
2025-02-11 04:00:00,6968.391189163677,29269.86079793374,35799.295541982676
2025-02-11 08:00:00,7050.230327231929,29462.862464850536,36273.89196182287
2025-02-11 12:00:00,7019.40346664534,29373.61849406821,36076.81522274361
2025-02-11 16:00:00,6850.805946573351,28976.189461553142,35392.95596011598
2025-02-11 20:00:00,6850.805946573351,28346.540823403782,34619.01742125269
2025-02-12 00:00:00,6850.805946573351,28556.526637009258,34948.24335611038
2025-02-12 04:00:00,6850.805946573351,28412.31579148903,34487.749957527485
2025-02-12 08:00:00,6850.805946573351,28602.229431735155,34656.77467720189
2025-02-12 12:00:00,6850.805946573351,28609.331893077695,34914.619946434694
2025-02-12 16:00:00,6850.805946573351,28532.74883164511,34269.26602341381
2025-02-12 20:00:00,6850.805946573351,28898.988794786423,34652.05087342799
2025-02-13 00:00:00,6837.104334680204,29076.550328349877,35121.00178431001
2025-02-13 04:00:00,6836.844371641971,28914.1201254727,35174.26891487949
2025-02-13 08:00:00,6783.03202272759,28468.5178768952,34357.16632620876
2025-02-13 12:00:00,6753.978380265896,28487.97244492041,34263.09884089032
2025-02-13 16:00:00,6753.978380265896,28430.535148845975,34155.55976520645
2025-02-13 20:00:00,6753.978380265896,28304.23485801562,34177.381019659486
2025-02-14 00:00:00,6753.978380265896,28524.411159634303,34408.0522582983
2025-02-14 04:00:00,6753.978380265896,28689.929389182147,34825.90569166077
2025-02-14 08:00:00,6753.978380265896,28618.5959730897,34719.51076593695
2025-02-14 12:00:00,6753.978380265896,28586.17169304768,35000.90950757908
2025-02-14 16:00:00,6753.978380265896,28499.08934093482,35084.63520465564
2025-02-14 20:00:00,6753.978380265896,28824.567352023307,35294.87348440598
2025-02-15 00:00:00,6753.978380265896,28711.54557587683,35011.90354317589
2025-02-15 04:00:00,6753.978380265896,28758.79238393806,34931.83951764916
2025-02-15 08:00:00,6753.978380265896,28672.636439826405,34606.920290656046
2025-02-15 12:00:00,6753.978380265896,28764.350831945267,34540.17090204104
2025-02-15 16:00:00,6753.978380265896,28772.379701289003,34505.81034509742
2025-02-15 20:00:00,6753.978380265896,28746.749079922454,34449.393789580754
2025-02-16 00:00:00,6753.978380265896,28745.822671921254,34475.42635734473
2025-02-16 04:00:00,6753.978380265896,28731.30894656911,34486.14054833627
2025-02-16 08:00:00,6753.978380265896,28653.799477135326,34281.37688607601
2025-02-16 12:00:00,6753.978380265896,28674.180453161738,34389.80232536666
2025-02-16 16:00:00,6753.978380265896,28554.673821006858,33975.77463300685
2025-02-16 20:00:00,6753.978380265896,28596.05337839382,33846.55798563535
2025-02-17 00:00:00,6753.978380265896,28315.35175403003,33619.46738674825
2025-02-17 04:00:00,6753.978380265896,28333.879914054043,33419.40672574623
2025-02-17 08:00:00,6753.978380265896,28318.439780700697,32920.493181896
2025-02-17 12:00:00,6740.470423505365,28313.19013536056,33333.26986159695
2025-02-17 16:00:00,6742.011665291451,28207.57962322369,32891.84361434821
2025-02-17 20:00:00,6710.92995593869,28169.905697841532,32471.56354140123
2025-02-18 00:00:00,6731.565470963526,28226.107783247702,32557.427814914
2025-02-18 04:00:00,6708.275595084872,28393.170026130883,32644.495690283235
2025-02-18 08:00:00,6663.214480234124,28173.611329846335,31209.05246126213
2025-02-18 12:00:00,6663.214480234124,28218.38771657103,31551.737162784288
2025-02-18 16:00:00,6663.214480234124,28194.60991120688,31237.875661034603
2025-02-18 20:00:00,6663.214480234124,27807.988972039155,31006.182941513216
2025-02-19 00:00:00,6663.214480234124,28255.444036619057,31637.046016420965
2025-02-19 04:00:00,6663.214480234124,28269.340156637067,31476.254519019465
2025-02-19 08:00:00,6663.214480234124,28267.487340634663,31663.79942231724
2025-02-19 12:00:00,6663.214480234124,28560.541071681128,32377.466119924495
2025-02-19 16:00:00,6663.214480234124,28419.418252831565,31840.239005406616
2025-02-19 20:00:00,6663.214480234124,28487.354839586278,31762.147164555347
2025-02-20 00:00:00,6649.888051273656,28628.786461102907,31853.274748121163
2025-02-20 04:00:00,6657.530478722967,28727.294511897242,32287.85673228075
2025-02-20 08:00:00,6653.577499007806,28676.342071831205,32180.028368667485
2025-02-20 12:00:00,6660.5491177781805,28766.203647947666,32450.80573549143
2025-02-20 16:00:00,6646.294433350782,28582.466061042876,32010.24679063029
2025-02-20 20:00:00,6675.258993809144,28955.80848552673,32502.254173811172
2025-02-21 00:00:00,6672.4320143764835,28919.36977081284,32589.001903461958
2025-02-21 04:00:00,6668.622779378237,28870.270146749204,32281.55401010467
2025-02-21 08:00:00,6670.946652301696,28900.22400545469,32605.58661044496
2025-02-21 12:00:00,6673.002501413399,29099.09292304576,32911.50392875247
2025-02-21 16:00:00,6616.3075137568885,28989.467976237018,32385.410472903128
2025-02-21 20:00:00,6454.122512841261,28126.055719118034,31437.73947346769
2025-02-22 00:00:00,6454.122512841261,28409.536567485426,31633.16698538865
2025-02-22 04:00:00,6454.122512841261,28453.077743541857,31815.480540480414
2025-02-22 08:00:00,6454.122512841261,28447.82809820172,31986.633095912213
2025-02-22 12:00:00,6454.122512841261,28533.057634312176,32287.43831461005
2025-02-22 16:00:00,6454.122512841261,28527.80798897204,32413.162786035842
2025-02-22 20:00:00,6454.122512841261,28539.85129298765,32236.384905002422
2025-02-23 00:00:00,6454.122512841261,28519.161514294166,32159.231017020546
2025-02-23 04:00:00,6454.122512841261,28475.62033823774,31956.44180791327
2025-02-23 08:00:00,6441.214267815578,28503.412578273757,32330.426506014883
2025-02-23 12:00:00,6419.639224322011,28384.52355145301,31891.928514299634
2025-02-23 16:00:00,6408.811896221918,28184.72822586074,31507.258923479865
2025-02-23 20:00:00,6426.32669167795,28253.591220616654,31626.62945308491
2025-02-24 00:00:00,6434.049124219928,28393.170026130883,31744.60372378707
2025-02-24 04:00:00,6336.113712398805,28047.31103901598,30618.499516372663
2025-02-24 08:00:00,6336.113712398805,28239.386297931578,30769.345651418567
2025-02-24 12:00:00,6336.113712398805,28271.8105779736,30564.820678983906
2025-02-24 16:00:00,6336.113712398805,27838.869238745843,29674.571801925602
2025-02-24 20:00:00,6336.113712398805,27707.936907909487,29314.45310659901
2025-02-25 00:00:00,6336.113712398805,27030.423856364763,28017.003243018182
2025-02-25 04:00:00,6336.113712398805,27186.986808567668,27726.420128322916
2025-02-25 08:00:00,6336.113712398805,26340.86750080443,26963.64994855389
2025-02-25 12:00:00,6336.113712398805,26263.975636704778,27529.722600282454
2025-02-25 16:00:00,6336.113712398805,25654.707974581834,27012.13776655562
2025-02-25 20:00:00,6336.113712398805,25816.52057212488,27842.369813106005
2025-02-26 00:00:00,6336.113712398805,26031.138425736357,27826.20598929221
2025-02-26 04:00:00,6336.113712398805,26126.86725252709,27775.81053996231
2025-02-26 08:00:00,6336.113712398805,26107.412684501873,27439.835164266682
2025-02-26 12:00:00,6336.113712398805,26092.590156482664,27199.44370759401
2025-02-26 16:00:00,6336.113712398805,25725.42378534015,27101.11037541068
2025-02-26 20:00:00,6336.113712398805,24644.61445060609,25763.671618968227
2025-02-27 00:00:00,6336.113712398805,24767.82671476577,26252.942137670296
2025-02-27 04:00:00,6336.113712398805,25119.55295255494,26733.34367087626
2025-02-27 08:00:00,6336.113712398805,25432.98765962782,27145.305432457695
2025-02-27 12:00:00,6336.113712398805,25553.111897116833,27116.257661958698
2025-02-27 16:00:00,6336.113712398805,25336.02362216882,27014.881798260947
2025-02-27 20:00:00,6336.113712398805,24940.138602989085,26476.725098917173
2025-02-28 00:00:00,6336.113712398805,25145.492376588558,26748.666721909573
2025-02-28 04:00:00,6336.113712398805,23896.38558830305,25013.550463265303
2025-02-28 08:00:00,6336.113712398805,23488.766067774774,24881.168421137496
2025-02-28 12:00:00,6336.113712398805,23901.635233643185,25594.003902833967
2025-02-28 16:00:00,6323.441484974006,24964.225211020304,27436.04075921442
2025-02-28 20:00:00,6338.208873287721,25154.756456600564,27630.760936020884
2025-03-01 00:00:00,6360.962706301711,25105.348029869863,27792.319100152694
2025-03-01 04:00:00,6326.153862419383,25405.1954195918,27671.846615339415
2025-03-01 08:00:00,6281.098259298967,25226.39867536008,27225.112524616445
2025-03-01 12:00:00,6253.673109573497,25216.825792681007,26951.008925531278
2025-03-01 16:00:00,6252.618296122517,25264.072600742238,26942.84565634396
2025-03-01 20:00:00,6255.481361203747,25472.823203679447,27110.391640640075
2025-03-02 00:00:00,6300.536964324163,25645.13509190276,27494.71379922676
2025-03-02 04:00:00,6300.117177502699,25729.43822001202,27629.729136565307
2025-03-02 08:00:00,6287.4442522993795,25696.087531968795,27534.060484562797
2025-03-02 12:00:00,6282.810809117836,25668.91289726691,27535.495247716615
2025-03-02 16:00:00,6514.413619082871,26046.5785590897,29143.465735577356
2025-03-02 20:00:00,6862.511597941815,27857.706201436922,31719.78619877638
2025-03-03 00:00:00,6979.293809407092,27989.256137607408,32444.078515483186
2025-03-03 04:00:00,6741.967366315831,27486.21659295547,31190.102789315668
2025-03-03 08:00:00,6582.418037993044,27403.14867551448,30269.672188730805
2025-03-03 12:00:00,6518.6487317641695,27396.663819506077,29990.416738757733
2025-03-03 16:00:00,6318.818968999693,26514.414599696014,29186.084522558158
2025-03-03 20:00:00,5959.195019952305,25222.38424068821,26779.793909808504
2025-03-04 00:00:00,5959.195019952305,25366.286283541373,26908.959159478778
2025-03-04 04:00:00,5959.195019952305,24747.445738739356,25978.9341955036
2025-03-04 08:00:00,5959.195019952305,24478.787418391174,25840.182129731824
2025-03-04 12:00:00,5959.195019952305,24595.514826542454,25935.727682456083
2025-03-04 16:00:00,5959.195019952305,24341.061428879348,26006.736564065315
2025-03-04 20:00:00,5959.195019952305,25730.673430680286,27005.742813110966
2025-03-05 00:00:00,5959.195019952305,25400.25457691873,27017.511542844844
2025-03-05 04:00:00,5959.195019952305,25333.244398165218,26671.012000976018
2025-03-05 08:00:00,5959.195019952305,25371.227126214442,26768.66973761395
2025-03-05 12:00:00,5959.195019952305,26007.360620372205,27440.022161929846
2025-03-05 16:00:00,5959.195019952305,25346.83171551616,26439.52647079304
2025-03-05 20:00:00,5959.195019952305,25701.645979976,26897.80312806354
2025-03-06 00:00:00,5959.195019952305,25935.718401612692,27141.670721344744
2025-03-06 04:00:00,5959.195019952305,26239.27142333943,27599.556206912326
2025-03-06 08:00:00,5959.195019952305,26128.41126586242,27517.02340110095
2025-03-06 12:00:00,5959.195019952305,26141.072175212164,27863.13923922966
2025-03-06 16:00:00,5959.195019952305,25951.4673376331,27435.841132812737
2025-03-06 20:00:00,5959.195019952305,25330.773976828685,26594.895556065734
2025-03-07 00:00:00,5959.195019952305,25771.435382733114,26747.984772205113
2025-03-07 04:00:00,5959.195019952305,24849.659421538494,26056.381628112147
2025-03-07 08:00:00,5959.195019952305,25205.40009399953,26568.726707252834
2025-03-07 12:00:00,5959.195019952305,25345.90530751496,26520.782212467457
2025-03-07 16:00:00,5959.195019952305,25138.081112578955,26563.996317500034
2025-03-07 20:00:00,5959.195019952305,25016.10405908754,26668.173915236534
2025-03-08 00:00:00,5959.195019952305,24721.50631470574,25810.48733010637
2025-03-08 04:00:00,5959.195019952305,24504.418039757726,25766.623967148997
2025-03-08 08:00:00,5959.195019952305,24593.97081320712,25707.044771120043
2025-03-08 12:00:00,5959.195019952305,24512.446909101465,25557.917452363574
2025-03-08 16:00:00,5959.195019952305,24639.364805265952,25621.65870673956
2025-03-08 20:00:00,5959.195019952305,24587.485957198714,25798.457499259683
2025-03-09 00:00:00,5959.195019952305,24588.72116786698,25608.30271826583
2025-03-09 04:00:00,5959.195019952305,24564.634559835766,25677.390187856945
2025-03-09 08:00:00,5959.195019952305,24528.195845121874,25840.440835555368
2025-03-09 12:00:00,5959.195019952305,24243.479786086216,25342.91513854701
2025-03-09 16:00:00,5959.195019952305,23670.650838677164,24435.05613968706
2025-03-09 20:00:00,5959.195019952305,23542.49773184441,24193.708963677505
2025-03-10 00:00:00,5959.195019952305,22949.59661107601,23677.803313524528
2025-03-10 04:00:00,5959.195019952305,23382.229147636703,23917.685574900323
2025-03-10 08:00:00,5959.195019952305,23499.882963789183,24157.786514270556
2025-03-10 12:00:00,5959.195019952305,23798.803945509917,24474.375651628907
2025-03-10 16:00:00,5959.195019952305,22801.062528216844,23178.579175587198
2025-03-10 20:00:00,5959.195019952305,22513.258442510516,22631.786639804493
2025-03-11 00:00:00,5959.195019952305,22375.841255665757,22432.00190015223
2025-03-11 04:00:00,5959.195019952305,22613.310506640184,22639.13659008454
2025-03-11 08:00:00,5959.195019952305,22801.988936218044,23048.4818472403
2025-03-11 12:00:00,5959.195019952305,23151.55355533775,23344.401640316995
2025-03-11 16:00:00,5959.195019952305,22952.993440413746,23257.561082076958
2025-03-11 20:00:00,5959.195019952305,23505.750214463453,23833.577481676373
2025-03-12 00:00:00,5959.195019952305,23476.722763759168,23515.968799338872
2025-03-12 04:00:00,5959.195019952305,23274.45701683036,23097.285564247628
2025-03-12 08:00:00,5959.195019952305,23358.76014493962,23243.69084810027
2025-03-12 12:00:00,5959.195019952305,23518.411123813195,23688.13823854051
2025-03-12 16:00:00,5959.195019952305,23115.114840623857,23219.345796423873
2025-03-12 20:00:00,5959.195019952305,23518.719926480262,23463.918755121733
2025-03-13 00:00:00,5959.195019952305,23746.925097442683,23750.825108470424
2025-03-13 04:00:00,5959.195019952305,23714.19201473359,23541.031793652153
2025-03-13 08:00:00,5959.195019952305,23639.770571970475,23451.02476840333
2025-03-13 12:00:00,5959.195019952305,23600.552633252984,23757.70680052988
2025-03-13 16:00:00,5959.195019952305,23057.36874188235,23277.00581231092
2025-03-13 20:00:00,5959.195019952305,22828.854768252862,22885.034338862883
2025-03-14 00:00:00,5959.195019952305,23078.05852057583,23178.246602760584
2025-03-14 04:00:00,5959.195019952305,23328.806286234132,23414.703606757066
2025-03-14 08:00:00,5959.195019952305,23417.741454349394,23488.96161861608
2025-03-14 12:00:00,5959.195019952305,23598.391014583514,23619.504072501204
2025-03-14 16:00:00,5935.358239872496,24077.34395120424,24470.205900149733
2025-03-14 20:00:00,5960.123900112318,24013.11299645433,24669.885657219584
2025-03-15 00:00:00,5936.709618848574,23854.079622914887,24513.355867459413
2025-03-15 04:00:00,5972.452315381087,24000.14328443752,24742.76743161588
2025-03-15 08:00:00,5927.337110249637,23811.773657526726,24470.753629988965
2025-03-15 12:00:00,5938.29623318842,23891.135942962912,24543.12350954243
2025-03-15 16:00:00,5960.317539267655,23975.1302684051,24767.848441291455
2025-03-15 20:00:00,5949.475539079198,23951.970068375085,24697.51155910399
2025-03-16 00:00:00,5971.232355940463,23961.542951054158,24847.287889100655
2025-03-16 04:00:00,5951.287164348012,23945.485212366682,24769.83546622246
2025-03-16 08:00:00,5938.564776984368,23939.92676435948,24694.353174421318
2025-03-16 12:00:00,5746.889843387495,23401.683715661915,23944.15883802325
2025-03-16 16:00:00,5727.282390825342,23666.94520667236,23928.716622515432
2025-03-16 20:00:00,5689.207985858402,23603.023054589517,23706.772222158863
2025-03-17 00:00:00,5689.207985858402,23445.84249705248,23572.88194371231
2025-03-17 04:00:00,5689.207985858402,23753.718756118153,24003.331826808087
2025-03-17 08:00:00,5689.207985858402,23729.32334541987,24017.586864212197
2025-03-17 12:00:00,5689.207985858402,23657.98992932742,23957.03823052431
2025-03-17 16:00:00,5689.207985858402,23624.6392412842,23760.99202184841
2025-03-17 20:00:00,5689.207985858402,23890.827140295845,24126.930688893088
2025-03-18 00:00:00,5689.207985858402,23760.20361212656,23872.908801957583
2025-03-18 04:00:00,5689.207985858402,23531.072033162935,23377.07466372264
2025-03-18 08:00:00,5689.207985858402,23488.14846244064,23438.262279519353
2025-03-18 12:00:00,5689.207985858402,23358.142539605487,23222.945808811615
2025-03-18 16:00:00,5689.207985858402,23065.706413893156,23001.606643827974
2025-03-18 20:00:00,5689.207985858402,23223.19577409726,23229.76850313956
2025-03-19 00:00:00,5689.207985858402,23349.187262260548,23439.967937798378
2025-03-19 04:00:00,5689.207985858402,23450.474537058482,23634.38424249227
2025-03-19 08:00:00,5689.207985858402,23580.480459893635,23619.732553846075
2025-03-19 12:00:00,5677.829569886686,23752.792348116953,24103.65037988262
2025-03-19 16:00:00,5691.0928951214655,24062.830225852096,24659.738956860558
2025-03-19 20:00:00,5671.978375654664,24218.775572720868,24736.6045304176
2025-03-20 00:00:00,5752.139889030962,24588.412365199914,25108.279928619897
2025-03-20 04:00:00,5679.62202539222,24319.44524218467,24827.47535431871
2025-03-20 08:00:00,5681.719841847578,24372.250498253103,24879.21882881654
2025-03-20 12:00:00,5622.9027680807,24337.04699420748,24532.06201358951
2025-03-20 16:00:00,5561.781947120725,24097.72492723065,24238.661049916584
2025-03-20 20:00:00,5525.225721843584,23939.617961692413,24075.603613997322
2025-03-21 00:00:00,5533.538213947965,23945.485212366682,24042.473772606587
2025-03-21 04:00:00,5544.070177046715,24087.84324188451,24192.21263179331
2025-03-21 08:00:00,5526.212079122224,23905.649668315054,24104.78111072543
2025-03-21 12:00:00,5517.067488435136,23918.92818299893,23910.300692715304
2025-03-21 16:00:00,5503.617464126767,23859.63807092209,23879.25608238665
2025-03-21 20:00:00,5534.203797228957,23959.072529717625,24182.35049060859
2025-03-22 00:00:00,5526.097648342695,23995.820047098583,24196.714205245404
2025-03-22 04:00:00,5551.116906945515,24048.007697832883,24280.072221778835
2025-03-22 08:00:00,5550.816285869003,24060.977409849693,24292.464390510177
2025-03-22 12:00:00,5555.471366989923,24048.934105834087,24460.049564462664
2025-03-22 16:00:00,5537.881563683553,24016.818628459132,24322.313416133722
2025-03-22 20:00:00,5546.3421861809775,24027.009116472338,24410.688745980508
2025-03-23 00:00:00,5520.368482854728,23931.280289681607,24200.88792113853
2025-03-23 04:00:00,5520.368482854728,24041.831644491547,24530.23040656068
2025-03-23 08:00:00,5520.368482854728,24054.801356508357,24570.603992382024
2025-03-23 12:00:00,5520.368482854728,24172.146369993767,24823.281567746948
2025-03-23 16:00:00,5509.327745889019,24325.31249285894,24797.920195215367
2025-03-23 20:00:00,5499.810381983445,24273.74244745877,24562.22487421069
2025-03-24 00:00:00,5492.768398376879,24534.371898463214,24868.911199635815
2025-03-24 04:00:00,5505.003014305436,24694.94928533799,25510.933935655587
2025-03-24 08:00:00,5562.278475522425,24748.372146740556,25653.7198126808
2025-03-24 12:00:00,5665.447213281952,25006.839979075532,26259.280953244666
2025-03-24 16:00:00,5693.912708193232,25277.351115426114,26387.681446813724
2025-03-24 20:00:00,5680.351887387596,25230.721912699017,26304.936934523634
2025-03-25 00:00:00,5632.77563806293,25017.956875089938,26031.017712491375
2025-03-25 04:00:00,5542.047760656524,24713.786248029068,25620.483043195214
2025-03-25 08:00:00,5575.199571214115,24747.754541406423,25775.62393981409
2025-03-25 12:00:00,5630.883868328855,24968.548448359237,26107.261865340864
2025-03-25 16:00:00,5685.493085917616,25098.245568527327,26498.50488907808
2025-03-25 20:00:00,5699.046118693778,25211.57614734087,26528.1667735918
2025-03-26 00:00:00,5663.253489274453,25045.749115125956,26329.745692871817
2025-03-26 04:00:00,5617.38075588211,24962.3723950179,26091.697838554064
2025-03-26 08:00:00,5692.995851588924,25246.16204605236,26494.542731030873
2025-03-26 12:00:00,5686.853964611051,25181.622288635383,26474.535662367838
2025-03-26 16:00:00,5531.285272486233,24851.203434873827,25739.47317664212
2025-03-26 20:00:00,5512.10470544467,24860.467514885833,25575.636603990602
2025-03-27 00:00:00,5524.087098939569,24996.03188572819,25653.68194827139
2025-03-27 04:00:00,5563.347397188675,25131.905059237615,25953.25837381493
2025-03-27 08:00:00,5545.840676942172,25080.02621117038,25822.105120470747
2025-03-27 12:00:00,5485.574005131884,24898.759045602124,25545.695264100403
2025-03-27 16:00:00,5485.574005131884,24876.834056240376,25571.69776277092
2025-03-27 20:00:00,5485.574005131884,24911.1111522848,25704.19920779134
2025-03-28 00:00:00,5485.574005131884,24937.97698431962,25639.502414312894
2025-03-28 04:00:00,5485.574005131884,24833.91048551808,25438.742471098754
2025-03-28 08:00:00,5485.574005131884,24381.823380932175,24619.189650332777
2025-03-28 12:00:00,5485.574005131884,24435.555045001813,24679.512506813677
2025-03-28 16:00:00,5485.574005131884,23973.2774524027,24200.002936387857
2025-03-28 20:00:00,5485.574005131884,23894.841574967715,24116.81451679209
2025-03-29 00:00:00,5485.574005131884,24078.887964539572,24224.189511900033
2025-03-29 04:00:00,5485.574005131884,24005.701732444722,24137.109500617018
2025-03-29 08:00:00,5485.574005131884,23881.254257616773,23810.146208668466
2025-03-29 12:00:00,5485.574005131884,23461.900235739955,23499.148602451438
2025-03-29 16:00:00,5485.574005131884,23512.543873138922,23625.328938376348
2025-03-29 20:00:00,5485.574005131884,23606.72868659432,23530.41336683218
2025-03-30 00:00:00,5485.574005131884,23576.1572225547,23445.0646241863
2025-03-30 04:00:00,5485.574005131884,23669.415628008897,23583.716895091453
2025-03-30 08:00:00,5485.574005131884,23711.72159339706,23605.37069032705
2025-03-30 12:00:00,5485.574005131884,23715.42722540186,23558.5990230845
2025-03-30 16:00:00,5485.574005131884,23608.890305263787,23481.93717501359
2025-03-30 20:00:00,5485.574005131884,23561.952299869623,23564.980932233382
2025-03-31 00:00:00,5485.574005131884,23516.558307810792,23436.214394156013
2025-03-31 04:00:00,5485.574005131884,23253.14963280275,23291.595179264776
2025-03-31 08:00:00,5485.574005131884,23367.71542228456,23467.199032806064
2025-03-31 12:00:00,5485.574005131884,23459.73861707049,23362.680569425796
2025-03-31 16:00:00,5485.574005131884,23876.313414943703,23847.31940748437
2025-03-31 20:00:00,5485.574005131884,23530.145625161735,23513.673383623514
2025-04-01 00:00:00,5485.574005131884,23557.011457196553,23425.51287083383
2025-04-01 04:00:00,5485.574005131884,23657.06352132622,23633.54161289572
2025-04-01 08:00:00,5485.574005131884,23860.255676256224,23835.851712586154
2025-04-01 12:00:00,5474.602857121621,24035.037985816078,24028.94126274006
2025-04-01 16:00:00,5479.92071113346,24390.778658277115,24384.65221570698
2025-04-01 20:00:00,5433.1415188897645,24318.518834183466,24094.771342787673
2025-04-02 00:00:00,5424.4562295487995,24360.515996904564,24063.730696686507
2025-04-02 04:00:00,5343.840283782264,24173.07277799497,23734.267212662497
2025-04-02 08:00:00,5331.44295239649,24154.853420638025,23737.051289851184
2025-04-02 12:00:00,5334.774183329248,24171.8375673267,23854.86514433629
2025-04-02 16:00:00,5381.138828178778,24651.716911948624,24455.026958137045
2025-04-02 20:00:00,5416.34912406572,24729.535184049477,24635.34868872187
2025-04-03 00:00:00,4969.231663258267,23355.980920936017,22471.490689927687
2025-04-03 04:00:00,4969.231663258267,23620.62480661233,22840.937000395366
2025-04-03 08:00:00,4969.231663258267,23488.457265107707,22580.871944004015
2025-04-03 12:00:00,4969.231663258267,23140.745461990406,21979.81751077761
2025-04-03 16:00:00,4969.231663258267,22924.89239771066,21787.71372442611
2025-04-03 20:00:00,4969.231663258267,22963.80153376109,21965.764633884348
2025-04-04 00:00:00,4969.231663258267,23262.413712814756,22253.440233211302
2025-04-04 04:00:00,4969.231663258267,23057.059939215284,21917.984822915125
2025-04-04 08:00:00,4969.231663258267,23583.25968389724,22533.696330596045
2025-04-04 12:00:00,4969.231663258267,23083.925771250102,21854.322278675732
2025-04-04 16:00:00,4969.231663258267,23232.459854109267,22409.462353445568
2025-04-04 20:00:00,4969.231663258267,23695.972657376646,23087.057767765982
2025-04-05 00:00:00,4969.231663258267,23625.256846618333,23066.789372838197
2025-04-05 04:00:00,4969.231663258267,23560.40828653429,22827.790802311654
2025-04-05 08:00:00,4969.231663258267,23522.116755817995,22849.77362498537
2025-04-05 12:00:00,4969.231663258267,23509.14704380119,22764.38208019804
2025-04-05 16:00:00,4969.231663258267,23270.133779491425,22362.93300530026
2025-04-05 20:00:00,4969.231663258267,23331.585510237735,22491.928627741458
2025-04-06 00:00:00,4969.231663258267,23522.425558485065,22760.49248239404
2025-04-06 04:00:00,4969.231663258267,23473.32593442143,22721.22282909887
2025-04-06 08:00:00,4969.231663258267,23379.141120966033,22593.567297485875
2025-04-06 12:00:00,4969.231663258267,23320.468614223326,22487.907519040727
2025-04-06 16:00:00,4969.231663258267,23246.355974127277,22054.175818320993
2025-04-06 20:00:00,4969.231663258267,22433.278551740197,20893.90454253911
2025-04-07 00:00:00,4969.231663258267,22018.556569869383,20415.95434484494
2025-04-07 04:00:00,4969.231663258267,21895.961911043833,20101.320142349156
2025-04-07 08:00:00,4969.231663258267,21055.709853954868,19017.862968800335
2025-04-07 12:00:00,4969.231663258267,21588.703257312292,19596.598626211704
2025-04-07 16:00:00,4969.231663258267,22203.220564775373,20626.838337917205
2025-04-07 20:00:00,4969.231663258267,22106.56532998344,20481.120374441583
2025-04-08 00:00:00,4969.231663258267,22396.53103435924,20715.122227557833
2025-04-08 04:00:00,4969.231663258267,22515.728863847053,21190.313989906204
2025-04-08 08:00:00,4969.231663258267,22480.834162468494,20942.69080866259
2025-04-08 12:00:00,4969.231663258267,22586.444674605365,21281.581047485808
2025-04-08 16:00:00,4969.231663258267,22212.793447454445,20649.45203534791
2025-04-08 20:00:00,4969.231663258267,21641.199710713663,19981.97914606437
2025-04-09 00:00:00,4969.231663258267,21452.5212811358,20043.12797963966
2025-04-09 04:00:00,4969.231663258267,21016.183112570307,19528.800859731604
2025-04-09 08:00:00,4969.231663258267,21771.82323888295,20333.051172183317
2025-04-09 12:00:00,4969.231663258267,21320.971344965314,19704.85286803727
2025-04-09 16:00:00,4969.231663258267,21600.437758660835,20146.239305779345
2025-04-09 20:00:00,4959.29319993175,23249.13519813088,22327.096464601964
2025-04-10 00:00:00,4950.43887216641,23296.073203525044,22389.622154025907
2025-04-10 04:00:00,4873.113973779413,22990.04976046177,21795.791532707575
2025-04-10 08:00:00,4848.76106664283,22859.426232292484,21602.76986329766
2025-04-10 12:00:00,4828.22581428754,22834.104413593,21444.149171596124
2025-04-10 16:00:00,4655.596142941546,21729.20847082772,20351.909471698928
2025-04-10 20:00:00,4655.596142941546,21955.252023120673,20624.612196716447
2025-04-11 00:00:00,4655.596142941546,21834.20137763046,20665.623256037627
2025-04-11 04:00:00,4655.596142941546,22016.703753866983,20918.93593993687
2025-04-11 08:00:00,4655.596142941546,22090.507591295966,21049.19387517713
2025-04-11 12:00:00,4655.596142941546,22389.119770349633,21339.95133449479
2025-04-11 16:00:00,4655.596142941546,22498.435914491307,21574.623056286266
2025-04-11 20:00:00,4655.596142941546,22822.061109577393,21751.925376030864
2025-04-12 00:00:00,4655.596142941546,22669.82139471342,21732.509807189585
2025-04-12 04:00:00,4655.596142941546,22561.740461240017,21557.4735693572
2025-04-12 08:00:00,4646.284950655663,22773.270288180825,22079.89438173734
2025-04-12 12:00:00,4651.674357023535,22717.68580810879,22121.059342405926
2025-04-12 16:00:00,4723.580384089622,23115.423643290924,22908.026494479815
2025-04-12 20:00:00,4727.835178590574,23108.012379281317,22922.122387747237
2025-04-13 00:00:00,4747.690886261682,23196.329942062443,23110.463286969116
2025-04-13 04:00:00,4741.1668680268895,23235.23907811287,23042.164750912132
2025-04-13 08:00:00,4701.880932134767,22990.04976046177,22638.13730600041
2025-04-13 12:00:00,4718.19097772175,23021.238829835525,22766.44143695349
2025-04-13 16:00:00,4703.441023451783,22823.605122912726,22557.419838629074
2025-04-13 20:00:00,4697.626137633815,22878.57199765063,22534.858607251284
2025-04-14 00:00:00,4699.895361367657,22798.900909547378,22535.563368781302
2025-04-14 04:00:00,4737.6212059427635,22964.419139095222,22928.6737029188
2025-04-14 08:00:00,4741.592347476984,22929.215635049597,22955.169316355787
2025-04-14 12:00:00,4749.6604737514235,23039.149384525404,23186.3784296096
2025-04-14 16:00:00,4652.042132426284,22873.013549643427,22626.3861729763
2025-04-14 20:00:00,4689.953204501789,23089.17541659024,22941.713689693453
2025-04-15 00:00:00,4660.5405688175815,23057.677544549417,22760.851541200576
2025-04-15 04:00:00,4684.517978266097,23230.2982354398,22933.149900927885
2025-04-15 08:00:00,4694.839259280248,23320.777416890396,23077.59667658747
2025-04-15 12:00:00,4699.638312002896,23339.30557691441,23166.056900462507
2025-04-15 16:00:00,4660.390473666655,23232.768656776334,22909.004325235306
2025-04-15 20:00:00,4584.917994671279,22995.917011136044,22648.520947064582
2025-04-16 00:00:00,4584.917994671279,22878.57199765063,22378.652932896657
2025-04-16 04:00:00,4584.917994671279,22793.960066874304,22335.97544216821
2025-04-16 08:00:00,4584.917994671279,22615.163322642584,22018.025362431377
2025-04-16 12:00:00,4584.917994671279,22846.76532294274,22298.28879615396
2025-04-16 16:00:00,4584.917994671279,23032.355725849935,22558.790274012674
2025-04-16 20:00:00,4584.917994671279,22866.52869363502,22885.396682783947
2025-04-17 00:00:00,4584.917994671279,22767.403037506556,22717.526017107164
2025-04-17 04:00:00,4584.917994671279,22820.825898909123,22634.798769377885
2025-04-17 08:00:00,4575.748158681937,22978.624061780298,23134.41148211593
2025-04-17 12:00:00,4565.38676208381,22984.800115121634,23039.961027497426
2025-04-17 16:00:00,4568.624698520724,22978.624061780298,23050.580205969156
2025-04-17 20:00:00,4562.796412934278,23057.36874188235,23021.224557936854
2025-04-18 00:00:00,4582.353549013243,23068.485637896756,23197.609237854354
2025-04-18 04:00:00,4579.374647491281,23034.826147186468,23162.902239632604
2025-04-18 08:00:00,4584.425828332868,22991.902576464174,23191.949700007564
2025-04-18 12:00:00,4576.525263426796,22978.006456446165,23126.318296125075
2025-04-18 16:00:00,4559.040406667456,22875.175168312893,22927.431937209458
2025-04-18 20:00:00,4573.287326989881,22924.583595043594,23081.3601525848
2025-04-19 00:00:00,4572.510222245022,22900.49698701238,23060.45347969682
2025-04-19 04:00:00,4625.223827437994,23006.416301816316,23565.249610498802
2025-04-19 08:00:00,4615.068570825187,23088.866613923172,23588.956717656765
2025-04-19 12:00:00,4616.517030849966,23095.042667264508,23593.713146675625
2025-04-19 16:00:00,4607.377601762826,23080.2201392453,23610.30224133446
2025-04-19 20:00:00,4611.660950240452,23058.29514988355,23601.32956256541
2025-04-20 00:00:00,4622.34528966586,23055.20712321288,23711.464487056743
2025-04-20 04:00:00,4636.579133957173,23085.469784585435,23832.8284290366
2025-04-20 08:00:00,4600.95861841484,22984.491312454567,23642.56167542269
2025-04-20 12:00:00,4512.0605056942,22809.40020022765,23236.05601909683
2025-04-20 16:00:00,4497.215732788063,22887.218472328503,23216.976630515357
2025-04-20 20:00:00,4497.215732788063,22958.243085753882,23387.841814531595
2025-04-21 00:00:00,4497.215732788063,22985.417720455767,23383.28085498688
2025-04-21 04:00:00,4479.226869856911,23386.55238497564,23634.578732082362
2025-04-21 08:00:00,4483.423925492386,23372.965067624697,23670.19007438983
2025-04-21 12:00:00,4460.341718589647,23264.88413415129,23502.211967384545
2025-04-21 16:00:00,4485.1967570906145,23634.52092663034,23599.060266088538
2025-04-21 20:00:00,4417.908683716374,23439.66644371114,23323.767899296436
2025-04-22 00:00:00,4419.670364886705,23467.14988108009,23306.766727553993
2025-04-22 04:00:00,4428.02350481794,23597.464606582314,23598.78449315031
2025-04-22 08:00:00,4437.623677487723,23747.23390010975,23825.38123652101
2025-04-22 12:00:00,4442.176336691951,23818.25851353513,23909.670502471236
2025-04-22 16:00:00,4468.750925796442,24504.10923709066,24758.19548980733
2025-04-22 20:00:00,4480.4377961326145,24744.357712068686,24788.13515333715
2025-04-23 04:00:00,4669.029852064033,25451.824622318898,25825.33143443727
2025-04-23 08:00:00,4693.259549181455,25540.759790434156,25956.271906668502
2025-04-23 12:00:00,4679.669391501867,25296.49688078426,25884.762416409263
2025-04-23 16:00:00,4691.886909701412,25360.72783553417,25936.154011504303
2025-04-23 20:00:00,4688.066713370055,25499.997838381332,25886.854764338128
2025-04-24 00:00:00,4706.191398186745,25539.52457976589,26001.28142459227
2025-04-24 04:00:00,4628.2248727106735,25246.779651386492,25522.586780109923
2025-04-24 08:00:00,4588.091526703242,25025.985744433678,25316.880370421422
2025-04-24 12:00:00,4601.513319372179,25155.374061934697,25415.254724874405
2025-04-24 16:00:00,4643.222376250416,25347.449320850294,25682.658908480495
2025-04-24 20:00:00,4660.089490443743,25390.990496906725,25874.887357792722
2025-04-25 00:00:00,4688.437228528437,25531.80451308922,26046.945165436155
2025-04-25 04:00:00,4678.32483874479,25450.280608983565,25989.33906069451
2025-04-25 08:00:00,4720.111588952681,25507.10029972387,26295.28939043021
2025-04-25 12:00:00,4749.252517966517,25769.58256673071,26404.537659712645
2025-04-25 16:00:00,4742.4111242826575,25824.549441468615,26235.16510898477
2025-04-25 20:00:00,4733.849003321003,25930.777558939622,26127.405629486333
2025-04-26 00:00:00,4699.796522272728,25736.540681354556,25980.829440882037
2025-04-26 04:00:00,4715.85359806406,25763.406513389375,26051.433362274456
2025-04-26 08:00:00,4717.8329890684145,25724.806180006017,26049.51145969401
2025-04-26 12:00:00,4660.803681194408,25608.69637718887,25712.290569383204
2025-04-26 16:00:00,4675.45941779189,25663.97205459384,25822.818504296738
2025-04-26 20:00:00,4686.8084329800495,25646.37030257103,25833.715801553626
2025-04-27 00:00:00,4700.3787750335405,25748.583985370165,25879.113458839
2025-04-27 04:00:00,4680.866006277141,25609.93158785714,25644.93513229302
2025-04-27 08:00:00,4675.077059563189,25591.094625166057,25624.519848997785
2025-04-27 12:00:00,4674.525109141948,25544.46542243896,25672.46968099942
2025-04-27 16:00:00,4663.275461941988,25543.847817104826,25753.065247952873
2025-04-27 20:00:00,4683.26965624351,25676.324161276516,25906.8126198769
2025-04-28 00:00:00,4652.407643285419,25525.937262414947,25655.102768120287
2025-04-28 04:00:00,4635.511452657962,25539.52457976589,25709.011926423475
2025-04-28 08:00:00,4635.511452657962,25783.78748941579,26079.39714518572
2025-04-28 12:00:00,4626.240429752646,25945.908889625898,26194.479604900895
2025-04-28 16:00:00,4588.434408940721,25463.867926334508,25376.129609507814
2025-04-28 20:00:00,4588.434408940721,25643.591078567428,25636.559660826315
2025-04-29 00:00:00,4588.434408940721,25725.732588007217,25637.30591187058
2025-04-29 04:00:00,4588.434408940721,25763.097710722308,25693.924569050607
2025-04-29 08:00:00,4588.434408940721,25720.48294266708,25766.40512495837
2025-04-29 12:00:00,4579.25754012284,25837.82795615249,25869.88825944828
2025-04-29 16:00:00,4565.088661590713,25709.36604665267,25672.146450402062
2025-04-29 20:00:00,4573.07648572963,25869.325828193312,25893.761590565875
2025-04-30 00:00:00,4551.4903419256525,25567.625622468975,25445.075498098857
2025-04-30 04:00:00,4562.901519266962,25820.53500679675,25760.649614149526
2025-04-30 08:00:00,4542.4800762969535,25690.220281294525,25505.044571079034
2025-04-30 12:00:00,4542.4800762969535,25855.429708175303,25755.063879202564
2025-04-30 16:00:00,4542.4800762969535,25587.697795828324,25062.269666423526
2025-04-30 20:00:00,4542.4800762969535,25670.456910602246,25493.849556620033
2025-05-01 00:00:00,4542.4800762969535,25692.07309729693,25706.300046391218
2025-05-01 04:00:00,4542.4800762969535,25881.67793487599,25919.478389164142
2025-05-01 08:00:00,4533.395116144359,25950.5409296319,26065.665638366874
2025-05-01 12:00:00,4532.685022686153,26246.991490016102,26387.142267785806
2025-05-01 16:00:00,4568.009955398469,26526.76670637869,26566.974030358717
2025-05-01 20:00:00,4532.86022092739,26416.524154235816,26333.792571380745
2025-05-02 00:00:00,4531.540871762811,26383.173466192595,26370.369637528536
2025-05-02 04:00:00,4542.279618844443,26517.193823699617,26392.993467132143
2025-05-02 08:00:00,4474.4884358423515,26267.68126870958,26008.99307090912
2025-05-02 12:00:00,4514.970260216911,26397.37838887767,26280.079915125014
2025-05-02 16:00:00,4527.024724604509,26537.883602393096,26294.34637905593
2025-05-02 20:00:00,4509.42443149724,26490.636794331866,26118.009641050005
2025-05-03 00:00:00,4511.748024876895,26486.31355699293,26120.97328459256
2025-05-03 04:00:00,4500.851018079711,26342.720316806834,26093.045659217638
2025-05-03 08:00:00,4492.39923871049,26346.117146144567,26066.332088721418
2025-05-03 12:00:00,4475.878847756672,26244.2122660125,25936.888051868395
2025-05-03 16:00:00,4504.6127719213855,26370.203754175785,26120.8164621174
2025-05-03 20:00:00,4498.243581969151,26360.630871496713,26029.363492801014
2025-05-04 00:00:00,4468.686844548046,26220.43446064835,25893.853930106874
2025-05-04 04:00:00,4465.912951080881,26187.08377260513,25775.686315660038
2025-05-04 08:00:00,4475.593021034095,26230.007343327423,25806.759574147727
2025-05-04 12:00:00,4439.217411525314,26105.559868499473,25730.66684008956
2025-05-04 16:00:00,4439.217411525314,26121.000001852815,25876.35244369829
2025-05-04 20:00:00,4439.217411525314,26156.821111232573,25826.215717624917
2025-05-05 00:00:00,4439.217411525314,25726.967798675483,25385.51654536288
2025-05-05 04:00:00,4439.217411525314,25638.032630560225,25419.41213989839
2025-05-05 08:00:00,4439.217411525314,25877.354697537052,25763.245732109048
2025-05-05 12:00:00,4439.217411525314,25612.093206526606,25335.404055366045
2025-05-05 16:00:00,4439.217411525314,25600.358705178063,25324.884617284122
2025-05-05 20:00:00,4439.217411525314,25761.24489471991,25671.389496369207
2025-05-06 00:00:00,4439.217411525314,25869.325828193312,25737.150913065852
2025-05-06 04:00:00,4439.217411525314,25784.405094749924,25477.12367443105
2025-05-06 08:00:00,4439.217411525314,25706.895625316138,25464.570844958536
2025-05-06 12:00:00,4439.217411525314,25582.756953155254,25133.57690487254
2025-05-06 16:00:00,4439.217411525314,25752.598420042035,25227.81504453376
2025-05-06 20:00:00,4439.217411525314,25799.227622769133,25391.402767674896
2025-05-07 00:00:00,4430.338976702264,26374.218188847655,25873.39944494323
2025-05-07 04:00:00,4424.205737959288,26264.90204470598,25772.02772461845
2025-05-07 08:00:00,4429.628629842201,26361.557279497913,25906.867829669805
2025-05-07 12:00:00,4431.655717223353,26397.687191544737,25953.95068160251
2025-05-07 16:00:00,4430.70281289888,26380.703044856058,25753.09210858769
2025-05-07 20:00:00,4424.6215507554225,26272.313308715584,25742.609096751632
2025-05-08 00:00:00,4428.930668936501,26507.312138353478,26013.622246374933
2025-05-08 04:00:00,4481.236691404202,27027.027027027027,26622.040957345813
2025-05-08 08:00:00,4522.805417793231,27138.813592505237,26807.838916402463
2025-05-08 12:00:00,4578.57675432854,27175.869912553262,27166.421788380667
2025-05-08 16:00:00,4746.905551636736,27657.29327051052,28091.992212689413
2025-05-08 20:00:00,4818.850935650096,27856.162188101585,28318.229310339986
2025-05-09 00:00:00,4951.850205232183,28368.774615432598,28984.941826352602
2025-05-09 04:00:00,4909.925709159369,28158.17119649299,28615.007200915665
2025-05-09 08:00:00,5080.279821656723,28440.72563685918,29276.113373883632
2025-05-09 12:00:00,5129.243913209542,28236.607073927975,29897.849590013288
2025-05-09 16:00:00,5067.984406185604,28183.184212525408,29630.144705013307
2025-05-09 20:00:00,5113.966741122973,28305.16126601682,29851.09724070868
2025-05-10 00:00:00,5131.748767641052,28246.797561941185,29956.15497021463
2025-05-10 04:00:00,5115.736886897524,28305.778871350958,29827.837682543948
2025-05-10 08:00:00,5179.1895233606565,28464.194639556263,30035.71459348927
2025-05-10 12:00:00,5131.110876772858,28376.49468210927,29669.283343654955
2025-05-10 16:00:00,5183.696728609769,28295.58838333775,29907.585742122636
2025-05-10 20:00:00,5244.665972486802,28296.82359400602,30107.615158284694
2025-05-11 00:00:00,5389.144399843907,28735.01457857391,30928.471147832344
2025-05-11 04:00:00,5322.951805362746,28516.382290290567,30598.88516101789
2025-05-11 08:00:00,5233.305137046322,28356.731311416992,30136.64580260026
2025-05-11 12:00:00,5318.423954412973,28702.899101198956,30547.556940428367
2025-05-11 16:00:00,5218.3887830418,28579.686837039273,29993.2003728375
2025-05-11 20:00:00,5282.540558330789,28667.0779918192,30322.664065430734
2025-05-12 00:00:00,5293.426550731516,28628.168855768774,30389.413788576447
2025-05-12 04:00:00,5313.128989522906,28612.111117081295,30554.559636974423
2025-05-12 08:00:00,5417.15108000789,29023.127466947306,31095.5752250159
2025-05-12 12:00:00,5363.924454892774,28815.3032720113,30779.186231613825
2025-05-12 16:00:00,5308.712180674109,28494.766103595884,30660.7045779708
2025-05-12 20:00:00,5247.891096661622,28336.350335390576,30261.35307991091
2025-05-13 00:00:00,5274.659675293962,28593.274154390216,30708.01325505615
2025-05-13 04:00:00,5205.541299411765,28248.03277260945,29723.838540147062
2025-05-13 08:00:00,5205.541299411765,28511.441447617493,30327.85350045289
2025-05-13 12:00:00,5205.541299411765,28826.11136535864,30759.97875850153
2025-05-13 16:00:00,5205.541299411765,28658.43151714133,30872.645853498052
2025-05-13 20:00:00,5184.719134214118,28925.545824154175,31697.356697070245
2025-05-14 00:00:00,5195.943187815476,28737.484999910448,31801.731632423922
2025-05-14 04:00:00,5139.344523259373,28567.025927689534,31336.379837573215
2025-05-14 08:00:00,5143.692390108766,28558.37945301166,31434.773915111837
2025-05-14 12:00:00,5126.645606021996,28620.757591759168,31362.273211802425
2025-05-14 16:00:00,5075.678534433259,28527.80798897204,30935.028205589122
2025-05-14 20:00:00,5090.205376506391,28568.878743691934,31012.45648741444
2025-05-15 00:00:00,5084.81727953307,28583.08366637701,30950.191664852013
2025-05-15 04:00:00,5024.02713939239,28337.276743391776,30539.130439160428
2025-05-15 08:00:00,4985.35860048098,28064.603988371728,30004.35495304429
2025-05-15 12:00:00,4985.35860048098,28282.92747398801,30224.15988865345
2025-05-15 16:00:00,4985.35860048098,28517.9263036259,30416.3974722547
2025-05-15 20:00:00,4985.35860048098,28496.618919598284,30124.782382036246
2025-05-16 00:00:00,4985.35860048098,28645.153002457453,30113.023238817077
2025-05-16 04:00:00,4985.35860048098,28690.546994516284,30513.33507577664
2025-05-16 08:00:00,4985.35860048098,28574.745994366203,30458.774225209225
2025-05-16 12:00:00,4985.35860048098,28609.64069574476,30577.026351650486
2025-05-16 16:00:00,4985.35860048098,28873.049370752804,30658.493299632264
2025-05-16 20:00:00,4985.35860048098,28782.261386635146,30511.538726849863
2025-05-17 00:00:00,4985.35860048098,28612.111117081295,29959.110711682893
2025-05-17 04:00:00,4985.35860048098,28645.46180512452,30011.184037622934
2025-05-17 08:00:00,4985.35860048098,28620.4487890921,30025.120231459106
2025-05-17 12:00:00,4985.35860048098,28496.618919598284,29857.038569336986
2025-05-17 16:00:00,4985.35860048098,28477.164351573072,29831.450380272694
2025-05-17 20:00:00,4985.35860048098,28525.028764968436,29622.94292870331
2025-05-18 00:00:00,4985.35860048098,28537.380871651112,29718.107869743922
2025-05-18 04:00:00,4985.35860048098,28580.613245040477,29829.724831106912
2025-05-18 08:00:00,4985.35860048098,28757.248370602727,30309.767129625186
2025-05-18 12:00:00,4985.35860048098,28716.795221216966,30290.417883730166
2025-05-18 16:00:00,4965.417166079057,29168.88232580287,31092.62210052063
2025-05-18 20:00:00,4828.63066170594,28720.809655888836,29715.678615585563
2025-05-19 00:00:00,4818.973400382528,29374.236099402344,30712.947355022585
2025-05-19 04:00:00,4768.378371787938,28622.61040776157,29523.28241960319
2025-05-19 08:00:00,4768.378371787938,28375.259471441004,29020.292308364522
2025-05-19 12:00:00,4768.378371787938,28209.43243922609,28955.508447182696
2025-05-19 16:00:00,4768.378371787938,28810.980034672364,29493.283198897887
2025-05-19 20:00:00,4768.378371787938,28988.850370902885,29842.34244424987
2025-05-20 00:00:00,4768.378371787938,29033.626757627582,29919.545796632563
2025-05-20 04:00:00,4768.378371787938,29047.831680312658,30159.303786690478
2025-05-20 08:00:00,4768.378371787938,28766.512450614733,29812.820164949764
2025-05-20 12:00:00,4768.378371787938,28892.812741445086,29780.303434202917
2025-05-20 16:00:00,4768.378371787938,28915.664138808035,29753.85260479986
2025-05-20 20:00:00,4768.378371787938,29301.976275308694,30010.394820089372
2025-05-21 00:00:00,4768.378371787938,29231.56926721745,30048.79785073891
2025-05-21 04:00:00,4768.378371787938,29120.091504406304,30102.325501869702
2025-05-21 08:00:00,4768.378371787938,29054.31653632106,29995.66628902449
2025-05-21 12:00:00,4768.378371787938,29071.918288343873,30034.552340134353
2025-05-21 16:00:00,4758.841615044362,29666.98102778174,30516.049455477238
2025-05-21 20:00:00,4756.856259058981,29629.924707733717,30362.064104832538
2025-05-22 00:00:00,4769.330912500457,29862.76191870214,30705.01716558567
2025-05-22 04:00:00,4779.7285822255,30409.651442077575,31311.415350060168
2025-05-22 08:00:00,4793.346327080533,30248.765252535733,31456.109153739948
2025-05-22 12:00:00,4802.935822900283,30264.82299122321,31460.290206617316
2025-05-22 16:00:00,4837.268783886579,30443.928538122,31679.587383782928
2025-05-22 20:00:00,4806.83236580111,30403.784191403305,31509.084108300853
2025-05-23 00:00:00,4844.641995273512,30518.96758621925,31753.30516254285
2025-05-23 04:00:00,4903.469886840696,30269.455031229212,32211.022547316126
2025-05-23 08:00:00,4829.727035607646,30131.111436383253,31799.601634268638
2025-05-23 12:00:00,4711.304968235123,29729.359166529248,31136.2187598753
2025-05-23 16:00:00,4717.439813994128,29642.894419750526,31329.81523749498
2025-05-23 20:00:00,4701.283509983415,29547.165592959795,31102.3703660589
2025-05-24 00:00:00,4647.271975906598,29161.779864460335,30427.78118885327
2025-05-24 04:00:00,4647.271975906598,29460.083240846936,30666.78466137823
2025-05-24 08:00:00,4647.271975906598,29259.361507253467,30495.613969435875
2025-05-24 12:00:00,4647.271975906598,29682.112358468017,30956.692308650046
2025-05-24 16:00:00,4647.271975906598,29615.410982381574,30846.89524666365
2025-05-24 20:00:00,4647.271975906598,29631.777523736117,30952.02957865611
2025-05-25 00:00:00,4647.271975906598,29306.608315314697,30682.022059536575
2025-05-25 04:00:00,4647.271975906598,29408.2043927797,30479.874490023154
2025-05-25 08:00:00,4647.271975906598,29284.065720618815,30258.918480016215
2025-05-25 12:00:00,4647.271975906598,29170.117536471138,30203.966141515833
2025-05-25 16:00:00,4647.271975906598,29113.915451064968,30050.736282572445
2025-05-25 20:00:00,4647.271975906598,29303.520288644027,30352.7154997638
2025-05-26 00:00:00,4647.271975906598,29621.895838389977,30794.396859740606
2025-05-26 04:00:00,4647.271975906598,29663.584198444005,30907.27391314954
2025-05-26 08:00:00,4647.271975906598,29890.55415873816,31143.91995711544
2025-05-26 12:00:00,4647.271975906598,29814.588702639707,31073.96344121982
2025-05-26 16:00:00,4647.271975906598,29858.438681363205,31033.628067179627
2025-05-26 20:00:00,4647.271975906598,29606.455705036635,30557.529821135824
2025-05-27 00:00:00,4647.271975906598,29693.229254482427,30705.59374103006
2025-05-27 04:00:00,4647.271975906598,29539.75432895019,30491.26542203258
2025-05-27 08:00:00,4637.977431954784,29838.675310670922,30967.292576066866
2025-05-27 12:00:00,4661.333263305926,29813.35349197144,31116.82643180234
2025-05-27 16:00:00,4656.304745764087,30039.088241597325,31425.655965438506
2025-05-27 20:00:00,4652.36224030184,29928.536886787384,31309.464218547924
2025-05-28 00:00:00,4615.184384153058,29676.553910460814,31100.57774840112
2025-05-28 04:00:00,4603.868141216317,29740.784865210724,30991.99075352695
2025-05-28 08:00:00,4571.578293323462,29680.568345132684,30815.31131726398
2025-05-28 12:00:00,4586.962054037043,29714.227835842972,30927.01570375365
2025-05-28 16:00:00,4545.900732287846,29334.400555350716,30359.530141853178
2025-05-28 20:00:00,4539.237253026282,29266.463968596003,30274.112193198936
2025-05-29 00:00:00,4585.477760629263,29652.158499762532,30875.977152277075
2025-05-29 04:00:00,4631.516344618257,29683.96517447042,31125.66221475142
2025-05-29 08:00:00,4609.170131337049,29561.679318311937,30846.126072629995
2025-05-29 12:00:00,4600.150876578971,29812.42708397024,30959.19882302935
2025-05-29 16:00:00,4534.751991096664,29095.696093708022,30156.7516653795
2025-05-29 20:00:00,4534.751991096664,28744.89626392005,29755.749123909474
2025-05-30 00:00:00,4534.751991096664,28684.67974384201,29683.33484235591
2025-05-30 04:00:00,4534.751991096664,28879.225424094144,29635.310450343077
2025-05-30 08:00:00,4534.751991096664,28652.25546379999,29334.832581430175
2025-05-30 12:00:00,4534.751991096664,28869.961344082138,29517.283534044735
2025-05-30 16:00:00,4534.751991096664,28747.366685256588,29147.088854202142
2025-05-30 20:00:00,4534.751991096664,28481.796391579075,28987.38941472373
2025-05-31 00:00:00,4534.751991096664,28338.511954060046,28437.508679894698
2025-05-31 04:00:00,4534.751991096664,28260.07607662506,28202.950321366294
2025-05-31 08:00:00,4534.751991096664,28290.64754066468,28300.389456290253
2025-05-31 12:00:00,4534.751991096664,28224.872572579436,28077.196497207704
2025-05-31 16:00:00,4534.751991096664,28524.71996230137,28481.528966235637
2025-05-31 20:00:00,4534.751991096664,28573.819586365003,28699.140882286345
2025-06-01 00:00:00,4534.751991096664,28535.83685831578,28561.06814266515
2025-06-01 04:00:00,4534.751991096664,28477.164351573072,28346.223069533742
2025-06-01 08:00:00,4534.751991096664,28456.47457287959,28307.00726831521
2025-06-01 12:00:00,4534.751991096664,28403.36051414409,28038.387687779472
2025-06-01 16:00:00,4534.751991096664,28570.731559694334,28339.40455977201
2025-06-01 20:00:00,4534.751991096664,28666.460386485065,28537.87980857743
2025-06-02 00:00:00,4534.751991096664,28792.76067731542,28765.78359495071
2025-06-02 04:00:00,4534.751991096664,28541.086503655915,28376.186855594522
2025-06-02 08:00:00,4534.751991096664,28539.542490320582,28293.389721247244
2025-06-02 12:00:00,4534.751991096664,28187.507449864344,27949.113218349325
2025-06-02 16:00:00,4534.751991096664,28251.738404614254,27995.327591705398
2025-06-02 20:00:00,4534.751991096664,28202.329977883554,27922.15476802983
2025-06-03 00:00:00,4534.751991096664,28567.643533023667,28497.650800806376
2025-06-03 04:00:00,4525.682487114471,28551.585794336188,28809.741831404113
2025-06-03 08:00:00,4521.590448088251,28481.48758891201,28847.62025748056
2025-06-03 12:00:00,4529.132906242558,28567.3347303566,28968.790580900197
2025-06-03 16:00:00,4554.342893803013,28978.659882889675,29335.347438864992
2025-06-03 20:00:00,4535.31372415767,28882.31345076481,29148.263037947167
2025-06-04 00:00:00,4437.644628119536,28610.56710374596,28447.543630371543
2025-06-04 04:00:00,4464.686370057927,28690.85579718335,28699.550219940964
2025-06-04 08:00:00,4456.3587231846095,28584.01007437821,28613.343331646574
2025-06-04 12:00:00,4444.468420011042,28540.160095654715,28555.10192179215
2025-06-04 16:00:00,4464.411734778585,28495.07490626295,28648.10818105581
2025-06-04 20:00:00,4439.035357516231,28401.19889547462,28389.123286402086
2025-06-05 00:00:00,4429.030571702613,28333.26230871991,28126.95878525107
2025-06-05 04:00:00,4440.294237850394,28452.76894087479,28267.70648372565
2025-06-05 08:00:00,4428.566773684764,28302.999647347355,28050.591060861658
2025-06-05 12:00:00,4428.169232526607,28348.08483673912,28030.962317529236
2025-06-05 16:00:00,4415.977970343126,28240.312705932778,27815.507011356436
2025-06-05 20:00:00,4372.132493441396,27524.508123671763,27026.197001623095
2025-06-06 00:00:00,4372.132493441396,27399.44304350968,26624.17612665406
2025-06-06 04:00:00,4372.132493441396,27700.52564389988,27058.49404532378
2025-06-06 08:00:00,4372.132493441396,27912.981878841892,27203.57151219684
2025-06-06 12:00:00,4372.132493441396,28156.627183157656,27492.681701416874
2025-06-06 16:00:00,4372.132493441396,28504.95659160909,27878.73938555925
2025-06-06 20:00:00,4372.132493441396,28273.045788641866,27576.077410391787
2025-06-07 00:00:00,4372.132493441396,28292.500356667082,27445.372959599285
2025-06-07 04:00:00,4372.132493441396,28437.63761018851,27663.440465776097
2025-06-07 08:00:00,4372.132493441396,28439.181623523848,27961.822625772875
2025-06-07 12:00:00,4372.132493441396,28510.82384228336,27896.497487795546
2025-06-07 16:00:00,4363.3882284545125,28620.139986425034,27921.02059488481
2025-06-07 20:00:00,4365.872725219271,28668.9308078216,27888.55769791395
2025-06-08 00:00:00,4363.592649074398,28624.154421096904,27839.198485175184
2025-06-08 04:00:00,4362.680618616449,28606.243866407025,27783.379727785188
2025-06-08 08:00:00,4362.035907430657,28593.582957057282,27743.24293903587
2025-06-08 12:00:00,4365.8255512300675,28668.004399820402,27801.31401773385
2025-06-08 16:00:00,4369.75671699709,28745.205066587117,27936.525749680302
2025-06-08 20:00:00,4364.767881647424,28819.008904016104,28342.241737810713
2025-06-09 00:00:00,4336.888153488897,28647.31462112692,28050.055079425365
2025-06-09 04:00:00,4324.336834633194,28605.62626107289,27907.80340024037
2025-06-09 08:00:00,4314.69632849804,28557.761847677528,27807.2742447625
2025-06-09 12:00:00,4381.716205141658,29162.088667127402,28547.6492309942
2025-06-09 16:00:00,4368.742529220263,29108.357003057765,28458.20029400833
2025-06-09 20:00:00,4412.917705321282,29360.6487820514,28667.209732454834
2025-06-10 00:00:00,4541.816002296217,29804.707017293567,29485.119659029515
2025-06-10 04:00:00,4527.477056572456,29685.509187805754,29295.20354913547
2025-06-10 08:00:00,4514.693900349161,29618.190206385174,29211.991328681004
2025-06-10 12:00:00,4579.6229932824035,29603.985283700098,29502.27943117971
2025-06-10 16:00:00,4526.416796401166,29476.14097953441,29144.810944307384
2025-06-10 20:00:00,4605.9422125793535,29593.485993019825,29775.363203496505
2025-06-11 00:00:00,4648.87832914948,29777.223579924615,30014.36215061467
2025-06-11 04:00:00,4650.659657746477,29675.318699792548,30141.164126718188
2025-06-11 08:00:00,4647.494050578166,29598.426835692895,30118.230396274284
2025-06-11 12:00:00,4604.655030331691,29505.477232905767,29802.036681652644
2025-06-11 16:00:00,4669.652706889764,29499.91878489856,30120.110767722108
2025-06-11 20:00:00,4585.48570041472,29243.612571233054,29518.038257307715
2025-06-12 00:00:00,4526.971507538556,29159.927048457932,29225.927908939084
2025-06-12 04:00:00,4501.675029928214,28928.633850824845,29025.35127445351
2025-06-12 08:00:00,4487.9293019725155,28841.860301379053,28831.28033640352
2025-06-12 12:00:00,4473.348553159695,28493.839695594685,28506.502295960738
2025-06-12 16:00:00,4469.36614599496,28558.070650344594,28442.86632862773
2025-06-12 20:00:00,4447.158059743694,28509.279828948027,28200.907129245687
2025-06-13 00:00:00,4447.158059743694,28142.731063139647,27725.215336484187
2025-06-13 04:00:00,4447.158059743694,27945.097356216847,26868.935194977363
2025-06-13 08:00:00,4447.158059743694,28106.601151092822,26964.977032540373
2025-06-13 12:00:00,4447.158059743694,28219.314124572233,27110.201978605204
2025-06-13 16:00:00,4447.158059743694,28204.182793885953,27206.590895348665
2025-06-13 20:00:00,4447.158059743694,28128.834943121637,26971.938957004386
2025-06-14 00:00:00,4447.158059743694,28385.141156787144,27440.035322510943
2025-06-14 04:00:00,4447.158059743694,28162.803236498992,27155.758301880844
2025-06-14 08:00:00,4447.158059743694,28135.010996462974,27078.080328665543
2025-06-14 12:00:00,4447.158059743694,28127.290929786304,27044.33328185002
2025-06-14 16:00:00,4447.158059743694,28063.36877770346,26864.958494807885
2025-06-14 20:00:00,4447.158059743694,28012.416337637424,26736.87957377646
2025-06-15 00:00:00,4447.158059743694,28214.68208456623,26947.961456406636
2025-06-15 04:00:00,4447.158059743694,28238.45988993038,27061.72480782244
2025-06-15 08:00:00,4447.158059743694,28226.41658591477,27068.1615724188
2025-06-15 12:00:00,4447.158059743694,28084.98496439814,27042.77614710558
2025-06-15 16:00:00,4447.158059743694,28231.048625920772,27556.63596966043
2025-06-15 20:00:00,4447.158059743694,28155.700775156456,27659.002055453413
2025-06-16 00:00:00,4447.158059743694,28270.8841699724,27805.70402371358
2025-06-16 04:00:00,4438.263743624207,28381.744327449407,28136.431384219133
2025-06-16 08:00:00,4439.141160211397,28572.27557302967,28367.129856188567
2025-06-16 12:00:00,4429.945016457175,28526.263975636706,28267.488592691465
2025-06-16 16:00:00,4430.145706953878,28677.268479832408,28350.14092844587
2025-06-16 20:00:00,4479.481482888059,29045.978864310255,28652.32710723808
2025-06-17 00:00:00,4307.19025218634,28557.761847677528,27651.06600946057
2025-06-17 04:00:00,4317.157465582111,28749.837106593124,28041.538969967867
2025-06-17 08:00:00,4296.737722030272,28527.499186304973,27864.40219421967
2025-06-17 12:00:00,4296.737722030272,28212.211663229693,27500.30334708336
2025-06-17 16:00:00,4296.737722030272,27919.15793218323,27101.745742757106
2025-06-17 20:00:00,4296.737722030272,28156.935985824723,27423.420044102655
2025-06-18 00:00:00,4296.737722030272,28125.129311116834,27263.852743167863
2025-06-18 04:00:00,4296.737722030272,28250.503193945984,27379.90105203843
2025-06-18 08:00:00,4296.737722030272,28161.25922316366,27289.693417545335
2025-06-18 12:00:00,4296.737722030272,28146.43669514445,27127.808947546277
2025-06-18 16:00:00,4296.737722030272,28082.514543061607,27007.498035103097
2025-06-18 20:00:00,4296.737722030272,27942.009329546177,26909.104852406825
2025-06-19 00:00:00,4296.737722030272,28242.474324602248,27216.11983565214
2025-06-19 04:00:00,4296.737722030272,28306.705279352158,27265.73666758946
2025-06-19 08:00:00,4296.737722030272,28193.68350320568,27083.411155082995
2025-06-19 12:00:00,4296.737722030272,28190.286673867944,27080.209526509876
2025-06-19 16:00:00,4296.737722030272,28054.72230302559,26817.531165835273
2025-06-19 20:00:00,4296.737722030272,28002.84345495835,26990.043332717694
2025-06-20 00:00:00,4296.737722030272,28073.2504630496,27159.444156101927
2025-06-20 04:00:00,4296.737722030272,28014.88675897396,26946.09437222984
2025-06-20 08:00:00,4296.737722030272,28377.42109011047,27338.07859136303
2025-06-20 12:00:00,4296.737722030272,28410.462975486626,27414.27154308976
2025-06-20 16:00:00,4296.737722030272,27942.62693488031,26657.69879539338
2025-06-20 20:00:00,4296.737722030272,27715.039369252023,26188.458948545638
2025-06-21 00:00:00,4296.737722030272,27702.68726256935,26176.723695102803
2025-06-21 04:00:00,4296.737722030272,27754.566110636584,26316.595160010373
2025-06-21 08:00:00,4296.737722030272,27752.09568930005,26299.364390449184
2025-06-21 12:00:00,4296.737722030272,27862.02943877586,26494.97590936259
2025-06-21 16:00:00,4296.737722030272,27774.947086663,26260.210542155335
2025-06-21 20:00:00,4296.737722030272,27415.19197953009,25800.243454576063
2025-06-22 00:00:00,4296.737722030272,27400.36945151088,25507.786151899512
2025-06-22 04:00:00,4296.737722030272,27467.997235598523,25442.319551688634
2025-06-22 08:00:00,4296.737722030272,27482.819763617736,25428.6046935532
2025-06-22 12:00:00,4296.737722030272,27537.78663835564,25276.92223311781
2025-06-22 16:00:00,4296.737722030272,26483.22553032226,24317.54410841249
2025-06-22 20:00:00,4296.737722030272,26517.502626366684,24420.780488183667
2025-06-23 00:00:00,4296.737722030272,27113.182971138685,24945.38603511166
2025-06-23 04:00:00,4296.737722030272,27184.207584564065,25107.7781382392
2025-06-23 08:00:00,4296.737722030272,27388.32614749527,25361.214638202488
2025-06-23 12:00:00,4296.737722030272,27262.025856664917,25313.51825784104
2025-06-23 16:00:00,4296.737722030272,27169.385056544856,25132.81857241119
2025-06-23 20:00:00,4296.737722030272,27545.50670503231,25912.44646607052
2025-06-24 00:00:00,4279.5507711421515,28076.338489720267,26651.331511603523
2025-06-24 04:00:00,4259.108006497709,27945.71496155098,26453.273312497116
2025-06-24 08:00:00,4270.204871101063,27980.918465596606,26551.31429891414
2025-06-24 12:00:00,4274.527301735765,28000.373033621818,26607.22098289497
2025-06-24 16:00:00,4274.213923907641,28016.73957497636,26642.49704740507
2025-06-24 20:00:00,4268.967990355651,28100.733900418552,26567.94039385659
2025-06-25 00:00:00,4290.503817509816,28238.15108726331,26857.535954843483
2025-06-25 04:00:00,4288.218110512611,28283.236276655076,26839.570706843762
2025-06-25 08:00:00,4311.880988969958,28397.18446080275,27043.332517151102
2025-06-25 12:00:00,4301.323445460948,28551.894597003255,26989.112897253442
2025-06-25 16:00:00,4254.083498211156,28462.033020886796,26652.12485220307
2025-06-25 20:00:00,4274.252316707749,28557.453045010458,26758.412784453387
2025-06-26 00:00:00,4241.430699030082,28392.552420796746,26541.804678062676
2025-06-26 04:00:00,4308.697586946226,28510.515039616294,26889.389658966356
2025-06-26 08:00:00,4294.1959041304945,28450.60732220532,26770.77585086081
2025-06-26 12:00:00,4253.396443535682,28348.08483673912,26552.892507708064
2025-06-26 16:00:00,4230.704576335331,28290.338737997612,26423.08960707808
2025-06-26 20:00:00,4230.2073761967495,28379.273906112874,26387.128075011777
2025-06-27 00:00:00,4177.0064974012,28256.98804995439,26038.274238701262
2025-06-27 04:00:00,4201.675811766781,28391.626012795547,26337.549341531296
2025-06-27 08:00:00,4169.8222505305,28187.507449864344,26151.087482386847
2025-06-27 12:00:00,4169.8222505305,28221.784545908766,26336.900060713906
2025-06-27 16:00:00,4169.8222505305,28293.117962001215,26477.169836862508
2025-06-27 20:00:00,4169.8222505305,28202.329977883554,26267.55581946732
2025-06-28 00:00:00,4169.8222505305,28243.400732603448,26313.429709213455
2025-06-28 04:00:00,4169.8222505305,28314.425346028827,26460.6529746686
2025-06-28 08:00:00,4169.8222505305,28354.569692747522,26802.827058445368
2025-06-28 12:00:00,4169.8222505305,28327.395058045637,26824.560983663046
2025-06-28 16:00:00,4169.8222505305,28345.305612735516,26942.480285593418
2025-06-28 20:00:00,4161.48260602944,28273.045788641866,27155.645917989677
2025-06-29 00:00:00,4161.48260602944,28301.14683134495,27170.51883554346
2025-06-29 04:00:00,4150.89875260929,28277.060223313736,27039.617715327513
2025-06-29 08:00:00,4157.486661370812,28326.777452711503,27142.044709702357
2025-06-29 12:00:00,4161.135546356003,28601.92062906809,27385.555785274795
2025-06-29 16:00:00,4145.0103617949235,28412.31579148903,27219.442158570426
2025-06-29 20:00:00,4135.115580393045,28314.11654336176,27218.983947781846
2025-06-30 00:00:00,4145.599505498748,28549.42417566672,27575.702656335598
2025-06-30 04:00:00,4125.226907473594,28619.831183757968,27466.70084428503
2025-06-30 08:00:00,4080.9658210101356,28352.408074078056,27223.380856395655
2025-06-30 12:00:00,4058.029839266114,28373.4066554386,27175.610817396504
2025-06-30 16:00:00,4121.532959787013,28233.827849924375,27801.505706479264
2025-06-30 20:00:00,4110.918678707309,28252.356009948388,27832.354513024344
2025-07-01 00:00:00,4066.4377647678634,28076.956095054404,27450.155218226042
2025-07-01 04:00:00,4056.2216359241725,28089.308201737076,27348.480360875135
2025-07-01 08:00:00,3995.469057661669,28099.807492417352,26975.09108520439
2025-07-01 12:00:00,3995.469057661669,27878.087177463334,26714.61836882901
2025-07-01 16:00:00,3995.469057661669,27803.048129366085,26561.137672155484
2025-07-01 20:00:00,3995.469057661669,27619.310542461295,26294.693612995085
2025-07-02 00:00:00,3995.469057661669,27656.984467843453,26403.829365911126
2025-07-02 04:00:00,3995.469057661669,27811.07699870982,26705.22979214332
2025-07-02 08:00:00,3995.469057661669,28104.439532423356,26882.330028100074
2025-07-02 12:00:00,3995.469057661669,28261.311287293327,26915.71807427534
2025-07-02 16:00:00,3995.469057661669,28502.794972939624,27273.35165751033
2025-07-02 20:00:00,3979.487181431022,28709.69275987443,27604.772055974772
2025-07-03 00:00:00,3952.9249400946446,28493.530892927618,27442.416163992722
2025-07-03 04:00:00,3947.202711427093,28458.63619154906,27540.331411947118
2025-07-03 08:00:00,3973.658442360017,28613.963933083698,27829.960241744764
2025-07-03 12:00:00,3978.099585093706,28727.912117231375,27779.209880449493
2025-07-03 16:00:00,3965.8618509696407,28680.047703836008,27361.80028312931
2025-07-03 20:00:00,3985.164926208203,28878.916621427077,27631.917505523714
2025-07-04 00:00:00,3980.003930353784,28775.467727959673,27612.223531533513
2025-07-04 04:00:00,3969.18998254269,28676.342071831205,27505.665999130943
2025-07-04 08:00:00,3939.646602671588,28531.204818309776,27256.22742201941
2025-07-04 12:00:00,3950.1264325494067,28594.509365058486,27288.002672520583
2025-07-04 16:00:00,3900.367385242669,28224.56376991237,26747.324183341523
2025-07-04 20:00:00,3882.891718934189,28201.403569882354,26728.571422299567
2025-07-05 00:00:00,3882.891718934189,28343.14399406605,26899.69957450011
2025-07-05 04:00:00,3882.891718934189,28387.611578123677,26938.16487472952
2025-07-05 08:00:00,3882.891718934189,28358.275324752325,26937.757883585622
2025-07-05 12:00:00,3882.891718934189,28374.950668773938,26983.233390384798
2025-07-05 16:00:00,3882.891718934189,28372.789050104468,26868.473493940917
2025-07-05 20:00:00,3882.891718934189,28389.155591459014,26841.721920879187
2025-07-06 00:00:00,3882.891718934189,28403.669316811156,26930.52667562454
2025-07-06 04:00:00,3882.891718934189,28364.45137809366,26872.00932589844
2025-07-06 08:00:00,3882.891718934189,28356.731311416992,26939.918362020948
2025-07-06 12:00:00,3882.891718934189,28357.657719418192,26946.745575870944
2025-07-06 16:00:00,3882.891718934189,28577.525218369807,27410.697703107107
2025-07-06 20:00:00,3882.891718934189,28475.62033823774,27327.151123883013
2025-07-07 00:00:00,3882.891718934189,28633.41850110891,27467.445937015782
2025-07-07 04:00:00,3882.891718934189,28712.780786545096,27526.03848028472
2025-07-07 08:00:00,3875.1259354963204,28675.106861162938,27588.975124212375
2025-07-07 12:00:00,3881.3120616802535,28610.875906413028,27623.238173067526
2025-07-07 16:00:00,3865.6471937628758,28511.75025028456,27374.27831221591
2025-07-07 20:00:00,3841.9706937799324,28484.884418249745,27200.126301359014
2025-07-08 00:00:00,3841.9706937799324,28483.03160224734,27152.153659232354
2025-07-08 04:00:00,3841.9706937799324,28366.921799430198,27075.40018338917
2025-07-08 08:00:00,3841.9706937799324,28496.92772226535,27222.77298816564
2025-07-08 12:00:00,3834.2867523923724,28656.887503805992,27518.419192677196
2025-07-08 16:00:00,3830.7913507695002,28571.0403623614,27365.73966722766
2025-07-08 20:00:00,3851.297706957017,28653.18187180119,27592.337114746995
2025-07-09 00:00:00,3853.569718011884,28702.59029853189,27610.446636982844
2025-07-09 04:00:00,3843.840850161556,28595.12697039262,27557.344708701512
2025-07-09 08:00:00,3852.316138592169,28682.209322505478,27777.319378111635
2025-07-09 12:00:00,3855.7363104320057,28814.3768640101,27923.817865834928
2025-07-09 16:00:00,3866.7020043871967,28768.674069284203,27942.697606482063
2025-07-09 20:00:00,3973.1553497087116,29435.070224814517,28599.76067415167
2025-07-10 00:00:00,3964.3606264019136,29270.169600600806,28515.507846438075
2025-07-10 04:00:00,3968.066956976003,29231.878069884515,28536.11920180128
2025-07-10 08:00:00,3982.915194130803,29277.580864610412,28628.127465678688
2025-07-10 12:00:00,3979.795085926453,29291.168181961355,28621.779481322257
2025-07-10 16:00:00,3979.251836338979,29449.58395016666,28600.48332702172
2025-07-10 20:00:00,4042.5574834848335,29910.626332097505,29064.92688655795
2025-07-11 00:00:00,4168.515720148907,30509.703506207243,29859.64015154826
2025-07-11 04:00:00,4207.984344199822,30847.84242664547,30126.778060680866
2025-07-11 08:00:00,4189.026206405186,30923.499080076854,29936.637869754944
2025-07-11 12:00:00,4207.1259585518055,31022.315933538255,30056.622112597695
2025-07-11 16:00:00,4169.155337458791,30807.080474592643,29797.77300254581
2025-07-11 20:00:00,4232.419048101368,31124.220813670323,30215.572930778246
2025-07-12 00:00:00,4173.514975542315,30886.44276002883,29838.701465143316
2025-07-12 04:00:00,4185.345506864005,30954.379346783542,29925.648192631492
2025-07-12 08:00:00,4178.8637352218275,30920.411053406187,29878.500176287314
2025-07-12 12:00:00,4167.394444163097,30963.64342679555,29741.043937942282
2025-07-12 16:00:00,4091.8936513133995,30709.498831799512,29233.437283802523
2025-07-12 20:00:00,4110.011988964153,30846.298413310134,29562.51723124113
2025-07-13 00:00:00,4113.422304599115,30845.680807976,29579.45917249743
2025-07-13 04:00:00,4120.559572035216,30908.05894672351,29649.29215891404
2025-07-13 08:00:00,4131.068092250482,31003.787773514243,29857.924871667296
2025-07-13 12:00:00,4129.611674907618,31003.787773514243,29782.07043951615
2025-07-13 16:00:00,4145.887607800622,31099.516600304974,29827.596658611103
2025-07-13 20:00:00,4151.031154751089,31204.509507107712,29923.727520938166
2025-07-14 00:00:00,4155.771587108651,31402.14321403051,29903.929891569132
2025-07-14 04:00:00,4193.230264866132,31744.914174474743,30644.210926852964
2025-07-14 08:00:00,4197.757030457789,32090.77316158964,30671.59676786222
2025-07-14 12:00:00,4216.647207846839,32032.100654846938,30761.60270017616
2025-07-14 16:00:00,4164.756481915418,31664.625481037354,30367.814221961868
2025-07-14 20:00:00,4161.9234792234065,31692.417721073372,30379.304965624488
2025-07-15 00:00:00,4153.797176579006,31686.241667732036,30225.534855927763
2025-07-15 04:00:00,4041.0616685953787,30957.467373454212,29577.318012221313
2025-07-15 08:00:00,4041.0616685953787,30830.858279956792,29610.5844441386
2025-07-15 12:00:00,4041.0616685953787,30982.17158681956,29739.078152922673
2025-07-15 16:00:00,4032.979545258188,30926.587106747524,29943.496674983773
2025-07-15 20:00:00,4035.297287965676,30975.995533478224,29967.045169114215
2025-07-16 00:00:00,4078.098269963952,31312.590440581116,30562.834913635328
2025-07-16 04:00:00,4067.591169690007,31229.21372047306,30359.107834691553
2025-07-16 08:00:00,4087.5237569744027,31408.319267371848,30612.29477446468
2025-07-16 12:00:00,4076.4701760285416,31605.952974294647,30951.430929281967
2025-07-16 16:00:00,4125.613173606936,31618.305080977323,31204.092422177277
2025-07-16 20:00:00,4232.347476035879,31636.833241001335,31941.736434723043
2025-07-17 00:00:00,4224.887286876605,31485.519934138567,31846.82128009607
2025-07-17 04:00:00,4174.0452829359765,31386.70308067717,31356.578530679533
2025-07-17 08:00:00,4272.54053221878,31519.488227515925,32070.434464852064
2025-07-17 12:00:00,4288.529001461185,31470.079800785225,32278.002208086928
2025-07-17 16:00:00,4259.964981032838,31658.449427696018,32079.180005841263
2025-07-17 20:00:00,4245.740688159625,31670.801534378694,31957.25629837039
2025-07-18 00:00:00,4292.428466289326,31689.329694402706,32286.239465850704
2025-07-18 04:00:00,4373.157238387287,31930.195774714866,32961.617671631524
2025-07-18 08:00:00,4367.751746944625,31673.88956104936,32907.60194265678
2025-07-18 12:00:00,4346.761966155997,31618.305080977323,32650.877673064817
2025-07-18 16:00:00,4290.413967518376,31257.00596050908,32319.406729255454
2025-07-18 20:00:00,4290.267828783704,31182.89332041303,32314.279490814428
2025-07-19 00:00:00,4289.260474342094,31324.942547263792,32371.90137946729
2025-07-19 04:00:00,4312.489549084292,31433.0234807372,32499.733916486854
2025-07-19 08:00:00,4298.955769941144,31392.879134018505,32412.478714756297
2025-07-19 12:00:00,4287.329784718942,31426.84742739586,32360.760480130975
2025-07-19 16:00:00,4291.821368034523,31346.558733958474,32393.60288385984
2025-07-19 20:00:00,4301.127231640139,31337.29465394647,32399.748486073884
2025-07-20 00:00:00,4308.140200328111,31309.50241391045,32411.06962060421
2025-07-20 04:00:00,4345.49236697034,31318.766493922456,32594.985762889348
2025-07-20 08:00:00,4348.74544193283,31337.29465394647,32610.26328956394
2025-07-20 12:00:00,4405.151126816145,31281.71017387443,32925.034364750914
2025-07-20 16:00:00,4430.840747920511,31488.607960809237,33188.43181462382
2025-07-20 20:00:00,4414.437327271575,31331.11860060513,33088.337754702545
2025-07-21 00:00:00,4414.057940263965,31124.220813670323,32973.16059869762
2025-07-21 04:00:00,4460.106465255305,31445.375587419872,33617.15187246696
2025-07-21 08:00:00,4493.139315570848,31643.009294342675,33990.82877736096
2025-07-21 12:00:00,4508.356586903114,31241.565827155737,33979.41375095151
2025-07-21 16:00:00,4544.0047843089615,31219.949640461055,34424.82137851535
2025-07-21 20:00:00,4497.179244890414,30849.386439980804,34018.11908196852
2025-07-22 00:00:00,4517.7634066801165,31003.787773514243,34212.549128966
2025-07-22 04:00:00,4539.373100541283,30975.995533478224,34584.65427875621
2025-07-22 08:00:00,4490.404312997473,31182.89332041303,34392.75461931426
2025-07-22 12:00:00,4503.767674711388,31445.375587419872,34672.83768097953
2025-07-22 16:00:00,4512.107928830712,31266.270040521085,34709.51110822923
2025-07-22 20:00:00,4488.603576312619,31346.558733958474,34389.933680219336
2025-07-23 00:00:00,4543.857759853134,31559.632574234616,35225.608340351864
2025-07-23 04:00:00,4510.591518990835,31216.861613790385,34693.30935835166
2025-07-23 08:00:00,4493.816235137197,31127.308840340993,34387.15286748018
2025-07-23 12:00:00,4479.220790428381,31219.949640461055,34251.10682756649
2025-07-23 16:00:00,4438.1829491367125,31189.069373754366,33708.91281345523
2025-07-23 20:00:00,4389.6669327196905,31062.46028025695,33111.91120036771
2025-07-24 00:00:00,4389.6669327196905,31161.277133718348,33312.28675356862
2025-07-24 04:00:00,4389.6669327196905,31090.25252029297,33359.96950452565
2025-07-24 08:00:00,4389.6669327196905,31096.428573634304,32771.46872564353
2025-07-24 12:00:00,4389.6669327196905,31155.10108037701,33098.90878138327
2025-07-24 16:00:00,4389.6669327196905,31275.53412053309,33440.731039808925
2025-07-24 20:00:00,4389.6669327196905,31257.00596050908,33398.795812358265
2025-07-25 00:00:00,4389.6669327196905,31080.988440280962,32810.738844465355
2025-07-25 04:00:00,4389.6669327196905,30357.77259401034,31950.886860158258
2025-07-25 08:00:00,4389.6669327196905,30312.687404618577,31948.147942948715
2025-07-25 12:00:00,4389.6669327196905,30710.116437133645,32612.739731804235
2025-07-25 16:00:00,4389.6669327196905,30478.20563416642,32116.03376575749
2025-07-25 20:00:00,4389.6669327196905,30683.250605098827,32538.640864285775
2025-07-26 00:00:00,4389.6669327196905,30920.411053406187,33164.60134318496
2025-07-26 04:00:00,4389.6669327196905,30889.5307866995,33094.67831708523
2025-07-26 08:00:00,4389.6669327196905,30851.548058650274,33144.36393659965
2025-07-26 12:00:00,4389.6669327196905,30979.08356014889,33311.18812733828
2025-07-26 16:00:00,4389.6669327196905,31065.548306927616,33334.63852277721
2025-07-26 20:00:00,4380.887598854251,31084.07646695163,33223.26576107039
2025-07-27 00:00:00,4377.680586462635,31003.787773514243,33041.64776848738
2025-07-27 04:00:00,4390.096305864466,31077.900413610292,33335.986093780244
2025-07-27 08:00:00,4387.759768264859,31056.28422691561,33314.01515639016
2025-07-27 12:00:00,4405.76485212065,31040.844093562268,33353.83523864537
2025-07-27 16:00:00,4407.643245092883,31173.629240401024,33347.23416660321
2025-07-27 20:00:00,4409.521638065116,31244.653853826407,33406.57697810665
2025-07-28 00:00:00,4409.392108282829,31368.174920653153,33629.54866142488
2025-07-28 04:00:00,4449.790323249743,31334.2066272758,34114.25946150352
2025-07-28 08:00:00,4470.356640305265,31423.759400725194,34216.76827572566
2025-07-28 12:00:00,4475.129844523519,31494.784014150573,34262.62663261586
2025-07-28 16:00:00,4416.903683818044,31436.111507407866,33759.044968150156
2025-07-28 20:00:00,4403.298998222726,31451.551640761212,33592.2991889723
2025-07-29 00:00:00,4374.830341940468,31436.111507407866,33366.0615488856
2025-07-29 04:00:00,4383.656756512846,31639.921267672005,33571.30127121354
2025-07-29 08:00:00,4426.288203851187,31760.354307828085,33952.22802119306
2025-07-29 12:00:00,4405.562110435543,31723.29798778006,33594.771485850695
2025-07-29 16:00:00,4359.535275435439,31433.0234807372,33232.54135783705
2025-07-29 20:00:00,4358.678729745623,31414.495320713188,33214.90330466218
2025-07-30 00:00:00,4363.675246269544,31522.57625418659,33325.589739278934
2025-07-30 04:00:00,4365.245580034205,31556.54454756395,33372.15113863145
2025-07-30 08:00:00,4365.388337649174,31559.632574234616,33278.8962981418
2025-07-30 12:00:00,4361.391124430038,31473.16782745589,32890.76535276795
2025-07-30 16:00:00,4374.5248250072,31757.266281157416,33350.14367997185
2025-07-30 20:00:00,4367.244186643773,31599.77692095331,33034.17000543159
2025-07-31 00:00:00,4377.665492536522,31825.20286791213,33326.64320599006
2025-07-31 04:00:00,4377.173543336323,32004.308414810916,33718.72728429698
2025-07-31 08:00:00,4373.14664619691,31982.692228116237,33747.708661011464
2025-07-31 12:00:00,4360.551179252776,31908.579588020188,33639.08449869897
2025-07-31 16:00:00,4337.729139092656,31951.81196140955,33295.57913540055
2025-07-31 20:00:00,4312.264035734457,31590.512840941305,32932.9119053099
2025-08-01 00:00:00,4312.264035734457,31303.32636056911,32473.26563752756
2025-08-01 04:00:00,4312.264035734457,31281.71017387443,32376.921295823664
2025-08-01 08:00:00,4312.264035734457,31114.956733658317,32064.33793764098
2025-08-01 12:00:00,4312.264035734457,31213.77358711972,32095.07452746701
2025-08-01 16:00:00,4312.264035734457,30833.32870129333,31597.67152372154
2025-08-01 20:00:00,4312.264035734457,30245.677225865064,31030.30524592976
2025-08-02 00:00:00,4312.264035734457,30214.179353824242,30615.678573794627
2025-08-02 04:00:00,4312.264035734457,30382.785610042756,30875.25548825618
2025-08-02 08:00:00,4312.264035734457,30426.01798343212,30901.871354085473
2025-08-02 12:00:00,4312.264035734457,30374.44793803195,30869.62462275382
2025-08-02 16:00:00,4312.264035734457,30115.053697695777,30415.44521704605
2025-08-02 20:00:00,4312.264035734457,29941.506598804193,29864.00032125877
2025-08-03 00:00:00,4312.264035734457,30024.574516245182,29997.90774418941
2025-08-03 04:00:00,4312.264035734457,30300.3352979359,30397.89217209141
2025-08-03 08:00:00,4312.264035734457,30355.919778007938,30498.65589800344
2025-08-03 12:00:00,4312.264035734457,30429.106010102787,30598.406943012487
2025-08-03 16:00:00,4312.264035734457,30441.76691945253,30637.128781700198
2025-08-03 20:00:00,4312.264035734457,30534.098916905525,30647.270587698302
2025-08-04 00:00:00,4312.264035734457,30466.77993548495,30640.788883461526
2025-08-04 04:00:00,4312.264035734457,30574.552066291286,30891.412478506492
2025-08-04 08:00:00,4312.264035734457,30632.60696769986,30908.56175098158
2025-08-04 12:00:00,4312.264035734457,30573.31685562302,30814.089465202218
2025-08-04 16:00:00,4312.264035734457,30670.280893082017,31279.972066835737
2025-08-04 20:00:00,4312.264035734457,30640.32703437653,31286.976238146643
2025-08-05 00:00:00,4295.0149795915195,30685.412223768293,31732.066676052862
2025-08-05 04:00:00,4260.432770978496,30537.49574624326,31473.185980949434
2025-08-05 08:00:00,4234.039927321825,30483.455279506557,31262.719943171178
2025-08-05 12:00:00,4291.276147776039,30735.438255833127,31903.940308460198
2025-08-05 16:00:00,4135.6872020434785,30131.111436383253,30790.706280374347
2025-08-05 20:00:00,4137.789676235945,30338.935631319262,30776.348822849206
2025-08-06 00:00:00,4152.238594622466,30451.030999464536,30971.284258036627
2025-08-06 04:00:00,4141.234155232112,30265.749399224413,30674.164344371333
2025-08-06 08:00:00,4162.706232091338,30464.927119482545,31047.564240865446
2025-08-06 12:00:00,4152.193861129009,30409.342639410508,30957.230826495208
2025-08-06 16:00:00,4164.450838336151,30614.387610342914,31475.48930680171
2025-08-06 20:00:00,4170.445126459352,30545.215812919934,31438.674738786867
2025-08-07 00:00:00,4169.4609896033035,30460.60388214361,31324.97428308375
2025-08-07 04:00:00,4159.619621042824,30336.465209982725,31119.751986365318
2025-08-07 08:00:00,4174.381673883543,30348.8173166654,31460.09740718333
2025-08-07 12:00:00,4210.771518928618,30904.97092005284,32165.02823028851
2025-08-07 16:00:00,4199.805849092002,30972.907506807554,31977.840621200463
2025-08-07 20:00:00,4226.716245887499,31142.748973694335,32183.350880805185
2025-08-08 00:00:00,4261.576429845122,31074.812386939622,32508.126824295836
2025-08-08 04:00:00,4263.880506274966,30926.587106747524,32456.353602819352
2025-08-08 08:00:00,4275.4386928343965,30942.027240100866,32668.41317172163
2025-08-08 12:00:00,4288.359687480241,31019.227906867585,32783.50820909957
2025-08-08 16:00:00,4267.418330545475,30775.273799884755,32481.11671759975
2025-08-08 20:00:00,4342.086269683404,30878.72269335216,33002.67286548387
2025-08-09 00:00:00,4310.602838437859,30923.499080076854,32781.59052095163
2025-08-09 04:00:00,4324.880734190289,30852.165663984408,32830.33503517863
2025-08-09 08:00:00,4398.276422349614,30914.235000064848,33334.47897857952
2025-08-09 12:00:00,4407.355207971235,30982.17158681956,33373.66395883157
2025-08-09 16:00:00,4398.265965178241,30862.047349330547,33254.03526672417
2025-08-09 20:00:00,4431.744669721513,30790.713933238098,33502.203495142116
2025-08-10 00:00:00,4415.446745683685,30769.406549210486,33296.4169798782
2025-08-10 04:00:00,4462.951120855532,31263.18201385042,33855.65998426761
2025-08-10 08:00:00,4382.3154162809415,31053.196200244944,33128.7372599867
2025-08-10 12:00:00,4393.708074358852,31173.629240401024,33258.91923193558
2025-08-10 16:00:00,4427.217052806613,31306.41438723978,33509.837577219994
2025-08-10 20:00:00,4453.533845891954,31312.590440581116,33709.00122481065
2025-08-11 00:00:00,4472.950017915949,31571.984680917292,33848.88837272104
2025-08-11 04:00:00,4528.837135586709,32103.125268272317,34268.371926679974
2025-08-11 08:00:00,4507.97125461778,32137.09356164967,34083.50929481317
2025-08-11 12:00:00,4435.886810510712,31973.42814810423,33599.88544295765
2025-08-11 16:00:00,4495.787651676494,31976.516174774897,33968.41157685373
2025-08-11 20:00:00,4455.12665778917,31670.801534378694,33426.17677715559
2025-08-12 00:00:00,4435.380917072416,31547.280467551944,33141.53129381793
2025-08-12 04:00:00,4460.329794054585,31584.33678759997,33298.77414275589
2025-08-12 08:00:00,4473.647962738008,31621.393107647993,33390.392930459086
2025-08-12 12:00:00,4461.131248740099,31528.75230752793,33286.110845498304
2025-08-12 16:00:00,4530.7273165005045,31723.29798778006,34089.05448284743
2025-08-12 20:00:00,4534.3179696058005,31636.833241001335,34984.599787108586
2025-08-13 00:00:00,4571.23115057999,31732.562067792067,35188.93136218942
2025-08-13 04:00:00,4625.804820286368,31541.104414210604,35754.55356356199
2025-08-13 08:00:00,4618.260704369253,31519.488227515925,35766.92855751784
2025-08-13 12:00:00,4669.487671865698,31763.442334498755,36148.173190401765
2025-08-13 16:00:00,4640.305059014081,31856.083134618817,35831.02362633236
2025-08-13 20:00:00,4725.84816531588,32340.90332191381,36543.35887182103
2025-08-14 00:00:00,4713.730296524681,32359.431481937823,36405.40046265759
2025-08-14 04:00:00,4781.083135359713,32458.248335399225,37138.15451784813
2025-08-14 08:00:00,4753.955988139533,32158.709748344354,36894.26423975697
2025-08-14 12:00:00,4709.384707267001,31967.25209476289,36577.28513717615
2025-08-14 16:00:00,4621.069777999568,31358.910840641147,35509.950757623476
2025-08-14 20:00:00,4573.120398187578,31284.798200545098,35163.74652695215
2025-08-15 00:00:00,4574.4746885426075,31377.439000665163,35176.375242346636
2025-08-15 04:00:00,4625.338755236853,31541.104414210604,35591.44792355278
2025-08-15 08:00:00,4635.080105322897,31466.991774114555,35704.5639703802
2025-08-15 12:00:00,4612.280983859348,31473.16782745589,35430.82653021658
2025-08-15 16:00:00,4445.955839077914,30963.64342679555,34106.02207851168
2025-08-15 20:00:00,4445.955839077914,30892.61881337017,33865.39754360268
2025-08-16 00:00:00,4445.955839077914,31003.787773514243,34167.29743020551
2025-08-16 04:00:00,4445.955839077914,31028.49198687959,34311.84624437743
2025-08-16 08:00:00,4445.955839077914,31077.900413610292,34538.301901238534
2025-08-16 12:00:00,4445.955839077914,31031.58001355026,34125.77333682918
2025-08-16 16:00:00,4445.955839077914,31102.60462697564,34452.21409545729
2025-08-16 20:00:00,4445.955839077914,31114.956733658317,34485.8165043035
2025-08-17 00:00:00,4445.955839077914,31025.403960208925,34538.899884174156
2025-08-17 04:00:00,4445.955839077914,31047.020146903604,34939.620735805875
2025-08-17 08:00:00,4445.955839077914,31182.89332041303,34865.995779529185
2025-08-17 12:00:00,4445.955839077914,31272.446093862425,35178.14928871856
2025-08-17 16:00:00,4445.955839077914,31253.917933838413,35358.42876592534
2025-08-17 20:00:00,4445.955839077914,31022.315933538255,34703.19601641762
2025-08-18 00:00:00,4445.955839077914,30991.435666831567,34681.84303654662
2025-08-18 04:00:00,4445.955839077914,30468.015146153215,33531.70673526536
2025-08-18 08:00:00,4445.955839077914,30478.20563416642,33286.82460535405
2025-08-18 12:00:00,4445.955839077914,30425.400378097987,33377.03497340877
2025-08-18 16:00:00,4445.955839077914,30772.494575881152,33782.31885146718
2025-08-18 20:00:00,4445.955839077914,30817.27096260585,33797.58067813111
2025-08-19 00:00:00,4445.955839077914,30783.61147189556,33705.657475436674
2025-08-19 04:00:00,4445.955839077914,30434.664458109994,33074.86784513778
2025-08-19 08:00:00,4445.955839077914,30414.283482083578,33182.85576456658
2025-08-19 12:00:00,4445.955839077914,30543.054194250464,33553.169371333235
2025-08-19 16:00:00,4445.955839077914,30143.154740398862,32854.446694837505
2025-08-19 20:00:00,4445.955839077914,29987.826998864224,32639.684945299454
2025-08-20 00:00:00,4445.955839077914,29947.065046811396,32509.256941506257
2025-08-20 04:00:00,4445.955839077914,30141.919529730596,33090.86557574922
2025-08-20 08:00:00,4445.955839077914,30096.2167350047,33109.945257021755
2025-08-20 12:00:00,4445.955839077914,30149.639596407265,33125.99814840889
2025-08-20 16:00:00,4445.955839077914,30060.704428292007,33440.579729665435
2025-08-20 20:00:00,4445.955839077914,30281.49833524482,34049.84608424538
2025-08-21 00:00:00,4445.955839077914,30295.39445526283,34071.291276828226
2025-08-21 04:00:00,4445.955839077914,30213.56174849011,34066.090194072865
2025-08-21 08:00:00,4445.955839077914,30176.81423110915,33894.735101113474
2025-08-21 12:00:00,4445.955839077914,30004.811145552903,33546.32450915326
2025-08-21 16:00:00,4445.955839077914,30004.19354021877,33336.739964142456
2025-08-21 20:00:00,4445.955839077914,29842.07214000866,33112.53999481495
2025-08-22 00:00:00,4445.955839077914,29910.93513476457,33137.04570025883
2025-08-22 04:00:00,4445.955839077914,30077.997377647753,33457.37332588623
2025-08-22 08:00:00,4437.0639273997585,30109.80405235564,33736.48332608053
2025-08-22 12:00:00,4417.527547848587,29891.48056673936,33149.16281851863
2025-08-22 16:00:00,4502.230568416147,30683.86821043296,34987.41054498605
2025-08-22 20:00:00,4614.053390993696,30707.337213130042,35777.86781835311
2025-08-23 00:00:00,4607.985743497793,30644.3414690484,35790.293894222654
2025-08-23 04:00:00,4525.748376543696,30288.60079658736,35245.193071952184
2025-08-23 08:00:00,4584.9269077441,30338.31802598513,35935.781495948606
2025-08-23 12:00:00,4548.600019427506,30237.957159188394,35621.29442510132
2025-08-23 16:00:00,4566.510762974858,30093.74631366816,35676.58293603755
2025-08-23 20:00:00,4581.443203014543,30166.93254576301,35866.59926382144
2025-08-24 00:00:00,4587.847379318088,30238.26596185546,35913.43407805322
2025-08-24 04:00:00,4630.605087457539,30165.388532427678,36386.41020962859
2025-08-24 08:00:00,4600.565945771282,30120.920948370047,36086.71523963736
2025-08-24 12:00:00,4586.153036295447,30111.65686835804,35913.89274759863
2025-08-24 16:00:00,4611.2388400249665,30014.384028231976,36054.14068627649
2025-08-24 20:00:00,4614.509867642478,29608.308521039035,35903.96803740796
2025-08-25 00:00:00,4622.181913415636,29907.22950275977,36147.40902367793
2025-08-25 04:00:00,4630.43441928882,29796.36934528276,36358.39014968901
2025-08-25 08:00:00,4514.16166460474,29431.364592809714,35163.53575024886
2025-08-25 12:00:00,4500.018130190705,29341.503016693256,34925.569560393196
2025-08-25 16:00:00,4505.720862553344,29688.288411809357,35036.755701197515
2025-08-25 20:00:00,4398.530817601141,29447.113528830127,34327.0744437855
2025-08-26 00:00:00,4398.530817601141,29282.212904616415,33809.8827771589
2025-08-26 04:00:00,4398.530817601141,29199.144987175427,33775.244901044956
2025-08-26 08:00:00,4398.530817601141,29319.578027331507,34051.17622618562
2025-08-26 12:00:00,4398.530817601141,29122.56192574284,33814.467752016295
2025-08-26 16:00:00,4398.530817601141,29060.801392329464,34204.44952496891
2025-08-26 20:00:00,4398.530817601141,29489.419494218288,35095.31813855043
2025-08-27 00:00:00,4398.530817601141,29663.27539577694,35026.10269273572
2025-08-27 04:00:00,4398.530817601141,29598.73563835996,35628.14937724908
2025-08-27 08:00:00,4398.530817601141,29475.832176867345,35639.3940703416
2025-08-27 12:00:00,4398.530817601141,29670.686659786545,36039.06828641161
2025-08-27 16:00:00,4389.733755965939,29805.633425294767,36457.789935747205
2025-08-27 20:00:00,4370.167337738176,29750.97535322393,36028.59866511931
2025-08-28 00:00:00,4345.790841696087,29498.374771563227,35523.44131771977
2025-08-28 04:00:00,4381.091921248677,29706.81657183337,36128.28336320057
2025-08-28 08:00:00,4407.397487421403,30005.11994821997,36788.046609560086
2025-08-28 12:00:00,4399.652740666545,29900.4358440843,36702.56111447129
2025-08-28 16:00:00,4381.694707342867,29823.543979984646,36357.74666589884
2025-08-28 20:00:00,4358.46822564706,29572.796214326343,36026.67423666139
2025-08-29 00:00:00,4397.3249332353935,29759.93063056887,36596.269116642536
2025-08-29 04:00:00,4413.8753516424285,29585.457123676086,36866.45799093296
2025-08-29 08:00:00,4320.1062924386515,29103.416160384695,35705.99333947412
2025-08-29 12:00:00,4313.094992573702,29162.088667127402,35588.94900556154
2025-08-29 16:00:00,4288.147809333304,28639.28575178318,35015.7469732294
2025-08-29 20:00:00,4271.972903598354,28585.862890380613,34925.339857956686
2025-08-30 00:00:00,4271.972903598354,28646.079410458653,35163.89303486448
2025-08-30 04:00:00,4271.972903598354,28680.974111837208,35224.00512176992
2025-08-30 08:00:00,4271.972903598354,28699.81107452829,35216.297442283576
2025-08-30 12:00:00,4271.972903598354,28742.425842583518,35007.77138934078
2025-08-30 16:00:00,4271.972903598354,28795.23109865195,34851.48249861109
2025-08-30 20:00:00,4271.972903598354,28791.525466647152,34849.21645330018
2025-08-31 00:00:00,4271.972903598354,28786.584623974082,35019.77405813764
2025-08-31 04:00:00,4271.972903598354,28880.46063476241,35457.18220550537
2025-08-31 08:00:00,4271.972903598354,28738.720210578715,35156.03499880514
2025-08-31 12:00:00,4271.972903598354,28656.887503805992,35184.537796565535
2025-08-31 16:00:00,4271.972903598354,28763.424423944063,35311.636541419684
2025-08-31 20:00:00,4271.972903598354,28789.981453311815,35279.63307850443
2025-09-01 00:00:00,4271.972903598354,28591.421338387816,34694.85630526297
2025-09-01 04:00:00,4271.972903598354,28397.49326346982,34426.40435720539
2025-09-01 08:00:00,4271.972903598354,28826.728970692773,35059.41884861177
2025-09-01 12:00:00,4271.972903598354,28665.842781150932,34582.27164447706
2025-09-01 16:00:00,4271.972903598354,28718.64803721937,34497.613223440145
2025-09-01 20:00:00,4271.972903598354,28803.568770662758,34678.82055965271
2025-09-02 00:00:00,4271.972903598354,28789.67265064475,34341.44647720993
2025-09-02 04:00:00,4263.428957791157,29133.37001909018,34984.98745645104
2025-09-02 08:00:00,4268.047649545362,29227.863635212645,35151.24461642034
2025-09-02 12:00:00,4261.949768928699,29103.10735771763,35062.622191439375
2025-09-02 16:00:00,4275.594531496679,29382.264968746083,34928.567600733804
2025-09-02 20:00:00,4267.480186148556,29391.220246091023,35411.74469120274
2025-09-03 00:00:00,4303.04136038866,29522.461379594442,35934.79655221966
2025-09-03 04:00:00,4303.859710732413,29481.390624874548,35974.59648685196
2025-09-03 08:00:00,4299.85301119907,29482.00823020868,35882.58923200886
2025-09-03 12:00:00,4309.410808017429,29548.709606295128,36070.97597792554
2025-09-03 16:00:00,4318.9926532656755,29693.538057149493,36285.28698508036
2025-09-03 20:00:00,4307.79469474816,29723.49191585498,36240.745461906
2025-09-04 00:00:00,4295.854977905152,29592.25078235156,36201.76722140202
2025-09-04 04:00:00,4256.861047255861,29464.097675518806,35852.513276970836
2025-09-04 08:00:00,4220.966485543132,29284.374523285882,35604.6690011744
2025-09-04 12:00:00,4231.228698256327,29400.175523435963,35760.65315524059
2025-09-04 16:00:00,4180.204863743348,29029.303520288646,35154.18078690397
2025-09-04 20:00:00,4160.332399069696,29111.136227061364,34983.812819391394
2025-09-05 00:00:00,4160.332399069696,29336.870976687253,35099.870059220106
2025-09-05 04:00:00,4160.332399069696,29457.304016843333,35251.21959445747
2025-09-05 08:00:00,4152.011734271557,29877.275644054283,35932.29575297584
2025-09-05 12:00:00,4143.469074998896,29693.229254482427,35722.58682419052
2025-09-05 16:00:00,4107.702336623072,29097.240107043355,34895.77880870686
2025-09-05 20:00:00,4107.702336623072,29425.80614480251,35323.18523450806
2025-09-06 00:00:00,4107.702336623072,29183.087248487947,35024.92170787662
2025-09-06 04:00:00,4107.702336623072,29289.31536595895,35138.724238268245
2025-09-06 08:00:00,4107.702336623072,29222.61398987251,35010.15935399923
2025-09-06 12:00:00,4107.702336623072,29213.967515194636,34943.763408469495
2025-09-06 16:00:00,4107.702336623072,29107.73939772363,34748.28762685868
2025-09-06 20:00:00,4107.702336623072,29027.141901619176,34566.567553702414
2025-09-07 00:00:00,4107.702336623072,29063.580616333067,34651.53155415011
2025-09-07 04:00:00,4107.702336623072,29169.499931137005,34961.46344399279
2025-09-07 08:00:00,4107.702336623072,29197.60097384009,34981.48415906808
2025-09-07 12:00:00,4107.702336623072,29338.723792689652,35141.75444928119
2025-09-07 16:00:00,4107.702336623072,29343.664635362722,35227.259536255806
2025-09-07 20:00:00,4107.702336623072,29326.06288333991,35013.6067583269
2025-09-08 00:00:00,4107.702336623072,29305.37310464643,35357.95571904555
2025-09-08 04:00:00,4107.702336623072,29286.536141955352,35484.50565202742
2025-09-08 08:00:00,4107.702336623072,29293.32980063082,35430.720405237065
2025-09-08 12:00:00,4099.486931949826,29500.845192899764,36147.408681253655
2025-09-08 16:00:00,4102.110272979346,29609.234929040234,36291.458566606634
2025-09-08 20:00:00,4107.431907639229,29433.83501414625,36201.560755141894
2025-09-09 00:00:00,4094.98977589922,29406.660379444365,36021.05768552635
2025-09-09 04:00:00,4096.71368571862,29321.430843333907,36019.12392708601
2025-09-09 08:00:00,4120.012193212354,29702.493334494433,36700.74169147096
2025-09-09 12:00:00,4103.071250227433,29574.649030328746,36478.931171618315
2025-09-09 16:00:00,4053.3354562695285,29210.261883189833,35912.68639602047
2025-09-09 20:00:00,4076.34590472846,29367.44244072687,36330.37223809802
2025-09-10 00:00:00,4083.466401808586,29431.67339547678,36481.98066374663
2025-09-10 04:00:00,4094.2595763300387,29424.87973680131,36648.77614007993
2025-09-10 08:00:00,4106.641798478857,29692.61164914829,37066.093119540565
2025-09-10 12:00:00,4089.7298944881823,29629.924707733717,36834.2648610304
2025-09-10 16:00:00,4118.2502523577705,30017.472054902642,37336.64271636323
2025-09-10 20:00:00,4072.1254532532475,29966.210812169542,37029.6108638745
2025-09-11 00:00:00,4095.278455122245,30065.027665630943,37378.37170530872
2025-09-11 04:00:00,4095.6298470973916,30202.75365514277,37525.27692745715
2025-09-11 08:00:00,4097.751730407368,30130.185028382053,37470.33531657329
2025-09-11 12:00:00,4109.8787871121,30140.066713728193,37666.604860717925
2025-09-11 16:00:00,4102.959902955543,30074.29174564295,37684.44388687024
2025-09-11 20:00:00,4104.3125648727055,30112.274473692174,37672.04365935177
2025-09-12 00:00:00,4143.042581434134,30403.784191403305,38032.05897935342
2025-09-12 04:00:00,4195.561740645216,30341.406052655795,38696.53751065009
2025-09-12 08:00:00,4209.656013756905,30282.733545913088,38887.05656978529
2025-09-12 12:00:00,4224.187431133226,30289.52720458856,39100.4110455725
2025-09-12 16:00:00,4235.876900649837,30355.919778007938,39182.255911798
2025-09-12 20:00:00,4293.181907524713,30711.969253136045,39585.08078851552
2025-09-13 00:00:00,4304.826340128386,30530.084482233655,39681.72910870001
2025-09-13 04:00:00,4322.32600900743,30482.528871505358,39840.056494635515
2025-09-13 08:00:00,4301.672803753539,30446.7077621256,39666.47830778587
2025-09-13 12:00:00,4302.396818664684,30497.0425968575,39640.215038145165
2025-09-13 16:00:00,4257.722224311307,30394.211308724232,39225.73044869552
2025-09-13 20:00:00,4251.603987217839,30404.710599404505,39172.79629715448
2025-09-14 00:00:00,4281.508203337718,30434.046852775857,39533.43648647577
2025-09-14 04:00:00,4304.70471158267,30350.052527333668,39919.70745756592
2025-09-14 08:00:00,4292.036709820641,30388.961663384096,39881.1876967813
2025-09-14 12:00:00,4286.90911550964,30403.784191403305,39849.7426801987
2025-09-14 16:00:00,4246.028677008671,30234.869132517724,39462.493829964864
2025-09-14 20:00:00,4238.308559121799,30338.31802598513,39425.5897481377
2025-09-15 00:00:00,4227.890147604563,30361.78702868221,39286.33199668911
2025-09-15 04:00:00,4244.90438799602,30390.50567671943,39594.41994112597
2025-09-15 08:00:00,4214.69848985612,30487.469714178427,39115.96904385285
2025-09-15 12:00:00,4191.795223616395,30212.017735154775,38714.94459405643
2025-09-15 16:00:00,4191.795223616395,30137.905095058726,38303.823977255146
2025-09-15 20:00:00,4191.795223616395,30270.381439230416,38335.95929779246
2025-09-16 00:00:00,4191.795223616395,30290.144809922695,38538.77596710023
2025-09-16 04:00:00,4191.795223616395,30257.411727213606,38560.52307322091
2025-09-16 08:00:00,4191.795223616395,30337.700420650992,38607.85285879657
2025-09-16 12:00:00,4191.795223616395,30144.081148400062,38447.36798428099
2025-09-16 16:00:00,4191.795223616395,30234.25152718359,38573.5591909956
2025-09-16 20:00:00,4191.795223616395,30418.606719422514,38636.446759529965
2025-09-17 00:00:00,4191.795223616395,30395.4465193925,38536.89085579164
2025-09-17 04:00:00,4191.795223616395,30330.28915664139,38283.08903334418
2025-09-17 08:00:00,4183.411633169162,30571.464039620616,38801.47606369076
2025-09-17 12:00:00,4164.393980449794,30337.391617983925,38317.93389395157
2025-09-17 16:00:00,4164.393980449794,30212.63534048891,38221.93615414938
2025-09-17 20:00:00,4164.393980449794,30213.252945823042,38801.42024628695
2025-09-18 00:00:00,4164.393980449794,30418.297916755448,39520.559166298895
2025-09-18 04:00:00,4147.736404527996,30753.657613190073,39881.213015316025
2025-09-18 08:00:00,4125.583664868458,30568.993618284083,39522.6737747217
2025-09-18 12:00:00,4133.7110162941,30579.801711631422,39661.0165800044
2025-09-18 16:00:00,4164.061673506039,30840.1223599688,40117.34904390909
2025-09-18 20:00:00,4160.861459968656,30778.05302388836,40071.039228274996
2025-09-19 00:00:00,4151.715727071104,30681.397789096423,39957.12240948654
2025-09-19 04:00:00,4137.612894197367,30672.133709084417,39672.196903487056
2025-09-19 08:00:00,4133.25457705642,30684.485815767093,39587.64896811072
2025-09-19 12:00:00,4118.870015975541,30642.488653046,39345.862374468656
2025-09-19 16:00:00,4073.476386807894,30466.16233015081,38871.83562393577
2025-09-19 20:00:00,4073.476386807894,30279.336716575355,38641.76315061829
2025-09-20 00:00:00,4073.476386807894,30430.95882610519,38972.883694585515
2025-09-20 04:00:00,4073.476386807894,30383.094412709823,38918.94561330776
2025-09-20 08:00:00,4073.476386807894,30525.45244222765,39156.94306632144
2025-09-20 12:00:00,4073.476386807894,30514.335546213246,38991.460632515955
2025-09-20 16:00:00,4073.476386807894,30535.025324906725,39208.99354051807
2025-09-20 20:00:00,4073.476386807894,30456.58944747174,39018.172907392815
2025-09-21 00:00:00,4073.476386807894,30454.119026135206,39100.32892801706
2025-09-21 04:00:00,4073.476386807894,30426.635588766254,39291.15551838537
2025-09-21 08:00:00,4073.476386807894,30481.29366083709,39140.78592743834
2025-09-21 12:00:00,4073.476386807894,30422.92995676145,38971.35462916654
2025-09-21 16:00:00,4073.476386807894,30397.916940729036,38932.2900444974
2025-09-21 20:00:00,4073.476386807894,30393.5937033901,38942.39963801833
2025-09-22 00:00:00,4073.476386807894,30338.31802598513,38695.54015359129
2025-09-22 04:00:00,4073.476386807894,30206.76808981464,38163.06988585973
2025-09-22 08:00:00,4073.476386807894,29604.60288903423,36735.044861851275
2025-09-22 12:00:00,4073.476386807894,29636.100761075053,36627.61805125725
2025-09-22 16:00:00,4073.476386807894,29621.278233055844,36534.305639633996
2025-09-22 20:00:00,4073.476386807894,29379.48574474248,36002.450821879494
2025-09-23 00:00:00,4073.476386807894,29516.90293158724,36447.435221737396
2025-09-23 04:00:00,4073.476386807894,29424.570934134244,36083.482273102534
2025-09-23 08:00:00,4073.476386807894,29649.996881093062,36390.34372926004
2025-09-23 12:00:00,4073.476386807894,29606.146902369568,36386.225166301265
2025-09-23 16:00:00,4073.476386807894,29574.031424994613,36346.16883007396
2025-09-23 20:00:00,4073.476386807894,29192.968933834087,35662.90675078455
2025-09-24 00:00:00,4073.476386807894,29283.448115284682,35616.355995794394
2025-09-24 04:00:00,4073.476386807894,29259.0527045864,35160.55817234659
2025-09-24 08:00:00,4073.476386807894,29512.88849691537,35514.48959200359
2025-09-24 12:00:00,4073.476386807894,29719.168678516042,35826.117356810864
2025-09-24 16:00:00,4073.476386807894,29832.808059996652,35995.66052004188
2025-09-24 20:00:00,4073.476386807894,29863.68832670334,35964.28471535239
2025-09-25 00:00:00,4073.476386807894,29811.19187330197,35756.39757891851
2025-09-25 04:00:00,4073.476386807894,29585.14832100902,35118.38898465828
2025-09-25 08:00:00,4073.476386807894,29441.86388348999,34767.01239720257
2025-09-25 12:00:00,4073.476386807894,29294.25620863202,34407.91888917833
2025-09-25 16:00:00,4073.476386807894,29531.107854272315,34605.13190342176
2025-09-25 20:00:00,4073.476386807894,28974.027842883672,34041.43599516206
2025-09-26 00:00:00,4073.476386807894,28879.843029428277,33438.53888337185
2025-09-26 04:00:00,4073.476386807894,28997.496845580758,33925.52386600688
2025-09-26 08:00:00,4073.476386807894,28949.323629518323,33877.37457654335
2025-09-26 12:00:00,4073.476386807894,28895.900768115753,33531.294860421214
2025-09-26 16:00:00,4073.476386807894,28824.25854935624,33774.5755847878
2025-09-26 20:00:00,4073.476386807894,28827.346576026906,34303.25213221123
2025-09-27 00:00:00,4073.476386807894,28969.39580287767,34804.380448764954
2025-09-27 04:00:00,4073.476386807894,28935.118706833247,34644.19132197492
2025-09-27 08:00:00,4073.476386807894,28912.576112137365,34459.391705251124
2025-09-27 12:00:00,4073.476386807894,28899.915202787623,34421.25648355507
2025-09-27 16:00:00,4073.476386807894,28915.35533614097,34632.38880279781
2025-09-27 20:00:00,4073.476386807894,28920.91378414817,34484.91672967194
2025-09-28 00:00:00,4073.476386807894,28974.954250884875,34642.52353463645
2025-09-28 04:00:00,4073.476386807894,28976.49826422021,34597.3449569902
2025-09-28 08:00:00,4073.476386807894,28939.133141505117,34489.298044319905
2025-09-28 12:00:00,4073.476386807894,28903.31203212536,34217.39135741668
2025-09-28 16:00:00,4073.476386807894,29066.051037669604,34654.84093414096
2025-09-28 20:00:00,4057.1824812606624,29147.26613910819,34976.89675827201
2025-09-29 00:00:00,4112.707175678099,29619.42541705344,35702.61801328028
2025-09-29 04:00:00,4090.5986294951554,29482.00823020868,35525.37512660437
2025-09-29 08:00:00,4077.434866775423,29478.30259820388,35378.3093460353
2025-09-29 12:00:00,4065.1736063996264,29538.51911828192,35204.67507737586
2025-09-29 16:00:00,4126.295031985904,29988.13580153129,35731.895439510714
2025-09-29 20:00:00,4158.132385644729,30102.7015910131,36073.46173113407
2025-09-30 00:00:00,4165.106498807615,30110.73046035684,36085.479764458694
2025-09-30 04:00:00,4149.454322942168,30140.684319062326,35892.00663096459
2025-09-30 08:00:00,4117.371274389344,29918.96400410831,35581.99139397215
2025-09-30 12:00:00,4091.2579749664847,29742.637681213124,35322.39988377919
2025-09-30 16:00:00,4064.770336034535,29775.061961255145,35190.17981718024
2025-09-30 20:00:00,4092.1190201240133,30096.2167350047,35618.53575335618
2025-10-01 00:00:00,4083.5294749668456,30016.545646901443,35553.972556041605
2025-10-01 04:00:00,4078.79446998774,30049.896334944668,35344.5871434865
2025-10-01 08:00:00,4086.528967835109,30112.58327635924,35694.18504539665
2025-10-01 12:00:00,4159.877305495143,30743.1583225098,36879.47635351739
2025-10-01 16:00:00,4197.309814924544,30942.027240100866,37248.66318210309
2025-10-01 20:00:00,4193.479412618124,30917.323026735517,37200.294006446726
2025-10-02 00:00:00,4223.81483638621,31214.082389786785,37510.92439194901
2025-10-02 04:00:00,4244.718384602665,31245.27145916054,37719.735107900735
2025-10-02 08:00:00,4230.899679188149,31148.30742170154,37565.99078063198
2025-10-02 12:00:00,4251.256978939983,31227.36090447066,37830.927619225564
2025-10-02 16:00:00,4314.438271303145,31668.02231037509,38356.92507408385
2025-10-02 20:00:00,4366.533485270449,31835.702158592405,38923.792247839345
2025-10-03 00:00:00,4372.631621426603,31752.01663581728,39098.37404251478
2025-10-03 04:00:00,4358.52309380531,31670.492731711627,38845.53616619631
2025-10-03 08:00:00,4319.448225327602,31500.03365949071,38456.57251291773
2025-10-03 12:00:00,4342.736710578858,31689.329694402706,38684.09283002346
2025-10-03 16:00:00,4403.688507010515,32140.49039098741,39261.27970767903
2025-10-03 20:00:00,4388.617262709489,32240.851257784143,39065.86805855277
2025-10-04 00:00:00,4380.834832434993,32121.962230963396,39015.675915852604
2025-10-04 04:00:00,4350.707506248387,32135.858350981405,38638.09978372871
2025-10-04 08:00:00,4353.833217319128,32141.10799632154,38643.893721419074
2025-10-04 12:00:00,4342.190875997041,32027.159812173864,38573.99163162045
2025-10-04 16:00:00,4299.263086384792,31948.415132071812,38059.94636176653
2025-10-04 20:00:00,4307.769565315322,31978.060188110234,38277.25776808667
2025-10-05 00:00:00,4322.089492763906,32112.389348284323,38472.0209020966
2025-10-05 04:00:00,4347.195390639719,32407.295895333187,38864.90450446961
2025-10-05 08:00:00,4374.19384496736,32552.124346187553,39470.51280585214
2025-10-05 12:00:00,4343.404594830915,32259.379417808155,38946.20297615441
2025-10-05 16:00:00,4333.093378121777,32117.63899362446,38646.10834547237
2025-10-05 20:00:00,4313.615925320708,32152.533695003018,38395.927894090564
2025-10-06 00:00:00,4327.24082775704,32455.160308728555,38724.08415992946
2025-10-06 04:00:00,4331.8149021463805,32556.756386193556,39154.406962069115
2025-10-06 08:00:00,4334.039376013537,32606.164812924257,39242.85558831709
2025-10-06 12:00:00,4334.32077271793,32805.34253318239,39504.41132926975
2025-10-06 16:00:00,4357.067591808516,32907.86501864859,39822.22322033932
2025-10-06 20:00:00,4374.146333840964,32998.03539743212,39879.49750244424
2025-10-07 00:00:00,4334.203446662933,32802.872111845856,39461.08208979393
2025-10-07 04:00:00,4348.037926851754,32767.359805133165,39652.19901041071
2025-10-07 08:00:00,4332.099725408174,32683.365479690976,39421.939012554845
2025-10-07 12:00:00,4354.127497126033,32947.08295736609,39530.676333422205
2025-10-07 16:00:00,4192.515244036089,32228.499151101467,38366.85861733499
2025-10-07 20:00:00,4192.515244036089,32255.364983136285,38267.00870859716
2025-10-08 00:00:00,4192.515244036089,32163.03298568329,37937.644522465635
2025-10-08 04:00:00,4192.515244036089,32253.20336446682,37880.12661720856
2025-10-08 08:00:00,4192.515244036089,32301.067777862183,38168.51337920066
2025-10-08 12:00:00,4192.515244036089,32649.08838364655,38346.0679371661
2025-10-08 16:00:00,4192.515244036089,32516.920842141928,38281.57788064625
2025-10-08 20:00:00,4192.515244036089,32782.18233315238,39186.66214708016
2025-10-09 00:00:00,4192.515244036089,32745.12601310435,39195.24219394042
2025-10-09 04:00:00,4192.515244036089,32374.5628126241,38639.1806889038
2025-10-09 08:00:00,4192.515244036089,32425.824055357203,38536.14446378687
2025-10-09 12:00:00,4192.515244036089,32650.941199648954,38406.039633784676
2025-10-09 16:00:00,4192.515244036089,32370.239575285163,37969.46339343147
2025-10-09 20:00:00,4192.515244036089,32323.301569891,37897.97328136981
2025-10-10 00:00:00,4192.515244036089,32486.658180769376,38244.906648127
2025-10-10 04:00:00,4192.515244036089,32297.67094852445,38191.75886684099
2025-10-10 08:00:00,4192.515244036089,32264.62906314829,37806.38056771409
2025-10-10 12:00:00,4192.515244036089,32473.3796660855,38238.0632971093
2025-10-10 16:00:00,4192.515244036089,31680.374417057767,36515.725309763555
2025-10-10 20:00:00,4192.515244036089,31051.34338424254,35658.5083021988
2025-10-11 00:00:00,4192.515244036089,30398.53454606317,33914.49096215497
2025-10-11 04:00:00,4192.515244036089,30114.74489502871,33301.10013467245
2025-10-11 08:00:00,4192.515244036089,29894.877396077096,33233.27939914678
2025-10-11 12:00:00,4192.515244036089,30556.023906267274,33665.68170286041
2025-10-11 16:00:00,4192.515244036089,30291.38002059096,33469.746187971774
2025-10-11 20:00:00,4192.515244036089,30092.819905666962,32709.007416442873
2025-10-12 00:00:00,4192.515244036089,29909.39112142924,32605.541120803027
2025-10-12 04:00:00,4192.515244036089,29827.558414656516,32491.324406120253
2025-10-12 08:00:00,4192.515244036089,30061.630836293207,33176.66339453664
2025-10-12 12:00:00,4192.515244036089,30235.486737851857,33154.50094045361
2025-10-12 16:00:00,4192.515244036089,30627.66612502679,34591.73422292085
2025-10-12 20:00:00,4192.515244036089,30854.327282653874,35181.62803831725
2025-10-13 00:00:00,4192.515244036089,30708.57242379831,35001.42030697601
2025-10-13 04:00:00,4192.515244036089,30614.078807675847,34729.65523126234
2025-10-13 08:00:00,4192.515244036089,30784.53787989676,35048.989981901424
2025-10-13 12:00:00,4192.515244036089,30546.759826255267,34463.21262791974
2025-10-13 16:00:00,4192.515244036089,30553.24468226367,34923.54555774797
2025-10-13 20:00:00,4192.515244036089,30958.084978788345,36262.86589989044
2025-10-14 00:00:00,4192.515244036089,30796.889986579437,36349.89993220731
2025-10-14 04:00:00,4192.515244036089,30310.834588616177,35760.45335641104
2025-10-14 08:00:00,4192.515244036089,29890.862961405226,34313.453781494994
2025-10-14 12:00:00,4192.515244036089,29828.17601999065,34401.87899919093
2025-10-14 16:00:00,4192.515244036089,30101.466380344835,35220.44914756456
2025-10-14 20:00:00,4192.515244036089,30023.95691091105,34861.27546183385
2025-10-15 00:00:00,4192.515244036089,30136.36108172339,35285.89498344227
2025-10-15 04:00:00,4192.515244036089,29827.867217323583,35024.97796551535
2025-10-15 08:00:00,4192.515244036089,29918.96400410831,35339.39798316054
2025-10-15 12:00:00,4192.515244036089,29792.663713277958,35112.62568999719
2025-10-15 16:00:00,4192.515244036089,29439.084659486387,34266.19573139272
2025-10-15 20:00:00,4192.515244036089,29530.181446271115,34038.735892464225
2025-10-16 00:00:00,4192.515244036089,29385.35299541675,33907.69562344457
2025-10-16 04:00:00,4192.515244036089,29500.227587565627,33917.473473518054
2025-10-16 08:00:00,4192.515244036089,29322.666054002177,33810.7856716845
2025-10-16 12:00:00,4192.515244036089,29537.90151294779,34318.727161872645
2025-10-16 16:00:00,4192.515244036089,28754.777949266194,32944.054179044644
2025-10-16 20:00:00,4192.515244036089,28599.759010398622,32578.16930468464
2025-10-17 00:00:00,4192.515244036089,28571.0403623614,32514.634039799697
2025-10-17 04:00:00,4192.515244036089,28813.450456008897,32861.982496303826
2025-10-17 08:00:00,4192.515244036089,27852.456556096782,31389.549016403333
2025-10-17 12:00:00,4192.515244036089,27951.891014892317,31867.214217634384
2025-10-17 16:00:00,4192.515244036089,28276.133815312536,32150.476898110905
2025-10-17 20:00:00,4192.515244036089,28199.241951212884,32095.729098198914
2025-10-18 00:00:00,4192.515244036089,28242.474324602248,32179.65295978815
2025-10-18 04:00:00,4192.515244036089,28406.448540814756,32501.626950278664
2025-10-18 08:00:00,4192.515244036089,28336.96794072471,32712.92544800165
2025-10-18 12:00:00,4192.515244036089,28484.884418249745,32745.609122708545
2025-10-18 16:00:00,4192.515244036089,28401.816500808753,32594.375133287474
2025-10-18 20:00:00,4192.515244036089,28421.8886741681,32731.030854910947
2025-10-19 00:00:00,4192.515244036089,28446.284084866384,32851.612872868434
2025-10-19 04:00:00,4192.515244036089,28468.5178768952,32831.28013294132
2025-10-19 08:00:00,4192.515244036089,28338.820756727113,32652.898345981313
2025-10-19 12:00:00,4192.515244036089,28600.06781306569,33107.593810127335
2025-10-19 16:00:00,4192.515244036089,28812.832850674764,33432.64443384259
2025-10-19 20:00:00,4192.515244036089,28908.25287479843,33272.42418912628
2025-10-20 00:00:00,4192.515244036089,28792.45187464835,33090.876093536026
2025-10-20 04:00:00,4175.745183059944,29173.514365808875,33605.766603597396
2025-10-20 08:00:00,4190.151099754152,29448.966344832526,33897.263645492014
2025-10-20 12:00:00,4176.943825059402,29424.262131467178,33794.18296786112
2025-10-20 16:00:00,4154.766769111869,29446.80472616306,33583.02137849334
2025-10-20 20:00:00,4136.007062228217,29398.940312767692,33408.45744796179
2025-10-21 00:00:00,4137.9271289944145,29325.13647533871,33465.18188881832
2025-10-21 04:00:00,4056.2507005779316,28952.72045885606,32874.1402623002
2025-10-21 08:00:00,4036.6953629962345,28716.795221216966,32725.88675612201
2025-10-21 12:00:00,4036.6953629962345,28878.299016092944,32922.678837550025
2025-10-21 16:00:00,4012.619645125482,30156.124452415672,34569.61752464096
2025-10-21 20:00:00,3957.424412510313,29765.79788124314,34157.850206474104
2025-10-22 00:00:00,3793.0146767899996,28832.905024034113,32847.474835107234
2025-10-22 04:00:00,3793.0146767899996,28809.43602133703,32780.884848096
2025-10-22 08:00:00,3793.0146767899996,28848.03635472039,32778.16750660395
2025-10-22 12:00:00,3793.0146767899996,28678.503690500675,32714.746043618394
2025-10-22 16:00:00,3793.0146767899996,28836.919458705983,32610.46067398563
2025-10-22 20:00:00,3793.0146767899996,28697.958258525887,32172.246572418095
2025-10-23 00:00:00,3793.0146767899996,28620.4487890921,32135.941148778526
2025-10-23 04:00:00,3793.0146767899996,28880.46063476241,32552.988680903927
2025-10-23 08:00:00,3793.0146767899996,29096.93130437629,33144.699803689866
2025-10-23 12:00:00,3793.0146767899996,29117.003477735638,33186.71980456499
2025-10-23 16:00:00,3793.0146767899996,29233.730885886915,33496.82871168568
2025-10-23 20:00:00,3793.0146767899996,29302.593880642828,33487.014199295154
2025-10-24 00:00:00,3793.0146767899996,29266.155165928936,33500.625275443876
2025-10-24 04:00:00,3793.0146767899996,29381.64736341195,33585.31820515869
2025-10-24 08:00:00,3793.0146767899996,29524.00539292978,33787.47270640673
2025-10-24 12:00:00,3793.0146767899996,29550.562422297528,33796.345641146225
2025-10-24 16:00:00,3793.0146767899996,29237.436517891718,33328.97272693367
2025-10-24 20:00:00,3793.0146767899996,29369.295256729274,33749.63707207957
2025-10-25 00:00:00,3793.0146767899996,29492.19871822189,33857.0749867624
2025-10-25 04:00:00,3793.0146767899996,29486.949072881755,33840.59874298325
2025-10-25 08:00:00,3777.8426180828396,29615.71978504864,33928.34663837888
2025-10-25 12:00:00,3769.8530223115076,29620.351825054644,33824.00233125682
2025-10-25 16:00:00,3762.028391678097,29568.472976987407,33713.16742040475
2025-10-25 20:00:00,3775.4846097016934,29644.43843308586,34033.50597481907
2025-10-26 00:00:00,3769.585897193801,29641.041603748123,33960.54929827819
2025-10-26 04:00:00,3753.391196212009,29550.871224964594,33816.70655419862
2025-10-26 08:00:00,3772.034413795833,29675.93630512668,33984.28383566844
2025-10-26 12:00:00,3841.3831811979935,30065.954073632143,34594.09485340741
2025-10-26 16:00:00,3864.7062353968877,30169.09416443248,34824.79699990661
2025-10-26 20:00:00,3857.048495623794,30141.61072706353,34741.458645043116
2025-10-27 00:00:00,3905.6947641978722,30407.798626075175,35068.99878834054
2025-10-27 04:00:00,3956.685743474247,30540.58377291393,35628.21923697674
2025-10-27 08:00:00,3950.0108634692033,30697.146725116836,35491.31854060826
2025-10-27 12:00:00,3912.398609306466,30582.27213296796,35131.11972460282
2025-10-27 16:00:00,3914.479213791467,30503.836255532973,35133.15864689672
2025-10-27 20:00:00,3915.21188874118,30456.898250138805,35105.39824660727
2025-10-28 00:00:00,3871.4642383364608,30217.26738049491,34779.82565439062
2025-10-28 04:00:00,3876.7796630784737,30157.35966308394,34964.351536042144
2025-10-28 08:00:00,3898.4395508960843,30256.485319212406,35168.954146326105
2025-10-28 12:00:00,3879.3815887069204,30288.909599254428,34900.36568458432
2025-10-28 16:00:00,3870.8234168281797,30365.49266068701,34807.96240998965
2025-10-28 20:00:00,3807.1150176030596,30126.47939637725,34336.108153304005
2025-10-29 00:00:00,3790.6052823297678,29919.272806775378,34073.61482438861
2025-10-29 04:00:00,3790.6052823297678,29863.997129370407,34089.00957271281
2025-10-29 08:00:00,3790.6052823297678,30161.374097755808,34395.29896609362
2025-10-29 12:00:00,3790.6052823297678,30022.721700242782,34625.975356254654
2025-10-29 16:00:00,3790.6052823297678,29535.122288944185,34116.44374588174
2025-10-29 20:00:00,3790.6052823297678,29467.185702189472,33800.67407999418
2025-10-30 00:00:00,3790.6052823297678,29286.536141955352,33834.371912494564
2025-10-30 04:00:00,3790.6052823297678,29440.62867282172,34189.839420994875
2025-10-30 08:00:00,3790.6052823297678,29619.42541705344,34148.53849787176
2025-10-30 12:00:00,3790.6052823297678,29227.24602987851,33618.33677219325
2025-10-30 16:00:00,3790.6052823297678,28771.76209595487,32710.01575948528
2025-10-30 20:00:00,3790.6052823297678,28445.975282199317,31892.487811698265
2025-10-31 00:00:00,3790.6052823297678,28915.046533473902,32744.845116354685
2025-10-31 04:00:00,3790.6052823297678,29157.4566271214,32934.91588062771
2025-10-31 08:00:00,3790.6052823297678,29223.849200540775,32963.28599569043
2025-10-31 12:00:00,3790.6052823297678,29459.77443817987,33426.230456478675
2025-10-31 16:00:00,3790.6052823297678,29453.59838483853,33363.228172782605
2025-10-31 20:00:00,3790.6052823297678,29392.45545675929,33444.11745697705
2025-11-01 00:00:00,3790.6052823297678,29301.049867307494,33222.81553722628
2025-11-01 04:00:00,3790.6052823297678,29477.376190202678,33304.61938181113
2025-11-01 08:00:00,3790.6052823297678,29434.452619480384,33148.9025585694
2025-11-01 12:00:00,3790.6052823297678,29450.81916083493,33215.65977740113
2025-11-01 16:00:00,3790.6052823297678,29476.758584868545,33264.04971065565
2025-11-01 20:00:00,3790.6052823297678,29484.787454212285,33233.68686981443
2025-11-02 00:00:00,3790.6052823297678,29419.630091461175,33202.52905749268
2025-11-02 04:00:00,3790.6052823297678,29408.82199811383,33101.102963829784
2025-11-02 08:00:00,3783.0240717651077,29633.321537071453,33465.83253716487
2025-11-02 12:00:00,3786.789844017827,29721.63909985258,33313.381939095336
2025-11-02 16:00:00,3774.9658458257227,29444.334304826523,32952.91832668039
2025-11-02 20:00:00,3776.1772131238004,29472.744150196675,32993.52078315991
2025-11-03 00:00:00,3773.342370635485,29583.604307673686,33478.11562511441
2025-11-03 04:00:00,3673.0444168799977,28890.033517441483,32006.215087999022
2025-11-03 08:00:00,3673.0444168799977,28752.307527929657,31806.417498113457
2025-11-03 12:00:00,3673.0444168799977,28901.45921612296,31812.69303694572
2025-11-03 16:00:00,3673.0444168799977,28339.438362061246,30615.382352701068
2025-11-03 20:00:00,3673.0444168799977,28705.67832520256,30795.761990991337
2025-11-04 00:00:00,3673.0444168799977,28566.717125022467,30633.831679757095
2025-11-04 04:00:00,3673.0444168799977,28725.750498561905,30929.275488962037
2025-11-04 08:00:00,3673.0444168799977,27976.904030924736,29404.56832557892
2025-11-04 12:00:00,3673.0444168799977,28094.86664974428,30004.749692095982
2025-11-04 16:00:00,3673.0444168799977,27725.5386599323,29840.410161630993
2025-11-04 20:00:00,3673.0444168799977,27032.58547503423,28572.46861928251
2025-11-05 00:00:00,3673.0444168799977,27291.053307369206,28759.81676007239
2025-11-05 04:00:00,3673.0444168799977,27456.880339584117,29066.615724814637
2025-11-05 08:00:00,3673.0444168799977,27427.2352835457,29018.750762655858
2025-11-05 12:00:00,3673.0444168799977,27433.10253421997,29090.20440972729
2025-11-05 16:00:00,3673.0444168799977,27909.893852171223,29677.412144969785
2025-11-05 20:00:00,3673.0444168799977,27977.52163625887,29966.92401519427
2025-11-06 00:00:00,3673.0444168799977,27904.644206831086,29854.966425755345
2025-11-06 04:00:00,3673.0444168799977,27820.649881388897,29840.85491797643
2025-11-06 08:00:00,3673.0444168799977,27689.408747885474,29361.540782362667
2025-11-06 12:00:00,3673.0444168799977,27681.071075874668,29371.6239268605
2025-11-06 16:00:00,3673.0444168799977,27302.47900605068,28789.18900639357
2025-11-06 20:00:00,3673.0444168799977,27121.82944581656,28859.33591886852
2025-11-07 00:00:00,3673.0444168799977,27090.331573775737,28648.04029692815
2025-11-07 04:00:00,3673.0444168799977,27276.84838468413,28919.614134931213
2025-11-07 08:00:00,3673.0444168799977,27309.890270060285,29050.17821739465
2025-11-07 12:00:00,3673.0444168799977,26821.05564809342,28337.11975314533
2025-11-07 16:00:00,3673.0444168799977,26881.889773505594,28528.35988241912
2025-11-07 20:00:00,3665.6983280462377,27608.193646446885,29846.200071619634
2025-11-08 00:00:00,3646.8157757622776,27573.607747735397,29571.370413419034
2025-11-08 04:00:00,3652.8512947571503,27375.047632811395,29615.499085151892
2025-11-08 08:00:00,3640.7802567674044,27303.405414051882,29419.502465970607
2025-11-08 12:00:00,3628.6229970777304,27178.340333889795,29171.633417630786
2025-11-08 16:00:00,3601.3588333438897,27136.3431711687,28847.234564093622
2025-11-08 20:00:00,3601.3588333438897,27213.235035268353,28961.061708326866
2025-11-09 00:00:00,3601.3588333438897,27300.934992715345,29055.966839707224
2025-11-09 04:00:00,3601.3588333438897,27131.711131162698,28775.582849676244
2025-11-09 08:00:00,3601.3588333438897,27207.985389928217,29199.846755918996
2025-11-09 12:00:00,3601.3588333438897,27278.392398019463,29184.171529696563
2025-11-09 16:00:00,3594.1561156772023,27696.820011895077,29802.043556053854
2025-11-09 20:00:00,3602.275520938822,27992.344164278078,30350.494967792933
2025-11-10 00:00:00,3593.4376934642596,27990.800150942745,30210.231114973634
2025-11-10 04:00:00,3646.9114032845737,28320.601399370167,30719.501404422073
2025-11-10 08:00:00,3638.3010887784626,28420.0358581657,30643.553016731104
2025-11-10 12:00:00,3644.597510721294,28358.89293008646,30738.79709081218
2025-11-10 16:00:00,3589.410792852724,28090.234609738276,30338.33307288063
2025-11-10 20:00:00,3613.422530867395,28259.458471290924,30506.996491751106
2025-11-11 00:00:00,3621.638787329648,28309.793306022824,30574.97707523889
2025-11-11 04:00:00,3656.4991514997123,28426.82951684117,30895.804029815838
2025-11-11 08:00:00,3572.5453666951717,27975.977622923532,30074.55671350326
2025-11-11 12:00:00,3583.5373115937546,28097.02826841375,30103.2627574473
2025-11-11 16:00:00,3484.021817756442,27548.903534370045,29495.867334170856
2025-11-11 20:00:00,3484.021817756442,27481.2757502824,29137.289764304278
2025-11-12 00:00:00,3484.021817756442,27467.37963026439,28788.931922930933
2025-11-12 04:00:00,3484.021817756442,27552.917969041915,28836.35955786077
2025-11-12 08:00:00,3484.021817756442,27495.789475634545,28868.7890225059
2025-11-12 12:00:00,3484.021817756442,28021.9892203165,29704.67882556941
2025-11-12 16:00:00,3484.021817756442,27207.058981927014,28823.747533737675
2025-11-12 20:00:00,3484.021817756442,26989.35310164487,28468.223958292358
2025-11-13 00:00:00,3484.021817756442,27081.99390176493,28530.883713675576
2025-11-13 04:00:00,3484.021817756442,27217.55827260729,28730.297424536555
2025-11-13 08:00:00,3484.021817756442,27528.8313610107,29004.585637834738
2025-11-13 12:00:00,3484.021817756442,27388.32614749527,29017.127026221475
2025-11-13 16:00:00,3484.021817756442,26885.904208177464,28318.95481666443
2025-11-13 20:00:00,3484.021817756442,26187.392575272195,26832.119368727603
2025-11-14 00:00:00,3484.021817756442,26464.697370298247,27165.15415779223
2025-11-14 04:00:00,3484.021817756442,26309.36962876361,27061.458315919037
2025-11-14 08:00:00,3484.021817756442,25775.141014737917,26730.015465722478
2025-11-14 12:00:00,3484.021817756442,25545.083027773093,26369.113991108403
2025-11-14 16:00:00,3484.021817756442,25728.20300934375,26660.531188959587
2025-11-14 20:00:00,3484.021817756442,25451.51581965183,26668.752920159903
2025-11-15 00:00:00,3484.021817756442,25124.80259789508,26008.830529442435
2025-11-15 04:00:00,3484.021817756442,25600.049902510997,26622.574573157748
2025-11-15 08:00:00,3484.021817756442,25596.03546783913,26634.083623155784
2025-11-15 12:00:00,3484.021817756442,25420.94435561221,26289.6058658318
2025-11-15 16:00:00,3484.021817756442,25580.286531818718,26542.809799840208
2025-11-15 20:00:00,3484.021817756442,25513.585155732275,26532.425572339787
2025-11-16 00:00:00,3484.021817756442,25411.680275600203,26263.206013369163
2025-11-16 04:00:00,3484.021817756442,25453.059832987165,26487.297442548534
2025-11-16 08:00:00,3484.021817756442,25533.65732909162,26626.796844798708
2025-11-16 12:00:00,3484.021817756442,25410.445064931937,26286.55573792683
2025-11-16 16:00:00,3484.021817756442,25130.052243235215,25870.65102685737
2025-11-16 20:00:00,3484.021817756442,24937.05057631842,25692.211703221976
2025-11-17 00:00:00,3484.021817756442,25027.220955101944,25771.0619316777
2025-11-17 04:00:00,3484.021817756442,25379.873600892315,26336.570634761178
2025-11-17 08:00:00,3484.021817756442,25406.739432927134,26461.218189747968
2025-11-17 12:00:00,3484.021817756442,25418.473934275677,26548.984415018
2025-11-17 16:00:00,3484.021817756442,25000.04632040006,25832.158353219435
2025-11-17 20:00:00,3484.021817756442,24386.764223605245,24722.491667120186
2025-11-18 00:00:00,3484.021817756442,24512.1381064344,24941.95167633776
2025-11-18 04:00:00,3484.021817756442,24160.411868645228,25174.382592996626
2025-11-18 08:00:00,3484.021817756442,24054.183751174223,25369.524286145945
2025-11-18 12:00:00,3484.021817756442,24350.016706224287,25613.623204987824
2025-11-18 16:00:00,3484.021817756442,24746.21052807109,26007.708638683514
2025-11-18 20:00:00,3484.021817756442,24827.42562950968,26260.53429166723
2025-11-19 00:00:00,3484.021817756442,24777.70840011191,26141.928808813325
2025-11-19 04:00:00,3484.021817756442,24475.699391720507,25870.27987485928
2025-11-19 08:00:00,3484.021817756442,24477.24340505584,25977.59386207556
2025-11-19 12:00:00,3484.021817756442,24352.79593022789,25748.195995916754
2025-11-19 16:00:00,3484.021817756442,24030.71474847714,25143.332960712163
2025-11-19 20:00:00,3484.021817756442,23796.024721506314,24693.83331379377
2025-11-20 00:00:00,3484.021817756442,24477.552207722907,25614.547028604655
2025-11-20 04:00:00,3477.053774120929,24774.311570774174,26380.181868501062
2025-11-20 08:00:00,3480.6027039982846,24730.770394717747,26407.443481324888
2025-11-20 12:00:00,3467.0607347294285,24630.409527921012,26190.764928854802
2025-11-20 16:00:00,3436.8948307719074,24046.46368449755,25536.421642391753
2025-11-20 20:00:00,3391.085243915003,23237.400696782337,24642.196342512914
2025-11-21 00:00:00,3391.085243915003,23159.582424681485,24585.883216474802
2025-11-21 04:00:00,3391.085243915003,22947.126189739476,24380.74765923893
2025-11-21 08:00:00,3391.085243915003,22453.968330433676,23588.712749942235
2025-11-21 12:00:00,3391.085243915003,22066.420983264747,23158.04034403745
2025-11-21 16:00:00,3391.085243915003,22240.276884823397,23365.932718700984
2025-11-21 20:00:00,3391.085243915003,22574.401370589756,23789.88139877603
2025-11-22 00:00:00,3391.085243915003,22831.016386922332,23933.770849832577
2025-11-22 04:00:00,3391.085243915003,22646.043589349272,23715.728227278447
2025-11-22 08:00:00,3391.085243915003,22672.600618717024,23772.380939923678
2025-11-22 12:00:00,3391.085243915003,22571.622146586156,23635.467356499328
2025-11-22 16:00:00,3391.085243915003,22614.54571730845,23691.916374902044
2025-11-22 20:00:00,3391.085243915003,22677.232658723027,23715.590721890963
2025-11-23 00:00:00,3391.085243915003,22727.25869078786,23814.30313704335
2025-11-23 04:00:00,3391.085243915003,23158.656016680285,24274.162698866487
2025-11-23 08:00:00,3391.085243915003,23029.8853045134,24090.59839264783
2025-11-23 12:00:00,3391.085243915003,23190.77149405524,24269.003138910135
2025-11-23 16:00:00,3391.085243915003,23397.36047832298,24676.769039027415
2025-11-23 20:00:00,3391.085243915003,23467.76748641423,24638.04567121738
2025-11-24 00:00:00,3391.085243915003,23296.38200619211,24349.962520213623
2025-11-24 04:00:00,3384.3030734271733,23458.194603735155,24742.96887546275
2025-11-24 08:00:00,3372.498965410806,23338.68797158027,24355.56742157432
2025-11-24 12:00:00,3359.255776324542,23064.16240055782,24114.925343547293
2025-11-24 16:00:00,3378.4010194189896,23199.109166066046,24475.51956601254
2025-11-24 20:00:00,3409.9338668946216,23673.121260013697,25320.430358524332
2025-11-25 00:00:00,3416.7475334360815,23669.10682534183,25422.386043713428
2025-11-25 04:00:00,3390.3510775876366,23540.64491584201,25274.22649264992
2025-11-25 08:00:00,3370.0720087406407,23437.196022374606,25087.52726016809
2025-11-25 12:00:00,3364.422260439974,23425.77032369313,25061.276349773238
2025-11-25 16:00:00,3337.024330626083,23233.695064777534,24794.98136046197
2025-11-25 20:00:00,3356.075128997587,23174.404952700697,24962.5773559831
2025-11-26 00:00:00,3400.312097508151,23331.27670757067,25316.215759877592
2025-11-26 04:00:00,3369.942240915597,23215.16690475352,25113.283041894647
2025-11-26 08:00:00,3402.965849172926,23454.180169063286,25385.411243218958
2025-11-26 12:00:00,3352.426364007135,23242.959144789544,25001.193928939236
2025-11-26 16:00:00,3352.6602081379897,23174.713755367764,24953.68522423265
2025-11-26 20:00:00,3445.6804379232494,23970.498228399098,26063.765832767884
2025-11-27 00:00:00,3439.043312166654,24090.622465888115,25986.16259743386
2025-11-27 04:00:00,3446.776182644329,24255.523090101826,26016.44788636748
2025-11-27 08:00:00,3463.5095022731566,24366.6920502459,26182.58510588839
2025-11-27 12:00:00,3448.864700481469,24367.6184582471,26019.501954637737
2025-11-27 16:00:00,3433.8570683682447,24229.27486340114,25936.820507460056
2025-11-27 20:00:00,3454.3308674652712,24385.52901293698,26079.90103830633
2025-11-28 00:00:00,3428.7848214108044,24321.29805818707,25845.274792077646
2025-11-28 04:00:00,3418.0609002891197,24312.651583509196,25733.99389678249
2025-11-28 08:00:00,3401.9967207740283,24257.375906104226,25650.572444651047
2025-11-28 12:00:00,3424.2581427352334,24424.746951654473,25979.55615233988
2025-11-28 16:00:00,3443.6377075284236,24597.058839877787,26088.18833224626
2025-11-28 20:00:00,3417.9674763641324,24265.404775447965,25537.469264537725
2025-11-29 00:00:00,3410.730769816907,24219.393178055,25506.587683485894
2025-11-29 04:00:00,3405.170761246044,24161.647079313494,25437.84451039446
2025-11-29 08:00:00,3396.562504805858,24135.70765527988,25438.361841440143
2025-11-29 12:00:00,3397.0821376022286,24177.704818000973,25452.073728122898
2025-11-29 16:00:00,3404.112222989408,24276.212868795305,25522.984551724192
2025-11-29 20:00:00,3385.053507677968,24167.514329987764,25277.9905506457
2025-11-30 00:00:00,3386.817568100566,24206.42346603819,25319.92873553453
2025-11-30 04:00:00,3381.3599851674326,24231.436482070607,25374.299173892105
2025-11-30 08:00:00,3381.3599851674326,24254.905484767693,25414.06583886338
2025-11-30 12:00:00,3381.3599851674326,24282.080119469578,25409.825512588686
2025-11-30 16:00:00,3381.3599851674326,24377.50014359324,25662.086448759976
2025-11-30 20:00:00,3381.3599851674326,24369.162471582436,25582.865025854924
2025-12-01 00:00:00,3381.3599851674326,24060.35980451556,25012.48727584879
2025-12-01 04:00:00,3381.3599851674326,22989.432155127637,23801.367377882805
2025-12-01 08:00:00,3381.3599851674326,23030.50290984753,23864.454858996152
2025-12-01 12:00:00,3381.3599851674326,22879.189602984763,23751.89565777508
2025-12-01 16:00:00,3381.3599851674326,22489.789439813434,23305.064940641758
2025-12-01 20:00:00,3381.3599851674326,22634.6178906678,23251.743072133315
2025-12-02 00:00:00,3381.3599851674326,22957.007875085616,23713.611946781406
2025-12-02 04:00:00,3381.3599851674326,23134.260605982003,23824.622982314148
2025-12-02 08:00:00,3381.3599851674326,23146.921515331745,23836.21718906328
2025-12-02 12:00:00,3381.3599851674326,23242.650342122473,23998.91096484426
2025-12-02 16:00:00,3381.3599851674326,24184.189674009376,25484.012972306096
2025-12-02 20:00:00,3367.834545226762,24432.77582099821,25795.746860456988
2025-12-03 00:00:00,3345.8746886595536,24244.09739142035,25541.658286620775
2025-12-03 04:00:00,3375.0461269091247,24599.220458547257,25861.340680205227
2025-12-03 08:00:00,3383.598296841811,24677.656335982243,26063.015808445914
2025-12-03 12:00:00,3380.683608941018,24636.276778595282,26013.68769148918
2025-12-03 16:00:00,3373.690991648561,24476.008194387574,25920.683282067905
2025-12-03 20:00:00,3395.25919534655,24627.012698583276,26031.76381351059
2025-12-04 00:00:00,3451.5838120982016,24735.711237390817,26500.708694797235
2025-12-04 04:00:00,3463.4410486534225,24791.295717462854,26552.400127364235
2025-12-04 08:00:00,3441.2708081482633,24732.31440805308,26370.180042182517
2025-12-04 12:00:00,3427.7159031170872,24589.338773201118,26261.647686464574
2025-12-04 16:00:00,3439.799269179335,24607.558130558064,26331.419656009486
2025-12-04 20:00:00,3372.7736785444804,24385.220210269912,25822.031360603927
2025-12-05 00:00:00,3375.008366139741,24425.673359655673,25792.71331629933
2025-12-05 04:00:00,3386.310790114884,24449.451165019822,25812.408748998732
2025-12-05 08:00:00,3391.420397622443,24439.87828234075,25886.534067665958
2025-12-05 12:00:00,3349.2772101875075,24243.17098341915,25528.473787855688
2025-12-05 16:00:00,3307.7162758522045,23991.496809759647,25241.508758992215
2025-12-05 20:00:00,3267.9072016836453,23789.53986549791,24835.405822877205
2025-12-06 00:00:00,3255.9254447763815,23719.44166007373,24867.102463623127
2025-12-06 04:00:00,3255.9254447763815,23813.935276196193,24964.932002644535
2025-12-06 08:00:00,3255.9254447763815,23800.039156178183,24855.498502881364
2025-12-06 12:00:00,3255.9254447763815,23808.068025521923,24927.54342569415
2025-12-06 16:00:00,3255.9254447763815,23832.15463355314,24899.29885336587
2025-12-06 20:00:00,3255.9254447763815,23748.16030811095,24794.062824977067
2025-12-07 00:00:00,3255.9254447763815,23703.383921386252,24783.53722492647
2025-12-07 04:00:00,3255.9254447763815,23802.200774847654,24949.108605276328
2025-12-07 08:00:00,3255.9254447763815,23736.734609429473,24773.898163240054
2025-12-07 12:00:00,3255.9254447763815,23676.209286684367,24795.687167662418
2025-12-07 16:00:00,3255.9254447763815,23775.6437454799,24768.859712641657
2025-12-07 20:00:00,3255.9254447763815,24270.345618121035,25453.022872536858
2025-12-08 00:00:00,3255.9254447763815,23972.659847068568,24901.973757538588
2025-12-08 04:00:00,3255.9254447763815,24161.647079313494,25230.09021869397
2025-12-08 08:00:00,3255.9254447763815,24253.97907676649,25413.417326536528
2025-12-08 12:00:00,3255.9254447763815,24392.013868945385,25737.220047830717
2025-12-08 16:00:00,3255.9254447763815,23909.664102986924,25272.465024298777
2025-12-08 20:00:00,3255.9254447763815,23929.118671012136,25103.23416245306
2025-12-09 00:00:00,3255.9254447763815,24052.022132504753,25110.360006019167
2025-12-09 04:00:00,3255.9254447763815,23994.27603376325,25182.298455548393
2025-12-09 08:00:00,3255.9254447763815,24014.348207122595,25082.505636702463
2025-12-09 12:00:00,3255.9254447763815,23983.467940415907,25045.10287462797
2025-12-09 16:00:00,3236.5064063383516,24620.52784257487,25983.52634589129
2025-12-09 20:00:00,3311.0917652436715,24895.979821598525,26557.877416473195
2025-12-10 00:00:00,3253.0537933012997,24599.220458547257,26000.790620555672
2025-12-10 04:00:00,3249.5927008358326,24532.51908246081,25994.484176108024
2025-12-10 08:00:00,3264.066346384979,24604.77890655446,26125.00628033216
2025-12-10 12:00:00,3242.3743666016157,24458.097639697695,25895.432330482072
2025-12-10 16:00:00,3228.4625873330124,24429.378991660476,25786.237840091086
2025-12-10 20:00:00,3253.476828347646,24597.98524787899,26136.713028806553
2025-12-11 00:00:00,3208.643318312177,24278.374487464775,25649.701185673457
2025-12-11 04:00:00,3159.2682044427265,23742.29305743668,24627.100072756035
2025-12-11 08:00:00,3159.2682044427265,23855.932438917287,24852.628961301223
2025-12-11 12:00:00,3159.2682044427265,23800.656761512317,24791.25026819621
2025-12-11 16:00:00,3159.2682044427265,23623.404030615933,24672.99173578921
2025-12-11 20:00:00,3159.2682044427265,23896.38558830305,25069.3531261974
2025-12-12 00:00:00,3159.2682044427265,24344.149455550018,25515.334615578053
2025-12-12 04:00:00,3159.2682044427265,24292.270607482784,25575.405435349112
2025-12-12 08:00:00,3159.2682044427265,24325.930098193072,25777.32104728429
2025-12-12 12:00:00,3159.2682044427265,24346.619876886554,25768.752210132512
2025-12-12 16:00:00,3159.2682044427265,23665.09239066996,24787.905459903042
2025-12-12 20:00:00,3159.2682044427265,23743.528268104947,24598.265228566903
2025-12-13 00:00:00,3159.2682044427265,23772.55571880923,24744.0509129809
2025-12-13 04:00:00,3159.2682044427265,23795.715918839247,24810.22905683662
2025-12-13 08:00:00,3159.2682044427265,23790.775076166177,24831.393987471878
2025-12-13 12:00:00,3159.2682044427265,23792.62789216858,24892.534753866756
2025-12-13 16:00:00,3159.2682044427265,23722.22088407733,24852.7948791843
2025-12-13 20:00:00,3159.2682044427265,23749.08671611215,24812.908673895232
2025-12-14 00:00:00,3159.2682044427265,23758.659598791222,24847.225278938764
2025-12-14 04:00:00,3159.2682044427265,23762.98283613016,24841.35452537945
2025-12-14 08:00:00,3159.2682044427265,23769.776494805632,24879.397990348414
2025-12-14 12:00:00,3159.2682044427265,23535.39527050187,24579.345643318426
2025-12-14 16:00:00,3159.2682044427265,23425.77032369313,24456.426571073393
2025-12-14 20:00:00,3159.2682044427265,23331.894312904802,24412.984699865738
2025-12-15 00:00:00,3159.2682044427265,23211.461272748722,24241.257608232845
2025-12-15 04:00:00,3159.2682044427265,23514.705491808392,24575.432551361286
2025-12-15 08:00:00,3159.2682044427265,23633.285715962073,24756.327371955842
2025-12-15 12:00:00,3159.2682044427265,23574.922011886432,24743.369212307978
2025-12-15 16:00:00,3159.2682044427265,22853.250178951144,23771.19323169781
2025-12-15 20:00:00,3159.2682044427265,22643.264365345673,23435.28638288018
2025-12-16 00:00:00,3159.2682044427265,22714.906584105185,23751.401447624863
2025-12-16 04:00:00,3159.2682044427265,22571.930949253223,23561.119188333752
2025-12-16 08:00:00,3159.2682044427265,22604.355229295244,23464.35027523957
2025-12-16 12:00:00,3159.2682044427265,22914.393107030388,23891.161461395124
2025-12-16 16:00:00,3159.2682044427265,23081.1465472465,24042.22168494283
2025-12-16 20:00:00,3159.2682044427265,22999.313840473777,23814.21757324016
2025-12-17 00:00:00,3159.2682044427265,23069.103243230893,23975.237485536356
2025-12-17 04:00:00,3159.2682044427265,22943.111755067606,23871.469836364522
2025-12-17 08:00:00,3159.2682044427265,22947.126189739476,23908.972454619405
2025-12-17 12:00:00,3159.2682044427265,22926.74521371306,23818.72306404561
2025-12-17 16:00:00,3159.2682044427265,22908.525856356115,23631.81956447439
2025-12-17 20:00:00,3159.2682044427265,22609.913677302447,23027.92534678259
2025-12-18 00:00:00,3159.2682044427265,22663.336538705018,23124.372963124297
2025-12-18 04:00:00,3159.2682044427265,22770.182261510156,23204.37977398852
2025-12-18 08:00:00,3159.2682044427265,22838.11884826487,23169.507384162243
2025-12-18 12:00:00,3159.2682044427265,22978.006456446165,23379.947863916135
2025-12-18 16:00:00,3159.2682044427265,23280.324267504635,23929.993137789534
2025-12-18 20:00:00,3159.2682044427265,22243.9825168282,22415.987214987166
2025-12-19 00:00:00,3159.2682044427265,22513.87604784465,22754.881375934696
2025-12-19 04:00:00,3159.2682044427265,22874.866365645827,23163.75618088775
2025-12-19 08:00:00,3159.2682044427265,23184.286638046837,23632.125408547217
2025-12-19 12:00:00,3152.949668033841,23248.20879012968,23754.611226828954
2025-12-19 16:00:00,3151.6017082746725,23166.99368869109,23678.615381138246
2025-12-19 20:00:00,3158.878194752407,23129.937368643066,23811.773507195874
2025-12-20 00:00:00,3157.767376061981,23228.754222104464,23856.24510031398
2025-12-20 04:00:00,3161.3744165286453,23253.458435469816,23870.252317362552
2025-12-20 08:00:00,3158.8407514257633,23272.295398160895,23866.95103315045
2025-12-20 12:00:00,3160.8876532822787,23271.98659549383,23898.187115339075
2025-12-20 16:00:00,3157.7174516264563,23253.767238136883,23901.478596218145
2025-12-20 20:00:00,3157.367980577783,23253.14963280275,23841.514975173268
2025-12-21 00:00:00,3151.613771216482,23303.48446753465,23842.436547966834
2025-12-21 04:00:00,3146.2183930623473,23226.592603434998,23747.730471349558
2025-12-21 08:00:00,3150.188322252676,23251.296816800346,23772.375658086716
2025-12-21 12:00:00,3161.1521660964067,23367.097816950427,23856.25280885536
2025-12-21 16:00:00,3145.586773292714,23213.62289141819,23715.139799121644
2025-12-21 20:00:00,3156.996028824435,23325.10065422933,23849.44459853313
2025-12-22 00:00:00,3164.1510451820222,23374.817883627096,23914.92171168529
2025-12-22 04:00:00,3169.2496952307524,23377.905910297766,23931.331260433966
2025-12-22 08:00:00,3175.5096648554527,23473.017131754365,23983.945413086898
2025-12-22 12:00:00,3184.797821130963,23664.474785335828,24136.58954625862
2025-12-22 16:00:00,3184.9114147994915,23555.46744386122,24171.895106147633
2025-12-22 20:00:00,3092.8749527537943,23112.026813953187,23600.59941132678
2025-12-23 00:00:00,3092.8749527537943,23235.547880779937,23786.91379898408
2025-12-23 04:00:00,3092.8749527537943,23115.423643290924,23683.642613575204
2025-12-23 08:00:00,3092.8749527537943,22949.905413743076,23452.207534342506
2025-12-23 12:00:00,3092.8749527537943,22994.99060313484,23516.852246720617
2025-12-23 16:00:00,3092.8749527537943,22923.657187042394,23308.51577779936
2025-12-23 20:00:00,3092.8749527537943,22978.31525911323,23407.381854657855
2025-12-24 00:00:00,3092.8749527537943,22896.173749673442,23400.24934798212
2025-12-24 04:00:00,3092.8749527537943,22869.61672030569,23247.801112240297
2025-12-24 08:00:00,3092.8749527537943,22760.91818149815,23056.26468530408
2025-12-24 12:00:00,3092.8749527537943,22825.766741582192,23133.715557442763
2025-12-24 16:00:00,3092.8749527537943,22812.17942423125,23216.310103000244
2025-12-24 20:00:00,3092.8749527537943,22942.185347066406,23295.544753903687
2025-12-25 00:00:00,3092.8749527537943,22973.992021774295,23277.87268004503
2025-12-25 04:00:00,3092.8749527537943,23021.85643516966,23313.12044504324
2025-12-25 08:00:00,3092.8749527537943,23021.547632502592,23264.147422939037
2025-12-25 12:00:00,3092.8749527537943,22932.303661720267,23147.886996761175
2025-12-25 16:00:00,3092.8749527537943,23141.671869991605,23456.525238533126
2025-12-25 20:00:00,3092.8749527537943,23094.425061930375,23415.238074500172
2025-12-26 00:00:00,3092.8749527537943,22852.941376284078,22939.28540729188
2025-12-26 04:00:00,3092.8749527537943,23238.32710478354,23366.148845886695
2025-12-26 08:00:00,3092.8749527537943,23183.051427378567,23383.19276957992
2025-12-26 12:00:00,3092.8749527537943,23199.72677140018,23500.156608161233
2025-12-26 16:00:00,3092.8749527537943,22844.294901606205,23120.64784711577
2025-12-26 20:00:00,3092.8749527537943,22936.318096392137,23206.249680560064
2025-12-27 00:00:00,3092.8749527537943,22911.92268569385,23215.852599796177
2025-12-27 04:00:00,3092.8749527537943,22947.74379507361,23371.49868416553
2025-12-27 08:00:00,3092.8749527537943,22956.390269751482,23329.66578213545
2025-12-27 12:00:00,3092.8749527537943,22938.479715061603,23312.94350266838
2025-12-27 16:00:00,3092.8749527537943,22950.83182174428,23321.91664106193
2025-12-27 20:00:00,3092.8749527537943,22951.140624411346,23325.412643725416
2025-12-28 00:00:00,3086.689202848287,23035.752555187668,23516.68738375898
2025-12-28 04:00:00,3082.1136560185914,22987.888141792304,23438.287656700184
2025-12-28 08:00:00,3082.1136560185914,22991.28497113004,23435.28264008036
2025-12-28 12:00:00,3085.2289219451923,23025.562067174462,23489.008815188263
2025-12-28 16:00:00,3084.3527534033356,23012.283552490586,23481.15440217522
2025-12-28 20:00:00,3073.1572664796126,22907.290645687848,23292.0358793897
2025-12-29 00:00:00,3090.2912290759195,23046.869451202077,23564.678474442037
2025-12-29 04:00:00,3105.191633484227,23591.597355908045,24182.333536514907
2025-12-29 08:00:00,3084.0977274678507,23453.562563729152,24030.54485181009
2025-12-29 12:00:00,3009.932536723911,22954.84625641615,23536.969546451146
2025-12-29 16:00:00,2990.3758707573106,22987.888141792304,23357.884918114687
2025-12-29 20:00:00,2990.3758707573106,22905.746632352515,23292.869226914696
2025-12-30 00:00:00,2990.3758707573106,22856.64700828888,23292.972052302757
2025-12-30 04:00:00,2990.3758707573106,22897.717763008775,23381.68127765492
2025-12-30 08:00:00,2990.3758707573106,22931.686056386134,23406.88748964949
2025-12-30 12:00:00,2990.3758707573106,23048.104661870344,23523.348931086977
2025-12-30 16:00:00,2990.3758707573106,23359.995355607887,23740.043309852394
2025-12-30 20:00:00,2990.3758707573106,23167.611294025224,23616.784483301053
2025-12-31 00:00:00,2990.3758707573106,23230.607038106868,23659.84956847131
2025-12-31 04:00:00,2990.3758707573106,23229.680630105668,23744.451185129823
2025-12-31 08:00:00,2990.3758707573106,23277.8538461681,23786.3569144121
2025-12-31 12:00:00,2990.3758707573106,23372.965067624697,23910.69451248318
2025-12-31 16:00:00,2990.3758707573106,23091.64583792677,23693.25661720473
2025-12-31 20:00:00,2990.3758707573106,22967.50716576589,23508.07666221809
2026-01-01 00:00:00,2990.3758707573106,22996.534616470177,23534.80475214785
2026-01-01 04:00:00,2990.3758707573106,23037.60537119007,23608.103458428843
2026-01-01 08:00:00,2990.3758707573106,22979.859272448564,23491.77443783387
2026-01-01 12:00:00,2990.3758707573106,23097.82189126811,23655.29984913036
2026-01-01 16:00:00,2990.3758707573106,23116.967656626257,23649.73325511893
2026-01-01 20:00:00,2990.3758707573106,23206.520430075652,23768.20429382333
2026-01-02 00:00:00,2978.414367274281,23320.468614223326,23920.32562613856
2026-01-02 04:00:00,2987.5319550655818,23322.012627558663,23992.912685076837
2026-01-02 08:00:00,2987.204275091635,23353.510499599484,23988.56406746428
2026-01-02 12:00:00,3001.0097029409058,23557.011457196553,24206.363022015867
2026-01-02 16:00:00,3014.849634284896,23492.780502446643,24295.83755512407
2026-01-02 20:00:00,3061.6503244886744,23678.98851068797,24710.001665617376
2026-01-03 00:00:00,3069.32282911334,23712.64800139826,24792.35172183836
2026-01-03 04:00:00,3077.850981221655,23813.31767086206,24876.487051590135
2026-01-03 08:00:00,3034.2991333439154,23600.86143592005,24484.59306509619
2026-01-03 12:00:00,3043.8647385789495,23647.799441314215,24570.763791568097
2026-01-03 16:00:00,3054.592368410587,23709.86877739466,24678.406182334682
2026-01-03 20:00:00,3063.7372986417226,23758.04199345709,24742.795439018475
2026-01-04 00:00:00,3086.4892607831043,23894.223969633582,24958.540564553037
2026-01-04 04:00:00,3108.1234835533123,24042.758052492747,25147.028869560225
2026-01-04 08:00:00,3105.4373901734702,24141.266103287082,25108.19779792011
2026-01-04 12:00:00,3108.088261938312,24090.93126855518,25150.366116226873
2026-01-04 16:00:00,3108.8683251143625,24079.81437254077,25180.22416087593
2026-01-04 20:00:00,3094.6077077035948,24024.847497802868,25023.44635278702
2026-01-05 00:00:00,3111.2525303791926,24149.60377529789,25161.577536563098
2026-01-05 04:00:00,3165.3483873331484,24555.679282490826,25621.315972224307
2026-01-05 08:00:00,3140.1703414471644,24446.363138349152,25419.78574692078
2026-01-05 12:00:00,3159.091673460235,24619.60143457367,25550.333023070576
2026-01-05 16:00:00,3172.5901634528013,24812.603101490466,25648.77175420904
2026-01-05 20:00:00,3193.965982754077,24836.380906854618,25853.10617884596
2026-01-06 00:00:00,3191.5147045472295,24750.533765410026,25819.97191360323
2026-01-06 04:00:00,3188.745846181132,24685.06759999185,25812.233804164254
2026-01-06 08:00:00,3175.363068121609,24554.44407182256,25690.0360474322
2026-01-06 12:00:00,3209.051280398233,24765.97389876337,25993.921241395
2026-01-06 16:00:00,3238.7636546278873,24733.549618721347,26259.36321123851
2026-01-06 20:00:00,3173.5920116158904,24322.22446618827,25666.934861291276
2026-01-07 00:00:00,3244.016150663581,24764.7386880951,26252.640955462324
2026-01-07 04:00:00,3208.963878812355,24497.00677574812,25956.482942457376
2026-01-07 08:00:00,3208.6410022472132,24543.018373141087,25966.56879376324
2026-01-07 12:00:00,3169.8221448271133,24329.94453286494,25703.774934894813
2026-01-07 16:00:00,3120.094310379185,24124.281956598403,25339.694007773942
2026-01-07 20:00:00,3120.094310379185,24086.29922854918,25317.393612744978
2026-01-08 00:00:00,3120.094310379185,24148.05976196255,25429.679312941218
2026-01-08 04:00:00,3120.094310379185,23999.834481770453,25373.959244845795
2026-01-08 08:00:00,3120.094310379185,23917.692972330664,25255.7797148239
2026-01-08 12:00:00,3120.094310379185,23835.551462890875,25106.55148911501
2026-01-08 16:00:00,3120.094310379185,24018.67144446153,25335.806594325622
2026-01-08 20:00:00,3120.094310379185,24085.681623215045,25486.63444989165
2026-01-09 00:00:00,3120.094310379185,24122.73794326307,25568.299686408376
2026-01-09 04:00:00,3120.094310379185,24153.927012636825,25816.103033869877
2026-01-09 08:00:00,3120.094310379185,24040.59643382328,25665.43719490661
2026-01-09 12:00:00,3120.094310379185,23967.101399061365,25491.994365570717
2026-01-09 16:00:00,3120.094310379185,24176.160804665637,25660.04569160779
2026-01-09 20:00:00,3120.094310379185,23956.910911048155,25241.05111195116
2026-01-10 00:00:00,3120.094310379185,24037.817209819677,25294.362398398014
2026-01-10 04:00:00,3120.094310379185,24034.42038048194,25322.652794834292
2026-01-10 08:00:00,3120.094310379185,24052.022132504753,25335.80557245027
2026-01-10 12:00:00,3120.094310379185,24073.32951653237,25406.899469780492
2026-01-10 16:00:00,3120.094310379185,24054.801356508357,25375.63653137994
2026-01-10 20:00:00,3120.094310379185,24048.31650049995,25355.30172105044
2026-01-11 00:00:00,3120.094310379185,24023.921089801668,25301.655425515746
2026-01-11 04:00:00,3120.094310379185,24073.32951653237,25362.724129168622
2026-01-11 08:00:00,3120.094310379185,24066.535857856896,25353.84963523666
2026-01-11 12:00:00,3120.094310379185,24069.623884527566,25404.258472440186
2026-01-11 16:00:00,3113.854121758427,24103.283375237854,25610.87198481171
2026-01-11 20:00:00,3115.489238644576,24040.287631156214,25679.655619537953
2026-01-12 00:00:00,3115.015404297521,24150.838985966155,25749.423916900036
2026-01-12 04:00:00,3111.1135565678737,24292.888212816917,26076.050671386754
2026-01-12 08:00:00,3084.9343696516507,24131.69322060801,25845.454027013497
2026-01-12 12:00:00,3049.7488354023753,23943.014791030146,25638.6418342081
2026-01-12 16:00:00,3067.3846879562198,24206.73226870526,25980.15258144073
2026-01-12 20:00:00,3057.343221669581,24284.55054080611,25862.92400713468
2026-01-13 00:00:00,3038.566017241845,24143.42772195655,25613.456410528244
2026-01-13 04:00:00,3038.566017241845,24194.380162022582,25621.188374802525
2026-01-13 08:00:00,3032.4888852073614,24322.533268855335,25794.670209853502
2026-01-13 12:00:00,3032.7203538491704,24328.091716862542,25982.09275140835
2026-01-13 16:00:00,3038.613645481263,24758.871437420832,26386.240963783304
2026-01-13 20:00:00,3063.4541746693785,24971.018869695774,26578.937802414013
2026-01-14 00:00:00,3120.12060171719,25288.46801144052,26960.625322021082
2026-01-14 04:00:00,3135.5118088833106,25359.183822198836,27075.443918063203
2026-01-14 08:00:00,3115.3265018613965,25225.47226735888,26877.65119168979
2026-01-14 12:00:00,3087.7001114215036,25121.096965890276,26671.14480269878
2026-01-14 16:00:00,3151.333313695014,25634.63580122249,27243.993467920314
2026-01-14 20:00:00,3166.4795825120536,25813.43254545421,27331.136776764564
2026-01-15 00:00:00,3156.680746257378,25713.38048132454,27262.052070583966
2026-01-15 04:00:00,3101.5647604551623,25460.779899663838,26769.225647102656
2026-01-15 08:00:00,3138.226869639784,25664.280857260906,27077.818768064968
2026-01-15 12:00:00,3140.7417421299506,25639.885446562625,27067.75833909364
2026-01-15 16:00:00,3134.06083630383,25743.33434003003,26987.02010686206
2026-01-15 20:00:00,3086.5317833675554,25383.57923289712,26613.821717992367
2026-01-16 00:00:00,3096.2728251633735,25419.400342276876,26741.990374365705
2026-01-16 04:00:00,3085.545363540992,25344.361294179627,26655.211436237587
2026-01-16 08:00:00,3094.1359736320646,25440.090120970355,26797.8580098222
2026-01-16 12:00:00,3087.3550171843735,25356.404598195233,26764.842197422
2026-01-16 16:00:00,3070.601766010961,25188.107144643785,26463.620630605576
2026-01-16 20:00:00,3078.1212260135253,25287.850406106387,26832.67796689026
2026-01-17 00:00:00,3090.69293051754,25438.85491030209,26986.32981894558
2026-01-17 04:00:00,3079.77256034728,25383.27043023005,26909.788914472647
2026-01-17 08:00:00,3074.172082428864,25319.039475480142,26817.0095458965
2026-01-17 12:00:00,3074.172082428864,25379.56479822525,26891.03179572308
2026-01-17 16:00:00,3074.172082428864,25452.133424985965,26978.861270608686
2026-01-17 20:00:00,3074.172082428864,25393.769720910324,26956.524748538664
2026-01-18 00:00:00,3074.172082428864,25344.97889951376,26872.361515765875
2026-01-18 04:00:00,3074.172082428864,25358.566216864703,26802.855288956278
2026-01-18 08:00:00,3074.172082428864,25322.12750215081,26710.949285971074
2026-01-18 12:00:00,3074.172082428864,25353.9341768587,26765.578703351734
2026-01-18 16:00:00,3074.172082428864,25335.406016834688,26729.481736827387
2026-01-18 20:00:00,3068.023738264006,25393.769720910324,26789.972574978066
2026-01-19 00:00:00,3040.13456087543,24879.922082911045,26064.40942532522
2026-01-19 04:00:00,3040.13456087543,24628.55671191861,25487.323143749694
2026-01-19 08:00:00,3040.13456087543,24659.745781292364,25454.230320075556
2026-01-19 12:00:00,3040.13456087543,24747.754541406423,25570.865566981054
2026-01-19 16:00:00,3040.13456087543,24694.02287733679,25475.085842881716
2026-01-19 20:00:00,3040.13456087543,24695.566890672122,25566.07289737556
2026-01-20 00:00:00,3040.13456087543,24560.620125163896,25374.91454449342
2026-01-20 04:00:00,3040.13456087543,24476.008194387574,25393.901132855255
2026-01-20 08:00:00,3040.13456087543,24064.683041854496,24768.026349622894
2026-01-20 12:00:00,3040.13456087543,23995.20244176445,24492.6158146515
2026-01-20 16:00:00,3040.13456087543,23857.78525491969,24258.26969862612
2026-01-20 20:00:00,3040.13456087543,23620.316003945263,24084.990678690356
2026-01-21 00:00:00,3040.13456087543,23258.708080809953,23734.945570753225
2026-01-21 04:00:00,3040.13456087543,23535.704073168938,24064.70488939668
2026-01-21 08:00:00,3040.13456087543,23489.07487044184,24040.285445085072
2026-01-21 12:00:00,3040.13456087543,23390.875622314576,23916.716716621904
2026-01-21 16:00:00,3040.13456087543,23816.096894865663,24491.272430017147
2026-01-21 20:00:00,3040.13456087543,23849.75638557595,24690.141389651726
2026-01-22 00:00:00,3040.13456087543,23651.50507331902,24366.082259584982
2026-01-22 04:00:00,3040.13456087543,23736.11700409534,24441.501138800042
2026-01-22 08:00:00,3040.13456087543,23710.48638272879,24412.10896102786
2026-01-22 12:00:00,3040.13456087543,23719.132857406665,24408.78588524955
2026-01-22 16:00:00,3040.13456087543,23408.786177004455,23950.28075391367
2026-01-22 20:00:00,3040.13456087543,23586.96531590204,24174.8925712099
2026-01-23 00:00:00,3040.13456087543,23512.85267580599,24061.59484546339
2026-01-23 04:00:00,3040.13456087543,23624.021635950066,24151.08250404558
2026-01-23 08:00:00,3040.13456087543,23532.61604649827,24026.3177710687
2026-01-23 12:00:00,3040.13456087543,23446.76890505368,23950.171974377823
2026-01-23 16:00:00,3040.13456087543,23552.37941719055,24009.785070282895
2026-01-23 20:00:00,3040.13456087543,23499.574161122116,23944.999320735573
2026-01-24 00:00:00,3040.13456087543,23383.155555637903,23825.362782151962
2026-01-24 04:00:00,3040.13456087543,23421.755889021264,23884.577802989104
2026-01-24 08:00:00,3040.13456087543,23382.229147636703,23792.307172994144
2026-01-24 12:00:00,3040.13456087543,23378.5235156319,23802.05516371687
2026-01-24 16:00:00,3040.13456087543,23295.146795523844,23737.102527254523
2026-01-24 20:00:00,3040.13456087543,23303.175664867584,23779.830592326514
2026-01-25 00:00:00,3040.13456087543,23275.383424831565,23757.40955484359
2026-01-25 04:00:00,3040.13456087543,23207.75564074392,23670.76139927817
2026-01-25 08:00:00,3040.13456087543,23128.39335530773,23624.821562956124
2026-01-25 12:00:00,3040.13456087543,23093.80745659624,23628.72289098175
2026-01-25 16:00:00,3040.13456087543,23067.868032562623,23495.48260595417
2026-01-25 20:00:00,3040.13456087543,22548.770749223208,22448.83448069467
2026-01-26 00:00:00,3040.13456087543,22546.609130553737,22497.376158069932
2026-01-26 04:00:00,3040.13456087543,22696.069621414106,22846.686714893
2026-01-26 08:00:00,3040.13456087543,22936.318096392137,23156.096763488575
2026-01-26 12:00:00,3040.13456087543,22860.043837626617,23056.327472930807
2026-01-26 16:00:00,3040.13456087543,22736.2139681328,23075.98443197649
2026-01-26 20:00:00,3040.13456087543,22859.117429625418,23234.059480177486
2026-01-27 00:00:00,3040.13456087543,22957.934283086815,23276.753749190564
2026-01-27 04:00:00,3040.13456087543,23046.56064853501,23336.081510151296
2026-01-27 08:00:00,3040.13456087543,22965.963152430555,23313.615244197914
2026-01-27 12:00:00,3040.13456087543,22814.032240233653,23172.260956614497
2026-01-27 16:00:00,3040.13456087543,22720.15622944532,23177.904252847366
2026-01-27 20:00:00,3040.13456087543,22761.84458949935,23288.354440550247
2026-01-28 00:00:00,3034.054291753679,22895.55614433931,23461.122648934237
2026-01-28 04:00:00,3028.5811685244144,22898.33536834291,23437.3148249905
2026-01-28 08:00:00,3029.2663164986225,22926.436411045994,23470.707873204912
2026-01-28 12:00:00,3036.6500485758897,23215.16690475352,23747.63531072402
2026-01-28 16:00:00,3023.981078373773,23110.79160328492,23511.502336089452
2026-01-28 20:00:00,3026.63955926702,23095.351469931575,23510.375082449616
2026-01-29 00:00:00,3017.3695173636766,22991.28497113004,23365.099732512506
2026-01-29 04:00:00,2975.676299756157,22659.630906700215,22944.548128867536
2026-01-29 08:00:00,2979.2027966822293,22759.99177349695,23074.925910382808
2026-01-29 12:00:00,2965.3618725777487,22669.203789379288,22953.067647479227
2026-01-29 16:00:00,2965.3618725777487,21949.69357511347,22103.318383296268
2026-01-29 20:00:00,2965.3618725777487,21674.550398756885,21873.429039783143
2026-01-30 00:00:00,2965.3618725777487,21815.982020273514,22032.962799030847
2026-01-30 04:00:00,2965.3618725777487,21394.157577060163,21514.908976827588
2026-01-30 08:00:00,2965.3618725777487,21393.848774393096,21620.221574843275
2026-01-30 12:00:00,2965.3618725777487,21459.314939811273,21776.352428606933
2026-01-30 16:00:00,2965.3618725777487,21478.46070516942,21781.446956848307
2026-01-30 20:00:00,2965.3618725777487,21885.46262036356,22100.73447433379
2026-01-31 00:00:00,2965.3618725777487,21924.98936174812,22033.474408036967
2026-01-31 04:00:00,2965.3618725777487,21863.228828334744,22082.581098112918
2026-01-31 08:00:00,2965.3618725777487,21741.251774843327,21922.114250950402
2026-01-31 12:00:00,2965.3618725777487,21606.305009335105,21696.227820031618
2026-01-31 16:00:00,2965.3618725777487,21158.541142088136,20712.119617044562
2026-01-31 20:00:00,2965.3618725777487,20275.983119611006,19585.4279428156
2026-02-01 00:00:00,2965.3618725777487,20552.67030930293,20145.742096346337
2026-02-01 04:00:00,2965.3618725777487,20576.756917334144,20074.853819296957
2026-02-01 08:00:00,2965.3618725777487,20429.76684781031,19993.53131869271
2026-02-01 12:00:00,2965.3618725777487,20544.332637292122,20024.084592187493
2026-02-01 16:00:00,2965.3618725777487,20225.957087546172,19456.072654091222
2026-02-01 20:00:00,2965.3618725777487,20102.127218052356,19441.51895582932
2026-02-02 00:00:00,2965.3618725777487,20047.46914598152,19255.302389054654
2026-02-02 04:00:00,2965.3618725777487,19845.512201719783,19049.87709496285
2026-02-02 08:00:00,2965.3618725777487,19945.873068516517,19219.71257868583
2026-02-02 12:00:00,2965.3618725777487,20235.22116755818,19503.51017912865
2026-02-02 16:00:00,2965.3618725777487,20649.943149428993,20032.148705278174
2026-02-02 20:00:00,2965.3618725777487,20507.276317244097,19844.125105619732
2026-02-03 00:00:00,2965.3618725777487,20603.622749368962,19948.807500416056
2026-02-03 04:00:00,2965.3618725777487,20573.05128532934,19882.916747348085
2026-02-03 08:00:00,2965.3618725777487,20584.16818134375,19905.842102128405
2026-02-03 12:00:00,2965.3618725777487,20448.912613168457,19673.746192822044
2026-02-03 16:00:00,2965.3618725777487,20415.25312245817,19624.326298915767
2026-02-03 20:00:00,2965.3618725777487,19575.9274733704,18873.67612560506
2026-02-04 00:00:00,2965.3618725777487,19779.73723363454,18860.0004170217
2026-02-04 04:00:00,2965.3618725777487,19999.295929919088,19106.884249795454
2026-02-04 08:00:00,2965.3618725777487,19954.828345861457,18976.314829265495
2026-02-04 12:00:00,2965.3618725777487,19854.77628173179,18756.002914281966
2026-02-04 16:00:00,2965.3618725777487,19379.837779782938,18153.7414034754
2026-02-04 20:00:00,2965.3618725777487,19296.769862341946,18304.630919921452
2026-02-05 00:00:00,2965.3618725777487,19105.621011427553,17979.152668289185
2026-02-05 04:00:00,2965.3618725777487,18621.418429466692,17697.37335389424
2026-02-05 08:00:00,2965.3618725777487,18486.1628612914,17554.47990755531
2026-02-05 12:00:00,2965.3618725777487,18383.33157315813,17457.958387082177
2026-02-05 16:00:00,2965.3618725777487,17650.542844208438,16550.57477611584
2026-02-05 20:00:00,2965.3618725777487,17057.641723440036,16024.711306530884
2026-02-06 00:00:00,2965.3618725777487,16472.769472015378,15398.116694625674
2026-02-06 04:00:00,2965.3618725777487,16797.32107510266,15427.121473701649
2026-02-06 08:00:00,2965.3618725777487,16979.20584600505,15778.99069371253
2026-02-06 12:00:00,2965.3618725777487,17447.041886611365,16133.122446420923
2026-02-06 16:00:00,2965.3618725777487,17956.875089938778,16665.745534302187
2026-02-06 20:00:00,2965.3618725777487,18500.367783976475,17207.05862862961
2026-02-07 00:00:00,2965.3618725777487,18467.017095933254,17239.461225293308
2026-02-07 04:00:00,2965.3618725777487,18559.966698720382,17356.367945630504
2026-02-07 08:00:00,2965.3618725777487,17817.605087091615,16753.098735091262
2026-02-07 12:00:00,2965.3618725777487,17799.694532401736,16714.59596961346
2026-02-07 16:00:00,2965.3618725777487,18138.451058174098,17045.522173217585
2026-02-07 20:00:00,2965.3618725777487,18164.699284874783,17258.316840500665
2026-02-08 00:00:00,2965.3618725777487,18136.907044838765,17169.975445515294
2026-02-08 04:00:00,2965.3618725777487,18096.76269812007,17080.93605580741
2026-02-08 08:00:00,2965.3618725777487,18256.413676993645,17190.103008849765
2026-02-08 12:00:00,2959.431148832593,18614.007165457086,17469.87409360888
2026-02-08 16:00:00,2941.83584181073,18652.607498840447,17397.335330263802
2026-02-08 20:00:00,2952.5024526247926,18701.707122904078,17474.068574804784
2026-02-09 00:00:00,2917.0314753013,18385.18438916053,17186.288210887207
2026-02-09 04:00:00,2935.146995337947,18639.946589490704,17347.669173901653
2026-02-09 08:00:00,2900.954090097531,18352.142503784376,16965.397889767817
2026-02-09 12:00:00,2859.3687093690705,17929.08284990276,16567.612533367777
2026-02-09 16:00:00,2877.0646334385747,18030.67892736776,16776.394213343825
2026-02-09 20:00:00,2926.6144607571655,18381.16995448866,17226.657061559046
2026-02-10 00:00:00,2900.7482470255654,18201.137999588675,17039.373147103906
2026-02-10 04:00:00,2876.033764298013,18011.84196467668,16827.022782749707
2026-02-10 08:00:00,2876.033764298013,17866.70471115525,16595.473940446518
2026-02-10 12:00:00,2876.033764298013,17775.916727037587,16490.768643818054
2026-02-10 16:00:00,2876.033764298013,17962.742340613047,16610.056959024132
2026-02-10 20:00:00,2876.033764298013,17920.745177891953,16485.92388049246
2026-02-11 00:00:00,2876.033764298013,17878.439212503792,16479.74152552967
2026-02-11 04:00:00,2876.033764298013,17675.555860240853,16405.879048540806
2026-02-11 08:00:00,2876.033764298013,17369.223614510513,16000.986646645873
2026-02-11 12:00:00,2876.033764298013,17388.06057720159,16045.471150562713
2026-02-11 16:00:00,2876.033764298013,17324.44722778582,15888.955115198823
2026-02-11 20:00:00,2876.033764298013,17562.53408409438,15976.763322144034
2026-02-12 00:00:00,2876.033764298013,17439.93942526883,15886.361629365467
2026-02-12 04:00:00,2876.033764298013,17574.26858544292,16096.075072213218
2026-02-12 08:00:00,2876.033764298013,17482.554193324057,16088.30261227104
2026-02-12 12:00:00,2876.033764298013,17687.290361589396,16275.272384921049
2026-02-12 16:00:00,2876.033764298013,17443.336254606565,15968.153203298902
2026-02-12 20:00:00,2876.033764298013,17115.079019514476,15606.59991828309
2026-02-13 00:00:00,2876.033764298013,17231.18882233162,15738.623203954157
2026-02-13 04:00:00,2876.033764298013,17312.712726437276,15841.619954853413
2026-02-13 08:00:00,2876.033764298013,17237.36487567296,15793.340884480087
2026-02-13 12:00:00,2876.033764298013,17484.715811993527,16031.513804253518
2026-02-13 16:00:00,2870.2816967694166,17907.466663208077,16560.679723966783
2026-02-13 20:00:00,2874.1015520037863,17941.126153918365,16730.375967178938
2026-02-14 00:00:00,2864.96408871309,17911.17229521288,16671.553575682374
2026-02-14 04:00:00,2870.2717619315167,17953.169457933975,16760.3502178102
2026-02-14 08:00:00,2878.2550852030777,18023.57646602522,16808.586622055103
2026-02-14 12:00:00,2942.7040135576535,18380.24354648746,17194.240123314485
2026-02-14 16:00:00,2929.1020039404116,18193.72673557907,17131.6920126537
2026-02-14 20:00:00,2938.758944967152,18208.240460931214,17208.52335705967
2026-02-15 00:00:00,2935.197198398633,18194.96194624734,17184.10318698224
2026-02-15 04:00:00,2930.9700538877914,18234.797490298963,17213.107105214156
2026-02-15 08:00:00,2983.991066418803,18470.41392527099,17548.540948568996
2026-02-15 12:00:00,2942.6621451545975,18316.630197071685,17299.985115215153
2026-02-15 16:00:00,2873.792198924293,17993.622607319736,16940.52119488862
2026-02-15 20:00:00,2833.6893067475103,17776.225529704654,16581.32303901654
2026-02-16 00:00:00,2842.2963452069944,17909.93708454461,16728.22351883792
2026-02-16 04:00:00,2831.40306215671,17809.57621774788,16596.55492918157
2026-02-16 08:00:00,2831.134092204851,17861.146263148046,16627.904984829776
2026-02-16 12:00:00,2836.379006266099,17918.274756555416,16699.254158930104
2026-02-16 16:00:00,2805.161546743503,17601.75202281187,16355.122281058531
2026-02-16 20:00:00,2805.161546743503,17696.245638934335,16544.739610035464
2026-02-17 00:00:00,2805.161546743503,17958.110300607044,16843.633466919273
2026-02-17 04:00:00,2805.161546743503,17859.293447145643,16788.535332339918
2026-02-17 08:00:00,2805.161546743503,17851.88218313604,16805.39133724889
2026-02-17 12:00:00,2805.161546743503,17711.994574954744,16605.96266413384
2026-02-17 16:00:00,2805.161546743503,17624.912222841886,16471.58060239314
2026-02-17 20:00:00,2805.161546743503,17672.15903090312,16593.720994315812
2026-02-18 00:00:00,2805.161546743503,17588.78231079506,16578.048309345293
2026-02-18 04:00:00,2805.161546743503,17636.64672419043,16632.203769698994
2026-02-18 08:00:00,2805.161546743503,17775.60792437052,16706.102883220887
2026-02-18 12:00:00,2805.161546743503,17584.76787612319,16367.482231649217
2026-02-18 16:00:00,2805.161546743503,17682.96712425046,16425.54217351811
2026-02-18 20:00:00,2805.161546743503,17341.74017714156,16087.171684407229
2026-02-19 00:00:00,2805.161546743503,17410.294369230407,16192.971409978109
2026-02-19 04:00:00,2805.161546743503,17542.153108067963,16271.662417999272
2026-02-19 08:00:00,2805.161546743503,17583.223862787858,16350.705851941639
2026-02-19 12:00:00,2805.161546743503,17426.352107917886,16164.541784052166
2026-02-19 16:00:00,2805.161546743503,17425.11689724962,16083.830266661804
2026-02-19 20:00:00,2805.161546743503,17597.428785472934,16289.244177133016
2026-02-20 00:00:00,2805.161546743503,17576.12140144532,16333.364868745935
2026-02-20 04:00:00,2805.161546743503,17688.216769590596,16445.688897687363
2026-02-20 08:00:00,2805.161546743503,17820.693113762285,16546.601931339555
2026-02-20 12:00:00,2805.161546743503,17665.98297756178,16463.45208712883
2026-02-20 16:00:00,2805.161546743503,17709.52415361821,16574.365129589736
2026-02-20 20:00:00,2805.161546743503,17725.27308963862,16609.275930694377
2026-02-21 00:00:00,2805.161546743503,17815.134665755082,16636.907332981835
2026-02-21 04:00:00,2805.161546743503,17724.037878970354,16562.012553887344
2026-02-21 08:00:00,2805.161546743503,17780.54876704359,16579.999180702896
2026-02-21 12:00:00,2793.9409005565294,17846.01493246177,16732.338997482144
2026-02-21 16:00:00,2814.036541109265,17984.049724640663,16905.319894593245
2026-02-21 20:00:00,2803.394831555072,17964.903959282517,16864.18844950454
2026-02-22 00:00:00,2776.4645409229915,17814.51706042095,16690.734142078814
2026-02-22 04:00:00,2776.9742905272105,17829.95719377429,16689.760581286766
2026-02-22 08:00:00,2779.3945951753626,17824.08994310002,16706.277170711248
2026-02-22 12:00:00,2785.1435818395958,17881.836041841525,16737.154048928733
2026-02-22 16:00:00,2735.3262302694125,17746.27167099917,16486.38625934907
2026-02-22 20:00:00,2725.903464610266,17672.467833570186,16431.06911430063
2026-02-23 00:00:00,2725.903464610266,17648.690028206034,16342.26880213305
2026-02-23 04:00:00,2725.903464610266,16964.074515318775,15516.518306413658
2026-02-23 08:00:00,2725.903464610266,17228.100795660954,15796.174856377249
2026-02-23 12:00:00,2725.903464610266,17351.004257153567,15975.262888020443
2026-02-23 16:00:00,2725.903464610266,17185.79483027279,15822.74472057404
2026-02-23 20:00:00,2725.903464610266,16839.93584315789,15551.479270317242
2026-02-24 00:00:00,2725.903464610266,16926.09178726955,15544.48679135126
2026-02-24 04:00:00,2725.903464610266,16673.182402941777,15341.933815546112
2026-02-24 08:00:00,2725.903464610266,16565.719074802506,15290.498023574382
2026-02-24 12:00:00,2725.903464610266,16575.600760148645,15294.432206201003
2026-02-24 16:00:00,2725.903464610266,16784.351363085854,15445.71333407025
2026-02-24 20:00:00,2725.903464610266,16893.976309894595,15589.945818220342
2026-02-25 00:00:00,2725.903464610266,16803.188325776933,15616.06958238237
2026-02-25 04:00:00,2725.903464610266,17125.887112861816,16042.996516031792
2026-02-25 08:00:00,2725.903464610266,17025.52624606508,16031.923895243035
2026-02-25 12:00:00,2725.903464610266,17161.09061690744,16245.25034180659
2026-02-25 16:00:00,2714.999850751825,17643.749185532964,16760.399342392237
2026-02-25 20:00:00,2771.536594187197,18064.33841807805,17303.798275253408
2026-02-26 00:00:00,2732.402711473274,17763.564620354915,17030.26104073028
2026-02-26 04:00:00,2733.2591923603068,17822.23712709762,17038.11814562691
2026-02-26 08:00:00,2722.681150997926,17736.38998565303,16952.77200969861
2026-02-26 12:00:00,2725.596649422938,17814.51706042095,16952.22487907699
2026-02-26 16:00:00,2704.184947877876,17642.20517219763,16842.919754245944
2026-02-26 20:00:00,2703.993340474196,17697.172046935535,16841.99887971129
2026-02-27 00:00:00,2693.606819702003,17657.95410821804,16765.577429863057
2026-02-27 04:00:00,2721.595484375885,17691.304796261265,16966.050227949752
2026-02-27 08:00:00,2710.8020686775094,17691.304796261265,16909.450048680257
2026-02-27 12:00:00,2617.5906789873825,17310.24230510074,16342.503277493823
2026-02-27 16:00:00,2590.673991579668,17295.728579748597,16230.998766029643
2026-02-27 20:00:00,2590.673991579668,17097.168464824597,16018.31404959856
2026-02-28 00:00:00,2590.673991579668,17236.747270338823,16110.149451442372
2026-02-28 04:00:00,2590.673991579668,17215.748688978278,16087.57497376057
2026-02-28 08:00:00,2590.673991579668,16712.091538992205,15549.321576807688
2026-02-28 12:00:00,2590.673991579668,16727.840475012614,15578.43116268934
2026-02-28 16:00:00,2590.673991579668,16991.24915002066,15903.801976891402
2026-02-28 20:00:00,2590.673991579668,17388.06057720159,16232.139626546763
2026-03-01 00:00:00,2590.673991579668,17542.153108067963,16509.463245350955
2026-03-01 04:00:00,2590.673991579668,17661.659740222844,16963.90550319886
2026-03-01 08:00:00,2590.673991579668,17563.46049209558,16777.419786856764
2026-03-01 12:00:00,2590.673991579668,17393.31022254173,16547.080926919945
2026-03-01 16:00:00,2590.673991579668,17490.891865334863,16649.42897081829
2026-03-01 20:00:00,2590.673991579668,17275.965209056318,16298.619391082677
2026-03-02 00:00:00,2590.673991579668,17280.59724906232,16349.426560363772
2026-03-02 04:00:00,2590.673991579668,17510.346433360075,16553.639584562716
2026-03-02 08:00:00,2590.673991579668,17403.19190788787,16348.589220840844
2026-03-02 12:00:00,2590.673991579668,17469.893283974314,16471.94649613055
2026-03-02 16:00:00,2575.2226556457936,18273.70662634939,17392.61355041345
2026-03-02 20:00:00,2552.8098273681153,18182.301036897596,17208.804976914966
2026-03-03 00:00:00,2540.0897806212615,18176.742588890393,17115.10089414341
2026-03-03 04:00:00,2523.6415999118,18059.706378072045,17019.756671745305
2026-03-03 08:00:00,2518.156678746903,18076.690524760725,16980.348809371473
2026-03-03 12:00:00,2486.6734936361445,17845.088524460567,16770.674476135577
2026-03-03 16:00:00,2512.624217995033,18075.14651142539,16963.590807128443
2026-03-03 20:00:00,2519.9701019427603,18203.299618258145,16990.549429400955
2026-03-04 00:00:00,2535.805956776545,18180.448220895196,17161.309732712787
2026-03-04 04:00:00,2503.9133853677477,18022.65005802402,16970.99006054431
2026-03-04 08:00:00,2541.5981251986827,18484.310045289,17344.03569729816
2026-03-04 12:00:00,2576.684442763163,18876.180629796865,17749.00462411627
2026-03-04 16:00:00,2673.5353066484768,19487.30110792221,18382.125862706846
2026-03-04 20:00:00,2690.2581937678406,19550.296852003852,18467.272207214373
2026-03-05 00:00:00,2635.924684673599,19296.152257007812,18093.976998011087
2026-03-05 04:00:00,2627.1084661612877,19286.270571661673,18014.565674794772
2026-03-05 08:00:00,2620.2718808749996,19186.52731019907,17993.036268964846
2026-03-05 12:00:00,2658.158122081114,19405.15959848242,18257.434102455052
2026-03-05 16:00:00,2606.941384917748,19114.576288772492,17906.75253681477
2026-03-05 20:00:00,2586.210949643982,18930.838701867702,17754.43979122352
2026-03-06 00:00:00,2578.1987487222555,18873.71020846033,17702.491692314936
2026-03-06 04:00:00,2572.2591358854643,18892.547171151407,17671.936670850802
2026-03-06 08:00:00,2573.2706980446237,18905.20808050115,17708.251853974933
2026-03-06 12:00:00,2552.0074139713365,18758.526813644385,17527.60337515978
2026-03-06 16:00:00,2524.2988200887307,18278.338666355394,16997.78001698468
2026-03-06 20:00:00,2524.2988200887307,18144.009506181304,17000.761581425268
2026-03-07 00:00:00,2524.2988200887307,18122.084516819556,16925.281506672865
2026-03-07 04:00:00,2524.2988200887307,18118.378884814752,16909.338220769834
2026-03-07 08:00:00,2524.2988200887307,18052.295114062443,16862.92402328501
2026-03-07 12:00:00,2524.2988200887307,18103.86515946261,16932.00433681994
2026-03-07 16:00:00,2524.2988200887307,18073.602498090055,16823.508864264935
2026-03-07 20:00:00,2524.2988200887307,17861.76386848218,16603.974695892735
2026-03-08 00:00:00,2524.2988200887307,17919.509967223687,16717.157526034272
2026-03-08 04:00:00,2524.2988200887307,17849.411761799503,16572.454041094577
2026-03-08 08:00:00,2524.2988200887307,17942.05256191957,16683.763904321604
2026-03-08 12:00:00,2524.2988200887307,17991.460988650266,16673.654465599157
2026-03-08 16:00:00,2524.2988200887307,17918.274756555416,16572.306213777763
2026-03-08 20:00:00,2524.2988200887307,17965.212761949584,16676.191965098864
2026-03-09 00:00:00,2524.2988200887307,17691.613598928332,16501.033371413272
2026-03-09 04:00:00,2524.2988200887307,18033.149348704294,16832.698273584232
2026-03-09 08:00:00,2524.2988200887307,18050.751100727106,16805.333482277456
2026-03-09 12:00:00,2524.2988200887307,18108.188396801546,16877.915803336422
2026-03-09 16:00:00,2524.2988200887307,18364.494610467053,17121.66937032956
2026-03-09 20:00:00,2524.2988200887307,18365.72982113532,17211.57521673415
2026-03-10 00:00:00,2524.2988200887307,18193.72673557907,16985.743743215437
2026-03-10 04:00:00,2519.2502224485534,18474.119557275793,17190.80277373561
2026-03-10 08:00:00,2517.640108198235,18658.474749514717,17352.385132482203
2026-03-10 12:00:00,2529.4442137790156,18737.528232283836,17419.882254772543
2026-03-10 16:00:00,2558.9667800082116,18926.824267195832,17650.55835254583
2026-03-10 20:00:00,2509.7506768075305,18631.30011481283,17295.07972744386
2026-03-11 00:00:00,2508.026438613624,18614.007165457086,17277.409996471113
2026-03-11 04:00:00,2490.0080742323507,18475.045965276993,17167.920573970354
2026-03-11 08:00:00,2489.895121869594,18528.468826679564,17173.89107718044
2026-03-11 12:00:00,2476.305518111251,18427.181551881626,17077.21400923624
2026-03-11 16:00:00,2507.0767601786274,18763.77645898452,17346.65218451213
2026-03-11 20:00:00,2521.2698981886665,18855.182048436316,17585.62019367738
2026-03-12 00:00:00,2510.722611565613,18788.171869682803,17494.794287707507
2026-03-12 04:00:00,2490.086502278996,18597.331821435477,17235.992147947152
2026-03-12 08:00:00,2500.2054420515,18678.238120206996,17359.61679021512
2026-03-12 12:00:00,2515.829904968698,18827.698611067364,17533.78405159177
2026-03-12 16:00:00,2523.8921158138273,18860.431693776452,17565.727544476744
2026-03-12 20:00:00,2525.0916138384127,18898.10561915861,17601.631021853136
2026-03-13 00:00:00,2525.884297518289,18904.899277834083,17601.117427098496
2026-03-13 04:00:00,2552.960445841524,19166.14633417266,18046.636552885095
2026-03-13 08:00:00,2549.3514485449227,19307.886758356355,18016.324124848943
2026-03-13 12:00:00,2578.548065022271,19454.56802521312,18248.224065757866
2026-03-13 16:00:00,2574.9006898058788,19389.719465129077,18180.55370746521
2026-03-13 20:00:00,2555.0351614583296,19251.684672950185,18056.780161657538
2026-03-14 00:00:00,2541.2217450223143,19177.263230187065,17950.80422411928
2026-03-14 04:00:00,2550.698738881867,19230.068486255503,18011.851798902775
2026-03-14 08:00:00,2525.0721432568403,19105.312208760486,17832.140106352133
2026-03-14 12:00:00,2522.6771077066487,19149.470990151047,17805.40167134686
2026-03-14 16:00:00,2519.0760207849903,19109.017840765286,17771.338636103406
2026-03-14 20:00:00,2525.6661764460105,19147.618174148647,17824.50342960712
2026-03-15 00:00:00,2549.5661044348108,19287.50578232994,17999.599715420954
2026-03-15 04:00:00,2549.4401932327446,19324.870905045034,17993.50802382524
2026-03-15 08:00:00,2560.4025531728703,19361.309619758926,18068.59512010512
2026-03-15 12:00:00,2571.127252385725,19464.140907892193,18132.601111637872
2026-03-15 16:00:00,2549.9179573006695,19356.677579752923,18000.49651732941
2026-03-15 20:00:00,2560.2969722767034,19366.250462431995,18056.66637930189
2026-03-16 00:00:00,2636.6170501417973,19674.12672149767,18643.07253249679
2026-03-16 04:00:00,2672.4183815081433,19848.600228390453,18834.036813693037
2026-03-16 08:00:00,2685.9275140955606,19861.261137740195,18923.778319399386
2026-03-16 12:00:00,2685.04084147844,19792.398142984282,18891.058989040463
2026-03-16 16:00:00,2676.1223289258633,19704.080580203154,18802.470703323328
2026-03-16 20:00:00,2721.1900953719487,19855.393887065922,19102.729425915713
2026-03-17 00:00:00,2752.573247488376,20116.023338070365,19329.57323331621
2026-03-17 04:00:00,2717.777619155269,20025.85295928684,19059.192453044376
2026-03-17 08:00:00,2720.460245798606,19957.298767197994,19076.67228100837
2026-03-17 12:00:00,2707.0643201522093,19873.3044417558,18958.251327469974
2026-03-17 16:00:00,2698.8602161412573,19816.484751015498,18921.755635273577
2026-03-17 20:00:00,2713.651863612053,19961.004399202797,19049.43777129489
2026-03-18 00:00:00,2703.6154406041073,19791.162932316012,18980.739481579505
2026-03-18 04:00:00,2724.283764883627,19944.946660515317,19107.550931930047
2026-03-18 08:00:00,2700.2699152269083,19806.911868336425,18934.987359855593
2026-03-18 12:00:00,2635.5565392979097,19518.490177295964,18555.13501020076
2026-03-18 16:00:00,2598.8112866084743,19173.248795515196,18099.64721842014
2026-03-18 20:00:00,2598.8112866084743,19140.515712806107,18171.53492505637
2026-03-19 00:00:00,2598.8112866084743,19197.026600879348,18256.491929780568
2026-03-19 04:00:00,2598.8112866084743,19164.911123504393,18307.95565247415
2026-03-19 08:00:00,2598.8112866084743,18930.529899200632,18071.730440656418
2026-03-19 12:00:00,2598.8112866084743,18821.831360393095,18019.026053507077
2026-03-19 16:00:00,2598.8112866084743,18613.69836279002,17645.58304614719
2026-03-19 20:00:00,2598.8112866084743,18732.587389610766,17760.827902738754
2026-03-20 00:00:00,2598.8112866084743,18650.754682838044,17755.73842393275
2026-03-20 04:00:00,2598.8112866084743,18899.032027159814,17937.517606573572
2026-03-20 08:00:00,2598.8112866084743,18910.14892317422,17907.054191329167
2026-03-20 12:00:00,2598.8112866084743,18811.640872379885,17843.762959574684
2026-03-20 16:00:00,2598.8112866084743,18692.44304289207,17802.3855279868
2026-03-20 20:00:00,2598.8112866084743,18740.30745628744,17800.75396852818
2026-03-21 00:00:00,2598.8112866084743,18819.97854439069,17924.36970291457
2026-03-21 04:00:00,2598.8112866084743,18863.82852311419,18005.346338607967
2026-03-21 08:00:00,2598.8112866084743,18876.798235131,17979.3949052411
2026-03-21 12:00:00,2598.8112866084743,18861.049299110586,17961.001261890466
2026-03-21 16:00:00,2598.8112866084743,18855.490851103383,17945.083685951195
2026-03-21 20:00:00,2598.8112866084743,18794.65672569121,17915.941629317276
2026-03-22 00:00:00,2598.8112866084743,18405.565365186947,17479.892823263588
2026-03-22 04:00:00,2598.8112866084743,18522.910378672357,17671.904411402546
2026-03-22 08:00:00,2598.8112866084743,18408.653391857613,17507.967897797433
2026-03-22 12:00:00,2598.8112866084743,18234.17988496483,17344.670661403787
2026-03-22 16:00:00,2598.8112866084743,18409.27099719175,17490.644145974744
2026-03-22 20:00:00,2598.8112866084743,18245.914386313372,17351.958690843094
2026-03-23 00:00:00,2598.8112866084743,18129.80458349623,17220.529990444516
2026-03-23 04:00:00,2598.8112866084743,18217.50454094322,17278.280012687665
2026-03-23 08:00:00,2598.8112866084743,18302.734077053676,17270.884941694938
2026-03-23 12:00:00,2598.8112866084743,18734.131402946103,17794.76398721404
2026-03-23 16:00:00,2598.8112866084743,18691.207832223805,17843.341997340496
2026-03-23 20:00:00,2593.6136640352574,18792.186304354673,18028.94635965301
2026-03-24 00:00:00,2594.9121893224346,18859.505285775253,18063.089189169397
2026-03-24 04:00:00,2585.525392119365,18806.39122703975,17941.645129369772
2026-03-24 08:00:00,2586.667775833681,18964.49819257799,18139.551928189365
2026-03-24 12:00:00,2589.5171493990724,18962.954179242657,18163.447617221223
2026-03-24 16:00:00,2543.4852660309016,18631.30011481283,17818.314828591116
2026-03-24 20:00:00,2506.916209860028,18483.692439954866,17617.818898361555
2026-03-25 00:00:00,2520.989939463924,18760.070826979718,17961.27672917229
2026-03-25 04:00:00,2522.277311005607,18814.42009638349,18072.688531925058
2026-03-25 08:00:00,2525.2474610624895,18882.047880471135,18125.39665828917
2026-03-25 12:00:00,2523.7176197246526,19074.12313938673,18328.339770854604
2026-03-25 16:00:00,2500.371669458012,18898.723224492744,18151.31066522163
2026-03-25 20:00:00,2505.539742640988,18932.382715203035,18175.2098042454
2026-03-26 00:00:00,2509.8422123633054,19047.874912686046,18210.491184456492
2026-03-26 04:00:00,2491.130095442888,18921.883424522763,18076.998817341624
2026-03-26 08:00:00,2450.7525803560784,18727.028941603563,17796.565044725656
2026-03-26 12:00:00,2413.6282468467953,18554.099448046112,17544.327253645177
2026-03-26 16:00:00,2413.6282468467953,18477.20758394646,17500.536656173746
2026-03-26 20:00:00,2413.6282468467953,18361.406583796383,17248.5496970033
2026-03-27 00:00:00,2413.6282468467953,18423.475919876826,17382.11673071865
2026-03-27 04:00:00,2413.6282468467953,18398.462903844407,17355.55389849114
2026-03-27 08:00:00,2413.6282468467953,18368.200242471856,17323.834513677553
2026-03-27 12:00:00,2413.6282468467953,17904.06983387034,16833.366603510705
2026-03-27 16:00:00,2413.6282468467953,17716.935417627814,16753.550203623192
2026-03-27 20:00:00,2413.6282468467953,17706.43612694754,16703.622602244694
2026-03-28 00:00:00,2413.6282468467953,17814.51706042095,16772.08142205345
2026-03-28 04:00:00,2413.6282468467953,17768.196660360918,16704.004164711852
2026-03-28 08:00:00,2413.6282468467953,17858.67584181151,16859.952074680943
2026-03-28 12:00:00,2413.6282468467953,17805.870585743076,16772.356023523862
2026-03-28 16:00:00,2413.6282468467953,18000.10746332814,16964.346859163776
2026-03-28 20:00:00,2413.6282468467953,17970.771209956787,16895.24716234955
2026-03-29 00:00:00,2413.6282468467953,17816.061073756282,16682.518138350322
2026-03-29 04:00:00,2413.6282468467953,17968.30078862025,16848.797758047258
2026-03-29 08:00:00,2413.6282468467953,17894.1881485242,16761.07744013938
2026-03-29 12:00:00,2413.6282468467953,17932.170876573426,16786.23502538626
2026-03-29 16:00:00,2413.6282468467953,17856.205420474977,16664.625157403032
2026-03-29 20:00:00,2413.6282468467953,17805.252980408943,16632.81360867353
2026-03-30 00:00:00,2413.6282468467953,17743.801249662632,16603.313744725514
2026-03-30 04:00:00,2413.6282468467953,18008.75393800601,16907.12415505914
2026-03-30 08:00:00,2413.6282468467953,18153.582388860377,17075.644896235586
2026-03-30 12:00:00,2408.8009903531015,18193.72673557907,17149.251724051916
2026-03-30 16:00:00,2412.0617881391067,18226.151015621093,17212.12759211657
2026-03-30 20:00:00,2386.8541707810837,17920.12757255782,16823.578302408874
2026-03-31 00:00:00,2386.8541707810837,17997.945844658672,16873.31883455502
2026-03-31 04:00:00,2386.8541707810837,18216.26933027495,17089.407336775894
2026-03-31 08:00:00,2386.8541707810837,18125.79014882436,16989.48744509863
2026-03-31 12:00:00,2386.8541707810837,17914.260321883547,16669.101888927893
2026-03-31 16:00:00,2386.8541707810837,17882.45364717566,16655.318089816585
2026-03-31 20:00:00,2382.0804624395214,18114.982055477016,16930.492321465535
2026-04-01 00:00:00,2384.068059663332,18204.843631593478,16998.70097875384
2026-04-01 04:00:00,2384.1689751956665,18201.755604922808,17031.521968552293
2026-04-01 08:00:00,2388.9509234396232,18312.924565066885,17132.218477327086
2026-04-01 12:00:00,2387.314395265809,18280.50028502486,17058.57567720355
2026-04-01 16:00:00,2389.0225602345704,18328.364698420228,17086.325778123115
2026-04-01 20:00:00,2386.9378350540574,18174.580970220923,17100.722705241675
2026-04-02 00:00:00,2384.724166423551,18153.582388860377,16823.406184260257
2026-04-02 04:00:00,2332.450884246102,17818.53149509282,16436.31413447417
2026-04-02 08:00:00,2332.450884246102,17922.90679656142,16541.535004266636
2026-04-02 12:00:00,2332.450884246102,17757.07976434651,16341.452476971786
2026-04-02 16:00:00,2332.450884246102,17885.54167384633,16461.55434540107
2026-04-02 20:00:00,2332.450884246102,17929.391652569826,16485.7353748692
2026-04-03 00:00:00,2332.450884246102,17910.554689878747,16467.36356479514
2026-04-03 04:00:00,2332.450884246102,17830.574799108424,16443.430207119363
2026-04-03 08:00:00,2332.450884246102,17942.361364586635,16583.66243392011
2026-04-03 12:00:00,2332.450884246102,17934.02369257583,16598.311027193296
2026-04-03 16:00:00,2332.450884246102,17912.407505881147,16603.938375838377
2026-04-03 20:00:00,2332.450884246102,17935.258903244096,16606.037283082027
2026-04-04 00:00:00,2332.450884246102,17955.022273936374,16633.45768336758
2026-04-04 04:00:00,2332.450884246102,17923.215599228486,16597.797946937768
2026-04-04 08:00:00,2332.450884246102,17973.859236627453,16635.610077823487
2026-04-04 12:00:00,2332.450884246102,18007.518727337745,16631.416361202417
2026-04-04 16:00:00,2332.450884246102,18069.27926075112,16744.273630157255
2026-04-04 20:00:00,2332.450884246102,18043.957442051636,16723.677060724433
2026-04-05 00:00:00,2332.450884246102,18047.66307405644,16726.692151109724
2026-04-05 04:00:00,2332.450884246102,18003.19548999881,16668.21226074727
2026-04-05 08:00:00,2332.450884246102,17920.745177891953,16522.831839541326
2026-04-05 12:00:00,2332.450884246102,17969.844801955587,16576.062059565265
2026-04-05 16:00:00,2332.450884246102,18051.36870606124,16590.614892085367
2026-04-05 20:00:00,2332.450884246102,18064.647220745115,16632.014262828074
2026-04-06 00:00:00,2318.5396463678944,18517.969535999287,17049.73713388702
2026-04-06 04:00:00,2327.551681718287,18522.60157600529,17093.660234060382
2026-04-06 08:00:00,2316.9715758682196,18453.42977858231,17003.46487497225
2026-04-06 12:00:00,2338.4571483695618,18617.095192127756,17160.323287157105
2026-04-06 16:00:00,2345.8377989291857,18716.220848256224,17193.75196894393
2026-04-06 20:00:00,2333.004481352433,18656.621933512317,17114.816206031694
2026-04-07 00:00:00,2286.639543974994,18414.21183986482,16798.46613860598
2026-04-07 04:00:00,2287.675609762029,18412.359023862417,16782.897370784933
2026-04-07 08:00:00,2283.6255075215945,18360.78897846225,16761.887286594734
2026-04-07 12:00:00,2264.115909047372,18262.280927667915,16634.37794567204
2026-04-07 16:00:00,2264.115909047372,18190.329906241335,16548.610911316937
2026-04-07 20:00:00,2264.115909047372,18382.40516515693,16909.144335752553
2026-04-08 00:00:00,2250.6122356335704,19004.02493396255,17585.146979976023
2026-04-08 04:00:00,2235.0943596474617,18861.975707111786,17437.707576846045
2026-04-08 08:00:00,2240.929154458756,18920.648213854492,17459.595759887197
2026-04-08 12:00:00,2238.2634969474284,18927.750675197032,17446.413492426505
2026-04-08 16:00:00,2215.867612505923,18846.226771091377,17280.029998550945
2026-04-08 20:00:00,2217.6567867930867,18886.988723144204,17295.26699812507
2026-04-09 00:00:00,2203.231372688686,18820.90495239189,17190.118557306378
2026-04-09 04:00:00,2190.2821574879526,18806.700029706815,17117.414425050476
2026-04-09 08:00:00,2189.9670288057214,18799.906371031346,17139.459408340488
2026-04-09 12:00:00,2188.481084842905,18808.244043042152,17111.002955492106
2026-04-09 16:00:00,2209.608076430083,19049.41892602138,17378.540873214315
2026-04-09 20:00:00,2209.4502390163866,19035.214003336303,17414.98311191332
2026-04-10 00:00:00,2197.513469286512,18967.58621924866,17279.20618077657
2026-04-10 04:00:00,2197.0922670985174,18987.040787273872,17238.65480058456
2026-04-10 08:00:00,2192.5754835690595,18908.29610717182,17224.611392488656
2026-04-10 12:00:00,2207.326304955028,19024.71471265603,17335.609007504445
2026-04-10 16:00:00,2212.9326655621767,19102.224182089816,17435.06742632286
2026-04-10 20:00:00,2229.529228190661,19295.225849006612,17648.21901147764
2026-04-11 00:00:00,2224.119732065169,19223.892432914166,17556.02462658318
2026-04-11 04:00:00,2220.5718060479167,19205.36427289015,17497.953841200284
2026-04-11 08:00:00,2218.281210120539,19172.01358484693,17468.535559439748
2026-04-11 12:00:00,2225.379700648935,19229.45088092137,17511.60440069339
2026-04-11 16:00:00,2226.085646728008,19217.40757690576,17556.280403450048
2026-04-11 20:00:00,2252.3741406011127,19429.5550091807,17841.5085684063
2026-04-12 00:00:00,2225.5303048481605,19253.537488952585,17633.749444673005
2026-04-12 04:00:00,2153.11680612683,18881.430275137,17167.682526880188
2026-04-12 08:00:00,2153.11680612683,18912.310541843686,17186.286601921744
2026-04-12 12:00:00,2153.11680612683,18855.490851103383,17145.63963282027
2026-04-12 16:00:00,2153.11680612683,18701.089517569944,17001.983057773024
2026-04-12 20:00:00,2153.11680612683,18786.936659014536,17107.284991420194
2026-04-13 00:00:00,2153.11680612683,18723.014506931693,17036.97305910669
2026-04-13 04:00:00,2153.11680612683,18766.246880321058,17087.481221446084
2026-04-13 08:00:00,2153.11680612683,18704.48634690768,17066.635177096025
2026-04-13 12:00:00,2153.11680612683,18752.96836563718,17072.75340460377
2026-04-13 16:00:00,2153.11680612683,18963.57178457679,17229.435347132887
2026-04-13 20:00:00,2153.11680612683,19263.72797696579,17496.61130830566
2026-04-14 00:00:00,2140.275155195656,19532.69509998104,17947.302361538583
2026-04-14 04:00:00,2134.273975998598,19534.856718650506,17893.498380285513
2026-04-14 08:00:00,2136.015796887613,19552.149668006252,17891.04647086028
2026-04-14 12:00:00,2128.510184883786,19470.31696123353,17828.312671886775
2026-04-14 16:00:00,2138.60028762252,19733.108030907442,17934.781027682853
2026-04-14 20:00:00,2091.7510578020956,19453.950419878987,17575.796702915093
2026-04-15 00:00:00,2092.389243009043,19415.350086495626,17544.955268232647
2026-04-15 04:00:00,2098.1384549598715,19492.85955592941,17567.02570096632
2026-04-15 08:00:00,2088.316342545669,19329.502945051037,17446.429921268424
2026-04-15 12:00:00,2099.822853011132,19460.43527588739,17585.495074789073
2026-04-15 16:00:00,2091.6013565234084,19315.915627700095,17546.48429861163
2026-04-15 20:00:00,2116.270770175756,19635.526388114307,17864.662364210897
2026-04-16 00:00:00,2108.907244770526,19573.765854700934,17754.04557201619
2026-04-16 04:00:00,2107.909813749795,19578.706697374004,17778.997948332893
2026-04-16 08:00:00,2103.6817765260503,19565.11938002306,17770.458764540803
2026-04-16 12:00:00,2102.5383943947127,19549.988049336785,17751.887261025662
2026-04-16 16:00:00,2104.760017766394,19586.11796138361,17920.213614683948
2026-04-16 20:00:00,2113.1333762918503,19755.03302026919,18340.54474750231
2026-04-17 00:00:00,2099.109250728818,19703.154172201954,18200.227096215513
2026-04-17 04:00:00,2076.5974909371853,19562.957761353595,17993.034503052855
2026-04-17 08:00:00,2083.4638512332226,19686.78763084741,18092.020032942422
2026-04-17 12:00:00,2088.0042551770725,19804.750249666955,18160.61240284396
2026-04-17 16:00:00,2116.798222007725,20368.006314396935,18617.75036721617
2026-04-17 20:00:00,2109.290155788102,20321.377111669837,18547.154698158705
2026-04-18 00:00:00,2100.2309289916957,20234.29475955698,18463.573694572464
2026-04-18 04:00:00,2092.4091689627585,20221.633850207236,18397.55447048712
2026-04-18 08:00:00,2092.829434569953,20221.942652874306,18405.84992581814
2026-04-18 12:00:00,2049.6573902010673,19955.44595119559,18062.766478185185
2026-04-18 16:00:00,2052.9549113629273,19992.502271243615,18115.08061762919
2026-04-18 20:00:00,2039.9990520588408,19870.83402041927,17997.961477080487
2026-04-19 00:00:00,2040.5178820333822,19885.038943104344,18009.425292330503
2026-04-19 04:00:00,2034.4447967187753,19837.792135043113,17926.507483644215
2026-04-19 08:00:00,2034.4447967187753,19771.090758956667,17802.332745972333
2026-04-19 12:00:00,2034.4447967187753,19879.789297764208,17939.431236126726
2026-04-19 16:00:00,2034.4447967187753,19943.71144984705,18031.320686038904
2026-04-19 20:00:00,2034.4447967187753,19726.31437223197,17830.719288991895
2026-04-20 00:00:00,2034.4447967187753,19420.290929168696,17497.767391619323
2026-04-20 04:00:00,2034.4447967187753,19615.454214754962,17686.51758897577
2026-04-20 08:00:00,2034.4447967187753,19666.09785215393,17737.591166650036
2026-04-20 12:00:00,2034.4447967187753,19744.84253225598,17797.66175769405
2026-04-20 16:00:00,2034.4447967187753,19852.614663062323,17899.670334194332
2026-04-20 20:00:00,2034.4447967187753,20001.457548588554,17965.113748615913
2026-04-21 00:00:00,2034.4447967187753,19882.25971910074,17855.426360938098
2026-04-21 04:00:00,2034.4447967187753,19862.187545741395,17843.714712561123
2026-04-21 08:00:00,2034.4447967187753,19982.929388564542,17952.48869109887
2026-04-21 12:00:00,2034.4447967187753,20072.790964681004,17999.507867658016
2026-04-21 16:00:00,2034.4447967187753,19945.873068516517,17978.43098964965
2026-04-21 20:00:00,2034.4447967187753,19761.517876277594,17778.3918829518
2026-04-22 00:00:00,2030.3759071253376,20078.04061002114,18048.13999801125
2026-04-22 04:00:00,2033.2311426709925,20401.35700244016,18321.68843404847
2026-04-22 08:00:00,2048.5367191212363,20493.99780256022,18453.006148915953
2026-04-22 12:00:00,2058.95768073296,20609.49000004323,18544.14156572911
2026-04-22 16:00:00,2072.1472117763483,20906.2493630945,18661.404474597082
2026-04-22 20:00:00,2061.617546937043,20801.565258958828,18549.31601898081
2026-04-23 00:00:00,2045.375465471464,20628.944568068444,18411.93481256308
2026-04-23 04:00:00,2024.7323887191542,20533.83334661185,18235.91385130318
2026-04-23 08:00:00,2028.5001963057152,20606.401973372565,18270.49567503108
2026-04-23 12:00:00,2015.0864343092462,20540.318202620252,18236.14625234835
2026-04-23 16:00:00,2020.238855035388,20692.866720151287,18328.64273155207
2026-04-23 20:00:00,2015.0655743063062,20539.70059728612,18171.19730721478
2026-04-24 00:00:00,2020.3014350442077,20694.71953615369,18325.51112070479
2026-04-24 04:00:00,2015.6392243871521,20556.684743974798,18210.230991308003
2026-04-24 08:00:00,2014.6170842430997,20526.422082602243,18176.860774512603
2026-04-24 12:00:00,2018.3093047634525,20635.738226743917,18279.443150663174
2026-04-24 16:00:00,2016.4214744973965,20579.844944004813,18283.23445187207
2026-04-24 20:00:00,2012.6249539623445,20467.44077319247,18220.702190264958
2026-04-25 00:00:00,2010.8205637080478,20414.017911789902,18179.653602216167
2026-04-25 04:00:00,2012.802263987333,20472.690418532606,18233.033895631623
2026-04-25 08:00:00,2007.336734617064,20433.472479815115,18205.959328700046
2026-04-25 12:00:00,2007.336734617064,20484.116117214082,18224.079210020944
2026-04-25 16:00:00,2007.336734617064,20388.078487756284,18172.886852188305
2026-04-25 20:00:00,2007.336734617064,20389.931303758683,18121.5902836226
2026-04-26 00:00:00,2007.336734617064,20472.38161586554,18212.925238556258
2026-04-26 04:00:00,2007.336734617064,20483.807314547015,18227.407499686888
2026-04-26 08:00:00,2007.336734617064,20607.9459867079,18320.018138295334
2026-04-26 12:00:00,2007.336734617064,20590.96184001922,18301.799073602095
2026-04-26 16:00:00,2003.3220611478296,20585.403392012016,18322.269445691145
2026-04-26 20:00:00,2005.2971034210132,20644.075898754723,18406.040919576437
2026-04-27 00:00:00,2002.6306659143302,20759.259293570667,18454.135409921495
2026-04-27 04:00:00,2015.4204795288883,20831.827920331383,18563.418727324606
2026-04-27 08:00:00,1947.4870134509115,20415.561925125236,18069.98253657469
2026-04-27 12:00:00,1947.4870134509115,20479.175274541012,18099.47973389605
2026-04-27 16:00:00,1947.4870134509115,20217.928218202436,17853.66147281933
2026-04-27 20:00:00,1947.4870134509115,20258.99897292233,17898.949940682545
2026-04-28 00:00:00,1947.4870134509115,20385.608066419747,18017.41705152955
2026-04-28 04:00:00,1947.4870134509115,20250.661300911524,17903.144477630667
2026-04-28 08:00:00,1947.4870134509115,20297.59930630569,17915.297822149332
2026-04-28 12:00:00,1947.4870134509115,20155.858882121993,17807.835993676315
2026-04-28 16:00:00,1947.4870134509115,20040.984289973116,17744.911521816237
2026-04-28 20:00:00,1947.4870134509115,20130.845866089578,17854.31968561171
2026-04-29 00:00:00,1947.4870134509115,20115.7145354033,17841.11272112485
2026-04-29 04:00:00,1947.4870134509115,20317.980282332104,18002.03571113983
2026-04-29 08:00:00,1947.4870134509115,20324.465138340507,18031.687711930426
2026-04-29 12:00:00,1947.4870134509115,20474.852037202076,18115.393781171242
2026-04-29 16:00:00,1947.4870134509115,20045.307527312052,17736.609986435622
2026-04-29 20:00:00,1947.4870134509115,19984.782204566945,17586.318073529197
2026-04-30 00:00:00,1947.4870134509115,20029.86739395871,17698.820109830922
2026-04-30 04:00:00,1947.4870134509115,20091.627927372083,17734.35265877002
2026-04-30 08:00:00,1947.4870134509115,20137.021919430914,17768.311367101993
2026-04-30 12:00:00,1947.4870134509115,20063.526884668998,17689.409575490867
2026-04-30 16:00:00,1947.4870134509115,20133.625090093177,17734.5584748437
2026-04-30 20:00:00,1947.4870134509115,20109.229679394895,17686.87714310315
2026-05-01 00:00:00,1947.4870134509115,20092.554335373283,17684.099443704512
2026-05-01 04:00:00,1947.4870134509115,20300.37853030929,17864.336618076006
2026-05-01 08:00:00,1947.4870134509115,20298.834516973955,17864.056252301252
2026-05-01 12:00:00,1947.4870134509115,20358.124629050795,17878.3418127325
2026-05-01 16:00:00,1943.5920394240095,20604.85796003723,18030.331583433268
2026-05-01 20:00:00,1945.1000223743524,20652.722373432596,18020.51091212708
2026-05-02 00:00:00,1943.8449914027767,20612.88682938097,17983.099529278144
2026-05-02 04:00:00,1945.615655254147,20669.08891478714,18018.75401134807
2026-05-02 08:00:00,1943.504479123667,20602.07873603363,17978.008126151755
2026-05-02 12:00:00,1943.115322233256,20589.726629350953,17978.58350111978
2026-05-02 16:00:00,1945.7421312435308,20673.10334945901,18044.32469860692
2026-05-02 20:00:00,1945.8686072329142,20677.117784130878,18071.73853165179
2026-05-03 00:00:00,1943.4624180740593,20724.36459219211,18097.036618602953
2026-05-03 04:00:00,1935.0108608175688,20594.667472024023,17970.527993038777
2026-05-03 08:00:00,1939.1717803944416,20645.31110942299,18024.75543333777
2026-05-03 12:00:00,1944.2321730376539,20721.58536818851,18069.424587497113
2026-05-03 16:00:00,1946.7337614024796,20724.982197526242,18099.780529878517
2026-05-03 20:00:00,1943.6730330857881,20718.188538850773,18109.957912635226
2026-05-04 00:00:00,1935.709596827779,20668.780112120072,18038.3464798569
2026-05-04 04:00:00,1977.8322838618578,21122.102427374244,18407.554170315434
2026-05-04 08:00:00,1965.5412085292592,20991.17009653789,18301.880373706976
2026-05-04 12:00:00,1945.1842464861998,20808.667720301368,18147.816183503473
2026-05-04 16:00:00,1958.7451014524117,21128.896086049717,18314.227408981566
2026-05-04 20:00:00,1960.761829675058,21137.233758060524,18326.98035429931
2026-05-05 00:00:00,1957.144672430871,21090.295752666356,18271.200939012262
2026-05-05 04:00:00,1976.1673991975604,21371.61498236428,18482.85505218296
2026-05-05 08:00:00,1975.0163095709363,21358.954073014538,18480.31406091633
2026-05-05 12:00:00,1976.3143201736616,21406.20088107577,18508.523520794442
2026-05-05 16:00:00,1975.6078973590643,21513.664209215043,18586.88644653978
2026-05-05 20:00:00,1981.9777038761558,21551.3381345972,18685.373956633834
2026-05-06 00:00:00,1967.43234295954,21319.11852896291,18550.0121035491
2026-05-06 04:00:00,1985.571726918475,21504.400129203037,18734.927109562814
2026-05-06 08:00:00,1982.0483326706678,21410.832921081772,18715.4939460728
2026-05-06 12:00:00,2012.4954783578905,21654.16942273047,19020.66664472421
2026-05-06 16:00:00,1983.3901250397148,21467.343809155012,18819.677412065103
2026-05-06 20:00:00,1984.2869461756218,21412.994539751242,18824.819821786878
2026-05-07 00:00:00,1983.237982801622,21408.671302412306,18813.385920961115
2026-05-07 04:00:00,1967.8694253580275,21247.476310203398,18585.909332040537
2026-05-07 08:00:00,1989.4787891993983,21400.951235735633,18882.9266086372
2026-05-07 12:00:00,1974.9140612344208,21221.228083502712,18738.25026835164
2026-05-07 16:00:00,1966.2859104864901,20972.024331179742,18495.98435368541
2026-05-07 20:00:00,1968.8691891535352,21087.825331329823,18578.53893789876
2026-05-08 00:00:00,1968.5591957134898,21068.370763304607,18562.77001568203
2026-05-08 04:00:00,1967.3450547399784,20949.48173648386,18490.88751097498
2026-05-08 08:00:00,1966.9403410821415,20952.260960487463,18486.091700974543
2026-05-08 12:00:00,1968.9897421579972,21064.047525965674,18564.399368332422
2026-05-08 16:00:00,1975.2929421055874,21025.447192582313,18628.61742181803
2026-05-08 20:00:00,1996.7944315442933,21020.197547242176,18936.167951334013
2026-05-09 00:00:00,1992.1186971569414,21021.123955243376,18861.832556186477
2026-05-09 04:00:00,2003.9845571675687,21068.06196063754,19043.362385655004
2026-05-09 08:00:00,2005.0953669943983,21026.373600583513,19043.52249975346
2026-05-09 12:00:00,2003.993168096459,21061.26830196207,19041.446177617152
2026-05-09 16:00:00,1999.5843725047018,21109.4415180245,19003.191487281892
2026-05-09 20:00:00,2003.0545768474326,21210.72879282244,19102.157711326217
2026-05-10 00:00:00,2000.4024107492664,21146.18903540546,19038.040742257872
2026-05-10 04:00:00,2002.5809757584743,21180.466131449884,19080.698110975864
2026-05-10 08:00:00,2002.7101396918265,21161.32036609174,19074.161307898685
2026-05-10 12:00:00,2003.5540107230613,21187.259790125354,19088.44073022345
2026-05-10 16:00:00,2010.9077439952498,21341.352320991726,19269.613059665204
2026-05-10 20:00:00,2020.7132031223427,21338.264294321056,19471.155409413837
2026-05-11 00:00:00,2020.213000242758,21573.26312395895,19571.44563203369
2026-05-11 04:00:00,1981.972724129537,21196.215067470293,19236.730742132633
2026-05-11 08:00:00,1984.834610959895,21174.598880775615,19271.462686001872
2026-05-11 12:00:00,1986.3710516412227,21306.1488169461,19320.699155873812
2026-05-11 16:00:00,1995.0532273734655,21342.89633432706,19458.274769686588
2026-05-11 20:00:00,2007.9824741163404,21489.886403850895,19656.21773660623
2026-05-12 00:00:00,2001.5334821133483,21427.199462436318,19554.902680716194
2026-05-12 04:00:00,1981.9627275557946,21285.150235585555,19367.977146195783
2026-05-12 08:00:00,1982.0316149869159,21247.785112870464,19340.139383168433
2026-05-12 12:00:00,1970.267863371068,21235.741808854855,19227.618694323075
2026-05-12 16:00:00,1970.267863371068,21139.704179397057,19063.866988396767
2026-05-12 20:00:00,1970.267863371068,21261.372430221407,19235.265559095144
2026-05-13 00:00:00,1970.267863371068,21181.083736784018,19138.629863092032
2026-05-13 04:00:00,1970.267863371068,21383.34948371282,19365.720475406903
2026-05-13 08:00:00,1970.267863371068,21366.982942358278,19345.974592898383
2026-05-13 12:00:00,1970.267863371068,21220.301675501512,19213.98887994261
2026-05-13 16:00:00,1970.267863371068,20777.169848260546,18612.90274701523
2026-05-13 20:00:00,1970.267863371068,20999.198965881627,18760.04475278057
2026-05-14 00:00:00,1970.267863371068,20901.30852042143,18742.94513309036
2026-05-14 04:00:00,1970.267863371068,20829.666301661913,18584.73717740024
2026-05-14 08:00:00,1970.267863371068,21029.77042992125,18780.23321908066
2026-05-14 12:00:00,1970.267863371068,20909.954995099302,18700.97542578887
2026-05-14 16:00:00,1966.3273276443258,21502.547313200634,19232.561387997084
2026-05-14 20:00:00,1967.4402814963755,21538.986027914525,19220.144046748377
2026-05-15 00:00:00,1965.2709646661092,21467.961414489146,19112.947662042065
2026-05-15 04:00:00,1965.5350554106633,21476.60788916702,19099.127343297132
2026-05-15 08:00:00,1964.5352833062796,21443.874806457927,19054.784543865615
2026-05-15 12:00:00,1963.3185795188692,21404.039262406302,19003.7841717357
2026-05-15 16:00:00,1947.8739491413535,21024.520784581113,18621.39689448001
2026-05-15 20:00:00,1947.8739491413535,21024.82958724818,18663.5671095356
2026-05-16 00:00:00,1947.8739491413535,21012.477480565503,18639.325032441942
2026-05-16 04:00:00,1947.8739491413535,21008.154243226567,18626.03425808555
2026-05-16 08:00:00,1947.8739491413535,20831.21031499725,18374.799958960713
2026-05-16 12:00:00,1947.8739491413535,20754.627253564664,18195.659300511754
2026-05-16 16:00:00,1947.8739491413535,20797.859626954025,18250.39739551793
2026-05-16 20:00:00,1947.8739491413535,20807.12370696603,18275.72496867406
2026-05-17 00:00:00,1947.8739491413535,20776.243440259346,18255.40491755366
2026-05-17 04:00:00,1947.8739491413535,20739.49592287839,18235.390480695078
2026-05-17 08:00:00,1947.8739491413535,20784.272309603082,18307.36021981272
2026-05-17 12:00:00,1947.8739491413535,20843.253619012856,18322.151756593077
2026-05-17 16:00:00,1947.8739491413535,20737.95190954305,18232.094975609827
2026-05-17 20:00:00,1947.8739491413535,20833.06313099965,18306.34176758448
2026-05-18 00:00:00,1947.8739491413535,20591.270642686286,17997.188386531303
2026-05-18 04:00:00,1947.8739491413535,20439.339730489384,17882.893729732597
2026-05-18 08:00:00,1947.8739491413535,20451.074231837927,17873.526857132485
2026-05-18 12:00:00,1947.8739491413535,20493.07139455902,17915.661270739965
2026-05-18 16:00:00,1947.8739491413535,20246.338063572588,17714.183890400567
2026-05-18 20:00:00,1947.8739491413535,20375.41757840654,17854.362804358625
2026-05-19 00:00:00,1947.8739491413535,20389.931303758683,17900.867424137192
2026-05-19 04:00:00,1947.8739491413535,20353.183786377725,17868.89108519617
2026-05-19 08:00:00,1947.8739491413535,20487.51294655182,17975.972390726653
2026-05-19 12:00:00,1947.8739491413535,20377.887999743078,17808.049559434898
2026-05-19 16:00:00,1947.8739491413535,20354.418997045992,17808.23431263191
2026-05-19 20:00:00,1947.8739491413535,20423.899597136042,17830.517660311198
2026-05-20 00:00:00,1947.8739491413535,20424.517202470175,17821.902188378142
2026-05-20 04:00:00,1947.8739491413535,20403.827423776693,17803.76532299783
2026-05-20 08:00:00,1947.8739491413535,20564.713613318534,17950.741099575134
2026-05-20 12:00:00,1947.8739491413535,20587.256208014416,17940.556214854856
2026-05-20 16:00:00,1947.8739491413535,20570.889666659874,18050.457724033324
2026-05-20 20:00:00,1947.8739491413535,20614.4308427163,18083.318195910706
2026-05-21 00:00:00,1947.8739491413535,20589.10902401682,18062.519597079845
2026-05-21 04:00:00,1943.9782012430705,20733.01106686998,18210.374570810607
2026-05-21 08:00:00,1942.9006546916214,20707.071642836367,18177.111825155298
2026-05-21 12:00:00,1935.6619750355158,20540.318202620252,18003.5964687093
2026-05-21 16:00:00,1942.9267243662534,20576.756917334144,18136.511969250034
2026-05-21 20:00:00,1950.973563935946,20628.944568068444,18262.122505803993
2026-05-22 00:00:00,1947.4628477521924,20623.38612006124,18203.495528842333
2026-05-22 04:00:00,1945.4728625886291,20670.32412545541,18201.99627655137
2026-05-22 08:00:00,1945.3251344323821,20573.97769333054,18154.268546816733
2026-05-22 12:00:00,1948.6794325683445,20600.225920031226,18212.389266336177
2026-05-22 16:00:00,1944.0651001585102,20420.502767798305,18075.614910355376
2026-05-22 20:00:00,1923.705275183673,20166.975778136402,17703.732946876517
2026-05-23 00:00:00,1923.705275183673,20099.96559938289,17672.504664941363
2026-05-23 04:00:00,1923.705275183673,20116.6409434045,17711.559983557305
2026-05-23 08:00:00,1923.705275183673,19844.89459638565,17318.3850284091
2026-05-23 12:00:00,1923.705275183673,19902.33189246009,17357.571644280764
2026-05-23 16:00:00,1923.705275183673,20097.80398071342,17638.130028617634
2026-05-23 20:00:00,1923.705275183673,20217.310612868303,17781.773027407187
2026-05-24 00:00:00,1923.705275183673,20401.974607774293,17969.279236956158
2026-05-24 04:00:00,1923.705275183673,20400.43059443896,17972.059411285816
2026-05-24 08:00:00,1923.705275183673,20416.17953045937,18005.890773102114
2026-05-24 12:00:00,1923.705275183673,20552.36150663586,18114.739167831474
2026-05-24 16:00:00,1923.705275183673,20293.276068966752,17844.08057792395
2026-05-24 20:00:00,1923.705275183673,20376.961591741874,17876.17379571987
2026-05-25 00:00:00,1923.705275183673,20431.002058478578,17874.993656842547
2026-05-25 04:00:00,1923.705275183673,20420.502767798305,17834.108741718424
2026-05-25 08:00:00,1923.705275183673,20519.319621259707,17988.145049871695
2026-05-25 12:00:00,1923.705275183673,20498.93864523329,17959.3975210501
2026-05-25 16:00:00,1923.705275183673,20573.05128532934,18052.03439894392
2026-05-25 20:00:00,1923.705275183673,20520.246029260907,17960.354258401327
2026-05-26 00:00:00,1923.705275183673,20503.261882572227,17895.990049792475
2026-05-26 04:00:00,1923.705275183673,20333.420415685447,17737.10433010028
2026-05-26 08:00:00,1923.705275183673,20339.287666359716,17747.73314718925
2026-05-26 12:00:00,1923.705275183673,20466.51436519127,17909.170819956227
2026-05-26 16:00:00,1923.705275183673,20304.70176764823,17753.621546239345
2026-05-26 20:00:00,1923.705275183673,20163.887751465732,17608.96681375522
2026-05-27 00:00:00,1923.705275183673,20123.125799412905,17585.0611809569
2026-05-27 04:00:00,1923.705275183673,20042.837105975515,17537.189888409273
2026-05-27 08:00:00,1923.705275183673,20124.052207414104,17639.30541719478
2026-05-27 12:00:00,1923.705275183673,20079.584623356473,17594.75262784868
2026-05-27 16:00:00,1923.705275183673,19966.254044542933,17601.359409907316
2026-05-27 20:00:00,1923.705275183673,19901.714287125957,17509.877395747113
2026-05-28 00:00:00,1923.705275183673,19758.121046939857,17285.10149151038
2026-05-28 04:00:00,1923.705275183673,19491.624345261145,16999.20496551829
2026-05-28 08:00:00,1923.705275183673,19515.71095329236,17058.487767202885
2026-05-28 12:00:00,1923.705275183673,19509.534899951024,17011.09701293242
2026-05-28 16:00:00,1923.705275183673,19299.240283678482,16934.715299216707
2026-05-28 20:00:00,1923.705275183673,19444.377537199915,17120.946527710534
2026-05-29 00:00:00,1923.705275183673,19501.197227940218,17121.771980028017
2026-05-29 04:00:00,1923.705275183673,19432.95183851844,17059.16605880863
2026-05-29 08:00:00,1923.705275183673,19481.43385724794,17132.847803629345
2026-05-29 12:00:00,1923.705275183673,19458.891262552057,17072.547781071025
2026-05-29 16:00:00,1923.705275183673,19497.80039860248,17172.883759506454
2026-05-29 20:00:00,1923.705275183673,19441.907115863378,17097.613818353962
2026-05-30 00:00:00,1923.705275183673,19445.921550535248,17096.232648027115
2026-05-30 04:00:00,1923.705275183673,19457.65605188379,17164.223790425334
2026-05-30 08:00:00,1923.705275183673,19457.347249216724,17131.778796762897
2026-05-30 12:00:00,1923.705275183673,19469.39055323233,17134.62878470188
2026-05-30 16:00:00,1923.705275183673,19547.826430667315,17206.108150411295
2026-05-30 20:00:00,1923.705275183673,19578.706697374004,17250.444856042253
2026-05-31 00:00:00,1923.705275183673,19543.50319332838,17207.931051989442
2026-05-31 04:00:00,1923.705275183673,19609.89576674776,17288.70129937637
2026-05-31 08:00:00,1923.705275183673,19543.50319332838,17201.36118443929
2026-05-31 12:00:00,1923.705275183673,19562.340156019458,17215.153994058517
2026-05-31 16:00:00,1923.705275183673,19483.28667325034,17092.54650225115
2026-05-31 20:00:00,1923.705275183673,19458.891262552057,17038.316748226458
2026-06-01 00:00:00,1923.705275183673,19508.299689282758,17153.36701451345
2026-06-01 04:00:00,1923.705275183673,19539.48875865651,17199.0023073096
2026-06-01 08:00:00,1923.705275183673,19265.88959563526,16864.739375043424
2026-06-01 12:00:00,1923.705275183673,19200.42343021708,16865.425360373018
2026-06-01 16:00:00,1923.705275183673,18867.225352451926,16636.324179504332
2026-06-01 20:00:00,1923.705275183673,18987.658392608006,16872.989177227482
2026-06-02 00:00:00,1923.705275183673,18930.838701867702,16860.027630393168
2026-06-02 04:00:00,1923.705275183673,18808.244043042152,16779.28034614717
2026-06-02 08:00:00,1923.705275183673,18565.52514672759,16540.986026333543
2026-06-02 12:00:00,1923.705275183673,18391.051639834805,16404.330754228322
2026-06-02 16:00:00,1923.705275183673,17823.781140432955,15885.612675918648
2026-06-02 20:00:00,1923.705275183673,17851.88218313604,15824.132368816197
2026-06-03 00:00:00,1923.705275183673,17720.641049632617,15592.04342665986
2026-06-03 04:00:00,1923.705275183673,17470.819691975517,15314.163415255669
2026-06-03 08:00:00,1923.705275183673,17852.80859113724,15766.470167807733
2026-06-03 12:00:00,1923.705275183673,17810.811428416146,15737.351939599088
2026-06-03 16:00:00,1923.705275183673,17567.166124100382,15435.32506845356
2026-06-03 20:00:00,1923.705275183673,17413.382395901077,15212.30857285609
2026-06-04 00:00:00,1923.705275183673,17043.43680075496,15060.92924945677
2026-06-04 04:00:00,1923.705275183673,17115.69662484861,15075.479922112383
2026-06-04 08:00:00,1923.705275183673,16916.210101923407,14740.637997532656
2026-06-04 12:00:00,1923.705275183673,16581.77681348998,14521.869120699259
2026-06-04 16:00:00,1923.705275183673,16955.4280406409,14777.133139834437
2026-06-04 20:00:00,1923.705275183673,16904.1667979078,14721.381140635887
2026-06-05 00:00:00,1923.705275183673,16966.853739322374,14705.038077045687
2026-06-05 04:00:00,1923.705275183673,16670.09437627111,14390.296322733808
2026-06-05 08:00:00,1923.705275183673,16748.22145103903,14246.357342969339
2026-06-05 12:00:00,1923.705275183673,16430.463506627213,14098.955446280997
2026-06-05 16:00:00,1923.705275183673,16176.010108964108,13804.205488425603
2026-06-05 20:00:00,1923.705275183673,16159.643567609564,13721.298255647653
2026-06-06 00:00:00,1923.705275183673,16378.58465855998,13838.913145764102
2026-06-06 04:00:00,1923.705275183673,16284.399845104583,13694.941637481355
2026-06-06 08:00:00,1923.705275183673,16366.541354544372,13736.34703781945
2026-06-06 12:00:00,1923.705275183673,16326.397007825677,13683.820170220264
2026-06-06 16:00:00,1923.705275183673,16305.707229132197,13628.97651086942
2026-06-06 20:00:00,1923.705275183673,16269.577317085372,13573.144878732539
2026-06-07 00:00:00,1923.705275183673,16343.99875984849,13671.86504433557
2026-06-07 04:00:00,1923.705275183673,16561.704640130636,13938.384560870472
2026-06-07 08:00:00,1923.705275183673,16779.410520412785,14151.914174923138
2026-06-07 12:00:00,1923.705275183673,16834.37739515069,14205.682548798017
2026-06-07 16:00:00,1923.705275183673,16688.93133896219,14152.428959714744
2026-06-07 20:00:00,1923.705275183673,16461.961378668035,13938.555232641262
2026-06-08 00:00:00,1919.8578646333056,16984.14668867812,14453.316788678389
2026-06-08 04:00:00,1916.943159670906,16906.9460219114,14397.38683667094
2026-06-08 08:00:00,1918.9368178651873,16959.751277979838,14380.464759542814
2026-06-08 12:00:00,1915.9716068951993,16982.911478009853,14445.768225185358
2026-06-08 16:00:00,1924.0498648786765,17060.112144776573,14534.220826100227
2026-06-08 20:00:00,1924.4074962958139,16978.897043337984,14536.824094494714
2026-06-09 00:00:00,1914.9745156648783,16900.15236323593,14451.462324155662
2026-06-09 04:00:00,1904.026291797426,16828.81894714348,14314.074040547821
2026-06-09 08:00:00,1915.9832389331195,16912.19566725154,14445.112786491514
2026-06-09 12:00:00,1899.5402549036662,16729.075685680884,14269.038366334273
2026-06-09 16:00:00,1860.7177669583755,16333.499469168215,13925.143752023527
2026-06-09 20:00:00,1860.7177669583755,16611.73067219547,14163.527745870266
2026-06-10 00:00:00,1860.7177669583755,16524.957122749678,14072.478814684971
2026-06-10 04:00:00,1860.7177669583755,16453.932509324295,13980.628362492374
2026-06-10 08:00:00,1860.7177669583755,16482.959960028584,13999.329000373084
2026-06-10 12:00:00,1860.7177669583755,16330.411442497547,13832.016475787746
2026-06-10 16:00:00,1860.7177669583755,16744.515819034226,14203.811312618775
2026-06-10 20:00:00,1860.7177669583755,16561.39583746357,13924.47516759098
2026-06-11 00:00:00,1860.7177669583755,16458.564549330298,13852.132302886563
2026-06-11 04:00:00,1860.7177669583755,16743.589411033026,14180.169073499215
2026-06-11 08:00:00,1860.7177669583755,16763.97038705944,14169.726118958279
2026-06-11 12:00:00,1860.7177669583755,16879.46258454245,14314.377856977793
2026-06-11 16:00:00,1860.7177669583755,16823.26049913628,14250.19430990767
2026-06-11 20:00:00,1860.7177669583755,16953.266421971435,14426.82791168788
2026-06-12 00:00:00,1860.7177669583755,16962.53050198344,14417.737681579085
2026-06-12 04:00:00,1860.7177669583755,16936.591077949823,14422.22808494468
2026-06-12 08:00:00,1860.7177669583755,16829.436552477615,14306.577187729192
2026-06-12 12:00:00,1856.9963314244587,17002.674848702132,14430.829191235782
2026-06-12 16:00:00,1851.9557522068933,16966.23613398824,14439.011528608517
2026-06-12 20:00:00,1848.4514474426142,16971.17697666131,14410.254928455015
2026-06-13 00:00:00,1848.5077713851906,16972.720989996647,14412.515757476664
2026-06-13 04:00:00,1848.5797748211503,16955.4280406409,14412.375009202144
2026-06-13 08:00:00,1856.6541726414057,17047.45123542683,14508.422242436085
2026-06-13 12:00:00,1862.70865830623,17077.096291465252,14573.128194135366
2026-06-13 16:00:00,1868.5663645928353,17169.11948625118,14674.595344215362
2026-06-13 20:00:00,1864.044237996527,17167.266670248777,14635.545122523003
2026-06-14 00:00:00,1873.3196688115545,17212.043056973474,14725.199067089638
2026-06-14 04:00:00,1875.1734000418978,17242.614521013096,14739.895699274552
2026-06-14 08:00:00,1865.0683395347091,17213.587070308808,14649.506698286092
2026-06-14 12:00:00,1865.1852767408222,17244.467337015496,14652.176607224283
2026-06-14 16:00:00,1845.681606175428,17101.182899496467,14520.07968674539
2026-06-14 20:00:00,1845.1847517519502,17049.6128540963,14520.629254878775
2026-06-15 00:00:00,1889.487879216879,17496.450313342066,15077.106520590842
2026-06-15 04:00:00,1888.5050465186805,17543.697121403296,15077.65387616053
2026-06-15 08:00:00,1884.3223713737887,17470.819691975517,15048.58607861009
2026-06-15 12:00:00,1918.9142564446638,17617.80976149935,15295.877158234627
2026-06-15 16:00:00,1981.2941770585712,17901.599412533807,15753.086181525512
2026-06-15 20:00:00,1969.2695600368863,17750.594908338106,15684.971991481689
2026-06-16 00:00:00,1944.779637798927,17657.95410821804,15491.58638948726
2026-06-16 04:00:00,1936.5777758848672,17631.088276183225,15440.826616514241
2026-06-16 08:00:00,1942.1820577773194,17673.703044238453,15512.084301880983
2026-06-16 12:00:00,1953.0417096253273,17697.4808496026,15569.9225424041
2026-06-16 16:00:00,1925.4364002459192,17502.317564016335,15333.652535305038
2026-06-16 20:00:00,1929.3597187205173,17454.45315062097,15389.581600933045
2026-06-17 00:00:00,1926.9618601015072,17454.761953288038,15365.098616738815
2026-06-17 04:00:00,1927.7290654211365,17499.538340012736,15389.317780752932
2026-06-17 08:00:00,1921.273606275864,17422.02887057895,15315.288325529775
2026-06-17 12:00:00,1904.220418478833,17252.496206359236,15120.301716139766
2026-06-17 16:00:00,1924.351113952971,17508.493617357675,15395.373264949812
2026-06-17 20:00:00,1897.3127479259733,17254.349022361635,15120.076407010245
2026-06-18 00:00:00,1900.6778204006719,17301.287027755803,15190.834736382956
2026-06-18 04:00:00,1895.90708474034,17211.116648972275,15098.020913411809
2026-06-18 08:00:00,1893.7794857213214,17289.55252640726,15152.356305505858
2026-06-18 12:00:00,1893.7794857213214,17227.17438765975,15085.881726709227
2026-06-18 16:00:00,1893.7794857213214,16773.234467071445,14592.655713149128
2026-06-18 20:00:00,1893.7794857213214,16951.41360596903,14788.745409347066
2026-06-19 00:00:00,1893.7794857213214,16952.031211303165,14823.911230933158
2026-06-19 04:00:00,1893.7794857213214,16929.179813940216,14749.599675980397
2026-06-19 08:00:00,1893.7794857213214,16884.71222988259,14664.536904517929
2026-06-19 12:00:00,1893.7794857213214,16868.65449119511,14632.37413310572
2026-06-19 16:00:00,1893.7794857213214,17017.188574054275,14802.044183841987
2026-06-19 20:00:00,1893.7794857213214,16948.325579298362,14730.211238554431
2026-06-20 00:00:00,1893.7794857213214,17095.93325415633,14876.636762619688
2026-06-20 04:00:00,1893.7794857213214,17079.25791013472,14888.038887053783
2026-06-20 08:00:00,1893.7794857213214,17133.915982205555,15092.910050228424
2026-06-20 12:00:00,1893.7794857213214,17140.09203554689,15113.270376516397
2026-06-20 16:00:00,1893.7794857213214,17260.21627303591,15190.71373612283
2026-06-20 20:00:00,1893.7794857213214,17203.705384962668,15142.608515001335
2026-06-21 00:00:00,1889.9919267498788,17300.669422421666,15324.655490184487
2026-06-21 04:00:00,1889.4893741314588,17333.711307797825,15368.762856008256
2026-06-21 08:00:00,1883.4374397180798,17268.55394504671,15297.027617955835
2026-06-21 12:00:00,1883.3740360315908,17267.62753704551,15287.226151919629
2026-06-21 16:00:00,1891.6133341447528,17276.58281439045,15387.255242613162
2026-06-21 20:00:00,1894.356000229194,17277.200419724584,15424.091081944618
2026-06-22 00:00:00,1865.3751112203563,17040.966379418427,15119.905194357183
2026-06-22 04:00:00,1874.0994706299598,17230.571216997487,15315.196317918952
2026-06-22 08:00:00,1876.6494678573172,17306.227870428873,15436.526839757775
2026-06-22 12:00:00,1881.1848178129471,17424.190489248416,15512.117825138143
2026-06-22 16:00:00,1868.885441241367,17502.317564016335,15420.10145439369
2026-06-22 20:00:00,1859.0259218236852,17414.92640923641,15341.106168266964
2026-06-23 00:00:00,1841.1149392831744,17285.53809173539,15207.864500273645
2026-06-23 04:00:00,1841.839830199161,17297.272593083933,15217.84187384402
2026-06-23 08:00:00,1807.740941642865,16997.734006029063,14870.128796672343
2026-06-23 12:00:00,1807.740941642865,16935.664669948623,14771.717057689235
2026-06-23 16:00:00,1807.740941642865,16932.576643277953,14733.095287229284
2026-06-23 20:00:00,1807.740941642865,16922.386155264747,14729.816931048514
2026-06-24 00:00:00,1807.740941642865,17006.07167803987,14844.046768798671
2026-06-24 04:00:00,1807.740941642865,17027.68786473455,14848.06935503134
2026-06-24 08:00:00,1807.740941642865,17025.835048732148,14850.104856423928
2026-06-24 12:00:00,1807.740941642865,17112.917400845006,14940.451194530899
2026-06-24 16:00:00,1807.740941642865,16377.040645224644,14354.758600722424
2026-06-24 20:00:00,1807.740941642865,16292.119911781254,14161.88207870418
2026-06-25 00:00:00,1807.740941642865,16591.658498836125,14505.52129960895
2026-06-25 04:00:00,1807.740941642865,16516.619450738872,14426.286746841837
2026-06-25 08:00:00,1807.740941642865,16810.599589786536,14754.138077111715
2026-06-25 12:00:00,1807.740941642865,16672.255994940577,14571.923911102429
2026-06-25 16:00:00,1807.740941642865,16146.056250258622,14093.470098186026
2026-06-25 20:00:00,1807.740941642865,16090.162967519518,14056.644156269002
2026-06-26 00:00:00,1807.740941642865,16234.682615706815,14278.482024822686
2026-06-26 04:00:00,1807.740941642865,16286.252661106984,14316.517569456482
2026-06-26 08:00:00,1807.740941642865,16392.789581245055,14627.80796477498
2026-06-26 12:00:00,1807.740941642865,16079.663676839244,14245.638773048537
2026-06-26 16:00:00,1804.1254597595791,16319.29454648314,14719.863661599062
2026-06-26 20:00:00,1812.2297836013324,16183.421372973715,14764.55617166344
2026-06-27 00:00:00,1802.7810954517117,16279.150199764445,14691.030254293099
2026-06-27 04:00:00,1805.6033070483695,16331.646653165813,14744.530052981383
2026-06-27 08:00:00,1806.0800319802374,16396.18641058279,14778.458041707752
2026-06-27 12:00:00,1801.6941626070532,16340.601930510753,14704.759615344003
2026-06-27 16:00:00,1810.39915986296,16465.667010672838,14879.000809818372
2026-06-27 20:00:00,1796.1164809041993,16302.001597127393,14619.938154595831
2026-06-28 00:00:00,1791.1966796073232,16264.327671745235,14543.557096421766
2026-06-28 04:00:00,1794.9437375718044,16304.163215796862,14603.454055430055
2026-06-28 08:00:00,1796.2594983837598,16317.441730480738,14623.986115282012
2026-06-28 12:00:00,1802.943181928547,16347.395589186224,14721.934403583651
2026-06-28 16:00:00,1804.6021846914468,16224.18332502654,14697.743049946155
2026-06-28 20:00:00,1792.4075609342676,16112.087956881265,14495.347036398223
2026-06-29 00:00:00,1798.509640062176,16138.33618358195,14582.845409480386
2026-06-29 04:00:00,1809.2359510292024,16261.8572504087,14770.076341503962
2026-06-29 08:00:00,1808.6829501082357,16230.976983702012,14743.495974671045
2026-06-29 12:00:00,1806.9190678603247,16206.890375670797,14706.733023157212
2026-06-29 16:00:00,1817.0923779063846,16147.29146092689,14811.14684455947
2026-06-29 20:00:00,1830.9665836883228,16308.177650468731,15132.917526379108
2026-06-30 00:00:00,1819.6371418957158,16271.73893575484,15023.465318325063
2026-06-30 04:00:00,1800.5823601966792,16124.440063563941,14862.800692646644
2026-06-30 08:00:00,1800.525153204855,16109.926338211799,14865.12263264873
2026-06-30 12:00:00,1794.4421430742213,16018.520748760004,14743.639358828324
2026-06-30 16:00:00,1787.1514552081856,15770.861009772369,14596.262376640818
2026-06-30 20:00:00,1787.1514552081856,15871.839481903238,14702.978624632611
2026-07-01 00:00:00,1787.1514552081856,15842.503228531885,14691.000369237892
2026-07-01 04:00:00,1787.1514552081856,16007.403852745596,14960.58507719079
2026-07-01 08:00:00,1787.1514552081856,15892.529260596719,14842.691861534862
2026-07-01 12:00:00,1787.1514552081856,15882.029969916444,14840.431279018809
2026-07-01 16:00:00,1780.0028493873529,16306.633637133396,15309.237869819848
2026-07-01 20:00:00,1776.5205695699428,16274.82696242551,15256.078353494031
2026-07-02 00:00:00,1776.8412402700292,16276.67977842791,15289.772225854176
2026-07-02 04:00:00,1793.6230649209965,16547.190914778494,15541.782114967817
2026-07-02 08:00:00,1766.4783017754244,16262.166053075767,15319.213653448885
2026-07-02 12:00:00,1825.3375737866413,16596.290538842128,15916.022824553063
2026-07-02 16:00:00,1827.5148273564591,16608.025040190667,15802.077660079689
2026-07-02 20:00:00,1829.4564177532116,16596.290538842128,15812.414918295475
2026-07-03 00:00:00,1830.1138644742741,16624.391581545213,15815.989926046532
2026-07-03 04:00:00,1828.4549554517675,16564.175061467173,15788.223767988864
2026-07-03 08:00:00,1837.0894799818684,16631.802845554816,15863.447737708277
2026-07-03 12:00:00,1851.9866846374234,16711.782736325138,15961.077115797878
2026-07-03 16:00:00,1846.9025913563787,16708.077104320335,15924.958945801845
2026-07-03 20:00:00,1864.2048731707405,16789.292205758924,16091.5543445818
2026-07-04 00:00:00,1871.7793054288622,16887.49145388619,16132.450785612142
2026-07-04 04:00:00,1873.7482696400848,16902.00517923833,16169.22025232379
2026-07-04 08:00:00,1875.0835177742556,16885.947440550855,16171.883952677737
2026-07-04 12:00:00,1867.6598191205621,16868.036885860976,16078.432306751609
2026-07-04 16:00:00,1887.0744625871948,16993.410768690126,16207.210356397489
2026-07-04 20:00:00,1888.5577874006308,17087.595582145525,16205.84232974831
2026-07-05 00:00:00,1882.4311595822337,17049.30405142923,16171.112680948594
2026-07-05 04:00:00,1861.4425917471408,16941.223117955826,15981.079709105561
2026-07-05 08:00:00,1868.7242979171829,17014.10054738361,16035.66782937865
2026-07-05 12:00:00,1860.0299183658576,16910.342851249137,15970.853901214115
2026-07-05 16:00:00,1872.6439945797624,16940.605512621692,16081.096937532358
2026-07-05 20:00:00,1868.696927724051,16942.458328624092,16055.516073294966
2026-07-06 00:00:00,1878.0238303113802,17169.737091585313,16187.702159973276
2026-07-06 04:00:00,1872.8818091910089,17083.581147473655,16076.049719771723
2026-07-06 08:00:00,1869.0559352205469,17035.71673407829,16060.853209135454
2026-07-06 12:00:00,1859.8534841420033,16891.50588855806,15961.533684689268
2026-07-06 16:00:00,1880.1951897492486,17171.281104920647,16197.95910411901
2026-07-06 20:00:00,1881.6314120289521,17199.6909502908,16252.202347706381
2026-07-07 00:00:00,1887.2792378196482,17277.50922239165,16280.246547637245
2026-07-07 04:00:00,1869.3193561957269,17051.4656700987,16079.835512900288
2026-07-07 08:00:00,1861.4933210937775,17044.36320875616,16131.060913981528
2026-07-07 12:00:00,1861.4933210937775,17114.152611513276,16141.147648904705
2026-07-07 16:00:00,1857.7703344515899,17278.435630392854,16306.148403930372
2026-07-07 20:00:00,1855.7612802433125,17261.76028637124,16227.628564584527
2026-07-08 00:00:00,1847.4403776659474,17159.855406239174,16107.637248325667
2026-07-08 04:00:00,1847.4403776659474,16969.32416065891,15821.897040226937
2026-07-08 08:00:00,1847.4403776659474,16988.778728684123,15774.260415178254
2026-07-08 12:00:00,1847.4403776659474,16869.58089919631,15675.959524738635
2026-07-08 16:00:00,1847.4403776659474,16712.40034165927,15512.100165958545
2026-07-08 20:00:00,1847.4403776659474,16824.18690713748,15608.419194448106
2026-07-09 00:00:00,1847.4403776659474,16833.142184482418,15667.152001502942
2026-07-09 04:00:00,1847.4403776659474,16744.515819034226,15571.194440385287
2026-07-09 08:00:00,1847.4403776659474,17005.762875372802,15761.21617680047
2026-07-09 12:00:00,1847.4403776659474,16950.7960006349,15675.327044012014
2026-07-09 16:00:00,1847.4403776659474,16963.148107317575,15671.180953557268
2026-07-09 20:00:00,1847.4403776659474,17091.301214150328,15785.429832798902
2026-07-10 00:00:00,1847.4403776659474,17069.993830122712,15757.470760523567
2026-07-10 04:00:00,1847.4403776659474,17246.628955684966,15946.495997487025
2026-07-10 08:00:00,1847.4403776659474,17266.392326377245,15941.052865437861
2026-07-10 12:00:00,1840.0506161552835,17396.707051879464,16075.982344865046
2026-07-10 16:00:00,1831.958146368286,17280.288446395254,15896.229435693895
2026-07-10 20:00:00,1833.700654895841,17282.141262397654,15890.335152257761
2026-07-11 00:00:00,1837.4104116777744,17347.298625148767,15944.559995821131
2026-07-11 04:00:00,1837.4549316525386,17348.225033149967,15912.326496977887
2026-07-11 08:00:00,1838.5181549462106,17348.225033149967,15934.361026293449
2026-07-11 12:00:00,1839.4220110916656,17363.047561169176,15955.436874694493
2026-07-11 16:00:00,1843.7424979485415,17355.018691825437,15995.453059674557
2026-07-11 20:00:00,1848.6255181607644,17389.60459053693,16001.365711207378
2026-07-12 00:00:00,1831.1991971270436,17259.289865034705,15772.74382263275
2026-07-12 04:00:00,1843.535289612726,17373.238049182382,15870.211114228561
2026-07-12 08:00:00,1835.9483469836402,17280.59724906232,15769.17766028101
2026-07-12 12:00:00,1838.658290963504,17309.007094432473,15826.748958927503
2026-07-12 16:00:00,1846.2714235476806,17358.106718496107,15918.340726354352
2026-07-12 20:00:00,1847.0649652751003,17374.78206251772,15947.080330485027
2026-07-13 00:00:00,1838.6267122424094,17263.61310237364,15817.62014992817
2026-07-13 04:00:00,1812.9665098306677,17007.92449404227,15599.063202211913
2026-07-13 08:00:00,1812.9665098306677,17022.129416727348,15653.29081727329
2026-07-13 12:00:00,1812.9665098306677,16989.08753135119,15615.716358661248
2026-07-13 16:00:00,1812.9665098306677,16950.7960006349,15568.20994102371
2026-07-13 20:00:00,1812.9665098306677,16878.844979208316,15491.786272145266
2026-07-14 00:00:00,1812.9665098306677,16898.917152567665,15485.56227273052
2026-07-14 04:00:00,1812.9665098306677,16944.619947293562,15514.939611878082
2026-07-14 08:00:00,1812.9665098306677,16934.429459280353,15482.958891926632
2026-07-14 12:00:00,1812.9665098306677,16998.96921669733,15569.988136325177
2026-07-14 16:00:00,1805.714643791345,17488.421443998326,16013.451410004061
2026-07-14 20:00:00,1805.3596787510164,17450.74751861617,15993.361451436514
2026-07-15 00:00:00,1813.9187905397725,17566.548518766245,16117.836363458006
2026-07-15 04:00:00,1805.1848924703395,17478.848561319253,16043.12423754048
2026-07-15 08:00:00,1802.4668666237271,17439.321819934696,15998.328483333575
2026-07-15 12:00:00,1809.9457469066813,17505.09678801994,16060.124869263345
2026-07-15 16:00:00,1825.9718163657067,17661.96854288991,16213.245282190117
2026-07-15 20:00:00,1807.6583541228247,17493.671089338466,16030.042200154308
2026-07-16 00:00:00,1803.9041814103725,17430.366542589756,16007.217804605454
2026-07-16 04:00:00,1800.4704173651023,17393.619025208798,15966.240389468428
2026-07-16 08:00:00,1786.4465392917336,17285.229289068324,15865.018116864765
2026-07-16 12:00:00,1778.4969608265778,17290.170131741394,15816.485500160743
2026-07-16 16:00:00,1784.0230693062572,17448.277097279635,15918.339494047636
2026-07-16 20:00:00,1778.5089747042612,17342.97538780983,15799.71404141355
2026-07-17 00:00:00,1766.9038243032278,17212.660662307608,15690.732096069314
2026-07-17 04:00:00,1759.3155695478627,17144.415272885828,15642.42409036518
2026-07-17 08:00:00,1759.3155695478627,16933.81185394622,15476.492144894528
2026-07-17 12:00:00,1759.3155695478627,17094.080438153927,15584.431809585247
2026-07-17 16:00:00,1759.3155695478627,17122.79908619115,15566.457907946493
2026-07-17 20:00:00,1759.3155695478627,17312.095121103142,15687.550742490239
2026-07-18 00:00:00,1759.3155695478627,17258.05465436644,15655.624859335072
2026-07-18 04:00:00,1759.3155695478627,17280.59724906232,15702.286354288008
2026-07-18 08:00:00,1759.3155695478627,17279.67084106112,15656.786208519556
2026-07-18 12:00:00,1759.3155695478627,17292.949355744997,15667.667013005313
2026-07-18 16:00:00,1759.3155695478627,17306.845475763006,15667.87625433606
2026-07-18 20:00:00,1759.3155695478627,17425.425699916686,15774.899194799007
2026-07-19 00:00:00,1759.3155695478627,17504.17038001874,15816.843702275117
2026-07-19 04:00:00,1759.3155695478627,17463.099625298844,15850.068185958611
2026-07-19 08:00:00,1759.3155695478627,17469.584481307247,15874.118319932553
2026-07-19 12:00:00,1759.3155695478627,17400.412683884268,15843.021410899619
2026-07-19 16:00:00,1759.3155695478627,17431.91055592509,15866.313924504135
2026-07-19 20:00:00,1759.3155695478627,17401.0302892184,15818.766231117661
2026-07-20 00:00:00,1759.3155695478627,17473.907718646184,15907.375466586047
2026-07-20 04:00:00,1752.2783072696711,17496.759116009132,15949.581526938218
2026-07-20 08:00:00,1742.9311514091914,17334.02011046489,15817.686941399403
2026-07-20 12:00:00,1757.3035497813241,17547.4027534081,16033.131709821504
2026-07-20 16:00:00,1773.16880406084,17735.772380318893,16188.046889594963
2026-07-20 20:00:00,1766.5316519885805,17615.339340162813,16124.485931657142
2026-07-21 00:00:00,1769.924954925347,17628.309052179622,16153.03024312216
2026-07-21 04:00:00,1783.8010128700962,17728.978721643423,16259.212845569986
2026-07-21 08:00:00,1792.8065329766887,17883.68885784393,16348.907406694223
2026-07-21 12:00:00,1793.7854143431114,17932.479679240492,16350.68517813216
2026-07-21 16:00:00,1795.8311230943143,18043.031034050437,16372.80999067046
2026-07-21 20:00:00,1789.3274047411983,17986.21134331013,16313.426490861224
2026-07-22 00:00:00,1794.95194808876,18019.87083402042,16365.009094094527
2026-07-22 04:00:00,1788.2368876624146,17913.02511121528,16293.181588783824
2026-07-22 08:00:00,1774.2466335485144,17810.193823082012,16164.15008275416
2026-07-22 12:00:00,1783.9914939710598,17862.999079150446,16248.275047277577
2026-07-22 16:00:00,1795.0445623014848,17860.219855146846,16351.376586241811
2026-07-22 20:00:00,1782.5043901223721,17833.354023112028,16238.124014298814
2026-07-23 00:00:00,1790.3776360972488,17883.997660510995,16310.792588037097
2026-07-23 04:00:00,1775.3444846785178,17734.845972317693,16176.770059149672
2026-07-23 08:00:00,1762.5747243430003,17680.187900246856,16116.924320049595
2026-07-23 12:00:00,1767.3797819340175,17760.78539635131,16235.858797929508
2026-07-23 16:00:00,1758.79855640716,17626.76503884429,16032.36847584903
2026-07-23 20:00:00,1748.818426782883,17587.547100126794,15928.419171351783
2026-07-24 00:00:00,1748.818426782883,17662.277345556977,15974.177082179518
2026-07-24 04:00:00,1748.818426782883,17746.889276333302,15996.883425511205
2026-07-24 08:00:00,1748.818426782883,17749.05089500277,16033.059170738037
2026-07-24 12:00:00,1748.818426782883,17653.939673546174,15910.277164085626
2026-07-24 16:00:00,1748.818426782883,17371.385233179983,15662.314054171118
2026-07-24 20:00:00,1748.818426782883,17428.82252925442,15691.627004406251
2026-07-25 00:00:00,1748.818426782883,17414.00000123521,15683.184807903577
2026-07-25 04:00:00,1748.818426782883,17389.913393203995,15690.176548068783
2026-07-25 08:00:00,1748.818426782883,17371.076430512916,15644.242347904263
2026-07-25 12:00:00,1748.818426782883,17393.001419874665,15672.910941593957
2026-07-25 16:00:00,1748.818426782883,17426.04330525082,15722.707185086663
2026-07-25 20:00:00,1748.818426782883,17482.554193324057,15790.350884225682
2026-07-26 00:00:00,1748.818426782883,17471.746099976717,15778.657172215644
2026-07-26 04:00:00,1748.818426782883,17525.168961379284,15856.913776972335
2026-07-26 08:00:00,1748.818426782883,17475.45173198152,15821.282285152465
2026-07-26 12:00:00,1748.818426782883,17510.346433360075,15847.805328687482
2026-07-26 16:00:00,1748.818426782883,17585.07667879026,15969.434507227226
2026-07-26 20:00:00,1748.818426782883,17545.241134738633,15928.974519355379
2026-07-27 00:00:00,1741.8231530757516,17709.52415361821,16168.145915692123
2026-07-27 04:00:00,1736.3588599859404,17665.05656956058,16099.545009530786
2026-07-27 08:00:00,1742.1532512936806,17662.586148224043,16133.484229259633
2026-07-27 12:00:00,1742.3974817634164,17646.2196068695,16135.234607625975
2026-07-27 16:00:00,1723.9625060363585,17506.94960402234,15929.096066133912
2026-07-27 20:00:00,1736.956078129176,17636.955526857495,16083.609789694368
2026-07-28 00:00:00,1699.843967265255,17305.919067761806,15718.818390902696
2026-07-28 04:00:00,1699.843967265255,17184.250816937456,15561.240980699571
2026-07-28 08:00:00,1699.843967265255,17236.747270338823,15590.361369359442
2026-07-28 12:00:00,1699.843967265255,17225.012768990284,15565.076816276884
2026-07-28 16:00:00,1699.843967265255,17301.287027755803,15733.833737598798
2026-07-28 20:00:00,1699.843967265255,17314.874345106742,15751.523551574097
2026-07-29 00:00:00,1699.843967265255,17315.183147773812,15704.571746751772
2026-07-29 04:00:00,1699.843967265255,17253.731417027502,15558.623103996171
2026-07-29 08:00:00,1699.843967265255,17470.510889308447,15792.870370473844
2026-07-29 12:00:00,1699.843967265255,17484.09820665939,15766.287645216504
2026-07-29 16:00:00,1699.843967265255,17327.535254456485,15598.278116900881
2026-07-29 20:00:00,1699.843967265255,17136.386403542092,15435.121116463015
2026-07-30 00:00:00,1699.843967265255,17214.51347831001,15570.503946805911
2026-07-30 04:00:00,1699.843967265255,17289.861329074327,15611.905350439763
2026-07-30 08:00:00,1699.843967265255,17266.08352371018,15575.50363936332
2026-07-30 12:00:00,1699.843967265255,17414.617606569343,15701.883727658842
2026-07-30 16:00:00,1699.843967265255,17331.549689128355,15669.669564084583
2026-07-30 20:00:00,1699.843967265255,17338.652150470894,15682.283147932183
2026-07-31 00:00:00,1699.843967265255,17348.533835817034,15663.29533429947
2026-07-31 04:00:00,1699.843967265255,17247.864166353233,15584.177689940276
2026-07-31 08:00:00,1699.843967265255,17137.004008876225,15474.028823518867
2026-07-31 12:00:00,1699.843967265255,17144.724075552895,15486.657840034994
2026-07-31 16:00:00,1699.843967265255,16796.703469768527,15264.669464512823
2026-07-31 20:00:00,1699.843967265255,16849.508725836964,15280.576088168433
2026-08-01 00:00:00,1699.843967265255,16832.21577648122,15247.64863064299
2026-08-01 04:00:00,1699.843967265255,16862.169635186707,15282.678866671973
2026-08-01 08:00:00,1699.843967265255,16878.227373874182,15283.410494261621
2026-08-01 12:00:00,1699.843967265255,16888.726664554455,15280.790498101345
2026-08-01 16:00:00,1699.843967265255,16869.272096529243,15269.122290086369
2026-08-01 20:00:00,1699.843967265255,16744.824621701293,15031.593000085653
2026-08-02 00:00:00,1699.843967265255,16823.878104470412,15139.329009546735
2026-08-02 04:00:00,1699.843967265255,17001.1308353668,15363.142605805006
2026-08-02 08:00:00,1699.843967265255,16996.18999269373,15381.701708535475
2026-08-02 12:00:00,1699.843967265255,16875.448149870583,15267.086315905039
2026-08-02 16:00:00,1699.843967265255,16894.59391522873,15281.801314791908
2026-08-02 20:00:00,1699.843967265255,16973.647397997847,15398.925538319301
2026-08-03 00:00:00,1699.843967265255,16989.396334018256,15390.02447726401
2026-08-03 04:00:00,1699.843967265255,16816.158037793743,15231.38515376837
2026-08-03 08:00:00,1699.843967265255,16755.632715048632,15160.509390504762
2026-08-03 12:00:00,1699.843967265255,16733.707725686887,15137.280110169297
2026-08-03 16:00:00,1699.843967265255,17073.39065946045,15414.954714928674
2026-08-03 20:00:00,1696.4442793307244,17119.71105952048,15479.446760754749
2026-08-04 00:00:00,1692.6782551415795,17023.982232729748,15385.944483149178
2026-08-04 04:00:00,1693.9659355434887,17102.7269128318,15435.364230409104
2026-08-04 08:00:00,1693.8336396117857,17068.141014120312,15420.450969519632
2026-08-04 12:00:00,1691.8719108028295,17121.56387552288,15467.318251256751
2026-08-04 16:00:00,1693.8634315435288,17168.810683584114,15488.211871647109
2026-08-04 20:00:00,1696.047797107763,17191.97088361413,15514.73262876445
2026-08-05 00:00:00,1690.878627952541,17148.12090489063,15445.188875467276
2026-08-05 04:00:00,1691.6373304710457,17166.03145958051,15449.534488762558
2026-08-05 08:00:00,1693.6829205850404,17167.88427558291,15482.358754118723
2026-08-05 12:00:00,1688.9976549449032,17113.84380884621,15418.500675133451
2026-08-05 16:00:00,1693.875605415986,17209.26383296987,15480.62367062032
2026-08-05 20:00:00,1697.9152464586195,17321.668003782215,15623.39440471699
2026-08-06 00:00:00,1689.5305210976417,17262.06908903831,15543.56929683296
2026-08-06 04:00:00,1678.5179269527796,17238.29128367416,15473.673230744971
2026-08-06 08:00:00,1685.4919476137727,17323.21201711755,15561.605562876342
2026-08-06 12:00:00,1682.8982687368057,17271.024366383248,15499.34225334827
2026-08-06 16:00:00,1686.5585709692448,17313.639134438476,15520.490965898658
2026-08-06 20:00:00,1684.3087125645918,17263.61310237364,15455.277806237187
2026-08-07 00:00:00,1681.1681555969951,17226.24797965855,15420.417893692349
2026-08-07 04:00:00,1679.1057332530297,17214.822280977078,15403.446274406164
2026-08-07 08:00:00,1680.8044519017842,17225.012768990284,15443.331408894657
2026-08-07 12:00:00,1690.3175854942165,17401.339091885467,15582.311093687982
2026-08-07 16:00:00,1687.2769269930634,17329.696873125955,15567.629925054713
2026-08-07 20:00:00,1687.97826322354,17345.137006479297,15580.753098693676
2026-08-08 00:00:00,1686.4012462637809,17336.79933446849,15541.094464868336
2026-08-08 04:00:00,1685.181399241164,17364.900377171576,15672.727676460276
2026-08-08 08:00:00,1683.7152416752442,17352.85707315597,15660.96630950459
2026-08-08 12:00:00,1691.7429618722783,17354.70988915837,15751.36596019569
2026-08-08 16:00:00,1698.5600255667573,17380.340510524922,15834.354907599045
2026-08-08 20:00:00,1696.1177596880839,17380.64931319199,15807.433594791932
2026-08-09 00:00:00,1692.7696693802804,17346.9898224817,15776.70785858616
2026-08-09 04:00:00,1686.9983872229311,17304.683857093536,15755.928741563734
2026-08-09 08:00:00,1691.2021246676904,17314.874345106742,15802.859941082817
2026-08-09 12:00:00,1692.2530341286008,17346.372217147564,15827.896438459655
2026-08-09 16:00:00,1698.514290554287,17422.95527858015,15960.181620905358
2026-08-09 20:00:00,1694.4650498066046,17404.735921223204,15921.146661087056
2026-08-10 00:00:00,1678.0144218599858,17326.91764912235,15785.45881939937
2026-08-10 04:00:00,1681.9205055851658,17358.72432383024,15845.130605969898
2026-08-10 08:00:00,1685.6304089245223,17403.500710554938,15898.014063672439
2026-08-10 12:00:00,1686.1363571690244,17394.545433209998,15900.178686788458
2026-08-10 16:00:00,1667.5347766079199,17174.06032892425,15660.778088315838
2026-08-10 20:00:00,1669.7002499606667,17120.946270188746,15675.31186585702
2026-08-11 00:00:00,1667.9541765853292,17096.242056823397,15636.805655879238
2026-08-11 04:00:00,1668.810094906573,17142.871259550495,15674.9915657876
2026-08-11 08:00:00,1666.5162338056396,17140.09203554689,15641.745608006058
2026-08-11 12:00:00,1670.410662167299,17221.30713698548,15742.019909048362
2026-08-11 16:00:00,1656.8953695075302,17004.527664704536,15491.291380761388
2026-08-11 20:00:00,1656.8953695075302,16985.38189934639,15589.527813667974
2026-08-12 00:00:00,1656.8953695075302,16994.02837402426,15646.01198346412
2026-08-12 04:00:00,1656.8953695075302,17071.22904079098,15699.91538851148
2026-08-12 08:00:00,1656.8953695075302,17064.43538211551,15684.935841632563
2026-08-12 12:00:00,1656.8953695075302,17167.266670248777,15806.227916819891
2026-08-12 16:00:00,1656.8953695075302,16959.44247531277,15600.79540127088
2026-08-12 20:00:00,1656.8953695075302,16979.823451339184,15606.392598704519
2026-08-13 00:00:00,1656.8953695075302,16986.617110014657,15588.478727527217
2026-08-13 04:00:00,1656.8953695075302,17041.275182085494,15685.22630074386
2026-08-13 08:00:00,1656.8953695075302,17092.84522748566,15732.392902987569
2026-08-13 12:00:00,1656.8953695075302,16977.970635336784,15586.695661192502
2026-08-13 16:00:00,1656.8953695075302,16970.25056866011,15583.504186322465
2026-08-13 20:00:00,1656.8953695075302,16970.868173994244,15652.299591608331
2026-08-14 00:00:00,1656.8953695075302,16988.778728684123,15660.14681482795
2026-08-14 04:00:00,1656.8953695075302,16928.87101127315,15578.107685156276
2026-08-14 08:00:00,1656.8953695075302,16807.202760448803,15499.230213000152
2026-08-14 12:00:00,1656.8953695075302,16772.925664404378,15477.63187142275
2026-08-14 16:00:00,1656.8953695075302,16779.101717745714,15482.87050814525
2026-08-14 20:00:00,1656.8953695075302,16793.924245764927,15435.75568191232
2026-08-15 00:00:00,1656.8953695075302,16816.775643127876,15483.543148179251
2026-08-15 04:00:00,1656.8953695075302,16817.39324846201,15484.088238103166
2026-08-15 08:00:00,1656.8953695075302,16830.36296047882,15470.462868189963
2026-08-15 12:00:00,1656.8953695075302,16811.52599778774,15464.617830479161
2026-08-15 16:00:00,1656.8953695075302,16833.450987149485,15506.26564922927
2026-08-15 20:00:00,1656.8953695075302,16841.78865916029,15509.537228690198
2026-08-16 00:00:00,1656.8953695075302,16832.21577648122,15483.747335040149
2026-08-16 04:00:00,1656.8953695075302,16843.332672495624,15510.10821663377
2026-08-16 08:00:00,1656.8953695075302,16825.113315138682,15490.761328834997
2026-08-16 12:00:00,1656.8953695075302,16812.143603121873,15469.363479537817
2026-08-16 16:00:00,1656.8953695075302,16850.74393650523,15516.824045694695
2026-08-16 20:00:00,1656.8953695075302,16834.99500048482,15477.202424708092
2026-08-17 00:00:00,1656.8953695075302,16767.67601906424,15371.589254064373
2026-08-17 04:00:00,1653.581578768515,16900.15236323593,15535.597429495243
2026-08-17 08:00:00,1652.24148167783,16885.63863788379,15533.601105489815
2026-08-17 12:00:00,1650.633972414812,16932.576643277953,15553.258124310327
2026-08-17 16:00:00,1655.5242078733559,17095.006846155127,15666.173542575976
2026-08-17 20:00:00,1653.9669177073724,17136.386403542092,15652.839483242806
2026-08-18 00:00:00,1658.8315861298192,17190.73567294586,15696.98388888516
2026-08-18 04:00:00,1647.3736401183232,17106.123742169537,15597.24749987213
2026-08-18 08:00:00,1652.7337942287327,17110.446979508473,15661.534156449077
2026-08-18 12:00:00,1657.1779968857136,17151.826536895434,15704.974087345345
2026-08-18 16:00:00,1672.1264331948992,17285.53809173539,15855.040239493246
2026-08-18 20:00:00,1669.4049327475632,17235.512059670556,15832.375674704745
2026-08-19 00:00:00,1670.6439436669866,17257.745851699372,15835.783423133365
2026-08-19 04:00:00,1663.5813201455971,17137.62161421036,15771.734735595976
2026-08-19 08:00:00,1662.1750607416784,17109.82937417434,15751.655209579603
2026-08-19 12:00:00,1669.5022233899608,17156.14977423437,15828.911019432977
2026-08-19 16:00:00,1773.4608073728027,18136.907044838765,16739.824931346622
2026-08-19 20:00:00,1779.3986874027141,18089.660236777534,16788.697741801265
2026-08-20 00:00:00,1851.1341809238857,18325.89427708369,17356.233960924023
2026-08-20 04:00:00,1841.9191964631264,18276.177047685924,17242.50248898368
2026-08-20 08:00:00,1858.291496091159,18428.725565216962,17449.199518033958
2026-08-20 12:00:00,1897.8088624766701,18994.452051283475,17805.676088580127
2026-08-20 16:00:00,1913.1496782628492,19153.485424822917,17918.546296509398
2026-08-20 20:00:00,1914.7094137767426,19215.863563570427,17935.221625057122
2026-08-21 00:00:00,1920.8757618829763,19305.107534352752,18002.528065652416
2026-08-21 04:00:00,1945.9041118894502,19671.038694827,18269.17810618404
2026-08-21 08:00:00,1979.716993968018,20158.946908792663,18600.00540802606
2026-08-21 12:00:00,1980.4072657288411,20248.499682242054,18606.491177657284
2026-08-21 16:00:00,2001.5855189205927,20408.15066111563,18809.004665240198
2026-08-21 20:00:00,2002.6122423509382,20357.198221049595,18773.917878322045
2026-08-22 00:00:00,2061.4450718818043,20689.469890813554,19283.250439978226
2026-08-22 04:00:00,2085.962388142387,20714.48290684597,19610.324448333165
2026-08-22 08:00:00,2036.787067978491,20439.64853315645,19177.150762716054
2026-08-22 12:00:00,2019.7355420276872,20345.463719701056,18993.697636712503
2026-08-22 16:00:00,2012.879760051846,20298.834516973955,18941.649639169795
2026-08-22 20:00:00,2035.0330244645857,20413.400306455766,19155.21041844303
2026-08-23 00:00:00,2021.4453866562671,20315.509860995568,19025.803234461528
2026-08-23 04:00:00,2015.738927159854,20264.8662235966,18981.786677870532
2026-08-23 08:00:00,1990.8117590373695,20015.9712739407,18736.228580227682
2026-08-23 12:00:00,2032.551815449467,20382.828842416147,19144.119760120368
2026-08-23 16:00:00,2039.0464681172457,20345.463719701056,19218.01460167
2026-08-23 20:00:00,2042.4842212956482,20422.04678113364,19234.249651435362
2026-08-24 00:00:00,2054.9912159439705,20542.171018622656,19341.343933687698
2026-08-24 04:00:00,2027.9572420435843,20342.684495697453,19073.67676661734
2026-08-24 08:00:00,2042.3813636287969,20462.4999305194,19190.850859946826
2026-08-24 12:00:00,2074.709870676,20758.332885569467,19496.514012946005
2026-08-24 16:00:00,2085.46097921113,20948.864131149727,19634.540477218034
2026-08-24 20:00:00,2078.3323318624134,20852.517699024862,19589.301638799596
2026-08-25 00:00:00,2098.8319502483773,20906.866968428632,19835.504834690015
2026-08-25 04:00:00,2136.5803633162204,21307.38402761437,20259.36013574915
2026-08-25 08:00:00,2115.403814043166,21111.60313669397,20045.002476477035
2026-08-25 12:00:00,2098.6824653931476,20954.731381824,19836.55434963679
2026-08-25 16:00:00,2098.8960652906803,21036.87289126379,19823.629119552723
2026-08-25 20:00:00,2085.2120579135085,20880.001136393814,19707.544785066624
2026-08-26 00:00:00,2057.8834678161966,20784.272309603082,19516.147621136046
2026-08-26 04:00:00,2062.61909912238,20929.71836579158,19647.302223407904
2026-08-26 08:00:00,2061.070718610379,20882.162755063284,19612.67711821368
2026-08-26 12:00:00,2057.4712366409235,20771.611400253343,19588.524990431102
2026-08-26 16:00:00,2054.344312360195,20675.573770795545,19463.847167403077
2026-08-26 20:00:00,2054.003025164745,20789.83075761029,19595.459526858005
2026-08-27 00:00:00,2045.7870130640858,20939.60005113772,20206.95515766354
2026-08-27 04:00:00,2035.1491402049169,20889.26521640582,20072.706127914065
2026-08-27 08:00:00,2041.8480920465404,20957.819408494666,20177.632797205064
2026-08-27 12:00:00,2059.1818232964974,21084.11969932502,20451.492657556337
2026-08-27 16:00:00,2085.63487513297,21283.297419583152,20848.917528972088
2026-08-27 20:00:00,2093.057870871124,21189.73021146189,20985.39251378077
2026-08-28 00:00:00,2095.32894240025,21278.047774243016,21017.057295296065
2026-08-28 04:00:00,2074.411176778383,21165.643603430675,20731.59292232694
2026-08-28 08:00:00,2074.130452056888,21130.131296717984,20695.505505937275
2026-08-28 12:00:00,2071.9263313774977,21110.367926025705,20637.31505170194
2026-08-28 16:00:00,2064.7280701435934,20854.679317694332,20509.506869602497
2026-08-28 20:00:00,2038.3409958482432,20661.0600454434,20216.023315746992
2026-08-29 00:00:00,2043.3825586312012,20746.598384220924,20329.179808009365
2026-08-29 04:00:00,2041.8974471137408,20665.07448011527,20271.24620612539
2026-08-29 08:00:00,2041.0610948381182,20694.101930819557,20270.030266128128
2026-08-29 12:00:00,2039.693228966773,20691.013904148887,20250.59334154261
2026-08-29 16:00:00,2050.081193212589,20765.126544244937,20438.05028570816
2026-08-29 20:00:00,2052.676230179941,20856.53213369673,20517.2489849843
2026-08-30 00:00:00,2053.934666781578,20865.796213708738,20543.36938207542
2026-08-30 04:00:00,2050.495461162196,20842.01840834459,20485.68269361194
2026-08-30 08:00:00,2048.76022559969,20834.607144334983,20455.71600531079
2026-08-30 12:00:00,2050.8628308533575,20846.95925101766,20496.764411123797
2026-08-30 16:00:00,2058.3978177103672,21032.85845659192,20694.765348628927
2026-08-30 20:00:00,2051.133699561389,21028.226416585916,20680.357595618294
2026-08-31 00:00:00,2051.133699561389,20692.55791748422,20027.715691059013
2026-08-31 04:00:00,2051.133699561389,20720.041354853172,20080.483340379054
2026-08-31 08:00:00,2051.133699561389,20813.29976030737,20224.495159132894
2026-08-31 12:00:00,2051.133699561389,20846.03284301646,20282.806157449675
2026-08-31 16:00:00,2051.133699561389,20882.780360397417,20251.74238563486
2026-08-31 20:00:00,2051.133699561389,20977.273976519882,20381.04484926702
2026-09-01 00:00:00,2051.133699561389,20882.47155773035,20264.823779007726
2026-09-01 04:00:00,2051.133699561389,20930.64477379278,20364.547554052537
2026-09-01 08:00:00,2051.133699561389,20945.158499144927,20336.827173745864
2026-09-01 12:00:00,2051.133699561389,20795.389205617492,20179.273182862355
2026-09-01 16:00:00,2051.133699561389,20752.465634895194,20131.237689985275
2026-09-01 20:00:00,2051.133699561389,20596.82909069349,19849.542114579344
2026-09-02 00:00:00,2051.133699561389,20623.077317394174,19846.429039505565
2026-09-02 04:00:00,2051.133699561389,20674.02975746021,19901.87577363888
2026-09-02 08:00:00,2051.133699561389,20655.19279476913,19860.954694511907
2026-09-02 12:00:00,2051.133699561389,20477.631261205675,19573.974780666817
2026-09-02 16:00:00,2051.133699561389,20575.21290399881,19718.66499641487
2026-09-02 20:00:00,2051.133699561389,20604.240354703095,19757.544912013804
2026-09-03 00:00:00,2051.133699561389,20607.0195787067,19847.971229008755
2026-09-03 04:00:00,2051.133699561389,20687.61707481115,19893.17105885302
2026-09-03 08:00:00,2051.133699561389,20665.692085449402,19861.999208533336
2026-09-03 12:00:00,2051.133699561389,20722.51177618971,19920.202871916976
2026-09-03 16:00:00,2038.900297774741,21615.877892014178,20778.13060122826
2026-09-03 20:00:00,2041.7127087525262,21710.989113470776,20808.045338622003
2026-09-04 00:00:00,2026.5215598162592,21572.645518624817,20628.758231341904
2026-09-04 04:00:00,2021.6171809408982,21474.44627049755,20573.842089708967
2026-09-04 08:00:00,2019.860561134982,21431.83150244232,20552.46742691213
2026-09-04 12:00:00,2033.2999008760435,21587.468046644026,20680.809657716785
2026-09-04 16:00:00,1973.707402790322,21113.45595269637,20163.72929348531
2026-09-04 20:00:00,1977.2415471275744,21225.860123508715,20247.88029593972
2026-09-05 00:00:00,1976.2512099781247,21194.362251467894,20258.233780106595
2026-09-05 04:00:00,1975.5715668363453,21172.74606477321,20241.308365072757
2026-09-05 08:00:00,1976.4551029206584,21200.847107476297,20288.345865750845
2026-09-05 12:00:00,1975.7948781543585,21179.84852611575,20293.074447565545
2026-09-05 16:00:00,1977.6687513881216,21239.447440859658,20384.19605939894
2026-09-05 20:00:00,1977.3095114417524,21228.02174217818,20448.06986511616
2026-09-06 00:00:00,1977.6396238249024,21238.521032858458,20430.20868185452
2026-09-06 04:00:00,1975.1474997512505,21285.150235585555,20749.60304107797
2026-09-06 08:00:00,1968.9567428158953,21232.653782184185,20644.68304588047
2026-09-06 12:00:00,1977.7426607723025,21262.607640889673,20783.345992008733
2026-09-06 16:00:00,1971.4566641665747,21204.5527394811,20664.5951660996
2026-09-06 20:00:00,1970.8496757744856,21237.903427524325,20664.654763981038
2026-09-07 00:00:00,1977.376860380708,21371.61498236428,20837.438151313105
2026-09-07 04:00:00,1967.5951981808253,21166.87881409894,20597.717938091977
2026-09-07 08:00:00,1963.9080971298717,21095.236595339426,20499.97546612755
2026-09-07 12:00:00,1967.0168293885188,21105.118280685565,20553.652496806375
2026-09-07 16:00:00,1952.2411261777077,20930.027168458648,20298.145543425002
2026-09-07 20:00:00,1952.2411261777077,21092.14856866876,20503.948032794127
2026-09-08 00:00:00,1952.2411261777077,21009.08065122777,20405.614675500547
2026-09-08 04:00:00,1952.2411261777077,20955.348987158133,20335.75047097521
2026-09-08 08:00:00,1952.2411261777077,20866.41381904287,20267.551553729667
2026-09-08 12:00:00,1952.2411261777077,20850.97368568953,20249.51356741777
2026-09-08 16:00:00,1952.2411261777077,20960.907435165336,20439.469372929816
2026-09-08 20:00:00,1952.2411261777077,20838.312776339786,20286.72801515939
2026-09-09 00:00:00,1952.2411261777077,20843.253619012856,20303.242182153168
2026-09-09 04:00:00,1952.2411261777077,20886.794795069287,20312.64234398041
2026-09-09 08:00:00,1952.2411261777077,21032.85845659192,20498.814719144073
2026-09-09 12:00:00,1952.2411261777077,21041.81373393686,20456.434276056618
2026-09-09 16:00:00,1952.2411261777077,20875.986701721944,20290.30162427193
2026-09-09 20:00:00,1952.2411261777077,20773.155413588676,20148.584030947863
2026-09-10 00:00:00,1952.2411261777077,20783.345901601882,20078.456385993944
2026-09-10 04:00:00,1952.2411261777077,20781.493085599483,20104.31192516788
2026-09-10 08:00:00,1952.2411261777077,20720.041354853172,20028.767866645765
2026-09-10 12:00:00,1952.2411261777077,20687.308272144084,19997.508400117847
2026-09-10 16:00:00,1952.2411261777077,20515.305186587837,19775.800446570156
2026-09-10 20:00:00,1952.2411261777077,20521.79004259624,19824.491660698535
2026-09-11 00:00:00,1952.2411261777077,20361.8302610556,19640.594928704857
2026-09-11 04:00:00,1952.2411261777077,20467.44077319247,19759.94292609072
2026-09-11 08:00:00,1952.2411261777077,20545.56784796039,19846.54493890651
2026-09-11 12:00:00,1952.2411261777077,20515.613989254904,19812.883398496124
2026-09-11 16:00:00,1948.3366439253523,20686.69066680995,20197.79177067207
2026-09-11 20:00:00,1943.760940496964,20582.00656267428,20201.879000845343
2026-09-12 00:00:00,1937.3413849455956,20561.625586647868,20186.36406280502
2026-09-12 04:00:00,1936.8900099458897,20578.918536003614,20118.58651186485
2026-09-12 08:00:00,1939.8903261204036,20583.241773342546,20138.61085699245
2026-09-12 12:00:00,1943.224010758752,20610.7252107115,20213.8705595344
2026-09-12 16:00:00,1942.840489517172,20615.97485605164,20208.743156049415
2026-09-12 20:00:00,1938.7191112518863,20543.097426623855,20082.12429802301
2026-09-13 00:00:00,1940.2738473619834,20586.02099734615,20154.056224940676
2026-09-13 04:00:00,1939.064280369308,20566.25762665387,20125.73531288603
2026-09-13 08:00:00,1938.2293841280227,20540.318202620252,20025.431928665752
2026-09-13 12:00:00,1925.1834783718255,20452.000639839127,19861.783320541414
2026-09-13 16:00:00,1925.1834783718255,20536.921373282516,19939.642854709844
2026-09-13 20:00:00,1925.1834783718255,20576.13931200001,20044.24267983693
2026-09-14 00:00:00,1925.1834783718255,20470.52879986314,19814.877343988926
2026-09-14 04:00:00,1921.333111415082,20700.895589495027,20120.61608052795
2026-09-14 08:00:00,1925.1814106289644,20825.03426165591,20262.79844255567
2026-09-14 12:00:00,1924.1666849656021,20792.301178946822,20207.53178635161
2026-09-14 16:00:00,1930.9155679153214,21010.00705922897,20343.123893716613
2026-09-14 20:00:00,1930.6459422108614,21126.116862046114,20550.22933387065
2026-09-15 00:00:00,1918.5740610339894,20895.132467080093,20361.51482337255
2026-09-15 04:00:00,1910.0498071416087,20789.521954943222,20225.96915174408
2026-09-15 08:00:00,1888.8888225661622,20577.99212800241,20010.487034386257
2026-09-15 12:00:00,1888.8888225661622,20582.315365341346,20053.983840725417
2026-09-15 16:00:00,1888.8888225661622,20462.191127852333,19797.2390502305
2026-09-15 20:00:00,1888.8888225661622,20379.123210411344,19613.01133098087
2026-09-16 00:00:00,1888.8888225661622,20232.750746221645,19446.4242643442
2026-09-16 04:00:00,1888.8888225661622,20279.68875161581,19498.669116183955
2026-09-16 08:00:00,1888.8888225661622,20246.02926090552,19438.92119123647
2026-09-16 12:00:00,1888.8888225661622,20399.504186437756,19646.821604529316
2026-09-16 16:00:00,1888.8888225661622,20274.130303608606,19468.487221156865
2026-09-16 20:00:00,1888.8888225661622,20461.882325185266,19721.07935301411
2026-09-17 00:00:00,1888.8888225661622,20508.82033057943,19811.432391871218
2026-09-17 04:00:00,1888.8888225661622,20579.844944004813,19995.518778456193
2026-09-17 08:00:00,1888.8888225661622,20565.948823986804,19998.916404651594
2026-09-17 12:00:00,1888.8888225661622,20569.03685065747,20002.32400793551
2026-09-17 16:00:00,1888.8888225661622,20639.44385874872,20168.198406883097
2026-09-17 20:00:00,1888.8888225661622,20582.624168008413,20091.48621179598
2026-09-18 00:00:00,1888.8888225661622,20543.406229290922,20141.084353032027
2026-09-18 04:00:00,1885.1110449210296,20779.949072264146,20547.41827367818
2026-09-18 08:00:00,1888.4035685716954,20903.470139090896,20718.97074485132
2026-09-18 12:00:00,1889.2086118792076,21018.96233657391,20805.688178103686
2026-09-18 16:00:00,1962.7483816057747,21737.23734017146,21684.970579443434
2026-09-18 20:00:00,1994.05680593229,21825.863705619653,22055.175999129497
2026-09-19 00:00:00,1974.8277796228967,21722.41481215225,21830.67561587075
2026-09-19 04:00:00,1981.2488218591188,21778.616897558422,21907.339214021766
2026-09-19 08:00:00,1972.4851085502287,21770.279225547616,21749.41056237287
2026-09-19 12:00:00,1979.5959225431807,21835.12778563166,21818.05692969465
2026-09-19 16:00:00,1982.6833243009037,21937.65027109786,21844.96210402634
2026-09-19 20:00:00,1975.3478595590695,21856.435169659275,21756.191623620565
2026-09-20 00:00:00,1972.4122051446452,21811.967585601644,21723.70156031871
2026-09-20 04:00:00,1943.4216935981653,21621.745142688447,21396.658271547
2026-09-20 08:00:00,1936.0574976811063,21568.32228128588,21316.379468105326
2026-09-20 12:00:00,1938.3744174634294,21617.113102682444,21341.48466577255
2026-09-20 16:00:00,1953.805818816205,21750.207052188267,21473.82419115307
2026-09-20 20:00:00,1971.0647208413347,21824.31969228432,21688.184945798195
2026-09-21 00:00:00,1978.7515620210834,21834.818982964593,21781.70195371618
2026-09-21 04:00:00,1989.054912851158,21908.31401772651,21879.312092276465
2026-09-21 08:00:00,1993.4438787404797,21984.27947382496,21948.72918997275
2026-09-21 12:00:00,2061.178593039754,22816.502661570186,22758.894193319917
2026-09-21 16:00:00,2087.9192810981954,23138.58384332094,23050.885725602617
2026-09-21 20:00:00,2098.232320226268,23310.895731544253,23166.71975082992
2026-09-22 00:00:00,2104.3867842005984,23324.483048895196,23234.04596014687
2026-09-22 04:00:00,2074.0630412758946,23060.147965885953,22881.57162648563
2026-09-22 08:00:00,2069.620064133455,23016.297987162456,22835.61620659488
2026-09-22 12:00:00,2081.982650081626,23160.200030015618,22982.541465754333
2026-09-22 16:00:00,2092.1528189317323,23342.393603585075,23095.077350346775
2026-09-22 20:00:00,2095.019741781746,23258.399278142886,23142.95140857727
2026-09-23 00:00:00,2096.7047941890396,23247.591184795547,23167.831692081832
2026-09-23 04:00:00,2112.978713939137,23423.608705023664,23339.273635297286
2026-09-23 08:00:00,2096.0589724566107,23299.161230195714,23155.549922833183
2026-09-23 12:00:00,2084.253889767477,23176.257768703097,23022.583074242397
2026-09-23 16:00:00,2032.0775091185765,22766.167826838286,22482.10147083025
2026-09-23 20:00:00,2041.9927100035366,22931.9948590532,22652.78055102126
2026-09-24 00:00:00,2044.0963019038286,22903.585013683045,22699.729981622077
2026-09-24 04:00:00,2038.4578198605846,22780.681552190432,22617.513924591964
2026-09-24 08:00:00,2046.7640232315239,22910.378672358518,22750.354190918708
2026-09-24 12:00:00,2023.460849127277,22670.439000047554,22420.097609931716
2026-09-24 16:00:00,2031.1013094202594,22923.657187042394,22846.398052181517
2026-09-24 20:00:00,2026.2843532756451,22901.42339501358,22948.892602714302
2026-09-25 00:00:00,2026.2843532756451,22910.378672358518,22916.261894087475
2026-09-25 04:00:00,2026.2843532756451,22875.175168312893,22881.551936704644
2026-09-25 08:00:00,2026.2843532756451,22785.6223948635,22770.552557793137
2026-09-25 12:00:00,2022.2317845690939,22907.290645687848,23292.1433324703
2026-09-25 16:00:00,2018.8721751490018,22700.084056085976,23122.462828674496
2026-09-25 20:00:00,2029.390876369404,22767.711840173622,23339.97722144876
2026-09-26 00:00:00,2030.4491214618806,22797.665698879107,23367.09059566974
2026-09-26 04:00:00,2021.9512858698831,22759.682970829883,23200.367244754627
2026-09-26 08:00:00,2022.5186582387414,22797.974501546174,23226.121610899463
2026-09-26 12:00:00,2025.820892924904,22828.23716291873,23294.70390609825
2026-09-26 16:00:00,2029.0785028180103,22822.36991224446,23354.45196699413
2026-09-26 20:00:00,2025.0941462951305,22789.945632202438,23261.987076514015
2026-09-27 00:00:00,2026.515764702494,22902.658605681845,23341.340480466715
2026-09-27 04:00:00,2021.7281619046018,22881.968826988366,23247.98755240367
2026-09-27 08:00:00,2035.4915595839595,22995.608208468973,23701.705870344398
2026-09-27 12:00:00,2031.8829070018269,23028.9588965122,23653.49973189572
2026-09-27 16:00:00,2011.5749067493289,22914.701909697455,23375.041437619657
2026-09-27 20:00:00,2021.2238218444531,22983.873707120434,23528.885772684996
2026-09-28 00:00:00,2009.1839979027263,22923.348384375327,23401.799352904378
2026-09-28 04:00:00,1979.083098754332,22600.64959729044,23016.311176928626
2026-09-28 08:00:00,1979.083098754332,22500.597533160773,22805.84559747213
2026-09-28 12:00:00,1979.083098754332,22551.24117055974,22927.620607851823
2026-09-28 16:00:00,1979.083098754332,22644.808378681006,22984.310899549586
2026-09-28 20:00:00,1979.083098754332,22651.602037356475,22950.799482786024
2026-09-29 00:00:00,1979.083098754332,22667.04217070982,23014.45244356869
2026-09-29 04:00:00,1979.083098754332,22574.710173256826,22864.301914524487
2026-09-29 08:00:00,1975.1249325568233,22846.76532294274,23210.10573640599
2026-09-29 12:00:00,1979.833149463937,22944.346965735873,23324.63195171889
2026-09-29 16:00:00,1962.8718325737796,22629.36824532766,22978.397198052735
2026-09-29 20:00:00,1962.8718325737796,22757.830154827483,23084.21458260184
2026-09-30 00:00:00,1962.8718325737796,22782.53436819283,23116.605341119557
2026-09-30 04:00:00,1962.8718325737796,22691.74638407517,23081.459670838387
2026-09-30 08:00:00,1962.8718325737796,22663.02773603795,22987.50470560067
2026-09-30 12:00:00,1962.8718325737796,22814.34104290072,23163.017809688987
2026-09-30 16:00:00,1962.8718325737796,22891.232907000373,23162.266264200418
2026-09-30 20:00:00,1962.8718325737796,22781.299157524565,22929.73312785253
2026-10-01 00:00:00,1962.8718325737796,22782.225565525765,23032.76636597827
2026-10-01 04:00:00,1962.8718325737796,22819.590688240856,23111.947462416247
